cluster_repr	member	best_repr	member_quality	best_repr_quality	quality_diff_vs_mmseqs	member_tier	member_ID	n_bb_pos	n_bb_types	max_potenci_off	max_lacs_off
10004_1_1_1	10004_1_1_1	10004_1_1_1	3001316.0	3001316.0	0.0	moderate	10004_1_1_1	188.0	7.0	0.0	0.49
10005_1_1_1	10005_1_1_1	10005_1_1_1	3000364.0	3000364.0	0.0	moderate	10005_1_1_1	52.0	7.0	0.0	1.83
10006_1_1_1	10006_1_1_1	10006_1_1_1	3000756.0	3000756.0	0.0	moderate	10006_1_1_1	108.0	7.0	0.0	1.2
10009_1_1_1	10009_1_1_1	10009_1_1_1	3000462.0	3000462.0	0.0	moderate	10009_1_1_1	66.0	7.0	0.0	0.52
10012_1_1_1	10012_1_1_1	10012_1_1_1	2000297.4038978575	2000297.4038978575	0.0	tolerant	10012_1_1_1	50.0	6.0	2.5961021425	1.18
10016_1_1_1	10016_1_1_1	10016_1_1_1	2000897.018849428	2000897.018849428	0.0	tolerant	10016_1_1_1	225.0	4.0	2.9811505723	3.78
10022_1_1_1	10022_1_1_1	10022_1_1_1	1000080.0	1000080.0	0.0	unfiltered	10022_1_1_1	20.0	4.0	0.0	0.0
10023_1_1_1	10023_1_1_1	10023_1_1_1	3001767.5146466903	3001767.5146466903	0.0	moderate	10023_1_1_1	295.0	6.0	2.4853533095	0.53
10024_1_1_1	7320_1_1_1	7320_1_1_1	3000490.0	3000490.0	0.0	moderate	7320_1_1_1	70.0	7.0	0.0	3.54
10024_1_1_1	10024_1_1_1	7320_1_1_1	3000420.0	3000490.0	70.0	moderate	10024_1_1_1	70.0	6.0	0.0	1.09
10025_1_1_1	10025_1_1_1	10025_1_1_1	4000679.0	4000679.0	0.0	strict	10025_1_1_1	97.0	7.0	0.0	0.29
10026_1_1_1	10026_1_1_1	10026_1_1_1	3000865.637355816	3000865.637355816	0.0	moderate	10026_1_1_1	124.0	7.0	2.3626441841	0.53
10027_1_1_1	10027_1_1_1	10027_1_1_1	2000627.4209610028	2000627.4209610028	0.0	tolerant	10027_1_1_1	105.0	6.0	2.5790389972	0.59
10028_1_1_1	10028_1_1_1	10028_1_1_1	4000301.0	4000301.0	0.0	strict	10028_1_1_1	43.0	7.0	0.0	1.42
10031_1_1_1	10031_1_1_1	10031_1_1_1	3000854.0	3000854.0	0.0	moderate	10031_1_1_1	122.0	7.0	0.0	0.79
10032_1_1_1	10032_1_1_1	10032_1_1_1	3000837.3107868712	3000837.3107868712	0.0	moderate	10032_1_1_1	120.0	7.0	2.6892131286	0.6
10033_1_1_1	10033_1_1_1	10033_1_1_1	3000607.0372417597	3000607.0372417597	0.0	moderate	10033_1_1_1	87.0	7.0	1.9627582405	0.26
10034_1_1_1	10034_1_1_1	10034_1_1_1	3000942.8518471755	3000942.8518471755	0.0	moderate	10034_1_1_1	135.0	7.0	2.1481528244	0.75
10035_1_1_1	10035_1_1_1	10035_1_1_1	3001019.1779699726	3001019.1779699726	0.0	moderate	10035_1_1_1	146.0	7.0	2.8220300276	0.9
10036_1_1_1	10036_1_1_1	10036_1_1_1	3001040.3452384886	3001040.3452384886	0.0	moderate	10036_1_1_1	149.0	7.0	2.6547615114	0.76
10037_1_1_1	10037_1_1_1	10037_1_1_1	3000690.108174009	3000690.108174009	0.0	moderate	10037_1_1_1	99.0	7.0	2.8918259914	0.69
10040_1_1_1	10040_1_1_1	10040_1_1_1	2000558.0	2000558.0	0.0	tolerant	10040_1_1_1	93.0	6.0	0.0	0.83
10041_1_1_1	10041_1_1_1	10041_1_1_1	3000816.55014069	3000816.55014069	0.0	moderate	10041_1_1_1	117.0	7.0	2.4498593098	0.96
10042_1_1_1	10042_1_1_1	10042_1_1_1	2000699.8138213896	2000699.8138213896	0.0	tolerant	10042_1_1_1	117.0	6.0	2.1861786101	0.61
10043_1_1_1	10043_1_1_1	10043_1_1_1	3000676.5284112506	3000676.5284112506	0.0	moderate	10043_1_1_1	97.0	7.0	2.4715887495	1.27
10044_1_1_1	10044_1_1_1	10044_1_1_1	3000494.4812926673	3000494.4812926673	0.0	moderate	10044_1_1_1	71.0	7.0	2.5187073327	1.15
10046_1_1_1	10046_1_1_1	10046_1_1_1	3000742.0	3000742.0	0.0	moderate	10046_1_1_1	106.0	7.0	0.0	1.62
10049_1_1_1	10049_1_1_1	10049_1_1_1	3000676.2330190702	3000676.2330190702	0.0	moderate	10049_1_1_1	97.0	7.0	2.7669809299	0.73
10050_1_1_1	10050_1_1_1	10050_1_1_1	3000602.0	3000602.0	0.0	moderate	10050_1_1_1	86.0	7.0	0.0	1.25
10052_1_1_1	10052_1_1_1	10052_1_1_1	1000872.3807324424	1000872.3807324424	0.0	unfiltered	10052_1_1_1	175.0	5.0	2.6192675577	3.08
10053_1_1_1	10053_1_1_1	10053_1_1_1	3002350.0	3002350.0	0.0	moderate	10053_1_1_1	470.0	5.0	0.0	2.74
10054_1_1_1	10054_1_1_1	10054_1_1_1	3000609.0	3000609.0	0.0	moderate	10054_1_1_1	87.0	7.0	0.0	0.92
10055_1_1_1	10055_1_1_1	10055_1_1_1	3001033.4802090735	3001033.4802090735	0.0	moderate	10055_1_1_1	148.0	7.0	2.5197909263	0.91
10056_1_1_1	10056_1_1_1	10056_1_1_1	3000655.4312114455	3000655.4312114455	0.0	moderate	10056_1_1_1	94.0	7.0	2.5687885544	0.42
10058_1_1_1	10058_1_1_1	10058_1_1_1	3000700.0	3000700.0	0.0	moderate	10058_1_1_1	100.0	7.0	0.0	0.2
10059_1_1_1	10059_1_1_1	10059_1_1_1	2000814.0071110807	2000814.0071110807	0.0	tolerant	10059_1_1_1	136.0	6.0	1.9928889192	0.81
10060_1_1_1	10060_1_1_1	10060_1_1_1	3000662.176668406	3000662.176668406	0.0	moderate	10060_1_1_1	95.0	7.0	2.8233315941	1.07
10065_1_1_1	10065_1_1_1	10065_1_1_1	3000637.0	3000637.0	0.0	moderate	10065_1_1_1	91.0	7.0	0.0	0.33
10067_1_1_1	10067_1_1_1	10067_1_1_1	3000770.0	3000770.0	0.0	moderate	10067_1_1_1	110.0	7.0	0.0	2.74
10068_1_1_1	10068_1_1_1	10068_1_1_1	3000966.0	3000966.0	0.0	moderate	10068_1_1_1	138.0	7.0	0.0	0.63
10069_1_1_1	10069_1_1_1	10069_1_1_1	2000516.0	2000516.0	0.0	tolerant	10069_1_1_1	86.0	6.0	0.0	0.85
10070_1_1_1	10070_1_1_1	10070_1_1_1	3000637.0	3000637.0	0.0	moderate	10070_1_1_1	91.0	7.0	0.0	0.54
10072_1_1_1	10072_1_1_1	10072_1_1_1	3000602.0	3000602.0	0.0	moderate	10072_1_1_1	86.0	7.0	0.0	1.44
10072_1_1_1	10071_1_1_1	10072_1_1_1	2000513.1233781148	3000602.0	1000088.8766218852	tolerant	10071_1_1_1	103.0	5.0	1.8766218852	1.89
10073_1_1_1	10073_1_1_1	10073_1_1_1	3000924.0	3000924.0	0.0	moderate	10073_1_1_1	132.0	7.0	0.0	1.24
10074_1_1_1	10074_1_1_1	10074_1_1_1	3000882.0	3000882.0	0.0	moderate	10074_1_1_1	126.0	7.0	0.0	0.85
10075_1_1_1	10075_1_1_1	10075_1_1_1	2000545.0	2000545.0	0.0	tolerant	10075_1_1_1	109.0	5.0	0.0	0.85
10076_1_1_1	10076_1_1_1	10076_1_1_1	3000865.373026708	3000865.373026708	0.0	moderate	10076_1_1_1	124.0	7.0	2.6269732919	0.38
10077_1_1_1	10077_1_1_1	10077_1_1_1	2000574.1035346696	2000574.1035346696	0.0	tolerant	10077_1_1_1	96.0	6.0	1.8964653304	0.52
10078_1_1_1	10078_1_1_1	10078_1_1_1	3000885.0	3000885.0	0.0	moderate	10078_1_1_1	177.0	5.0	0.0	1.31
10080_1_1_1	10080_1_1_1	10080_1_1_1	3000896.0	3000896.0	0.0	moderate	10080_1_1_1	128.0	7.0	0.0	0.45
10082_1_1_1	10082_1_1_1	10082_1_1_1	2000585.91875	2000585.91875	0.0	tolerant	10082_1_1_1	98.0	6.0	2.08125	0.7
10084_1_1_1	10084_1_1_1	10084_1_1_1	2000771.1653597008	2000771.1653597008	0.0	tolerant	10084_1_1_1	129.0	6.0	2.8346402994	0.63
10086_1_1_1	10086_1_1_1	10086_1_1_1	3000672.0	3000672.0	0.0	moderate	10086_1_1_1	96.0	7.0	0.0	0.23
10087_1_1_1	10087_1_1_1	10087_1_1_1	3000539.0	3000539.0	0.0	moderate	10087_1_1_1	77.0	7.0	0.0	0.78
10089_1_1_1	10089_1_1_1	10089_1_1_1	3001070.051974016	3001070.051974016	0.0	moderate	10089_1_1_1	153.0	7.0	0.9480259839	0.69
10089_1_1_1	4683_1_1_1	10089_1_1_1	2000999.4732501183	3001070.051974016	1000070.5787238975	tolerant	4683_1_1_1	167.0	6.0	2.5267498815	1.64
10090_1_1_1	10090_1_1_1	10090_1_1_1	2000663.427703216	2000663.427703216	0.0	tolerant	10090_1_1_1	133.0	5.0	1.572296784	1.24
10091_1_1_1	10091_1_1_1	10091_1_1_1	3000637.0	3000637.0	0.0	moderate	10091_1_1_1	91.0	7.0	0.0	1.27
10092_1_1_1	10092_1_1_1	10092_1_1_1	3000826.0	3000826.0	0.0	moderate	10092_1_1_1	118.0	7.0	0.0	0.42
10093_1_1_1	10094_1_1_1	10094_1_1_1	3000714.0	3000714.0	0.0	moderate	10094_1_1_1	102.0	7.0	0.0	0.26
10093_1_1_1	10093_1_1_1	10094_1_1_1	3000676.808983388	3000714.0	37.1910166121088	moderate	10093_1_1_1	97.0	7.0	2.1910166119	0.6
10095_1_1_1	10095_1_1_1	10095_1_1_1	4000560.0	4000560.0	0.0	strict	10095_1_1_1	80.0	7.0	0.0	1.67
10096_1_1_1	10096_1_1_1	10096_1_1_1	3000850.0	3000850.0	0.0	moderate	10096_1_1_1	170.0	5.0	0.0	2.0
10097_1_1_1	10097_1_1_1	10097_1_1_1	3000684.4921579896	3000684.4921579896	0.0	moderate	10097_1_1_1	98.0	7.0	1.5078420105	1.15
10097_1_1_1	6152_1_1_1	10097_1_1_1	3000658.0	3000684.4921579896	26.49215798964724	moderate	6152_1_1_1	94.0	7.0	0.0	1.01
10099_1_1_1	10099_1_1_1	10099_1_1_1	3000803.258210738	3000803.258210738	0.0	moderate	10099_1_1_1	115.0	7.0	1.7417892618	0.47
10101_1_1_1	10101_1_1_1	10101_1_1_1	3000854.0	3000854.0	0.0	moderate	10101_1_1_1	122.0	7.0	0.0	0.47
10104_1_1_1	10104_1_1_1	10104_1_1_1	2000582.6265511017	2000582.6265511017	0.0	tolerant	10104_1_1_1	117.0	5.0	2.3734488985	2.19
10105_1_1_1	10105_1_1_1	10105_1_1_1	3000560.0	3000560.0	0.0	moderate	10105_1_1_1	80.0	7.0	0.0	0.42
10106_1_1_1	10106_1_1_1	10106_1_1_1	3000669.3386702444	3000669.3386702444	0.0	moderate	10106_1_1_1	96.0	7.0	2.6613297555	1.23
10107_1_1_1	10107_1_1_1	10107_1_1_1	3000791.0	3000791.0	0.0	moderate	10107_1_1_1	113.0	7.0	0.0	0.19
10111_1_1_1	10111_1_1_1	10111_1_1_1	2000594.0	2000594.0	0.0	tolerant	10111_1_1_1	99.0	6.0	0.0	1.02
10112_1_1_1	10112_1_1_1	10112_1_1_1	2000555.2719432616	2000555.2719432616	0.0	tolerant	10112_1_1_1	93.0	6.0	2.7280567381	1.29
10113_1_1_1	10113_1_1_1	10113_1_1_1	3000879.002141356	3000879.002141356	0.0	moderate	10113_1_1_1	126.0	7.0	2.997858644	0.8
10114_1_1_1	10114_1_1_1	10114_1_1_1	3000802.1676381435	3000802.1676381435	0.0	moderate	10114_1_1_1	115.0	7.0	2.8323618565	0.93
10115_1_1_1	10115_1_1_1	10115_1_1_1	3000896.0	3000896.0	0.0	moderate	10115_1_1_1	128.0	7.0	0.0	0.56
10118_1_1_1	10118_1_1_1	10118_1_1_1	2000288.0	2000288.0	0.0	tolerant	10118_1_1_1	72.0	4.0	0.0	0.46
10119_1_1_1	10119_1_1_1	10119_1_1_1	3000564.315625828	3000564.315625828	0.0	moderate	10119_1_1_1	81.0	7.0	2.684374172	0.79
10121_1_1_1	10121_1_1_1	10121_1_1_1	3000753.468982166	3000753.468982166	0.0	moderate	10121_1_1_1	108.0	7.0	2.5310178339	1.09
10123_1_1_1	10123_1_1_1	10123_1_1_1	4000651.0	4000651.0	0.0	strict	10123_1_1_1	93.0	7.0	0.0	0.57
10123_1_1_1	18478_1_1_1	10123_1_1_1	4000651.0	4000651.0	0.0	strict	18478_1_1_1	93.0	7.0	0.0	0.72
10123_1_1_1	5902_1_1_1	10123_1_1_1	3000690.5668518357	4000651.0	999960.4331481643	moderate	5902_1_1_1	99.0	7.0	2.4331481644	0.3
10123_1_1_1	18878_1_1_1	10123_1_1_1	3000651.0	4000651.0	1000000.0	moderate	18878_1_1_1	93.0	7.0	0.0	0.72
10125_1_1_1	10125_1_1_1	10125_1_1_1	3000851.3395124036	3000851.3395124036	0.0	moderate	10125_1_1_1	122.0	7.0	2.6604875963	0.89
10126_1_1_1	10126_1_1_1	10126_1_1_1	3000809.334164101	3000809.334164101	0.0	moderate	10126_1_1_1	116.0	7.0	2.6658358989	0.71
10127_1_1_1	10127_1_1_1	10127_1_1_1	3000669.4093077467	3000669.4093077467	0.0	moderate	10127_1_1_1	96.0	7.0	2.5906922535	0.99
10128_1_1_1	10128_1_1_1	10128_1_1_1	3000837.308674965	3000837.308674965	0.0	moderate	10128_1_1_1	120.0	7.0	2.6913250348	0.55
10129_1_1_1	10129_1_1_1	10129_1_1_1	4000805.0	4000805.0	0.0	strict	10129_1_1_1	115.0	7.0	0.0	0.63
10130_1_1_1	10130_1_1_1	10130_1_1_1	3000732.210330948	3000732.210330948	0.0	moderate	10130_1_1_1	105.0	7.0	2.7896690519	0.74
10131_1_1_1	10131_1_1_1	10131_1_1_1	2000714.0	2000714.0	0.0	tolerant	10131_1_1_1	119.0	6.0	0.0	0.38
10138_1_1_1	10138_1_1_1	10138_1_1_1	3000581.0	3000581.0	0.0	moderate	10138_1_1_1	83.0	7.0	0.0	0.53
10139_1_1_1	10139_1_1_1	10139_1_1_1	3000755.0	3000755.0	0.0	moderate	10139_1_1_1	151.0	5.0	0.0	0.44
10141_1_1_1	10141_1_1_1	10141_1_1_1	4000875.0	4000875.0	0.0	strict	10141_1_1_1	125.0	7.0	0.0	0.81
10143_1_1_1	10143_1_1_1	10143_1_1_1	2000658.1149211507	2000658.1149211507	0.0	tolerant	10143_1_1_1	110.0	6.0	1.8850788492	1.12
10147_1_1_1	10147_1_1_1	10147_1_1_1	4000840.0	4000840.0	0.0	strict	10147_1_1_1	120.0	7.0	0.0	0.26
10149_1_1_1	10149_1_1_1	10149_1_1_1	4000805.0	4000805.0	0.0	strict	10149_1_1_1	115.0	7.0	0.0	0.18
10149_1_1_1	11143_1_1_1	10149_1_1_1	4000798.0	4000805.0	7.0	strict	11143_1_1_1	114.0	7.0	0.0	2.46
10150_1_1_1	10150_1_1_1	10150_1_1_1	3000382.855873584	3000382.855873584	0.0	moderate	10150_1_1_1	55.0	7.0	2.1441264162	0.39
10160_1_1_1	10320_1_1_1	10320_1_1_1	2000607.6614481765	2000607.6614481765	0.0	tolerant	10320_1_1_1	122.0	5.0	2.3385518238	1.86
10160_1_1_1	10160_1_1_1	10320_1_1_1	2000432.0	2000607.6614481765	175.66144817648456	tolerant	10160_1_1_1	108.0	4.0	0.0	1.5
10161_1_1_1	10161_1_1_1	10161_1_1_1	4000686.0	4000686.0	0.0	strict	10161_1_1_1	98.0	7.0	0.0	1.32
10161_1_1_1	10331_1_1_1	10161_1_1_1	2000639.51346331	4000686.0	2000046.48653669	tolerant	10331_1_1_1	107.0	6.0	2.48653669	1.4
10163_1_1_1	10163_1_1_1	10163_1_1_1	4000665.0	4000665.0	0.0	strict	10163_1_1_1	95.0	7.0	0.0	1.72
10164_1_1_1	10164_1_1_1	10164_1_1_1	4000994.0	4000994.0	0.0	strict	10164_1_1_1	142.0	7.0	0.0	0.7
10164_1_1_1	15593_1_1_1	10164_1_1_1	2000927.837672503	4000994.0	2000066.162327497	tolerant	15593_1_1_1	155.0	6.0	2.162327497	0.72
10165_1_1_1	10165_1_1_1	10165_1_1_1	3001047.4565321477	3001047.4565321477	0.0	moderate	10165_1_1_1	150.0	7.0	2.5434678523	1.31
10193_1_1_1	10193_1_1_1	10193_1_1_1	4000448.0	4000448.0	0.0	strict	10193_1_1_1	64.0	7.0	0.0	0.44
10211_1_1_1	10211_1_1_1	10211_1_1_1	2000466.3629556685	2000466.3629556685	0.0	tolerant	10211_1_1_1	78.0	6.0	1.6370443315	0.79
10213_1_1_1	10213_1_1_1	10213_1_1_1	3000600.064536239	3000600.064536239	0.0	moderate	10213_1_1_1	86.0	7.0	1.935463761	0.19
10214_1_1_1	10214_1_1_1	10214_1_1_1	3000382.3747778772	3000382.3747778772	0.0	moderate	10214_1_1_1	55.0	7.0	2.6252221228	0.79
10214_1_1_1	10215_1_1_1	10214_1_1_1	2000261.5215058224	3000382.3747778772	1000120.8532720548	tolerant	10215_1_1_1	44.0	6.0	2.4784941778	2.32
10237_1_1_1	10237_1_1_1	10237_1_1_1	3001159.073293521	3001159.073293521	0.0	moderate	10237_1_1_1	166.0	7.0	2.9267064787	1.0
10242_1_1_1	10242_1_1_1	10242_1_1_1	3000760.250126141	3000760.250126141	0.0	moderate	10242_1_1_1	109.0	7.0	2.749873859	0.94
10248_1_1_1	10248_1_1_1	10248_1_1_1	4000511.0	4000511.0	0.0	strict	10248_1_1_1	73.0	7.0	0.0	0.52
10250_1_1_1	10250_1_1_1	10250_1_1_1	4000987.0	4000987.0	0.0	strict	10250_1_1_1	141.0	7.0	0.0	0.28
10251_1_1_1	10251_1_1_1	10251_1_1_1	4000854.0	4000854.0	0.0	strict	10251_1_1_1	122.0	7.0	0.0	0.44
10251_1_1_1	10249_1_1_1	10251_1_1_1	2000731.040170913	4000854.0	2000122.959829087	tolerant	10249_1_1_1	122.0	6.0	0.9598290868	0.84
10253_1_1_1	10312_1_1_1	10312_1_1_1	4000854.0	4000854.0	0.0	strict	10312_1_1_1	122.0	7.0	0.0	1.13
10253_1_1_1	10253_1_1_1	10312_1_1_1	4000819.0	4000854.0	35.0	strict	10253_1_1_1	117.0	7.0	0.0	1.22
10255_1_1_1	10255_1_1_1	10255_1_1_1	3000711.143261777	3000711.143261777	0.0	moderate	10255_1_1_1	102.0	7.0	2.856738223	0.73
10256_1_1_1	10256_1_1_1	10256_1_1_1	4000693.0	4000693.0	0.0	strict	10256_1_1_1	99.0	7.0	0.0	0.58
10260_1_1_1	10260_1_1_1	10260_1_1_1	4000686.0	4000686.0	0.0	strict	10260_1_1_1	98.0	7.0	0.0	2.82
10261_1_1_1	10261_1_1_1	10261_1_1_1	3000459.603205128	3000459.603205128	0.0	moderate	10261_1_1_1	66.0	7.0	2.3967948718	0.65
10262_1_1_1	10262_1_1_1	10262_1_1_1	4000672.0	4000672.0	0.0	strict	10262_1_1_1	96.0	7.0	0.0	1.13
10263_1_1_1	10263_1_1_1	10263_1_1_1	4000721.0	4000721.0	0.0	strict	10263_1_1_1	103.0	7.0	0.0	0.74
10264_1_1_1	10264_1_1_1	10264_1_1_1	4001111.0917287376	4001111.0917287376	0.0	strict	10264_1_1_1	159.0	7.0	1.9082712622	0.79
10264_1_1_1	7312_1_1_1	10264_1_1_1	3000952.0	4001111.0917287376	1000159.0917287376	moderate	7312_1_1_1	136.0	7.0	0.0	0.92
10264_1_1_1	18185_1_1_1	10264_1_1_1	1000323.8951045354	4001111.0917287376	3000787.196624202	unfiltered	18185_1_1_1	164.0	2.0	4.1048954646	0.0
10265_1_1_1	10265_1_1_1	10265_1_1_1	2000749.042258388	2000749.042258388	0.0	tolerant	10265_1_1_1	125.0	6.0	0.9577416122	0.61
10267_1_1_1	18824_1_1_1	18824_1_1_1	4000798.0	4000798.0	0.0	strict	18824_1_1_1	114.0	7.0	0.0	0.61
10267_1_1_1	10267_1_1_1	18824_1_1_1	4000756.0	4000798.0	42.0	strict	10267_1_1_1	108.0	7.0	0.0	0.59
10268_1_1_1	10268_1_1_1	10268_1_1_1	2000664.1814614215	2000664.1814614215	0.0	tolerant	10268_1_1_1	111.0	6.0	1.8185385785	0.99
10269_1_1_1	10269_1_1_1	10269_1_1_1	4000406.0	4000406.0	0.0	strict	10269_1_1_1	58.0	7.0	0.0	1.43
10270_1_1_1	10270_1_1_1	10270_1_1_1	4000796.129697241	4000796.129697241	0.0	strict	10270_1_1_1	114.0	7.0	1.8703027593	0.45
10271_1_1_1	10271_1_1_1	10271_1_1_1	4000686.0	4000686.0	0.0	strict	10271_1_1_1	98.0	7.0	0.0	1.23
10273_1_1_1	10273_1_1_1	10273_1_1_1	4000581.0	4000581.0	0.0	strict	10273_1_1_1	83.0	7.0	0.0	2.82
10274_1_1_1	10274_1_1_1	10274_1_1_1	4000693.0	4000693.0	0.0	strict	10274_1_1_1	99.0	7.0	0.0	0.76
10275_1_1_1	10275_1_1_1	10275_1_1_1	4000609.0	4000609.0	0.0	strict	10275_1_1_1	87.0	7.0	0.0	0.6
10276_1_1_1	10276_1_1_1	10276_1_1_1	2000420.0	2000420.0	0.0	tolerant	10276_1_1_1	70.0	6.0	0.0	0.35
10279_1_1_1	10279_1_1_1	10279_1_1_1	2000718.296050931	2000718.296050931	0.0	tolerant	10279_1_1_1	120.0	6.0	1.7039490688	0.38
10280_1_1_1	10280_1_1_1	10280_1_1_1	2000672.0	2000672.0	0.0	tolerant	10280_1_1_1	112.0	6.0	0.0	0.88
10286_1_1_1	10286_1_1_1	10286_1_1_1	3000501.6148734987	3000501.6148734987	0.0	moderate	10286_1_1_1	72.0	7.0	2.3851265014	1.02
10297_1_1_1	10297_1_1_1	10297_1_1_1	3000403.261554542	3000403.261554542	0.0	moderate	10297_1_1_1	58.0	7.0	2.738445458	0.75
10299_1_1_1	10299_1_1_1	10299_1_1_1	4000728.0	4000728.0	0.0	strict	10299_1_1_1	104.0	7.0	0.0	0.47
10300_1_1_1	10300_1_1_1	10300_1_1_1	2000693.19998094	2000693.19998094	0.0	tolerant	10300_1_1_1	116.0	6.0	2.8000190597	1.36
10314_1_1_1	10314_1_1_1	10314_1_1_1	4000798.0	4000798.0	0.0	strict	10314_1_1_1	114.0	7.0	0.0	0.42
10314_1_1_1	10278_1_1_1	10314_1_1_1	2000718.439498342	4000798.0	2000079.560501658	tolerant	10278_1_1_1	120.0	6.0	1.5605016578	0.58
10315_1_1_1	10315_1_1_1	10315_1_1_1	2000580.0	2000580.0	0.0	tolerant	10315_1_1_1	116.0	5.0	0.0	1.04
10319_1_1_1	10319_1_1_1	10319_1_1_1	4000763.0	4000763.0	0.0	strict	10319_1_1_1	109.0	7.0	0.0	0.64
10321_1_1_1	10321_1_1_1	10321_1_1_1	2000460.0	2000460.0	0.0	tolerant	10321_1_1_1	115.0	4.0	0.0	1.77
10322_1_1_1	10330_1_1_1	10330_1_1_1	4000735.0	4000735.0	0.0	strict	10330_1_1_1	105.0	7.0	0.0	1.75
10322_1_1_1	10334_1_1_1	10330_1_1_1	4000733.5900460454	4000735.0	1.4099539546296	strict	10334_1_1_1	105.0	7.0	1.4099539545	1.39
10322_1_1_1	10322_1_1_1	10330_1_1_1	4000686.0	4000735.0	49.0	strict	10322_1_1_1	98.0	7.0	0.0	1.41
10322_1_1_1	10146_1_1_1	10330_1_1_1	4000686.0	4000735.0	49.0	strict	10146_1_1_1	98.0	7.0	0.0	1.25
10322_1_1_1	36097_1_1_1	10330_1_1_1	2000428.1160086172	4000735.0	2000306.8839913828	tolerant	36097_1_1_1	86.0	5.0	1.8839913827	1.13
10323_1_1_1	10323_1_1_1	10323_1_1_1	4000707.0	4000707.0	0.0	strict	10323_1_1_1	101.0	7.0	0.0	2.49
10323_1_1_1	10328_1_1_1	10323_1_1_1	2000552.7284607051	4000707.0	2000154.2715392949	tolerant	10328_1_1_1	111.0	5.0	2.2715392949	1.95
10324_1_1_1	10324_1_1_1	10324_1_1_1	4000651.0	4000651.0	0.0	strict	10324_1_1_1	93.0	7.0	0.0	2.67
10324_1_1_1	10142_1_1_1	10324_1_1_1	2000493.0381205787	4000651.0	2000157.9618794213	tolerant	10142_1_1_1	99.0	5.0	1.9618794213	2.71
10325_1_1_1	10325_1_1_1	10325_1_1_1	3000693.0	3000693.0	0.0	moderate	10325_1_1_1	99.0	7.0	0.0	1.06
10326_1_1_1	10326_1_1_1	10326_1_1_1	2000645.1970880984	2000645.1970880984	0.0	tolerant	10326_1_1_1	108.0	6.0	2.8029119017	1.47
10327_1_1_1	10327_1_1_1	10327_1_1_1	4000770.0	4000770.0	0.0	strict	10327_1_1_1	110.0	7.0	0.0	1.59
10329_1_1_1	10329_1_1_1	10329_1_1_1	4000609.0	4000609.0	0.0	strict	10329_1_1_1	87.0	7.0	0.0	1.97
10329_1_1_1	10159_1_1_1	10329_1_1_1	2000458.1390757633	4000609.0	2000150.8609242367	tolerant	10159_1_1_1	92.0	5.0	1.8609242367	1.62
10332_1_1_1	10332_1_1_1	10332_1_1_1	4000721.0	4000721.0	0.0	strict	10332_1_1_1	103.0	7.0	0.0	1.64
10332_1_1_1	10162_1_1_1	10332_1_1_1	3000774.0699165175	4000721.0	999946.9300834825	moderate	10162_1_1_1	111.0	7.0	2.9300834824	1.41
10332_1_1_1	15777_1_1_1	10332_1_1_1	3000679.0	4000721.0	1000042.0	moderate	15777_1_1_1	97.0	7.0	0.0	3.21
10333_1_1_1	10333_1_1_1	10333_1_1_1	4000819.0	4000819.0	0.0	strict	10333_1_1_1	117.0	7.0	0.0	1.29
10335_1_1_1	10335_1_1_1	10335_1_1_1	4000707.0	4000707.0	0.0	strict	10335_1_1_1	101.0	7.0	0.0	2.18
10336_1_1_1	10336_1_1_1	10336_1_1_1	4001181.052531304	4001181.052531304	0.0	strict	10336_1_1_1	169.0	7.0	1.947468696	0.31
10338_1_1_1	10338_1_1_1	10338_1_1_1	4000364.0	4000364.0	0.0	strict	10338_1_1_1	52.0	7.0	0.0	0.36
1065_1_1_1	1065_1_1_1	1065_1_1_1	2000082.0	2000082.0	0.0	tolerant	1065_1_1_1	41.0	2.0	0.0	0.0
1065_1_1_1	5257_1_1_1	1065_1_1_1	1000105.6073782444	2000082.0	999976.3926217556	unfiltered	5257_1_1_1	39.0	3.0	11.3926217557	0.0
1071_1_1_1	1071_1_1_1	1071_1_1_1	3000117.0	3000117.0	0.0	moderate	1071_1_1_1	39.0	3.0	0.0	0.0
1095_1_1_1	1095_1_1_1	1095_1_1_1	1000006.0	1000006.0	0.0	unfiltered	1095_1_1_1	3.0	2.0	0.0	0.0
109_1_1_1	109_1_1_1	109_1_1_1	1000003.0	1000003.0	0.0	unfiltered	109_1_1_1	3.0	1.0	0.0	0.0
11000_1_1_1	11000_1_1_1	11000_1_1_1	4000172.0	4000172.0	0.0	strict	11000_1_1_1	43.0	4.0	0.0	2.29
11009_1_1_1	11009_1_1_1	11009_1_1_1	3000669.472005679	3000669.472005679	0.0	moderate	11009_1_1_1	96.0	7.0	2.5279943212	0.76
11017_1_1_1	11017_1_1_1	11017_1_1_1	3000634.7990433997	3000634.7990433997	0.0	moderate	11017_1_1_1	91.0	7.0	2.2009566004	0.93
11018_1_1_1	18119_1_1_1	18119_1_1_1	4000448.0	4000448.0	0.0	strict	18119_1_1_1	64.0	7.0	0.0	0.66
11018_1_1_1	11018_1_1_1	18119_1_1_1	4000434.0	4000448.0	14.0	strict	11018_1_1_1	62.0	7.0	0.0	3.12
11024_1_1_1	11024_1_1_1	11024_1_1_1	3000455.0	3000455.0	0.0	moderate	11024_1_1_1	65.0	7.0	0.0	1.03
11024_1_1_1	15378_1_1_1	11024_1_1_1	3000441.0	3000455.0	14.0	moderate	15378_1_1_1	63.0	7.0	0.0	0.97
11026_1_1_1	11026_1_1_1	11026_1_1_1	3000476.0	3000476.0	0.0	moderate	11026_1_1_1	68.0	7.0	0.0	0.64
11026_1_1_1	16622_1_1_1	11026_1_1_1	2000476.0	3000476.0	1000000.0	tolerant	16622_1_1_1	68.0	7.0	0.0	0.64
11026_1_1_1	11043_1_1_1	11026_1_1_1	2000476.0	3000476.0	1000000.0	tolerant	11043_1_1_1	68.0	7.0	0.0	1.37
11026_1_1_1	34420_1_1_1	11026_1_1_1	2000360.0	3000476.0	1000116.0	tolerant	34420_1_1_1	60.0	6.0	0.0	1.05
11026_1_1_1	7305_1_1_1	11026_1_1_1	2000180.0	3000476.0	1000296.0	tolerant	7305_1_1_1	60.0	3.0	0.0	0.0
11029_1_1_1	11029_1_1_1	11029_1_1_1	2000670.0561469009	2000670.0561469009	0.0	tolerant	11029_1_1_1	112.0	6.0	1.9438530993	0.52
11030_2_1_1	11030_2_1_1	11030_2_1_1	3000753.759238701	3000753.759238701	0.0	moderate	11030_2_1_1	108.0	7.0	2.240761299	0.51
11031_1_1_1	11031_1_1_1	11031_1_1_1	2000327.4773262343	2000327.4773262343	0.0	tolerant	11031_1_1_1	66.0	5.0	2.5226737655	1.29
11032_1_1_1	11033_1_1_1	11033_1_1_1	3000635.368520045	3000635.368520045	0.0	moderate	11033_1_1_1	91.0	7.0	1.6314799549	0.64
11032_1_1_1	11032_1_1_1	11033_1_1_1	3000627.4898621025	3000635.368520045	7.878657942637801	moderate	11032_1_1_1	90.0	7.0	2.5101378975	0.85
11037_1_1_1	11037_1_1_1	11037_1_1_1	4000434.0	4000434.0	0.0	strict	11037_1_1_1	62.0	7.0	0.0	2.43
11037_1_1_1	16207_1_1_1	11037_1_1_1	4000402.0	4000434.0	32.0	strict	16207_1_1_1	67.0	6.0	0.0	3.78
11041_1_1_1	11041_1_1_1	11041_1_1_1	2001083.4687211567	2001083.4687211567	0.0	tolerant	11041_1_1_1	181.0	6.0	2.5312788434	1.13
11042_1_1_1	11042_1_1_1	11042_1_1_1	4000609.0	4000609.0	0.0	strict	11042_1_1_1	87.0	7.0	0.0	0.61
11044_1_1_1	11044_1_1_1	11044_1_1_1	2000123.0	2000123.0	0.0	tolerant	11044_1_1_1	41.0	3.0	0.0	0.0
11054_1_1_1	11054_1_1_1	11054_1_1_1	3000104.0	3000104.0	0.0	moderate	11054_1_1_1	26.0	4.0	0.0	0.0
11057_1_1_1	11057_1_1_1	11057_1_1_1	4000904.101553515	4000904.101553515	0.0	strict	11057_1_1_1	151.0	6.0	1.8984464844	0.66
11058_1_1_1	11058_1_1_1	11058_1_1_1	1000032.0	1000032.0	0.0	unfiltered	11058_1_1_1	8.0	4.0	0.0	0.0
11060_1_1_1	11060_1_1_1	11060_1_1_1	4000666.0	4000666.0	0.0	strict	11060_1_1_1	111.0	6.0	0.0	1.29
11063_1_1_1	11063_1_1_1	11063_1_1_1	3000560.0	3000560.0	0.0	moderate	11063_1_1_1	80.0	7.0	0.0	0.63
11064_1_1_1	11064_1_1_1	11064_1_1_1	1000220.0	1000220.0	0.0	unfiltered	11064_1_1_1	55.0	4.0	0.0	2.0
11065_1_1_1	11065_1_1_1	11065_1_1_1	4000749.0	4000749.0	0.0	strict	11065_1_1_1	107.0	7.0	0.0	0.41
11067_1_1_1	11067_1_1_1	11067_1_1_1	3000995.0	3000995.0	0.0	moderate	11067_1_1_1	199.0	5.0	0.0	1.22
11072_1_1_1	11072_1_1_1	11072_1_1_1	2000056.0	2000056.0	0.0	tolerant	11072_1_1_1	28.0	2.0	0.0	0.0
11075_1_1_1	11075_1_1_1	11075_1_1_1	4000456.0	4000456.0	0.0	strict	11075_1_1_1	76.0	6.0	0.0	1.08
11076_1_1_1	7248_1_1_1	7248_1_1_1	3000998.20804088	3000998.20804088	0.0	moderate	7248_1_1_1	143.0	7.0	2.7919591199	1.45
11076_1_1_1	11076_1_1_1	7248_1_1_1	3000921.30416068	3000998.20804088	76.90388019988313	moderate	11076_1_1_1	132.0	7.0	2.69583932	0.93
11077_1_1_1	11077_1_1_1	11077_1_1_1	4000558.0	4000558.0	0.0	strict	11077_1_1_1	93.0	6.0	0.0	3.11
11078_1_1_1	15356_1_1_1	15356_1_1_1	3001076.9504391328	3001076.9504391328	0.0	moderate	15356_1_1_1	154.0	7.0	1.0495608674	0.46
11078_1_1_1	11078_1_1_1	15356_1_1_1	3000828.0	3001076.9504391328	248.95043913275003	moderate	11078_1_1_1	138.0	6.0	0.0	0.48
11083_1_1_1	11083_1_1_1	11083_1_1_1	4001134.0	4001134.0	0.0	strict	11083_1_1_1	162.0	7.0	0.0	0.42
11083_1_1_1	7081_1_1_1	11083_1_1_1	3001134.0	4001134.0	1000000.0	moderate	7081_1_1_1	162.0	7.0	0.0	0.38
11085_1_1_1	11085_1_1_1	11085_1_1_1	3000763.0	3000763.0	0.0	moderate	11085_1_1_1	109.0	7.0	0.0	2.38
11085_1_1_1	7058_1_1_1	11085_1_1_1	3000763.0	3000763.0	0.0	moderate	7058_1_1_1	109.0	7.0	0.0	0.34
11088_1_1_1	11088_1_1_1	11088_1_1_1	4000735.0	4000735.0	0.0	strict	11088_1_1_1	105.0	7.0	0.0	0.49
11089_1_1_1	11089_1_1_1	11089_1_1_1	4000784.0	4000784.0	0.0	strict	11089_1_1_1	112.0	7.0	0.0	0.82
11089_1_1_1	10317_1_1_1	11089_1_1_1	3000823.138654504	4000784.0	999960.861345496	moderate	10317_1_1_1	118.0	7.0	2.861345496	0.39
11089_1_1_1	10311_1_1_1	11089_1_1_1	2000658.5890430545	4000784.0	2000125.4109569455	tolerant	10311_1_1_1	110.0	6.0	1.4109569458	1.02
11090_1_1_1	11090_1_1_1	11090_1_1_1	2000462.1848156592	2000462.1848156592	0.0	tolerant	11090_1_1_1	116.0	4.0	1.8151843406	1.47
11091_1_1_1	11091_1_1_1	11091_1_1_1	4000742.0	4000742.0	0.0	strict	11091_1_1_1	106.0	7.0	0.0	1.72
11092_1_1_1	11092_1_1_1	11092_1_1_1	4000651.0	4000651.0	0.0	strict	11092_1_1_1	93.0	7.0	0.0	0.79
11095_1_1_1	11095_1_1_1	11095_1_1_1	3000942.404367919	3000942.404367919	0.0	moderate	11095_1_1_1	135.0	7.0	2.5956320811	1.03
11096_1_1_1	11096_1_1_1	11096_1_1_1	4000735.0	4000735.0	0.0	strict	11096_1_1_1	105.0	7.0	0.0	0.53
11096_1_1_1	11119_1_1_1	11096_1_1_1	3000788.1514882725	4000735.0	999946.8485117275	moderate	11119_1_1_1	113.0	7.0	2.8485117273	0.74
11098_1_1_1	11098_1_1_1	11098_1_1_1	4000763.0	4000763.0	0.0	strict	11098_1_1_1	109.0	7.0	0.0	0.78
11098_1_1_1	11111_1_1_1	11098_1_1_1	3000788.130362947	4000763.0	999974.869637053	moderate	11111_1_1_1	113.0	7.0	2.8696370531	0.92
11099_1_1_1	11099_1_1_1	11099_1_1_1	4000742.0	4000742.0	0.0	strict	11099_1_1_1	106.0	7.0	0.0	0.3
11099_1_1_1	11112_1_1_1	11099_1_1_1	3000788.358100675	4000742.0	999953.641899325	moderate	11112_1_1_1	113.0	7.0	2.6418993249	0.41
11100_1_1_1	11100_1_1_1	11100_1_1_1	2000866.7895199656	2000866.7895199656	0.0	tolerant	11100_1_1_1	124.0	7.0	1.2104800346	0.94
11102_1_1_1	11102_1_1_1	11102_1_1_1	2000810.0	2000810.0	0.0	tolerant	11102_1_1_1	135.0	6.0	0.0	1.15
11103_1_1_1	11103_1_1_1	11103_1_1_1	4000700.0	4000700.0	0.0	strict	11103_1_1_1	100.0	7.0	0.0	1.39
11103_1_1_1	11121_1_1_1	11103_1_1_1	2000639.929189028	4000700.0	2000060.070810972	tolerant	11121_1_1_1	107.0	6.0	2.070810972	1.0
11104_1_1_1	11101_1_1_1	11101_1_1_1	4000966.0	4000966.0	0.0	strict	11101_1_1_1	138.0	7.0	0.0	1.67
11104_1_1_1	11104_1_1_1	11101_1_1_1	4000791.0	4000966.0	175.0	strict	11104_1_1_1	113.0	7.0	0.0	0.45
11104_1_1_1	6308_1_1_1	11101_1_1_1	3000660.0	4000966.0	1000306.0	moderate	6308_1_1_1	110.0	6.0	0.0	0.81
11105_1_1_1	11105_1_1_1	11105_1_1_1	4000917.0	4000917.0	0.0	strict	11105_1_1_1	131.0	7.0	0.0	0.64
11106_1_1_1	11106_1_1_1	11106_1_1_1	3000851.30900824	3000851.30900824	0.0	moderate	11106_1_1_1	122.0	7.0	2.6909917602	1.02
11107_1_1_1	11107_1_1_1	11107_1_1_1	4000791.0	4000791.0	0.0	strict	11107_1_1_1	113.0	7.0	0.0	1.29
11108_1_1_1	11108_1_1_1	11108_1_1_1	3000865.933692109	3000865.933692109	0.0	moderate	11108_1_1_1	124.0	7.0	2.0663078911	0.55
11110_1_1_1	11110_1_1_1	11110_1_1_1	4000693.0	4000693.0	0.0	strict	11110_1_1_1	99.0	7.0	0.0	0.8
11113_1_1_1	11113_1_1_1	11113_1_1_1	4000854.0	4000854.0	0.0	strict	11113_1_1_1	122.0	7.0	0.0	0.55
11114_1_1_1	11114_1_1_1	11114_1_1_1	4000798.0	4000798.0	0.0	strict	11114_1_1_1	114.0	7.0	0.0	1.51
11114_1_1_1	4302_1_1_1	11114_1_1_1	3000791.0	4000798.0	1000007.0	moderate	4302_1_1_1	113.0	7.0	0.0	1.28
11116_1_1_1	11116_1_1_1	11116_1_1_1	3000872.8669499108	3000872.8669499108	0.0	moderate	11116_1_1_1	125.0	7.0	2.1330500894	0.72
11118_1_1_1	11118_1_1_1	11118_1_1_1	4000728.0	4000728.0	0.0	strict	11118_1_1_1	104.0	7.0	0.0	0.59
11118_1_1_1	11097_1_1_1	11118_1_1_1	2000687.206910695	4000728.0	2000040.793089305	tolerant	11097_1_1_1	115.0	6.0	2.7930893051	0.5
11120_1_1_1	11120_1_1_1	11120_1_1_1	3000872.3369633276	3000872.3369633276	0.0	moderate	11120_1_1_1	125.0	7.0	2.6630366726	0.5
11122_1_1_1	11122_1_1_1	11122_1_1_1	4000965.127131021	4000965.127131021	0.0	strict	11122_1_1_1	138.0	7.0	0.8728689787	0.15
11123_1_1_1	11123_1_1_1	11123_1_1_1	3000501.6844307748	3000501.6844307748	0.0	moderate	11123_1_1_1	72.0	7.0	2.3155692252	0.69
11124_1_1_1	11124_1_1_1	11124_1_1_1	4000882.0	4000882.0	0.0	strict	11124_1_1_1	126.0	7.0	0.0	2.26
11124_1_1_1	11084_1_1_1	11124_1_1_1	2000825.5663415464	4000882.0	2000056.4336584536	tolerant	11084_1_1_1	138.0	6.0	2.4336584535	2.22
11125_1_1_1	11125_1_1_1	11125_1_1_1	4000686.0	4000686.0	0.0	strict	11125_1_1_1	98.0	7.0	0.0	2.96
11127_1_1_1	11127_1_1_1	11127_1_1_1	4000798.0	4000798.0	0.0	strict	11127_1_1_1	114.0	7.0	0.0	2.9
11128_1_1_1	11128_1_1_1	11128_1_1_1	4000784.0	4000784.0	0.0	strict	11128_1_1_1	112.0	7.0	0.0	2.77
11129_1_1_1	11129_1_1_1	11129_1_1_1	4000812.0	4000812.0	0.0	strict	11129_1_1_1	116.0	7.0	0.0	2.28
11129_1_1_1	17192_1_1_1	11129_1_1_1	3000819.0	4000812.0	999993.0	moderate	17192_1_1_1	117.0	7.0	0.0	0.25
11133_1_1_1	10030_1_1_1	10030_1_1_1	3000840.0	3000840.0	0.0	moderate	10030_1_1_1	120.0	7.0	0.0	0.55
11133_1_1_1	11133_1_1_1	10030_1_1_1	3000816.4044871796	3000840.0	23.595512820407748	moderate	11133_1_1_1	117.0	7.0	2.5955128205	2.45
11134_1_1_1	11134_1_1_1	11134_1_1_1	3000501.1120154364	3000501.1120154364	0.0	moderate	11134_1_1_1	72.0	7.0	2.8879845636	2.18
11135_1_1_1	11135_1_1_1	11135_1_1_1	4000602.0	4000602.0	0.0	strict	11135_1_1_1	86.0	7.0	0.0	2.34
11136_1_1_1	11136_1_1_1	11136_1_1_1	2000582.0	2000582.0	0.0	tolerant	11136_1_1_1	97.0	6.0	0.0	2.28
11137_1_1_1	11137_1_1_1	11137_1_1_1	4000630.0	4000630.0	0.0	strict	11137_1_1_1	90.0	7.0	0.0	2.11
11138_1_1_1	11138_1_1_1	11138_1_1_1	4000630.0	4000630.0	0.0	strict	11138_1_1_1	90.0	7.0	0.0	2.29
11139_1_1_1	11139_1_1_1	11139_1_1_1	2000437.1175474557	2000437.1175474557	0.0	tolerant	11139_1_1_1	88.0	5.0	2.8824525442	2.28
11140_1_1_1	11140_1_1_1	11140_1_1_1	2000573.406239439	2000573.406239439	0.0	tolerant	11140_1_1_1	96.0	6.0	2.5937605609	2.43
11141_1_1_1	11141_1_1_1	11141_1_1_1	4000959.0	4000959.0	0.0	strict	11141_1_1_1	137.0	7.0	0.0	2.29
11144_1_1_1	11144_1_1_1	11144_1_1_1	4000635.7322950526	4000635.7322950526	0.0	strict	11144_1_1_1	91.0	7.0	1.2677049476	0.15
11145_1_1_1	11145_1_1_1	11145_1_1_1	4000777.0	4000777.0	0.0	strict	11145_1_1_1	111.0	7.0	0.0	2.83
11148_1_1_1	11148_1_1_1	11148_1_1_1	4000784.0	4000784.0	0.0	strict	11148_1_1_1	112.0	7.0	0.0	2.95
11150_1_1_1	11150_1_1_1	11150_1_1_1	3000308.0	3000308.0	0.0	moderate	11150_1_1_1	44.0	7.0	0.0	0.27
11152_1_1_1	11152_1_1_1	11152_1_1_1	2000540.0	2000540.0	0.0	tolerant	11152_1_1_1	108.0	5.0	0.0	0.72
11154_1_1_1	11154_1_1_1	11154_1_1_1	4000434.0	4000434.0	0.0	strict	11154_1_1_1	62.0	7.0	0.0	0.7
11158_1_1_1	11158_1_1_1	11158_1_1_1	4000504.0	4000504.0	0.0	strict	11158_1_1_1	72.0	7.0	0.0	0.33
11158_1_1_1	5036_1_1_1	11158_1_1_1	3000280.0	4000504.0	1000224.0	moderate	5036_1_1_1	70.0	4.0	0.0	0.0
11158_1_1_1	51311_1_1_1	11158_1_1_1	3000220.0	4000504.0	1000284.0	moderate	51311_1_1_1	55.0	4.0	0.0	0.0
11158_1_1_1	17691_1_1_1	11158_1_1_1	2000395.0	4000504.0	2000109.0	tolerant	17691_1_1_1	79.0	5.0	0.0	0.94
11160_1_1_1	11160_1_1_1	11160_1_1_1	4000572.6682190113	4000572.6682190113	0.0	strict	11160_1_1_1	82.0	7.0	1.3317809889	0.14
11175_1_1_1	11175_1_1_1	11175_1_1_1	4001128.0	4001128.0	0.0	strict	11175_1_1_1	188.0	6.0	0.0	2.46
11177_1_1_1	11177_1_1_1	11177_1_1_1	2000376.0	2000376.0	0.0	tolerant	11177_1_1_1	188.0	2.0	0.0	0.0
11181_1_1_1	11181_1_1_1	11181_1_1_1	2000548.7004424436	2000548.7004424436	0.0	tolerant	11181_1_1_1	110.0	5.0	1.2995575565	2.66
11182_1_1_1	11182_1_1_1	11182_1_1_1	4000819.0	4000819.0	0.0	strict	11182_1_1_1	117.0	7.0	0.0	1.19
11182_1_1_1	10083_1_1_1	11182_1_1_1	2000771.2963998192	4000819.0	2000047.7036001808	tolerant	10083_1_1_1	129.0	6.0	2.7036001806	1.38
11183_1_1_1	11183_1_1_1	11183_1_1_1	3000837.6241558325	3000837.6241558325	0.0	moderate	11183_1_1_1	120.0	7.0	2.3758441676	0.87
11192_1_1_1	11192_1_1_1	11192_1_1_1	3000704.4240195015	3000704.4240195015	0.0	moderate	11192_1_1_1	101.0	7.0	2.5759804984	1.87
11196_1_1_1	11196_1_1_1	11196_1_1_1	2000411.71424666	2000411.71424666	0.0	tolerant	11196_1_1_1	69.0	6.0	2.2857533403	0.98
11199_1_1_1	30937_1_1_1	30937_1_1_1	2000653.2635295957	2000653.2635295957	0.0	tolerant	30937_1_1_1	109.0	6.0	0.7364704045	0.25
11199_1_1_1	11199_1_1_1	30937_1_1_1	2000597.5303661928	2000653.2635295957	55.73316340288147	tolerant	11199_1_1_1	100.0	6.0	2.4696338071	2.41
11201_1_1_1	11201_1_1_1	11201_1_1_1	2000729.556123939	2000729.556123939	0.0	tolerant	11201_1_1_1	122.0	6.0	2.4438760607	2.54
11214_1_1_1	11214_1_1_1	11214_1_1_1	4000511.0	4000511.0	0.0	strict	11214_1_1_1	73.0	7.0	0.0	2.92
11221_1_1_1	11221_1_1_1	11221_1_1_1	2000418.448187481	2000418.448187481	0.0	tolerant	11221_1_1_1	105.0	4.0	1.5518125193	1.52
11222_1_1_1	11222_1_1_1	11222_1_1_1	3000501.8019975624	3000501.8019975624	0.0	moderate	11222_1_1_1	72.0	7.0	2.1980024377	3.15
11229_1_1_1	11229_1_1_1	11229_1_1_1	4000686.0	4000686.0	0.0	strict	11229_1_1_1	98.0	7.0	0.0	2.63
11231_1_1_1	11231_1_1_1	11231_1_1_1	4000672.0	4000672.0	0.0	strict	11231_1_1_1	96.0	7.0	0.0	1.43
11232_1_1_1	11232_1_1_1	11232_1_1_1	4000742.0	4000742.0	0.0	strict	11232_1_1_1	106.0	7.0	0.0	1.58
11233_1_1_1	11233_1_1_1	11233_1_1_1	2000459.7826336224	2000459.7826336224	0.0	tolerant	11233_1_1_1	77.0	6.0	2.2173663778	2.99
11235_1_1_1	11235_1_1_1	11235_1_1_1	2000552.4430759384	2000552.4430759384	0.0	tolerant	11235_1_1_1	111.0	5.0	2.5569240619	2.15
11240_1_1_1	11240_1_1_1	11240_1_1_1	2000308.1766945396	2000308.1766945396	0.0	tolerant	11240_1_1_1	62.0	5.0	1.8233054605	1.72
11244_1_1_1	11244_1_1_1	11244_1_1_1	4000385.0	4000385.0	0.0	strict	11244_1_1_1	55.0	7.0	0.0	0.58
11246_1_1_1	11246_1_1_1	11246_1_1_1	4000826.0	4000826.0	0.0	strict	11246_1_1_1	118.0	7.0	0.0	1.56
11247_1_1_1	11247_1_1_1	11247_1_1_1	4000966.0	4000966.0	0.0	strict	11247_1_1_1	138.0	7.0	0.0	1.68
11248_1_1_1	11248_1_1_1	11248_1_1_1	2000670.0408695468	2000670.0408695468	0.0	tolerant	11248_1_1_1	112.0	6.0	1.9591304532	0.97
11250_1_1_1	11250_1_1_1	11250_1_1_1	4000432.0	4000432.0	0.0	strict	11250_1_1_1	72.0	6.0	0.0	1.81
11251_1_1_1	11251_1_1_1	11251_1_1_1	2000804.0	2000804.0	0.0	tolerant	11251_1_1_1	134.0	6.0	0.0	0.52
11253_1_1_1	11253_1_1_1	11253_1_1_1	2000447.6546534584	2000447.6546534584	0.0	tolerant	11253_1_1_1	90.0	5.0	2.3453465415	1.6
11254_1_1_1	11254_1_1_1	11254_1_1_1	4000650.1369170984	4000650.1369170984	0.0	strict	11254_1_1_1	93.0	7.0	0.8630829016	1.0
11255_1_1_1	11255_1_1_1	11255_1_1_1	4000812.0	4000812.0	0.0	strict	11255_1_1_1	116.0	7.0	0.0	2.32
11257_1_1_1	11257_1_1_1	11257_1_1_1	3000746.2619478633	3000746.2619478633	0.0	moderate	11257_1_1_1	107.0	7.0	2.7380521366	0.79
11257_1_1_1	7095_1_1_1	11257_1_1_1	3000714.0	3000746.2619478633	32.2619478632696	moderate	7095_1_1_1	102.0	7.0	0.0	0.88
11258_1_1_1	11258_1_1_1	11258_1_1_1	4000707.0	4000707.0	0.0	strict	11258_1_1_1	101.0	7.0	0.0	0.94
11258_1_1_1	6337_1_1_1	11258_1_1_1	3000693.0	4000707.0	1000014.0	moderate	6337_1_1_1	99.0	7.0	0.0	0.92
11260_1_1_1	11260_1_1_1	11260_1_1_1	4000385.0	4000385.0	0.0	strict	11260_1_1_1	55.0	7.0	0.0	0.42
11261_1_1_1	11261_1_1_1	11261_1_1_1	2000579.6737842015	2000579.6737842015	0.0	tolerant	11261_1_1_1	97.0	6.0	2.3262157984	1.42
11262_1_1_1	11262_1_1_1	11262_1_1_1	4000581.0	4000581.0	0.0	strict	11262_1_1_1	83.0	7.0	0.0	1.98
11262_1_1_1	16390_1_1_1	11262_1_1_1	3000546.0	4000581.0	1000035.0	moderate	16390_1_1_1	78.0	7.0	0.0	2.95
11263_1_1_1	11263_1_1_1	11263_1_1_1	4000539.0	4000539.0	0.0	strict	11263_1_1_1	77.0	7.0	0.0	1.36
11264_1_1_1	11264_1_1_1	11264_1_1_1	4000721.0	4000721.0	0.0	strict	11264_1_1_1	103.0	7.0	0.0	0.27
11265_1_1_1	11265_1_1_1	11265_1_1_1	4000546.0	4000546.0	0.0	strict	11265_1_1_1	78.0	7.0	0.0	1.04
11266_1_1_1	11266_1_1_1	11266_1_1_1	4000553.0	4000553.0	0.0	strict	11266_1_1_1	79.0	7.0	0.0	0.61
11268_1_1_1	11268_1_1_1	11268_1_1_1	4000707.0	4000707.0	0.0	strict	11268_1_1_1	101.0	7.0	0.0	1.17
11269_1_1_1	11269_1_1_1	11269_1_1_1	3000466.7616474745	3000466.7616474745	0.0	moderate	11269_1_1_1	67.0	7.0	2.2383525254	1.19
11271_1_1_1	11271_1_1_1	11271_1_1_1	4000322.0	4000322.0	0.0	strict	11271_1_1_1	46.0	7.0	0.0	0.93
11272_1_1_1	11272_1_1_1	11272_1_1_1	4000581.0	4000581.0	0.0	strict	11272_1_1_1	83.0	7.0	0.0	0.37
11273_1_1_1	11273_1_1_1	11273_1_1_1	4000364.0	4000364.0	0.0	strict	11273_1_1_1	52.0	7.0	0.0	0.53
11274_1_1_1	11274_1_1_1	11274_1_1_1	4000420.0	4000420.0	0.0	strict	11274_1_1_1	60.0	7.0	0.0	0.69
11275_1_1_1	11275_1_1_1	11275_1_1_1	3000669.0408591432	3000669.0408591432	0.0	moderate	11275_1_1_1	96.0	7.0	2.9591408566	1.32
11277_1_1_1	11277_1_1_1	11277_1_1_1	3000774.178533095	3000774.178533095	0.0	moderate	11277_1_1_1	111.0	7.0	2.8214669052	0.52
11278_1_1_1	11278_1_1_1	11278_1_1_1	4000455.0	4000455.0	0.0	strict	11278_1_1_1	65.0	7.0	0.0	0.47
11279_1_1_1	11279_1_1_1	11279_1_1_1	4000525.0	4000525.0	0.0	strict	11279_1_1_1	75.0	7.0	0.0	0.62
11280_1_1_1	11280_1_1_1	11280_1_1_1	4000567.0	4000567.0	0.0	strict	11280_1_1_1	81.0	7.0	0.0	0.69
11281_1_1_1	11281_1_1_1	11281_1_1_1	4000698.284698308	4000698.284698308	0.0	strict	11281_1_1_1	100.0	7.0	1.715301692	0.42
11282_1_1_1	11282_1_1_1	11282_1_1_1	4000371.0	4000371.0	0.0	strict	11282_1_1_1	53.0	7.0	0.0	0.36
11283_1_1_1	11283_1_1_1	11283_1_1_1	4000614.41337023	4000614.41337023	0.0	strict	11283_1_1_1	88.0	7.0	1.5866297704	0.7
11284_1_1_1	11284_1_1_1	11284_1_1_1	4000420.0	4000420.0	0.0	strict	11284_1_1_1	60.0	7.0	0.0	0.33
11285_1_1_1	11285_1_1_1	11285_1_1_1	4000595.0	4000595.0	0.0	strict	11285_1_1_1	85.0	7.0	0.0	0.25
11286_1_1_1	11286_1_1_1	11286_1_1_1	3000662.457332698	3000662.457332698	0.0	moderate	11286_1_1_1	95.0	7.0	2.542667302	0.78
11288_1_1_1	11288_1_1_1	11288_1_1_1	2000639.8286297985	2000639.8286297985	0.0	tolerant	11288_1_1_1	107.0	6.0	2.1713702014	0.79
11290_1_1_1	11290_1_1_1	11290_1_1_1	4000679.0	4000679.0	0.0	strict	11290_1_1_1	97.0	7.0	0.0	0.54
11291_1_1_1	11291_1_1_1	11291_1_1_1	4000707.0	4000707.0	0.0	strict	11291_1_1_1	101.0	7.0	0.0	0.82
11292_1_1_1	11292_1_1_1	11292_1_1_1	3000725.7668713136	3000725.7668713136	0.0	moderate	11292_1_1_1	104.0	7.0	2.2331286866	0.55
11294_1_1_1	11294_1_1_1	11294_1_1_1	2000708.1475162487	2000708.1475162487	0.0	tolerant	11294_1_1_1	142.0	5.0	1.8524837512	1.23
11295_1_1_1	11295_1_1_1	11295_1_1_1	4000980.0	4000980.0	0.0	strict	11295_1_1_1	140.0	7.0	0.0	1.63
11297_1_1_1	11297_1_1_1	11297_1_1_1	4000411.6574672046	4000411.6574672046	0.0	strict	11297_1_1_1	59.0	7.0	1.3425327952	0.98
11297_1_1_1	17402_1_1_1	11297_1_1_1	3000382.6690271148	4000411.6574672046	1000028.9884400899	moderate	17402_1_1_1	64.0	6.0	1.3309728854	1.14
11298_1_1_1	11298_1_1_1	11298_1_1_1	2000312.0	2000312.0	0.0	tolerant	11298_1_1_1	52.0	6.0	0.0	0.86
11300_1_1_1	11300_1_1_1	11300_1_1_1	3000431.202632079	3000431.202632079	0.0	moderate	11300_1_1_1	62.0	7.0	2.7973679209	0.3
11301_1_1_1	11301_1_1_1	11301_1_1_1	4000371.0	4000371.0	0.0	strict	11301_1_1_1	53.0	7.0	0.0	0.71
11304_1_1_1	11304_1_1_1	11304_1_1_1	4000777.0	4000777.0	0.0	strict	11304_1_1_1	111.0	7.0	0.0	0.7
11310_1_1_1	11310_1_1_1	11310_1_1_1	3000732.1810659124	3000732.1810659124	0.0	moderate	11310_1_1_1	105.0	7.0	2.8189340876	0.22
11311_1_1_1	11311_1_1_1	11311_1_1_1	4000980.0	4000980.0	0.0	strict	11311_1_1_1	140.0	7.0	0.0	0.59
11311_1_1_1	18466_1_1_1	11311_1_1_1	3000924.0	4000980.0	1000056.0	moderate	18466_1_1_1	132.0	7.0	0.0	0.52
11311_1_1_1	18467_1_1_1	11311_1_1_1	3000924.0	4000980.0	1000056.0	moderate	18467_1_1_1	132.0	7.0	0.0	0.48
11311_1_1_1	5522_1_1_1	11311_1_1_1	3000822.0	4000980.0	1000158.0	moderate	5522_1_1_1	137.0	6.0	0.0	0.45
11311_1_1_1	25425_1_1_1	11311_1_1_1	1000759.5464406216	4000980.0	3000220.453559378	unfiltered	25425_1_1_1	154.0	5.0	10.4535593785	1.67
11318_1_1_1	11318_1_1_1	11318_1_1_1	3000434.0	3000434.0	0.0	moderate	11318_1_1_1	62.0	7.0	0.0	1.48
11320_1_1_1	11320_1_1_1	11320_1_1_1	4000735.0	4000735.0	0.0	strict	11320_1_1_1	105.0	7.0	0.0	1.38
11322_1_1_1	11322_1_1_1	11322_1_1_1	3000487.5373657453	3000487.5373657453	0.0	moderate	11322_1_1_1	70.0	7.0	2.4626342549	1.18
11329_1_1_1	11329_1_1_1	11329_1_1_1	1000791.0	1000791.0	0.0	unfiltered	11329_1_1_1	113.0	7.0	0.0	0.79
11330_1_1_1	7351_1_1_1	7351_1_1_1	4001013.6030036905	4001013.6030036905	0.0	strict	7351_1_1_1	145.0	7.0	1.3969963095	2.59
11330_1_1_1	11330_1_1_1	7351_1_1_1	4000973.0	4001013.6030036905	40.60300369048491	strict	11330_1_1_1	139.0	7.0	0.0	0.76
11334_1_1_1	11334_1_1_1	11334_1_1_1	4000756.0	4000756.0	0.0	strict	11334_1_1_1	108.0	7.0	0.0	0.19
11346_1_1_1	11346_1_1_1	11346_1_1_1	4000301.0	4000301.0	0.0	strict	11346_1_1_1	43.0	7.0	0.0	1.4
11346_1_1_1	17237_1_1_1	11346_1_1_1	3000148.0	4000301.0	1000153.0	moderate	17237_1_1_1	37.0	4.0	0.0	0.0
11348_1_1_1	11348_1_1_1	11348_1_1_1	4001155.0	4001155.0	0.0	strict	11348_1_1_1	165.0	7.0	0.0	0.77
11351_1_1_1	11351_1_1_1	11351_1_1_1	4001127.0	4001127.0	0.0	strict	11351_1_1_1	161.0	7.0	0.0	0.58
11355_1_1_1	11355_1_1_1	11355_1_1_1	3000473.1143066287	3000473.1143066287	0.0	moderate	11355_1_1_1	68.0	7.0	2.8856933711	0.82
11367_1_1_1	11367_1_1_1	11367_1_1_1	2000267.5779348672	2000267.5779348672	0.0	tolerant	11367_1_1_1	45.0	6.0	2.4220651327	0.5
11370_1_1_1	19063_1_1_1	19063_1_1_1	4000430.0	4000430.0	0.0	strict	19063_1_1_1	86.0	5.0	0.0	10.23
11370_1_1_1	11370_1_1_1	19063_1_1_1	4000420.0	4000430.0	10.0	strict	11370_1_1_1	84.0	5.0	0.0	0.52
11370_1_1_1	11372_1_1_1	19063_1_1_1	3000497.747094088	4000430.0	999932.2529059122	moderate	11372_1_1_1	100.0	5.0	2.2529059119	0.72
11370_1_1_1	11373_1_1_1	19063_1_1_1	3000497.6107962774	4000430.0	999932.3892037226	moderate	11373_1_1_1	100.0	5.0	2.3892037226	0.78
11370_1_1_1	11371_1_1_1	19063_1_1_1	3000492.8355804016	4000430.0	999937.1644195984	moderate	11371_1_1_1	99.0	5.0	2.1644195985	0.77
11376_1_1_1	11376_1_1_1	11376_1_1_1	3000753.587148795	3000753.587148795	0.0	moderate	11376_1_1_1	108.0	7.0	2.4128512049	0.84
11390_1_1_1	11390_1_1_1	11390_1_1_1	3000683.3569184337	3000683.3569184337	0.0	moderate	11390_1_1_1	98.0	7.0	2.6430815663	0.47
11397_1_1_1	11397_1_1_1	11397_1_1_1	4000686.0	4000686.0	0.0	strict	11397_1_1_1	98.0	7.0	0.0	0.62
11399_1_1_1	34766_1_1_1	34766_1_1_1	4000831.066064294	4000831.066064294	0.0	strict	34766_1_1_1	119.0	7.0	1.933935706	0.62
11399_1_1_1	11399_1_1_1	34766_1_1_1	4000637.0	4000831.066064294	194.06606429396197	strict	11399_1_1_1	91.0	7.0	0.0	0.39
11399_1_1_1	6178_1_1_1	34766_1_1_1	3000641.426780018	4000831.066064294	1000189.6392842759	moderate	6178_1_1_1	92.0	7.0	2.5732199822	2.36
1139_1_1_1	1139_1_1_1	1139_1_1_1	2000063.0	2000063.0	0.0	tolerant	1139_1_1_1	21.0	3.0	0.0	0.0
1139_1_1_1	1140_1_1_1	1139_1_1_1	2000063.0	2000063.0	0.0	tolerant	1140_1_1_1	21.0	3.0	0.0	0.0
1139_1_1_1	1137_1_1_1	1139_1_1_1	2000038.0	2000063.0	25.0	tolerant	1137_1_1_1	19.0	2.0	0.0	0.0
1139_1_1_1	1138_1_1_1	1139_1_1_1	1000046.7485298668	2000063.0	1000016.2514701332	unfiltered	1138_1_1_1	19.0	3.0	10.2514701331	0.0
11402_1_1_1	11402_1_1_1	11402_1_1_1	4000434.0	4000434.0	0.0	strict	11402_1_1_1	62.0	7.0	0.0	1.54
11413_1_1_1	11413_1_1_1	11413_1_1_1	2000467.448830298	2000467.448830298	0.0	tolerant	11413_1_1_1	94.0	5.0	2.5511697021	1.02
11417_1_1_1	11417_1_1_1	11417_1_1_1	4000594.4542977703	4000594.4542977703	0.0	strict	11417_1_1_1	85.0	7.0	0.5457022292	0.46
11417_1_1_1	4227_1_1_1	11417_1_1_1	3000532.0	4000594.4542977703	1000062.4542977703	moderate	4227_1_1_1	76.0	7.0	0.0	0.15
11417_1_1_1	52736_1_1_1	11417_1_1_1	3000428.460434523	4000594.4542977703	1000165.9938632473	moderate	52736_1_1_1	86.0	5.0	1.5395654769	4.42
11417_1_1_1	17825_1_1_1	11417_1_1_1	3000420.0	4000594.4542977703	1000174.4542977703	moderate	17825_1_1_1	70.0	6.0	0.0	0.11
11419_1_1_1	11419_1_1_1	11419_1_1_1	3000189.0	3000189.0	0.0	moderate	11419_1_1_1	27.0	7.0	0.0	0.79
11419_1_1_1	2199_1_1_1	11419_1_1_1	2000081.0	3000189.0	1000108.0	tolerant	2199_1_1_1	27.0	3.0	0.0	0.0
11419_1_1_1	1652_1_1_1	11419_1_1_1	2000052.0	3000189.0	1000137.0	tolerant	1652_1_1_1	26.0	2.0	0.0	0.0
11419_1_1_1	11059_1_1_1	11419_1_1_1	1000044.0	3000189.0	2000145.0	unfiltered	11059_1_1_1	11.0	4.0	0.0	0.0
11422_1_1_1	11422_1_1_1	11422_1_1_1	3000963.893121934	3000963.893121934	0.0	moderate	11422_1_1_1	138.0	7.0	2.1068780662	0.68
11423_1_1_1	11423_1_1_1	11423_1_1_1	3001145.345284841	3001145.345284841	0.0	moderate	11423_1_1_1	164.0	7.0	2.6547151594	1.28
11424_1_1_1	11424_1_1_1	11424_1_1_1	3000644.0	3000644.0	0.0	moderate	11424_1_1_1	92.0	7.0	0.0	1.54
11425_1_1_1	11425_1_1_1	11425_1_1_1	3000777.0	3000777.0	0.0	moderate	11425_1_1_1	111.0	7.0	0.0	2.8
11426_1_1_1	11426_1_1_1	11426_1_1_1	2000450.0	2000450.0	0.0	tolerant	11426_1_1_1	90.0	5.0	0.0	1.24
11427_1_1_1	11427_1_1_1	11427_1_1_1	3000826.0	3000826.0	0.0	moderate	11427_1_1_1	118.0	7.0	0.0	0.44
11428_1_1_1	11428_1_1_1	11428_1_1_1	4000388.0	4000388.0	0.0	strict	11428_1_1_1	97.0	4.0	0.0	0.0
11428_1_1_1	4011_1_1_1	11428_1_1_1	3000400.0	4000388.0	999988.0	moderate	4011_1_1_1	100.0	4.0	0.0	0.0
11430_1_1_1	11431_1_1_1	11431_1_1_1	1000539.0	1000539.0	0.0	unfiltered	11431_1_1_1	77.0	7.0	0.0	0.77
11430_1_1_1	11430_1_1_1	11431_1_1_1	1000532.0	1000539.0	7.0	unfiltered	11430_1_1_1	76.0	7.0	0.0	1.97
11436_1_1_1	11434_1_1_1	11434_1_1_1	3000890.0	3000890.0	0.0	moderate	11434_1_1_1	178.0	5.0	0.0	2.19
11436_1_1_1	11436_1_1_1	11434_1_1_1	3000724.0	3000890.0	166.0	moderate	11436_1_1_1	181.0	4.0	0.0	0.22
11442_1_1_1	11442_1_1_1	11442_1_1_1	3000810.0	3000810.0	0.0	moderate	11442_1_1_1	162.0	5.0	0.0	1.29
1144_1_1_1	1144_1_1_1	1144_1_1_1	1000027.0	1000027.0	0.0	unfiltered	1144_1_1_1	9.0	3.0	0.0	0.0
11451_1_1_1	11451_1_1_1	11451_1_1_1	4000972.0	4000972.0	0.0	strict	11451_1_1_1	162.0	6.0	0.0	1.25
11451_1_1_1	4037_1_1_1	11451_1_1_1	3000820.0	4000972.0	1000152.0	moderate	4037_1_1_1	164.0	5.0	0.0	0.0
11452_1_1_1	11452_1_1_1	11452_1_1_1	3000301.0	3000301.0	0.0	moderate	11452_1_1_1	43.0	7.0	0.0	0.91
11453_1_1_1	11453_1_1_1	11453_1_1_1	4000252.0	4000252.0	0.0	strict	11453_1_1_1	63.0	4.0	0.0	1.19
11456_1_1_1	11456_1_1_1	11456_1_1_1	4000623.0	4000623.0	0.0	strict	11456_1_1_1	89.0	7.0	0.0	1.45
11457_1_1_1	11457_1_1_1	11457_1_1_1	3000760.420423358	3000760.420423358	0.0	moderate	11457_1_1_1	109.0	7.0	2.5795766419	0.44
11458_1_1_1	11458_1_1_1	11458_1_1_1	4000609.0	4000609.0	0.0	strict	11458_1_1_1	87.0	7.0	0.0	0.51
11466_1_1_1	11466_1_1_1	11466_1_1_1	3001010.0	3001010.0	0.0	moderate	11466_1_1_1	202.0	5.0	0.0	0.2
11466_1_1_1	11441_1_1_1	11466_1_1_1	3001005.0	3001010.0	5.0	moderate	11441_1_1_1	201.0	5.0	0.0	0.21
11467_1_1_1	11467_1_1_1	11467_1_1_1	3000970.0	3000970.0	0.0	moderate	11467_1_1_1	194.0	5.0	0.0	0.2
11468_1_1_1	11468_1_1_1	11468_1_1_1	2000826.0	2000826.0	0.0	tolerant	11468_1_1_1	118.0	7.0	0.0	0.42
11470_1_1_1	11470_1_1_1	11470_1_1_1	3001020.0	3001020.0	0.0	moderate	11470_1_1_1	204.0	5.0	0.0	0.48
11473_1_1_1	11473_1_1_1	11473_1_1_1	3000623.0	3000623.0	0.0	moderate	11473_1_1_1	89.0	7.0	0.0	1.04
11490_1_1_1	11490_1_1_1	11490_1_1_1	4000822.0	4000822.0	0.0	strict	11490_1_1_1	137.0	6.0	0.0	2.56
11490_1_1_1	11495_1_1_1	11490_1_1_1	4000804.0	4000822.0	18.0	strict	11495_1_1_1	134.0	6.0	0.0	1.69
11491_1_1_1	11491_1_1_1	11491_1_1_1	2000639.951682852	2000639.951682852	0.0	tolerant	11491_1_1_1	107.0	6.0	2.048317148	1.68
11494_1_1_1	11494_1_1_1	11494_1_1_1	3000925.0	3000925.0	0.0	moderate	11494_1_1_1	185.0	5.0	0.0	0.14
11494_1_1_1	11493_1_1_1	11494_1_1_1	3000845.0	3000925.0	80.0	moderate	11493_1_1_1	169.0	5.0	0.0	0.19
11497_1_1_1	11497_1_1_1	11497_1_1_1	2000526.1300313312	2000526.1300313312	0.0	tolerant	11497_1_1_1	88.0	6.0	1.8699686685	1.59
11499_1_1_1	11499_1_1_1	11499_1_1_1	2000627.3963611128	2000627.3963611128	0.0	tolerant	11499_1_1_1	105.0	6.0	2.6036388875	1.18
114_1_1_1	114_1_1_1	114_1_1_1	2000105.0	2000105.0	0.0	tolerant	114_1_1_1	35.0	3.0	0.0	0.0
11500_1_1_1	11500_1_1_1	11500_1_1_1	3000670.18041068	3000670.18041068	0.0	moderate	11500_1_1_1	96.0	7.0	1.81958932	1.0
11501_1_1_1	11501_1_1_1	11501_1_1_1	3000616.0	3000616.0	0.0	moderate	11501_1_1_1	88.0	7.0	0.0	1.46
11506_1_1_1	11506_1_1_1	11506_1_1_1	3002176.1664098497	3002176.1664098497	0.0	moderate	11506_1_1_1	363.0	6.0	1.8335901502	1.07
11506_1_1_1	16715_1_1_1	11506_1_1_1	2002122.669882443	3002176.1664098497	1000053.4965274066	tolerant	16715_1_1_1	354.0	6.0	1.3301175569	0.98
11507_1_1_1	11507_1_1_1	11507_1_1_1	4001078.0	4001078.0	0.0	strict	11507_1_1_1	154.0	7.0	0.0	0.71
11511_1_1_1	11511_1_1_1	11511_1_1_1	4000408.2114379583	4000408.2114379583	0.0	strict	11511_1_1_1	82.0	5.0	1.7885620414	1.15
11513_1_1_1	11592_1_1_1	11592_1_1_1	3000903.0	3000903.0	0.0	moderate	11592_1_1_1	129.0	7.0	0.0	0.76
11513_1_1_1	11513_1_1_1	11592_1_1_1	3000590.0	3000903.0	313.0	moderate	11513_1_1_1	118.0	5.0	0.0	1.09
11516_1_1_1	11516_1_1_1	11516_1_1_1	4000966.0	4000966.0	0.0	strict	11516_1_1_1	138.0	7.0	0.0	1.33
11523_1_1_1	11523_1_1_1	11523_1_1_1	2000567.4007847772	2000567.4007847772	0.0	tolerant	11523_1_1_1	95.0	6.0	2.5992152228	2.3
11524_1_1_1	11524_1_1_1	11524_1_1_1	3000069.0	3000069.0	0.0	moderate	11524_1_1_1	23.0	3.0	0.0	0.0
11525_1_1_1	11525_1_1_1	11525_1_1_1	4000672.0	4000672.0	0.0	strict	11525_1_1_1	96.0	7.0	0.0	0.15
11527_1_1_1	11527_1_1_1	11527_1_1_1	4000495.0	4000495.0	0.0	strict	11527_1_1_1	99.0	5.0	0.0	2.5
11530_1_1_1	11530_1_1_1	11530_1_1_1	2000423.0224881328	2000423.0224881328	0.0	tolerant	11530_1_1_1	71.0	6.0	2.9775118672	0.47
11531_1_1_1	11531_1_1_1	11531_1_1_1	3000721.0	3000721.0	0.0	moderate	11531_1_1_1	103.0	7.0	0.0	1.14
11532_1_1_1	11532_1_1_1	11532_1_1_1	4000588.0	4000588.0	0.0	strict	11532_1_1_1	84.0	7.0	0.0	1.05
11532_1_1_1	4079_1_1_1	11532_1_1_1	3000486.0	4000588.0	1000102.0	moderate	4079_1_1_1	81.0	6.0	0.0	0.35
11532_1_1_1	11429_1_1_1	11532_1_1_1	1000525.0	4000588.0	3000063.0	unfiltered	11429_1_1_1	75.0	7.0	0.0	1.36
11534_1_1_1	11534_1_1_1	11534_1_1_1	2000711.7888328296	2000711.7888328296	0.0	tolerant	11534_1_1_1	119.0	6.0	2.2111671705	1.21
11535_1_1_1	11535_1_1_1	11535_1_1_1	2000084.0	2000084.0	0.0	tolerant	11535_1_1_1	28.0	3.0	0.0	0.0
11536_1_1_1	11536_1_1_1	11536_1_1_1	2000081.0	2000081.0	0.0	tolerant	11536_1_1_1	27.0	3.0	0.0	0.0
1153_1_1_1	1153_1_1_1	1153_1_1_1	1000022.0	1000022.0	0.0	unfiltered	1153_1_1_1	11.0	2.0	0.0	0.0
11540_1_1_1	11540_1_1_1	11540_1_1_1	3000382.044250927	3000382.044250927	0.0	moderate	11540_1_1_1	64.0	6.0	1.9557490732	0.87
11542_1_1_1	11542_1_1_1	11542_1_1_1	3000287.332651546	3000287.332651546	0.0	moderate	11542_1_1_1	58.0	5.0	2.6673484538	2.94
11545_1_1_1	11545_1_1_1	11545_1_1_1	3000507.593458408	3000507.593458408	0.0	moderate	11545_1_1_1	102.0	5.0	2.406541592	0.99
11546_1_1_1	11546_1_1_1	11546_1_1_1	3001075.4825253766	3001075.4825253766	0.0	moderate	11546_1_1_1	154.0	7.0	2.5174746233	0.21
11548_1_1_1	11548_1_1_1	11548_1_1_1	3000462.0	3000462.0	0.0	moderate	11548_1_1_1	66.0	7.0	0.0	1.04
11549_1_1_1	11549_1_1_1	11549_1_1_1	3000627.835466025	3000627.835466025	0.0	moderate	11549_1_1_1	90.0	7.0	2.1645339753	0.39
11555_1_1_1	11555_1_1_1	11555_1_1_1	4000469.0	4000469.0	0.0	strict	11555_1_1_1	67.0	7.0	0.0	1.0
1155_1_1_1	1155_1_1_1	1155_1_1_1	2000118.0	2000118.0	0.0	tolerant	1155_1_1_1	59.0	2.0	0.0	0.0
1155_1_1_1	97_1_1_1	1155_1_1_1	1000056.0	2000118.0	1000062.0	unfiltered	97_1_1_1	56.0	1.0	0.0	0.0
11561_1_1_1	11561_1_1_1	11561_1_1_1	4000826.0	4000826.0	0.0	strict	11561_1_1_1	118.0	7.0	0.0	0.4
11561_1_1_1	4908_1_1_1	11561_1_1_1	3000798.0	4000826.0	1000028.0	moderate	4908_1_1_1	114.0	7.0	0.0	1.82
11561_1_1_1	11109_1_1_1	11561_1_1_1	2000618.19969492	4000826.0	2000207.80030508	tolerant	11109_1_1_1	124.0	5.0	1.8003050802	1.29
11563_1_1_1	11563_1_1_1	11563_1_1_1	2000646.0961614077	2000646.0961614077	0.0	tolerant	11563_1_1_1	108.0	6.0	1.9038385924	0.99
11564_1_1_1	11565_1_1_1	11565_1_1_1	2000060.0	2000060.0	0.0	tolerant	11565_1_1_1	30.0	2.0	0.0	2.22
11564_1_1_1	11566_1_1_1	11565_1_1_1	2000058.856449884	2000060.0	1.1435501161031425	tolerant	11566_1_1_1	30.0	2.0	1.1435501161	2.14
11564_1_1_1	11564_1_1_1	11565_1_1_1	2000058.295360026	2000060.0	1.7046399740502238	tolerant	11564_1_1_1	30.0	2.0	1.7046399741	1.97
11568_1_1_1	11567_1_1_1	11567_1_1_1	2000084.142769827	2000084.142769827	0.0	tolerant	11567_1_1_1	29.0	3.0	2.8572301729	1.92
11568_1_1_1	11568_1_1_1	11567_1_1_1	2000084.03146702	2000084.142769827	0.11130280699580908	tolerant	11568_1_1_1	29.0	3.0	2.9685329801	1.74
11572_1_1_1	11142_1_1_1	11142_1_1_1	4000819.0	4000819.0	0.0	strict	11142_1_1_1	117.0	7.0	0.0	2.82
11572_1_1_1	11572_1_1_1	11142_1_1_1	4000684.0	4000819.0	135.0	strict	11572_1_1_1	114.0	6.0	0.0	0.81
11573_1_1_1	11573_1_1_1	11573_1_1_1	4000749.0	4000749.0	0.0	strict	11573_1_1_1	107.0	7.0	0.0	0.8
11573_1_1_1	5461_2_1_1	11573_1_1_1	3000684.0	4000749.0	1000065.0	moderate	5461_2_1_1	114.0	6.0	0.0	0.98
11583_1_1_1	11583_1_1_1	11583_1_1_1	1000392.0	1000392.0	0.0	unfiltered	11583_1_1_1	56.0	7.0	0.0	0.89
11590_1_1_1	11590_1_1_1	11590_1_1_1	2000624.0	2000624.0	0.0	tolerant	11590_1_1_1	104.0	6.0	0.0	1.14
11593_1_1_1	11593_1_1_1	11593_1_1_1	3000482.155396069	3000482.155396069	0.0	moderate	11593_1_1_1	97.0	5.0	2.8446039309	1.33
11595_1_1_1	11595_1_1_1	11595_1_1_1	4000360.0	4000360.0	0.0	strict	11595_1_1_1	60.0	6.0	0.0	0.36
11599_1_1_1	4255_1_1_1	4255_1_1_1	2000718.0194500764	2000718.0194500764	0.0	tolerant	4255_1_1_1	120.0	6.0	1.9805499236	2.12
11599_1_1_1	11599_1_1_1	4255_1_1_1	2000623.098930336	2000718.0194500764	94.92051974032074	tolerant	11599_1_1_1	104.0	6.0	0.9010696639	0.71
11601_1_1_1	11601_1_1_1	11601_1_1_1	3000600.0	3000600.0	0.0	moderate	11601_1_1_1	100.0	6.0	0.0	0.59
11605_1_1_1	11605_1_1_1	11605_1_1_1	3000529.4476728416	3000529.4476728416	0.0	moderate	11605_1_1_1	76.0	7.0	2.5523271584	1.44
11605_1_1_1	11604_1_1_1	11605_1_1_1	2000477.0151142285	3000529.4476728416	1000052.4325586131	tolerant	11604_1_1_1	80.0	6.0	2.9848857715	1.36
1162_1_1_1	1162_1_1_1	1162_1_1_1	1000160.777663598	1000160.777663598	0.0	unfiltered	1162_1_1_1	62.0	3.0	25.2223364019	0.0
1194_1_1_1	1194_1_1_1	1194_1_1_1	1000006.0	1000006.0	0.0	unfiltered	1194_1_1_1	3.0	2.0	0.0	0.0
1198_1_1_1	1198_1_1_1	1198_1_1_1	2000225.0	2000225.0	0.0	tolerant	1198_1_1_1	75.0	3.0	0.0	0.0
12000_1_1_1	12000_1_1_1	12000_1_1_1	3001160.0	3001160.0	0.0	moderate	12000_1_1_1	232.0	5.0	0.0	0.32
12002_1_1_1	12002_1_1_1	12002_1_1_1	3000235.0	3000235.0	0.0	moderate	12002_1_1_1	47.0	5.0	0.0	3.09
12002_1_1_1	36142_1_1_1	12002_1_1_1	1000329.0	3000235.0	1999906.0	unfiltered	36142_1_1_1	47.0	7.0	0.0	2.96
12009_1_1_1	12009_1_1_1	12009_1_1_1	2001165.0	2001165.0	0.0	tolerant	12009_1_1_1	233.0	5.0	0.0	0.74
12010_1_1_1	12010_1_1_1	12010_1_1_1	4000485.0	4000485.0	0.0	strict	12010_1_1_1	97.0	5.0	0.0	0.17
12010_1_1_1	12011_1_1_1	12010_1_1_1	3000450.0	4000485.0	1000035.0	moderate	12011_1_1_1	90.0	5.0	0.0	0.33
12018_1_1_1	12018_1_1_1	12018_1_1_1	3000576.0	3000576.0	0.0	moderate	12018_1_1_1	144.0	4.0	0.0	1.34
12019_1_1_1	12019_1_1_1	12019_1_1_1	1000132.0	1000132.0	0.0	unfiltered	12019_1_1_1	44.0	3.0	0.0	0.74
1201_1_1_1	1201_1_1_1	1201_1_1_1	3000072.0	3000072.0	0.0	moderate	1201_1_1_1	24.0	3.0	0.0	0.0
12020_1_1_1	27500_1_1_1	27500_1_1_1	2000342.0	2000342.0	0.0	tolerant	27500_1_1_1	57.0	6.0	0.0	1.12
12020_1_1_1	12020_1_1_1	27500_1_1_1	2000212.0	2000342.0	130.0	tolerant	12020_1_1_1	53.0	4.0	0.0	0.0
12020_1_1_1	27501_1_1_1	27500_1_1_1	2000176.0	2000342.0	166.0	tolerant	27501_1_1_1	44.0	4.0	0.0	0.0
12024_1_1_1	12024_1_1_1	12024_1_1_1	3001029.0	3001029.0	0.0	moderate	12024_1_1_1	147.0	7.0	0.0	1.16
12032_1_1_1	51403_1_1_1	51403_1_1_1	4000882.0	4000882.0	0.0	strict	51403_1_1_1	126.0	7.0	0.0	0.35
12032_1_1_1	51404_1_1_1	51403_1_1_1	4000875.0	4000882.0	7.0	strict	51404_1_1_1	125.0	7.0	0.0	0.32
12032_1_1_1	12032_1_1_1	51403_1_1_1	4000805.0	4000882.0	77.0	strict	12032_1_1_1	115.0	7.0	0.0	0.4
12032_1_1_1	27539_1_1_1	51403_1_1_1	4000392.0	4000882.0	490.0	strict	27539_1_1_1	98.0	4.0	0.0	0.43
12032_1_1_1	27541_1_1_1	51403_1_1_1	3000465.0	4000882.0	1000417.0	moderate	27541_1_1_1	93.0	5.0	0.0	0.48
12032_1_1_1	16376_1_1_1	51403_1_1_1	2000795.9395292024	4000882.0	2000086.0604707976	tolerant	16376_1_1_1	133.0	6.0	2.0604707979	0.52
12033_1_1_1	18580_1_1_1	18580_1_1_1	2000593.141626347	2000593.141626347	0.0	tolerant	18580_1_1_1	119.0	5.0	1.8583736528	1.24
12033_1_1_1	12033_1_1_1	18580_1_1_1	2000181.371822652	2000593.141626347	411.76980369514786	tolerant	12033_1_1_1	61.0	3.0	1.6281773481	1.53
12036_1_1_1	12036_1_1_1	12036_1_1_1	2000507.2315192895	2000507.2315192895	0.0	tolerant	12036_1_1_1	102.0	5.0	2.7684807102	1.43
12040_1_1_1	12040_1_1_1	12040_1_1_1	4001160.0	4001160.0	0.0	strict	12040_1_1_1	232.0	5.0	0.0	0.58
1204_1_1_1	1204_1_1_1	1204_1_1_1	1000022.0	1000022.0	0.0	unfiltered	1204_1_1_1	11.0	2.0	0.0	0.0
1207_1_1_1	294_1_1_1	294_1_1_1	3000237.0	3000237.0	0.0	moderate	294_1_1_1	79.0	3.0	0.0	0.0
1207_1_1_1	295_1_1_1	294_1_1_1	3000237.0	3000237.0	0.0	moderate	295_1_1_1	79.0	3.0	0.0	0.0
1207_1_1_1	1207_1_1_1	294_1_1_1	3000231.0	3000237.0	6.0	moderate	1207_1_1_1	77.0	3.0	0.0	0.0
1207_1_1_1	1208_1_1_1	294_1_1_1	3000231.0	3000237.0	6.0	moderate	1208_1_1_1	77.0	3.0	0.0	0.0
1207_1_1_1	36071_1_1_1	294_1_1_1	2000561.9078252732	3000237.0	999675.0921747268	tolerant	36071_1_1_1	94.0	6.0	2.0921747267	0.6
1207_1_1_1	36070_1_1_1	294_1_1_1	2000475.0	3000237.0	999762.0	tolerant	36070_1_1_1	95.0	5.0	0.0	0.85
1207_1_1_1	1323_1_1_1	294_1_1_1	2000060.0	3000237.0	1000177.0	tolerant	1323_1_1_1	30.0	2.0	0.0	0.0
1209_1_1_1	18043_1_1_1	18043_1_1_1	3000185.0	3000185.0	0.0	moderate	18043_1_1_1	37.0	5.0	0.0	0.04
1209_1_1_1	18146_1_1_1	18043_1_1_1	3000126.0	3000185.0	59.0	moderate	18146_1_1_1	42.0	3.0	0.0	0.0
1209_1_1_1	1209_1_1_1	18043_1_1_1	3000114.0	3000185.0	71.0	moderate	1209_1_1_1	38.0	3.0	0.0	0.0
1209_1_1_1	3456_1_1_1	18043_1_1_1	3000114.0	3000185.0	71.0	moderate	3456_1_1_1	38.0	3.0	0.0	0.0
126_1_1_1	126_1_1_1	126_1_1_1	1000165.0	1000165.0	0.0	unfiltered	126_1_1_1	55.0	3.0	0.0	0.0
1333_1_1_1	1333_1_1_1	1333_1_1_1	3000234.0	3000234.0	0.0	moderate	1333_1_1_1	78.0	3.0	0.0	0.0
1333_1_1_1	1866_1_1_1	1333_1_1_1	2000012.0	3000234.0	1000222.0	tolerant	1866_1_1_1	6.0	2.0	0.0	0.0
1336_1_1_1	1336_1_1_1	1336_1_1_1	3000084.0	3000084.0	0.0	moderate	1336_1_1_1	28.0	3.0	0.0	0.0
1338_1_1_1	1338_1_1_1	1338_1_1_1	2000061.9168634776	2000061.9168634776	0.0	tolerant	1338_1_1_1	21.0	3.0	1.0831365222	0.0
133_1_1_1	133_1_1_1	133_1_1_1	2000279.0	2000279.0	0.0	tolerant	133_1_1_1	93.0	3.0	0.0	0.0
133_1_1_1	1658_1_1_1	133_1_1_1	1000097.0	2000279.0	1000182.0	unfiltered	1658_1_1_1	97.0	1.0	0.0	0.0
1343_1_1_1	1343_1_1_1	1343_1_1_1	3000057.0	3000057.0	0.0	moderate	1343_1_1_1	19.0	3.0	0.0	0.0
1374_1_1_1	1374_1_1_1	1374_1_1_1	3000108.0	3000108.0	0.0	moderate	1374_1_1_1	36.0	3.0	0.0	0.0
1379_1_1_1	1379_1_1_1	1379_1_1_1	3000405.0	3000405.0	0.0	moderate	1379_1_1_1	135.0	3.0	0.0	0.0
1398_1_1_1	25899_1_2_1	25899_1_2_1	2000462.0	2000462.0	0.0	tolerant	25899_1_2_1	66.0	7.0	0.0	1.0
1398_1_1_1	1398_1_1_1	25899_1_2_1	2000177.0	2000462.0	285.0	tolerant	1398_1_1_1	59.0	3.0	0.0	0.0
1403_1_1_1	1403_1_1_1	1403_1_1_1	2000070.109230784	2000070.109230784	0.0	tolerant	1403_1_1_1	36.0	2.0	1.8907692159	0.0
140_1_1_1	140_1_1_1	140_1_1_1	1000066.1127580208	1000066.1127580208	0.0	unfiltered	140_1_1_1	25.0	3.0	8.8872419793	0.0
1414_1_1_1	1414_1_1_1	1414_1_1_1	2000090.0	2000090.0	0.0	tolerant	1414_1_1_1	30.0	3.0	0.0	0.0
141_1_1_1	141_1_1_1	141_1_1_1	2000070.0	2000070.0	0.0	tolerant	141_1_1_1	35.0	2.0	0.0	0.0
141_1_1_1	17500_1_1_1	141_1_1_1	2000069.4211733944	2000070.0	0.5788266055751592	tolerant	17500_1_1_1	36.0	2.0	2.5788266056	0.0
142_1_1_1	142_1_1_1	142_1_1_1	1000048.0	1000048.0	0.0	unfiltered	142_1_1_1	16.0	3.0	0.0	0.0
1444_1_1_1	1444_1_1_1	1444_1_1_1	2000084.0	2000084.0	0.0	tolerant	1444_1_1_1	28.0	3.0	0.0	0.0
1444_1_1_1	555_1_1_1	1444_1_1_1	2000084.0	2000084.0	0.0	tolerant	555_1_1_1	28.0	3.0	0.0	0.0
1444_1_1_1	1760_1_1_1	1444_1_1_1	2000020.0	2000084.0	64.0	tolerant	1760_1_1_1	10.0	2.0	0.0	0.0
1444_1_1_1	2274_1_1_1	1444_1_1_1	2000014.0	2000084.0	70.0	tolerant	2274_1_1_1	7.0	2.0	0.0	0.0
1444_1_1_1	1586_1_1_1	1444_1_1_1	1000081.0	2000084.0	1000003.0	unfiltered	1586_1_1_1	27.0	3.0	0.0	0.0
1444_1_1_1	937_1_1_1	1444_1_1_1	1000069.0	2000084.0	1000015.0	unfiltered	937_1_1_1	23.0	3.0	0.0	0.0
1449_1_1_1	1449_1_1_1	1449_1_1_1	2000103.555909167	2000103.555909167	0.0	tolerant	1449_1_1_1	35.0	3.0	1.444090833	0.0
1474_1_1_1	1474_1_1_1	1474_1_1_1	3000123.0	3000123.0	0.0	moderate	1474_1_1_1	41.0	3.0	0.0	0.0
1478_1_1_1	1478_1_1_1	1478_1_1_1	3000204.0	3000204.0	0.0	moderate	1478_1_1_1	68.0	3.0	0.0	0.0
1480_1_1_1	1480_1_1_1	1480_1_1_1	3000162.0	3000162.0	0.0	moderate	1480_1_1_1	54.0	3.0	0.0	0.0
1495_1_1_1	1495_1_1_1	1495_1_1_1	3000207.0	3000207.0	0.0	moderate	1495_1_1_1	69.0	3.0	0.0	0.0
1497_1_1_1	1497_1_1_1	1497_1_1_1	3000084.0	3000084.0	0.0	moderate	1497_1_1_1	28.0	3.0	0.0	0.0
1497_1_1_1	420_1_1_1	1497_1_1_1	2000075.0	3000084.0	1000009.0	tolerant	420_1_1_1	25.0	3.0	0.0	0.0
15003_1_1_1	15466_1_1_1	15466_1_1_1	3000306.0	3000306.0	0.0	moderate	15466_1_1_1	51.0	6.0	0.0	0.73
15003_1_1_1	15003_1_1_1	15466_1_1_1	3000300.0	3000306.0	6.0	moderate	15003_1_1_1	50.0	6.0	0.0	0.73
15007_1_1_1	15007_1_1_1	15007_1_1_1	4000616.0	4000616.0	0.0	strict	15007_1_1_1	88.0	7.0	0.0	1.14
15007_1_1_1	19233_1_1_1	15007_1_1_1	3000679.0	4000616.0	999937.0	moderate	19233_1_1_1	97.0	7.0	0.0	0.89
15007_1_1_1	4437_1_1_1	15007_1_1_1	3000658.0	4000616.0	999958.0	moderate	4437_1_1_1	94.0	7.0	0.0	0.8
15011_1_1_1	15008_1_1_1	15008_1_1_1	4000896.0	4000896.0	0.0	strict	15008_1_1_1	128.0	7.0	0.0	1.92
15011_1_1_1	15011_1_1_1	15008_1_1_1	4000889.0	4000896.0	7.0	strict	15011_1_1_1	127.0	7.0	0.0	1.96
15011_1_1_1	15010_1_1_1	15008_1_1_1	4000882.0	4000896.0	14.0	strict	15010_1_1_1	126.0	7.0	0.0	2.35
15011_1_1_1	15009_1_1_1	15008_1_1_1	4000882.0	4000896.0	14.0	strict	15009_1_1_1	126.0	7.0	0.0	2.03
15011_1_1_1	5899_1_1_1	15008_1_1_1	3000732.0	4000896.0	1000164.0	moderate	5899_1_1_1	122.0	6.0	0.0	0.71
15012_1_1_1	15012_1_1_1	15012_1_1_1	3000539.0	3000539.0	0.0	moderate	15012_1_1_1	77.0	7.0	0.0	1.85
15013_1_1_1	15013_1_1_1	15013_1_1_1	2000525.0	2000525.0	0.0	tolerant	15013_1_1_1	75.0	7.0	0.0	0.77
15021_1_1_1	15021_1_1_1	15021_1_1_1	3000420.0	3000420.0	0.0	moderate	15021_1_1_1	60.0	7.0	0.0	0.66
15032_1_1_1	15032_1_1_1	15032_1_1_1	2001006.124257236	2001006.124257236	0.0	tolerant	15032_1_1_1	168.0	6.0	1.875742764	1.19
15034_1_1_1	15034_1_1_1	15034_1_1_1	2000652.1452758496	2000652.1452758496	0.0	tolerant	15034_1_1_1	109.0	6.0	1.8547241507	2.59
15036_1_1_1	15036_1_1_1	15036_1_1_1	4000665.0	4000665.0	0.0	strict	15036_1_1_1	95.0	7.0	0.0	1.04
15036_1_1_1	7243_1_1_1	15036_1_1_1	3000630.0	4000665.0	1000035.0	moderate	7243_1_1_1	90.0	7.0	0.0	0.82
15036_1_1_1	5565_1_1_1	15036_1_1_1	3000623.0	4000665.0	1000042.0	moderate	5565_1_1_1	89.0	7.0	0.0	1.02
15036_1_1_1	15037_1_1_1	15036_1_1_1	3000255.0	4000665.0	1000410.0	moderate	15037_1_1_1	85.0	3.0	0.0	0.0
15038_1_1_1	15038_1_1_1	15038_1_1_1	4000882.0	4000882.0	0.0	strict	15038_1_1_1	126.0	7.0	0.0	1.22
15038_1_1_1	16260_1_1_1	15038_1_1_1	3000868.0	4000882.0	1000014.0	moderate	16260_1_1_1	124.0	7.0	0.0	2.35
15045_1_1_1	15045_1_1_1	15045_1_1_1	2000437.2145250717	2000437.2145250717	0.0	tolerant	15045_1_1_1	110.0	4.0	2.7854749283	1.13
15046_1_1_1	15046_1_1_1	15046_1_1_1	4000700.0	4000700.0	0.0	strict	15046_1_1_1	100.0	7.0	0.0	2.97
15050_1_1_1	15050_1_1_1	15050_1_1_1	3000063.0	3000063.0	0.0	moderate	15050_1_1_1	21.0	3.0	0.0	0.0
15050_1_1_1	20098_1_1_1	15050_1_1_1	3000060.0	3000063.0	3.0	moderate	20098_1_1_1	20.0	3.0	0.0	0.0
15050_1_1_1	20095_1_1_1	15050_1_1_1	3000057.0	3000063.0	6.0	moderate	20095_1_1_1	19.0	3.0	0.0	0.0
15050_1_1_1	36025_1_1_1	15050_1_1_1	2000069.0	3000063.0	999994.0	tolerant	36025_1_1_1	23.0	3.0	0.0	0.0
15053_1_1_1	15053_1_1_1	15053_1_1_1	3000063.0	3000063.0	0.0	moderate	15053_1_1_1	21.0	3.0	0.0	0.0
15053_1_1_1	15052_1_1_1	15053_1_1_1	3000063.0	3000063.0	0.0	moderate	15052_1_1_1	21.0	3.0	0.0	0.0
15055_1_1_1	15055_1_1_1	15055_1_1_1	2000585.850330948	2000585.850330948	0.0	tolerant	15055_1_1_1	98.0	6.0	2.1496690519	2.13
15057_1_1_1	15057_1_1_1	15057_1_1_1	4000749.0	4000749.0	0.0	strict	15057_1_1_1	107.0	7.0	0.0	0.25
15057_1_1_1	50146_1_1_1	15057_1_1_1	3000336.0	4000749.0	1000413.0	moderate	50146_1_1_1	84.0	4.0	0.0	0.66
15057_1_1_1	50149_1_1_1	15057_1_1_1	3000316.0	4000749.0	1000433.0	moderate	50149_1_1_1	79.0	4.0	0.0	0.9
15057_1_1_1	50147_1_1_1	15057_1_1_1	2000264.0	4000749.0	2000485.0	tolerant	50147_1_1_1	66.0	4.0	0.0	1.03
15057_1_1_1	51417_1_1_1	15057_1_1_1	2000206.0	4000749.0	2000543.0	tolerant	51417_1_1_1	103.0	2.0	0.0	0.0
15058_1_1_1	15058_1_1_1	15058_1_1_1	3000183.0	3000183.0	0.0	moderate	15058_1_1_1	61.0	3.0	0.0	0.0
15061_1_1_1	15061_1_1_1	15061_1_1_1	3001260.0	3001260.0	0.0	moderate	15061_1_1_1	180.0	7.0	0.0	0.61
15063_1_1_1	15063_1_1_1	15063_1_1_1	2001108.7998088056	2001108.7998088056	0.0	tolerant	15063_1_1_1	222.0	5.0	1.2001911944	0.35
15068_1_1_1	15068_1_1_1	15068_1_1_1	3000054.0	3000054.0	0.0	moderate	15068_1_1_1	18.0	3.0	0.0	0.0
15071_1_1_1	15070_1_1_1	15070_1_1_1	4001025.0	4001025.0	0.0	strict	15070_1_1_1	205.0	5.0	0.0	2.78
15071_1_1_1	15071_1_1_1	15070_1_1_1	4000985.0	4001025.0	40.0	strict	15071_1_1_1	197.0	5.0	0.0	2.66
15082_1_1_1	6134_1_1_1	6134_1_1_1	3000714.0	3000714.0	0.0	moderate	6134_1_1_1	102.0	7.0	0.0	3.8
15082_1_1_1	15082_1_1_1	6134_1_1_1	3000516.0	3000714.0	198.0	moderate	15082_1_1_1	129.0	4.0	0.0	1.55
15082_1_1_1	5284_1_1_1	6134_1_1_1	3000516.0	3000714.0	198.0	moderate	5284_1_1_1	129.0	4.0	0.0	0.0
15082_1_1_1	5285_1_1_1	6134_1_1_1	3000516.0	3000714.0	198.0	moderate	5285_1_1_1	129.0	4.0	0.0	0.0
15085_1_1_1	15085_1_1_1	15085_1_1_1	3000441.0	3000441.0	0.0	moderate	15085_1_1_1	63.0	7.0	0.0	0.76
15087_1_1_1	15087_1_1_1	15087_1_1_1	4000320.0	4000320.0	0.0	strict	15087_1_1_1	80.0	4.0	0.0	0.0
15087_1_1_1	5698_1_1_1	15087_1_1_1	3000320.0	4000320.0	1000000.0	moderate	5698_1_1_1	80.0	4.0	0.0	0.0
15087_1_1_1	51395_1_1_1	15087_1_1_1	3000285.655419423	4000320.0	1000034.3445805772	moderate	51395_1_1_1	72.0	4.0	2.344580577	0.22
15088_1_1_1	15088_1_1_1	15088_1_1_1	3000618.0	3000618.0	0.0	moderate	15088_1_1_1	103.0	6.0	0.0	1.33
15089_1_1_1	15089_1_1_1	15089_1_1_1	2000648.0	2000648.0	0.0	tolerant	15089_1_1_1	108.0	6.0	0.0	0.65
15090_1_1_1	15090_1_1_1	15090_1_1_1	3000553.0	3000553.0	0.0	moderate	15090_1_1_1	79.0	7.0	0.0	0.24
15091_1_1_1	15091_1_1_1	15091_1_1_1	4001272.0	4001272.0	0.0	strict	15091_1_1_1	212.0	6.0	0.0	1.76
15091_1_1_1	15093_1_1_1	15091_1_1_1	4000938.0367141487	4001272.0	333.9632858512923	strict	15093_1_1_1	235.0	4.0	1.9632858512	1.38
15091_1_1_1	17717_1_1_1	15091_1_1_1	3001272.0	4001272.0	1000000.0	moderate	17717_1_1_1	212.0	6.0	0.0	1.31
15094_1_1_1	15094_1_1_1	15094_1_1_1	4000770.0	4000770.0	0.0	strict	15094_1_1_1	110.0	7.0	0.0	1.25
15098_1_1_1	15098_1_1_1	15098_1_1_1	2000385.0	2000385.0	0.0	tolerant	15098_1_1_1	55.0	7.0	0.0	0.17
15101_1_1_1	15190_1_1_1	15190_1_1_1	4000616.0	4000616.0	0.0	strict	15190_1_1_1	88.0	7.0	0.0	3.12
15101_1_1_1	15101_1_1_1	15190_1_1_1	4000498.0	4000616.0	118.0	strict	15101_1_1_1	83.0	6.0	0.0	2.07
15102_1_1_1	15102_1_1_1	15102_1_1_1	3000872.5161235505	3000872.5161235505	0.0	moderate	15102_1_1_1	125.0	7.0	2.4838764495	0.61
15102_1_1_1	27640_1_1_1	15102_1_1_1	3000608.532631832	3000872.5161235505	263.9834917183034	moderate	27640_1_1_1	122.0	5.0	1.4673681679	2.59
15103_1_1_1	15103_1_1_1	15103_1_1_1	2000042.0	2000042.0	0.0	tolerant	15103_1_1_1	21.0	2.0	0.0	0.0
15104_1_1_1	15104_1_1_1	15104_1_1_1	2000050.0	2000050.0	0.0	tolerant	15104_1_1_1	25.0	2.0	0.0	0.0
15105_1_1_1	15105_1_1_1	15105_1_1_1	3000385.0	3000385.0	0.0	moderate	15105_1_1_1	55.0	7.0	0.0	0.25
15106_1_1_1	15106_1_1_1	15106_1_1_1	3000364.0	3000364.0	0.0	moderate	15106_1_1_1	52.0	7.0	0.0	0.26
15108_1_1_1	15108_1_1_1	15108_1_1_1	2000132.0	2000132.0	0.0	tolerant	15108_1_1_1	44.0	3.0	0.0	0.0
15111_1_1_1	15111_1_1_1	15111_1_1_1	3000246.0	3000246.0	0.0	moderate	15111_1_1_1	41.0	6.0	0.0	0.41
15127_1_1_1	15127_1_1_1	15127_1_1_1	3000906.0	3000906.0	0.0	moderate	15127_1_1_1	151.0	6.0	0.0	0.77
15132_1_1_1	15132_1_1_1	15132_1_1_1	4000700.0	4000700.0	0.0	strict	15132_1_1_1	100.0	7.0	0.0	1.87
15132_1_1_1	19404_1_1_1	15132_1_1_1	3000784.0	4000700.0	999916.0	moderate	19404_1_1_1	112.0	7.0	0.0	1.77
15132_1_1_1	25664_1_1_1	15132_1_1_1	3000528.0	4000700.0	1000172.0	moderate	25664_1_1_1	88.0	6.0	0.0	3.01
15134_1_1_1	15134_1_1_1	15134_1_1_1	4000679.0	4000679.0	0.0	strict	15134_1_1_1	97.0	7.0	0.0	2.4
15137_1_1_1	16555_1_1_1	16555_1_1_1	4000516.0	4000516.0	0.0	strict	16555_1_1_1	86.0	6.0	0.0	0.84
15137_1_1_1	15137_1_1_1	16555_1_1_1	4000324.0	4000516.0	192.0	strict	15137_1_1_1	81.0	4.0	0.0	0.0
15138_1_1_1	15138_1_1_1	15138_1_1_1	1000176.0	1000176.0	0.0	unfiltered	15138_1_1_1	44.0	4.0	0.0	2.0
15139_1_1_1	15139_1_1_1	15139_1_1_1	4000763.0	4000763.0	0.0	strict	15139_1_1_1	109.0	7.0	0.0	0.74
15139_1_1_1	15611_1_1_1	15139_1_1_1	2000735.39647812	4000763.0	2000027.60352188	tolerant	15611_1_1_1	123.0	6.0	2.60352188	0.57
15140_1_1_1	15140_1_1_1	15140_1_1_1	2000096.0	2000096.0	0.0	tolerant	15140_1_1_1	32.0	3.0	0.0	0.0
15148_1_1_1	15148_1_1_1	15148_1_1_1	4000710.4635891262	4000710.4635891262	0.0	strict	15148_1_1_1	178.0	4.0	1.5364108731	2.58
15148_1_1_1	11147_1_1_1	15148_1_1_1	2001005.3539390045	4000710.4635891262	1999705.1096501218	tolerant	11147_1_1_1	168.0	6.0	2.6460609956	2.32
15148_1_1_1	7413_1_1_1	15148_1_1_1	2000332.0	4000710.4635891262	2000378.4635891262	tolerant	7413_1_1_1	166.0	2.0	0.0	0.0
15148_1_1_1	15502_1_1_1	15148_1_1_1	2000328.0	4000710.4635891262	2000382.4635891262	tolerant	15502_1_1_1	164.0	2.0	0.0	0.0
15148_1_1_1	7410_1_1_1	15148_1_1_1	2000328.0	4000710.4635891262	2000382.4635891262	tolerant	7410_1_1_1	164.0	2.0	0.0	0.0
15148_1_1_1	7411_1_1_1	15148_1_1_1	2000326.0	4000710.4635891262	2000384.4635891262	tolerant	7411_1_1_1	163.0	2.0	0.0	0.0
15148_1_1_1	7412_1_1_1	15148_1_1_1	2000326.0	4000710.4635891262	2000384.4635891262	tolerant	7412_1_1_1	163.0	2.0	0.0	0.0
15148_1_1_1	7409_1_1_1	15148_1_1_1	2000326.0	4000710.4635891262	2000384.4635891262	tolerant	7409_1_1_1	163.0	2.0	0.0	0.0
15148_1_1_1	7408_1_1_1	15148_1_1_1	2000316.0	4000710.4635891262	2000394.4635891262	tolerant	7408_1_1_1	158.0	2.0	0.0	0.0
15150_1_1_1	15150_1_1_1	15150_1_1_1	4000567.0	4000567.0	0.0	strict	15150_1_1_1	81.0	7.0	0.0	1.51
15152_1_1_1	15152_1_1_1	15152_1_1_1	4000616.0	4000616.0	0.0	strict	15152_1_1_1	88.0	7.0	0.0	5.02
15158_1_1_1	15158_1_1_1	15158_1_1_1	3002034.366706464	3002034.366706464	0.0	moderate	15158_1_1_1	291.0	7.0	2.6332935362	0.93
1515_1_1_1	1515_1_1_1	1515_1_1_1	2000052.4509169464	2000052.4509169464	0.0	tolerant	1515_1_1_1	18.0	3.0	1.5490830539	0.0
15164_1_1_1	15164_1_1_1	15164_1_1_1	3001887.758478682	3001887.758478682	0.0	moderate	15164_1_1_1	378.0	5.0	2.2415213178	2.82
15167_1_1_1	15167_1_1_1	15167_1_1_1	3000959.0	3000959.0	0.0	moderate	15167_1_1_1	137.0	7.0	0.0	0.92
15171_1_1_1	15171_1_1_1	15171_1_1_1	3000060.0	3000060.0	0.0	moderate	15171_1_1_1	20.0	3.0	0.0	0.0
15172_1_1_1	15172_1_1_1	15172_1_1_1	3000542.0065260017	3000542.0065260017	0.0	moderate	15172_1_1_1	109.0	5.0	2.9934739983	0.86
15178_1_1_1	15178_1_1_1	15178_1_1_1	3000994.0	3000994.0	0.0	moderate	15178_1_1_1	142.0	7.0	0.0	2.56
15178_1_1_1	7106_1_1_1	15178_1_1_1	3000924.0	3000994.0	70.0	moderate	7106_1_1_1	132.0	7.0	0.0	0.67
1517_1_1_1	1517_1_1_1	1517_1_1_1	3000123.0	3000123.0	0.0	moderate	1517_1_1_1	41.0	3.0	0.0	0.0
15189_1_1_1	15189_1_1_1	15189_1_1_1	3000763.0	3000763.0	0.0	moderate	15189_1_1_1	109.0	7.0	0.0	0.78
15192_1_1_1	15192_1_1_1	15192_1_1_1	2000294.6124779729	2000294.6124779729	0.0	tolerant	15192_1_1_1	74.0	4.0	1.3875220274	1.78
15193_1_1_1	15193_1_1_1	15193_1_1_1	3000823.2557996036	3000823.2557996036	0.0	moderate	15193_1_1_1	118.0	7.0	2.7442003965	1.57
15197_1_1_1	15197_1_1_1	15197_1_1_1	4001085.0	4001085.0	0.0	strict	15197_1_1_1	155.0	7.0	0.0	0.33
15199_1_1_1	15199_1_1_1	15199_1_1_1	2000834.1629586143	2000834.1629586143	0.0	tolerant	15199_1_1_1	209.0	4.0	1.8370413855	1.17
1519_1_1_1	1519_1_1_1	1519_1_1_1	2000024.5319899323	2000024.5319899323	0.0	tolerant	1519_1_1_1	9.0	3.0	2.4680100677	0.0
15200_1_1_1	15200_1_1_1	15200_1_1_1	4000826.0	4000826.0	0.0	strict	15200_1_1_1	118.0	7.0	0.0	2.9
15203_1_1_1	15203_1_1_1	15203_1_1_1	4000546.0	4000546.0	0.0	strict	15203_1_1_1	78.0	7.0	0.0	0.44
15204_1_1_1	15204_1_1_1	15204_1_1_1	3000728.0	3000728.0	0.0	moderate	15204_1_1_1	104.0	7.0	0.0	0.89
15207_1_1_1	15207_1_1_1	15207_1_1_1	4001211.0	4001211.0	0.0	strict	15207_1_1_1	173.0	7.0	0.0	1.36
1520_1_1_1	1520_1_1_1	1520_1_1_1	1000048.0	1000048.0	0.0	unfiltered	1520_1_1_1	16.0	3.0	0.0	0.0
15210_1_1_1	15210_1_1_1	15210_1_1_1	4000658.0	4000658.0	0.0	strict	15210_1_1_1	94.0	7.0	0.0	0.64
15211_1_1_1	15211_1_1_1	15211_1_1_1	2000638.82264645	2000638.82264645	0.0	tolerant	15211_1_1_1	128.0	5.0	1.1773535499	1.75
15212_1_1_1	15212_1_1_1	15212_1_1_1	2000714.0	2000714.0	0.0	tolerant	15212_1_1_1	102.0	7.0	0.0	0.94
15212_1_1_1	18698_1_1_1	15212_1_1_1	2000628.7370609369	2000714.0	85.26293906313367	tolerant	18698_1_1_1	105.0	6.0	1.2629390631	0.24
15215_1_1_1	15215_1_1_1	15215_1_1_1	2000543.494320416	2000543.494320416	0.0	tolerant	15215_1_1_1	91.0	6.0	2.5056795841	1.89
15215_1_1_1	15110_1_1_1	15215_1_1_1	2000537.9802843991	2000543.494320416	5.51403601677157	tolerant	15110_1_1_1	90.0	6.0	2.0197156009	1.59
15215_1_1_1	25693_1_1_1	15215_1_1_1	2000257.8067738605	2000543.494320416	285.6875465554185	tolerant	25693_1_1_1	65.0	4.0	2.1932261395	2.41
15217_1_1_1	15217_1_1_1	15217_1_1_1	3000591.3663178245	3000591.3663178245	0.0	moderate	15217_1_1_1	99.0	6.0	2.6336821754	1.34
15221_1_1_1	15221_1_1_1	15221_1_1_1	3000105.0	3000105.0	0.0	moderate	15221_1_1_1	35.0	3.0	0.0	0.0
15222_1_1_1	15222_1_1_1	15222_1_1_1	3000730.0	3000730.0	0.0	moderate	15222_1_1_1	146.0	5.0	0.0	1.93
15229_1_1_1	15229_1_1_1	15229_1_1_1	3000378.0	3000378.0	0.0	moderate	15229_1_1_1	126.0	3.0	0.0	0.0
15231_1_1_1	15231_1_1_1	15231_1_1_1	3000252.0	3000252.0	0.0	moderate	15231_1_1_1	42.0	6.0	0.0	2.06
15240_1_1_1	15240_1_1_1	15240_1_1_1	3000744.0	3000744.0	0.0	moderate	15240_1_1_1	124.0	6.0	0.0	0.61
15242_1_1_1	15242_1_1_1	15242_1_1_1	4000910.0	4000910.0	0.0	strict	15242_1_1_1	130.0	7.0	0.0	1.49
15242_1_1_1	18448_1_1_1	15242_1_1_1	2000393.0339697844	4000910.0	2000516.9660302156	tolerant	18448_1_1_1	132.0	3.0	2.9660302155	1.79
15245_1_1_1	15000_1_1_1	15000_1_1_1	3000224.0	3000224.0	0.0	moderate	15000_1_1_1	32.0	7.0	0.0	0.0
15245_1_1_1	5966_1_1_1	15000_1_1_1	3000105.0	3000224.0	119.0	moderate	5966_1_1_1	35.0	3.0	0.0	0.0
15245_1_1_1	15245_1_1_1	15000_1_1_1	3000102.0	3000224.0	122.0	moderate	15245_1_1_1	34.0	3.0	0.0	0.0
15245_1_1_1	11519_1_1_1	15000_1_1_1	3000102.0	3000224.0	122.0	moderate	11519_1_1_1	34.0	3.0	0.0	0.0
15245_1_1_1	5965_1_1_1	15000_1_1_1	3000102.0	3000224.0	122.0	moderate	5965_1_1_1	34.0	3.0	0.0	0.0
15245_1_1_1	5964_1_1_1	15000_1_1_1	3000102.0	3000224.0	122.0	moderate	5964_1_1_1	34.0	3.0	0.0	0.0
15245_1_1_1	31220_1_1_1	15000_1_1_1	2000099.0	3000224.0	1000125.0	tolerant	31220_1_1_1	33.0	3.0	0.0	0.0
15245_1_1_1	31222_1_1_1	15000_1_1_1	2000096.0	3000224.0	1000128.0	tolerant	31222_1_1_1	32.0	3.0	0.0	0.0
15245_1_1_1	31223_1_1_1	15000_1_1_1	2000096.0	3000224.0	1000128.0	tolerant	31223_1_1_1	32.0	3.0	0.0	0.0
15246_1_1_1	15246_1_1_1	15246_1_1_1	3000658.0	3000658.0	0.0	moderate	15246_1_1_1	94.0	7.0	0.0	1.31
15247_1_1_1	15247_1_1_1	15247_1_1_1	4001078.0	4001078.0	0.0	strict	15247_1_1_1	154.0	7.0	0.0	1.59
15248_1_1_1	15248_1_1_1	15248_1_1_1	3001225.0	3001225.0	0.0	moderate	15248_1_1_1	245.0	5.0	0.0	0.36
15252_1_1_1	15252_1_1_1	15252_1_1_1	3000447.3115357426	3000447.3115357426	0.0	moderate	15252_1_1_1	75.0	6.0	2.6884642574	2.16
15256_1_1_1	15256_1_1_1	15256_1_1_1	3000980.0	3000980.0	0.0	moderate	15256_1_1_1	140.0	7.0	0.0	0.47
15258_1_1_1	15258_1_1_1	15258_1_1_1	2000480.0	2000480.0	0.0	tolerant	15258_1_1_1	80.0	6.0	0.0	0.75
15259_2_1_1	15259_2_1_1	15259_2_1_1	2000148.0	2000148.0	0.0	tolerant	15259_2_1_1	37.0	4.0	0.0	0.0
15261_1_1_1	15261_1_1_1	15261_1_1_1	2000132.0	2000132.0	0.0	tolerant	15261_1_1_1	33.0	4.0	0.0	0.0
15263_1_1_1	15263_1_1_1	15263_1_1_1	2000515.0	2000515.0	0.0	tolerant	15263_1_1_1	103.0	5.0	0.0	0.25
15264_1_1_1	15264_1_1_1	15264_1_1_1	4000800.0	4000800.0	0.0	strict	15264_1_1_1	200.0	4.0	0.0	0.59
15265_1_1_1	15265_1_1_1	15265_1_1_1	3000889.0	3000889.0	0.0	moderate	15265_1_1_1	127.0	7.0	0.0	0.23
15266_1_1_1	15266_1_1_1	15266_1_1_1	2000533.4170106729	2000533.4170106729	0.0	tolerant	15266_1_1_1	107.0	5.0	1.5829893273	1.72
15268_1_1_1	15268_1_1_1	15268_1_1_1	3000462.0	3000462.0	0.0	moderate	15268_1_1_1	77.0	6.0	0.0	0.34
15269_1_1_1	15269_1_1_1	15269_1_1_1	2000567.0	2000567.0	0.0	tolerant	15269_1_1_1	81.0	7.0	0.0	0.33
15271_1_1_1	15271_1_1_1	15271_1_1_1	4000315.0	4000315.0	0.0	strict	15271_1_1_1	45.0	7.0	0.0	0.21
15271_1_1_1	6160_1_1_1	15271_1_1_1	2000145.1088263723	4000315.0	2000169.8911736277	tolerant	6160_1_1_1	49.0	3.0	1.8911736277	0.0
15275_1_1_1	15275_1_1_1	15275_1_1_1	2000558.0	2000558.0	0.0	tolerant	15275_1_1_1	93.0	6.0	0.0	0.92
15278_1_1_1	15278_1_1_1	15278_1_1_1	3000805.0	3000805.0	0.0	moderate	15278_1_1_1	161.0	5.0	0.0	0.32
15278_1_1_1	15277_1_1_1	15278_1_1_1	3000730.0	3000805.0	75.0	moderate	15277_1_1_1	146.0	5.0	0.0	0.71
15280_1_1_1	15280_1_1_1	15280_1_1_1	3000973.0	3000973.0	0.0	moderate	15280_1_1_1	139.0	7.0	0.0	0.39
15286_1_1_1	15286_1_1_1	15286_1_1_1	3000189.0	3000189.0	0.0	moderate	15286_1_1_1	63.0	3.0	0.0	0.0
15286_1_1_1	19700_1_1_1	15286_1_1_1	2000256.0	3000189.0	999933.0	tolerant	19700_1_1_1	64.0	4.0	0.0	0.0
15286_1_1_1	4812_1_2_1	15286_1_1_1	2000189.0	3000189.0	1000000.0	tolerant	4812_1_2_1	63.0	3.0	0.0	0.0
15288_1_1_1	15288_1_1_1	15288_1_1_1	2000609.530354512	2000609.530354512	0.0	tolerant	15288_1_1_1	102.0	6.0	2.4696454878	0.54
15295_1_1_1	15295_1_1_1	15295_1_1_1	4001078.0	4001078.0	0.0	strict	15295_1_1_1	154.0	7.0	0.0	0.52
15295_1_1_1	7007_1_1_1	15295_1_1_1	3001132.3343090853	4001078.0	999945.6656909147	moderate	7007_1_1_1	162.0	7.0	1.6656909149	0.92
15306_1_1_1	15306_1_1_1	15306_1_1_1	4000774.0	4000774.0	0.0	strict	15306_1_1_1	129.0	6.0	0.0	0.71
15306_1_1_1	50023_1_1_1	15306_1_1_1	4000516.0	4000774.0	258.0	strict	50023_1_1_1	129.0	4.0	0.0	0.81
15312_1_1_1	15312_1_1_1	15312_1_1_1	3001015.0	3001015.0	0.0	moderate	15312_1_1_1	145.0	7.0	0.0	0.85
15314_1_1_1	15314_1_1_1	15314_1_1_1	4000532.0	4000532.0	0.0	strict	15314_1_1_1	76.0	7.0	0.0	1.48
15317_1_1_1	15456_1_1_1	15456_1_1_1	3000539.0	3000539.0	0.0	moderate	15456_1_1_1	77.0	7.0	0.0	0.91
15317_1_1_1	15317_1_1_1	15456_1_1_1	3000518.0	3000539.0	21.0	moderate	15317_1_1_1	74.0	7.0	0.0	0.71
15318_1_1_1	15318_1_1_1	15318_1_1_1	3000120.0	3000120.0	0.0	moderate	15318_1_1_1	40.0	3.0	0.0	0.0
15320_1_1_1	15320_1_1_1	15320_1_1_1	2000368.0	2000368.0	0.0	tolerant	15320_1_1_1	92.0	4.0	0.0	0.54
15322_1_1_1	15322_1_1_1	15322_1_1_1	3001124.8030160265	3001124.8030160265	0.0	moderate	15322_1_1_1	161.0	7.0	2.1969839736	1.45
15323_1_1_1	15323_1_1_1	15323_1_1_1	3000120.0	3000120.0	0.0	moderate	15323_1_1_1	40.0	3.0	0.0	0.0
15323_1_1_1	5265_1_1_1	15323_1_1_1	1000110.1438616496	3000120.0	2000009.8561383504	unfiltered	5265_1_1_1	40.0	3.0	9.8561383504	0.0
15323_1_1_1	5749_1_1_1	15323_1_1_1	1000109.91443113	3000120.0	2000010.08556887	unfiltered	5749_1_1_1	40.0	3.0	10.08556887	0.0
15324_1_1_1	15324_1_1_1	15324_1_1_1	2000317.36270947	2000317.36270947	0.0	tolerant	15324_1_1_1	64.0	5.0	2.6372905299	0.97
15325_1_1_1	15325_1_1_1	15325_1_1_1	2000516.0	2000516.0	0.0	tolerant	15325_1_1_1	86.0	6.0	0.0	1.76
15326_1_1_1	15326_1_1_1	15326_1_1_1	3000660.0	3000660.0	0.0	moderate	15326_1_1_1	132.0	5.0	0.0	0.2
15327_1_1_1	15327_1_1_1	15327_1_1_1	4000693.0	4000693.0	0.0	strict	15327_1_1_1	99.0	7.0	0.0	0.48
15329_1_1_1	15329_1_1_1	15329_1_1_1	3001229.4082854623	3001229.4082854623	0.0	moderate	15329_1_1_1	176.0	7.0	2.5917145377	1.17
15332_1_1_1	15332_1_1_1	15332_1_1_1	4000595.0	4000595.0	0.0	strict	15332_1_1_1	85.0	7.0	0.0	1.96
15334_1_1_1	15334_1_1_1	15334_1_1_1	4000714.0	4000714.0	0.0	strict	15334_1_1_1	119.0	6.0	0.0	0.97
15335_1_1_1	15335_1_1_1	15335_1_1_1	2001097.2205904345	2001097.2205904345	0.0	tolerant	15335_1_1_1	157.0	7.0	1.7794095658	0.75
15337_1_1_1	15337_1_1_1	15337_1_1_1	2000429.036696832	2000429.036696832	0.0	tolerant	15337_1_1_1	72.0	6.0	2.9633031681	0.74
15339_1_1_1	15339_1_1_1	15339_1_1_1	1000405.697942755	1000405.697942755	0.0	unfiltered	15339_1_1_1	59.0	7.0	7.3020572451	0.81
15341_1_1_1	15341_1_1_1	15341_1_1_1	4000372.0	4000372.0	0.0	strict	15341_1_1_1	62.0	6.0	0.0	1.99
15341_1_1_1	15482_1_1_1	15341_1_1_1	2000363.5247863785	4000372.0	2000008.4752136215	tolerant	15482_1_1_1	73.0	5.0	1.4752136216	2.19
15343_1_1_1	15343_1_1_1	15343_1_1_1	2000493.4562653983	2000493.4562653983	0.0	tolerant	15343_1_1_1	99.0	5.0	1.5437346014	1.35
15344_1_1_1	15344_1_1_1	15344_1_1_1	2000555.556668741	2000555.556668741	0.0	tolerant	15344_1_1_1	93.0	6.0	2.443331259	0.32
15344_1_1_1	7371_1_1_1	15344_1_1_1	2000467.1940304772	2000555.556668741	88.36263826373033	tolerant	7371_1_1_1	94.0	5.0	2.8059695227	0.19
15346_1_1_1	15346_1_1_1	15346_1_1_1	2000486.0	2000486.0	0.0	tolerant	15346_1_1_1	81.0	6.0	0.0	0.71
15347_1_1_1	15347_1_1_1	15347_1_1_1	3000539.0	3000539.0	0.0	moderate	15347_1_1_1	77.0	7.0	0.0	1.19
15349_1_1_1	15349_1_1_1	15349_1_1_1	3000413.0	3000413.0	0.0	moderate	15349_1_1_1	59.0	7.0	0.0	0.91
15349_1_1_1	7035_1_1_1	15349_1_1_1	1000312.0	3000413.0	2000101.0	unfiltered	7035_1_1_1	52.0	6.0	0.0	2.0
15350_1_1_1	15350_1_1_1	15350_1_1_1	3000450.0	3000450.0	0.0	moderate	15350_1_1_1	75.0	6.0	0.0	1.16
15352_1_1_1	15352_1_1_1	15352_1_1_1	2000592.8603192703	2000592.8603192703	0.0	tolerant	15352_1_1_1	85.0	7.0	2.1396807298	0.58
15353_1_1_1	15353_1_1_1	15353_1_1_1	2000382.66140595	2000382.66140595	0.0	tolerant	15353_1_1_1	64.0	6.0	1.3385940501	0.67
15354_1_1_1	15354_1_1_1	15354_1_1_1	2000483.0	2000483.0	0.0	tolerant	15354_1_1_1	69.0	7.0	0.0	0.46
15358_1_1_1	15358_1_1_1	15358_1_1_1	3000522.0	3000522.0	0.0	moderate	15358_1_1_1	87.0	6.0	0.0	0.48
15369_1_1_1	15369_1_1_1	15369_1_1_1	4001701.0	4001701.0	0.0	strict	15369_1_1_1	243.0	7.0	0.0	0.19
15370_1_1_1	15370_1_1_1	15370_1_1_1	2000483.5945870024	2000483.5945870024	0.0	tolerant	15370_1_1_1	81.0	6.0	2.4054129975	1.27
15371_1_1_1	15371_1_1_1	15371_1_1_1	4000602.0	4000602.0	0.0	strict	15371_1_1_1	86.0	7.0	0.0	1.0
15372_1_1_1	15372_1_1_1	15372_1_1_1	3000511.0	3000511.0	0.0	moderate	15372_1_1_1	73.0	7.0	0.0	1.0
15381_1_1_1	15381_1_1_1	15381_1_1_1	3000504.0	3000504.0	0.0	moderate	15381_1_1_1	84.0	6.0	0.0	1.98
15383_1_1_1	15383_1_1_1	15383_1_1_1	3001008.0	3001008.0	0.0	moderate	15383_1_1_1	144.0	7.0	0.0	0.39
15389_1_1_1	15389_1_1_1	15389_1_1_1	3000088.0	3000088.0	0.0	moderate	15389_1_1_1	22.0	4.0	0.0	0.0
15389_1_1_1	16595_1_1_1	15389_1_1_1	1000048.0	3000088.0	2000040.0	unfiltered	16595_1_1_1	16.0	3.0	0.0	0.0
15391_1_1_1	16022_1_1_1	16022_1_1_1	2000100.0	2000100.0	0.0	tolerant	16022_1_1_1	20.0	5.0	0.0	0.0
15391_1_1_1	20055_1_1_1	16022_1_1_1	2000100.0	2000100.0	0.0	tolerant	20055_1_1_1	20.0	5.0	0.0	0.0
15391_1_1_1	15391_1_1_1	16022_1_1_1	2000060.0	2000100.0	40.0	tolerant	15391_1_1_1	20.0	3.0	0.0	0.0
15391_1_1_1	15392_1_1_1	16022_1_1_1	2000060.0	2000100.0	40.0	tolerant	15392_1_1_1	20.0	3.0	0.0	0.0
15401_1_1_1	15401_1_1_1	15401_1_1_1	4000868.0	4000868.0	0.0	strict	15401_1_1_1	124.0	7.0	0.0	1.26
15404_1_1_1	15404_1_1_1	15404_1_1_1	4000518.0	4000518.0	0.0	strict	15404_1_1_1	74.0	7.0	0.0	4.04
15406_1_1_1	15406_1_1_1	15406_1_1_1	3000529.865541156	3000529.865541156	0.0	moderate	15406_1_1_1	76.0	7.0	2.1344588443	0.64
15411_1_1_1	15411_1_1_1	15411_1_1_1	2001122.0	2001122.0	0.0	tolerant	15411_1_1_1	187.0	6.0	0.0	0.28
15412_1_1_1	7249_1_1_1	7249_1_1_1	3000942.8993693083	3000942.8993693083	0.0	moderate	7249_1_1_1	135.0	7.0	2.1006306917	0.3
15412_1_1_1	15412_1_1_1	7249_1_1_1	3000917.0	3000942.8993693083	25.899369308259338	moderate	15412_1_1_1	131.0	7.0	0.0	0.75
15423_1_1_1	15423_1_1_1	15423_1_1_1	2001083.709594318	2001083.709594318	0.0	tolerant	15423_1_1_1	181.0	6.0	2.290405682	0.62
15423_1_1_1	25334_1_1_1	15423_1_1_1	1000632.0	2001083.709594318	1000451.709594318	unfiltered	25334_1_1_1	158.0	4.0	0.0	1.01
15423_1_1_1	19053_1_1_1	15423_1_1_1	1000141.0	2001083.709594318	1000942.709594318	unfiltered	19053_1_1_1	141.0	1.0	0.0	0.0
15426_1_1_1	30604_1_1_1	30604_1_1_1	4001275.0	4001275.0	0.0	strict	30604_1_1_1	255.0	5.0	0.0	1.14
15426_1_1_1	15426_1_1_1	30604_1_1_1	4001205.0	4001275.0	70.0	strict	15426_1_1_1	241.0	5.0	0.0	0.69
15426_1_1_1	34088_3_1_1	30604_1_1_1	1000830.0	4001275.0	3000445.0	unfiltered	34088_3_1_1	166.0	5.0	0.0	1.58
15431_1_1_1	15431_1_1_1	15431_1_1_1	2000850.083412897	2000850.083412897	0.0	tolerant	15431_1_1_1	142.0	6.0	1.9165871029	0.96
15438_1_1_1	15438_1_1_1	15438_1_1_1	3000432.0	3000432.0	0.0	moderate	15438_1_1_1	72.0	6.0	0.0	1.4
15439_1_1_1	15439_1_1_1	15439_1_1_1	3000168.0	3000168.0	0.0	moderate	15439_1_1_1	56.0	3.0	0.0	0.0
15440_1_1_1	15440_1_1_1	15440_1_1_1	2000766.065590136	2000766.065590136	0.0	tolerant	15440_1_1_1	128.0	6.0	1.9344098643	0.66
15442_1_1_1	15442_1_1_1	15442_1_1_1	3000522.4557983903	3000522.4557983903	0.0	moderate	15442_1_1_1	75.0	7.0	2.5442016095	0.59
15444_1_1_1	15444_1_1_1	15444_1_1_1	4000833.0	4000833.0	0.0	strict	15444_1_1_1	119.0	7.0	0.0	1.15
15447_1_1_1	15447_1_1_1	15447_1_1_1	2000146.0	2000146.0	0.0	tolerant	15447_1_1_1	73.0	2.0	0.0	0.0
15448_1_1_1	15448_1_1_1	15448_1_1_1	2000604.2288449008	2000604.2288449008	0.0	tolerant	15448_1_1_1	101.0	6.0	1.7711550993	2.02
15449_1_1_1	15449_1_1_1	15449_1_1_1	3000513.3831444103	3000513.3831444103	0.0	moderate	15449_1_1_1	86.0	6.0	2.6168555895	0.53
15451_1_1_1	15451_1_1_1	15451_1_1_1	3000609.0	3000609.0	0.0	moderate	15451_1_1_1	87.0	7.0	0.0	1.34
15459_1_1_1	15459_1_1_1	15459_1_1_1	3000504.0	3000504.0	0.0	moderate	15459_1_1_1	72.0	7.0	0.0	0.94
15461_1_1_1	15461_1_1_1	15461_1_1_1	1000626.6304607613	1000626.6304607613	0.0	unfiltered	15461_1_1_1	126.0	5.0	3.3695392388	2.96
15462_1_1_1	15462_1_1_1	15462_1_1_1	2000553.0	2000553.0	0.0	tolerant	15462_1_1_1	79.0	7.0	0.0	0.57
15468_1_1_1	15468_1_1_1	15468_1_1_1	3000497.0	3000497.0	0.0	moderate	15468_1_1_1	71.0	7.0	0.0	0.73
15471_1_1_1	15471_1_1_1	15471_1_1_1	3000725.0425027236	3000725.0425027236	0.0	moderate	15471_1_1_1	104.0	7.0	2.9574972763	1.53
15475_1_1_1	15475_1_1_1	15475_1_1_1	2000325.6860950412	2000325.6860950412	0.0	tolerant	15475_1_1_1	82.0	4.0	2.3139049587	0.82
15476_1_1_1	15476_1_1_1	15476_1_1_1	2000279.0287400407	2000279.0287400407	0.0	tolerant	15476_1_1_1	47.0	6.0	2.9712599592	1.38
15477_1_1_1	15477_1_1_1	15477_1_1_1	3000490.0	3000490.0	0.0	moderate	15477_1_1_1	70.0	7.0	0.0	0.35
15479_1_1_1	15479_1_1_1	15479_1_1_1	3000473.2125521763	3000473.2125521763	0.0	moderate	15479_1_1_1	68.0	7.0	2.7874478235	1.29
15481_1_1_1	15481_1_1_1	15481_1_1_1	2000222.0	2000222.0	0.0	tolerant	15481_1_1_1	111.0	2.0	0.0	0.0
15483_1_1_1	15483_1_1_1	15483_1_1_1	2000651.0	2000651.0	0.0	tolerant	15483_1_1_1	93.0	7.0	0.0	0.71
15485_1_1_1	15485_1_1_1	15485_1_1_1	3000444.0	3000444.0	0.0	moderate	15485_1_1_1	74.0	6.0	0.0	5.77
15487_1_1_1	15487_1_1_1	15487_1_1_1	3000468.0	3000468.0	0.0	moderate	15487_1_1_1	78.0	6.0	0.0	2.44
15489_1_1_1	15489_1_1_1	15489_1_1_1	1000098.0	1000098.0	0.0	unfiltered	15489_1_1_1	14.0	7.0	0.0	0.0
15490_1_1_1	15490_1_1_1	15490_1_1_1	2000399.0	2000399.0	0.0	tolerant	15490_1_1_1	57.0	7.0	0.0	0.96
15491_1_1_1	15491_1_1_1	15491_1_1_1	2000483.1134026255	2000483.1134026255	0.0	tolerant	15491_1_1_1	81.0	6.0	2.8865973742	0.7
15497_1_1_1	15497_1_1_1	15497_1_1_1	2000115.464417728	2000115.464417728	0.0	tolerant	15497_1_1_1	39.0	3.0	1.535582272	1.82
15503_1_1_1	15503_1_1_1	15503_1_1_1	4000440.0	4000440.0	0.0	strict	15503_1_1_1	110.0	4.0	0.0	0.0
15508_1_1_1	5067_1_1_1	5067_1_1_1	3000474.0	3000474.0	0.0	moderate	5067_1_1_1	79.0	6.0	0.0	0.43
15508_1_1_1	15508_1_1_1	5067_1_1_1	3000304.0	3000474.0	170.0	moderate	15508_1_1_1	76.0	4.0	0.0	0.0
15508_1_1_1	15931_1_1_1	5067_1_1_1	2000286.0672060363	3000474.0	1000187.9327939637	tolerant	15931_1_1_1	72.0	4.0	1.9327939636	0.0
15509_1_1_1	15509_1_1_1	15509_1_1_1	2000615.901115088	2000615.901115088	0.0	tolerant	15509_1_1_1	103.0	6.0	2.098884912	1.11
15509_1_1_1	15109_1_1_1	15509_1_1_1	2000615.7181017636	2000615.901115088	0.18301332439295948	tolerant	15109_1_1_1	103.0	6.0	2.2818982364	1.1
15513_1_1_1	15513_1_1_1	15513_1_1_1	2000255.747477748	2000255.747477748	0.0	tolerant	15513_1_1_1	43.0	6.0	2.252522252	2.09
15514_1_1_1	15514_1_1_1	15514_1_1_1	3001070.0	3001070.0	0.0	moderate	15514_1_1_1	214.0	5.0	0.0	1.62
15514_1_1_1	25224_1_1_1	15514_1_1_1	2001065.0	3001070.0	1000005.0	tolerant	25224_1_1_1	213.0	5.0	0.0	1.56
15514_1_1_1	27208_1_1_1	15514_1_1_1	2000856.0	3001070.0	1000214.0	tolerant	27208_1_1_1	214.0	4.0	0.0	0.0
15514_1_1_1	52921_1_1_1	15514_1_1_1	2000360.0	3001070.0	1000710.0	tolerant	52921_1_1_1	180.0	2.0	0.0	0.0
15514_1_1_1	52919_1_1_1	15514_1_1_1	2000358.0	3001070.0	1000712.0	tolerant	52919_1_1_1	179.0	2.0	0.0	0.0
15514_1_1_1	52917_1_1_1	15514_1_1_1	2000336.0	3001070.0	1000734.0	tolerant	52917_1_1_1	168.0	2.0	0.0	0.0
15514_1_1_1	52918_1_1_1	15514_1_1_1	2000332.0	3001070.0	1000738.0	tolerant	52918_1_1_1	166.0	2.0	0.0	0.0
15517_1_1_1	15517_1_1_1	15517_1_1_1	4000749.0	4000749.0	0.0	strict	15517_1_1_1	107.0	7.0	0.0	0.71
15517_1_1_1	16617_1_1_1	15517_1_1_1	3000742.0	4000749.0	1000007.0	moderate	16617_1_1_1	106.0	7.0	0.0	0.44
15517_1_1_1	18113_1_1_1	15517_1_1_1	3000742.0	4000749.0	1000007.0	moderate	18113_1_1_1	106.0	7.0	0.0	0.75
15517_1_1_1	16945_1_1_1	15517_1_1_1	3000742.0	4000749.0	1000007.0	moderate	16945_1_1_1	106.0	7.0	0.0	0.33
15517_1_1_1	7322_1_1_1	15517_1_1_1	3000742.0	4000749.0	1000007.0	moderate	7322_1_1_1	106.0	7.0	0.0	0.54
15517_1_1_1	3471_1_1_1	15517_1_1_1	2000033.0	4000749.0	2000716.0	tolerant	3471_1_1_1	11.0	3.0	0.0	0.0
15519_1_1_1	15519_1_1_1	15519_1_1_1	3000907.099972908	3000907.099972908	0.0	moderate	15519_1_1_1	182.0	5.0	2.9000270921	1.38
15522_1_1_1	15522_1_1_1	15522_1_1_1	3000057.0	3000057.0	0.0	moderate	15522_1_1_1	19.0	3.0	0.0	0.0
15524_1_1_1	15524_1_1_1	15524_1_1_1	3000212.0	3000212.0	0.0	moderate	15524_1_1_1	53.0	4.0	0.0	0.0
15528_1_1_1	15528_1_1_1	15528_1_1_1	3000851.016976004	3000851.016976004	0.0	moderate	15528_1_1_1	122.0	7.0	2.983023996	1.28
15529_1_1_1	15529_1_1_1	15529_1_1_1	4000280.0	4000280.0	0.0	strict	15529_1_1_1	70.0	4.0	0.0	0.55
15530_1_1_1	15530_1_1_1	15530_1_1_1	4000896.0	4000896.0	0.0	strict	15530_1_1_1	128.0	7.0	0.0	0.59
15531_1_1_1	15531_1_1_1	15531_1_1_1	4000868.0	4000868.0	0.0	strict	15531_1_1_1	124.0	7.0	0.0	0.42
15531_1_1_1	50444_1_1_1	15531_1_1_1	2000192.0	4000868.0	2000676.0	tolerant	50444_1_1_1	96.0	2.0	0.0	0.0
15534_1_1_1	15534_1_1_1	15534_1_1_1	3000375.139264466	3000375.139264466	0.0	moderate	15534_1_1_1	54.0	7.0	2.8607355341	1.05
1553_1_1_1	1553_1_1_1	1553_1_1_1	3000108.0	3000108.0	0.0	moderate	1553_1_1_1	36.0	3.0	0.0	0.0
15540_1_1_1	15540_1_1_1	15540_1_1_1	4000756.0	4000756.0	0.0	strict	15540_1_1_1	108.0	7.0	0.0	3.08
15542_1_1_1	15542_1_1_1	15542_1_1_1	2000822.431366903	2000822.431366903	0.0	tolerant	15542_1_1_1	165.0	5.0	2.5686330969	1.21
15547_1_1_1	15547_1_1_1	15547_1_1_1	4000469.0	4000469.0	0.0	strict	15547_1_1_1	67.0	7.0	0.0	0.72
15548_1_1_1	15548_1_1_1	15548_1_1_1	4000480.0	4000480.0	0.0	strict	15548_1_1_1	96.0	5.0	0.0	0.22
15548_1_1_1	4827_1_1_1	15548_1_1_1	3000665.0	4000480.0	999815.0	moderate	4827_1_1_1	95.0	7.0	0.0	2.02
15548_1_1_1	4828_1_1_1	15548_1_1_1	3000665.0	4000480.0	999815.0	moderate	4828_1_1_1	95.0	7.0	0.0	2.12
15549_1_1_1	15549_1_1_1	15549_1_1_1	3000588.0	3000588.0	0.0	moderate	15549_1_1_1	84.0	7.0	0.0	0.75
15550_1_1_1	15550_1_1_1	15550_1_1_1	3000315.0	3000315.0	0.0	moderate	15550_1_1_1	45.0	7.0	0.0	1.22
15555_1_1_1	15555_1_1_1	15555_1_1_1	2000177.0	2000177.0	0.0	tolerant	15555_1_1_1	59.0	3.0	0.0	0.0
15559_1_1_1	15559_1_1_1	15559_1_1_1	3000140.0	3000140.0	0.0	moderate	15559_1_1_1	28.0	5.0	0.0	0.0
15560_1_1_1	15560_1_1_1	15560_1_1_1	4000959.0	4000959.0	0.0	strict	15560_1_1_1	137.0	7.0	0.0	1.15
15560_1_1_1	17414_1_1_1	15560_1_1_1	4000822.0	4000959.0	137.0	strict	17414_1_1_1	137.0	6.0	0.0	1.16
15560_1_1_1	16634_1_1_1	15560_1_1_1	2000262.0	4000959.0	2000697.0	tolerant	16634_1_1_1	131.0	2.0	0.0	0.0
15564_1_1_1	4146_1_1_1	4146_1_1_1	3000539.0	3000539.0	0.0	moderate	4146_1_1_1	77.0	7.0	0.0	0.88
15564_1_1_1	5326_1_1_1	4146_1_1_1	3000539.0	3000539.0	0.0	moderate	5326_1_1_1	77.0	7.0	0.0	0.77
15564_1_1_1	15564_1_1_1	4146_1_1_1	3000462.0	3000539.0	77.0	moderate	15564_1_1_1	77.0	6.0	0.0	0.87
15564_1_1_1	11172_1_1_1	4146_1_1_1	1000144.0	3000539.0	2000395.0	unfiltered	11172_1_1_1	36.0	4.0	0.0	0.0
15565_1_1_1	15565_1_1_1	15565_1_1_1	2000063.8690981937	2000063.8690981937	0.0	tolerant	15565_1_1_1	22.0	3.0	2.1309018064	0.0
15566_1_1_1	15566_1_1_1	15566_1_1_1	4000606.0	4000606.0	0.0	strict	15566_1_1_1	101.0	6.0	0.0	0.25
15567_1_1_1	15567_1_1_1	15567_1_1_1	3000672.0	3000672.0	0.0	moderate	15567_1_1_1	96.0	7.0	0.0	0.76
15568_1_1_1	15568_1_1_1	15568_1_1_1	2000888.0	2000888.0	0.0	tolerant	15568_1_1_1	148.0	6.0	0.0	0.85
15574_1_1_1	15574_1_1_1	15574_1_1_1	3001054.0343527724	3001054.0343527724	0.0	moderate	15574_1_1_1	151.0	7.0	2.9656472278	0.27
15575_1_1_1	15575_1_1_1	15575_1_1_1	2000441.3566285828	2000441.3566285828	0.0	tolerant	15575_1_1_1	74.0	6.0	2.6433714172	1.28
15576_1_1_1	15576_1_1_1	15576_1_1_1	3000518.0	3000518.0	0.0	moderate	15576_1_1_1	74.0	7.0	0.0	1.82
15577_1_1_1	15577_1_1_1	15577_1_1_1	3000676.2912469963	3000676.2912469963	0.0	moderate	15577_1_1_1	97.0	7.0	2.7087530039	0.99
15579_1_1_1	15579_1_1_1	15579_1_1_1	2000050.0	2000050.0	0.0	tolerant	15579_1_1_1	25.0	2.0	0.0	0.0
15580_1_1_1	15580_1_1_1	15580_1_1_1	3000100.0	3000100.0	0.0	moderate	15580_1_1_1	20.0	5.0	0.0	0.0
15584_1_1_1	15584_1_1_1	15584_1_1_1	3000984.0512312553	3000984.0512312553	0.0	moderate	15584_1_1_1	141.0	7.0	2.9487687449	1.04
15585_1_1_1	15585_1_1_1	15585_1_1_1	3000704.64017378	3000704.64017378	0.0	moderate	15585_1_1_1	101.0	7.0	2.3598262203	0.94
15587_1_1_1	15587_1_1_1	15587_1_1_1	4000707.0	4000707.0	0.0	strict	15587_1_1_1	101.0	7.0	0.0	0.99
15590_1_1_1	15590_1_1_1	15590_1_1_1	2001062.837166592	2001062.837166592	0.0	tolerant	15590_1_1_1	213.0	5.0	2.1628334079	1.63
15591_1_1_1	11443_1_1_1	11443_1_1_1	3000357.0	3000357.0	0.0	moderate	11443_1_1_1	51.0	7.0	0.0	3.01
15591_1_1_1	15591_1_1_1	11443_1_1_1	3000350.0	3000357.0	7.0	moderate	15591_1_1_1	50.0	7.0	0.0	1.2
15595_1_1_1	15595_1_1_1	15595_1_1_1	4001006.781266621	4001006.781266621	0.0	strict	15595_1_1_1	144.0	7.0	1.2187333793	0.2
15598_1_1_1	15598_1_1_1	15598_1_1_1	4000972.0	4000972.0	0.0	strict	15598_1_1_1	162.0	6.0	0.0	0.14
15598_1_1_1	16518_1_1_1	15598_1_1_1	4000970.540859488	4000972.0	1.4591405121609569	strict	16518_1_1_1	162.0	6.0	1.4591405123	1.12
15599_1_1_1	15599_1_1_1	15599_1_1_1	4000678.0	4000678.0	0.0	strict	15599_1_1_1	113.0	6.0	0.0	0.48
15603_1_1_1	15603_1_1_1	15603_1_1_1	4000896.0	4000896.0	0.0	strict	15603_1_1_1	128.0	7.0	0.0	0.58
15604_1_1_1	15604_1_1_1	15604_1_1_1	3000420.0	3000420.0	0.0	moderate	15604_1_1_1	60.0	7.0	0.0	1.64
15607_1_1_1	15607_1_1_1	15607_1_1_1	4001764.0	4001764.0	0.0	strict	15607_1_1_1	294.0	6.0	0.0	0.96
15609_1_1_1	15609_1_1_1	15609_1_1_1	3000351.7446332737	3000351.7446332737	0.0	moderate	15609_1_1_1	59.0	6.0	2.2553667263	1.85
15612_1_1_1	15612_1_1_1	15612_1_1_1	3000122.941375898	3000122.941375898	0.0	moderate	15612_1_1_1	25.0	5.0	2.058624102	0.0
15615_1_1_1	15615_1_1_1	15615_1_1_1	4001232.0	4001232.0	0.0	strict	15615_1_1_1	176.0	7.0	0.0	0.83
15616_1_1_1	15616_1_1_1	15616_1_1_1	3000865.0174510805	3000865.0174510805	0.0	moderate	15616_1_1_1	124.0	7.0	2.9825489194	1.1
15617_1_1_1	15617_1_1_1	15617_1_1_1	2001209.1797749836	2001209.1797749836	0.0	tolerant	15617_1_1_1	202.0	6.0	2.8202250164	0.75
15625_1_1_1	15625_1_1_1	15625_1_1_1	2000812.6619137635	2000812.6619137635	0.0	tolerant	15625_1_1_1	163.0	5.0	2.3380862363	0.55
15626_1_1_1	15626_1_1_1	15626_1_1_1	3000680.0	3000680.0	0.0	moderate	15626_1_1_1	170.0	4.0	0.0	1.57
15638_1_1_1	15638_1_1_1	15638_1_1_1	2000180.0	2000180.0	0.0	tolerant	15638_1_1_1	90.0	2.0	0.0	0.0
15641_1_1_1	15641_1_1_1	15641_1_1_1	3000064.6552012265	3000064.6552012265	0.0	moderate	15641_1_1_1	22.0	3.0	1.3447987735	0.0
15642_1_1_1	15642_1_1_1	15642_1_1_1	3000847.0	3000847.0	0.0	moderate	15642_1_1_1	121.0	7.0	0.0	1.53
15646_1_1_1	15646_1_1_1	15646_1_1_1	2000800.0	2000800.0	0.0	tolerant	15646_1_1_1	160.0	5.0	0.0	1.0
15651_1_1_1	15651_1_1_1	15651_1_1_1	3001125.6424252936	3001125.6424252936	0.0	moderate	15651_1_1_1	188.0	6.0	2.3575747063	0.66
15651_1_1_1	19940_1_1_1	15651_1_1_1	2000646.701004719	3001125.6424252936	1000478.9414205747	tolerant	19940_1_1_1	162.0	4.0	1.298995281	1.0
15651_1_1_1	26612_1_1_1	15651_1_1_1	1000871.3642856898	3001125.6424252936	2000254.2781396038	unfiltered	26612_1_1_1	175.0	5.0	3.6357143102	1.67
15653_1_1_1	15653_1_1_1	15653_1_1_1	1000835.0	1000835.0	0.0	unfiltered	15653_1_1_1	167.0	5.0	0.0	1.66
15655_1_1_1	15655_1_1_1	15655_1_1_1	4000504.0	4000504.0	0.0	strict	15655_1_1_1	72.0	7.0	0.0	1.6
15661_1_1_1	15661_1_1_1	15661_1_1_1	4000756.0	4000756.0	0.0	strict	15661_1_1_1	108.0	7.0	0.0	1.14
15664_1_1_1	15664_1_1_1	15664_1_1_1	2000381.8666722584	2000381.8666722584	0.0	tolerant	15664_1_1_1	96.0	4.0	2.1333277413	2.4
15665_1_1_1	15665_1_1_1	15665_1_1_1	2000060.0	2000060.0	0.0	tolerant	15665_1_1_1	30.0	2.0	0.0	0.0
15669_1_1_1	15669_1_1_1	15669_1_1_1	2000730.7647267992	2000730.7647267992	0.0	tolerant	15669_1_1_1	122.0	6.0	1.2352732008	0.24
15673_1_1_1	15673_1_1_1	15673_1_1_1	3000576.0	3000576.0	0.0	moderate	15673_1_1_1	96.0	6.0	0.0	1.03
15674_1_1_1	15674_1_1_1	15674_1_1_1	3000378.0	3000378.0	0.0	moderate	15674_1_1_1	54.0	7.0	0.0	1.28
15677_1_1_1	15677_1_1_1	15677_1_1_1	2000503.9608611944	2000503.9608611944	0.0	tolerant	15677_1_1_1	101.0	5.0	1.0391388053	1.11
15677_1_1_1	17727_1_1_1	15677_1_1_1	1000308.0	2000503.9608611944	1000195.9608611944	unfiltered	17727_1_1_1	77.0	4.0	0.0	1.5
15678_1_1_1	15678_1_1_1	15678_1_1_1	4000609.0	4000609.0	0.0	strict	15678_1_1_1	87.0	7.0	0.0	0.57
15678_1_1_1	5844_1_1_1	15678_1_1_1	3000602.0	4000609.0	1000007.0	moderate	5844_1_1_1	86.0	7.0	0.0	0.89
15679_1_1_1	15679_1_1_1	15679_1_1_1	3000534.0	3000534.0	0.0	moderate	15679_1_1_1	89.0	6.0	0.0	1.58
1567_1_1_1	1567_1_1_1	1567_1_1_1	1000040.0	1000040.0	0.0	unfiltered	1567_1_1_1	20.0	2.0	0.0	0.0
15681_1_1_1	15681_1_1_1	15681_1_1_1	2000663.5723950928	2000663.5723950928	0.0	tolerant	15681_1_1_1	111.0	6.0	2.4276049073	0.37
15682_1_1_1	15682_1_1_1	15682_1_1_1	3000398.082381917	3000398.082381917	0.0	moderate	15682_1_1_1	57.0	7.0	0.9176180828	0.96
15688_1_1_1	15688_1_1_1	15688_1_1_1	4000648.0	4000648.0	0.0	strict	15688_1_1_1	108.0	6.0	0.0	1.23
15689_1_1_1	15689_1_1_1	15689_1_1_1	3000585.022117041	3000585.022117041	0.0	moderate	15689_1_1_1	98.0	6.0	2.977882959	0.98
15698_1_1_1	25875_1_1_1	25875_1_1_1	4000483.0	4000483.0	0.0	strict	25875_1_1_1	69.0	7.0	0.0	0.58
15698_1_1_1	15698_1_1_1	25875_1_1_1	4000408.0	4000483.0	75.0	strict	15698_1_1_1	68.0	6.0	0.0	0.34
15698_1_1_1	18323_1_1_1	25875_1_1_1	3000483.0	4000483.0	1000000.0	moderate	18323_1_1_1	69.0	7.0	0.0	1.1
15702_1_1_1	15702_1_1_1	15702_1_1_1	2000867.5240407465	2000867.5240407465	0.0	tolerant	15702_1_1_1	145.0	6.0	2.4759592536	0.54
15703_1_1_1	15703_1_1_1	15703_1_1_1	3000440.0	3000440.0	0.0	moderate	15703_1_1_1	110.0	4.0	0.0	0.09
15707_1_1_1	15707_1_1_1	15707_1_1_1	2000578.183012868	2000578.183012868	0.0	tolerant	15707_1_1_1	116.0	5.0	1.8169871322	0.94
15708_2_1_1	15708_2_1_1	15708_2_1_1	3000117.0	3000117.0	0.0	moderate	15708_2_1_1	39.0	3.0	0.0	0.0
15710_1_1_1	15710_1_1_1	15710_1_1_1	3000390.0	3000390.0	0.0	moderate	15710_1_1_1	65.0	6.0	0.0	0.2
15717_1_1_1	15717_1_1_1	15717_1_1_1	3001141.0	3001141.0	0.0	moderate	15717_1_1_1	163.0	7.0	0.0	0.97
15718_1_1_1	15718_1_1_1	15718_1_1_1	2000723.34581231	2000723.34581231	0.0	tolerant	15718_1_1_1	121.0	6.0	2.6541876901	0.4
15721_1_1_1	15721_1_1_1	15721_1_1_1	3000420.0	3000420.0	0.0	moderate	15721_1_1_1	60.0	7.0	0.0	0.83
15723_1_1_1	15723_1_1_1	15723_1_1_1	4000798.0	4000798.0	0.0	strict	15723_1_1_1	114.0	7.0	0.0	3.06
15723_1_1_1	50334_1_1_1	15723_1_1_1	3000577.4010153715	4000798.0	1000220.5989846285	moderate	50334_1_1_1	116.0	5.0	2.5989846286	2.95
15726_1_1_1	15726_1_1_1	15726_1_1_1	4001116.0	4001116.0	0.0	strict	15726_1_1_1	186.0	6.0	0.0	0.13
15728_1_1_1	15728_1_1_1	15728_1_1_1	3000252.0	3000252.0	0.0	moderate	15728_1_1_1	36.0	7.0	0.0	1.79
15730_1_1_1	15730_1_1_1	15730_1_1_1	2000111.0	2000111.0	0.0	tolerant	15730_1_1_1	37.0	3.0	0.0	0.0
15731_1_1_1	15731_1_1_1	15731_1_1_1	2000111.0	2000111.0	0.0	tolerant	15731_1_1_1	37.0	3.0	0.0	0.0
15735_1_1_1	15735_1_1_1	15735_1_1_1	2000552.4440643245	2000552.4440643245	0.0	tolerant	15735_1_1_1	111.0	5.0	2.5559356754	1.44
15738_1_1_1	15738_1_1_1	15738_1_1_1	2000229.0540727945	2000229.0540727945	0.0	tolerant	15738_1_1_1	77.0	3.0	1.9459272057	3.23
15739_1_1_1	15739_1_1_1	15739_1_1_1	3000348.0	3000348.0	0.0	moderate	15739_1_1_1	58.0	6.0	0.0	0.49
15740_1_1_1	15740_1_1_1	15740_1_1_1	3000980.0	3000980.0	0.0	moderate	15740_1_1_1	140.0	7.0	0.0	0.13
15742_1_1_1	15742_1_1_1	15742_1_1_1	3000228.0	3000228.0	0.0	moderate	15742_1_1_1	57.0	4.0	0.0	0.0
15744_1_1_1	15744_1_1_1	15744_1_1_1	3001185.5190064693	3001185.5190064693	0.0	moderate	15744_1_1_1	297.0	4.0	2.4809935305	1.53
15747_1_1_1	15747_1_1_1	15747_1_1_1	2000155.0	2000155.0	0.0	tolerant	15747_1_1_1	31.0	5.0	0.0	0.0
15748_1_1_1	15748_1_1_1	15748_1_1_1	3000060.0	3000060.0	0.0	moderate	15748_1_1_1	20.0	3.0	0.0	0.0
15750_1_1_1	15750_1_1_1	15750_1_1_1	4000574.0	4000574.0	0.0	strict	15750_1_1_1	82.0	7.0	0.0	0.34
15752_1_1_1	15752_1_1_1	15752_1_1_1	1000128.279089406	1000128.279089406	0.0	unfiltered	15752_1_1_1	44.0	3.0	3.7209105941	0.0
15753_1_1_1	15753_1_1_1	15753_1_1_1	3000132.0	3000132.0	0.0	moderate	15753_1_1_1	44.0	3.0	0.0	0.0
15756_1_1_1	15756_1_1_1	15756_1_1_1	3000348.0	3000348.0	0.0	moderate	15756_1_1_1	87.0	4.0	0.0	1.19
15758_1_1_1	15758_1_1_1	15758_1_1_1	3000364.0	3000364.0	0.0	moderate	15758_1_1_1	91.0	4.0	0.0	1.3
15759_1_1_1	15759_1_1_1	15759_1_1_1	3000364.0	3000364.0	0.0	moderate	15759_1_1_1	91.0	4.0	0.0	0.91
15759_1_1_1	25564_1_1_1	15759_1_1_1	2000700.0	3000364.0	999664.0	tolerant	25564_1_1_1	100.0	7.0	0.0	1.0
15761_1_1_1	15761_1_1_1	15761_1_1_1	3000371.0	3000371.0	0.0	moderate	15761_1_1_1	53.0	7.0	0.0	0.93
15762_1_1_1	15762_1_1_1	15762_1_1_1	2000603.2279121832	2000603.2279121832	0.0	tolerant	15762_1_1_1	101.0	6.0	2.7720878166	1.15
15763_1_1_1	15763_1_1_1	15763_1_1_1	2000462.0	2000462.0	0.0	tolerant	15763_1_1_1	66.0	7.0	0.0	3.06
15770_2_1_1	15770_2_1_1	15770_2_1_1	3000273.0	3000273.0	0.0	moderate	15770_2_1_1	91.0	3.0	0.0	0.0
15775_1_1_1	15775_1_1_1	15775_1_1_1	3000527.746725121	3000527.746725121	0.0	moderate	15775_1_1_1	106.0	5.0	2.253274879	1.01
15779_1_1_1	15779_1_1_1	15779_1_1_1	4000540.0	4000540.0	0.0	strict	15779_1_1_1	108.0	5.0	0.0	0.18
15782_1_1_1	15782_1_1_1	15782_1_1_1	4000763.0	4000763.0	0.0	strict	15782_1_1_1	109.0	7.0	0.0	2.21
15782_1_1_1	6725_1_1_1	15782_1_1_1	3000749.0	4000763.0	1000014.0	moderate	6725_1_1_1	107.0	7.0	0.0	2.96
15782_1_1_1	7087_1_1_1	15782_1_1_1	3000679.0	4000763.0	1000084.0	moderate	7087_1_1_1	97.0	7.0	0.0	2.17
15784_1_1_1	15784_1_1_1	15784_1_1_1	2000242.0314568733	2000242.0314568733	0.0	tolerant	15784_1_1_1	49.0	5.0	2.9685431266	1.36
15787_1_1_1	15787_1_1_1	15787_1_1_1	4000610.0	4000610.0	0.0	strict	15787_1_1_1	122.0	5.0	0.0	1.56
15790_1_1_1	15790_1_1_1	15790_1_1_1	2000508.4915042385	2000508.4915042385	0.0	tolerant	15790_1_1_1	102.0	5.0	1.5084957617	1.26
15792_1_1_1	16932_1_1_1	16932_1_1_1	2000621.759555751	2000621.759555751	0.0	tolerant	16932_1_1_1	208.0	3.0	2.240444249	0.0
15792_1_1_1	15792_1_1_1	16932_1_1_1	2000342.0	2000621.759555751	279.75955575099215	tolerant	15792_1_1_1	171.0	2.0	0.0	0.0
15793_1_1_1	15793_1_1_1	15793_1_1_1	2000399.0	2000399.0	0.0	tolerant	15793_1_1_1	57.0	7.0	0.0	0.37
15795_1_1_1	15795_1_1_1	15795_1_1_1	4000733.0062966854	4000733.0062966854	0.0	strict	15795_1_1_1	105.0	7.0	1.9937033144	0.59
15802_1_1_1	15802_1_1_1	15802_1_1_1	3000893.206858645	3000893.206858645	0.0	moderate	15802_1_1_1	128.0	7.0	2.793141355	1.69
15804_1_1_1	15804_1_1_1	15804_1_1_1	2000692.7726218852	2000692.7726218852	0.0	tolerant	15804_1_1_1	139.0	5.0	2.2273781148	2.17
15805_1_1_1	15805_1_1_1	15805_1_1_1	4000714.0	4000714.0	0.0	strict	15805_1_1_1	102.0	7.0	0.0	1.18
15806_1_1_1	15806_1_1_1	15806_1_1_1	3000288.0	3000288.0	0.0	moderate	15806_1_1_1	72.0	4.0	0.0	0.0
15807_1_1_1	15807_1_1_1	15807_1_1_1	2000903.4827462672	2000903.4827462672	0.0	tolerant	15807_1_1_1	151.0	6.0	2.5172537327	2.77
15808_1_1_1	15808_1_1_1	15808_1_1_1	4000763.0	4000763.0	0.0	strict	15808_1_1_1	109.0	7.0	0.0	0.32
15808_1_1_1	11126_1_1_1	15808_1_1_1	2000693.9919126416	4000763.0	2000069.0080873584	tolerant	11126_1_1_1	116.0	6.0	2.0080873584	2.58
15810_1_1_1	15810_1_1_1	15810_1_1_1	3000851.0915785767	3000851.0915785767	0.0	moderate	15810_1_1_1	122.0	7.0	2.9084214235	1.11
15813_1_1_1	15813_1_1_1	15813_1_1_1	4000805.0	4000805.0	0.0	strict	15813_1_1_1	115.0	7.0	0.0	1.94
15816_1_1_1	15816_1_1_1	15816_1_1_1	4000707.0	4000707.0	0.0	strict	15816_1_1_1	101.0	7.0	0.0	0.54
15817_1_1_1	15817_1_1_1	15817_1_1_1	4000469.0	4000469.0	0.0	strict	15817_1_1_1	67.0	7.0	0.0	0.37
15817_1_1_1	18657_1_1_1	15817_1_1_1	4000455.0	4000469.0	14.0	strict	18657_1_1_1	65.0	7.0	0.0	1.19
15817_1_1_1	27120_1_1_1	15817_1_1_1	4000360.0	4000469.0	109.0	strict	27120_1_1_1	72.0	5.0	0.0	1.09
15817_1_1_1	4199_1_1_1	15817_1_1_1	3000282.169521611	4000469.0	1000186.8304783888	moderate	4199_1_1_1	71.0	4.0	1.8304783888	0.0
15819_1_1_1	15819_1_1_1	15819_1_1_1	4000735.0	4000735.0	0.0	strict	15819_1_1_1	105.0	7.0	0.0	0.86
15821_1_1_1	15821_1_1_1	15821_1_1_1	3000504.0	3000504.0	0.0	moderate	15821_1_1_1	72.0	7.0	0.0	1.05
15822_1_1_1	15822_1_1_1	15822_1_1_1	4000497.0	4000497.0	0.0	strict	15822_1_1_1	71.0	7.0	0.0	0.42
15823_1_1_1	15823_1_1_1	15823_1_1_1	4000847.0	4000847.0	0.0	strict	15823_1_1_1	121.0	7.0	0.0	1.58
15827_1_1_1	1710_1_1_1	1710_1_1_1	3000069.0	3000069.0	0.0	moderate	1710_1_1_1	23.0	3.0	0.0	0.0
15827_1_1_1	15827_1_1_1	1710_1_1_1	3000064.3804638325	3000069.0	4.619536167476326	moderate	15827_1_1_1	22.0	3.0	1.6195361674	0.0
15828_1_1_1	15828_1_1_1	15828_1_1_1	4000510.0	4000510.0	0.0	strict	15828_1_1_1	85.0	6.0	0.0	0.43
15829_1_1_1	15829_1_1_1	15829_1_1_1	2000542.5829693128	2000542.5829693128	0.0	tolerant	15829_1_1_1	109.0	5.0	2.4170306871	1.26
15830_1_1_1	15830_1_1_1	15830_1_1_1	2000108.084141959	2000108.084141959	0.0	tolerant	15830_1_1_1	37.0	3.0	2.9158580411	0.0
15831_1_1_1	15831_1_1_1	15831_1_1_1	2000082.707257945	2000082.707257945	0.0	tolerant	15831_1_1_1	42.0	2.0	1.2927420547	0.0
15832_1_1_1	15832_1_1_1	15832_1_1_1	2000092.635919444	2000092.635919444	0.0	tolerant	15832_1_1_1	47.0	2.0	1.3640805563	0.0
15833_1_1_1	15833_1_1_1	15833_1_1_1	2000402.0	2000402.0	0.0	tolerant	15833_1_1_1	67.0	6.0	0.0	0.51
15834_1_1_1	15834_1_1_1	15834_1_1_1	2000573.8162970925	2000573.8162970925	0.0	tolerant	15834_1_1_1	96.0	6.0	2.1837029075	0.41
15835_1_1_1	15835_1_1_1	15835_1_1_1	3001232.0	3001232.0	0.0	moderate	15835_1_1_1	176.0	7.0	0.0	0.31
15836_1_1_1	15836_1_1_1	15836_1_1_1	3000627.087662104	3000627.087662104	0.0	moderate	15836_1_1_1	90.0	7.0	2.9123378961	1.17
15837_1_1_1	15837_1_1_1	15837_1_1_1	2000782.805926682	2000782.805926682	0.0	tolerant	15837_1_1_1	157.0	5.0	2.194073318	0.85
15839_1_1_1	15839_1_1_1	15839_1_1_1	2000462.0	2000462.0	0.0	tolerant	15839_1_1_1	77.0	6.0	0.0	1.48
15840_1_1_1	15840_1_1_1	15840_1_1_1	3000396.543806148	3000396.543806148	0.0	moderate	15840_1_1_1	57.0	7.0	2.4561938516	0.88
15844_1_1_1	15844_1_1_1	15844_1_1_1	4000511.0	4000511.0	0.0	strict	15844_1_1_1	73.0	7.0	0.0	1.59
15846_1_1_1	15846_1_1_1	15846_1_1_1	4000700.0	4000700.0	0.0	strict	15846_1_1_1	100.0	7.0	0.0	0.52
15847_1_1_1	15847_1_1_1	15847_1_1_1	4000637.0	4000637.0	0.0	strict	15847_1_1_1	91.0	7.0	0.0	0.41
15850_1_1_1	15850_1_1_1	15850_1_1_1	4000707.0	4000707.0	0.0	strict	15850_1_1_1	101.0	7.0	0.0	0.43
15853_3_1_1	15853_3_1_1	15853_3_1_1	3000550.0514583136	3000550.0514583136	0.0	moderate	15853_3_1_1	138.0	4.0	1.9485416864	0.0
15853_3_1_1	27678_1_1_1	15853_3_1_1	1000210.0	3000550.0514583136	2000340.0514583136	unfiltered	27678_1_1_1	42.0	5.0	0.0	0.0
15853_3_1_1	51180_1_1_1	15853_3_1_1	1000200.0	3000550.0514583136	2000350.0514583136	unfiltered	51180_1_1_1	40.0	5.0	0.0	0.0
15853_3_1_1	27679_1_1_1	15853_3_1_1	1000200.0	3000550.0514583136	2000350.0514583136	unfiltered	27679_1_1_1	40.0	5.0	0.0	0.0
15853_3_1_1	51181_2_1_1	15853_3_1_1	1000200.0	3000550.0514583136	2000350.0514583136	unfiltered	51181_2_1_1	40.0	5.0	0.0	0.0
15853_3_1_1	27680_1_1_1	15853_3_1_1	1000185.0	3000550.0514583136	2000365.0514583136	unfiltered	27680_1_1_1	37.0	5.0	0.0	0.0
15863_1_1_1	15863_1_1_1	15863_1_1_1	4000264.0	4000264.0	0.0	strict	15863_1_1_1	66.0	4.0	0.0	0.0
15863_1_1_1	17765_1_1_1	15863_1_1_1	3000198.0	4000264.0	1000066.0	moderate	17765_1_1_1	66.0	3.0	0.0	0.0
15864_1_1_1	15864_1_1_1	15864_1_1_1	3000777.0	3000777.0	0.0	moderate	15864_1_1_1	111.0	7.0	0.0	0.32
15870_1_1_1	15870_1_1_1	15870_1_1_1	2000177.2415421223	2000177.2415421223	0.0	tolerant	15870_1_1_1	45.0	4.0	2.7584578775	1.54
15871_1_1_1	15871_1_1_1	15871_1_1_1	2000459.2035530463	2000459.2035530463	0.0	tolerant	15871_1_1_1	77.0	6.0	2.7964469535	0.57
15875_1_1_1	15875_1_1_1	15875_1_1_1	2000690.517440448	2000690.517440448	0.0	tolerant	15875_1_1_1	173.0	4.0	1.4825595519	0.52
15876_1_1_1	15876_1_1_1	15876_1_1_1	3000175.0	3000175.0	0.0	moderate	15876_1_1_1	35.0	5.0	0.0	0.44
15879_1_1_1	15879_1_1_1	15879_1_1_1	2000100.0	2000100.0	0.0	tolerant	15879_1_1_1	25.0	4.0	0.0	0.0
15880_1_1_1	15880_1_1_1	15880_1_1_1	3000234.0	3000234.0	0.0	moderate	15880_1_1_1	39.0	6.0	0.0	0.91
15883_1_1_1	15883_1_1_1	15883_1_1_1	1000626.7450520452	1000626.7450520452	0.0	unfiltered	15883_1_1_1	90.0	7.0	3.2549479549	1.73
15885_1_1_1	15885_1_1_1	15885_1_1_1	3000404.0	3000404.0	0.0	moderate	15885_1_1_1	101.0	4.0	0.0	1.73
1588_1_1_1	1589_1_1_1	1589_1_1_1	1000087.0	1000087.0	0.0	unfiltered	1589_1_1_1	29.0	3.0	0.0	0.0
1588_1_1_1	1588_1_1_1	1589_1_1_1	1000075.0	1000087.0	12.0	unfiltered	1588_1_1_1	25.0	3.0	0.0	0.0
15893_1_1_1	15893_1_1_1	15893_1_1_1	4001176.0	4001176.0	0.0	strict	15893_1_1_1	168.0	7.0	0.0	1.42
15895_1_1_1	15895_1_1_1	15895_1_1_1	4000826.0	4000826.0	0.0	strict	15895_1_1_1	118.0	7.0	0.0	2.13
15899_1_1_1	15899_1_1_1	15899_1_1_1	3000514.473051258	3000514.473051258	0.0	moderate	15899_1_1_1	129.0	4.0	1.5269487421	0.32
15900_1_1_1	15900_1_1_1	15900_1_1_1	3000105.0	3000105.0	0.0	moderate	15900_1_1_1	35.0	3.0	0.0	0.0
15902_1_1_1	15902_1_1_1	15902_1_1_1	3000728.0	3000728.0	0.0	moderate	15902_1_1_1	104.0	7.0	0.0	1.27
15903_1_1_1	15903_1_1_1	15903_1_1_1	2000846.0	2000846.0	0.0	tolerant	15903_1_1_1	141.0	6.0	0.0	0.45
15911_1_1_1	15911_1_1_1	15911_1_1_1	4000696.0	4000696.0	0.0	strict	15911_1_1_1	174.0	4.0	0.0	1.86
15914_1_1_1	15914_1_1_1	15914_1_1_1	4000861.0	4000861.0	0.0	strict	15914_1_1_1	123.0	7.0	0.0	0.37
15916_1_1_1	15916_1_1_1	15916_1_1_1	3000420.0	3000420.0	0.0	moderate	15916_1_1_1	60.0	7.0	0.0	0.24
15921_1_1_1	15921_1_1_1	15921_1_1_1	3000538.176104528	3000538.176104528	0.0	moderate	15921_1_1_1	108.0	5.0	1.8238954722	0.54
15924_1_1_1	15924_1_1_1	15924_1_1_1	2000742.3242846157	2000742.3242846157	0.0	tolerant	15924_1_1_1	186.0	4.0	1.6757153845	3.09
15925_1_1_1	15925_1_1_1	15925_1_1_1	4001323.0	4001323.0	0.0	strict	15925_1_1_1	189.0	7.0	0.0	2.27
15928_1_1_1	15928_1_1_1	15928_1_1_1	4000784.0	4000784.0	0.0	strict	15928_1_1_1	112.0	7.0	0.0	0.55
15928_1_1_1	6597_1_1_1	15928_1_1_1	3000819.0	4000784.0	999965.0	moderate	6597_1_1_1	117.0	7.0	0.0	1.48
15928_1_1_1	50763_1_1_1	15928_1_1_1	1000575.7233530016	4000784.0	3000208.2766469982	unfiltered	50763_1_1_1	116.0	5.0	4.2766469985	2.21
15932_1_1_1	15932_1_1_1	15932_1_1_1	3001523.3973138016	3001523.3973138016	0.0	moderate	15932_1_1_1	218.0	7.0	2.6026861986	0.74
15933_1_1_1	15933_1_1_1	15933_1_1_1	3000469.0	3000469.0	0.0	moderate	15933_1_1_1	67.0	7.0	0.0	0.49
15937_1_1_1	15937_1_1_1	15937_1_1_1	2000056.0	2000056.0	0.0	tolerant	15937_1_1_1	28.0	2.0	0.0	0.0
15938_1_1_1	15938_1_1_1	15938_1_1_1	2000396.0	2000396.0	0.0	tolerant	15938_1_1_1	66.0	6.0	0.0	1.94
15938_1_1_1	52456_1_1_1	15938_1_1_1	1000306.179589982	2000396.0	1000089.820410018	unfiltered	52456_1_1_1	62.0	5.0	3.8204100181	2.17
15940_1_1_1	15940_1_1_1	15940_1_1_1	2000229.7459731535	2000229.7459731535	0.0	tolerant	15940_1_1_1	58.0	4.0	2.2540268463	1.76
15942_1_1_1	15942_1_1_1	15942_1_1_1	4000558.0	4000558.0	0.0	strict	15942_1_1_1	93.0	6.0	0.0	0.65
15942_1_1_1	26316_1_1_1	15942_1_1_1	3000470.0	4000558.0	1000088.0	moderate	26316_1_1_1	94.0	5.0	0.0	0.26
15942_1_1_1	51392_1_1_1	15942_1_1_1	3000288.0	4000558.0	1000270.0	moderate	51392_1_1_1	72.0	4.0	0.0	1.38
15943_1_1_1	15943_1_1_1	15943_1_1_1	4000798.0	4000798.0	0.0	strict	15943_1_1_1	114.0	7.0	0.0	0.35
15943_1_1_1	15791_1_1_1	15943_1_1_1	3000784.0	4000798.0	1000014.0	moderate	15791_1_1_1	112.0	7.0	0.0	0.26
15946_1_1_1	31194_1_1_1	31194_1_1_1	3000105.0	3000105.0	0.0	moderate	31194_1_1_1	35.0	3.0	0.0	0.0
15946_1_1_1	15946_1_1_1	31194_1_1_1	3000081.0	3000105.0	24.0	moderate	15946_1_1_1	27.0	3.0	0.0	0.0
15946_1_1_1	31195_1_1_1	31194_1_1_1	2000102.0	3000105.0	1000003.0	tolerant	31195_1_1_1	34.0	3.0	0.0	0.0
15946_1_1_1	31196_1_1_1	31194_1_1_1	2000102.0	3000105.0	1000003.0	tolerant	31196_1_1_1	34.0	3.0	0.0	0.0
15946_1_1_1	31197_1_1_1	31194_1_1_1	2000099.0	3000105.0	1000006.0	tolerant	31197_1_1_1	33.0	3.0	0.0	0.0
15951_1_1_1	15951_1_1_1	15951_1_1_1	3000135.0	3000135.0	0.0	moderate	15951_1_1_1	27.0	5.0	0.0	0.01
15953_1_1_1	15953_1_1_1	15953_1_1_1	4000348.0	4000348.0	0.0	strict	15953_1_1_1	87.0	4.0	0.0	1.53
15953_1_1_1	4305_1_1_1	15953_1_1_1	3000528.0	4000348.0	999820.0	moderate	4305_1_1_1	88.0	6.0	0.0	1.82
15953_1_1_1	4912_1_1_1	15953_1_1_1	3000522.0	4000348.0	999826.0	moderate	4912_1_1_1	87.0	6.0	0.0	1.82
15953_1_1_1	15076_1_1_1	15953_1_1_1	3000261.0	4000348.0	1000087.0	moderate	15076_1_1_1	87.0	3.0	0.0	0.0
15954_1_1_1	15954_1_1_1	15954_1_1_1	2000743.023975399	2000743.023975399	0.0	tolerant	15954_1_1_1	149.0	5.0	1.976024601	1.78
15956_1_1_1	15956_1_1_1	15956_1_1_1	2000594.0	2000594.0	0.0	tolerant	15956_1_1_1	99.0	6.0	0.0	3.27
15957_1_1_1	15957_1_1_1	15957_1_1_1	2000057.0	2000057.0	0.0	tolerant	15957_1_1_1	19.0	3.0	0.0	0.0
15958_1_1_1	15958_1_1_1	15958_1_1_1	3000789.2432358465	3000789.2432358465	0.0	moderate	15958_1_1_1	132.0	6.0	2.7567641536	1.57
15959_1_1_1	15959_1_1_1	15959_1_1_1	2000208.0	2000208.0	0.0	tolerant	15959_1_1_1	104.0	2.0	0.0	0.0
15961_1_1_1	15961_1_1_1	15961_1_1_1	3001250.1898370115	3001250.1898370115	0.0	moderate	15961_1_1_1	179.0	7.0	2.8101629885	1.13
15964_1_1_1	15964_1_1_1	15964_1_1_1	4001043.0	4001043.0	0.0	strict	15964_1_1_1	149.0	7.0	0.0	0.19
15966_1_1_1	15966_1_1_1	15966_1_1_1	4000865.0	4000865.0	0.0	strict	15966_1_1_1	173.0	5.0	0.0	0.45
15966_1_1_1	18395_1_1_1	15966_1_1_1	1000383.7215872156	4000865.0	3000481.2784127844	unfiltered	18395_1_1_1	98.0	4.0	8.2784127844	0.0
15970_1_1_1	15971_1_1_1	15971_1_1_1	3000609.0	3000609.0	0.0	moderate	15971_1_1_1	87.0	7.0	0.0	1.95
15970_1_1_1	15970_1_1_1	15971_1_1_1	3000553.0	3000609.0	56.0	moderate	15970_1_1_1	79.0	7.0	0.0	1.31
15975_1_1_1	15975_1_1_1	15975_1_1_1	3000735.0	3000735.0	0.0	moderate	15975_1_1_1	105.0	7.0	0.0	0.09
15975_1_1_1	4870_1_1_1	15975_1_1_1	2000621.7233499023	3000735.0	1000113.2766500977	tolerant	4870_1_1_1	104.0	6.0	2.2766500974	1.28
15977_1_1_1	15977_1_1_1	15977_1_1_1	3000774.4835803877	3000774.4835803877	0.0	moderate	15977_1_1_1	111.0	7.0	2.5164196123	0.83
15981_1_1_1	15981_1_1_1	15981_1_1_1	4001036.0	4001036.0	0.0	strict	15981_1_1_1	148.0	7.0	0.0	0.14
15987_1_1_1	15987_1_1_1	15987_1_1_1	3000159.0	3000159.0	0.0	moderate	15987_1_1_1	53.0	3.0	0.0	0.0
15988_1_1_1	15988_1_1_1	15988_1_1_1	4000606.0	4000606.0	0.0	strict	15988_1_1_1	101.0	6.0	0.0	0.61
15989_1_1_1	15989_1_1_1	15989_1_1_1	4000735.0	4000735.0	0.0	strict	15989_1_1_1	105.0	7.0	0.0	0.43
15990_1_1_1	15990_1_1_1	15990_1_1_1	4000444.0	4000444.0	0.0	strict	15990_1_1_1	74.0	6.0	0.0	0.69
15991_1_1_1	15991_1_1_1	15991_1_1_1	4000768.0	4000768.0	0.0	strict	15991_1_1_1	128.0	6.0	0.0	0.65
15995_1_1_1	15995_1_1_1	15995_1_1_1	3000546.0	3000546.0	0.0	moderate	15995_1_1_1	78.0	7.0	0.0	2.8
15996_1_1_1	15996_1_1_1	15996_1_1_1	3001029.0	3001029.0	0.0	moderate	15996_1_1_1	147.0	7.0	0.0	0.63
15997_1_1_1	15997_1_1_1	15997_1_1_1	4000408.0	4000408.0	0.0	strict	15997_1_1_1	68.0	6.0	0.0	1.01
15998_1_1_1	15998_1_1_1	15998_1_1_1	3000390.0	3000390.0	0.0	moderate	15998_1_1_1	130.0	3.0	0.0	0.0
16000_1_1_1	34045_2_1_1	34045_2_1_1	3000357.0	3000357.0	0.0	moderate	34045_2_1_1	51.0	7.0	0.0	1.14
16000_1_1_1	16000_1_1_1	34045_2_1_1	3000123.0	3000357.0	234.0	moderate	16000_1_1_1	41.0	3.0	0.0	0.0
16000_1_1_1	6568_1_1_1	34045_2_1_1	2000096.0	3000357.0	1000261.0	tolerant	6568_1_1_1	48.0	2.0	0.0	0.0
16000_1_1_1	15993_1_1_1	34045_2_1_1	2000084.0	3000357.0	1000273.0	tolerant	15993_1_1_1	42.0	2.0	0.0	0.0
16001_1_1_1	16001_1_1_1	16001_1_1_1	4000735.0	4000735.0	0.0	strict	16001_1_1_1	105.0	7.0	0.0	0.53
16003_1_1_1	18417_1_1_1	18417_1_1_1	3001698.416088415	3001698.416088415	0.0	moderate	18417_1_1_1	243.0	7.0	2.5839115853	0.96
16003_1_1_1	16003_1_1_1	18417_1_1_1	3000782.2410672945	3001698.416088415	916.1750211203471	moderate	16003_1_1_1	157.0	5.0	2.7589327056	1.43
16005_1_1_1	16005_1_1_1	16005_1_1_1	3000273.0	3000273.0	0.0	moderate	16005_1_1_1	39.0	7.0	0.0	4.59
16006_1_1_1	16006_1_1_1	16006_1_1_1	4000609.0	4000609.0	0.0	strict	16006_1_1_1	87.0	7.0	0.0	1.89
16007_1_1_1	16007_1_1_1	16007_1_1_1	4000854.0	4000854.0	0.0	strict	16007_1_1_1	122.0	7.0	0.0	0.54
16007_1_1_1	7271_1_1_1	16007_1_1_1	3000868.0	4000854.0	999986.0	moderate	7271_1_1_1	124.0	7.0	0.0	0.63
16012_1_1_1	16012_1_1_1	16012_1_1_1	3000231.0	3000231.0	0.0	moderate	16012_1_1_1	33.0	7.0	0.0	0.97
16018_1_1_1	16018_1_1_1	16018_1_1_1	3000384.0	3000384.0	0.0	moderate	16018_1_1_1	128.0	3.0	0.0	0.0
16021_1_1_1	16021_1_1_1	16021_1_1_1	3001575.0	3001575.0	0.0	moderate	16021_1_1_1	225.0	7.0	0.0	1.13
16028_1_1_1	16028_1_1_1	16028_1_1_1	3000072.0	3000072.0	0.0	moderate	16028_1_1_1	24.0	3.0	0.0	0.0
16029_1_1_1	16029_1_1_1	16029_1_1_1	3000578.101354846	3000578.101354846	0.0	moderate	16029_1_1_1	83.0	7.0	2.8986451543	1.25
16030_1_1_1	16030_1_1_1	16030_1_1_1	3000678.0	3000678.0	0.0	moderate	16030_1_1_1	113.0	6.0	0.0	0.1
16032_1_1_1	16031_1_1_1	16031_1_1_1	3000718.2583146	3000718.2583146	0.0	moderate	16031_1_1_1	103.0	7.0	2.7416853997	2.36
16032_1_1_1	16032_1_1_1	16031_1_1_1	3000627.5391397625	3000718.2583146	90.71917483769357	moderate	16032_1_1_1	105.0	6.0	2.4608602375	0.13
16035_1_1_1	16035_1_1_1	16035_1_1_1	2001265.5325599385	2001265.5325599385	0.0	tolerant	16035_1_1_1	317.0	4.0	2.4674400614	0.91
16039_1_1_1	16039_1_1_1	16039_1_1_1	4000564.0	4000564.0	0.0	strict	16039_1_1_1	141.0	4.0	0.0	0.0
16039_1_1_1	16248_1_1_1	16039_1_1_1	2000969.149674088	4000564.0	1999594.850325912	tolerant	16248_1_1_1	162.0	6.0	2.8503259122	1.82
16039_1_1_1	16038_1_1_1	16039_1_1_1	2000697.9771088464	4000564.0	1999866.0228911536	tolerant	16038_1_1_1	140.0	5.0	2.0228911537	1.68
16039_1_1_1	16364_1_1_1	16039_1_1_1	2000672.269104906	4000564.0	1999891.730895094	tolerant	16364_1_1_1	135.0	5.0	2.7308950941	1.63
16040_1_1_1	4371_1_1_1	4371_1_1_1	3000721.0	3000721.0	0.0	moderate	4371_1_1_1	103.0	7.0	0.0	1.1
16040_1_1_1	16040_1_1_1	4371_1_1_1	3000408.0	3000721.0	313.0	moderate	16040_1_1_1	102.0	4.0	0.0	0.0
16040_1_1_1	4893_1_1_1	4371_1_1_1	2000735.0	3000721.0	999986.0	tolerant	4893_1_1_1	105.0	7.0	0.0	0.65
16040_1_1_1	4825_1_1_1	4371_1_1_1	2000728.0	3000721.0	999993.0	tolerant	4825_1_1_1	104.0	7.0	0.0	0.37
16042_1_1_1	16042_1_1_1	16042_1_1_1	4000768.0	4000768.0	0.0	strict	16042_1_1_1	128.0	6.0	0.0	3.08
16042_1_1_1	27113_1_1_1	16042_1_1_1	3000620.0	4000768.0	1000148.0	moderate	27113_1_1_1	124.0	5.0	0.0	2.54
16042_1_1_1	27096_1_1_1	16042_1_1_1	3000468.0	4000768.0	1000300.0	moderate	27096_1_1_1	117.0	4.0	0.0	0.0
16043_1_1_1	16043_1_1_1	16043_1_1_1	4000875.0	4000875.0	0.0	strict	16043_1_1_1	125.0	7.0	0.0	2.94
16043_1_1_1	6365_1_1_1	16043_1_1_1	3000846.0	4000875.0	1000029.0	moderate	6365_1_1_1	141.0	6.0	0.0	1.11
16043_1_1_1	6369_1_1_1	16043_1_1_1	3000816.0	4000875.0	1000059.0	moderate	6369_1_1_1	136.0	6.0	0.0	0.57
16044_1_1_1	16044_1_1_1	16044_1_1_1	2001096.1305364084	2001096.1305364084	0.0	tolerant	16044_1_1_1	157.0	7.0	2.8694635916	1.26
16045_1_1_1	16045_1_1_1	16045_1_1_1	3000662.2047757334	3000662.2047757334	0.0	moderate	16045_1_1_1	95.0	7.0	2.7952242666	2.35
16052_1_1_1	16052_1_1_1	16052_1_1_1	2000735.399855393	2000735.399855393	0.0	tolerant	16052_1_1_1	123.0	6.0	2.6001446069	1.09
16053_1_1_1	16053_1_1_1	16053_1_1_1	2000476.0	2000476.0	0.0	tolerant	16053_1_1_1	68.0	7.0	0.0	1.29
16056_1_1_1	16056_1_1_1	16056_1_1_1	2000130.0	2000130.0	0.0	tolerant	16056_1_1_1	26.0	5.0	0.0	0.0
16057_1_1_1	16057_1_1_1	16057_1_1_1	4000665.0	4000665.0	0.0	strict	16057_1_1_1	95.0	7.0	0.0	2.57
16061_1_1_1	16061_1_1_1	16061_1_1_1	2000792.6797135288	2000792.6797135288	0.0	tolerant	16061_1_1_1	159.0	5.0	2.3202864711	1.11
16064_1_1_1	16064_1_1_1	16064_1_1_1	4000651.0	4000651.0	0.0	strict	16064_1_1_1	93.0	7.0	0.0	0.17
16066_1_1_1	16066_1_1_1	16066_1_1_1	4000658.0	4000658.0	0.0	strict	16066_1_1_1	94.0	7.0	0.0	0.5
16067_1_1_1	16067_1_1_1	16067_1_1_1	2000094.689230424	2000094.689230424	0.0	tolerant	16067_1_1_1	32.0	3.0	1.3107695759	1.63
16068_1_1_1	16068_1_1_1	16068_1_1_1	1000713.433967287	1000713.433967287	0.0	unfiltered	16068_1_1_1	103.0	7.0	7.566032713	1.51
16069_1_1_1	16069_1_1_1	16069_1_1_1	3000421.668829135	3000421.668829135	0.0	moderate	16069_1_1_1	106.0	4.0	2.3311708648	0.86
16083_1_1_1	16083_1_1_1	16083_1_1_1	4000707.0	4000707.0	0.0	strict	16083_1_1_1	101.0	7.0	0.0	0.15
16084_1_1_1	16084_1_1_1	16084_1_1_1	3000564.0	3000564.0	0.0	moderate	16084_1_1_1	94.0	6.0	0.0	0.17
16087_1_1_1	34170_1_1_1	34170_1_1_1	3000385.0	3000385.0	0.0	moderate	34170_1_1_1	55.0	7.0	0.0	0.53
16087_1_1_1	16087_1_1_1	34170_1_1_1	3000265.0	3000385.0	120.0	moderate	16087_1_1_1	53.0	5.0	0.0	0.0
16087_1_1_1	25957_1_1_1	34170_1_1_1	2000312.0	3000385.0	1000073.0	tolerant	25957_1_1_1	52.0	6.0	0.0	0.83
16087_1_1_1	26734_1_1_1	34170_1_1_1	2000294.0	3000385.0	1000091.0	tolerant	26734_1_1_1	49.0	6.0	0.0	1.13
16089_1_1_1	16089_1_1_1	16089_1_1_1	3000879.760045191	3000879.760045191	0.0	moderate	16089_1_1_1	126.0	7.0	2.239954809	0.64
16090_1_1_1	16090_1_1_1	16090_1_1_1	4000100.0	4000100.0	0.0	strict	16090_1_1_1	25.0	4.0	0.0	0.0
16091_1_1_1	16091_1_1_1	16091_1_1_1	2000467.6056086677	2000467.6056086677	0.0	tolerant	16091_1_1_1	94.0	5.0	2.3943913326	2.16
16093_1_1_1	16093_1_1_1	16093_1_1_1	4000810.0	4000810.0	0.0	strict	16093_1_1_1	135.0	6.0	0.0	0.2
16096_1_1_1	16096_1_1_1	16096_1_1_1	3000609.0	3000609.0	0.0	moderate	16096_1_1_1	87.0	7.0	0.0	2.16
16096_1_1_1	18380_1_1_1	16096_1_1_1	2000467.6078028532	3000609.0	1000141.3921971468	tolerant	18380_1_1_1	94.0	5.0	2.3921971468	2.33
16097_1_1_1	16097_1_1_1	16097_1_1_1	4000960.0	4000960.0	0.0	strict	16097_1_1_1	160.0	6.0	0.0	0.26
16098_1_1_1	16098_1_1_1	16098_1_1_1	4001015.0	4001015.0	0.0	strict	16098_1_1_1	145.0	7.0	0.0	0.37
16100_1_1_1	16100_1_1_1	16100_1_1_1	2000540.0	2000540.0	0.0	tolerant	16100_1_1_1	135.0	4.0	0.0	0.3
16101_1_1_1	16101_1_1_1	16101_1_1_1	2000525.0	2000525.0	0.0	tolerant	16101_1_1_1	75.0	7.0	0.0	1.66
16102_1_1_1	16102_1_1_1	16102_1_1_1	4000784.0	4000784.0	0.0	strict	16102_1_1_1	112.0	7.0	0.0	0.71
16104_1_1_1	34069_1_1_1	34069_1_1_1	3000208.7766174707	3000208.7766174707	0.0	moderate	34069_1_1_1	35.0	6.0	1.2233825292	0.0
16104_1_1_1	16104_1_1_1	34069_1_1_1	3000140.0	3000208.7766174707	68.77661747066304	moderate	16104_1_1_1	35.0	4.0	0.0	0.0
16104_1_1_1	16314_1_1_1	34069_1_1_1	3000102.0	3000208.7766174707	106.77661747066304	moderate	16314_1_1_1	34.0	3.0	0.0	0.0
16104_1_1_1	7311_1_1_1	34069_1_1_1	2000138.486261535	3000208.7766174707	1000070.2903559357	tolerant	7311_1_1_1	35.0	4.0	1.5137384651	2.78
16104_1_1_1	51866_1_1_1	34069_1_1_1	1000170.0	3000208.7766174707	2000038.7766174707	unfiltered	51866_1_1_1	34.0	5.0	0.0	3.33
16107_1_1_1	16107_1_1_1	16107_1_1_1	3001096.2491755923	3001096.2491755923	0.0	moderate	16107_1_1_1	157.0	7.0	2.7508244076	0.65
16109_1_1_1	16109_1_1_1	16109_1_1_1	3000532.0	3000532.0	0.0	moderate	16109_1_1_1	76.0	7.0	0.0	1.53
16110_1_1_1	16110_1_1_1	16110_1_1_1	3000405.668865972	3000405.668865972	0.0	moderate	16110_1_1_1	68.0	6.0	2.3311340277	0.72
16111_1_1_1	16111_1_1_1	16111_1_1_1	2000523.2641255136	2000523.2641255136	0.0	tolerant	16111_1_1_1	105.0	5.0	1.7358744864	0.44
16112_1_1_1	16112_1_1_1	16112_1_1_1	3000078.0	3000078.0	0.0	moderate	16112_1_1_1	26.0	3.0	0.0	0.0
16113_1_1_1	16113_1_1_1	16113_1_1_1	3000666.0	3000666.0	0.0	moderate	16113_1_1_1	111.0	6.0	0.0	0.25
16114_1_1_1	16114_1_1_1	16114_1_1_1	4000648.0	4000648.0	0.0	strict	16114_1_1_1	108.0	6.0	0.0	2.59
16115_1_1_1	16115_1_1_1	16115_1_1_1	2000522.0	2000522.0	0.0	tolerant	16115_1_1_1	87.0	6.0	0.0	0.4
16118_1_1_1	16118_1_1_1	16118_1_1_1	3000634.1533859456	3000634.1533859456	0.0	moderate	16118_1_1_1	91.0	7.0	2.8466140546	1.22
16122_1_1_1	16122_1_1_1	16122_1_1_1	3000130.0	3000130.0	0.0	moderate	16122_1_1_1	26.0	5.0	0.0	0.87
16123_1_1_1	18788_1_1_1	18788_1_1_1	4000931.0	4000931.0	0.0	strict	18788_1_1_1	133.0	7.0	0.0	0.78
16123_1_1_1	16123_1_1_1	18788_1_1_1	4000516.0	4000931.0	415.0	strict	16123_1_1_1	129.0	4.0	0.0	0.38
16123_1_1_1	15357_1_1_1	18788_1_1_1	3001033.176600887	4000931.0	999897.823399113	moderate	15357_1_1_1	148.0	7.0	2.8233991124	1.16
16123_1_1_1	4052_1_1_1	18788_1_1_1	3000994.0	4000931.0	999937.0	moderate	4052_1_1_1	142.0	7.0	0.0	2.05
16123_1_1_1	16585_1_1_1	18788_1_1_1	3000952.0	4000931.0	999979.0	moderate	16585_1_1_1	136.0	7.0	0.0	0.87
16123_1_1_1	1875_1_1_1	18788_1_1_1	3000620.0	4000931.0	1000311.0	moderate	1875_1_1_1	124.0	5.0	0.0	1.25
16123_1_1_1	6251_1_1_1	18788_1_1_1	3000438.0	4000931.0	1000493.0	moderate	6251_1_1_1	73.0	6.0	0.0	2.79
16123_1_1_1	18013_1_1_1	18788_1_1_1	2000882.0	4000931.0	2000049.0	tolerant	18013_1_1_1	147.0	6.0	0.0	0.79
16123_1_1_1	15232_1_1_1	18788_1_1_1	2000640.0	4000931.0	2000291.0	tolerant	15232_1_1_1	128.0	5.0	0.0	0.89
16123_1_1_1	15901_1_1_1	18788_1_1_1	2000423.0	4000931.0	2000508.0	tolerant	15901_1_1_1	141.0	3.0	0.0	0.68
16123_1_1_1	1581_1_1_1	18788_1_1_1	2000268.0	4000931.0	2000663.0	tolerant	1581_1_1_1	134.0	2.0	0.0	0.0
16123_1_1_1	1583_1_1_1	18788_1_1_1	2000264.0	4000931.0	2000667.0	tolerant	1583_1_1_1	132.0	2.0	0.0	0.0
16123_1_1_1	1584_1_1_1	18788_1_1_1	2000264.0	4000931.0	2000667.0	tolerant	1584_1_1_1	132.0	2.0	0.0	0.0
16123_1_1_1	1582_1_1_1	18788_1_1_1	2000256.0	4000931.0	2000675.0	tolerant	1582_1_1_1	128.0	2.0	0.0	0.0
16123_1_1_1	52367_1_1_1	18788_1_1_1	2000248.0	4000931.0	2000683.0	tolerant	52367_1_1_1	124.0	2.0	0.0	1.85
16123_1_1_1	1696_1_1_1	18788_1_1_1	2000198.0	4000931.0	2000733.0	tolerant	1696_1_1_1	33.0	6.0	0.0	0.43
16123_1_1_1	136_1_1_1	18788_1_1_1	2000102.0	4000931.0	2000829.0	tolerant	136_1_1_1	34.0	3.0	0.0	0.0
16123_1_1_1	50956_1_1_1	18788_1_1_1	2000084.0	4000931.0	2000847.0	tolerant	50956_1_1_1	21.0	4.0	0.0	0.3
16123_1_1_1	50301_1_1_1	18788_1_1_1	1000472.6232818898	4000931.0	3000458.3767181104	unfiltered	50301_1_1_1	119.0	4.0	3.3767181102	2.66
16124_1_1_1	16124_1_1_1	16124_1_1_1	3001134.0	3001134.0	0.0	moderate	16124_1_1_1	162.0	7.0	0.0	0.18
16129_1_1_1	25945_1_1_1	25945_1_1_1	3000714.0	3000714.0	0.0	moderate	25945_1_1_1	102.0	7.0	0.0	0.48
16129_1_1_1	16129_1_1_1	25945_1_1_1	3000672.0	3000714.0	42.0	moderate	16129_1_1_1	96.0	7.0	0.0	0.7
16133_1_1_1	16133_1_1_1	16133_1_1_1	3000344.0	3000344.0	0.0	moderate	16133_1_1_1	86.0	4.0	0.0	0.34
16135_1_1_1	16135_1_1_1	16135_1_1_1	3000707.0	3000707.0	0.0	moderate	16135_1_1_1	101.0	7.0	0.0	0.35
16136_1_1_1	16150_1_1_1	16150_1_1_1	3000264.0	3000264.0	0.0	moderate	16150_1_1_1	44.0	6.0	0.0	0.41
16136_1_1_1	16136_1_1_1	16150_1_1_1	3000258.0	3000264.0	6.0	moderate	16136_1_1_1	43.0	6.0	0.0	0.65
16136_1_1_1	16151_1_1_1	16150_1_1_1	3000252.0	3000264.0	12.0	moderate	16151_1_1_1	42.0	6.0	0.0	0.7
16136_1_1_1	16152_1_1_1	16150_1_1_1	3000252.0	3000264.0	12.0	moderate	16152_1_1_1	42.0	6.0	0.0	0.78
16136_1_1_1	5410_1_1_1	16150_1_1_1	3000117.0	3000264.0	147.0	moderate	5410_1_1_1	39.0	3.0	0.0	0.0
16139_1_1_1	16139_1_1_1	16139_1_1_1	3000420.0	3000420.0	0.0	moderate	16139_1_1_1	60.0	7.0	0.0	4.36
16147_1_1_1	16147_1_1_1	16147_1_1_1	3000721.0	3000721.0	0.0	moderate	16147_1_1_1	103.0	7.0	0.0	1.21
16149_1_1_1	16149_1_1_1	16149_1_1_1	2000210.0	2000210.0	0.0	tolerant	16149_1_1_1	30.0	7.0	0.0	0.17
16153_1_1_1	16153_1_1_1	16153_1_1_1	2000324.0	2000324.0	0.0	tolerant	16153_1_1_1	54.0	6.0	0.0	1.42
16154_1_1_1	16154_1_1_1	16154_1_1_1	4000721.0	4000721.0	0.0	strict	16154_1_1_1	103.0	7.0	0.0	1.17
16155_1_1_1	16155_1_1_1	16155_1_1_1	4000637.0	4000637.0	0.0	strict	16155_1_1_1	91.0	7.0	0.0	1.31
16156_1_1_1	16156_1_1_1	16156_1_1_1	3000315.0	3000315.0	0.0	moderate	16156_1_1_1	45.0	7.0	0.0	1.54
16157_1_1_1	16157_1_1_1	16157_1_1_1	3000511.0	3000511.0	0.0	moderate	16157_1_1_1	73.0	7.0	0.0	2.79
16159_1_1_1	16159_1_1_1	16159_1_1_1	3000186.6956728655	3000186.6956728655	0.0	moderate	16159_1_1_1	47.0	4.0	1.3043271345	0.0
16159_1_1_1	15552_1_1_1	16159_1_1_1	3000182.568943142	3000186.6956728655	4.126729723531753	moderate	15552_1_1_1	46.0	4.0	1.4310568581	0.0
16159_1_1_1	18719_1_1_1	16159_1_1_1	2000084.0	3000186.6956728655	1000102.6956728655	tolerant	18719_1_1_1	42.0	2.0	0.0	0.0
16161_1_1_1	16161_1_1_1	16161_1_1_1	4000618.0	4000618.0	0.0	strict	16161_1_1_1	103.0	6.0	0.0	0.25
16162_1_1_1	16162_1_1_1	16162_1_1_1	3000217.884034552	3000217.884034552	0.0	moderate	16162_1_1_1	55.0	4.0	2.1159654477	0.0
16162_1_1_1	16158_1_1_1	16162_1_1_1	2000092.0	3000217.884034552	1000125.8840345521	tolerant	16158_1_1_1	46.0	2.0	0.0	0.0
16167_1_1_1	16167_1_1_1	16167_1_1_1	3000325.0	3000325.0	0.0	moderate	16167_1_1_1	65.0	5.0	0.0	0.49
16168_1_1_1	16168_1_1_1	16168_1_1_1	2000280.0	2000280.0	0.0	tolerant	16168_1_1_1	70.0	4.0	0.0	0.25
1616_1_1_1	1616_1_1_1	1616_1_1_1	2000044.0	2000044.0	0.0	tolerant	1616_1_1_1	22.0	2.0	0.0	0.0
16175_1_1_1	16175_1_1_1	16175_1_1_1	3000861.0	3000861.0	0.0	moderate	16175_1_1_1	123.0	7.0	0.0	1.04
16176_1_1_1	16176_1_1_1	16176_1_1_1	3000402.0	3000402.0	0.0	moderate	16176_1_1_1	67.0	6.0	0.0	0.53
16178_1_1_1	16178_1_1_1	16178_1_1_1	1000056.5536280008	1000056.5536280008	0.0	unfiltered	16178_1_1_1	22.0	3.0	9.4463719992	0.0
16186_1_1_1	16186_1_1_1	16186_1_1_1	3000840.0	3000840.0	0.0	moderate	16186_1_1_1	120.0	7.0	0.0	0.22
16188_1_1_1	16188_1_1_1	16188_1_1_1	2000855.6136530433	2000855.6136530433	0.0	tolerant	16188_1_1_1	143.0	6.0	2.3863469566	0.27
16195_1_1_1	16195_1_1_1	16195_1_1_1	2000913.860198143	2000913.860198143	0.0	tolerant	16195_1_1_1	183.0	5.0	1.139801857	1.76
16198_1_1_1	16198_1_1_1	16198_1_1_1	2000579.749427648	2000579.749427648	0.0	tolerant	16198_1_1_1	97.0	6.0	2.2505723523	1.39
161_1_1_1	161_1_1_1	161_1_1_1	1000030.0	1000030.0	0.0	unfiltered	161_1_1_1	10.0	3.0	0.0	0.0
16206_1_1_1	16206_1_1_1	16206_1_1_1	3000609.0	3000609.0	0.0	moderate	16206_1_1_1	87.0	7.0	0.0	0.34
16211_1_1_1	16211_1_1_1	16211_1_1_1	4000384.0	4000384.0	0.0	strict	16211_1_1_1	96.0	4.0	0.0	0.0
16213_1_1_1	16213_1_1_1	16213_1_1_1	3001143.074800396	3001143.074800396	0.0	moderate	16213_1_1_1	191.0	6.0	2.9251996042	0.97
16216_1_1_1	16216_1_1_1	16216_1_1_1	4000624.0	4000624.0	0.0	strict	16216_1_1_1	104.0	6.0	0.0	0.19
16218_1_1_1	16500_1_1_1	16500_1_1_1	2000469.70415313	2000469.70415313	0.0	tolerant	16500_1_1_1	118.0	4.0	2.29584687	1.78
16218_1_1_1	16218_1_1_1	16500_1_1_1	2000110.2455702764	2000469.70415313	359.4585828536656	tolerant	16218_1_1_1	37.0	3.0	0.7544297235	0.0
16219_1_1_1	16219_1_1_1	16219_1_1_1	2000417.4392849405	2000417.4392849405	0.0	tolerant	16219_1_1_1	70.0	6.0	2.5607150596	0.48
16221_1_1_1	16221_1_1_1	16221_1_1_1	2000294.0	2000294.0	0.0	tolerant	16221_1_1_1	49.0	6.0	0.0	0.52
16233_1_1_1	16233_1_1_1	16233_1_1_1	3000826.0	3000826.0	0.0	moderate	16233_1_1_1	118.0	7.0	0.0	0.88
16236_1_1_1	16236_1_1_1	16236_1_1_1	4000777.0	4000777.0	0.0	strict	16236_1_1_1	111.0	7.0	0.0	1.31
16236_1_1_1	11405_1_1_1	16236_1_1_1	3000746.199053369	4000777.0	1000030.800946631	moderate	11405_1_1_1	107.0	7.0	2.8009466309	0.77
16238_1_1_1	16238_1_1_1	16238_1_1_1	2000603.8543961365	2000603.8543961365	0.0	tolerant	16238_1_1_1	101.0	6.0	2.1456038636	0.95
16239_1_1_1	16239_1_1_1	16239_1_1_1	2000138.0	2000138.0	0.0	tolerant	16239_1_1_1	23.0	6.0	0.0	0.0
16240_1_1_1	16240_1_1_1	16240_1_1_1	3001092.0	3001092.0	0.0	moderate	16240_1_1_1	156.0	7.0	0.0	0.4
16240_1_1_1	15950_1_1_1	16240_1_1_1	2000653.755111104	3001092.0	1000438.2448888959	tolerant	15950_1_1_1	164.0	4.0	2.2448888958	0.74
16243_1_1_1	16243_1_1_1	16243_1_1_1	2000316.0	2000316.0	0.0	tolerant	16243_1_1_1	158.0	2.0	0.0	0.0
16246_1_1_1	16246_1_1_1	16246_1_1_1	3000492.0	3000492.0	0.0	moderate	16246_1_1_1	82.0	6.0	0.0	0.83
16247_1_1_1	16247_1_1_1	16247_1_1_1	2000201.487538685	2000201.487538685	0.0	tolerant	16247_1_1_1	51.0	4.0	2.512461315	0.76
16249_1_1_1	16249_1_1_1	16249_1_1_1	3000963.071343385	3000963.071343385	0.0	moderate	16249_1_1_1	138.0	7.0	2.9286566147	0.94
16249_1_1_1	51991_1_1_1	16249_1_1_1	2000693.284330011	3000963.071343385	1000269.787013374	tolerant	51991_1_1_1	116.0	6.0	2.7156699889	1.23
1624_1_1_1	1624_1_1_1	1624_1_1_1	2000026.0	2000026.0	0.0	tolerant	1624_1_1_1	13.0	2.0	0.0	0.0
16251_1_1_1	16251_1_1_1	16251_1_1_1	4000728.0	4000728.0	0.0	strict	16251_1_1_1	104.0	7.0	0.0	0.89
16254_1_1_1	16254_1_1_1	16254_1_1_1	1000112.0	1000112.0	0.0	unfiltered	16254_1_1_1	28.0	4.0	0.0	0.0
16258_1_1_1	16258_1_1_1	16258_1_1_1	2000638.1335085277	2000638.1335085277	0.0	tolerant	16258_1_1_1	160.0	4.0	1.8664914723	1.71
16259_1_1_1	16259_1_1_1	16259_1_1_1	3000206.675125384	3000206.675125384	0.0	moderate	16259_1_1_1	52.0	4.0	1.3248746161	0.0
16261_1_1_1	16261_1_1_1	16261_1_1_1	3000528.0	3000528.0	0.0	moderate	16261_1_1_1	88.0	6.0	0.0	0.35
16262_1_1_1	16262_1_1_1	16262_1_1_1	3000462.0	3000462.0	0.0	moderate	16262_1_1_1	77.0	6.0	0.0	0.54
16267_1_1_1	16267_1_1_1	16267_1_1_1	4000936.0022593625	4000936.0022593625	0.0	strict	16267_1_1_1	134.0	7.0	1.9977406376	0.31
16268_1_1_1	16268_1_1_1	16268_1_1_1	3000090.0	3000090.0	0.0	moderate	16268_1_1_1	30.0	3.0	0.0	0.0
16269_1_1_1	16269_1_1_1	16269_1_1_1	2000420.0	2000420.0	0.0	tolerant	16269_1_1_1	84.0	5.0	0.0	2.1
16272_1_1_1	16272_1_1_1	16272_1_1_1	4000707.0	4000707.0	0.0	strict	16272_1_1_1	101.0	7.0	0.0	0.55
16273_1_1_1	16273_1_1_1	16273_1_1_1	2001110.6349188045	2001110.6349188045	0.0	tolerant	16273_1_1_1	159.0	7.0	2.3650811955	0.94
16274_1_1_1	16274_1_1_1	16274_1_1_1	2000036.0	2000036.0	0.0	tolerant	16274_1_1_1	18.0	2.0	0.0	0.0
16279_1_1_1	16279_1_1_1	16279_1_1_1	3001140.0	3001140.0	0.0	moderate	16279_1_1_1	228.0	5.0	0.0	0.83
16293_1_1_1	16293_1_1_1	16293_1_1_1	4000345.0	4000345.0	0.0	strict	16293_1_1_1	69.0	5.0	0.0	0.5
16295_1_1_1	16295_1_1_1	16295_1_1_1	3000186.0	3000186.0	0.0	moderate	16295_1_1_1	31.0	6.0	0.0	0.4
16297_1_1_1	16297_1_1_1	16297_1_1_1	4000868.0	4000868.0	0.0	strict	16297_1_1_1	124.0	7.0	0.0	0.68
16298_1_1_1	16298_1_1_1	16298_1_1_1	3000739.739512988	3000739.739512988	0.0	moderate	16298_1_1_1	106.0	7.0	2.2604870119	0.65
16299_1_1_1	16299_1_1_1	16299_1_1_1	4000490.0	4000490.0	0.0	strict	16299_1_1_1	98.0	5.0	0.0	0.8
16312_1_1_1	16312_1_1_1	16312_1_1_1	4000684.0	4000684.0	0.0	strict	16312_1_1_1	114.0	6.0	0.0	0.54
16315_1_1_1	16315_1_1_1	16315_1_1_1	2000789.4549460143	2000789.4549460143	0.0	tolerant	16315_1_1_1	113.0	7.0	1.5450539854	0.22
16316_1_1_1	16316_1_1_1	16316_1_1_1	3000788.9481940237	3000788.9481940237	0.0	moderate	16316_1_1_1	113.0	7.0	2.0518059764	0.13
16317_1_1_1	16317_1_1_1	16317_1_1_1	3000933.794161004	3000933.794161004	0.0	moderate	16317_1_1_1	156.0	6.0	2.2058389959	0.33
16319_1_1_1	16319_1_1_1	16319_1_1_1	3000406.0	3000406.0	0.0	moderate	16319_1_1_1	58.0	7.0	0.0	0.81
16320_1_1_1	16320_1_1_1	16320_1_1_1	4000623.0	4000623.0	0.0	strict	16320_1_1_1	89.0	7.0	0.0	0.85
16322_1_1_1	16322_1_1_1	16322_1_1_1	3000712.0	3000712.0	0.0	moderate	16322_1_1_1	178.0	4.0	0.0	1.77
16323_1_1_1	16323_1_1_1	16323_1_1_1	1000076.2337108196	1000076.2337108196	0.0	unfiltered	16323_1_1_1	28.0	3.0	7.7662891804	0.0
16329_1_1_1	16329_1_1_1	16329_1_1_1	3001183.0	3001183.0	0.0	moderate	16329_1_1_1	169.0	7.0	0.0	0.51
16332_1_1_1	16332_1_1_1	16332_1_1_1	3000072.0	3000072.0	0.0	moderate	16332_1_1_1	24.0	3.0	0.0	0.0
16332_1_1_1	6827_1_1_1	16332_1_1_1	3000069.0	3000072.0	3.0	moderate	6827_1_1_1	23.0	3.0	0.0	0.0
16336_1_1_1	16336_1_1_1	16336_1_1_1	4000738.0	4000738.0	0.0	strict	16336_1_1_1	123.0	6.0	0.0	0.67
16338_1_1_1	16338_1_1_1	16338_1_1_1	4000588.0	4000588.0	0.0	strict	16338_1_1_1	84.0	7.0	0.0	0.92
16339_1_1_1	16339_1_1_1	16339_1_1_1	4000630.0	4000630.0	0.0	strict	16339_1_1_1	105.0	6.0	0.0	0.76
16341_1_1_1	16341_1_1_1	16341_1_1_1	3000757.170760487	3000757.170760487	0.0	moderate	16341_1_1_1	152.0	5.0	2.8292395127	1.19
16347_1_1_1	16347_1_1_1	16347_1_1_1	2000840.0	2000840.0	0.0	tolerant	16347_1_1_1	120.0	7.0	0.0	1.3
16349_1_1_1	16349_1_1_1	16349_1_1_1	3000928.9118503565	3000928.9118503565	0.0	moderate	16349_1_1_1	133.0	7.0	2.0881496434	1.19
16350_1_1_1	16350_1_1_1	16350_1_1_1	4000295.0	4000295.0	0.0	strict	16350_1_1_1	59.0	5.0	0.0	0.2
16352_1_1_1	16352_1_1_1	16352_1_1_1	3000641.013386526	3000641.013386526	0.0	moderate	16352_1_1_1	92.0	7.0	2.9866134739	1.12
16354_1_1_1	16354_1_1_1	16354_1_1_1	4000350.0	4000350.0	0.0	strict	16354_1_1_1	50.0	7.0	0.0	1.56
16355_1_1_1	16355_1_1_1	16355_1_1_1	3000525.0	3000525.0	0.0	moderate	16355_1_1_1	75.0	7.0	0.0	1.84
16357_1_1_1	16357_1_1_1	16357_1_1_1	2000624.0	2000624.0	0.0	tolerant	16357_1_1_1	104.0	6.0	0.0	0.89
16359_1_1_1	16359_1_1_1	16359_1_1_1	2000394.0	2000394.0	0.0	tolerant	16359_1_1_1	197.0	2.0	0.0	0.0
1635_1_1_1	1635_1_1_1	1635_1_1_1	2000044.0	2000044.0	0.0	tolerant	1635_1_1_1	22.0	2.0	0.0	0.0
16361_1_1_1	16361_1_1_1	16361_1_1_1	2000389.470624084	2000389.470624084	0.0	tolerant	16361_1_1_1	98.0	4.0	2.5293759161	0.87
16365_1_1_1	16365_1_1_1	16365_1_1_1	4000896.0	4000896.0	0.0	strict	16365_1_1_1	128.0	7.0	0.0	1.21
16366_1_1_1	16366_1_1_1	16366_1_1_1	2001022.0	2001022.0	0.0	tolerant	16366_1_1_1	146.0	7.0	0.0	0.48
16368_1_1_1	16368_1_1_1	16368_1_1_1	3000728.0	3000728.0	0.0	moderate	16368_1_1_1	104.0	7.0	0.0	0.44
16370_1_1_1	16370_1_1_1	16370_1_1_1	4000735.0	4000735.0	0.0	strict	16370_1_1_1	105.0	7.0	0.0	1.31
16371_1_1_1	16371_1_1_1	16371_1_1_1	3000840.0	3000840.0	0.0	moderate	16371_1_1_1	140.0	6.0	0.0	0.46
16373_1_1_1	16373_1_1_1	16373_1_1_1	4000684.0	4000684.0	0.0	strict	16373_1_1_1	114.0	6.0	0.0	0.13
16377_1_1_1	16377_1_1_1	16377_1_1_1	4000476.0	4000476.0	0.0	strict	16377_1_1_1	68.0	7.0	0.0	1.01
16378_1_1_1	16378_1_1_1	16378_1_1_1	2000595.0	2000595.0	0.0	tolerant	16378_1_1_1	85.0	7.0	0.0	0.44
16379_1_1_1	16379_1_1_1	16379_1_1_1	4000994.0	4000994.0	0.0	strict	16379_1_1_1	142.0	7.0	0.0	0.95
16380_1_1_1	16380_1_1_1	16380_1_1_1	4000882.0	4000882.0	0.0	strict	16380_1_1_1	147.0	6.0	0.0	0.9
16382_1_1_1	16382_1_1_1	16382_1_1_1	3000872.6009970168	3000872.6009970168	0.0	moderate	16382_1_1_1	125.0	7.0	2.3990029833	0.91
16385_1_1_1	16385_1_1_1	16385_1_1_1	4000749.0	4000749.0	0.0	strict	16385_1_1_1	107.0	7.0	0.0	1.55
16386_1_1_1	16386_1_1_1	16386_1_1_1	3000445.072197364	3000445.072197364	0.0	moderate	16386_1_1_1	64.0	7.0	2.9278026356	1.2
16387_1_1_1	25165_1_1_1	25165_1_1_1	3000581.0	3000581.0	0.0	moderate	25165_1_1_1	83.0	7.0	0.0	0.77
16387_1_1_1	16387_1_1_1	25165_1_1_1	3000553.0	3000581.0	28.0	moderate	16387_1_1_1	79.0	7.0	0.0	0.97
16389_1_1_1	16389_1_1_1	16389_1_1_1	4000624.0	4000624.0	0.0	strict	16389_1_1_1	104.0	6.0	0.0	0.99
16395_1_1_1	16395_1_1_1	16395_1_1_1	3001180.0	3001180.0	0.0	moderate	16395_1_1_1	295.0	4.0	0.0	1.0
16396_1_1_1	16396_1_1_1	16396_1_1_1	3000781.5375209837	3000781.5375209837	0.0	moderate	16396_1_1_1	112.0	7.0	2.4624790165	0.31
16403_1_1_1	16403_1_1_1	16403_1_1_1	4000609.0	4000609.0	0.0	strict	16403_1_1_1	87.0	7.0	0.0	0.88
16403_1_1_1	16264_1_1_1	16403_1_1_1	4000540.0	4000609.0	69.0	strict	16264_1_1_1	90.0	6.0	0.0	1.42
16403_1_1_1	4225_1_1_1	16403_1_1_1	3000324.0	4000609.0	1000285.0	moderate	4225_1_1_1	81.0	4.0	0.0	0.0
16403_1_1_1	4850_1_1_1	16403_1_1_1	3000320.0	4000609.0	1000289.0	moderate	4850_1_1_1	80.0	4.0	0.0	0.0
16405_1_1_1	16405_1_1_1	16405_1_1_1	2000172.0	2000172.0	0.0	tolerant	16405_1_1_1	43.0	4.0	0.0	0.95
16413_1_1_1	16413_1_1_1	16413_1_1_1	2000553.468352432	2000553.468352432	0.0	tolerant	16413_1_1_1	111.0	5.0	1.5316475681	1.27
16428_1_1_1	16428_1_1_1	16428_1_1_1	4000966.0	4000966.0	0.0	strict	16428_1_1_1	138.0	7.0	0.0	0.24
16430_1_2_1	16430_1_2_1	16430_1_2_1	3001015.0	3001015.0	0.0	moderate	16430_1_2_1	203.0	5.0	0.0	0.96
16435_1_1_1	16435_1_1_1	16435_1_1_1	1000126.0	1000126.0	0.0	unfiltered	16435_1_1_1	42.0	3.0	0.0	0.0
16439_1_1_1	16439_1_1_1	16439_1_1_1	4000826.0	4000826.0	0.0	strict	16439_1_1_1	118.0	7.0	0.0	0.88
16440_1_1_1	16440_1_1_1	16440_1_1_1	2001035.3584498095	2001035.3584498095	0.0	tolerant	16440_1_1_1	173.0	6.0	2.6415501906	1.06
16444_1_1_1	16444_1_1_1	16444_1_1_1	4001057.0	4001057.0	0.0	strict	16444_1_1_1	151.0	7.0	0.0	1.06
16446_1_1_1	16446_1_1_1	16446_1_1_1	4001316.0	4001316.0	0.0	strict	16446_1_1_1	188.0	7.0	0.0	0.28
16446_1_1_1	16334_1_1_1	16446_1_1_1	4001274.0	4001316.0	42.0	strict	16334_1_1_1	182.0	7.0	0.0	0.61
16446_1_1_1	18627_1_1_1	16446_1_1_1	4001258.687025805	4001316.0	57.31297419499606	strict	18627_1_1_1	180.0	7.0	1.312974195	0.23
16447_1_1_1	16447_1_1_1	16447_1_1_1	4001815.0	4001815.0	0.0	strict	16447_1_1_1	363.0	5.0	0.0	0.73
16452_1_1_1	16452_1_1_1	16452_1_1_1	1000191.5564427956	1000191.5564427956	0.0	unfiltered	16452_1_1_1	66.0	3.0	6.4435572044	0.0
16468_1_1_1	16468_1_1_1	16468_1_1_1	4000273.0	4000273.0	0.0	strict	16468_1_1_1	39.0	7.0	0.0	0.52
16468_1_1_1	5495_1_1_1	16468_1_1_1	3000111.0	4000273.0	1000162.0	moderate	5495_1_1_1	37.0	3.0	0.0	0.0
16468_1_1_1	31124_1_1_1	16468_1_1_1	2000222.0	4000273.0	2000051.0	tolerant	31124_1_1_1	37.0	6.0	0.0	0.72
16471_1_1_1	16471_1_1_1	16471_1_1_1	2000233.668568481	2000233.668568481	0.0	tolerant	16471_1_1_1	118.0	2.0	2.331431519	0.81
16476_1_1_1	16476_1_1_1	16476_1_1_1	3000819.0	3000819.0	0.0	moderate	16476_1_1_1	117.0	7.0	0.0	0.6
16477_1_1_1	16477_1_1_1	16477_1_1_1	3000081.0	3000081.0	0.0	moderate	16477_1_1_1	27.0	3.0	0.0	0.0
16478_1_1_1	16478_1_1_1	16478_1_1_1	3000711.390014684	3000711.390014684	0.0	moderate	16478_1_1_1	102.0	7.0	2.6099853162	1.18
16484_1_1_1	16484_1_1_1	16484_1_1_1	3000306.0	3000306.0	0.0	moderate	16484_1_1_1	51.0	6.0	0.0	2.8
16486_1_1_1	16486_1_1_1	16486_1_1_1	4000574.0	4000574.0	0.0	strict	16486_1_1_1	82.0	7.0	0.0	1.39
16487_1_1_1	16487_1_1_1	16487_1_1_1	2000218.0673359376	2000218.0673359376	0.0	tolerant	16487_1_1_1	55.0	4.0	1.9326640623	2.49
16490_1_1_1	16490_1_1_1	16490_1_1_1	2000514.116063534	2000514.116063534	0.0	tolerant	16490_1_1_1	86.0	6.0	1.883936466	0.56
16494_1_1_1	16494_1_1_1	16494_1_1_1	3000390.0	3000390.0	0.0	moderate	16494_1_1_1	130.0	3.0	0.0	0.0
16494_1_1_1	15783_1_1_1	16494_1_1_1	2000917.0	3000390.0	999473.0	tolerant	15783_1_1_1	131.0	7.0	0.0	2.74
16494_1_1_1	4091_1_1_1	16494_1_1_1	2000909.6358013551	3000390.0	999480.3641986449	tolerant	4091_1_1_1	152.0	6.0	2.3641986447	1.44
16498_1_1_1	16498_1_1_1	16498_1_1_1	4000721.0	4000721.0	0.0	strict	16498_1_1_1	103.0	7.0	0.0	0.53
16499_1_1_1	16499_1_1_1	16499_1_1_1	2000301.2885882007	2000301.2885882007	0.0	tolerant	16499_1_1_1	76.0	4.0	2.7114117993	1.54
16504_1_1_1	16504_1_1_1	16504_1_1_1	3000114.0	3000114.0	0.0	moderate	16504_1_1_1	38.0	3.0	0.0	0.0
16512_1_1_1	16512_1_1_1	16512_1_1_1	2000267.6901685493	2000267.6901685493	0.0	tolerant	16512_1_1_1	54.0	5.0	2.3098314508	0.2
16516_1_1_1	16516_1_1_1	16516_1_1_1	3001317.440914818	3001317.440914818	0.0	moderate	16516_1_1_1	264.0	5.0	2.5590851821	1.18
16517_1_1_1	16517_1_1_1	16517_1_1_1	4000826.0	4000826.0	0.0	strict	16517_1_1_1	118.0	7.0	0.0	1.0
16520_1_1_1	16520_1_1_1	16520_1_1_1	2000576.0	2000576.0	0.0	tolerant	16520_1_1_1	96.0	6.0	0.0	1.62
16521_1_1_1	16521_1_1_1	16521_1_1_1	4000560.0	4000560.0	0.0	strict	16521_1_1_1	80.0	7.0	0.0	0.63
16523_1_1_1	16523_1_1_1	16523_1_1_1	3001200.0	3001200.0	0.0	moderate	16523_1_1_1	200.0	6.0	0.0	0.36
16534_1_1_1	16534_1_1_1	16534_1_1_1	3000549.121362666	3000549.121362666	0.0	moderate	16534_1_1_1	92.0	6.0	2.878637334	0.26
16536_1_1_1	16536_1_1_1	16536_1_1_1	4000966.0	4000966.0	0.0	strict	16536_1_1_1	138.0	7.0	0.0	0.93
16536_1_1_1	6914_1_1_1	16536_1_1_1	2000969.6405610284	4000966.0	1999996.3594389716	tolerant	6914_1_1_1	162.0	6.0	2.3594389717	0.82
16538_1_1_1	16538_1_1_1	16538_1_1_1	3001152.9677055995	3001152.9677055995	0.0	moderate	16538_1_1_1	165.0	7.0	2.0322944005	0.37
16540_1_1_1	16540_1_1_1	16540_1_1_1	2000093.0	2000093.0	0.0	tolerant	16540_1_1_1	31.0	3.0	0.0	0.0
16540_1_1_1	16539_1_1_1	16540_1_1_1	2000093.0	2000093.0	0.0	tolerant	16539_1_1_1	31.0	3.0	0.0	0.0
16544_1_1_1	16544_1_1_1	16544_1_1_1	3000378.0	3000378.0	0.0	moderate	16544_1_1_1	54.0	7.0	0.0	2.61
16545_1_1_1	16545_1_1_1	16545_1_1_1	4000532.0	4000532.0	0.0	strict	16545_1_1_1	76.0	7.0	0.0	0.85
16549_1_1_1	30725_1_1_1	30725_1_1_1	4000616.0	4000616.0	0.0	strict	30725_1_1_1	88.0	7.0	0.0	0.64
16549_1_1_1	16549_1_1_1	30725_1_1_1	4000539.0	4000616.0	77.0	strict	16549_1_1_1	77.0	7.0	0.0	2.51
16550_1_1_1	16550_1_1_1	16550_1_1_1	3000072.0	3000072.0	0.0	moderate	16550_1_1_1	24.0	3.0	0.0	0.0
16550_1_1_1	16551_1_1_1	16550_1_1_1	2000044.0	3000072.0	1000028.0	tolerant	16551_1_1_1	22.0	2.0	0.0	0.0
16557_1_1_1	16557_1_1_1	16557_1_1_1	4000497.076915676	4000497.076915676	0.0	strict	16557_1_1_1	83.0	6.0	0.9230843239	0.37
16558_1_1_1	16558_1_1_1	16558_1_1_1	3000886.3389166044	3000886.3389166044	0.0	moderate	16558_1_1_1	127.0	7.0	2.6610833954	1.77
16560_1_1_1	16560_1_1_1	16560_1_1_1	3000641.744804573	3000641.744804573	0.0	moderate	16560_1_1_1	92.0	7.0	2.2551954274	0.22
16563_1_1_1	16563_1_1_1	16563_1_1_1	2000543.1387490083	2000543.1387490083	0.0	tolerant	16563_1_1_1	109.0	5.0	1.8612509915	1.57
16564_1_1_1	16564_1_1_1	16564_1_1_1	2000586.3802911048	2000586.3802911048	0.0	tolerant	16564_1_1_1	98.0	6.0	1.6197088952	0.86
16567_1_1_1	16567_1_1_1	16567_1_1_1	3000402.0	3000402.0	0.0	moderate	16567_1_1_1	67.0	6.0	0.0	1.92
16568_1_1_1	16568_1_1_1	16568_1_1_1	4000623.0	4000623.0	0.0	strict	16568_1_1_1	89.0	7.0	0.0	0.67
16569_1_1_1	16569_1_1_1	16569_1_1_1	2000814.1907604735	2000814.1907604735	0.0	tolerant	16569_1_1_1	136.0	6.0	1.8092395263	0.85
16570_1_1_1	16570_1_1_1	16570_1_1_1	3000637.0	3000637.0	0.0	moderate	16570_1_1_1	91.0	7.0	0.0	1.45
16571_1_1_1	16571_1_1_1	16571_1_1_1	4000686.0	4000686.0	0.0	strict	16571_1_1_1	98.0	7.0	0.0	0.56
16576_1_1_1	16576_1_1_1	16576_1_1_1	2000547.683770428	2000547.683770428	0.0	tolerant	16576_1_1_1	110.0	5.0	2.316229572	1.29
16578_1_1_1	16578_1_1_1	16578_1_1_1	4000780.0	4000780.0	0.0	strict	16578_1_1_1	130.0	6.0	0.0	0.71
16588_1_1_1	16588_1_1_1	16588_1_1_1	3000655.0	3000655.0	0.0	moderate	16588_1_1_1	131.0	5.0	0.0	0.55
16589_1_1_1	16589_1_1_1	16589_1_1_1	2000098.0	2000098.0	0.0	tolerant	16589_1_1_1	49.0	2.0	0.0	0.0
16591_1_1_1	16591_1_1_1	16591_1_1_1	4000368.0	4000368.0	0.0	strict	16591_1_1_1	92.0	4.0	0.0	0.0
16598_1_1_1	6838_1_1_1	6838_1_1_1	4001340.0	4001340.0	0.0	strict	6838_1_1_1	268.0	5.0	0.0	0.19
16598_1_1_1	15917_1_1_1	6838_1_1_1	4001315.0	4001340.0	25.0	strict	15917_1_1_1	263.0	5.0	0.0	0.78
16598_1_1_1	16598_1_1_1	6838_1_1_1	4001220.0	4001340.0	120.0	strict	16598_1_1_1	244.0	5.0	0.0	0.25
16598_1_1_1	26586_1_1_1	6838_1_1_1	4001036.0	4001340.0	304.0	strict	26586_1_1_1	259.0	4.0	0.0	0.17
16598_1_1_1	26590_1_1_1	6838_1_1_1	4000980.0	4001340.0	360.0	strict	26590_1_1_1	245.0	4.0	0.0	0.31
16598_1_1_1	7236_1_1_1	6838_1_1_1	3001305.0	4001340.0	1000035.0	moderate	7236_1_1_1	261.0	5.0	0.0	0.25
16598_1_1_1	6024_1_1_1	6838_1_1_1	3001305.0	4001340.0	1000035.0	moderate	6024_1_1_1	261.0	5.0	0.0	0.4
16598_1_1_1	6357_1_1_1	6838_1_1_1	3001305.0	4001340.0	1000035.0	moderate	6357_1_1_1	261.0	5.0	0.0	0.25
16598_1_1_1	7237_1_1_1	6838_1_1_1	3000783.0	4001340.0	1000557.0	moderate	7237_1_1_1	261.0	3.0	0.0	0.0
16598_1_1_1	7238_1_1_1	6838_1_1_1	3000783.0	4001340.0	1000557.0	moderate	7238_1_1_1	261.0	3.0	0.0	0.0
16598_1_1_1	7239_1_1_1	6838_1_1_1	3000783.0	4001340.0	1000557.0	moderate	7239_1_1_1	261.0	3.0	0.0	0.0
16606_1_1_1	16463_1_1_1	16463_1_1_1	4000770.0	4000770.0	0.0	strict	16463_1_1_1	110.0	7.0	0.0	2.93
16606_1_1_1	16606_1_1_1	16463_1_1_1	4000749.0	4000770.0	21.0	strict	16606_1_1_1	107.0	7.0	0.0	2.29
16606_1_1_1	16607_1_2_1	16463_1_1_1	4000749.0	4000770.0	21.0	strict	16607_1_2_1	107.0	7.0	0.0	2.6
16606_1_1_1	53420_1_1_1	16463_1_1_1	3000540.0	4000770.0	1000230.0	moderate	53420_1_1_1	90.0	6.0	0.0	2.83
16606_1_1_1	26879_1_1_1	16463_1_1_1	1000220.0	4000770.0	3000550.0	unfiltered	26879_1_1_1	55.0	4.0	0.0	3.33
16606_1_1_1	27065_1_1_1	16463_1_1_1	1000144.0	4000770.0	3000626.0	unfiltered	27065_1_1_1	36.0	4.0	0.0	2.74
16608_1_1_1	16608_1_1_1	16608_1_1_1	3000501.4563281685	3000501.4563281685	0.0	moderate	16608_1_1_1	84.0	6.0	2.5436718313	0.38
16610_1_1_1	16610_1_1_1	16610_1_1_1	2000552.3313475945	2000552.3313475945	0.0	tolerant	16610_1_1_1	111.0	5.0	2.6686524056	1.04
16613_1_1_1	16613_1_1_1	16613_1_1_1	4001170.0	4001170.0	0.0	strict	16613_1_1_1	195.0	6.0	0.0	0.83
16614_1_1_1	16614_1_1_1	16614_1_1_1	2000732.0	2000732.0	0.0	tolerant	16614_1_1_1	122.0	6.0	0.0	1.02
16618_1_1_1	16618_1_1_1	16618_1_1_1	4000497.0	4000497.0	0.0	strict	16618_1_1_1	71.0	7.0	0.0	3.48
16618_1_1_1	50169_1_1_1	16618_1_1_1	2000132.0	4000497.0	2000365.0	tolerant	50169_1_1_1	66.0	2.0	0.0	0.0
16618_1_1_1	53303_1_1_1	16618_1_1_1	2000118.0	4000497.0	2000379.0	tolerant	53303_1_1_1	59.0	2.0	0.0	0.0
16619_1_1_1	16619_1_1_1	16619_1_1_1	2000777.3148326431	2000777.3148326431	0.0	tolerant	16619_1_1_1	156.0	5.0	2.6851673566	0.15
16621_1_1_1	16621_1_1_1	16621_1_1_1	3000502.0808488335	3000502.0808488335	0.0	moderate	16621_1_1_1	101.0	5.0	2.9191511664	3.27
16621_1_1_1	16602_1_1_1	16621_1_1_1	3000497.666741025	3000502.0808488335	4.414107808377594	moderate	16602_1_1_1	100.0	5.0	2.3332589748	0.95
16623_1_1_1	16623_1_1_1	16623_1_1_1	3000498.0	3000498.0	0.0	moderate	16623_1_1_1	83.0	6.0	0.0	0.2
16624_1_1_1	16624_1_1_1	16624_1_1_1	3000602.0	3000602.0	0.0	moderate	16624_1_1_1	86.0	7.0	0.0	0.39
16628_1_1_1	16628_1_1_1	16628_1_1_1	3000956.9143578564	3000956.9143578564	0.0	moderate	16628_1_1_1	137.0	7.0	2.0856421437	0.15
16629_1_1_1	16629_1_1_1	16629_1_1_1	2000745.0	2000745.0	0.0	tolerant	16629_1_1_1	149.0	5.0	0.0	2.18
1662_1_1_1	1662_1_1_1	1662_1_1_1	1000018.0	1000018.0	0.0	unfiltered	1662_1_1_1	9.0	2.0	0.0	0.0
16630_1_1_1	16630_1_1_1	16630_1_1_1	3001211.0	3001211.0	0.0	moderate	16630_1_1_1	173.0	7.0	0.0	0.49
16630_1_1_1	15927_1_1_1	16630_1_1_1	3001044.0	3001211.0	167.0	moderate	15927_1_1_1	174.0	6.0	0.0	0.64
16630_1_1_1	16362_1_1_1	16630_1_1_1	3001020.0	3001211.0	191.0	moderate	16362_1_1_1	170.0	6.0	0.0	0.49
16630_1_1_1	4797_1_1_1	16630_1_1_1	2001204.0	3001211.0	1000007.0	tolerant	4797_1_1_1	172.0	7.0	0.0	1.3
16633_1_1_1	16633_1_1_1	16633_1_1_1	2000222.0	2000222.0	0.0	tolerant	16633_1_1_1	74.0	3.0	0.0	0.0
16635_1_1_1	16635_1_1_1	16635_1_1_1	4000665.0	4000665.0	0.0	strict	16635_1_1_1	95.0	7.0	0.0	0.21
16636_1_1_1	16636_1_1_1	16636_1_1_1	2000426.0	2000426.0	0.0	tolerant	16636_1_1_1	71.0	6.0	0.0	2.56
16637_1_1_1	16637_1_1_1	16637_1_1_1	3000879.6857937695	3000879.6857937695	0.0	moderate	16637_1_1_1	126.0	7.0	2.3142062304	0.96
16638_1_1_1	16638_1_1_1	16638_1_1_1	2001174.2245819813	2001174.2245819813	0.0	tolerant	16638_1_1_1	196.0	6.0	1.7754180187	0.92
1663_1_1_1	1663_1_1_1	1663_1_1_1	3000609.541792168	3000609.541792168	0.0	moderate	1663_1_1_1	153.0	4.0	2.4582078323	0.0
16640_1_1_1	16640_1_1_1	16640_1_1_1	3000462.0	3000462.0	0.0	moderate	16640_1_1_1	77.0	6.0	0.0	0.4
16640_1_1_1	18885_1_1_1	16640_1_1_1	2000249.0	3000462.0	1000213.0	tolerant	18885_1_1_1	83.0	3.0	0.0	0.64
16641_1_1_1	16641_1_1_1	16641_1_1_1	4000295.0	4000295.0	0.0	strict	16641_1_1_1	59.0	5.0	0.0	1.2
16643_1_1_1	16643_1_1_1	16643_1_1_1	4000370.598107972	4000370.598107972	0.0	strict	16643_1_1_1	62.0	6.0	1.4018920283	0.81
16646_1_1_1	16646_1_1_1	16646_1_1_1	3001208.6356948987	3001208.6356948987	0.0	moderate	16646_1_1_1	173.0	7.0	2.3643051013	0.5
16647_1_1_1	16647_1_1_1	16647_1_1_1	4000483.0	4000483.0	0.0	strict	16647_1_1_1	69.0	7.0	0.0	1.14
16647_1_1_1	16592_1_1_1	16647_1_1_1	3000294.0	4000483.0	1000189.0	moderate	16592_1_1_1	49.0	6.0	0.0	0.62
16648_1_1_1	16648_1_1_1	16648_1_1_1	4000805.0	4000805.0	0.0	strict	16648_1_1_1	115.0	7.0	0.0	0.82
16649_1_1_1	16649_1_1_1	16649_1_1_1	4000385.0	4000385.0	0.0	strict	16649_1_1_1	55.0	7.0	0.0	0.86
1664_1_1_1	30519_1_1_1	30519_1_1_1	2000108.0	2000108.0	0.0	tolerant	30519_1_1_1	18.0	6.0	0.0	0.0
1664_1_1_1	27385_1_1_1	30519_1_1_1	2000095.0	2000108.0	13.0	tolerant	27385_1_1_1	19.0	5.0	0.0	0.0
1664_1_1_1	19385_1_1_1	30519_1_1_1	2000057.0	2000108.0	51.0	tolerant	19385_1_1_1	19.0	3.0	0.0	0.0
1664_1_1_1	1664_1_1_1	30519_1_1_1	2000048.0	2000108.0	60.0	tolerant	1664_1_1_1	16.0	3.0	0.0	0.0
16652_1_1_1	16652_1_1_1	16652_1_1_1	4000567.0	4000567.0	0.0	strict	16652_1_1_1	81.0	7.0	0.0	0.24
16653_1_1_1	16653_1_1_1	16653_1_1_1	2000627.721793984	2000627.721793984	0.0	tolerant	16653_1_1_1	126.0	5.0	2.2782060159	1.27
16659_1_1_1	16657_1_1_1	16657_1_1_1	2000265.318308124	2000265.318308124	0.0	tolerant	16657_1_1_1	89.0	3.0	1.6816918758	1.9
16659_1_1_1	16659_1_1_1	16657_1_1_1	2000162.0	2000265.318308124	103.31830812408589	tolerant	16659_1_1_1	81.0	2.0	0.0	1.9
16661_1_1_1	16661_1_1_1	16661_1_1_1	2000355.0364630737	2000355.0364630737	0.0	tolerant	16661_1_1_1	119.0	3.0	1.9635369266	1.28
16662_1_1_1	16662_1_1_1	16662_1_1_1	4000648.0	4000648.0	0.0	strict	16662_1_1_1	108.0	6.0	0.0	0.44
16664_1_1_1	16664_1_1_1	16664_1_1_1	3000775.0	3000775.0	0.0	moderate	16664_1_1_1	155.0	5.0	0.0	0.0
16666_1_1_1	16666_1_1_1	16666_1_1_1	3000476.0	3000476.0	0.0	moderate	16666_1_1_1	68.0	7.0	0.0	0.7
16667_1_1_1	16667_1_1_1	16667_1_1_1	3000343.0	3000343.0	0.0	moderate	16667_1_1_1	49.0	7.0	0.0	0.4
16672_1_1_1	16672_1_1_1	16672_1_1_1	2000834.0	2000834.0	0.0	tolerant	16672_1_1_1	139.0	6.0	0.0	0.2
16676_1_1_1	16676_1_1_1	16676_1_1_1	4000446.885339124	4000446.885339124	0.0	strict	16676_1_1_1	64.0	7.0	1.1146608761	0.67
16678_1_1_1	16678_1_1_1	16678_1_1_1	2001425.054170545	2001425.054170545	0.0	tolerant	16678_1_1_1	238.0	6.0	2.9458294551	1.02
16679_1_1_1	16679_1_1_1	16679_1_1_1	2000366.0	2000366.0	0.0	tolerant	16679_1_1_1	61.0	6.0	0.0	0.0
16680_1_1_1	16680_1_1_1	16680_1_1_1	1000570.9825746987	1000570.9825746987	0.0	unfiltered	16680_1_1_1	82.0	7.0	3.0174253013	1.52
16684_1_1_1	16684_1_1_1	16684_1_1_1	3000609.0	3000609.0	0.0	moderate	16684_1_1_1	87.0	7.0	0.0	1.26
16685_1_1_1	16685_1_1_1	16685_1_1_1	4001032.0	4001032.0	0.0	strict	16685_1_1_1	172.0	6.0	0.0	2.25
16686_1_1_1	16686_1_1_1	16686_1_1_1	2000477.294748391	2000477.294748391	0.0	tolerant	16686_1_1_1	96.0	5.0	2.7052516089	1.39
16690_1_1_1	16690_1_1_1	16690_1_1_1	4000855.0	4000855.0	0.0	strict	16690_1_1_1	171.0	5.0	0.0	0.09
16691_1_1_1	16691_1_1_1	16691_1_1_1	3000642.0	3000642.0	0.0	moderate	16691_1_1_1	107.0	6.0	0.0	0.66
16696_1_1_1	16696_1_1_1	16696_1_1_1	3000213.0014316607	3000213.0014316607	0.0	moderate	16696_1_1_1	36.0	6.0	2.9985683392	1.38
16698_1_1_1	16698_1_1_1	16698_1_1_1	2000622.266611678	2000622.266611678	0.0	tolerant	16698_1_1_1	125.0	5.0	2.733388322	1.68
16699_1_1_1	16699_1_1_1	16699_1_1_1	3000078.0	3000078.0	0.0	moderate	16699_1_1_1	26.0	3.0	0.0	0.0
16701_1_1_1	16701_1_1_1	16701_1_1_1	2001522.5564852925	2001522.5564852925	0.0	tolerant	16701_1_1_1	254.0	6.0	1.4435147077	0.5
16706_1_1_1	16706_1_1_1	16706_1_1_1	2000236.0	2000236.0	0.0	tolerant	16706_1_1_1	59.0	4.0	0.0	1.37
16707_1_1_1	16707_1_1_1	16707_1_1_1	1000103.2310975688	1000103.2310975688	0.0	unfiltered	16707_1_1_1	24.0	5.0	16.7689024311	0.0
16709_1_1_1	16709_1_1_1	16709_1_1_1	1000095.0	1000095.0	0.0	unfiltered	16709_1_1_1	19.0	5.0	0.0	0.0
1670_1_1_1	1670_1_1_1	1670_1_1_1	1000012.0	1000012.0	0.0	unfiltered	1670_1_1_1	4.0	3.0	0.0	0.0
16710_1_1_1	16710_1_1_1	16710_1_1_1	4000265.0	4000265.0	0.0	strict	16710_1_1_1	53.0	5.0	0.0	0.57
16712_1_1_1	16712_1_1_1	16712_1_1_1	3000749.0	3000749.0	0.0	moderate	16712_1_1_1	107.0	7.0	0.0	3.12
16719_1_1_1	16719_1_1_1	16719_1_1_1	3000525.0	3000525.0	0.0	moderate	16719_1_1_1	75.0	7.0	0.0	2.43
16729_1_1_1	16729_1_1_1	16729_1_1_1	3001470.0	3001470.0	0.0	moderate	16729_1_1_1	294.0	5.0	0.0	1.59
16731_1_1_1	16731_1_1_1	16731_1_1_1	4000847.0	4000847.0	0.0	strict	16731_1_1_1	121.0	7.0	0.0	0.93
16732_1_1_1	16732_1_1_1	16732_1_1_1	3000938.0	3000938.0	0.0	moderate	16732_1_1_1	134.0	7.0	0.0	1.32
16733_1_1_1	16733_1_1_1	16733_1_1_1	3000924.0	3000924.0	0.0	moderate	16733_1_1_1	132.0	7.0	0.0	0.75
16734_1_1_1	16734_1_1_1	16734_1_1_1	3000931.0	3000931.0	0.0	moderate	16734_1_1_1	133.0	7.0	0.0	0.74
16735_1_1_1	16735_1_1_1	16735_1_1_1	3000462.3624513317	3000462.3624513317	0.0	moderate	16735_1_1_1	93.0	5.0	2.6375486682	0.8
16737_1_1_1	16737_1_1_1	16737_1_1_1	2000886.0429573967	2000886.0429573967	0.0	tolerant	16737_1_1_1	148.0	6.0	1.9570426033	1.49
16739_1_1_1	16739_1_1_1	16739_1_1_1	3000266.0	3000266.0	0.0	moderate	16739_1_1_1	38.0	7.0	0.0	1.74
16739_1_1_1	31207_1_1_1	16739_1_1_1	2000117.0	3000266.0	1000149.0	tolerant	31207_1_1_1	39.0	3.0	0.0	0.0
16739_1_1_1	4640_1_1_1	16739_1_1_1	2000114.0	3000266.0	1000152.0	tolerant	4640_1_1_1	38.0	3.0	0.0	0.0
16739_1_1_1	31208_1_1_1	16739_1_1_1	2000108.0	3000266.0	1000158.0	tolerant	31208_1_1_1	36.0	3.0	0.0	0.0
16739_1_1_1	31210_1_1_1	16739_1_1_1	2000108.0	3000266.0	1000158.0	tolerant	31210_1_1_1	36.0	3.0	0.0	0.0
16739_1_1_1	31211_1_1_1	16739_1_1_1	2000099.0	3000266.0	1000167.0	tolerant	31211_1_1_1	33.0	3.0	0.0	0.0
1673_1_1_1	1673_1_1_1	1673_1_1_1	3000656.0	3000656.0	0.0	moderate	1673_1_1_1	164.0	4.0	0.0	0.0
1673_1_1_1	16593_1_1_1	1673_1_1_1	3000612.0	3000656.0	44.0	moderate	16593_1_1_1	102.0	6.0	0.0	0.0
1673_1_1_1	1580_1_1_1	1673_1_1_1	2000225.0	3000656.0	1000431.0	tolerant	1580_1_1_1	45.0	5.0	0.0	0.33
16746_1_1_1	16746_1_1_1	16746_1_1_1	4000805.0	4000805.0	0.0	strict	16746_1_1_1	115.0	7.0	0.0	1.52
16750_3_1_1	16750_3_1_1	16750_3_1_1	1000256.0	1000256.0	0.0	unfiltered	16750_3_1_1	64.0	4.0	0.0	0.0
1675_1_1_1	1675_1_1_1	1675_1_1_1	3000186.0	3000186.0	0.0	moderate	1675_1_1_1	62.0	3.0	0.0	0.0
16766_1_1_1	16766_1_1_1	16766_1_1_1	4000581.0	4000581.0	0.0	strict	16766_1_1_1	83.0	7.0	0.0	0.36
16766_1_1_1	11252_1_1_1	16766_1_1_1	4000534.0	4000581.0	47.0	strict	11252_1_1_1	89.0	6.0	0.0	0.35
16767_1_1_1	16767_1_1_1	16767_1_1_1	3000889.0	3000889.0	0.0	moderate	16767_1_1_1	127.0	7.0	0.0	0.86
16769_1_1_1	16769_1_1_1	16769_1_1_1	3000093.0	3000093.0	0.0	moderate	16769_1_1_1	31.0	3.0	0.0	0.0
16773_1_1_1	16773_1_1_1	16773_1_1_1	3001015.0	3001015.0	0.0	moderate	16773_1_1_1	145.0	7.0	0.0	0.89
16774_1_1_1	16774_1_1_1	16774_1_1_1	4000693.0	4000693.0	0.0	strict	16774_1_1_1	99.0	7.0	0.0	0.18
16774_1_1_1	18016_1_1_1	16774_1_1_1	3000767.589300646	4000693.0	999925.410699354	moderate	18016_1_1_1	110.0	7.0	2.4106993539	0.41
16776_1_1_1	16776_1_1_1	16776_1_1_1	4000378.0	4000378.0	0.0	strict	16776_1_1_1	63.0	6.0	0.0	0.97
16776_1_1_1	34847_1_1_1	16776_1_1_1	2000063.0	4000378.0	2000315.0	tolerant	34847_1_1_1	9.0	7.0	0.0	0.0
16776_1_1_1	52561_1_1_1	16776_1_1_1	2000012.0	4000378.0	2000366.0	tolerant	52561_1_1_1	6.0	2.0	0.0	0.0
16779_1_1_1	16779_1_1_1	16779_1_1_1	3000788.247040435	3000788.247040435	0.0	moderate	16779_1_1_1	113.0	7.0	2.7529595647	1.38
16781_1_1_1	11013_1_1_1	11013_1_1_1	4000774.0	4000774.0	0.0	strict	11013_1_1_1	129.0	6.0	0.0	0.81
16781_1_1_1	16781_1_1_1	11013_1_1_1	4000620.0	4000774.0	154.0	strict	16781_1_1_1	124.0	5.0	0.0	0.34
16782_1_1_1	16782_1_1_1	16782_1_1_1	4000805.0	4000805.0	0.0	strict	16782_1_1_1	115.0	7.0	0.0	1.42
16789_1_1_1	16789_1_1_1	16789_1_1_1	2000613.7367383372	2000613.7367383372	0.0	tolerant	16789_1_1_1	123.0	5.0	1.2632616627	1.67
16790_1_1_1	16790_1_1_1	16790_1_1_1	2000645.259866577	2000645.259866577	0.0	tolerant	16790_1_1_1	108.0	6.0	2.740133423	0.51
16791_1_1_1	16791_1_1_1	16791_1_1_1	4000448.0	4000448.0	0.0	strict	16791_1_1_1	64.0	7.0	0.0	0.26
16794_1_1_1	16794_1_1_1	16794_1_1_1	4000456.0	4000456.0	0.0	strict	16794_1_1_1	76.0	6.0	0.0	1.01
16795_1_1_1	16795_1_1_1	16795_1_1_1	3000432.0	3000432.0	0.0	moderate	16795_1_1_1	72.0	6.0	0.0	0.95
16800_1_1_1	16798_1_1_1	16798_1_1_1	3000537.010120247	3000537.010120247	0.0	moderate	16798_1_1_1	108.0	5.0	2.9898797532	1.54
16800_1_1_1	16800_1_1_1	16798_1_1_1	3000437.0025795186	3000537.010120247	100.0075407284312	moderate	16800_1_1_1	88.0	5.0	2.9974204815	0.76
16801_1_1_1	16801_1_1_1	16801_1_1_1	3000518.0	3000518.0	0.0	moderate	16801_1_1_1	74.0	7.0	0.0	2.34
16802_1_1_1	16802_1_1_1	16802_1_1_1	3000550.062249169	3000550.062249169	0.0	moderate	16802_1_1_1	79.0	7.0	2.9377508306	0.45
16806_1_1_1	16806_1_1_1	16806_1_1_1	3000850.0	3000850.0	0.0	moderate	16806_1_1_1	170.0	5.0	0.0	1.06
16808_1_1_1	16808_1_1_1	16808_1_1_1	3000371.0	3000371.0	0.0	moderate	16808_1_1_1	53.0	7.0	0.0	0.33
16808_1_1_1	18869_1_1_1	16808_1_1_1	2000400.524298901	3000371.0	999970.475701099	tolerant	18869_1_1_1	67.0	6.0	1.4757010991	1.06
16810_1_1_1	16810_1_1_1	16810_1_1_1	3001057.0	3001057.0	0.0	moderate	16810_1_1_1	151.0	7.0	0.0	0.9
16811_1_1_1	16811_1_1_1	16811_1_1_1	3001022.0	3001022.0	0.0	moderate	16811_1_1_1	146.0	7.0	0.0	0.35
16816_1_1_1	16816_1_1_1	16816_1_1_1	2000313.387896293	2000313.387896293	0.0	tolerant	16816_1_1_1	63.0	5.0	1.612103707	0.23
16819_1_1_1	16819_1_1_1	16819_1_1_1	2000192.0	2000192.0	0.0	tolerant	16819_1_1_1	48.0	4.0	0.0	0.0
16832_1_1_1	16832_1_1_1	16832_1_1_1	4001027.3098715935	4001027.3098715935	0.0	strict	16832_1_1_1	147.0	7.0	1.6901284065	1.29
16833_1_1_1	16833_1_1_1	16833_1_1_1	3001086.0	3001086.0	0.0	moderate	16833_1_1_1	181.0	6.0	0.0	1.41
16835_1_1_1	16835_1_1_1	16835_1_1_1	4000798.0	4000798.0	0.0	strict	16835_1_1_1	114.0	7.0	0.0	0.41
16835_1_1_1	27924_1_1_1	16835_1_1_1	4000396.0	4000798.0	402.0	strict	27924_1_1_1	99.0	4.0	0.0	1.32
16835_1_1_1	5058_1_1_1	16835_1_1_1	3000798.0	4000798.0	1000000.0	moderate	5058_1_1_1	114.0	7.0	0.0	0.61
16835_1_1_1	16120_1_1_1	16835_1_1_1	3000770.0	4000798.0	1000028.0	moderate	16120_1_1_1	110.0	7.0	0.0	0.61
16835_1_1_1	5064_1_1_1	16835_1_1_1	3000700.0	4000798.0	1000098.0	moderate	5064_1_1_1	100.0	7.0	0.0	0.7
16835_1_1_1	18827_1_1_1	16835_1_1_1	3000684.0	4000798.0	1000114.0	moderate	18827_1_1_1	114.0	6.0	0.0	0.65
16835_1_1_1	6610_1_1_1	16835_1_1_1	3000618.0	4000798.0	1000180.0	moderate	6610_1_1_1	103.0	6.0	0.0	0.28
16835_1_1_1	5128_1_1_1	16835_1_1_1	3000606.0	4000798.0	1000192.0	moderate	5128_1_1_1	101.0	6.0	0.0	0.33
16837_1_1_1	16837_1_1_1	16837_1_1_1	4000880.0	4000880.0	0.0	strict	16837_1_1_1	176.0	5.0	0.0	1.05
16838_1_1_1	16838_1_1_1	16838_1_1_1	2000889.5904042253	2000889.5904042253	0.0	tolerant	16838_1_1_1	223.0	4.0	2.4095957747	0.88
16839_1_1_1	16839_1_1_1	16839_1_1_1	3000599.485981744	3000599.485981744	0.0	moderate	16839_1_1_1	86.0	7.0	2.5140182557	1.16
16848_1_1_1	16848_1_1_1	16848_1_1_1	4000468.0	4000468.0	0.0	strict	16848_1_1_1	78.0	6.0	0.0	1.03
16857_1_1_1	16857_1_1_1	16857_1_1_1	3000126.0	3000126.0	0.0	moderate	16857_1_1_1	42.0	3.0	0.0	0.0
16866_1_1_1	16866_1_1_1	16866_1_1_1	2000212.0	2000212.0	0.0	tolerant	16866_1_1_1	106.0	2.0	0.0	0.0
16867_1_1_1	16867_1_1_1	16867_1_1_1	2000230.0	2000230.0	0.0	tolerant	16867_1_1_1	115.0	2.0	0.0	0.0
16868_1_1_1	16868_1_1_1	16868_1_1_1	4000854.0	4000854.0	0.0	strict	16868_1_1_1	122.0	7.0	0.0	0.64
16870_1_1_1	16870_1_1_1	16870_1_1_1	2000324.4770256416	2000324.4770256416	0.0	tolerant	16870_1_1_1	109.0	3.0	2.5229743582	0.89
16874_1_1_1	16874_1_1_1	16874_1_1_1	4001141.0	4001141.0	0.0	strict	16874_1_1_1	163.0	7.0	0.0	1.41
16874_1_1_1	36532_1_1_1	16874_1_1_1	3001166.444450616	4001141.0	999974.5555493841	moderate	36532_1_1_1	167.0	7.0	2.5555493843	0.61
16874_1_1_1	11062_1_1_1	16874_1_1_1	3000966.0	4001141.0	1000175.0	moderate	11062_1_1_1	161.0	6.0	0.0	1.2
16874_1_1_1	10137_1_1_1	16874_1_1_1	3000726.0	4001141.0	1000415.0	moderate	10137_1_1_1	121.0	6.0	0.0	1.89
16879_1_1_1	16879_1_1_1	16879_1_1_1	4000784.0	4000784.0	0.0	strict	16879_1_1_1	112.0	7.0	0.0	1.32
16884_1_1_1	16884_1_1_1	16884_1_1_1	3000665.0	3000665.0	0.0	moderate	16884_1_1_1	95.0	7.0	0.0	5.69
16886_1_1_1	16886_1_1_1	16886_1_1_1	2000093.0	2000093.0	0.0	tolerant	16886_1_1_1	31.0	3.0	0.0	0.93
16887_1_1_1	16887_1_1_1	16887_1_1_1	4000750.0	4000750.0	0.0	strict	16887_1_1_1	125.0	6.0	0.0	2.5
16887_1_1_1	16888_1_1_1	16887_1_1_1	3000756.0	4000750.0	999994.0	moderate	16888_1_1_1	126.0	6.0	0.0	2.48
16890_1_1_1	16890_1_1_1	16890_1_1_1	4000287.0	4000287.0	0.0	strict	16890_1_1_1	41.0	7.0	0.0	0.64
16892_1_1_1	16892_1_1_1	16892_1_1_1	3000114.0	3000114.0	0.0	moderate	16892_1_1_1	38.0	3.0	0.0	0.0
16893_1_1_1	16893_1_1_1	16893_1_1_1	2000352.0	2000352.0	0.0	tolerant	16893_1_1_1	88.0	4.0	0.0	0.7
16897_1_1_1	16897_1_1_1	16897_1_1_1	4000658.0	4000658.0	0.0	strict	16897_1_1_1	94.0	7.0	0.0	0.64
16899_1_1_1	16899_1_1_1	16899_1_1_1	4000553.0	4000553.0	0.0	strict	16899_1_1_1	79.0	7.0	0.0	0.86
16899_1_1_1	17805_1_1_1	16899_1_1_1	4000553.0	4000553.0	0.0	strict	17805_1_1_1	79.0	7.0	0.0	1.07
16905_1_1_1	16905_1_1_1	16905_1_1_1	3000819.0	3000819.0	0.0	moderate	16905_1_1_1	117.0	7.0	0.0	0.29
16910_1_1_1	16910_1_1_1	16910_1_1_1	2000760.0089845688	2000760.0089845688	0.0	tolerant	16910_1_1_1	127.0	6.0	1.9910154313	1.37
16911_1_1_1	16911_1_1_1	16911_1_1_1	2000392.001682426	2000392.001682426	0.0	tolerant	16911_1_1_1	79.0	5.0	2.9983175739	0.48
16911_1_1_1	26772_1_1_1	16911_1_1_1	2000321.6730980657	2000392.001682426	70.32858436042443	tolerant	26772_1_1_1	81.0	4.0	2.3269019346	1.13
16914_1_1_1	16914_1_1_1	16914_1_1_1	3000560.0	3000560.0	0.0	moderate	16914_1_1_1	80.0	7.0	0.0	0.46
16917_1_1_1	16917_1_1_1	16917_1_1_1	3000677.650903596	3000677.650903596	0.0	moderate	16917_1_1_1	170.0	4.0	2.3490964037	0.76
16917_1_1_1	26897_1_1_1	16917_1_1_1	2000312.0	3000677.650903596	1000365.6509035961	tolerant	26897_1_1_1	156.0	2.0	0.0	0.0
16917_1_1_1	26896_1_1_1	16917_1_1_1	2000296.0	3000677.650903596	1000381.6509035961	tolerant	26896_1_1_1	148.0	2.0	0.0	0.0
16917_1_1_1	26898_1_1_1	16917_1_1_1	2000280.7296174192	3000677.650903596	1000396.9212861769	tolerant	26898_1_1_1	141.0	2.0	1.2703825808	0.0
16919_1_1_1	16919_1_1_1	16919_1_1_1	4001430.0	4001430.0	0.0	strict	16919_1_1_1	286.0	5.0	0.0	0.87
16922_1_1_1	16922_1_1_1	16922_1_1_1	3000505.0	3000505.0	0.0	moderate	16922_1_1_1	101.0	5.0	0.0	0.84
16926_1_1_1	16926_1_1_1	16926_1_1_1	4000516.0	4000516.0	0.0	strict	16926_1_1_1	86.0	6.0	0.0	1.12
16926_1_1_1	16424_1_1_1	16926_1_1_1	3000635.171860779	4000516.0	999880.8281392208	moderate	16424_1_1_1	91.0	7.0	1.828139221	0.78
16927_1_1_1	16927_1_1_1	16927_1_1_1	3000655.256452816	3000655.256452816	0.0	moderate	16927_1_1_1	94.0	7.0	2.7435471839	1.32
16930_1_1_1	16930_1_1_1	16930_1_1_1	2000469.1274537423	2000469.1274537423	0.0	tolerant	16930_1_1_1	118.0	4.0	2.8725462577	0.62
16934_1_1_1	17031_1_1_1	17031_1_1_1	4001015.0	4001015.0	0.0	strict	17031_1_1_1	145.0	7.0	0.0	0.31
16934_1_1_1	16934_1_1_1	17031_1_1_1	4001001.0	4001015.0	14.0	strict	16934_1_1_1	143.0	7.0	0.0	0.21
16935_1_1_1	16935_1_1_1	16935_1_1_1	2000303.212277148	2000303.212277148	0.0	tolerant	16935_1_1_1	51.0	6.0	2.7877228521	1.3
16937_1_1_1	16937_1_1_1	16937_1_1_1	4001225.0	4001225.0	0.0	strict	16937_1_1_1	245.0	5.0	0.0	1.25
16942_1_1_1	16942_1_1_1	16942_1_1_1	4000875.0	4000875.0	0.0	strict	16942_1_1_1	125.0	7.0	0.0	1.14
16942_1_1_1	27741_1_1_1	16942_1_1_1	2000220.0	4000875.0	2000655.0	tolerant	27741_1_1_1	110.0	2.0	0.0	0.0
16943_1_1_1	16943_1_1_1	16943_1_1_1	3000096.0	3000096.0	0.0	moderate	16943_1_1_1	32.0	3.0	0.0	0.0
16943_1_1_1	16182_1_1_1	16943_1_1_1	3000096.0	3000096.0	0.0	moderate	16182_1_1_1	32.0	3.0	0.0	0.0
16944_1_1_1	16944_1_1_1	16944_1_1_1	4000434.0	4000434.0	0.0	strict	16944_1_1_1	62.0	7.0	0.0	0.85
16944_1_1_1	16688_1_1_1	16944_1_1_1	2000370.0	4000434.0	2000064.0	tolerant	16688_1_1_1	74.0	5.0	0.0	0.8
16947_1_1_1	16947_1_1_1	16947_1_1_1	2000657.567736825	2000657.567736825	0.0	tolerant	16947_1_1_1	110.0	6.0	2.432263175	0.85
16948_1_1_1	16948_1_1_1	16948_1_1_1	3000868.0	3000868.0	0.0	moderate	16948_1_1_1	124.0	7.0	0.0	4.09
16949_1_1_1	16949_1_1_1	16949_1_1_1	2000300.2782756907	2000300.2782756907	0.0	tolerant	16949_1_1_1	101.0	3.0	2.7217243093	1.75
16957_2_1_1	16957_2_1_1	16957_2_1_1	3000864.0	3000864.0	0.0	moderate	16957_2_1_1	144.0	6.0	0.0	0.53
16959_1_1_1	16959_1_1_1	16959_1_1_1	4000955.0	4000955.0	0.0	strict	16959_1_1_1	191.0	5.0	0.0	0.69
16961_1_1_1	16961_1_1_1	16961_1_1_1	3000448.0	3000448.0	0.0	moderate	16961_1_1_1	64.0	7.0	0.0	1.27
16965_1_1_1	16965_1_1_1	16965_1_1_1	2000386.0	2000386.0	0.0	tolerant	16965_1_1_1	193.0	2.0	0.0	0.39
16966_1_1_1	16966_1_1_1	16966_1_1_1	3000602.0	3000602.0	0.0	moderate	16966_1_1_1	86.0	7.0	0.0	0.82
16969_1_1_1	16969_1_1_1	16969_1_1_1	4000273.0	4000273.0	0.0	strict	16969_1_1_1	39.0	7.0	0.0	0.32
16971_1_1_1	16971_1_1_1	16971_1_1_1	4001265.0526561183	4001265.0526561183	0.0	strict	16971_1_1_1	181.0	7.0	1.9473438816	1.01
16977_1_1_1	16977_1_1_1	16977_1_1_1	4000847.0	4000847.0	0.0	strict	16977_1_1_1	121.0	7.0	0.0	0.59
16978_1_1_1	16978_1_1_1	16978_1_1_1	2000364.0	2000364.0	0.0	tolerant	16978_1_1_1	52.0	7.0	0.0	0.76
16979_1_1_1	16979_1_1_1	16979_1_1_1	4000742.0	4000742.0	0.0	strict	16979_1_1_1	106.0	7.0	0.0	0.22
16981_1_1_1	16981_1_1_1	16981_1_1_1	4000498.0	4000498.0	0.0	strict	16981_1_1_1	83.0	6.0	0.0	1.36
16981_1_1_1	50337_1_1_1	16981_1_1_1	3000574.0	4000498.0	999924.0	moderate	50337_1_1_1	82.0	7.0	0.0	1.49
16982_1_1_1	16982_1_1_1	16982_1_1_1	4001415.0	4001415.0	0.0	strict	16982_1_1_1	283.0	5.0	0.0	0.74
16986_1_1_1	16986_1_1_1	16986_1_1_1	3000423.5802201624	3000423.5802201624	0.0	moderate	16986_1_1_1	71.0	6.0	2.4197798378	3.02
16989_1_1_1	16989_1_1_1	16989_1_1_1	3000560.0	3000560.0	0.0	moderate	16989_1_1_1	80.0	7.0	0.0	0.61
16991_1_1_1	16991_1_1_1	16991_1_1_1	2000880.55186474	2000880.55186474	0.0	tolerant	16991_1_1_1	147.0	6.0	1.4481352597	0.61
16992_1_1_1	6783_1_1_1	6783_1_1_1	3001306.6708694613	3001306.6708694613	0.0	moderate	6783_1_1_1	187.0	7.0	2.3291305389	0.96
16992_1_1_1	16992_1_1_1	6783_1_1_1	3001295.0	3001306.6708694613	11.670869461260736	moderate	16992_1_1_1	185.0	7.0	0.0	1.58
16992_1_1_1	17382_1_1_1	6783_1_1_1	3001288.0	3001306.6708694613	18.670869461260736	moderate	17382_1_1_1	184.0	7.0	0.0	1.56
16996_1_1_1	16996_1_1_1	16996_1_1_1	2000480.0	2000480.0	0.0	tolerant	16996_1_1_1	80.0	6.0	0.0	0.4
16997_1_1_1	16997_1_1_1	16997_1_1_1	2000770.0	2000770.0	0.0	tolerant	16997_1_1_1	110.0	7.0	0.0	1.59
16999_1_1_1	16999_1_1_1	16999_1_1_1	2000637.0	2000637.0	0.0	tolerant	16999_1_1_1	91.0	7.0	0.0	1.28
17000_1_1_1	17000_1_1_1	17000_1_1_1	2000393.4988918705	2000393.4988918705	0.0	tolerant	17000_1_1_1	66.0	6.0	2.5011081296	2.86
17001_1_1_1	17001_1_1_1	17001_1_1_1	3000147.6958712977	3000147.6958712977	0.0	moderate	17001_1_1_1	50.0	3.0	2.3041287022	0.0
17002_1_1_1	17002_1_1_1	17002_1_1_1	4000581.0	4000581.0	0.0	strict	17002_1_1_1	83.0	7.0	0.0	0.41
17002_1_1_1	18018_1_1_1	17002_1_1_1	2000570.0	4000581.0	2000011.0	tolerant	18018_1_1_1	95.0	6.0	0.0	0.9
17003_1_1_1	17003_1_1_1	17003_1_1_1	3000112.3672637553	3000112.3672637553	0.0	moderate	17003_1_1_1	38.0	3.0	1.6327362446	0.0
17005_1_1_1	17005_1_1_1	17005_1_1_1	4000924.0	4000924.0	0.0	strict	17005_1_1_1	132.0	7.0	0.0	0.4
17006_1_1_1	17006_1_1_1	17006_1_1_1	3000791.0	3000791.0	0.0	moderate	17006_1_1_1	113.0	7.0	0.0	1.52
17007_1_1_1	17007_1_1_1	17007_1_1_1	3000714.0	3000714.0	0.0	moderate	17007_1_1_1	102.0	7.0	0.0	0.75
17009_1_1_1	17009_1_1_1	17009_1_1_1	3000348.5113897114	3000348.5113897114	0.0	moderate	17009_1_1_1	70.0	5.0	1.4886102887	0.7
1700_1_1_1	17661_1_1_1	17661_1_1_1	3000069.0	3000069.0	0.0	moderate	17661_1_1_1	23.0	3.0	0.0	0.0
1700_1_1_1	17662_1_1_1	17661_1_1_1	3000066.0	3000069.0	3.0	moderate	17662_1_1_1	22.0	3.0	0.0	0.0
1700_1_1_1	1700_1_1_1	17661_1_1_1	3000057.0	3000069.0	12.0	moderate	1700_1_1_1	19.0	3.0	0.0	0.0
1700_1_1_1	1867_1_1_1	17661_1_1_1	3000057.0	3000069.0	12.0	moderate	1867_1_1_1	19.0	3.0	0.0	0.0
1700_1_1_1	2804_1_1_1	17661_1_1_1	2000057.0	3000069.0	1000012.0	tolerant	2804_1_1_1	19.0	3.0	0.0	0.0
1700_1_1_1	1655_1_1_1	17661_1_1_1	2000054.0	3000069.0	1000015.0	tolerant	1655_1_1_1	18.0	3.0	0.0	0.0
17011_1_1_1	17011_1_1_1	17011_1_1_1	3000170.0	3000170.0	0.0	moderate	17011_1_1_1	34.0	5.0	0.0	0.85
17014_1_1_1	17014_1_1_1	17014_1_1_1	3000788.7991069746	3000788.7991069746	0.0	moderate	17014_1_1_1	113.0	7.0	2.2008930256	0.8
17015_1_1_1	17015_1_1_1	17015_1_1_1	2000066.0	2000066.0	0.0	tolerant	17015_1_1_1	33.0	2.0	0.0	0.0
17017_1_1_1	17017_1_1_1	17017_1_1_1	3000581.0	3000581.0	0.0	moderate	17017_1_1_1	83.0	7.0	0.0	1.59
17018_1_1_1	17018_1_1_1	17018_1_1_1	4000637.0	4000637.0	0.0	strict	17018_1_1_1	91.0	7.0	0.0	0.68
17020_1_1_1	17020_1_1_1	17020_1_1_1	3000627.368141594	3000627.368141594	0.0	moderate	17020_1_1_1	90.0	7.0	2.6318584062	0.92
17021_1_1_1	17021_1_1_1	17021_1_1_1	2000735.6176259192	2000735.6176259192	0.0	tolerant	17021_1_1_1	123.0	6.0	2.3823740805	0.48
17022_1_1_1	17022_1_1_1	17022_1_1_1	3000859.812084448	3000859.812084448	0.0	moderate	17022_1_1_1	123.0	7.0	1.187915552	0.66
17025_1_1_1	17025_1_1_1	17025_1_1_1	3000497.0	3000497.0	0.0	moderate	17025_1_1_1	71.0	7.0	0.0	0.54
17026_1_1_1	17026_1_1_1	17026_1_1_1	3000532.0	3000532.0	0.0	moderate	17026_1_1_1	76.0	7.0	0.0	0.59
17027_1_1_1	17027_1_1_1	17027_1_1_1	3000360.0	3000360.0	0.0	moderate	17027_1_1_1	72.0	5.0	0.0	0.0
17028_1_1_1	17028_1_1_1	17028_1_1_1	4000623.0	4000623.0	0.0	strict	17028_1_1_1	89.0	7.0	0.0	1.0
17029_1_1_1	17029_1_1_1	17029_1_1_1	2000523.665414216	2000523.665414216	0.0	tolerant	17029_1_1_1	105.0	5.0	1.3345857842	1.4
17033_1_1_1	17033_1_1_1	17033_1_1_1	4000486.0	4000486.0	0.0	strict	17033_1_1_1	81.0	6.0	0.0	0.86
17035_1_1_1	17035_1_1_1	17035_1_1_1	4000392.0	4000392.0	0.0	strict	17035_1_1_1	56.0	7.0	0.0	0.2
17036_1_1_1	17036_1_1_1	17036_1_1_1	3000480.0	3000480.0	0.0	moderate	17036_1_1_1	80.0	6.0	0.0	0.65
17038_1_1_1	17038_1_1_1	17038_1_1_1	2000452.2056703507	2000452.2056703507	0.0	tolerant	17038_1_1_1	91.0	5.0	2.7943296492	0.91
17039_1_1_1	17039_1_1_1	17039_1_1_1	3000756.0	3000756.0	0.0	moderate	17039_1_1_1	108.0	7.0	0.0	1.79
17040_1_1_1	17040_1_1_1	17040_1_1_1	2000090.0	2000090.0	0.0	tolerant	17040_1_1_1	30.0	3.0	0.0	0.0
17042_1_1_1	17042_1_1_1	17042_1_1_1	2000474.1532314848	2000474.1532314848	0.0	tolerant	17042_1_1_1	119.0	4.0	1.8467685152	1.44
17043_1_1_1	17043_1_1_1	17043_1_1_1	2000096.0	2000096.0	0.0	tolerant	17043_1_1_1	32.0	3.0	0.0	0.89
17045_1_1_1	17045_1_1_1	17045_1_1_1	4001022.0	4001022.0	0.0	strict	17045_1_1_1	146.0	7.0	0.0	0.57
17045_1_1_1	17725_1_1_1	17045_1_1_1	2000833.4588191565	4001022.0	2000188.5411808435	tolerant	17725_1_1_1	167.0	5.0	1.5411808435	0.4
17050_1_1_1	17050_1_1_1	17050_1_1_1	3000399.067547704	3000399.067547704	0.0	moderate	17050_1_1_1	67.0	6.0	2.9324522958	0.49
17063_1_1_1	16466_1_1_1	16466_1_1_1	3000332.0	3000332.0	0.0	moderate	16466_1_1_1	83.0	4.0	0.0	0.0
17063_1_1_1	17062_1_1_1	16466_1_1_1	3000324.0	3000332.0	8.0	moderate	17062_1_1_1	81.0	4.0	0.0	0.0
17063_1_1_1	17063_1_1_1	16466_1_1_1	3000308.0	3000332.0	24.0	moderate	17063_1_1_1	77.0	4.0	0.0	0.0
17065_1_1_1	17065_1_1_1	17065_1_1_1	4000938.648915363	4000938.648915363	0.0	strict	17065_1_1_1	188.0	5.0	1.3510846367	0.36
17066_1_1_1	18994_1_1_1	18994_1_1_1	4000959.0	4000959.0	0.0	strict	18994_1_1_1	137.0	7.0	0.0	1.23
17066_1_1_1	17066_1_1_1	18994_1_1_1	4000931.0	4000959.0	28.0	strict	17066_1_1_1	133.0	7.0	0.0	0.87
17066_1_1_1	16928_1_1_1	18994_1_1_1	4000931.0	4000959.0	28.0	strict	16928_1_1_1	133.0	7.0	0.0	0.87
17066_1_1_1	16946_1_1_1	18994_1_1_1	3000928.1515923445	4000959.0	1000030.8484076555	moderate	16946_1_1_1	133.0	7.0	2.8484076557	0.81
17070_1_1_1	17070_1_1_1	17070_1_1_1	4000936.0	4000936.0	0.0	strict	17070_1_1_1	156.0	6.0	0.0	1.04
17075_1_1_1	17075_1_1_1	17075_1_1_1	3000515.5395468096	3000515.5395468096	0.0	moderate	17075_1_1_1	74.0	7.0	2.4604531902	1.04
17077_1_1_1	17074_1_1_1	17074_1_1_1	4000903.0	4000903.0	0.0	strict	17074_1_1_1	129.0	7.0	0.0	1.74
17077_1_1_1	17077_1_1_1	17074_1_1_1	4000875.0	4000903.0	28.0	strict	17077_1_1_1	125.0	7.0	0.0	1.54
17077_1_1_1	25243_1_1_1	17074_1_1_1	3000896.0	4000903.0	1000007.0	moderate	25243_1_1_1	128.0	7.0	0.0	1.48
17086_1_1_1	17086_1_1_1	17086_1_1_1	3000096.0	3000096.0	0.0	moderate	17086_1_1_1	32.0	3.0	0.0	0.0
17089_1_1_1	17089_1_1_1	17089_1_1_1	3000497.0	3000497.0	0.0	moderate	17089_1_1_1	71.0	7.0	0.0	0.83
17092_1_1_1	17092_1_1_1	17092_1_1_1	4000504.0	4000504.0	0.0	strict	17092_1_1_1	72.0	7.0	0.0	0.37
17104_1_1_1	17104_1_1_1	17104_1_1_1	4000486.0	4000486.0	0.0	strict	17104_1_1_1	81.0	6.0	0.0	0.11
17105_1_1_1	17105_1_1_1	17105_1_1_1	4000636.0	4000636.0	0.0	strict	17105_1_1_1	106.0	6.0	0.0	0.91
17111_1_1_1	17111_1_1_1	17111_1_1_1	2001096.135194149	2001096.135194149	0.0	tolerant	17111_1_1_1	183.0	6.0	1.8648058508	0.35
17124_1_1_1	17124_1_1_1	17124_1_1_1	2000831.346091978	2000831.346091978	0.0	tolerant	17124_1_1_1	139.0	6.0	2.6539080219	0.94
17125_1_1_1	17125_1_1_1	17125_1_1_1	3001057.0	3001057.0	0.0	moderate	17125_1_1_1	151.0	7.0	0.0	1.98
17126_1_1_1	17126_1_1_1	17126_1_1_1	2001515.5072832757	2001515.5072832757	0.0	tolerant	17126_1_1_1	253.0	6.0	2.4927167243	2.73
1712_1_1_1	1712_1_1_1	1712_1_1_1	1000018.0	1000018.0	0.0	unfiltered	1712_1_1_1	9.0	2.0	0.0	0.0
17131_1_1_1	50353_1_1_1	50353_1_1_1	4000938.0	4000938.0	0.0	strict	50353_1_1_1	134.0	7.0	0.0	0.52
17131_1_1_1	18261_1_1_1	50353_1_1_1	4000931.0	4000938.0	7.0	strict	18261_1_1_1	133.0	7.0	0.0	0.75
17131_1_1_1	50972_1_1_1	50353_1_1_1	4000924.0	4000938.0	14.0	strict	50972_1_1_1	132.0	7.0	0.0	0.44
17131_1_1_1	17131_1_1_1	50353_1_1_1	4000903.0	4000938.0	35.0	strict	17131_1_1_1	129.0	7.0	0.0	0.52
17131_1_1_1	18262_1_1_1	50353_1_1_1	4000798.0	4000938.0	140.0	strict	18262_1_1_1	133.0	6.0	0.0	0.92
17131_1_1_1	27683_1_1_1	50353_1_1_1	3000931.0	4000938.0	1000007.0	moderate	27683_1_1_1	133.0	7.0	0.0	0.88
17131_1_1_1	17148_1_1_1	50353_1_1_1	2000840.0	4000938.0	2000098.0	tolerant	17148_1_1_1	140.0	6.0	0.0	0.73
17131_1_1_1	25643_1_1_1	50353_1_1_1	2000652.5269658645	4000938.0	2000285.4730341355	tolerant	25643_1_1_1	131.0	5.0	2.4730341355	0.7
17132_1_1_1	17132_1_1_1	17132_1_1_1	2000423.3469614305	2000423.3469614305	0.0	tolerant	17132_1_1_1	71.0	6.0	2.6530385695	0.8
17137_1_1_1	17137_1_1_1	17137_1_1_1	4000735.0	4000735.0	0.0	strict	17137_1_1_1	105.0	7.0	0.0	0.35
17137_1_1_1	19943_1_1_1	17137_1_1_1	4000630.0	4000735.0	105.0	strict	19943_1_1_1	105.0	6.0	0.0	0.56
17137_1_1_1	25085_1_1_1	17137_1_1_1	3000742.0	4000735.0	999993.0	moderate	25085_1_1_1	106.0	7.0	0.0	0.24
17139_1_1_1	17139_1_1_1	17139_1_1_1	4001106.0	4001106.0	0.0	strict	17139_1_1_1	158.0	7.0	0.0	0.89
17139_1_1_1	17323_1_1_1	17139_1_1_1	2000918.0	4001106.0	2000188.0	tolerant	17323_1_1_1	153.0	6.0	0.0	0.68
17141_1_1_1	17141_1_1_1	17141_1_1_1	3000335.0	3000335.0	0.0	moderate	17141_1_1_1	67.0	5.0	0.0	1.33
17143_1_1_1	17143_1_1_1	17143_1_1_1	2000358.7450161916	2000358.7450161916	0.0	tolerant	17143_1_1_1	90.0	4.0	1.2549838083	1.02
17149_1_1_1	17149_1_1_1	17149_1_1_1	4000448.0	4000448.0	0.0	strict	17149_1_1_1	64.0	7.0	0.0	0.0
17149_1_1_1	26955_1_1_1	17149_1_1_1	3000300.0	4000448.0	1000148.0	moderate	26955_1_1_1	60.0	5.0	0.0	1.62
17149_1_1_1	26954_1_1_1	17149_1_1_1	3000295.0	4000448.0	1000153.0	moderate	26954_1_1_1	59.0	5.0	0.0	1.37
17149_1_1_1	3433_1_1_1	17149_1_1_1	3000244.0	4000448.0	1000204.0	moderate	3433_1_1_1	61.0	4.0	0.0	0.0
17149_1_1_1	27327_1_1_1	17149_1_1_1	2000244.0	4000448.0	2000204.0	tolerant	27327_1_1_1	61.0	4.0	0.0	0.65
17149_1_1_1	4888_1_1_1	17149_1_1_1	2000136.0	4000448.0	2000312.0	tolerant	4888_1_1_1	68.0	2.0	0.0	0.0
17149_1_1_1	19590_1_1_1	17149_1_1_1	2000116.0	4000448.0	2000332.0	tolerant	19590_1_1_1	58.0	2.0	0.0	0.07
17150_1_1_1	17150_1_1_1	17150_1_1_1	3000735.0	3000735.0	0.0	moderate	17150_1_1_1	105.0	7.0	0.0	0.29
17152_1_1_1	17152_1_1_1	17152_1_1_1	3000105.0	3000105.0	0.0	moderate	17152_1_1_1	35.0	3.0	0.0	0.0
17160_1_1_1	19984_1_1_1	19984_1_1_1	3001190.0	3001190.0	0.0	moderate	19984_1_1_1	170.0	7.0	0.0	1.01
17160_1_1_1	17160_1_1_1	19984_1_1_1	3001176.0	3001190.0	14.0	moderate	17160_1_1_1	168.0	7.0	0.0	1.25
17165_1_1_1	17165_1_1_1	17165_1_1_1	4000686.0	4000686.0	0.0	strict	17165_1_1_1	98.0	7.0	0.0	1.73
17165_1_1_1	25809_1_1_1	17165_1_1_1	4000686.0	4000686.0	0.0	strict	25809_1_1_1	98.0	7.0	0.0	1.62
17165_1_1_1	50302_1_1_1	17165_1_1_1	4000672.0	4000686.0	14.0	strict	50302_1_1_1	96.0	7.0	0.0	2.55
17165_1_1_1	17166_1_1_1	17165_1_1_1	4000644.0	4000686.0	42.0	strict	17166_1_1_1	92.0	7.0	0.0	1.76
17165_1_1_1	5783_1_1_1	17165_1_1_1	3000291.0	4000686.0	1000395.0	moderate	5783_1_1_1	97.0	3.0	0.0	0.0
17165_1_1_1	3078_1_1_1	17165_1_1_1	3000291.0	4000686.0	1000395.0	moderate	3078_1_1_1	97.0	3.0	0.0	0.0
17165_1_1_1	5782_1_1_1	17165_1_1_1	3000285.0	4000686.0	1000401.0	moderate	5782_1_1_1	95.0	3.0	0.0	0.0
17165_1_1_1	5784_1_1_1	17165_1_1_1	3000261.0	4000686.0	1000425.0	moderate	5784_1_1_1	87.0	3.0	0.0	0.0
17169_1_1_1	17169_1_1_1	17169_1_1_1	3000477.1379540516	3000477.1379540516	0.0	moderate	17169_1_1_1	80.0	6.0	2.8620459484	0.17
17170_1_1_1	17170_1_1_1	17170_1_1_1	3000826.0	3000826.0	0.0	moderate	17170_1_1_1	118.0	7.0	0.0	0.47
17171_1_1_1	10011_1_1_1	10011_1_1_1	2000688.295755601	2000688.295755601	0.0	tolerant	10011_1_1_1	115.0	6.0	1.704244399	1.01
17171_1_1_1	17171_1_1_1	10011_1_1_1	2000594.0	2000688.295755601	94.29575560102239	tolerant	17171_1_1_1	99.0	6.0	0.0	0.73
17173_1_1_1	17173_1_1_1	17173_1_1_1	3000744.0	3000744.0	0.0	moderate	17173_1_1_1	124.0	6.0	0.0	2.32
17176_1_1_1	17176_1_1_1	17176_1_1_1	2000496.0	2000496.0	0.0	tolerant	17176_1_1_1	124.0	4.0	0.0	1.45
17177_1_1_1	17177_1_1_1	17177_1_1_1	2000290.0	2000290.0	0.0	tolerant	17177_1_1_1	145.0	2.0	0.0	0.0
17189_1_1_1	17189_1_1_1	17189_1_1_1	2001015.0	2001015.0	0.0	tolerant	17189_1_1_1	203.0	5.0	0.0	0.5
17191_1_1_1	17191_1_1_1	17191_1_1_1	3001120.0	3001120.0	0.0	moderate	17191_1_1_1	160.0	7.0	0.0	0.84
17194_1_1_1	17194_1_1_1	17194_1_1_1	3000084.0	3000084.0	0.0	moderate	17194_1_1_1	28.0	3.0	0.0	0.0
17195_1_1_1	17195_1_1_1	17195_1_1_1	2000234.1850660353	2000234.1850660353	0.0	tolerant	17195_1_1_1	59.0	4.0	1.8149339648	0.86
17196_1_1_1	17196_1_1_1	17196_1_1_1	4000483.0	4000483.0	0.0	strict	17196_1_1_1	69.0	7.0	0.0	1.44
17199_1_1_1	17199_1_1_1	17199_1_1_1	3000641.343684802	3000641.343684802	0.0	moderate	17199_1_1_1	92.0	7.0	2.6563151987	1.0
171_1_1_1	171_1_1_1	171_1_1_1	1000008.0	1000008.0	0.0	unfiltered	171_1_1_1	4.0	2.0	0.0	0.0
17201_1_1_1	17201_1_1_1	17201_1_1_1	3000500.0	3000500.0	0.0	moderate	17201_1_1_1	125.0	4.0	0.0	1.74
17202_1_1_1	17202_1_1_1	17202_1_1_1	3001344.0	3001344.0	0.0	moderate	17202_1_1_1	192.0	7.0	0.0	0.53
17204_1_1_1	17204_1_1_1	17204_1_1_1	4000382.8901079153	4000382.8901079153	0.0	strict	17204_1_1_1	64.0	6.0	1.1098920849	0.84
17206_1_1_1	17206_1_1_1	17206_1_1_1	4000455.0	4000455.0	0.0	strict	17206_1_1_1	65.0	7.0	0.0	0.59
17206_1_1_1	6718_1_1_1	17206_1_1_1	3000462.0	4000455.0	999993.0	moderate	6718_1_1_1	66.0	7.0	0.0	0.55
17206_1_1_1	5968_1_1_1	17206_1_1_1	3000462.0	4000455.0	999993.0	moderate	5968_1_1_1	66.0	7.0	0.0	1.6
17211_1_1_1	17211_1_1_1	17211_1_1_1	3000903.0	3000903.0	0.0	moderate	17211_1_1_1	129.0	7.0	0.0	1.25
17212_1_1_1	17212_1_1_1	17212_1_1_1	4000665.0	4000665.0	0.0	strict	17212_1_1_1	95.0	7.0	0.0	0.67
17227_1_1_1	17227_1_1_1	17227_1_1_1	3000093.0	3000093.0	0.0	moderate	17227_1_1_1	31.0	3.0	0.0	0.0
17227_1_1_1	30459_1_1_1	17227_1_1_1	3000090.0	3000093.0	3.0	moderate	30459_1_1_1	30.0	3.0	0.0	0.0
17227_1_1_1	18513_1_1_1	17227_1_1_1	3000087.0	3000093.0	6.0	moderate	18513_1_1_1	29.0	3.0	0.0	0.0
17227_1_1_1	30460_1_1_1	17227_1_1_1	3000087.0	3000093.0	6.0	moderate	30460_1_1_1	29.0	3.0	0.0	0.0
17227_1_1_1	30461_1_1_1	17227_1_1_1	3000087.0	3000093.0	6.0	moderate	30461_1_1_1	29.0	3.0	0.0	0.0
17227_1_1_1	30462_1_1_1	17227_1_1_1	3000087.0	3000093.0	6.0	moderate	30462_1_1_1	29.0	3.0	0.0	0.0
17227_1_1_1	30463_1_1_1	17227_1_1_1	3000087.0	3000093.0	6.0	moderate	30463_1_1_1	29.0	3.0	0.0	0.0
17227_1_1_1	30464_1_1_1	17227_1_1_1	3000087.0	3000093.0	6.0	moderate	30464_1_1_1	29.0	3.0	0.0	0.0
17227_1_1_1	30465_1_1_1	17227_1_1_1	3000087.0	3000093.0	6.0	moderate	30465_1_1_1	29.0	3.0	0.0	0.0
17227_1_1_1	30466_1_1_1	17227_1_1_1	3000087.0	3000093.0	6.0	moderate	30466_1_1_1	29.0	3.0	0.0	0.0
17227_1_1_1	30467_1_1_1	17227_1_1_1	3000087.0	3000093.0	6.0	moderate	30467_1_1_1	29.0	3.0	0.0	0.0
17227_1_1_1	30468_1_1_1	17227_1_1_1	3000087.0	3000093.0	6.0	moderate	30468_1_1_1	29.0	3.0	0.0	0.0
17227_1_1_1	30719_1_1_1	17227_1_1_1	3000087.0	3000093.0	6.0	moderate	30719_1_1_1	29.0	3.0	0.0	0.0
17227_1_1_1	30454_1_1_1	17227_1_1_1	3000084.0	3000093.0	9.0	moderate	30454_1_1_1	28.0	3.0	0.0	0.0
17227_1_1_1	19519_1_1_1	17227_1_1_1	2000093.0	3000093.0	1000000.0	tolerant	19519_1_1_1	31.0	3.0	0.0	0.0
17227_1_1_1	19524_1_1_1	17227_1_1_1	2000090.0	3000093.0	1000003.0	tolerant	19524_1_1_1	30.0	3.0	0.0	0.0
17227_1_1_1	19527_1_1_1	17227_1_1_1	2000090.0	3000093.0	1000003.0	tolerant	19527_1_1_1	30.0	3.0	0.0	0.0
17227_1_1_1	19528_1_1_1	17227_1_1_1	2000090.0	3000093.0	1000003.0	tolerant	19528_1_1_1	30.0	3.0	0.0	0.0
17227_1_1_1	408_1_1_1	17227_1_1_1	2000087.0	3000093.0	1000006.0	tolerant	408_1_1_1	29.0	3.0	0.0	0.0
17231_1_1_1	17231_1_1_1	17231_1_1_1	2000349.7696757675	2000349.7696757675	0.0	tolerant	17231_1_1_1	117.0	3.0	1.2303242323	1.73
17233_1_1_1	17233_1_1_1	17233_1_1_1	3000578.104019734	3000578.104019734	0.0	moderate	17233_1_1_1	83.0	7.0	2.8959802659	0.69
17238_1_1_1	17238_1_1_1	17238_1_1_1	3000339.734764575	3000339.734764575	0.0	moderate	17238_1_1_1	57.0	6.0	2.2652354248	0.43
17240_1_1_1	16907_1_1_1	16907_1_1_1	3000161.0	3000161.0	0.0	moderate	16907_1_1_1	23.0	7.0	0.0	0.0
17240_1_1_1	18617_1_1_1	16907_1_1_1	3000088.0	3000161.0	73.0	moderate	18617_1_1_1	22.0	4.0	0.0	0.0
17240_1_1_1	17240_1_1_1	16907_1_1_1	3000057.0	3000161.0	104.0	moderate	17240_1_1_1	19.0	3.0	0.0	0.0
17240_1_1_1	15390_1_1_1	16907_1_1_1	3000057.0	3000161.0	104.0	moderate	15390_1_1_1	19.0	3.0	0.0	0.0
17240_1_1_1	25121_2_1_1	16907_1_1_1	2000044.0	3000161.0	1000117.0	tolerant	25121_2_1_1	22.0	2.0	0.0	0.0
17240_1_1_1	16597_1_1_1	16907_1_1_1	1000036.0	3000161.0	2000125.0	unfiltered	16597_1_1_1	12.0	3.0	0.0	0.0
17241_1_1_1	17241_1_1_1	17241_1_1_1	2000264.0	2000264.0	0.0	tolerant	17241_1_1_1	44.0	6.0	0.0	0.71
17245_1_1_1	17245_1_1_1	17245_1_1_1	2000652.2776875151	2000652.2776875151	0.0	tolerant	17245_1_1_1	109.0	6.0	1.7223124846	0.7
17246_1_1_1	17246_1_1_1	17246_1_1_1	2001000.6739772256	2001000.6739772256	0.0	tolerant	17246_1_1_1	167.0	6.0	1.3260227745	0.54
17247_1_1_1	17247_1_1_1	17247_1_1_1	2000156.0	2000156.0	0.0	tolerant	17247_1_1_1	39.0	4.0	0.0	0.0
17250_1_1_1	17250_1_1_1	17250_1_1_1	3001939.0	3001939.0	0.0	moderate	17250_1_1_1	277.0	7.0	0.0	0.17
17251_1_1_1	17251_1_1_1	17251_1_1_1	3001334.1290023294	3001334.1290023294	0.0	moderate	17251_1_1_1	191.0	7.0	2.8709976705	1.79
17252_1_1_1	17252_1_1_1	17252_1_1_1	3000138.0	3000138.0	0.0	moderate	17252_1_1_1	46.0	3.0	0.0	0.0
17256_1_1_1	17256_1_1_1	17256_1_1_1	3000066.0	3000066.0	0.0	moderate	17256_1_1_1	22.0	3.0	0.0	0.0
17257_1_1_1	17257_1_1_1	17257_1_1_1	3000816.851511263	3000816.851511263	0.0	moderate	17257_1_1_1	117.0	7.0	2.148488737	0.79
17258_1_1_1	17258_1_1_1	17258_1_1_1	3000928.6567600537	3000928.6567600537	0.0	moderate	17258_1_1_1	133.0	7.0	2.3432399463	1.15
17258_1_1_1	18839_1_1_1	17258_1_1_1	2000522.3890046	3000928.6567600537	1000406.2677554537	tolerant	18839_1_1_1	105.0	5.0	2.6109953999	1.48
17266_1_1_1	17266_1_1_1	17266_1_1_1	4000560.0	4000560.0	0.0	strict	17266_1_1_1	80.0	7.0	0.0	0.51
17267_1_1_1	17267_1_1_1	17267_1_1_1	2000714.0	2000714.0	0.0	tolerant	17267_1_1_1	119.0	6.0	0.0	1.69
17272_1_1_1	17272_1_1_1	17272_1_1_1	3000792.0	3000792.0	0.0	moderate	17272_1_1_1	132.0	6.0	0.0	0.52
17275_1_1_1	17275_1_1_1	17275_1_1_1	4000903.0	4000903.0	0.0	strict	17275_1_1_1	129.0	7.0	0.0	0.28
17276_1_1_1	17276_1_1_1	17276_1_1_1	3000510.0	3000510.0	0.0	moderate	17276_1_1_1	85.0	6.0	0.0	1.55
17277_1_1_1	17277_1_1_1	17277_1_1_1	4001008.0	4001008.0	0.0	strict	17277_1_1_1	144.0	7.0	0.0	1.63
17278_1_1_1	17278_1_1_1	17278_1_1_1	4000798.0	4000798.0	0.0	strict	17278_1_1_1	114.0	7.0	0.0	0.51
17279_1_1_1	17279_1_1_1	17279_1_1_1	3001211.0	3001211.0	0.0	moderate	17279_1_1_1	173.0	7.0	0.0	1.42
17280_1_1_1	17280_1_1_1	17280_1_1_1	3000917.0	3000917.0	0.0	moderate	17280_1_1_1	131.0	7.0	0.0	0.33
17281_1_1_1	17281_1_1_1	17281_1_1_1	2000042.0	2000042.0	0.0	tolerant	17281_1_1_1	21.0	2.0	0.0	0.0
17283_1_1_1	17283_1_1_1	17283_1_1_1	2001005.0393106565	2001005.0393106565	0.0	tolerant	17283_1_1_1	168.0	6.0	2.9606893438	1.33
17287_1_1_1	17110_1_1_1	17110_1_1_1	3001029.0	3001029.0	0.0	moderate	17110_1_1_1	147.0	7.0	0.0	0.65
17287_1_1_1	7131_1_1_1	17110_1_1_1	3001022.0	3001029.0	7.0	moderate	7131_1_1_1	146.0	7.0	0.0	1.09
17287_1_1_1	17134_1_1_1	17110_1_1_1	3001022.0	3001029.0	7.0	moderate	17134_1_1_1	146.0	7.0	0.0	0.68
17287_1_1_1	19153_1_1_1	17110_1_1_1	3000980.0	3001029.0	49.0	moderate	19153_1_1_1	140.0	7.0	0.0	1.01
17287_1_1_1	17128_1_1_1	17110_1_1_1	3000973.0	3001029.0	56.0	moderate	17128_1_1_1	139.0	7.0	0.0	0.86
17287_1_1_1	17287_1_1_1	17110_1_1_1	3000966.0	3001029.0	63.0	moderate	17287_1_1_1	138.0	7.0	0.0	2.18
17288_1_1_1	17288_1_1_1	17288_1_1_1	3000833.0	3000833.0	0.0	moderate	17288_1_1_1	119.0	7.0	0.0	0.58
17291_1_1_1	17291_1_1_1	17291_1_1_1	1000102.966249861	1000102.966249861	0.0	unfiltered	17291_1_1_1	38.0	3.0	11.033750139	0.0
17297_1_1_1	17297_1_1_1	17297_1_1_1	2000093.0	2000093.0	0.0	tolerant	17297_1_1_1	31.0	3.0	0.0	0.0
17301_1_1_1	17301_1_1_1	17301_1_1_1	3000204.0	3000204.0	0.0	moderate	17301_1_1_1	51.0	4.0	0.0	0.0
17305_1_1_1	17305_1_1_1	17305_1_1_1	4000693.0	4000693.0	0.0	strict	17305_1_1_1	99.0	7.0	0.0	2.39
17306_1_1_1	17306_1_1_1	17306_1_1_1	4000742.0	4000742.0	0.0	strict	17306_1_1_1	106.0	7.0	0.0	0.47
17313_1_1_1	17313_1_1_1	17313_1_1_1	4000453.389178762	4000453.389178762	0.0	strict	17313_1_1_1	91.0	5.0	1.6108212375	0.77
17314_1_1_1	17314_1_1_1	17314_1_1_1	4000777.0	4000777.0	0.0	strict	17314_1_1_1	111.0	7.0	0.0	0.16
17314_1_1_1	16472_1_1_1	17314_1_1_1	3000696.0	4000777.0	1000081.0	moderate	16472_1_1_1	116.0	6.0	0.0	0.44
17318_1_1_1	17318_1_1_1	17318_1_1_1	3000907.3043941096	3000907.3043941096	0.0	moderate	17318_1_1_1	130.0	7.0	2.6956058904	0.49
17319_1_1_1	17319_1_1_1	17319_1_1_1	4000840.0	4000840.0	0.0	strict	17319_1_1_1	120.0	7.0	0.0	0.4
17321_1_1_1	17321_1_1_1	17321_1_1_1	2000297.9535438311	2000297.9535438311	0.0	tolerant	17321_1_1_1	60.0	5.0	2.0464561686	0.35
17324_1_1_1	17324_1_1_1	17324_1_1_1	3000704.0053868215	3000704.0053868215	0.0	moderate	17324_1_1_1	101.0	7.0	2.9946131785	0.35
17327_1_1_1	17327_1_1_1	17327_1_1_1	3001596.0	3001596.0	0.0	moderate	17327_1_1_1	228.0	7.0	0.0	0.6
17343_1_1_1	17343_1_1_1	17343_1_1_1	2000695.0	2000695.0	0.0	tolerant	17343_1_1_1	139.0	5.0	0.0	0.77
17345_1_1_1	17345_1_1_1	17345_1_1_1	2000369.7644741845	2000369.7644741845	0.0	tolerant	17345_1_1_1	93.0	4.0	2.2355258157	2.33
17350_1_1_1	17350_1_1_1	17350_1_1_1	2000542.477953685	2000542.477953685	0.0	tolerant	17350_1_1_1	136.0	4.0	1.5220463151	0.85
17355_1_1_1	17355_1_1_1	17355_1_1_1	2000480.0	2000480.0	0.0	tolerant	17355_1_1_1	96.0	5.0	0.0	0.21
17358_1_1_1	17358_1_1_1	17358_1_1_1	4000522.0	4000522.0	0.0	strict	17358_1_1_1	87.0	6.0	0.0	1.32
17359_1_1_1	17359_1_1_1	17359_1_1_1	2000417.1515280516	2000417.1515280516	0.0	tolerant	17359_1_1_1	70.0	6.0	2.8484719484	0.17
17362_1_1_1	17362_1_1_1	17362_1_1_1	3000980.0	3000980.0	0.0	moderate	17362_1_1_1	196.0	5.0	0.0	0.61
17363_1_1_1	17363_1_1_1	17363_1_1_1	4001155.0	4001155.0	0.0	strict	17363_1_1_1	165.0	7.0	0.0	0.92
17368_1_1_1	17368_1_1_1	17368_1_1_1	4000742.0	4000742.0	0.0	strict	17368_1_1_1	106.0	7.0	0.0	0.81
17368_1_1_1	25081_1_1_1	17368_1_1_1	3000768.176838298	4000742.0	999973.8231617021	moderate	25081_1_1_1	110.0	7.0	1.8231617022	1.05
17368_1_1_1	6503_1_1_1	17368_1_1_1	3000728.0	4000742.0	1000014.0	moderate	6503_1_1_1	104.0	7.0	0.0	0.77
17368_1_1_1	27326_1_1_1	17368_1_1_1	2000436.0	4000742.0	2000306.0	tolerant	27326_1_1_1	109.0	4.0	0.0	0.72
17368_1_1_1	27325_1_1_1	17368_1_1_1	2000428.0	4000742.0	2000314.0	tolerant	27325_1_1_1	107.0	4.0	0.0	0.15
17370_1_1_1	17370_1_1_1	17370_1_1_1	2000833.0	2000833.0	0.0	tolerant	17370_1_1_1	119.0	7.0	0.0	1.17
17371_1_1_1	17371_1_1_1	17371_1_1_1	3000511.0	3000511.0	0.0	moderate	17371_1_1_1	73.0	7.0	0.0	0.33
17374_1_1_1	15557_1_1_1	15557_1_1_1	4001001.0	4001001.0	0.0	strict	15557_1_1_1	143.0	7.0	0.0	0.9
17374_1_1_1	17374_1_1_1	15557_1_1_1	4000945.0	4001001.0	56.0	strict	17374_1_1_1	135.0	7.0	0.0	1.19
17388_1_1_1	17388_1_1_1	17388_1_1_1	3000735.0	3000735.0	0.0	moderate	17388_1_1_1	105.0	7.0	0.0	3.28
17389_1_1_1	17389_1_1_1	17389_1_1_1	3000960.0	3000960.0	0.0	moderate	17389_1_1_1	160.0	6.0	0.0	0.21
17390_1_1_1	17390_1_1_1	17390_1_1_1	3000942.0	3000942.0	0.0	moderate	17390_1_1_1	157.0	6.0	0.0	1.67
17391_1_1_1	17391_1_1_1	17391_1_1_1	2000560.0	2000560.0	0.0	tolerant	17391_1_1_1	80.0	7.0	0.0	0.9
17395_1_1_1	17395_1_1_1	17395_1_1_1	2000069.0	2000069.0	0.0	tolerant	17395_1_1_1	23.0	3.0	0.0	0.0
17398_1_1_1	17398_1_1_1	17398_1_1_1	2000728.0	2000728.0	0.0	tolerant	17398_1_1_1	104.0	7.0	0.0	0.35
17403_1_1_1	17403_1_1_1	17403_1_1_1	4000978.586093261	4000978.586093261	0.0	strict	17403_1_1_1	140.0	7.0	1.4139067394	0.63
17405_1_1_1	17405_1_1_1	17405_1_1_1	4000728.0	4000728.0	0.0	strict	17405_1_1_1	104.0	7.0	0.0	0.68
17410_1_1_1	17410_1_1_1	17410_1_1_1	3000980.0	3000980.0	0.0	moderate	17410_1_1_1	196.0	5.0	0.0	1.76
17411_1_1_1	17411_1_1_1	17411_1_1_1	3000342.120114285	3000342.120114285	0.0	moderate	17411_1_1_1	86.0	4.0	1.8798857149	0.67
17418_1_1_1	17418_1_1_1	17418_1_1_1	3001095.4001586195	3001095.4001586195	0.0	moderate	17418_1_1_1	183.0	6.0	2.5998413805	0.29
17419_1_1_1	17419_1_1_1	17419_1_1_1	2000323.667653932	2000323.667653932	0.0	tolerant	17419_1_1_1	65.0	5.0	1.332346068	0.84
17419_1_1_1	17634_1_1_1	17419_1_1_1	2000318.641136051	2000323.667653932	5.026517881080508	tolerant	17634_1_1_1	64.0	5.0	1.3588639491	0.84
17419_1_1_1	51449_1_1_1	17419_1_1_1	2000254.2043672537	2000323.667653932	69.46328667830676	tolerant	51449_1_1_1	64.0	4.0	1.7956327465	1.97
17420_1_1_1	17420_1_1_1	17420_1_1_1	4000966.0	4000966.0	0.0	strict	17420_1_1_1	138.0	7.0	0.0	1.27
17424_1_1_1	17424_1_1_1	17424_1_1_1	3000301.0	3000301.0	0.0	moderate	17424_1_1_1	43.0	7.0	0.0	0.45
17425_1_1_1	17425_1_1_1	17425_1_1_1	2000131.656580311	2000131.656580311	0.0	tolerant	17425_1_1_1	67.0	2.0	2.3434196891	2.7
17427_1_1_1	17427_1_1_1	17427_1_1_1	3000260.0	3000260.0	0.0	moderate	17427_1_1_1	65.0	4.0	0.0	0.73
17429_1_1_1	17429_1_1_1	17429_1_1_1	4000826.0	4000826.0	0.0	strict	17429_1_1_1	118.0	7.0	0.0	0.66
17429_1_1_1	17207_1_1_1	17429_1_1_1	3000959.0	4000826.0	999867.0	moderate	17207_1_1_1	137.0	7.0	0.0	0.52
17431_1_1_1	17431_1_1_1	17431_1_1_1	4000693.0	4000693.0	0.0	strict	17431_1_1_1	99.0	7.0	0.0	1.48
17433_1_1_1	17433_1_1_1	17433_1_1_1	4000205.0	4000205.0	0.0	strict	17433_1_1_1	41.0	5.0	0.0	0.44
17433_1_1_1	34892_1_1_1	17433_1_1_1	3000204.0	4000205.0	1000001.0	moderate	34892_1_1_1	34.0	6.0	0.0	0.31
17434_1_1_1	17434_1_1_1	17434_1_1_1	3000291.598605093	3000291.598605093	0.0	moderate	17434_1_1_1	42.0	7.0	2.4013949069	0.26
17438_1_1_1	17438_1_1_1	17438_1_1_1	2000044.0	2000044.0	0.0	tolerant	17438_1_1_1	22.0	2.0	0.0	0.0
17438_1_1_1	17441_1_1_1	17438_1_1_1	2000044.0	2000044.0	0.0	tolerant	17441_1_1_1	22.0	2.0	0.0	0.0
17438_1_1_1	17442_1_1_1	17438_1_1_1	2000044.0	2000044.0	0.0	tolerant	17442_1_1_1	22.0	2.0	0.0	0.0
17444_1_1_1	17444_1_1_1	17444_1_1_1	4000130.0	4000130.0	0.0	strict	17444_1_1_1	26.0	5.0	0.0	0.43
17445_1_1_1	17445_1_1_1	17445_1_1_1	2000666.1097465225	2000666.1097465225	0.0	tolerant	17445_1_1_1	167.0	4.0	1.8902534776	1.95
17446_1_1_1	17446_1_1_1	17446_1_1_1	2000983.0507009889	2000983.0507009889	0.0	tolerant	17446_1_1_1	197.0	5.0	1.9492990114	1.56
17447_1_1_1	16840_1_1_1	16840_1_1_1	4001162.0	4001162.0	0.0	strict	16840_1_1_1	166.0	7.0	0.0	0.79
17447_1_1_1	17447_1_1_1	16840_1_1_1	4001155.0	4001162.0	7.0	strict	17447_1_1_1	165.0	7.0	0.0	1.37
17447_1_1_1	4340_1_1_1	16840_1_1_1	3001113.0	4001162.0	1000049.0	moderate	4340_1_1_1	159.0	7.0	0.0	0.97
17447_1_1_1	5995_1_1_1	16840_1_1_1	2000316.0	4001162.0	2000846.0	tolerant	5995_1_1_1	158.0	2.0	0.0	0.0
17448_1_1_1	17448_1_1_1	17448_1_1_1	3000739.273954642	3000739.273954642	0.0	moderate	17448_1_1_1	106.0	7.0	2.7260453582	0.22
17451_1_1_1	17451_1_1_1	17451_1_1_1	2000705.393096422	2000705.393096422	0.0	tolerant	17451_1_1_1	118.0	6.0	2.6069035779	0.84
17455_1_1_1	17454_1_1_1	17454_1_1_1	2000357.8983056413	2000357.8983056413	0.0	tolerant	17454_1_1_1	90.0	4.0	2.1016943588	1.57
17455_1_1_1	17455_1_1_1	17454_1_1_1	2000243.0	2000357.8983056413	114.89830564125441	tolerant	17455_1_1_1	81.0	3.0	0.0	0.0
17467_1_1_1	17467_1_1_1	17467_1_1_1	3000861.0	3000861.0	0.0	moderate	17467_1_1_1	123.0	7.0	0.0	1.31
17468_1_1_1	17468_1_1_1	17468_1_1_1	2000713.1954464773	2000713.1954464773	0.0	tolerant	17468_1_1_1	179.0	4.0	2.8045535227	1.76
17472_1_1_1	17472_1_1_1	17472_1_1_1	2000123.4364340445	2000123.4364340445	0.0	tolerant	17472_1_1_1	25.0	5.0	1.5635659554	0.0
17474_1_1_1	17474_1_1_1	17474_1_1_1	4000684.0	4000684.0	0.0	strict	17474_1_1_1	114.0	6.0	0.0	0.95
17478_1_1_1	17478_1_1_1	17478_1_1_1	3000388.5463804407	3000388.5463804407	0.0	moderate	17478_1_1_1	130.0	3.0	1.4536195592	0.0
17479_1_1_1	16119_1_1_1	16119_1_1_1	2001374.0	2001374.0	0.0	tolerant	16119_1_1_1	229.0	6.0	0.0	2.75
17479_1_1_1	17479_1_1_1	16119_1_1_1	2001230.0	2001374.0	144.0	tolerant	17479_1_1_1	246.0	5.0	0.0	1.1
17481_1_1_1	17481_1_1_1	17481_1_1_1	3001064.0	3001064.0	0.0	moderate	17481_1_1_1	152.0	7.0	0.0	1.81
17484_1_1_1	17484_1_1_1	17484_1_1_1	3000410.510444467	3000410.510444467	0.0	moderate	17484_1_1_1	59.0	7.0	2.4895555332	0.85
17487_1_1_1	17487_1_1_1	17487_1_1_1	3000723.05316492	3000723.05316492	0.0	moderate	17487_1_1_1	121.0	6.0	2.9468350801	1.49
17488_1_1_1	17488_1_1_1	17488_1_1_1	3000266.0	3000266.0	0.0	moderate	17488_1_1_1	38.0	7.0	0.0	0.72
17489_1_1_1	17489_1_1_1	17489_1_1_1	3000340.0	3000340.0	0.0	moderate	17489_1_1_1	68.0	5.0	0.0	0.0
17489_1_1_1	5537_1_1_1	17489_1_1_1	2000414.0	3000340.0	999926.0	tolerant	5537_1_1_1	69.0	6.0	0.0	1.81
17489_1_1_1	19591_1_1_1	17489_1_1_1	2000136.0	3000340.0	1000204.0	tolerant	19591_1_1_1	68.0	2.0	0.0	0.09
17490_1_1_1	17490_1_1_1	17490_1_1_1	3000763.0	3000763.0	0.0	moderate	17490_1_1_1	109.0	7.0	0.0	0.25
17491_1_1_1	17491_1_1_1	17491_1_1_1	2000840.0	2000840.0	0.0	tolerant	17491_1_1_1	140.0	6.0	0.0	0.22
17492_1_1_1	17492_1_1_1	17492_1_1_1	3000189.0	3000189.0	0.0	moderate	17492_1_1_1	27.0	7.0	0.0	0.0
17493_1_1_1	17493_1_1_1	17493_1_1_1	3000990.0	3000990.0	0.0	moderate	17493_1_1_1	165.0	6.0	0.0	1.14
17495_1_1_1	17495_1_1_1	17495_1_1_1	3000162.0	3000162.0	0.0	moderate	17495_1_1_1	27.0	6.0	0.0	0.0
17497_1_1_1	17497_1_1_1	17497_1_1_1	4000763.0	4000763.0	0.0	strict	17497_1_1_1	109.0	7.0	0.0	0.32
17499_1_1_1	17499_1_1_1	17499_1_1_1	1000772.0	1000772.0	0.0	unfiltered	17499_1_1_1	193.0	4.0	0.0	0.25
17499_1_1_1	17570_1_1_1	17499_1_1_1	1000712.0	1000772.0	60.0	unfiltered	17570_1_1_1	178.0	4.0	0.0	0.06
17501_1_1_1	17501_1_1_1	17501_1_1_1	4001309.0	4001309.0	0.0	strict	17501_1_1_1	187.0	7.0	0.0	0.43
17502_1_1_1	34517_1_1_1	34517_1_1_1	3000788.726929868	3000788.726929868	0.0	moderate	34517_1_1_1	113.0	7.0	2.2730701321	0.6
17502_1_1_1	17502_1_1_1	34517_1_1_1	3000693.0	3000788.726929868	95.7269298681058	moderate	17502_1_1_1	99.0	7.0	0.0	0.51
17503_1_1_1	17503_1_1_1	17503_1_1_1	3000875.0	3000875.0	0.0	moderate	17503_1_1_1	175.0	5.0	0.0	1.24
17505_1_1_1	17505_1_1_1	17505_1_1_1	3000672.0	3000672.0	0.0	moderate	17505_1_1_1	96.0	7.0	0.0	1.03
17505_1_1_1	1394_1_1_1	17505_1_1_1	2000279.0	3000672.0	1000393.0	tolerant	1394_1_1_1	93.0	3.0	0.0	0.0
17507_1_1_1	17507_1_1_1	17507_1_1_1	4000930.0	4000930.0	0.0	strict	17507_1_1_1	186.0	5.0	0.0	0.61
17507_1_1_1	27943_1_1_1	17507_1_1_1	3000925.0	4000930.0	1000005.0	moderate	27943_1_1_1	185.0	5.0	0.0	0.43
17507_1_1_1	27947_1_1_1	17507_1_1_1	3000920.0	4000930.0	1000010.0	moderate	27947_1_1_1	184.0	5.0	0.0	0.38
17508_1_1_1	17508_1_1_1	17508_1_1_1	3000616.0	3000616.0	0.0	moderate	17508_1_1_1	88.0	7.0	0.0	0.4
17508_1_1_1	17635_1_1_1	17508_1_1_1	2000634.7091645077	3000616.0	999981.2908354923	tolerant	17635_1_1_1	106.0	6.0	1.2908354922	1.62
17509_1_1_1	17509_1_1_1	17509_1_1_1	2000712.7159012156	2000712.7159012156	0.0	tolerant	17509_1_1_1	143.0	5.0	2.2840987845	0.38
17512_1_1_1	17512_1_1_1	17512_1_1_1	3000959.0	3000959.0	0.0	moderate	17512_1_1_1	137.0	7.0	0.0	2.44
17514_1_1_1	17514_1_1_1	17514_1_1_1	3000195.0	3000195.0	0.0	moderate	17514_1_1_1	39.0	5.0	0.0	0.9
17514_1_1_1	3394_1_1_1	17514_1_1_1	2000126.0	3000195.0	1000069.0	tolerant	3394_1_1_1	42.0	3.0	0.0	0.0
17515_1_1_1	17515_1_1_1	17515_1_1_1	2000517.2145973255	2000517.2145973255	0.0	tolerant	17515_1_1_1	104.0	5.0	2.7854026744	1.93
17519_1_1_1	17519_1_1_1	17519_1_1_1	3000714.0	3000714.0	0.0	moderate	17519_1_1_1	102.0	7.0	0.0	1.39
17519_1_1_1	17518_1_1_1	17519_1_1_1	3000714.0	3000714.0	0.0	moderate	17518_1_1_1	102.0	7.0	0.0	1.43
17521_1_1_1	17521_1_1_1	17521_1_1_1	2001232.5372312649	2001232.5372312649	0.0	tolerant	17521_1_1_1	247.0	5.0	2.4627687351	0.75
17523_1_1_1	17523_1_1_1	17523_1_1_1	2000900.0	2000900.0	0.0	tolerant	17523_1_1_1	180.0	5.0	0.0	1.72
17524_1_1_1	17524_1_1_1	17524_1_1_1	3001036.0	3001036.0	0.0	moderate	17524_1_1_1	148.0	7.0	0.0	0.32
17525_1_1_1	17525_1_1_1	17525_1_1_1	2000468.0	2000468.0	0.0	tolerant	17525_1_1_1	78.0	6.0	0.0	0.68
17528_1_1_1	17528_1_1_1	17528_1_1_1	3000108.0	3000108.0	0.0	moderate	17528_1_1_1	36.0	3.0	0.0	0.0
17530_1_1_1	17530_1_1_1	17530_1_1_1	4001071.0	4001071.0	0.0	strict	17530_1_1_1	153.0	7.0	0.0	1.0
17533_1_1_1	17533_1_1_1	17533_1_1_1	2000174.0	2000174.0	0.0	tolerant	17533_1_1_1	29.0	6.0	0.0	0.06
17534_1_1_1	17534_1_1_1	17534_1_1_1	3000879.0346899503	3000879.0346899503	0.0	moderate	17534_1_1_1	126.0	7.0	2.9653100498	0.84
17537_1_1_1	17537_1_1_1	17537_1_1_1	3000105.0	3000105.0	0.0	moderate	17537_1_1_1	35.0	3.0	0.0	0.0
17546_1_1_1	17546_1_1_1	17546_1_1_1	3001127.0	3001127.0	0.0	moderate	17546_1_1_1	161.0	7.0	0.0	1.02
17549_1_1_1	17549_1_1_1	17549_1_1_1	3000940.0	3000940.0	0.0	moderate	17549_1_1_1	188.0	5.0	0.0	0.0
17552_1_1_1	17552_1_1_1	17552_1_1_1	2000316.0863716917	2000316.0863716917	0.0	tolerant	17552_1_1_1	106.0	3.0	1.9136283084	1.65
17553_1_1_1	17553_1_1_1	17553_1_1_1	3000602.0	3000602.0	0.0	moderate	17553_1_1_1	86.0	7.0	0.0	0.85
17554_1_1_1	17554_1_1_1	17554_1_1_1	3000741.975997587	3000741.975997587	0.0	moderate	17554_1_1_1	124.0	6.0	2.0240024127	0.54
17555_1_1_1	17555_1_1_1	17555_1_1_1	3000684.0	3000684.0	0.0	moderate	17555_1_1_1	171.0	4.0	0.0	0.87
17571_1_1_1	17571_1_1_1	17571_1_1_1	2000430.0	2000430.0	0.0	tolerant	17571_1_1_1	86.0	5.0	0.0	0.33
17571_1_1_1	17561_1_1_1	17571_1_1_1	2000420.0	2000430.0	10.0	tolerant	17561_1_1_1	84.0	5.0	0.0	0.0
17578_1_1_1	17579_1_1_1	17579_1_1_1	4000812.0	4000812.0	0.0	strict	17579_1_1_1	116.0	7.0	0.0	0.38
17578_1_1_1	17578_1_1_1	17579_1_1_1	4000805.0	4000812.0	7.0	strict	17578_1_1_1	115.0	7.0	0.0	0.62
1757_1_1_1	1757_1_1_1	1757_1_1_1	3000108.0	3000108.0	0.0	moderate	1757_1_1_1	36.0	3.0	0.0	0.0
17583_1_1_1	17583_1_1_1	17583_1_1_1	2000175.0	2000175.0	0.0	tolerant	17583_1_1_1	25.0	7.0	0.0	0.1
17584_1_1_1	17584_1_1_1	17584_1_1_1	3000102.0	3000102.0	0.0	moderate	17584_1_1_1	17.0	6.0	0.0	0.0
17585_1_1_1	17585_1_1_1	17585_1_1_1	3000879.275991369	3000879.275991369	0.0	moderate	17585_1_1_1	126.0	7.0	2.724008631	0.5
17586_1_1_1	17586_1_1_1	17586_1_1_1	3000686.0	3000686.0	0.0	moderate	17586_1_1_1	98.0	7.0	0.0	3.0
17588_1_1_1	17588_1_1_1	17588_1_1_1	3000711.255527467	3000711.255527467	0.0	moderate	17588_1_1_1	102.0	7.0	2.7444725332	1.11
17589_1_1_1	17589_1_1_1	17589_1_1_1	3000430.0	3000430.0	0.0	moderate	17589_1_1_1	86.0	5.0	0.0	0.56
17590_1_1_1	17590_1_1_1	17590_1_1_1	3000470.0	3000470.0	0.0	moderate	17590_1_1_1	94.0	5.0	0.0	1.89
17594_1_1_1	17594_1_1_1	17594_1_1_1	2000513.766021398	2000513.766021398	0.0	tolerant	17594_1_1_1	86.0	6.0	2.2339786019	0.4
17596_1_1_1	17596_1_1_1	17596_1_1_1	3000805.0	3000805.0	0.0	moderate	17596_1_1_1	115.0	7.0	0.0	2.39
17597_1_1_1	17597_1_1_1	17597_1_1_1	4001673.0	4001673.0	0.0	strict	17597_1_1_1	239.0	7.0	0.0	0.33
17598_1_1_1	17598_1_1_1	17598_1_1_1	2000535.0	2000535.0	0.0	tolerant	17598_1_1_1	107.0	5.0	0.0	1.42
17600_1_1_1	17600_1_1_1	17600_1_1_1	3000693.0	3000693.0	0.0	moderate	17600_1_1_1	99.0	7.0	0.0	1.28
17606_1_1_1	17606_1_1_1	17606_1_1_1	4000511.0	4000511.0	0.0	strict	17606_1_1_1	73.0	7.0	0.0	1.56
17607_1_1_1	17607_1_1_1	17607_1_1_1	4000805.0	4000805.0	0.0	strict	17607_1_1_1	115.0	7.0	0.0	1.83
17608_1_1_1	17608_1_1_1	17608_1_1_1	3001820.0	3001820.0	0.0	moderate	17608_1_1_1	260.0	7.0	0.0	0.32
17611_1_1_1	17809_1_1_1	17809_1_1_1	4000973.0	4000973.0	0.0	strict	17809_1_1_1	139.0	7.0	0.0	0.99
17611_1_1_1	17611_1_1_1	17809_1_1_1	4000959.0	4000973.0	14.0	strict	17611_1_1_1	137.0	7.0	0.0	1.14
17612_1_1_1	17612_1_1_1	17612_1_1_1	3000763.0	3000763.0	0.0	moderate	17612_1_1_1	109.0	7.0	0.0	0.8
17612_1_1_1	30970_1_1_1	17612_1_1_1	2000707.0	3000763.0	1000056.0	tolerant	30970_1_1_1	101.0	7.0	0.0	0.53
17616_1_1_1	17616_1_1_1	17616_1_1_1	1000857.9737895172	1000857.9737895172	0.0	unfiltered	17616_1_1_1	123.0	7.0	3.0262104828	1.6
17617_1_1_1	17617_1_1_1	17617_1_1_1	1000066.2138237206	1000066.2138237206	0.0	unfiltered	17617_1_1_1	26.0	3.0	11.7861762794	0.0
17620_1_1_1	17620_1_1_1	17620_1_1_1	4000693.0	4000693.0	0.0	strict	17620_1_1_1	99.0	7.0	0.0	0.56
17620_1_1_1	5943_1_1_1	17620_1_1_1	3000770.0	4000693.0	999923.0	moderate	5943_1_1_1	110.0	7.0	0.0	2.92
17622_1_1_1	17622_1_1_1	17622_1_1_1	4001281.0	4001281.0	0.0	strict	17622_1_1_1	183.0	7.0	0.0	0.56
17622_1_1_1	34466_1_1_1	17622_1_1_1	2000993.1971414343	4001281.0	2000287.8028585657	tolerant	34466_1_1_1	199.0	5.0	1.8028585656	2.72
17627_1_1_1	52385_1_1_1	52385_1_1_1	3000469.0	3000469.0	0.0	moderate	52385_1_1_1	67.0	7.0	0.0	0.59
17627_1_1_1	17627_1_1_1	52385_1_1_1	3000426.0	3000469.0	43.0	moderate	17627_1_1_1	71.0	6.0	0.0	0.54
17628_1_1_1	17628_1_1_1	17628_1_1_1	2000561.9648471435	2000561.9648471435	0.0	tolerant	17628_1_1_1	94.0	6.0	2.0351528564	1.1
17633_1_1_1	17633_1_1_1	17633_1_1_1	4001545.438671572	4001545.438671572	0.0	strict	17633_1_1_1	221.0	7.0	1.5613284284	0.44
17637_1_1_1	17636_1_1_1	17636_1_1_1	3000812.0	3000812.0	0.0	moderate	17636_1_1_1	116.0	7.0	0.0	2.29
17637_1_1_1	17637_1_1_1	17636_1_1_1	3000594.0	3000812.0	218.0	moderate	17637_1_1_1	99.0	6.0	0.0	2.35
17645_1_1_1	17645_1_1_1	17645_1_1_1	1000503.613248057	1000503.613248057	0.0	unfiltered	17645_1_1_1	86.0	6.0	12.386751943	1.38
17646_1_1_1	17646_1_1_1	17646_1_1_1	4001190.0	4001190.0	0.0	strict	17646_1_1_1	170.0	7.0	0.0	0.57
17650_1_1_1	17650_1_1_1	17650_1_1_1	2000457.6032753373	2000457.6032753373	0.0	tolerant	17650_1_1_1	92.0	5.0	2.3967246627	1.66
17651_1_1_1	17651_1_1_1	17651_1_1_1	4000786.0	4000786.0	0.0	strict	17651_1_1_1	131.0	6.0	0.0	1.03
17651_1_1_1	7132_1_1_1	17651_1_1_1	3000620.0	4000786.0	1000166.0	moderate	7132_1_1_1	124.0	5.0	0.0	0.42
17663_1_1_1	17663_1_1_1	17663_1_1_1	2000495.7228247845	2000495.7228247845	0.0	tolerant	17663_1_1_1	83.0	6.0	2.2771752155	1.7
17664_1_1_1	17664_1_1_1	17664_1_1_1	3000144.2532756296	3000144.2532756296	0.0	moderate	17664_1_1_1	21.0	7.0	2.7467243704	0.0
17667_1_1_1	17667_1_1_1	17667_1_1_1	4000525.0	4000525.0	0.0	strict	17667_1_1_1	75.0	7.0	0.0	1.92
17668_1_1_1	17668_1_1_1	17668_1_1_1	3000725.5009993645	3000725.5009993645	0.0	moderate	17668_1_1_1	104.0	7.0	2.4990006353	1.07
17670_1_1_1	17670_1_1_1	17670_1_1_1	3001162.0	3001162.0	0.0	moderate	17670_1_1_1	166.0	7.0	0.0	0.4
17673_1_1_1	17673_1_1_1	17673_1_1_1	3000522.7153813955	3000522.7153813955	0.0	moderate	17673_1_1_1	75.0	7.0	2.2846186044	1.05
17681_1_1_1	17681_1_1_1	17681_1_1_1	3000204.0	3000204.0	0.0	moderate	17681_1_1_1	34.0	6.0	0.0	0.25
17681_1_1_1	16963_1_1_1	17681_1_1_1	2000102.0	3000204.0	1000102.0	tolerant	16963_1_1_1	34.0	3.0	0.0	0.0
17683_1_1_1	4046_1_1_1	4046_1_1_1	3000901.3337005153	3000901.3337005153	0.0	moderate	4046_1_1_1	129.0	7.0	1.6662994845	0.15
17683_1_1_1	17683_1_1_1	4046_1_1_1	3000796.1504108026	3000901.3337005153	105.1832897127606	moderate	17683_1_1_1	114.0	7.0	1.8495891974	0.88
17686_1_1_1	17686_1_1_1	17686_1_1_1	4001190.0	4001190.0	0.0	strict	17686_1_1_1	170.0	7.0	0.0	0.44
17687_1_1_1	17687_1_1_1	17687_1_1_1	2000588.0	2000588.0	0.0	tolerant	17687_1_1_1	98.0	6.0	0.0	0.69
17688_1_1_1	17688_1_1_1	17688_1_1_1	4001008.0	4001008.0	0.0	strict	17688_1_1_1	144.0	7.0	0.0	0.35
17689_1_1_1	17689_1_1_1	17689_1_1_1	3000216.0	3000216.0	0.0	moderate	17689_1_1_1	54.0	4.0	0.0	0.0
17690_1_1_1	17690_1_1_1	17690_1_1_1	3000231.7771953335	3000231.7771953335	0.0	moderate	17690_1_1_1	39.0	6.0	2.2228046666	2.12
17690_1_1_1	19174_1_1_1	17690_1_1_1	3000182.9901211914	3000231.7771953335	48.78707414213568	moderate	19174_1_1_1	46.0	4.0	1.0098788087	0.29
17694_1_1_1	17694_1_1_1	17694_1_1_1	4000994.0	4000994.0	0.0	strict	17694_1_1_1	142.0	7.0	0.0	1.38
17695_1_1_1	17695_1_1_1	17695_1_1_1	3000715.0	3000715.0	0.0	moderate	17695_1_1_1	143.0	5.0	0.0	1.78
17699_1_1_1	17699_1_1_1	17699_1_1_1	2000036.0	2000036.0	0.0	tolerant	17699_1_1_1	18.0	2.0	0.0	0.0
17701_1_1_1	17701_1_1_1	17701_1_1_1	4001197.0	4001197.0	0.0	strict	17701_1_1_1	171.0	7.0	0.0	0.62
17703_1_1_1	17703_1_1_1	17703_1_1_1	3001207.132536843	3001207.132536843	0.0	moderate	17703_1_1_1	242.0	5.0	2.867463157	1.62
17705_1_1_1	17705_1_1_1	17705_1_1_1	3000568.188235895	3000568.188235895	0.0	moderate	17705_1_1_1	95.0	6.0	1.8117641053	2.48
17713_1_1_1	17713_1_1_1	17713_1_1_1	4000805.0	4000805.0	0.0	strict	17713_1_1_1	115.0	7.0	0.0	1.94
17719_1_1_1	17719_1_1_1	17719_1_1_1	2000320.0	2000320.0	0.0	tolerant	17719_1_1_1	64.0	5.0	0.0	1.26
1771_1_1_1	1771_1_1_1	1771_1_1_1	1000030.0	1000030.0	0.0	unfiltered	1771_1_1_1	10.0	3.0	0.0	0.0
17721_1_1_1	17721_1_1_1	17721_1_1_1	2000936.0	2000936.0	0.0	tolerant	17721_1_1_1	234.0	4.0	0.0	1.7
17723_1_1_1	17723_1_1_1	17723_1_1_1	4001008.0	4001008.0	0.0	strict	17723_1_1_1	144.0	7.0	0.0	1.33
17734_1_1_1	17734_1_1_1	17734_1_1_1	2000678.3377796188	2000678.3377796188	0.0	tolerant	17734_1_1_1	136.0	5.0	1.6622203811	1.29
17736_1_1_1	17736_1_1_1	17736_1_1_1	4001190.0	4001190.0	0.0	strict	17736_1_1_1	170.0	7.0	0.0	1.16
17737_1_1_1	17737_1_1_1	17737_1_1_1	2000615.818484733	2000615.818484733	0.0	tolerant	17737_1_1_1	103.0	6.0	2.1815152667	0.53
17738_1_1_1	17738_1_1_1	17738_1_1_1	3001617.0	3001617.0	0.0	moderate	17738_1_1_1	231.0	7.0	0.0	0.53
17738_1_1_1	19264_1_1_1	17738_1_1_1	3001123.385172304	3001617.0	493.6148276957683	moderate	19264_1_1_1	225.0	5.0	1.614827696	1.02
17738_1_1_1	19261_1_1_1	17738_1_1_1	3000988.0782273426	3001617.0	628.9217726574279	moderate	19261_1_1_1	198.0	5.0	1.9217726572	1.22
17739_1_1_1	17739_1_1_1	17739_1_1_1	2000366.3536341393	2000366.3536341393	0.0	tolerant	17739_1_1_1	92.0	4.0	1.6463658607	0.94
17743_1_1_1	17743_1_1_1	17743_1_1_1	3000458.2798162536	3000458.2798162536	0.0	moderate	17743_1_1_1	92.0	5.0	1.7201837463	0.17
17745_1_1_1	17745_1_1_1	17745_1_1_1	3001064.0	3001064.0	0.0	moderate	17745_1_1_1	152.0	7.0	0.0	0.44
17747_1_1_1	17747_1_1_1	17747_1_1_1	3001078.0	3001078.0	0.0	moderate	17747_1_1_1	154.0	7.0	0.0	0.48
17748_1_1_1	17748_1_1_1	17748_1_1_1	3001125.0	3001125.0	0.0	moderate	17748_1_1_1	225.0	5.0	0.0	0.48
17750_1_1_1	17750_1_1_1	17750_1_1_1	2000705.1437427388	2000705.1437427388	0.0	tolerant	17750_1_1_1	118.0	6.0	2.8562572613	0.92
17752_1_1_1	17752_1_1_1	17752_1_1_1	3000770.0	3000770.0	0.0	moderate	17752_1_1_1	110.0	7.0	0.0	0.87
17753_1_1_1	17753_1_1_1	17753_1_1_1	3000355.43796113	3000355.43796113	0.0	moderate	17753_1_1_1	51.0	7.0	1.5620388702	0.17
17754_1_1_1	17754_1_1_1	17754_1_1_1	2000580.0	2000580.0	0.0	tolerant	17754_1_1_1	116.0	5.0	0.0	3.29
17755_1_1_1	17755_1_1_1	17755_1_1_1	3000903.0	3000903.0	0.0	moderate	17755_1_1_1	129.0	7.0	0.0	0.7
17761_1_1_1	17675_2_2_1	17675_2_2_1	1000321.177757076	1000321.177757076	0.0	unfiltered	17675_2_2_1	54.0	6.0	2.8222429239	1.33
17761_1_1_1	17761_1_1_1	17675_2_2_1	1000320.457937506	1000321.177757076	0.7198195699602365	unfiltered	17761_1_1_1	54.0	6.0	3.5420624938	2.21
17763_1_1_1	17763_1_1_1	17763_1_1_1	2000165.0	2000165.0	0.0	tolerant	17763_1_1_1	55.0	3.0	0.0	0.0
17766_1_1_1	17766_1_1_1	17766_1_1_1	4000630.0	4000630.0	0.0	strict	17766_1_1_1	90.0	7.0	0.0	3.02
17768_1_1_1	17768_1_1_1	17768_1_1_1	4000690.0	4000690.0	0.0	strict	17768_1_1_1	115.0	6.0	0.0	1.45
17773_1_1_1	17773_1_1_1	17773_1_1_1	3001037.03544905	3001037.03544905	0.0	moderate	17773_1_1_1	208.0	5.0	2.9645509499	1.22
17776_1_1_1	17775_1_1_1	17775_1_1_1	4000749.0	4000749.0	0.0	strict	17775_1_1_1	107.0	7.0	0.0	0.53
17776_1_1_1	17776_1_1_1	17775_1_1_1	4000700.0	4000749.0	49.0	strict	17776_1_1_1	100.0	7.0	0.0	0.47
17777_1_1_1	17777_1_1_1	17777_1_1_1	4000612.0	4000612.0	0.0	strict	17777_1_1_1	102.0	6.0	0.0	2.95
17781_1_1_1	17781_1_1_1	17781_1_1_1	3001075.0	3001075.0	0.0	moderate	17781_1_1_1	215.0	5.0	0.0	2.95
17782_1_1_1	17782_1_1_1	17782_1_1_1	3000576.0	3000576.0	0.0	moderate	17782_1_1_1	144.0	4.0	0.0	3.16
17783_1_1_1	17783_1_1_1	17783_1_1_1	3000693.0	3000693.0	0.0	moderate	17783_1_1_1	99.0	7.0	0.0	0.43
17792_1_1_1	17792_1_1_1	17792_1_1_1	3000228.0	3000228.0	0.0	moderate	17792_1_1_1	38.0	6.0	0.0	2.64
17798_1_1_1	17798_1_1_1	17798_1_1_1	3000102.0	3000102.0	0.0	moderate	17798_1_1_1	34.0	3.0	0.0	0.0
17798_1_1_1	17797_1_1_1	17798_1_1_1	3000102.0	3000102.0	0.0	moderate	17797_1_1_1	34.0	3.0	0.0	0.0
17799_1_1_1	17799_1_1_1	17799_1_1_1	3000854.0	3000854.0	0.0	moderate	17799_1_1_1	122.0	7.0	0.0	3.3
17804_1_1_1	17804_1_1_1	17804_1_1_1	4001725.0	4001725.0	0.0	strict	17804_1_1_1	345.0	5.0	0.0	0.55
17804_1_1_1	50534_1_1_1	17804_1_1_1	2000032.0	4001725.0	2001693.0	tolerant	50534_1_1_1	16.0	2.0	0.0	0.0
17804_1_1_1	50533_1_1_1	17804_1_1_1	2000030.0	4001725.0	2001695.0	tolerant	50533_1_1_1	15.0	2.0	0.0	0.0
17804_1_1_1	50536_1_1_1	17804_1_1_1	1000021.0012953368	4001725.0	3001703.9987046635	unfiltered	50536_1_1_1	18.0	2.0	14.9987046632	0.0
17811_1_1_1	17811_1_1_1	17811_1_1_1	4001274.0	4001274.0	0.0	strict	17811_1_1_1	182.0	7.0	0.0	0.18
17811_1_1_1	7055_1_1_1	17811_1_1_1	3001267.0	4001274.0	1000007.0	moderate	7055_1_1_1	181.0	7.0	0.0	0.22
17816_1_1_1	17816_1_1_1	17816_1_1_1	3000192.0	3000192.0	0.0	moderate	17816_1_1_1	64.0	3.0	0.0	0.0
17818_1_1_1	17818_1_1_1	17818_1_1_1	2000597.8585817616	2000597.8585817616	0.0	tolerant	17818_1_1_1	120.0	5.0	2.1414182387	0.81
17823_1_1_1	17823_1_1_1	17823_1_1_1	3000117.0	3000117.0	0.0	moderate	17823_1_1_1	39.0	3.0	0.0	0.0
17827_1_1_1	17827_1_1_1	17827_1_1_1	4000693.0	4000693.0	0.0	strict	17827_1_1_1	99.0	7.0	0.0	1.01
17827_1_1_1	16163_1_1_1	17827_1_1_1	3000697.161355909	4000693.0	999995.838644091	moderate	16163_1_1_1	100.0	7.0	2.8386440909	1.22
17828_1_1_1	17828_1_1_1	17828_1_1_1	4000616.0	4000616.0	0.0	strict	17828_1_1_1	88.0	7.0	0.0	0.41
17831_1_1_1	17831_1_1_1	17831_1_1_1	2000637.0428831012	2000637.0428831012	0.0	tolerant	17831_1_1_1	128.0	5.0	2.9571168989	1.79
17832_1_1_1	17832_1_1_1	17832_1_1_1	3000466.087702478	3000466.087702478	0.0	moderate	17832_1_1_1	67.0	7.0	2.9122975227	2.93
17833_1_1_1	17833_1_1_1	17833_1_1_1	2000756.0	2000756.0	0.0	tolerant	17833_1_1_1	108.0	7.0	0.0	1.67
17835_1_1_1	17835_1_1_1	17835_1_1_1	3000532.0	3000532.0	0.0	moderate	17835_1_1_1	76.0	7.0	0.0	0.74
17841_1_1_1	17841_1_1_1	17841_1_1_1	4000378.0	4000378.0	0.0	strict	17841_1_1_1	54.0	7.0	0.0	1.07
17841_1_1_1	16117_1_1_1	17841_1_1_1	4000378.0	4000378.0	0.0	strict	16117_1_1_1	54.0	7.0	0.0	1.29
17841_1_1_1	15537_1_1_1	17841_1_1_1	4000378.0	4000378.0	0.0	strict	15537_1_1_1	54.0	7.0	0.0	1.64
17841_1_1_1	15535_1_1_1	17841_1_1_1	4000378.0	4000378.0	0.0	strict	15535_1_1_1	54.0	7.0	0.0	0.18
17841_1_1_1	17839_1_1_1	17841_1_1_1	4000378.0	4000378.0	0.0	strict	17839_1_1_1	54.0	7.0	0.0	0.52
17841_1_1_1	17840_1_1_1	17841_1_1_1	4000378.0	4000378.0	0.0	strict	17840_1_1_1	54.0	7.0	0.0	1.27
17841_1_1_1	16116_1_1_1	17841_1_1_1	4000378.0	4000378.0	0.0	strict	16116_1_1_1	54.0	7.0	0.0	0.7
17841_1_1_1	17843_1_1_1	17841_1_1_1	4000306.0	4000378.0	72.0	strict	17843_1_1_1	51.0	6.0	0.0	0.0
17842_1_1_1	17842_1_1_1	17842_1_1_1	2000662.4422612565	2000662.4422612565	0.0	tolerant	17842_1_1_1	166.0	4.0	1.5577387436	0.61
17853_1_1_1	17853_1_1_1	17853_1_1_1	2001005.0	2001005.0	0.0	tolerant	17853_1_1_1	201.0	5.0	0.0	1.33
17856_1_2_1	17856_1_2_1	17856_1_2_1	3000285.6683152914	3000285.6683152914	0.0	moderate	17856_1_2_1	72.0	4.0	2.3316847087	0.0
17856_1_2_1	18871_1_1_1	17856_1_2_1	2000304.0	3000285.6683152914	999981.6683152914	tolerant	18871_1_1_1	76.0	4.0	0.0	0.41
17862_1_1_1	17862_1_1_1	17862_1_1_1	3000522.521537726	3000522.521537726	0.0	moderate	17862_1_1_1	75.0	7.0	2.478462274	1.0
17863_1_1_1	16237_1_1_1	16237_1_1_1	4001757.0	4001757.0	0.0	strict	16237_1_1_1	251.0	7.0	0.0	2.52
17863_1_1_1	17863_1_1_1	16237_1_1_1	4001743.0	4001757.0	14.0	strict	17863_1_1_1	249.0	7.0	0.0	2.08
17864_1_1_1	17864_1_1_1	17864_1_1_1	4000609.0	4000609.0	0.0	strict	17864_1_1_1	87.0	7.0	0.0	2.03
17864_1_1_1	16103_1_1_1	17864_1_1_1	4000595.0	4000609.0	14.0	strict	16103_1_1_1	85.0	7.0	0.0	2.36
17865_1_1_1	17865_1_1_1	17865_1_1_1	4000838.025982013	4000838.025982013	0.0	strict	17865_1_1_1	120.0	7.0	1.9740179871	0.49
17867_1_1_1	17867_1_1_1	17867_1_1_1	3000603.0104813264	3000603.0104813264	0.0	moderate	17867_1_1_1	101.0	6.0	2.9895186738	0.89
17876_1_1_1	17987_1_1_1	17987_1_1_1	2000087.0	2000087.0	0.0	tolerant	17987_1_1_1	29.0	3.0	0.0	0.0
17876_1_1_1	17876_1_1_1	17987_1_1_1	2000084.0	2000087.0	3.0	tolerant	17876_1_1_1	28.0	3.0	0.0	0.0
17878_1_1_1	17878_1_1_1	17878_1_1_1	1001413.6159434324	1001413.6159434324	0.0	unfiltered	17878_1_1_1	284.0	5.0	6.3840565676	0.82
17888_1_1_1	17888_1_1_1	17888_1_1_1	3000087.675597703	3000087.675597703	0.0	moderate	17888_1_1_1	30.0	3.0	2.3244022967	0.0
17889_1_1_1	17889_1_1_1	17889_1_1_1	2000099.0	2000099.0	0.0	tolerant	17889_1_1_1	33.0	3.0	0.0	0.0
17890_1_1_1	17890_1_1_1	17890_1_1_1	3001022.0	3001022.0	0.0	moderate	17890_1_1_1	146.0	7.0	0.0	1.65
17891_1_1_1	17891_1_1_1	17891_1_1_1	2000075.0	2000075.0	0.0	tolerant	17891_1_1_1	25.0	3.0	0.0	0.02
17899_1_1_1	17899_1_1_1	17899_1_1_1	3001369.001250411	3001369.001250411	0.0	moderate	17899_1_1_1	196.0	7.0	2.9987495893	0.64
17900_1_1_1	17900_1_1_1	17900_1_1_1	3000882.0	3000882.0	0.0	moderate	17900_1_1_1	126.0	7.0	0.0	0.82
17905_1_1_1	17905_1_1_1	17905_1_1_1	4000791.0	4000791.0	0.0	strict	17905_1_1_1	113.0	7.0	0.0	2.09
17905_1_1_1	19995_1_1_1	17905_1_1_1	2000226.0	4000791.0	2000565.0	tolerant	19995_1_1_1	113.0	2.0	0.0	2.0
17906_1_1_1	17906_1_1_1	17906_1_1_1	3000669.667884922	3000669.667884922	0.0	moderate	17906_1_1_1	96.0	7.0	2.332115078	0.51
17908_1_1_1	17908_1_1_1	17908_1_1_1	3000072.0	3000072.0	0.0	moderate	17908_1_1_1	24.0	3.0	0.0	0.0
17909_1_1_1	17909_1_1_1	17909_1_1_1	4001248.0	4001248.0	0.0	strict	17909_1_1_1	208.0	6.0	0.0	1.14
17911_1_1_1	17911_1_1_1	17911_1_1_1	3000705.6239005667	3000705.6239005667	0.0	moderate	17911_1_1_1	118.0	6.0	2.3760994335	0.15
17913_1_1_1	17912_1_1_1	17912_1_1_1	4000441.0	4000441.0	0.0	strict	17912_1_1_1	63.0	7.0	0.0	1.53
17913_1_1_1	17913_1_1_1	17912_1_1_1	4000372.0	4000441.0	69.0	strict	17913_1_1_1	62.0	6.0	0.0	0.92
17916_1_1_1	17916_1_1_1	17916_1_1_1	3000543.437871045	3000543.437871045	0.0	moderate	17916_1_1_1	91.0	6.0	2.5621289549	0.26
17917_1_1_1	17917_1_1_1	17917_1_1_1	4000360.0	4000360.0	0.0	strict	17917_1_1_1	60.0	6.0	0.0	0.74
17922_1_1_1	17922_1_1_1	17922_1_1_1	2000531.4237318272	2000531.4237318272	0.0	tolerant	17922_1_1_1	178.0	3.0	2.5762681729	0.67
17923_1_1_1	30561_1_1_1	30561_1_1_1	3000315.0	3000315.0	0.0	moderate	30561_1_1_1	45.0	7.0	0.0	0.51
17923_1_1_1	17923_1_1_1	30561_1_1_1	3000258.0	3000315.0	57.0	moderate	17923_1_1_1	43.0	6.0	0.0	0.0
17923_1_1_1	7092_1_1_1	30561_1_1_1	3000135.0	3000315.0	180.0	moderate	7092_1_1_1	45.0	3.0	0.0	0.0
17923_1_1_1	30720_1_1_1	30561_1_1_1	2000270.0	3000315.0	1000045.0	tolerant	30720_1_1_1	45.0	6.0	0.0	0.24
17924_1_1_1	17924_1_1_1	17924_1_1_1	3000148.0	3000148.0	0.0	moderate	17924_1_1_1	37.0	4.0	0.0	0.0
17927_1_1_1	17927_1_1_1	17927_1_1_1	3001022.0	3001022.0	0.0	moderate	17927_1_1_1	146.0	7.0	0.0	0.77
17928_1_1_1	17928_1_1_1	17928_1_1_1	3000078.0	3000078.0	0.0	moderate	17928_1_1_1	26.0	3.0	0.0	0.0
17931_1_1_1	17930_1_1_1	17930_1_1_1	2000267.4115848653	2000267.4115848653	0.0	tolerant	17930_1_1_1	45.0	6.0	2.5884151347	0.15
17931_1_1_1	17931_1_1_1	17930_1_1_1	2000261.5106767304	2000267.4115848653	5.900908134877682	tolerant	17931_1_1_1	44.0	6.0	2.4893232698	0.12
17934_1_1_1	17934_1_1_1	17934_1_1_1	4001008.0	4001008.0	0.0	strict	17934_1_1_1	144.0	7.0	0.0	0.42
17934_1_1_1	17428_1_1_1	17934_1_1_1	3001015.0	4001008.0	999993.0	moderate	17428_1_1_1	145.0	7.0	0.0	0.37
17935_1_1_1	17935_1_1_1	17935_1_1_1	3001110.0	3001110.0	0.0	moderate	17935_1_1_1	185.0	6.0	0.0	0.45
17936_1_1_1	17936_1_1_1	17936_1_1_1	2000387.0840233848	2000387.0840233848	0.0	tolerant	17936_1_1_1	78.0	5.0	2.9159766151	1.14
17938_1_1_1	17938_1_1_1	17938_1_1_1	2000513.913067768	2000513.913067768	0.0	tolerant	17938_1_1_1	86.0	6.0	2.086932232	1.05
17938_1_1_1	19025_1_1_1	17938_1_1_1	1000284.0	2000513.913067768	1000229.9130677681	unfiltered	19025_1_1_1	71.0	4.0	0.0	1.18
17939_1_1_1	17939_1_1_1	17939_1_1_1	2000366.0	2000366.0	0.0	tolerant	17939_1_1_1	61.0	6.0	0.0	1.29
17943_1_1_1	17943_1_1_1	17943_1_1_1	3000872.3429837795	3000872.3429837795	0.0	moderate	17943_1_1_1	125.0	7.0	2.6570162204	0.24
17944_1_1_1	17944_1_1_1	17944_1_1_1	1000132.0	1000132.0	0.0	unfiltered	17944_1_1_1	33.0	4.0	0.0	1.37
17949_1_1_1	17949_1_1_1	17949_1_1_1	2000207.0	2000207.0	0.0	tolerant	17949_1_1_1	69.0	3.0	0.0	0.0
17950_1_1_1	17950_1_1_1	17950_1_1_1	4000434.0	4000434.0	0.0	strict	17950_1_1_1	62.0	7.0	0.0	0.59
17952_1_1_1	17952_1_1_1	17952_1_1_1	4000684.0	4000684.0	0.0	strict	17952_1_1_1	114.0	6.0	0.0	0.6
17953_1_1_1	17953_1_1_1	17953_1_1_1	3001218.0	3001218.0	0.0	moderate	17953_1_1_1	174.0	7.0	0.0	0.65
17953_1_1_1	6620_1_1_1	17953_1_1_1	3001176.0	3001218.0	42.0	moderate	6620_1_1_1	168.0	7.0	0.0	0.82
17953_1_1_1	7231_1_1_1	17953_1_1_1	3001089.2755515804	3001218.0	128.7244484196417	moderate	7231_1_1_1	182.0	6.0	2.7244484198	0.64
17953_1_1_1	50917_1_1_1	17953_1_1_1	3001001.0	3001218.0	217.0	moderate	50917_1_1_1	143.0	7.0	0.0	0.52
17958_1_1_1	17958_1_1_1	17958_1_1_1	3000245.0	3000245.0	0.0	moderate	17958_1_1_1	35.0	7.0	0.0	0.33
17958_1_1_1	17955_1_1_1	17958_1_1_1	3000245.0	3000245.0	0.0	moderate	17955_1_1_1	35.0	7.0	0.0	0.19
17958_1_1_1	4507_1_1_1	17958_1_1_1	2000068.0	3000245.0	1000177.0	tolerant	4507_1_1_1	34.0	2.0	0.0	0.0
17959_1_1_1	17959_1_1_1	17959_1_1_1	3000879.9603904923	3000879.9603904923	0.0	moderate	17959_1_1_1	126.0	7.0	2.0396095077	0.74
17962_1_1_1	17962_1_1_1	17962_1_1_1	2000603.4280306692	2000603.4280306692	0.0	tolerant	17962_1_1_1	101.0	6.0	2.5719693307	1.49
17964_1_1_1	17996_1_1_1	17996_1_1_1	3000388.0	3000388.0	0.0	moderate	17996_1_1_1	97.0	4.0	0.0	1.64
17964_1_1_1	17964_1_1_1	17996_1_1_1	3000380.0	3000388.0	8.0	moderate	17964_1_1_1	95.0	4.0	0.0	1.13
17964_1_1_1	17994_1_1_1	17996_1_1_1	3000376.0	3000388.0	12.0	moderate	17994_1_1_1	94.0	4.0	0.0	0.93
17964_1_1_1	18138_1_1_1	17996_1_1_1	3000376.0	3000388.0	12.0	moderate	18138_1_1_1	94.0	4.0	0.0	0.66
17964_1_1_1	5967_1_1_1	17996_1_1_1	3000372.0	3000388.0	16.0	moderate	5967_1_1_1	93.0	4.0	0.0	0.63
17964_1_1_1	25255_1_1_1	17996_1_1_1	1000371.4869412782	3000388.0	2000016.5130587218	unfiltered	25255_1_1_1	93.0	4.0	0.5130587218	0.0
17965_1_1_1	17965_1_1_1	17965_1_1_1	3000721.0	3000721.0	0.0	moderate	17965_1_1_1	103.0	7.0	0.0	0.92
17966_1_1_1	17966_1_1_1	17966_1_1_1	4000222.0	4000222.0	0.0	strict	17966_1_1_1	37.0	6.0	0.0	0.43
17971_1_1_1	17971_1_1_1	17971_1_1_1	3000585.1049321736	3000585.1049321736	0.0	moderate	17971_1_1_1	84.0	7.0	2.8950678265	0.83
17973_1_1_1	17973_1_1_1	17973_1_1_1	2000583.0108866808	2000583.0108866808	0.0	tolerant	17973_1_1_1	117.0	5.0	1.9891133192	1.27
17978_1_1_1	17978_1_1_1	17978_1_1_1	3000651.0	3000651.0	0.0	moderate	17978_1_1_1	93.0	7.0	0.0	1.33
17985_1_1_1	17985_1_1_1	17985_1_1_1	3000066.0	3000066.0	0.0	moderate	17985_1_1_1	22.0	3.0	0.0	0.0
17989_1_1_1	17989_1_1_1	17989_1_1_1	3000746.571943827	3000746.571943827	0.0	moderate	17989_1_1_1	107.0	7.0	2.4280561732	1.08
17990_1_1_1	17990_1_1_1	17990_1_1_1	3000076.0	3000076.0	0.0	moderate	17990_1_1_1	19.0	4.0	0.0	0.0
17992_1_1_1	17992_1_1_1	17992_1_1_1	3000774.0	3000774.0	0.0	moderate	17992_1_1_1	129.0	6.0	0.0	0.31
17993_1_1_1	17993_1_1_1	17993_1_1_1	4000546.0	4000546.0	0.0	strict	17993_1_1_1	78.0	7.0	0.0	0.76
17998_1_1_1	17998_1_1_1	17998_1_1_1	2000701.3756326328	2000701.3756326328	0.0	tolerant	17998_1_1_1	176.0	4.0	2.6243673673	1.34
17999_1_1_1	17999_1_1_1	17999_1_1_1	2001305.983662555	2001305.983662555	0.0	tolerant	17999_1_1_1	327.0	4.0	2.0163374449	1.76
18001_1_1_1	18001_1_1_1	18001_1_1_1	3001106.0	3001106.0	0.0	moderate	18001_1_1_1	158.0	7.0	0.0	0.9
18003_1_1_1	18003_1_1_1	18003_1_1_1	4000805.0	4000805.0	0.0	strict	18003_1_1_1	115.0	7.0	0.0	0.14
18009_1_1_1	18009_1_1_1	18009_1_1_1	1000059.3805323712	1000059.3805323712	0.0	unfiltered	18009_1_1_1	22.0	3.0	6.6194676287	0.0
18010_1_1_1	18010_1_1_1	18010_1_1_1	3000329.0	3000329.0	0.0	moderate	18010_1_1_1	47.0	7.0	0.0	0.46
18011_1_1_1	18011_1_1_1	18011_1_1_1	3001495.7997254855	3001495.7997254855	0.0	moderate	18011_1_1_1	214.0	7.0	2.2002745146	0.19
18014_1_1_1	18014_1_1_1	18014_1_1_1	3000051.9629216366	3000051.9629216366	0.0	moderate	18014_1_1_1	18.0	3.0	2.0370783634	0.0
18019_1_1_1	18019_1_1_1	18019_1_1_1	3000186.0	3000186.0	0.0	moderate	18019_1_1_1	31.0	6.0	0.0	0.0
18019_1_1_1	6636_1_1_1	18019_1_1_1	2000096.0	3000186.0	1000090.0	tolerant	6636_1_1_1	32.0	3.0	0.0	0.0
18020_1_1_1	18020_1_1_1	18020_1_1_1	3000930.0	3000930.0	0.0	moderate	18020_1_1_1	186.0	5.0	0.0	0.77
18020_1_1_1	26822_1_1_1	18020_1_1_1	2000492.0	3000930.0	1000438.0	tolerant	26822_1_1_1	164.0	3.0	0.0	1.64
18022_1_1_1	18022_1_1_1	18022_1_1_1	3000069.0	3000069.0	0.0	moderate	18022_1_1_1	23.0	3.0	0.0	0.0
18025_1_1_1	18025_1_1_1	18025_1_1_1	2000126.0	2000126.0	0.0	tolerant	18025_1_1_1	63.0	2.0	0.0	0.0
18039_1_1_1	15694_1_1_1	15694_1_1_1	4001190.0	4001190.0	0.0	strict	15694_1_1_1	170.0	7.0	0.0	0.94
18039_1_1_1	18039_1_1_1	15694_1_1_1	4001113.0	4001190.0	77.0	strict	18039_1_1_1	159.0	7.0	0.0	0.77
18041_1_1_1	18041_1_1_1	18041_1_1_1	2000579.6360058512	2000579.6360058512	0.0	tolerant	18041_1_1_1	97.0	6.0	2.3639941486	0.98
18044_1_1_1	18044_1_1_1	18044_1_1_1	4001582.0	4001582.0	0.0	strict	18044_1_1_1	226.0	7.0	0.0	0.32
18044_1_1_1	15741_1_1_1	18044_1_1_1	4001255.0	4001582.0	327.0	strict	15741_1_1_1	251.0	5.0	0.0	1.45
18045_1_1_1	18045_1_1_1	18045_1_1_1	4000966.0	4000966.0	0.0	strict	18045_1_1_1	161.0	6.0	0.0	0.24
18051_1_1_1	18051_1_1_1	18051_1_1_1	3000378.0	3000378.0	0.0	moderate	18051_1_1_1	54.0	7.0	0.0	0.66
18053_1_1_1	18053_1_1_1	18053_1_1_1	2000474.0960426277	2000474.0960426277	0.0	tolerant	18053_1_1_1	119.0	4.0	1.9039573726	1.47
18053_1_1_1	10120_1_1_1	18053_1_1_1	2000420.0	2000474.0960426277	54.096042627701536	tolerant	10120_1_1_1	140.0	3.0	0.0	2.47
18080_1_1_1	18080_1_1_1	18080_1_1_1	3000246.0	3000246.0	0.0	moderate	18080_1_1_1	41.0	6.0	0.0	2.4
18081_1_1_1	18081_1_1_1	18081_1_1_1	4000833.0	4000833.0	0.0	strict	18081_1_1_1	119.0	7.0	0.0	2.69
18085_1_1_1	18085_1_1_1	18085_1_1_1	2000060.0	2000060.0	0.0	tolerant	18085_1_1_1	20.0	3.0	0.0	0.0
18086_1_1_1	18086_1_1_1	18086_1_1_1	2000490.0	2000490.0	0.0	tolerant	18086_1_1_1	98.0	5.0	0.0	0.63
18089_1_1_1	17866_1_1_1	17866_1_1_1	4000651.0	4000651.0	0.0	strict	17866_1_1_1	93.0	7.0	0.0	0.57
18089_1_1_1	18087_1_1_1	17866_1_1_1	4000637.0	4000651.0	14.0	strict	18087_1_1_1	91.0	7.0	0.0	0.61
18089_1_1_1	17857_1_1_1	17866_1_1_1	4000637.0	4000651.0	14.0	strict	17857_1_1_1	91.0	7.0	0.0	0.57
18089_1_1_1	18089_1_1_1	17866_1_1_1	4000546.0	4000651.0	105.0	strict	18089_1_1_1	91.0	6.0	0.0	0.34
18089_1_1_1	5127_1_1_1	17866_1_1_1	3000728.0	4000651.0	999923.0	moderate	5127_1_1_1	104.0	7.0	0.0	0.9
18089_1_1_1	5103_1_1_1	17866_1_1_1	3000637.0	4000651.0	1000014.0	moderate	5103_1_1_1	91.0	7.0	0.0	0.57
18089_1_1_1	4892_1_1_1	17866_1_1_1	3000552.0	4000651.0	1000099.0	moderate	4892_1_1_1	92.0	6.0	0.0	1.08
18089_1_1_1	4285_1_1_1	17866_1_1_1	3000552.0	4000651.0	1000099.0	moderate	4285_1_1_1	92.0	6.0	0.0	0.86
18089_1_1_1	18088_1_1_1	17866_1_1_1	3000540.0	4000651.0	1000111.0	moderate	18088_1_1_1	90.0	6.0	0.0	0.41
18089_1_1_1	4001_1_1_1	17866_1_1_1	3000511.0	4000651.0	1000140.0	moderate	4001_1_1_1	73.0	7.0	0.0	0.94
18089_1_1_1	25069_1_1_1	17866_1_1_1	2000594.0	4000651.0	2000057.0	tolerant	25069_1_1_1	99.0	6.0	0.0	0.39
18094_1_1_1	18094_1_1_1	18094_1_1_1	2000681.2373391185	2000681.2373391185	0.0	tolerant	18094_1_1_1	114.0	6.0	2.7626608815	1.23
18097_1_1_1	18097_1_1_1	18097_1_1_1	2000722.9256395728	2000722.9256395728	0.0	tolerant	18097_1_1_1	145.0	5.0	2.0743604275	0.0
18098_1_1_1	18098_1_1_1	18098_1_1_1	3000690.7040173644	3000690.7040173644	0.0	moderate	18098_1_1_1	99.0	7.0	2.2959826358	0.43
18105_2_1_1	18105_2_1_1	18105_2_1_1	3000051.0	3000051.0	0.0	moderate	18105_2_1_1	17.0	3.0	0.0	0.0
18105_2_1_1	18104_1_1_1	18105_2_1_1	3000048.8370274724	3000051.0	2.1629725275561213	moderate	18104_1_1_1	17.0	3.0	2.1629725275	0.0
18107_1_1_1	18107_1_1_1	18107_1_1_1	3000564.0	3000564.0	0.0	moderate	18107_1_1_1	94.0	6.0	0.0	0.75
18108_1_1_1	18108_1_1_1	18108_1_1_1	1000372.0	1000372.0	0.0	unfiltered	18108_1_1_1	93.0	4.0	0.0	0.23
18109_1_1_1	18109_1_1_1	18109_1_1_1	2000410.0	2000410.0	0.0	tolerant	18109_1_1_1	82.0	5.0	0.0	1.99
18110_1_1_1	18110_1_1_1	18110_1_1_1	2000153.2099195656	2000153.2099195656	0.0	tolerant	18110_1_1_1	39.0	4.0	2.7900804344	2.98
18112_1_1_1	18112_1_1_1	18112_1_1_1	3001078.0	3001078.0	0.0	moderate	18112_1_1_1	154.0	7.0	0.0	0.73
18114_1_1_1	18114_1_1_1	18114_1_1_1	3000126.0	3000126.0	0.0	moderate	18114_1_1_1	21.0	6.0	0.0	0.0
18115_1_1_1	18115_1_1_1	18115_1_1_1	3000511.0	3000511.0	0.0	moderate	18115_1_1_1	73.0	7.0	0.0	0.35
18118_1_1_1	18118_1_1_1	18118_1_1_1	4000612.0	4000612.0	0.0	strict	18118_1_1_1	102.0	6.0	0.0	2.56
18121_1_1_1	18121_1_1_1	18121_1_1_1	4000476.0	4000476.0	0.0	strict	18121_1_1_1	68.0	7.0	0.0	2.7
18123_1_1_1	18123_1_1_1	18123_1_1_1	2000472.0	2000472.0	0.0	tolerant	18123_1_1_1	118.0	4.0	0.0	0.78
18124_1_1_1	18124_1_1_1	18124_1_1_1	4000511.0	4000511.0	0.0	strict	18124_1_1_1	73.0	7.0	0.0	0.76
18130_1_1_1	18130_1_1_1	18130_1_1_1	4000756.0	4000756.0	0.0	strict	18130_1_1_1	108.0	7.0	0.0	1.32
18132_1_1_1	18132_1_1_1	18132_1_1_1	3000497.0	3000497.0	0.0	moderate	18132_1_1_1	71.0	7.0	0.0	1.69
18132_1_1_1	16177_1_1_1	18132_1_1_1	3000432.0	3000497.0	65.0	moderate	16177_1_1_1	72.0	6.0	0.0	0.72
18133_1_1_1	18133_1_1_1	18133_1_1_1	4001379.0	4001379.0	0.0	strict	18133_1_1_1	197.0	7.0	0.0	2.02
18133_1_1_1	52487_1_1_1	18133_1_1_1	3001302.0	4001379.0	1000077.0	moderate	52487_1_1_1	186.0	7.0	0.0	1.42
18134_1_1_1	18134_1_1_1	18134_1_1_1	3000462.0	3000462.0	0.0	moderate	18134_1_1_1	77.0	6.0	0.0	2.47
18134_1_1_1	16137_1_1_1	18134_1_1_1	3000434.0	3000462.0	28.0	moderate	16137_1_1_1	62.0	7.0	0.0	0.43
18141_1_1_1	18141_1_1_1	18141_1_1_1	3000200.0	3000200.0	0.0	moderate	18141_1_1_1	40.0	5.0	0.0	0.0
18145_1_1_1	18145_1_1_1	18145_1_1_1	3000539.0	3000539.0	0.0	moderate	18145_1_1_1	77.0	7.0	0.0	1.93
18147_1_1_1	18147_1_1_1	18147_1_1_1	3000712.432638913	3000712.432638913	0.0	moderate	18147_1_1_1	143.0	5.0	2.5673610872	0.84
18147_1_1_1	27857_1_1_1	18147_1_1_1	2000747.9889596968	3000712.432638913	999964.4436792161	tolerant	27857_1_1_1	125.0	6.0	2.0110403034	0.63
18148_1_1_1	18148_1_1_1	18148_1_1_1	3000046.0010423996	3000046.0010423996	0.0	moderate	18148_1_1_1	16.0	3.0	1.9989576003	0.0
1814_1_1_1	1814_1_1_1	1814_1_1_1	3000054.0	3000054.0	0.0	moderate	1814_1_1_1	18.0	3.0	0.0	0.0
18151_1_1_1	18151_1_1_1	18151_1_1_1	1001141.0	1001141.0	0.0	unfiltered	18151_1_1_1	163.0	7.0	0.0	0.91
18153_1_1_1	18153_1_1_1	18153_1_1_1	4000390.0	4000390.0	0.0	strict	18153_1_1_1	65.0	6.0	0.0	0.33
18154_1_1_1	18154_1_1_1	18154_1_1_1	4000994.0	4000994.0	0.0	strict	18154_1_1_1	142.0	7.0	0.0	1.09
18154_1_1_1	19151_1_1_1	18154_1_1_1	3000994.0	4000994.0	1000000.0	moderate	19151_1_1_1	142.0	7.0	0.0	1.13
18155_1_1_1	18155_1_1_1	18155_1_1_1	3000742.0	3000742.0	0.0	moderate	18155_1_1_1	106.0	7.0	0.0	2.09
18156_1_1_1	18156_1_1_1	18156_1_1_1	3000630.0	3000630.0	0.0	moderate	18156_1_1_1	90.0	7.0	0.0	0.95
18157_1_1_1	18157_1_1_1	18157_1_1_1	3000547.484849776	3000547.484849776	0.0	moderate	18157_1_1_1	110.0	5.0	2.5151502237	1.06
18158_1_1_1	18158_1_1_1	18158_1_1_1	3000490.0	3000490.0	0.0	moderate	18158_1_1_1	70.0	7.0	0.0	0.44
18159_1_1_1	18159_1_1_1	18159_1_1_1	1000060.5788418554	1000060.5788418554	0.0	unfiltered	18159_1_1_1	22.0	3.0	5.4211581446	0.0
18160_1_1_1	18160_1_1_1	18160_1_1_1	2000056.0	2000056.0	0.0	tolerant	18160_1_1_1	28.0	2.0	0.0	0.0
18163_1_1_1	18163_1_1_1	18163_1_1_1	2000036.0	2000036.0	0.0	tolerant	18163_1_1_1	12.0	3.0	0.0	0.0
18166_1_1_1	18166_1_1_1	18166_1_1_1	3000915.5183561556	3000915.5183561556	0.0	moderate	18166_1_1_1	131.0	7.0	1.4816438443	0.34
18166_1_1_1	26920_1_1_1	18166_1_1_1	3000504.0	3000915.5183561556	411.5183561556041	moderate	26920_1_1_1	126.0	4.0	0.0	0.33
18167_1_1_1	18167_1_1_1	18167_1_1_1	2000670.277945206	2000670.277945206	0.0	tolerant	18167_1_1_1	168.0	4.0	1.722054794	1.35
18171_1_1_1	18171_1_1_1	18171_1_1_1	3000420.0	3000420.0	0.0	moderate	18171_1_1_1	60.0	7.0	0.0	0.86
18180_1_1_1	18180_1_1_1	18180_1_1_1	3001274.0	3001274.0	0.0	moderate	18180_1_1_1	182.0	7.0	0.0	0.97
18181_1_1_1	18181_1_1_1	18181_1_1_1	3000462.0	3000462.0	0.0	moderate	18181_1_1_1	66.0	7.0	0.0	1.29
18183_1_1_1	18183_1_1_1	18183_1_1_1	3000770.0	3000770.0	0.0	moderate	18183_1_1_1	110.0	7.0	0.0	1.08
18184_1_1_1	18184_1_1_1	18184_1_1_1	1000044.0	1000044.0	0.0	unfiltered	18184_1_1_1	11.0	4.0	0.0	0.0
18186_1_1_1	18186_1_1_1	18186_1_1_1	3000431.8961375947	3000431.8961375947	0.0	moderate	18186_1_1_1	62.0	7.0	2.1038624055	1.15
18187_1_1_1	18187_1_1_1	18187_1_1_1	3000508.55963802	3000508.55963802	0.0	moderate	18187_1_1_1	73.0	7.0	2.4403619797	1.15
18188_1_1_1	18188_1_1_1	18188_1_1_1	3001050.0	3001050.0	0.0	moderate	18188_1_1_1	150.0	7.0	0.0	1.67
18189_1_1_1	18189_1_1_1	18189_1_1_1	3000455.0	3000455.0	0.0	moderate	18189_1_1_1	65.0	7.0	0.0	3.04
18193_1_1_1	18193_1_1_1	18193_1_1_1	4000476.0	4000476.0	0.0	strict	18193_1_1_1	68.0	7.0	0.0	1.25
18194_1_1_1	18194_1_1_1	18194_1_1_1	2000360.0	2000360.0	0.0	tolerant	18194_1_1_1	72.0	5.0	0.0	2.0
18196_1_1_1	18196_1_1_1	18196_1_1_1	4000819.0	4000819.0	0.0	strict	18196_1_1_1	117.0	7.0	0.0	1.8
18201_1_1_1	18201_1_1_1	18201_1_1_1	2000628.1894130872	2000628.1894130872	0.0	tolerant	18201_1_1_1	105.0	6.0	1.8105869125	0.78
18210_1_1_1	18210_1_1_1	18210_1_1_1	3000882.0	3000882.0	0.0	moderate	18210_1_1_1	126.0	7.0	0.0	0.68
18211_1_1_1	18211_1_1_1	18211_1_1_1	3001243.567888555	3001243.567888555	0.0	moderate	18211_1_1_1	178.0	7.0	2.4321114448	0.72
18214_1_1_1	18214_1_1_1	18214_1_1_1	3000410.0071959146	3000410.0071959146	0.0	moderate	18214_1_1_1	59.0	7.0	2.9928040854	0.95
18215_1_1_1	18215_1_1_1	18215_1_1_1	3001288.0	3001288.0	0.0	moderate	18215_1_1_1	184.0	7.0	0.0	0.61
18217_1_1_1	18217_1_1_1	18217_1_1_1	3000497.0	3000497.0	0.0	moderate	18217_1_1_1	71.0	7.0	0.0	3.13
18218_1_1_1	18218_1_1_1	18218_1_1_1	4000672.0	4000672.0	0.0	strict	18218_1_1_1	96.0	7.0	0.0	3.31
18221_1_1_1	18221_1_1_1	18221_1_1_1	4000749.0	4000749.0	0.0	strict	18221_1_1_1	107.0	7.0	0.0	0.53
18222_1_1_1	18222_1_1_1	18222_1_1_1	4000634.56804251	4000634.56804251	0.0	strict	18222_1_1_1	106.0	6.0	1.4319574896	0.8
18223_1_1_1	18223_1_1_1	18223_1_1_1	4000749.0	4000749.0	0.0	strict	18223_1_1_1	107.0	7.0	0.0	0.42
18223_1_1_1	18219_1_1_1	18223_1_1_1	3000676.8275708617	4000749.0	1000072.1724291383	moderate	18219_1_1_1	97.0	7.0	2.1724291383	2.8
18227_1_1_1	18227_1_1_1	18227_1_1_1	3000434.0	3000434.0	0.0	moderate	18227_1_1_1	62.0	7.0	0.0	0.55
18228_1_1_1	18228_1_1_1	18228_1_1_1	2000917.5300929623	2000917.5300929623	0.0	tolerant	18228_1_1_1	184.0	5.0	2.4699070374	0.35
18235_1_1_1	18235_1_1_1	18235_1_1_1	4000868.0	4000868.0	0.0	strict	18235_1_1_1	124.0	7.0	0.0	1.01
18237_1_1_1	18237_1_1_1	18237_1_1_1	3000378.0	3000378.0	0.0	moderate	18237_1_1_1	54.0	7.0	0.0	1.38
18242_1_1_1	18242_1_1_1	18242_1_1_1	4000700.0	4000700.0	0.0	strict	18242_1_1_1	100.0	7.0	0.0	0.16
18246_1_1_1	18246_1_1_1	18246_1_1_1	3001615.0	3001615.0	0.0	moderate	18246_1_1_1	323.0	5.0	0.0	1.53
18249_1_1_1	18249_1_1_1	18249_1_1_1	4001190.0	4001190.0	0.0	strict	18249_1_1_1	170.0	7.0	0.0	1.42
18253_1_1_1	18253_1_1_1	18253_1_1_1	4001064.0	4001064.0	0.0	strict	18253_1_1_1	152.0	7.0	0.0	0.35
18255_1_1_1	18255_1_1_1	18255_1_1_1	3000599.0185992843	3000599.0185992843	0.0	moderate	18255_1_1_1	86.0	7.0	2.9814007156	0.77
18257_1_1_1	18257_1_1_1	18257_1_1_1	4000925.0	4000925.0	0.0	strict	18257_1_1_1	185.0	5.0	0.0	2.35
18260_1_1_1	18260_1_1_1	18260_1_1_1	4000791.0	4000791.0	0.0	strict	18260_1_1_1	113.0	7.0	0.0	0.91
18267_1_1_1	18267_1_1_1	18267_1_1_1	4001540.0	4001540.0	0.0	strict	18267_1_1_1	308.0	5.0	0.0	2.1
18268_1_1_1	18268_1_1_1	18268_1_1_1	3000447.544404398	3000447.544404398	0.0	moderate	18268_1_1_1	75.0	6.0	2.4555956017	1.06
18277_1_1_1	18277_1_1_1	18277_1_1_1	4001022.0	4001022.0	0.0	strict	18277_1_1_1	146.0	7.0	0.0	1.24
18280_1_1_1	18280_1_1_1	18280_1_1_1	3000442.089724693	3000442.089724693	0.0	moderate	18280_1_1_1	89.0	5.0	2.9102753071	1.05
18283_1_1_1	18283_1_1_1	18283_1_1_1	3000616.0	3000616.0	0.0	moderate	18283_1_1_1	88.0	7.0	0.0	1.08
18284_1_1_1	18284_1_1_1	18284_1_1_1	2000044.0	2000044.0	0.0	tolerant	18284_1_1_1	22.0	2.0	0.0	0.0
18286_1_1_1	18286_1_1_1	18286_1_1_1	1000054.0559185504	1000054.0559185504	0.0	unfiltered	18286_1_1_1	21.0	3.0	8.9440814496	0.0
18288_1_1_1	18288_1_1_1	18288_1_1_1	2000408.997354786	2000408.997354786	0.0	tolerant	18288_1_1_1	82.0	5.0	1.0026452141	0.26
18289_1_1_1	18289_1_1_1	18289_1_1_1	2000049.1851642583	2000049.1851642583	0.0	tolerant	18289_1_1_1	26.0	2.0	2.8148357415	0.0
18290_1_1_1	18290_1_1_1	18290_1_1_1	3000819.0	3000819.0	0.0	moderate	18290_1_1_1	117.0	7.0	0.0	0.48
18291_1_1_1	18291_1_1_1	18291_1_1_1	3000855.0	3000855.0	0.0	moderate	18291_1_1_1	171.0	5.0	0.0	0.28
18291_1_1_1	18293_1_1_1	18291_1_1_1	3000855.0	3000855.0	0.0	moderate	18293_1_1_1	171.0	5.0	0.0	0.31
18291_1_1_1	18294_1_1_1	18291_1_1_1	3000855.0	3000855.0	0.0	moderate	18294_1_1_1	171.0	5.0	0.0	0.27
18291_1_1_1	18295_1_1_1	18291_1_1_1	3000850.0	3000855.0	5.0	moderate	18295_1_1_1	170.0	5.0	0.0	0.35
18291_1_1_1	26916_1_1_1	18291_1_1_1	2000688.0	3000855.0	1000167.0	tolerant	26916_1_1_1	172.0	4.0	0.0	0.3
18292_1_1_1	18292_1_1_1	18292_1_1_1	4000777.0	4000777.0	0.0	strict	18292_1_1_1	111.0	7.0	0.0	2.98
18297_1_1_1	18297_1_1_1	18297_1_1_1	4000609.0	4000609.0	0.0	strict	18297_1_1_1	87.0	7.0	0.0	0.49
18298_1_1_1	18298_1_1_1	18298_1_1_1	3000990.0	3000990.0	0.0	moderate	18298_1_1_1	165.0	6.0	0.0	1.1
18299_1_1_1	18299_1_1_1	18299_1_1_1	4000462.0	4000462.0	0.0	strict	18299_1_1_1	66.0	7.0	0.0	1.05
182_1_1_1	182_1_1_1	182_1_1_1	1000030.0	1000030.0	0.0	unfiltered	182_1_1_1	10.0	3.0	0.0	0.0
18301_1_1_1	18301_1_1_1	18301_1_1_1	4000490.0	4000490.0	0.0	strict	18301_1_1_1	70.0	7.0	0.0	1.05
18301_1_1_1	6130_1_1_1	18301_1_1_1	3000518.0	4000490.0	999972.0	moderate	6130_1_1_1	74.0	7.0	0.0	2.86
18301_1_1_1	6022_1_1_1	18301_1_1_1	3000292.0	4000490.0	1000198.0	moderate	6022_1_1_1	73.0	4.0	0.0	0.0
18303_1_1_1	18303_1_1_1	18303_1_1_1	3001761.793899403	3001761.793899403	0.0	moderate	18303_1_1_1	252.0	7.0	2.206100597	0.57
18309_1_1_1	18309_1_1_1	18309_1_1_1	3000394.45308812	3000394.45308812	0.0	moderate	18309_1_1_1	99.0	4.0	1.5469118797	0.3
18313_1_1_1	18313_1_1_1	18313_1_1_1	4000952.0	4000952.0	0.0	strict	18313_1_1_1	136.0	7.0	0.0	0.22
18316_1_1_1	18316_1_1_1	18316_1_1_1	3000552.0	3000552.0	0.0	moderate	18316_1_1_1	92.0	6.0	0.0	0.5
18317_1_1_1	18317_1_1_1	18317_1_1_1	2000517.1793753728	2000517.1793753728	0.0	tolerant	18317_1_1_1	104.0	5.0	2.8206246273	1.4
18318_1_1_1	18318_1_1_1	18318_1_1_1	3000553.0	3000553.0	0.0	moderate	18318_1_1_1	79.0	7.0	0.0	0.52
18320_1_1_1	18320_1_1_1	18320_1_1_1	3001176.0	3001176.0	0.0	moderate	18320_1_1_1	168.0	7.0	0.0	1.26
18324_1_1_1	18324_1_1_1	18324_1_1_1	3001032.338691312	3001032.338691312	0.0	moderate	18324_1_1_1	207.0	5.0	2.6613086883	1.88
18328_1_1_1	18328_1_1_1	18328_1_1_1	4000490.0	4000490.0	0.0	strict	18328_1_1_1	70.0	7.0	0.0	0.54
18329_1_1_1	18329_1_1_1	18329_1_1_1	2001155.0	2001155.0	0.0	tolerant	18329_1_1_1	165.0	7.0	0.0	0.58
18332_1_1_1	18332_1_1_1	18332_1_1_1	3000511.0	3000511.0	0.0	moderate	18332_1_1_1	73.0	7.0	0.0	0.28
18333_1_1_1	18321_1_1_1	18321_1_1_1	2001689.351246243	2001689.351246243	0.0	tolerant	18321_1_1_1	282.0	6.0	2.6487537566	1.06
18333_1_1_1	18333_1_1_1	18321_1_1_1	2001362.430879239	2001689.351246243	326.920367004117	tolerant	18333_1_1_1	273.0	5.0	2.569120761	0.93
18334_1_1_1	18334_1_1_1	18334_1_1_1	4000234.0	4000234.0	0.0	strict	18334_1_1_1	39.0	6.0	0.0	0.0
18338_1_1_1	18338_1_1_1	18338_1_1_1	4000693.0	4000693.0	0.0	strict	18338_1_1_1	99.0	7.0	0.0	1.31
18339_1_1_1	18339_1_1_1	18339_1_1_1	3001800.0	3001800.0	0.0	moderate	18339_1_1_1	360.0	5.0	0.0	0.49
18341_1_1_1	18341_1_1_1	18341_1_1_1	4000539.0	4000539.0	0.0	strict	18341_1_1_1	77.0	7.0	0.0	0.14
18345_1_1_1	18345_1_1_1	18345_1_1_1	3000225.0	3000225.0	0.0	moderate	18345_1_1_1	45.0	5.0	0.0	0.0
18345_1_1_1	30475_1_1_1	18345_1_1_1	2000264.0	3000225.0	999961.0	tolerant	30475_1_1_1	44.0	6.0	0.0	0.31
18346_1_1_1	18346_1_1_1	18346_1_1_1	4000756.0	4000756.0	0.0	strict	18346_1_1_1	126.0	6.0	0.0	0.24
18347_1_1_1	6849_1_1_1	6849_1_1_1	2000123.0	2000123.0	0.0	tolerant	6849_1_1_1	41.0	3.0	0.0	0.0
18347_1_1_1	18347_1_1_1	6849_1_1_1	2000108.0	2000123.0	15.0	tolerant	18347_1_1_1	36.0	3.0	0.0	0.0
18347_1_1_1	11537_1_1_1	6849_1_1_1	2000096.0	2000123.0	27.0	tolerant	11537_1_1_1	32.0	3.0	0.0	0.0
18348_1_1_1	18348_1_1_1	18348_1_1_1	4000625.0	4000625.0	0.0	strict	18348_1_1_1	125.0	5.0	0.0	1.96
18348_1_1_1	11086_1_1_1	18348_1_1_1	2000927.4579775329	4000625.0	1999697.5420224671	tolerant	11086_1_1_1	155.0	6.0	2.5420224672	2.34
18349_1_1_1	18349_1_1_1	18349_1_1_1	2000516.0	2000516.0	0.0	tolerant	18349_1_1_1	86.0	6.0	0.0	1.0
18350_1_1_1	18350_1_1_1	18350_1_1_1	3000081.0	3000081.0	0.0	moderate	18350_1_1_1	27.0	3.0	0.0	0.0
18351_1_1_1	18351_1_1_1	18351_1_1_1	4000546.0	4000546.0	0.0	strict	18351_1_1_1	78.0	7.0	0.0	1.07
18351_1_1_1	19356_1_1_1	18351_1_1_1	2000599.7343345336	4000546.0	1999946.2656654664	tolerant	19356_1_1_1	86.0	7.0	2.2656654664	0.34
18353_1_1_1	18353_1_1_1	18353_1_1_1	4001048.0	4001048.0	0.0	strict	18353_1_1_1	262.0	4.0	0.0	0.53
18353_1_1_1	19992_1_1_1	18353_1_1_1	2000502.0	4001048.0	2000546.0	tolerant	19992_1_1_1	251.0	2.0	0.0	0.0
18355_1_1_1	18355_1_1_1	18355_1_1_1	4000551.046776638	4000551.046776638	0.0	strict	18355_1_1_1	79.0	7.0	1.9532233623	2.59
18356_1_1_1	18356_1_1_1	18356_1_1_1	4001141.0	4001141.0	0.0	strict	18356_1_1_1	163.0	7.0	0.0	0.34
18358_1_1_1	18358_1_1_1	18358_1_1_1	3000188.0	3000188.0	0.0	moderate	18358_1_1_1	47.0	4.0	0.0	0.0
18363_1_1_1	18363_1_1_1	18363_1_1_1	3000132.0	3000132.0	0.0	moderate	18363_1_1_1	22.0	6.0	0.0	0.0
18364_1_1_1	18364_1_1_1	18364_1_1_1	4000738.0	4000738.0	0.0	strict	18364_1_1_1	123.0	6.0	0.0	2.69
18373_1_1_1	25003_1_1_1	25003_1_1_1	4001330.0	4001330.0	0.0	strict	25003_1_1_1	266.0	5.0	0.0	0.2
18373_1_1_1	19976_1_1_1	25003_1_1_1	4001270.0	4001330.0	60.0	strict	19976_1_1_1	254.0	5.0	0.0	0.21
18373_1_1_1	18373_1_1_1	25003_1_1_1	4000912.0	4001330.0	418.0	strict	18373_1_1_1	228.0	4.0	0.0	3.13
18373_1_1_1	16673_1_1_1	25003_1_1_1	3001325.0	4001330.0	1000005.0	moderate	16673_1_1_1	265.0	5.0	0.0	0.74
18373_1_1_1	25821_1_1_1	25003_1_1_1	2000502.0	4001330.0	2000828.0	tolerant	25821_1_1_1	251.0	2.0	0.0	0.0
18375_1_1_1	18375_1_1_1	18375_1_1_1	4000770.0	4000770.0	0.0	strict	18375_1_1_1	110.0	7.0	0.0	1.15
18376_1_1_1	18376_1_1_1	18376_1_1_1	3000715.0	3000715.0	0.0	moderate	18376_1_1_1	143.0	5.0	0.0	0.3
18385_1_1_1	18385_1_1_1	18385_1_1_1	2000104.7072447992	2000104.7072447992	0.0	tolerant	18385_1_1_1	53.0	2.0	1.2927552008	0.0
18386_1_1_1	18386_1_1_1	18386_1_1_1	2000132.0	2000132.0	0.0	tolerant	18386_1_1_1	66.0	2.0	0.0	0.0
18387_1_1_1	18387_1_1_1	18387_1_1_1	4001022.0	4001022.0	0.0	strict	18387_1_1_1	146.0	7.0	0.0	0.9
18390_1_1_1	18390_1_1_1	18390_1_1_1	2000558.0730982197	2000558.0730982197	0.0	tolerant	18390_1_1_1	80.0	7.0	1.9269017804	1.23
18392_1_1_1	28080_1_1_1	28080_1_1_1	3001495.0	3001495.0	0.0	moderate	28080_1_1_1	299.0	5.0	0.0	0.5
18392_1_1_1	28079_1_1_1	28080_1_1_1	3001490.0	3001495.0	5.0	moderate	28079_1_1_1	298.0	5.0	0.0	0.55
18392_1_1_1	50695_1_1_1	28080_1_1_1	3001470.0	3001495.0	25.0	moderate	50695_1_1_1	294.0	5.0	0.0	0.68
18392_1_1_1	18392_1_1_1	28080_1_1_1	3001425.0	3001495.0	70.0	moderate	18392_1_1_1	285.0	5.0	0.0	0.57
18392_1_1_1	27183_1_1_1	28080_1_1_1	1001450.0	3001495.0	2000045.0	unfiltered	27183_1_1_1	290.0	5.0	0.0	0.61
18394_1_1_1	18394_1_1_1	18394_1_1_1	3001012.062596537	3001012.062596537	0.0	moderate	18394_1_1_1	145.0	7.0	2.9374034627	0.92
18398_1_1_1	18398_1_1_1	18398_1_1_1	4000672.0	4000672.0	0.0	strict	18398_1_1_1	96.0	7.0	0.0	0.56
18399_1_1_1	18399_1_1_1	18399_1_1_1	4000462.0	4000462.0	0.0	strict	18399_1_1_1	77.0	6.0	0.0	0.91
18399_1_1_1	36012_1_1_1	18399_1_1_1	4000462.0	4000462.0	0.0	strict	36012_1_1_1	77.0	6.0	0.0	0.92
1839_1_1_1	1839_1_1_1	1839_1_1_1	2000012.0	2000012.0	0.0	tolerant	1839_1_1_1	4.0	3.0	0.0	0.0
1839_1_1_1	19884_1_1_1	1839_1_1_1	1001355.0	2000012.0	998657.0	unfiltered	19884_1_1_1	271.0	5.0	0.0	1.06
18405_1_1_1	18405_1_1_1	18405_1_1_1	3000090.0	3000090.0	0.0	moderate	18405_1_1_1	18.0	5.0	0.0	0.0
18407_1_1_1	18407_1_1_1	18407_1_1_1	1000088.0	1000088.0	0.0	unfiltered	18407_1_1_1	22.0	4.0	0.0	0.0
18408_1_1_1	18408_1_1_1	18408_1_1_1	1000060.05522671	1000060.05522671	0.0	unfiltered	18408_1_1_1	23.0	3.0	8.94477329	0.0
18409_1_1_1	18409_1_1_1	18409_1_1_1	3000081.0	3000081.0	0.0	moderate	18409_1_1_1	27.0	3.0	0.0	0.0
18410_1_1_1	18410_1_1_1	18410_1_1_1	2000044.0	2000044.0	0.0	tolerant	18410_1_1_1	22.0	2.0	0.0	0.0
18411_1_1_1	18411_1_1_1	18411_1_1_1	4001064.0	4001064.0	0.0	strict	18411_1_1_1	152.0	7.0	0.0	0.45
18412_1_1_1	18412_1_1_1	18412_1_1_1	3000765.2594742877	3000765.2594742877	0.0	moderate	18412_1_1_1	128.0	6.0	2.7405257124	0.87
18415_1_1_1	18415_1_1_1	18415_1_1_1	3001029.0	3001029.0	0.0	moderate	18415_1_1_1	147.0	7.0	0.0	0.35
18416_1_1_1	18416_1_1_1	18416_1_1_1	2000467.408673574	2000467.408673574	0.0	tolerant	18416_1_1_1	94.0	5.0	2.5913264259	1.81
18419_1_1_1	18419_1_1_1	18419_1_1_1	2000242.6419011736	2000242.6419011736	0.0	tolerant	18419_1_1_1	122.0	2.0	1.3580988265	2.21
18420_1_1_1	18420_1_1_1	18420_1_1_1	3000063.0	3000063.0	0.0	moderate	18420_1_1_1	21.0	3.0	0.0	0.0
18421_1_1_1	18421_1_1_1	18421_1_1_1	4001038.010259392	4001038.010259392	0.0	strict	18421_1_1_1	208.0	5.0	1.9897406082	0.86
18421_1_1_1	18815_1_1_1	18421_1_1_1	3001122.9039730164	4001038.010259392	999915.1062863758	moderate	18815_1_1_1	225.0	5.0	2.0960269834	1.5
18428_1_1_1	18428_1_1_1	18428_1_1_1	2001293.668294416	2001293.668294416	0.0	tolerant	18428_1_1_1	216.0	6.0	2.3317055841	1.25
18432_1_1_1	18432_1_1_1	18432_1_1_1	2000791.0	2000791.0	0.0	tolerant	18432_1_1_1	113.0	7.0	0.0	0.77
18435_1_1_1	18435_1_1_1	18435_1_1_1	2000627.8274051852	2000627.8274051852	0.0	tolerant	18435_1_1_1	126.0	5.0	2.1725948147	1.54
18435_1_1_1	51797_1_1_1	18435_1_1_1	2000406.3795886524	2000627.8274051852	221.4478165328037	tolerant	51797_1_1_1	136.0	3.0	1.6204113475	2.1
18440_1_1_1	18440_1_1_1	18440_1_1_1	3000115.0	3000115.0	0.0	moderate	18440_1_1_1	23.0	5.0	0.0	0.0
18443_1_1_1	18443_1_1_1	18443_1_1_1	3000868.0	3000868.0	0.0	moderate	18443_1_1_1	124.0	7.0	0.0	1.02
18445_1_1_1	18445_1_1_1	18445_1_1_1	2000321.0	2000321.0	0.0	tolerant	18445_1_1_1	107.0	3.0	0.0	0.52
18449_1_1_1	18449_1_1_1	18449_1_1_1	3000231.0	3000231.0	0.0	moderate	18449_1_1_1	33.0	7.0	0.0	3.68
18455_1_1_1	18455_1_1_1	18455_1_1_1	3000637.0	3000637.0	0.0	moderate	18455_1_1_1	91.0	7.0	0.0	0.79
18455_1_1_1	18431_1_1_1	18455_1_1_1	3000603.0109231854	3000637.0	33.989076814614236	moderate	18431_1_1_1	101.0	6.0	2.9890768147	0.58
18459_1_1_1	18459_1_1_1	18459_1_1_1	2000711.5138861816	2000711.5138861816	0.0	tolerant	18459_1_1_1	119.0	6.0	2.4861138185	1.19
18463_1_1_1	18463_1_1_1	18463_1_1_1	3000234.0	3000234.0	0.0	moderate	18463_1_1_1	39.0	6.0	0.0	0.0
18468_1_1_1	18468_1_1_1	18468_1_1_1	4000593.041343264	4000593.041343264	0.0	strict	18468_1_1_1	85.0	7.0	1.958656736	0.36
18469_1_1_1	17175_1_1_1	17175_1_1_1	3000560.0	3000560.0	0.0	moderate	17175_1_1_1	80.0	7.0	0.0	0.66
18469_1_1_1	18469_1_1_1	17175_1_1_1	3000511.0	3000560.0	49.0	moderate	18469_1_1_1	73.0	7.0	0.0	0.34
18471_1_1_1	18471_1_1_1	18471_1_1_1	2000545.0	2000545.0	0.0	tolerant	18471_1_1_1	109.0	5.0	0.0	3.01
18472_1_1_1	18472_1_1_1	18472_1_1_1	3000502.2305689165	3000502.2305689165	0.0	moderate	18472_1_1_1	101.0	5.0	2.7694310834	1.27
18474_1_1_1	18474_1_1_1	18474_1_1_1	2000444.0	2000444.0	0.0	tolerant	18474_1_1_1	111.0	4.0	0.0	1.32
18475_1_1_1	18475_1_1_1	18475_1_1_1	2000342.4380954236	2000342.4380954236	0.0	tolerant	18475_1_1_1	69.0	5.0	2.5619045764	1.12
18477_1_1_1	18477_1_1_1	18477_1_1_1	2000300.0	2000300.0	0.0	tolerant	18477_1_1_1	150.0	2.0	0.0	0.0
18484_1_1_1	18484_1_1_1	18484_1_1_1	2000382.319601509	2000382.319601509	0.0	tolerant	18484_1_1_1	96.0	4.0	1.680398491	2.66
18485_1_1_1	18485_1_1_1	18485_1_1_1	3000756.0	3000756.0	0.0	moderate	18485_1_1_1	108.0	7.0	0.0	0.41
18487_1_1_1	18487_1_1_1	18487_1_1_1	3000654.0	3000654.0	0.0	moderate	18487_1_1_1	109.0	6.0	0.0	1.05
18488_1_1_1	18488_1_1_1	18488_1_1_1	3000802.333085784	3000802.333085784	0.0	moderate	18488_1_1_1	115.0	7.0	2.6669142163	1.23
18488_1_1_1	18486_1_1_1	18488_1_1_1	2000699.413062749	3000802.333085784	1000102.9200230353	tolerant	18486_1_1_1	117.0	6.0	2.5869372511	0.68
18489_1_1_1	18489_1_1_1	18489_1_1_1	3000672.0	3000672.0	0.0	moderate	18489_1_1_1	96.0	7.0	0.0	0.73
18491_1_1_1	18491_1_1_1	18491_1_1_1	3000180.0	3000180.0	0.0	moderate	18491_1_1_1	60.0	3.0	0.0	0.0
18492_1_1_1	18492_1_1_1	18492_1_1_1	3000434.0	3000434.0	0.0	moderate	18492_1_1_1	62.0	7.0	0.0	0.61
18494_1_1_1	18494_1_1_1	18494_1_1_1	2000232.0	2000232.0	0.0	tolerant	18494_1_1_1	58.0	4.0	0.0	3.08
18495_1_1_1	18495_1_1_1	18495_1_1_1	3000437.6323462194	3000437.6323462194	0.0	moderate	18495_1_1_1	110.0	4.0	2.3676537808	0.0
18504_1_1_1	18504_1_1_1	18504_1_1_1	4000931.0	4000931.0	0.0	strict	18504_1_1_1	133.0	7.0	0.0	1.07
18507_1_1_1	18507_1_1_1	18507_1_1_1	2000615.4505166016	2000615.4505166016	0.0	tolerant	18507_1_1_1	103.0	6.0	2.5494833983	1.8
18511_1_1_1	18511_1_1_1	18511_1_1_1	3000553.0	3000553.0	0.0	moderate	18511_1_1_1	79.0	7.0	0.0	3.25
18517_1_1_1	18517_1_1_1	18517_1_1_1	3001530.686509941	3001530.686509941	0.0	moderate	18517_1_1_1	219.0	7.0	2.3134900594	0.5
18519_1_1_1	18519_1_1_1	18519_1_1_1	4000090.0	4000090.0	0.0	strict	18519_1_1_1	18.0	5.0	0.0	0.0
18522_1_1_1	18522_1_1_1	18522_1_1_1	2000770.0	2000770.0	0.0	tolerant	18522_1_1_1	110.0	7.0	0.0	0.29
18527_1_1_1	18527_1_1_1	18527_1_1_1	1000157.285926264	1000157.285926264	0.0	unfiltered	18527_1_1_1	54.0	3.0	4.7140737361	0.0
18528_1_1_1	18528_1_1_1	18528_1_1_1	2000088.238863972	2000088.238863972	0.0	tolerant	18528_1_1_1	45.0	2.0	1.7611360277	0.0
18530_1_1_1	18530_1_1_1	18530_1_1_1	3000889.0	3000889.0	0.0	moderate	18530_1_1_1	127.0	7.0	0.0	1.04
18533_1_1_1	18533_1_1_1	18533_1_1_1	4000966.0	4000966.0	0.0	strict	18533_1_1_1	161.0	6.0	0.0	0.49
18533_1_1_1	6722_1_1_1	18533_1_1_1	3000800.0	4000966.0	1000166.0	moderate	6722_1_1_1	160.0	5.0	0.0	0.56
18535_1_1_1	18535_1_1_1	18535_1_1_1	4000616.0	4000616.0	0.0	strict	18535_1_1_1	88.0	7.0	0.0	0.61
18538_1_1_1	18538_1_1_1	18538_1_1_1	3000105.0	3000105.0	0.0	moderate	18538_1_1_1	21.0	5.0	0.0	0.0
18538_1_1_1	18537_1_1_1	18538_1_1_1	2000057.4268368569	3000105.0	1000047.5731631431	tolerant	18537_1_1_1	15.0	4.0	2.5731631432	0.0
18539_1_1_1	18539_1_1_1	18539_1_1_1	4000816.0	4000816.0	0.0	strict	18539_1_1_1	136.0	6.0	0.0	0.36
18540_1_1_1	25762_1_1_1	25762_1_1_1	3000901.057328776	3000901.057328776	0.0	moderate	25762_1_1_1	129.0	7.0	1.942671224	1.55
18540_1_1_1	18540_1_1_1	25762_1_1_1	3000711.2634565705	3000901.057328776	189.79387220554054	moderate	18540_1_1_1	119.0	6.0	2.7365434296	1.16
18540_1_1_1	18541_1_1_1	25762_1_1_1	3000693.643243084	3000901.057328776	207.41408569179475	moderate	18541_1_1_1	116.0	6.0	2.3567569157	0.94
18542_1_1_1	18542_1_1_1	18542_1_1_1	3000112.0	3000112.0	0.0	moderate	18542_1_1_1	28.0	4.0	0.0	0.0
18547_1_1_1	18547_1_1_1	18547_1_1_1	2000902.2540984785	2000902.2540984785	0.0	tolerant	18547_1_1_1	181.0	5.0	2.7459015215	1.14
18548_1_1_1	18548_1_1_1	18548_1_1_1	4000966.0	4000966.0	0.0	strict	18548_1_1_1	138.0	7.0	0.0	0.79
18548_1_1_1	18137_1_1_1	18548_1_1_1	2000336.0	4000966.0	2000630.0	tolerant	18137_1_1_1	112.0	3.0	0.0	0.43
18552_1_1_1	18552_1_1_1	18552_1_1_1	2000873.1916381968	2000873.1916381968	0.0	tolerant	18552_1_1_1	146.0	6.0	2.8083618033	2.81
18553_1_1_1	18553_1_1_1	18553_1_1_1	2000695.0	2000695.0	0.0	tolerant	18553_1_1_1	139.0	5.0	0.0	2.35
18560_1_1_1	19077_1_1_1	19077_1_1_1	3000851.6484069163	3000851.6484069163	0.0	moderate	19077_1_1_1	122.0	7.0	2.3515930836	1.04
18560_1_1_1	18560_1_1_1	19077_1_1_1	3000767.547409225	3000851.6484069163	84.10099769150838	moderate	18560_1_1_1	110.0	7.0	2.452590775	1.14
18562_1_1_1	18562_1_1_1	18562_1_1_1	4000567.0	4000567.0	0.0	strict	18562_1_1_1	81.0	7.0	0.0	0.69
18563_1_1_1	18563_1_1_1	18563_1_1_1	3000623.0	3000623.0	0.0	moderate	18563_1_1_1	89.0	7.0	0.0	2.01
18565_1_1_1	18565_1_1_1	18565_1_1_1	4000602.0	4000602.0	0.0	strict	18565_1_1_1	86.0	7.0	0.0	0.5
18568_1_1_1	18568_1_1_1	18568_1_1_1	3000190.0	3000190.0	0.0	moderate	18568_1_1_1	38.0	5.0	0.0	0.54
18569_1_1_1	18569_1_1_1	18569_1_1_1	4000791.0	4000791.0	0.0	strict	18569_1_1_1	113.0	7.0	0.0	0.93
18569_1_1_1	27193_1_1_1	18569_1_1_1	2000216.0	4000791.0	2000575.0	tolerant	27193_1_1_1	108.0	2.0	0.0	0.0
1856_1_1_1	1856_1_1_1	1856_1_1_1	1000004.0	1000004.0	0.0	unfiltered	1856_1_1_1	4.0	1.0	0.0	0.0
18571_1_1_1	18571_1_1_1	18571_1_1_1	3000525.0	3000525.0	0.0	moderate	18571_1_1_1	75.0	7.0	0.0	0.5
18574_1_1_1	18574_1_1_1	18574_1_1_1	4001253.0	4001253.0	0.0	strict	18574_1_1_1	179.0	7.0	0.0	0.96
18574_1_1_1	18575_1_1_1	18574_1_1_1	4001253.0	4001253.0	0.0	strict	18575_1_1_1	179.0	7.0	0.0	1.23
18574_1_1_1	17647_1_1_1	18574_1_1_1	3000750.0	4001253.0	1000503.0	moderate	17647_1_1_1	150.0	5.0	0.0	1.56
18576_1_1_1	18576_1_1_1	18576_1_1_1	3000530.0	3000530.0	0.0	moderate	18576_1_1_1	106.0	5.0	0.0	2.3
18581_1_1_1	18581_1_1_1	18581_1_1_1	3000343.0	3000343.0	0.0	moderate	18581_1_1_1	49.0	7.0	0.0	0.78
18587_1_1_1	18587_1_1_1	18587_1_1_1	2000670.41036694	2000670.41036694	0.0	tolerant	18587_1_1_1	112.0	6.0	1.5896330599	0.94
18588_1_1_1	18588_1_1_1	18588_1_1_1	3001570.0	3001570.0	0.0	moderate	18588_1_1_1	314.0	5.0	0.0	0.88
18589_1_1_1	18589_1_1_1	18589_1_1_1	3000651.0	3000651.0	0.0	moderate	18589_1_1_1	93.0	7.0	0.0	0.42
18590_1_1_1	18590_1_1_1	18590_1_1_1	2000084.0	2000084.0	0.0	tolerant	18590_1_1_1	28.0	3.0	0.0	0.0
18595_1_1_1	18595_1_1_1	18595_1_1_1	1000820.0	1000820.0	0.0	unfiltered	18595_1_1_1	205.0	4.0	0.0	0.42
18598_1_1_1	18598_1_1_1	18598_1_1_1	3000505.0	3000505.0	0.0	moderate	18598_1_1_1	101.0	5.0	0.0	0.58
18599_1_1_1	18599_1_1_1	18599_1_1_1	4000875.0	4000875.0	0.0	strict	18599_1_1_1	125.0	7.0	0.0	0.8
1859_1_1_1	1859_1_1_1	1859_1_1_1	1000003.0	1000003.0	0.0	unfiltered	1859_1_1_1	3.0	1.0	0.0	0.0
18600_2_1_1	18600_2_1_1	18600_2_1_1	4000238.0	4000238.0	0.0	strict	18600_2_1_1	34.0	7.0	0.0	1.12
18601_1_1_1	18601_1_1_1	18601_1_1_1	3001120.0	3001120.0	0.0	moderate	18601_1_1_1	280.0	4.0	0.0	2.18
18604_1_1_1	18604_1_1_1	18604_1_1_1	4000868.0	4000868.0	0.0	strict	18604_1_1_1	124.0	7.0	0.0	0.75
18605_1_1_1	18605_1_1_1	18605_1_1_1	2000642.0	2000642.0	0.0	tolerant	18605_1_1_1	107.0	6.0	0.0	0.34
18606_1_1_1	18606_1_1_1	18606_1_1_1	4000462.0	4000462.0	0.0	strict	18606_1_1_1	77.0	6.0	0.0	1.23
18607_1_1_1	18607_1_1_1	18607_1_1_1	4000539.0	4000539.0	0.0	strict	18607_1_1_1	77.0	7.0	0.0	1.23
18612_1_1_1	18612_1_1_1	18612_1_1_1	3000915.9692740855	3000915.9692740855	0.0	moderate	18612_1_1_1	153.0	6.0	2.0307259147	1.22
18613_1_1_1	18613_1_1_1	18613_1_1_1	4001014.0	4001014.0	0.0	strict	18613_1_1_1	169.0	6.0	0.0	1.51
18613_1_1_1	52671_1_1_1	18613_1_1_1	3001278.641352157	4001014.0	999735.3586478429	moderate	52671_1_1_1	183.0	7.0	2.3586478428	0.86
18614_1_1_1	18614_1_1_1	18614_1_1_1	2000245.0	2000245.0	0.0	tolerant	18614_1_1_1	49.0	5.0	0.0	0.97
18618_1_1_1	18618_1_1_1	18618_1_1_1	3000108.0	3000108.0	0.0	moderate	18618_1_1_1	18.0	6.0	0.0	0.0
18620_1_1_1	18620_1_1_1	18620_1_1_1	3000676.6458559227	3000676.6458559227	0.0	moderate	18620_1_1_1	97.0	7.0	2.3541440774	0.7
18621_1_1_1	18621_1_1_1	18621_1_1_1	4000609.0	4000609.0	0.0	strict	18621_1_1_1	87.0	7.0	0.0	1.1
18624_1_1_1	18624_1_1_1	18624_1_1_1	4000777.0	4000777.0	0.0	strict	18624_1_1_1	111.0	7.0	0.0	0.26
18628_1_1_1	18628_1_1_1	18628_1_1_1	3001008.0	3001008.0	0.0	moderate	18628_1_1_1	144.0	7.0	0.0	1.1
18634_1_1_1	18634_1_1_1	18634_1_1_1	3000301.0	3000301.0	0.0	moderate	18634_1_1_1	43.0	7.0	0.0	0.92
18635_1_1_1	18635_1_1_1	18635_1_1_1	2000204.0	2000204.0	0.0	tolerant	18635_1_1_1	34.0	6.0	0.0	0.0
18636_1_1_1	18636_1_1_1	18636_1_1_1	4000896.0	4000896.0	0.0	strict	18636_1_1_1	128.0	7.0	0.0	0.55
18636_1_1_1	18254_1_1_1	18636_1_1_1	2000212.0	4000896.0	2000684.0	tolerant	18254_1_1_1	106.0	2.0	0.0	0.0
18637_2_1_1	18637_2_1_1	18637_2_1_1	4001092.0	4001092.0	0.0	strict	18637_2_1_1	156.0	7.0	0.0	0.63
18647_1_1_1	18647_1_1_1	18647_1_1_1	4001512.0	4001512.0	0.0	strict	18647_1_1_1	216.0	7.0	0.0	1.11
18653_1_1_1	18653_1_1_1	18653_1_1_1	3000952.0	3000952.0	0.0	moderate	18653_1_1_1	136.0	7.0	0.0	2.12
18655_1_1_1	18655_1_1_1	18655_1_1_1	3000120.0	3000120.0	0.0	moderate	18655_1_1_1	30.0	4.0	0.0	0.0
18662_1_1_1	18662_1_1_1	18662_1_1_1	3000406.0	3000406.0	0.0	moderate	18662_1_1_1	58.0	7.0	0.0	0.3
18663_1_1_1	18663_1_1_1	18663_1_1_1	2000997.5976700997	2000997.5976700997	0.0	tolerant	18663_1_1_1	200.0	5.0	2.4023299003	0.23
18665_1_1_1	18665_1_1_1	18665_1_1_1	4000600.0	4000600.0	0.0	strict	18665_1_1_1	120.0	5.0	0.0	2.98
18668_1_1_1	18668_1_1_1	18668_1_1_1	4000380.0	4000380.0	0.0	strict	18668_1_1_1	76.0	5.0	0.0	0.27
18669_1_1_1	18342_1_1_1	18342_1_1_1	3000613.5105215977	3000613.5105215977	0.0	moderate	18342_1_1_1	88.0	7.0	2.4894784025	0.96
18669_1_1_1	18669_1_1_1	18342_1_1_1	3000474.0	3000613.5105215977	139.5105215976946	moderate	18669_1_1_1	79.0	6.0	0.0	1.54
18670_1_1_1	18670_1_1_1	18670_1_1_1	3000483.0	3000483.0	0.0	moderate	18670_1_1_1	69.0	7.0	0.0	0.72
18672_1_1_1	18672_1_1_1	18672_1_1_1	3000690.677008788	3000690.677008788	0.0	moderate	18672_1_1_1	99.0	7.0	2.3229912119	0.98
18673_1_1_1	18673_1_1_1	18673_1_1_1	3000753.502062214	3000753.502062214	0.0	moderate	18673_1_1_1	108.0	7.0	2.4979377857	0.75
18676_1_1_1	18676_1_1_1	18676_1_1_1	3000460.8278308725	3000460.8278308725	0.0	moderate	18676_1_1_1	77.0	6.0	1.1721691276	0.44
18681_1_1_1	18681_1_1_1	18681_1_1_1	3001086.0	3001086.0	0.0	moderate	18681_1_1_1	181.0	6.0	0.0	0.18
18684_1_1_1	5264_1_1_1	5264_1_1_1	3000129.0	3000129.0	0.0	moderate	5264_1_1_1	43.0	3.0	0.0	0.0
18684_1_1_1	18684_1_1_1	5264_1_1_1	3000087.0	3000129.0	42.0	moderate	18684_1_1_1	29.0	3.0	0.0	0.0
18691_1_1_1	18691_1_1_1	18691_1_1_1	4000448.0	4000448.0	0.0	strict	18691_1_1_1	112.0	4.0	0.0	0.13
18692_1_1_1	18692_1_1_1	18692_1_1_1	4000518.0	4000518.0	0.0	strict	18692_1_1_1	74.0	7.0	0.0	1.75
18693_1_1_1	18693_1_1_1	18693_1_1_1	2000711.292527364	2000711.292527364	0.0	tolerant	18693_1_1_1	102.0	7.0	2.7074726361	1.58
1869_1_1_1	1869_1_1_1	1869_1_1_1	3000232.2130961665	3000232.2130961665	0.0	moderate	1869_1_1_1	78.0	3.0	1.7869038333	0.0
186_1_1_1	186_1_1_1	186_1_1_1	1000024.0	1000024.0	0.0	unfiltered	186_1_1_1	12.0	2.0	0.0	0.0
18701_1_1_1	18701_1_1_1	18701_1_1_1	4001036.0	4001036.0	0.0	strict	18701_1_1_1	148.0	7.0	0.0	0.51
18704_1_1_1	18704_1_1_1	18704_1_1_1	4000585.0	4000585.0	0.0	strict	18704_1_1_1	117.0	5.0	0.0	2.46
18707_1_1_1	18707_1_1_1	18707_1_1_1	4000498.0	4000498.0	0.0	strict	18707_1_1_1	83.0	6.0	0.0	0.42
18711_1_1_1	18711_1_1_1	18711_1_1_1	4000582.0	4000582.0	0.0	strict	18711_1_1_1	97.0	6.0	0.0	0.48
18712_1_1_1	18712_1_1_1	18712_1_1_1	3000834.0	3000834.0	0.0	moderate	18712_1_1_1	139.0	6.0	0.0	0.85
18713_1_1_1	18713_1_1_1	18713_1_1_1	2000696.0	2000696.0	0.0	tolerant	18713_1_1_1	116.0	6.0	0.0	0.57
18717_1_1_1	18717_1_1_1	18717_1_1_1	3000896.0	3000896.0	0.0	moderate	18717_1_1_1	128.0	7.0	0.0	0.42
18718_1_1_1	18718_1_1_1	18718_1_1_1	2000068.0	2000068.0	0.0	tolerant	18718_1_1_1	34.0	2.0	0.0	0.0
18725_1_1_1	18725_1_1_1	18725_1_1_1	3000571.4951427975	3000571.4951427975	0.0	moderate	18725_1_1_1	82.0	7.0	2.5048572024	2.75
18728_1_1_1	18728_1_1_1	18728_1_1_1	3001264.0930234096	3001264.0930234096	0.0	moderate	18728_1_1_1	181.0	7.0	2.9069765904	1.06
18728_1_1_1	53413_1_1_1	18728_1_1_1	2000745.1138716447	3001264.0930234096	1000518.9791517649	tolerant	53413_1_1_1	187.0	4.0	2.8861283552	1.93
18728_1_1_1	50254_1_1_1	18728_1_1_1	2000717.3401404985	3001264.0930234096	1000546.7528829111	tolerant	50254_1_1_1	180.0	4.0	2.6598595016	0.97
18728_1_1_1	53410_1_1_1	18728_1_1_1	2000561.5659587684	3001264.0930234096	1000702.5270646412	tolerant	53410_1_1_1	188.0	3.0	2.4340412317	2.07
18729_1_1_1	26004_1_1_1	26004_1_1_1	4000238.0	4000238.0	0.0	strict	26004_1_1_1	34.0	7.0	0.0	0.73
18729_1_1_1	18729_1_1_1	26004_1_1_1	4000210.0	4000238.0	28.0	strict	18729_1_1_1	30.0	7.0	0.0	0.0
18731_1_1_1	18731_1_1_1	18731_1_1_1	1000164.0	1000164.0	0.0	unfiltered	18731_1_1_1	41.0	4.0	0.0	0.53
18733_1_1_1	18733_1_1_1	18733_1_1_1	2000570.0	2000570.0	0.0	tolerant	18733_1_1_1	95.0	6.0	0.0	0.18
18734_1_1_1	18734_1_1_1	18734_1_1_1	4000588.0	4000588.0	0.0	strict	18734_1_1_1	98.0	6.0	0.0	2.25
18738_1_1_1	18738_1_1_1	18738_1_1_1	3001115.0	3001115.0	0.0	moderate	18738_1_1_1	223.0	5.0	0.0	0.81
18748_1_1_1	18748_1_1_1	18748_1_1_1	3000280.0	3000280.0	0.0	moderate	18748_1_1_1	56.0	5.0	0.0	0.89
18753_1_1_1	18753_1_1_1	18753_1_1_1	4000448.0	4000448.0	0.0	strict	18753_1_1_1	64.0	7.0	0.0	0.49
18756_1_1_1	18760_1_1_1	18760_1_1_1	3000609.651951193	3000609.651951193	0.0	moderate	18760_1_1_1	204.0	3.0	2.3480488071	0.0
18756_1_1_1	18756_1_1_1	18760_1_1_1	3000486.0	3000609.651951193	123.65195119287819	moderate	18756_1_1_1	162.0	3.0	0.0	0.0
18756_1_1_1	18759_1_1_1	18760_1_1_1	3000442.3459842727	3000609.651951193	167.30596692021936	moderate	18759_1_1_1	148.0	3.0	1.6540157275	0.0
18761_1_1_1	18761_1_1_1	18761_1_1_1	4000910.0	4000910.0	0.0	strict	18761_1_1_1	130.0	7.0	0.0	0.78
18761_1_1_1	10235_1_1_1	18761_1_1_1	3000893.1355868615	4000910.0	1000016.8644131385	moderate	10235_1_1_1	128.0	7.0	2.8644131385	1.02
18763_1_1_1	18763_1_1_1	18763_1_1_1	3000287.0	3000287.0	0.0	moderate	18763_1_1_1	41.0	7.0	0.0	0.89
18765_1_1_1	18765_1_1_1	18765_1_1_1	3000662.1671801284	3000662.1671801284	0.0	moderate	18765_1_1_1	95.0	7.0	2.8328198716	0.77
18766_1_1_1	18766_1_1_1	18766_1_1_1	3000135.0	3000135.0	0.0	moderate	18766_1_1_1	27.0	5.0	0.0	0.0
18768_1_1_1	18768_1_1_1	18768_1_1_1	2000116.0	2000116.0	0.0	tolerant	18768_1_1_1	29.0	4.0	0.0	0.43
18769_1_1_1	18769_1_1_1	18769_1_1_1	3000120.0	3000120.0	0.0	moderate	18769_1_1_1	24.0	5.0	0.0	0.7
18770_1_1_1	18770_1_1_1	18770_1_1_1	3000329.0	3000329.0	0.0	moderate	18770_1_1_1	47.0	7.0	0.0	0.0
18770_1_1_1	18771_1_1_1	18770_1_1_1	3000176.0	3000329.0	153.0	moderate	18771_1_1_1	44.0	4.0	0.0	0.0
18772_1_1_1	18772_1_1_1	18772_1_1_1	4000410.0	4000410.0	0.0	strict	18772_1_1_1	82.0	5.0	0.0	0.37
18773_1_1_1	18773_1_1_1	18773_1_1_1	2000243.581488824	2000243.581488824	0.0	tolerant	18773_1_1_1	82.0	3.0	2.4185111759	0.37
18774_1_1_1	18774_1_1_1	18774_1_1_1	3001117.755062243	3001117.755062243	0.0	moderate	18774_1_1_1	224.0	5.0	2.2449377564	0.65
18779_1_1_1	18779_1_1_1	18779_1_1_1	4001165.0	4001165.0	0.0	strict	18779_1_1_1	233.0	5.0	0.0	0.65
18782_1_1_1	18782_1_1_1	18782_1_1_1	4000350.0	4000350.0	0.0	strict	18782_1_1_1	50.0	7.0	0.0	2.36
18783_1_1_1	18783_1_1_1	18783_1_1_1	3000175.0	3000175.0	0.0	moderate	18783_1_1_1	35.0	5.0	0.0	0.0
18783_1_1_1	18300_1_1_1	18783_1_1_1	3000175.0	3000175.0	0.0	moderate	18300_1_1_1	35.0	5.0	0.0	0.0
18783_1_1_1	18784_1_1_1	18783_1_1_1	3000165.0	3000175.0	10.0	moderate	18784_1_1_1	33.0	5.0	0.0	0.0
18783_1_1_1	25598_1_1_1	18783_1_1_1	3000155.0	3000175.0	20.0	moderate	25598_1_1_1	31.0	5.0	0.0	0.0
18783_1_1_1	18965_1_1_1	18783_1_1_1	3000155.0	3000175.0	20.0	moderate	18965_1_1_1	31.0	5.0	0.0	0.0
18783_1_1_1	25653_1_1_1	18783_1_1_1	3000150.0	3000175.0	25.0	moderate	25653_1_1_1	30.0	5.0	0.0	0.0
18786_1_1_1	18785_1_1_1	18785_1_1_1	3000449.627683591	3000449.627683591	0.0	moderate	18785_1_1_1	113.0	4.0	2.372316409	1.41
18786_1_1_1	18786_1_1_1	18785_1_1_1	3000449.5010633445	3000449.627683591	0.12662024656310678	moderate	18786_1_1_1	113.0	4.0	2.4989366553	1.41
18791_1_1_1	18791_1_1_1	18791_1_1_1	3001267.7915798435	3001267.7915798435	0.0	moderate	18791_1_1_1	254.0	5.0	2.2084201565	1.37
18794_1_1_1	18794_1_1_1	18794_1_1_1	4000441.0	4000441.0	0.0	strict	18794_1_1_1	63.0	7.0	0.0	0.68
18796_1_1_1	4936_1_1_1	4936_1_1_1	3000730.0	3000730.0	0.0	moderate	4936_1_1_1	146.0	5.0	0.0	1.14
18796_1_1_1	18796_1_1_1	4936_1_1_1	3000700.0	3000730.0	30.0	moderate	18796_1_1_1	140.0	5.0	0.0	1.21
18796_1_1_1	27315_1_1_1	4936_1_1_1	3000417.0	3000730.0	313.0	moderate	27315_1_1_1	139.0	3.0	0.0	0.0
18799_1_1_1	18798_1_1_1	18798_1_1_1	3001143.9456561483	3001143.9456561483	0.0	moderate	18798_1_1_1	229.0	5.0	1.0543438516	0.91
18799_1_1_1	18799_1_1_1	18798_1_1_1	3001040.0	3001143.9456561483	103.94565614825115	moderate	18799_1_1_1	208.0	5.0	0.0	0.79
18801_1_1_1	18801_1_1_1	18801_1_1_1	4000637.0	4000637.0	0.0	strict	18801_1_1_1	91.0	7.0	0.0	2.43
18802_1_1_1	18802_1_1_1	18802_1_1_1	2000711.714080471	2000711.714080471	0.0	tolerant	18802_1_1_1	119.0	6.0	2.285919529	1.24
18803_1_1_1	18803_1_1_1	18803_1_1_1	2000059.4370979571	2000059.4370979571	0.0	tolerant	18803_1_1_1	30.0	2.0	0.5629020428	1.78
18804_1_1_1	18804_1_1_1	18804_1_1_1	2000252.0	2000252.0	0.0	tolerant	18804_1_1_1	42.0	6.0	0.0	1.23
18807_1_1_1	18807_1_1_1	18807_1_1_1	3000817.6966734817	3000817.6966734817	0.0	moderate	18807_1_1_1	164.0	5.0	2.3033265184	0.89
18811_1_1_1	18811_1_1_1	18811_1_1_1	4000630.0	4000630.0	0.0	strict	18811_1_1_1	105.0	6.0	0.0	0.92
18812_1_1_1	18812_1_1_1	18812_1_1_1	2000597.720087364	2000597.720087364	0.0	tolerant	18812_1_1_1	100.0	6.0	2.2799126361	0.28
18814_1_1_1	18814_1_1_1	18814_1_1_1	1000176.0	1000176.0	0.0	unfiltered	18814_1_1_1	44.0	4.0	0.0	0.62
18817_1_1_1	18817_1_1_1	18817_1_1_1	4000805.0	4000805.0	0.0	strict	18817_1_1_1	115.0	7.0	0.0	0.93
18819_1_1_1	18819_1_1_1	18819_1_1_1	4000553.0	4000553.0	0.0	strict	18819_1_1_1	79.0	7.0	0.0	0.39
18822_1_1_1	18822_1_1_1	18822_1_1_1	3000130.0	3000130.0	0.0	moderate	18822_1_1_1	26.0	5.0	0.0	0.0
18823_1_1_1	18823_1_1_1	18823_1_1_1	3000872.5712369024	3000872.5712369024	0.0	moderate	18823_1_1_1	125.0	7.0	2.4287630974	1.33
18829_1_1_1	18829_1_1_1	18829_1_1_1	4000400.0	4000400.0	0.0	strict	18829_1_1_1	100.0	4.0	0.0	0.0
18830_1_1_1	18830_1_1_1	18830_1_1_1	3000063.0	3000063.0	0.0	moderate	18830_1_1_1	21.0	3.0	0.0	0.0
18832_1_1_1	18832_1_1_1	18832_1_1_1	3000426.0	3000426.0	0.0	moderate	18832_1_1_1	71.0	6.0	0.0	0.38
18841_1_1_1	18841_1_1_1	18841_1_1_1	3000480.136280808	3000480.136280808	0.0	moderate	18841_1_1_1	69.0	7.0	2.863719192	1.01
18843_1_1_1	18843_1_1_1	18843_1_1_1	3000935.8530627303	3000935.8530627303	0.0	moderate	18843_1_1_1	134.0	7.0	2.1469372696	0.98
18845_1_1_1	25885_1_1_1	25885_1_1_1	3000711.2137038517	3000711.2137038517	0.0	moderate	25885_1_1_1	102.0	7.0	2.7862961481	0.44
18845_1_1_1	18845_1_1_1	25885_1_1_1	3000665.0	3000711.2137038517	46.2137038516812	moderate	18845_1_1_1	95.0	7.0	0.0	0.52
18851_1_1_1	18851_1_1_1	18851_1_1_1	2000093.611950475	2000093.611950475	0.0	tolerant	18851_1_1_1	24.0	4.0	2.388049525	0.59
18853_1_1_1	18853_1_1_1	18853_1_1_1	3001664.3213483854	3001664.3213483854	0.0	moderate	18853_1_1_1	238.0	7.0	1.6786516145	1.09
18854_1_1_1	18854_1_1_1	18854_1_1_1	4000440.0	4000440.0	0.0	strict	18854_1_1_1	88.0	5.0	0.0	0.67
18854_1_1_1	16033_1_1_1	18854_1_1_1	3000630.0	4000440.0	999810.0	moderate	16033_1_1_1	90.0	7.0	0.0	1.77
18854_1_1_1	4430_1_1_1	18854_1_1_1	3000528.0	4000440.0	999912.0	moderate	4430_1_1_1	88.0	6.0	0.0	0.44
18855_1_1_1	18836_1_1_1	18836_1_1_1	1000896.3956645256	1000896.3956645256	0.0	unfiltered	18836_1_1_1	150.0	6.0	3.6043354745	2.32
18855_1_1_1	18855_1_1_1	18836_1_1_1	1000760.8213137618	1000896.3956645256	135.5743507638108	unfiltered	18855_1_1_1	153.0	5.0	4.1786862382	2.35
1885_1_1_1	1885_1_1_1	1885_1_1_1	3000114.0	3000114.0	0.0	moderate	1885_1_1_1	38.0	3.0	0.0	0.0
1885_1_1_1	4322_1_1_1	1885_1_1_1	2000097.4161540528	3000114.0	1000016.5838459472	tolerant	4322_1_1_1	33.0	3.0	1.5838459472	0.0
1885_1_1_1	4298_1_1_1	1885_1_1_1	2000097.3793762636	3000114.0	1000016.6206237364	tolerant	4298_1_1_1	33.0	3.0	1.6206237363	0.0
18863_1_1_1	18863_1_1_1	18863_1_1_1	1000553.0	1000553.0	0.0	unfiltered	18863_1_1_1	79.0	7.0	0.0	1.5
1886_1_1_1	1886_1_1_1	1886_1_1_1	3000066.0	3000066.0	0.0	moderate	1886_1_1_1	22.0	3.0	0.0	0.0
18870_1_1_1	18870_1_1_1	18870_1_1_1	2000726.1778101	2000726.1778101	0.0	tolerant	18870_1_1_1	104.0	7.0	1.8221898999	0.24
18870_1_1_1	25217_1_1_1	18870_1_1_1	2000651.2254445828	2000726.1778101	74.95236551715061	tolerant	25217_1_1_1	109.0	6.0	2.7745554172	0.61
18877_1_1_1	18877_1_1_1	18877_1_1_1	2001124.6566460736	2001124.6566460736	0.0	tolerant	18877_1_1_1	161.0	7.0	2.3433539264	0.24
18879_1_1_1	18879_1_1_1	18879_1_1_1	3000072.0	3000072.0	0.0	moderate	18879_1_1_1	18.0	4.0	0.0	0.0
18879_1_1_1	18809_1_1_1	18879_1_1_1	3000060.0	3000072.0	12.0	moderate	18809_1_1_1	20.0	3.0	0.0	0.0
18880_1_1_1	18880_1_1_1	18880_1_1_1	3000578.132012496	3000578.132012496	0.0	moderate	18880_1_1_1	83.0	7.0	2.8679875036	0.87
18882_1_1_1	18882_1_1_1	18882_1_1_1	4001148.0	4001148.0	0.0	strict	18882_1_1_1	164.0	7.0	0.0	0.86
18883_1_1_1	18883_1_1_1	18883_1_1_1	3001162.0	3001162.0	0.0	moderate	18883_1_1_1	166.0	7.0	0.0	0.54
18887_1_1_1	18887_1_1_1	18887_1_1_1	4000728.0	4000728.0	0.0	strict	18887_1_1_1	104.0	7.0	0.0	1.05
18895_1_1_1	18895_1_1_1	18895_1_1_1	3000956.0982720004	3000956.0982720004	0.0	moderate	18895_1_1_1	137.0	7.0	2.9017279994	1.48
18896_1_1_1	18896_1_1_1	18896_1_1_1	3000392.0	3000392.0	0.0	moderate	18896_1_1_1	56.0	7.0	0.0	3.25
18899_1_1_1	18899_1_1_1	18899_1_1_1	3000868.0	3000868.0	0.0	moderate	18899_1_1_1	124.0	7.0	0.0	0.26
18904_1_1_1	18904_1_1_1	18904_1_1_1	4000876.0	4000876.0	0.0	strict	18904_1_1_1	146.0	6.0	0.0	1.2
18905_1_1_1	18905_1_1_1	18905_1_1_1	2000706.0586583335	2000706.0586583335	0.0	tolerant	18905_1_1_1	118.0	6.0	1.9413416662	2.99
18906_1_1_1	18906_1_1_1	18906_1_1_1	2000462.0	2000462.0	0.0	tolerant	18906_1_1_1	77.0	6.0	0.0	0.24
18908_1_1_1	18908_1_1_1	18908_1_1_1	3000805.0	3000805.0	0.0	moderate	18908_1_1_1	115.0	7.0	0.0	1.59
18909_1_1_1	18909_1_1_1	18909_1_1_1	2000139.2486559695	2000139.2486559695	0.0	tolerant	18909_1_1_1	71.0	2.0	2.7513440303	0.53
18910_1_1_1	18910_1_1_1	18910_1_1_1	3000360.0	3000360.0	0.0	moderate	18910_1_1_1	60.0	6.0	0.0	0.35
18917_1_1_1	18917_1_1_1	18917_1_1_1	3000476.0	3000476.0	0.0	moderate	18917_1_1_1	68.0	7.0	0.0	0.34
18920_1_1_1	18920_1_1_1	18920_1_1_1	4000420.0	4000420.0	0.0	strict	18920_1_1_1	60.0	7.0	0.0	0.93
18922_1_1_1	18922_1_1_1	18922_1_1_1	3000847.0	3000847.0	0.0	moderate	18922_1_1_1	121.0	7.0	0.0	1.53
18926_1_1_1	18926_1_1_1	18926_1_1_1	3000090.0	3000090.0	0.0	moderate	18926_1_1_1	30.0	3.0	0.0	0.0
18933_1_1_1	18933_1_1_1	18933_1_1_1	4000765.0	4000765.0	0.0	strict	18933_1_1_1	153.0	5.0	0.0	1.18
18939_1_1_1	18939_1_1_1	18939_1_1_1	4000301.0	4000301.0	0.0	strict	18939_1_1_1	43.0	7.0	0.0	2.01
18941_1_1_1	18941_1_1_1	18941_1_1_1	3001074.0	3001074.0	0.0	moderate	18941_1_1_1	179.0	6.0	0.0	0.47
18945_1_1_1	18945_1_1_1	18945_1_1_1	3000350.0	3000350.0	0.0	moderate	18945_1_1_1	50.0	7.0	0.0	0.88
18946_1_1_1	18946_1_1_1	18946_1_1_1	3000252.0	3000252.0	0.0	moderate	18946_1_1_1	36.0	7.0	0.0	0.0
18951_1_1_1	18951_1_1_1	18951_1_1_1	2000276.0	2000276.0	0.0	tolerant	18951_1_1_1	46.0	6.0	0.0	23.77
18954_1_1_1	18954_1_1_1	18954_1_1_1	4000550.1381227584	4000550.1381227584	0.0	strict	18954_1_1_1	92.0	6.0	1.8618772415	2.41
18959_1_1_1	18959_1_1_1	18959_1_1_1	2000100.0	2000100.0	0.0	tolerant	18959_1_1_1	20.0	5.0	0.0	2.86
18961_1_1_1	18961_1_1_1	18961_1_1_1	3000644.0	3000644.0	0.0	moderate	18961_1_1_1	92.0	7.0	0.0	0.53
18966_1_1_1	25969_1_1_1	25969_1_1_1	4000819.0	4000819.0	0.0	strict	25969_1_1_1	117.0	7.0	0.0	0.4
18966_1_1_1	18966_1_1_1	25969_1_1_1	4000735.0	4000819.0	84.0	strict	18966_1_1_1	105.0	7.0	0.0	0.58
18986_1_1_1	18986_1_1_1	18986_1_1_1	4000593.4867687263	4000593.4867687263	0.0	strict	18986_1_1_1	85.0	7.0	1.5132312734	0.84
18987_1_1_1	18987_1_1_1	18987_1_1_1	3000777.0	3000777.0	0.0	moderate	18987_1_1_1	111.0	7.0	0.0	0.69
18988_1_1_1	18988_1_1_1	18988_1_1_1	3000855.0	3000855.0	0.0	moderate	18988_1_1_1	171.0	5.0	0.0	0.4
18989_1_1_1	18989_1_1_1	18989_1_1_1	3001099.0	3001099.0	0.0	moderate	18989_1_1_1	157.0	7.0	0.0	1.12
18993_1_1_1	18993_1_1_1	18993_1_1_1	3000655.0	3000655.0	0.0	moderate	18993_1_1_1	131.0	5.0	0.0	0.9
18999_1_1_1	18999_1_1_1	18999_1_1_1	3000081.0	3000081.0	0.0	moderate	18999_1_1_1	27.0	3.0	0.0	0.0
18999_1_1_1	19846_1_1_1	18999_1_1_1	2000084.0	3000081.0	999997.0	tolerant	19846_1_1_1	28.0	3.0	0.0	0.0
18999_1_1_1	19847_1_1_1	18999_1_1_1	2000084.0	3000081.0	999997.0	tolerant	19847_1_1_1	28.0	3.0	0.0	0.0
19000_1_1_1	19000_1_1_1	19000_1_1_1	3000553.0	3000553.0	0.0	moderate	19000_1_1_1	79.0	7.0	0.0	0.27
19002_1_1_1	19002_1_1_1	19002_1_1_1	3000508.038754443	3000508.038754443	0.0	moderate	19002_1_1_1	73.0	7.0	2.9612455566	0.95
19003_1_1_1	19003_1_1_1	19003_1_1_1	2000411.771603519	2000411.771603519	0.0	tolerant	19003_1_1_1	69.0	6.0	2.2283964807	1.02
19006_1_1_1	19006_1_1_1	19006_1_1_1	4000784.0	4000784.0	0.0	strict	19006_1_1_1	112.0	7.0	0.0	0.51
19007_1_1_1	19007_1_1_1	19007_1_1_1	4000672.0	4000672.0	0.0	strict	19007_1_1_1	96.0	7.0	0.0	1.49
19008_1_1_1	19008_1_1_1	19008_1_1_1	2000654.0	2000654.0	0.0	tolerant	19008_1_1_1	109.0	6.0	0.0	1.23
19010_1_1_1	19010_1_1_1	19010_1_1_1	3000885.0	3000885.0	0.0	moderate	19010_1_1_1	177.0	5.0	0.0	1.54
19012_1_1_1	19012_1_1_1	19012_1_1_1	4000582.0	4000582.0	0.0	strict	19012_1_1_1	97.0	6.0	0.0	2.53
19013_1_1_1	19013_1_1_1	19013_1_1_1	2000729.3350987455	2000729.3350987455	0.0	tolerant	19013_1_1_1	122.0	6.0	2.6649012544	0.9
19014_1_1_1	19014_1_1_1	19014_1_1_1	3000742.0	3000742.0	0.0	moderate	19014_1_1_1	106.0	7.0	0.0	0.15
19023_1_1_1	19023_1_1_1	19023_1_1_1	3000529.1090160953	3000529.1090160953	0.0	moderate	19023_1_1_1	76.0	7.0	2.8909839047	0.79
19027_1_1_1	19027_1_1_1	19027_1_1_1	3000378.0	3000378.0	0.0	moderate	19027_1_1_1	54.0	7.0	0.0	1.5
19028_1_1_1	19028_1_1_1	19028_1_1_1	3000410.0	3000410.0	0.0	moderate	19028_1_1_1	82.0	5.0	0.0	0.17
19029_1_1_1	19029_1_1_1	19029_1_1_1	2000278.0155755563	2000278.0155755563	0.0	tolerant	19029_1_1_1	56.0	5.0	1.9844244437	1.42
19034_1_1_1	19034_1_1_1	19034_1_1_1	4000618.0	4000618.0	0.0	strict	19034_1_1_1	103.0	6.0	0.0	2.35
19041_1_1_1	19041_1_1_1	19041_1_1_1	3000245.0	3000245.0	0.0	moderate	19041_1_1_1	35.0	7.0	0.0	0.6
19041_1_1_1	19531_1_1_1	19041_1_1_1	3000245.0	3000245.0	0.0	moderate	19531_1_1_1	35.0	7.0	0.0	0.59
19041_1_1_1	19532_1_1_1	19041_1_1_1	3000245.0	3000245.0	0.0	moderate	19532_1_1_1	35.0	7.0	0.0	0.7
19042_1_1_1	19042_1_1_1	19042_1_1_1	4000896.0	4000896.0	0.0	strict	19042_1_1_1	128.0	7.0	0.0	0.33
19044_1_1_1	19044_1_1_1	19044_1_1_1	4000658.0	4000658.0	0.0	strict	19044_1_1_1	94.0	7.0	0.0	0.8
19051_1_1_1	19051_1_1_1	19051_1_1_1	2001237.741143186	2001237.741143186	0.0	tolerant	19051_1_1_1	310.0	4.0	2.2588568139	1.33
19054_1_1_1	19054_1_1_1	19054_1_1_1	2000771.9140325713	2000771.9140325713	0.0	tolerant	19054_1_1_1	129.0	6.0	2.0859674287	0.23
19055_1_1_1	19055_1_1_1	19055_1_1_1	4000468.231049787	4000468.231049787	0.0	strict	19055_1_1_1	94.0	5.0	1.7689502134	4.07
19055_1_1_1	16165_1_1_1	19055_1_1_1	3000467.12698151	4000468.231049787	1000001.1040682769	moderate	16165_1_1_1	94.0	5.0	2.8730184901	1.3
19055_1_1_1	27270_1_1_1	19055_1_1_1	3000462.0209194603	4000468.231049787	1000006.2101303264	moderate	27270_1_1_1	93.0	5.0	2.9790805398	1.35
19055_1_1_1	15225_1_1_1	19055_1_1_1	2000658.0	4000468.231049787	1999810.2310497868	tolerant	15225_1_1_1	94.0	7.0	0.0	1.34
19056_1_1_1	19056_1_1_1	19056_1_1_1	4000852.0	4000852.0	0.0	strict	19056_1_1_1	142.0	6.0	0.0	0.75
19057_1_1_1	19057_1_1_1	19057_1_1_1	3000057.0	3000057.0	0.0	moderate	19057_1_1_1	19.0	3.0	0.0	0.0
19057_1_1_1	18915_1_1_1	19057_1_1_1	3000057.0	3000057.0	0.0	moderate	18915_1_1_1	19.0	3.0	0.0	0.0
19067_1_1_1	19067_1_1_1	19067_1_1_1	4001428.0	4001428.0	0.0	strict	19067_1_1_1	204.0	7.0	0.0	0.33
19068_1_1_1	19068_1_1_1	19068_1_1_1	3000606.976042183	3000606.976042183	0.0	moderate	19068_1_1_1	87.0	7.0	2.0239578167	0.93
19078_1_1_1	19078_1_1_1	19078_1_1_1	3001188.6115037473	3001188.6115037473	0.0	moderate	19078_1_1_1	170.0	7.0	1.3884962526	1.13
19084_1_1_1	19084_1_1_1	19084_1_1_1	2000400.101282494	2000400.101282494	0.0	tolerant	19084_1_1_1	67.0	6.0	1.8987175058	1.36
19085_1_1_1	19085_1_1_1	19085_1_1_1	3000228.0	3000228.0	0.0	moderate	19085_1_1_1	38.0	6.0	0.0	0.0
19085_1_1_1	16703_1_1_1	19085_1_1_1	2000228.0	3000228.0	1000000.0	tolerant	16703_1_1_1	38.0	6.0	0.0	0.47
19085_1_1_1	16705_1_1_1	19085_1_1_1	2000228.0	3000228.0	1000000.0	tolerant	16705_1_1_1	38.0	6.0	0.0	0.0
19085_1_1_1	16704_1_1_1	19085_1_1_1	2000114.0	3000228.0	1000114.0	tolerant	16704_1_1_1	38.0	3.0	0.0	0.0
19087_1_1_1	19087_1_1_1	19087_1_1_1	2000719.0088804176	2000719.0088804176	0.0	tolerant	19087_1_1_1	103.0	7.0	1.9911195821	0.98
19088_1_1_1	19088_1_1_1	19088_1_1_1	3000684.0	3000684.0	0.0	moderate	19088_1_1_1	171.0	4.0	0.0	0.0
19095_1_1_1	19095_1_1_1	19095_1_1_1	4000805.0	4000805.0	0.0	strict	19095_1_1_1	115.0	7.0	0.0	0.8
19095_1_1_1	50523_1_1_1	19095_1_1_1	3000847.0	4000805.0	999958.0	moderate	50523_1_1_1	121.0	7.0	0.0	0.5
19098_1_1_1	19098_1_1_1	19098_1_1_1	2000649.0148955325	2000649.0148955325	0.0	tolerant	19098_1_1_1	130.0	5.0	0.9851044674	1.53
19101_1_1_1	19094_1_1_1	19094_1_1_1	3000126.0	3000126.0	0.0	moderate	19094_1_1_1	42.0	3.0	0.0	0.0
19101_1_1_1	19101_1_1_1	19094_1_1_1	3000123.0	3000126.0	3.0	moderate	19101_1_1_1	41.0	3.0	0.0	0.0
19104_1_1_1	19104_1_1_1	19104_1_1_1	2000225.1477265952	2000225.1477265952	0.0	tolerant	19104_1_1_1	76.0	3.0	2.8522734049	1.8
19106_1_1_1	19106_1_1_1	19106_1_1_1	3001096.2519546687	3001096.2519546687	0.0	moderate	19106_1_1_1	157.0	7.0	2.7480453314	0.24
19107_1_1_1	19107_1_1_1	19107_1_1_1	4001594.0904438426	4001594.0904438426	0.0	strict	19107_1_1_1	228.0	7.0	1.9095561574	0.37
19110_1_1_1	19110_1_1_1	19110_1_1_1	4000588.0	4000588.0	0.0	strict	19110_1_1_1	84.0	7.0	0.0	0.93
19110_1_1_1	16681_1_1_1	19110_1_1_1	3000567.0	4000588.0	1000021.0	moderate	16681_1_1_1	81.0	7.0	0.0	0.37
19111_1_1_1	19111_1_1_1	19111_1_1_1	3001047.1093984046	3001047.1093984046	0.0	moderate	19111_1_1_1	150.0	7.0	2.8906015956	1.17
19112_1_1_1	19112_1_1_1	19112_1_1_1	2000120.0	2000120.0	0.0	tolerant	19112_1_1_1	20.0	6.0	0.0	0.0
19115_1_1_1	19115_1_1_1	19115_1_1_1	1000174.0	1000174.0	0.0	unfiltered	19115_1_1_1	58.0	3.0	0.0	0.0
1911_1_1_1	1500_1_1_1	1500_1_1_1	3000084.0	3000084.0	0.0	moderate	1500_1_1_1	28.0	3.0	0.0	0.0
1911_1_1_1	1911_1_1_1	1500_1_1_1	3000081.0	3000084.0	3.0	moderate	1911_1_1_1	27.0	3.0	0.0	0.0
19125_1_1_1	19125_1_1_1	19125_1_1_1	3000565.0	3000565.0	0.0	moderate	19125_1_1_1	113.0	5.0	0.0	2.82
19126_1_1_1	19126_1_1_1	19126_1_1_1	3001029.0	3001029.0	0.0	moderate	19126_1_1_1	147.0	7.0	0.0	0.32
19134_1_1_1	19134_1_1_1	19134_1_1_1	1000711.191151187	1000711.191151187	0.0	unfiltered	19134_1_1_1	143.0	5.0	3.8088488129	2.06
19139_1_1_1	19139_1_1_1	19139_1_1_1	3000880.0	3000880.0	0.0	moderate	19139_1_1_1	176.0	5.0	0.0	0.55
19143_1_1_1	19143_1_1_1	19143_1_1_1	3001472.433797742	3001472.433797742	0.0	moderate	19143_1_1_1	295.0	5.0	2.5662022581	0.28
19148_1_1_1	19148_1_1_1	19148_1_1_1	4000313.185676521	4000313.185676521	0.0	strict	19148_1_1_1	45.0	7.0	1.8143234788	0.79
19149_1_1_1	19149_1_1_1	19149_1_1_1	4000308.0	4000308.0	0.0	strict	19149_1_1_1	44.0	7.0	0.0	1.25
19156_1_1_1	19156_1_1_1	19156_1_1_1	3001008.0	3001008.0	0.0	moderate	19156_1_1_1	144.0	7.0	0.0	2.73
19161_1_1_1	15662_1_1_1	15662_1_1_1	2001257.0006779905	2001257.0006779905	0.0	tolerant	15662_1_1_1	180.0	7.0	2.9993220096	1.65
19161_1_1_1	19161_1_1_1	15662_1_1_1	2000642.40867412	2001257.0006779905	614.5920038705226	tolerant	19161_1_1_1	129.0	5.0	2.59132588	0.77
19162_1_1_1	19162_1_1_1	19162_1_1_1	4000366.0	4000366.0	0.0	strict	19162_1_1_1	61.0	6.0	0.0	0.37
19162_1_1_1	6087_1_1_1	19162_1_1_1	2000305.0	4000366.0	2000061.0	tolerant	6087_1_1_1	61.0	5.0	0.0	0.92
19162_1_1_1	25181_1_1_1	19162_1_1_1	2000118.0	4000366.0	2000248.0	tolerant	25181_1_1_1	59.0	2.0	0.0	0.0
19167_1_1_1	19167_1_1_1	19167_1_1_1	2000670.5893025063	2000670.5893025063	0.0	tolerant	19167_1_1_1	112.0	6.0	1.4106974937	0.88
19169_1_1_1	19169_1_1_1	19169_1_1_1	3001043.0	3001043.0	0.0	moderate	19169_1_1_1	149.0	7.0	0.0	0.57
19170_1_1_1	19170_1_1_1	19170_1_1_1	1000060.5772987847	1000060.5772987847	0.0	unfiltered	19170_1_1_1	23.0	3.0	8.4227012152	0.0
19180_1_1_1	19180_1_1_1	19180_1_1_1	2000051.0	2000051.0	0.0	tolerant	19180_1_1_1	17.0	3.0	0.0	0.0
19181_1_1_1	19181_1_1_1	19181_1_1_1	3000264.0	3000264.0	0.0	moderate	19181_1_1_1	66.0	4.0	0.0	0.0
19184_1_1_1	19184_1_1_1	19184_1_1_1	3000072.0	3000072.0	0.0	moderate	19184_1_1_1	24.0	3.0	0.0	0.0
19185_1_1_1	19185_1_1_1	19185_1_1_1	2000354.0	2000354.0	0.0	tolerant	19185_1_1_1	59.0	6.0	0.0	0.23
19186_1_1_1	19186_1_1_1	19186_1_1_1	4000231.0	4000231.0	0.0	strict	19186_1_1_1	33.0	7.0	0.0	2.49
19187_1_1_1	19187_1_1_1	19187_1_1_1	2000514.2084180831	2000514.2084180831	0.0	tolerant	19187_1_1_1	86.0	6.0	1.7915819167	0.47
1918_1_1_1	1917_1_1_1	1917_1_1_1	2000108.0	2000108.0	0.0	tolerant	1917_1_1_1	36.0	3.0	0.0	0.0
1918_1_1_1	9_1_1_1	1917_1_1_1	2000108.0	2000108.0	0.0	tolerant	9_1_1_1	36.0	3.0	0.0	0.0
1918_1_1_1	1918_1_1_1	1917_1_1_1	2000105.0	2000108.0	3.0	tolerant	1918_1_1_1	35.0	3.0	0.0	0.0
19191_1_1_1	19191_1_1_1	19191_1_1_1	2000327.99675296	2000327.99675296	0.0	tolerant	19191_1_1_1	66.0	5.0	2.0032470401	2.04
19193_1_1_1	19193_1_1_1	19193_1_1_1	4000427.0	4000427.0	0.0	strict	19193_1_1_1	61.0	7.0	0.0	2.27
19198_1_1_1	19198_1_1_1	19198_1_1_1	4000402.0	4000402.0	0.0	strict	19198_1_1_1	67.0	6.0	0.0	2.02
19203_1_1_1	19203_1_1_1	19203_1_1_1	4000528.0	4000528.0	0.0	strict	19203_1_1_1	88.0	6.0	0.0	2.58
19203_1_1_1	25779_1_1_1	19203_1_1_1	3000276.0	4000528.0	1000252.0	moderate	25779_1_1_1	69.0	4.0	0.0	0.13
19207_1_1_1	19207_1_1_1	19207_1_1_1	4001060.0	4001060.0	0.0	strict	19207_1_1_1	212.0	5.0	0.0	0.7
19211_1_1_1	19211_1_1_1	19211_1_1_1	4000280.0	4000280.0	0.0	strict	19211_1_1_1	70.0	4.0	0.0	0.0
19211_1_1_1	19212_1_1_1	19211_1_1_1	4000280.0	4000280.0	0.0	strict	19212_1_1_1	70.0	4.0	0.0	0.0
19211_1_1_1	19210_1_1_1	19211_1_1_1	4000268.0	4000280.0	12.0	strict	19210_1_1_1	67.0	4.0	0.0	0.0
19211_1_1_1	17963_1_1_1	19211_1_1_1	4000264.0	4000280.0	16.0	strict	17963_1_1_1	66.0	4.0	0.0	0.0
19211_1_1_1	51072_1_1_1	19211_1_1_1	3000490.0	4000280.0	999790.0	moderate	51072_1_1_1	70.0	7.0	0.0	0.35
19211_1_1_1	19947_1_1_1	19211_1_1_1	3000486.0	4000280.0	999794.0	moderate	19947_1_1_1	81.0	6.0	0.0	0.66
19211_1_1_1	5117_1_1_1	19211_1_1_1	3000268.0	4000280.0	1000012.0	moderate	5117_1_1_1	67.0	4.0	0.0	0.0
19211_1_1_1	7399_1_1_1	19211_1_1_1	3000264.0	4000280.0	1000016.0	moderate	7399_1_1_1	66.0	4.0	0.0	0.0
19211_1_1_1	7400_1_1_1	19211_1_1_1	3000264.0	4000280.0	1000016.0	moderate	7400_1_1_1	66.0	4.0	0.0	0.0
19211_1_1_1	5948_1_1_1	19211_1_1_1	3000264.0	4000280.0	1000016.0	moderate	5948_1_1_1	66.0	4.0	0.0	0.0
19211_1_1_1	5949_1_1_1	19211_1_1_1	3000264.0	4000280.0	1000016.0	moderate	5949_1_1_1	66.0	4.0	0.0	0.0
19211_1_1_1	5346_1_1_1	19211_1_1_1	3000213.0	4000280.0	1000067.0	moderate	5346_1_1_1	71.0	3.0	0.0	0.0
19211_1_1_1	2856_1_1_1	19211_1_1_1	2000198.0	4000280.0	2000082.0	tolerant	2856_1_1_1	66.0	3.0	0.0	0.0
19216_1_1_1	19216_1_1_1	19216_1_1_1	3000140.0	3000140.0	0.0	moderate	19216_1_1_1	35.0	4.0	0.0	0.0
19217_1_1_1	19217_1_1_1	19217_1_1_1	3000474.0	3000474.0	0.0	moderate	19217_1_1_1	79.0	6.0	0.0	0.3
19218_1_1_1	19218_1_1_1	19218_1_1_1	2000198.0	2000198.0	0.0	tolerant	19218_1_1_1	33.0	6.0	0.0	1.18
19219_1_1_1	19219_1_1_1	19219_1_1_1	3002681.0	3002681.0	0.0	moderate	19219_1_1_1	383.0	7.0	0.0	0.99
19220_1_1_1	19220_1_1_1	19220_1_1_1	4001106.0	4001106.0	0.0	strict	19220_1_1_1	158.0	7.0	0.0	0.27
19221_1_1_1	19221_1_1_1	19221_1_1_1	4001211.0	4001211.0	0.0	strict	19221_1_1_1	173.0	7.0	0.0	0.75
19225_1_1_1	19225_1_1_1	19225_1_1_1	4000816.0	4000816.0	0.0	strict	19225_1_1_1	136.0	6.0	0.0	1.35
19234_1_1_1	19234_1_1_1	19234_1_1_1	3000582.0	3000582.0	0.0	moderate	19234_1_1_1	97.0	6.0	0.0	0.63
19235_1_1_1	19235_1_1_1	19235_1_1_1	4000994.0	4000994.0	0.0	strict	19235_1_1_1	142.0	7.0	0.0	1.46
19239_1_1_1	4330_1_1_1	4330_1_1_1	3001326.0	3001326.0	0.0	moderate	4330_1_1_1	221.0	6.0	0.0	0.0
19239_1_1_1	19239_1_1_1	4330_1_1_1	3000940.0	3001326.0	386.0	moderate	19239_1_1_1	188.0	5.0	0.0	3.53
19242_1_1_1	19242_1_1_1	19242_1_1_1	4001195.0	4001195.0	0.0	strict	19242_1_1_1	239.0	5.0	0.0	0.64
19242_1_1_1	16205_1_1_1	19242_1_1_1	3001575.0	4001195.0	999620.0	moderate	16205_1_1_1	225.0	7.0	0.0	2.77
19243_1_1_1	19243_1_1_1	19243_1_1_1	3000727.9982896065	3000727.9982896065	0.0	moderate	19243_1_1_1	146.0	5.0	2.0017103935	0.74
19244_1_1_1	19244_1_1_1	19244_1_1_1	4000500.0	4000500.0	0.0	strict	19244_1_1_1	100.0	5.0	0.0	0.23
19246_1_1_1	19246_1_1_1	19246_1_1_1	2001425.255217788	2001425.255217788	0.0	tolerant	19246_1_1_1	238.0	6.0	2.7447822119	1.03
19249_1_1_1	19249_1_1_1	19249_1_1_1	4000216.0	4000216.0	0.0	strict	19249_1_1_1	54.0	4.0	0.0	0.0
19249_1_1_1	30680_1_1_1	19249_1_1_1	3000318.0	4000216.0	999898.0	moderate	30680_1_1_1	53.0	6.0	0.0	1.27
19251_1_1_1	19251_1_1_1	19251_1_1_1	4000366.0	4000366.0	0.0	strict	19251_1_1_1	61.0	6.0	0.0	1.42
19252_1_1_1	19252_1_1_1	19252_1_1_1	4000516.0	4000516.0	0.0	strict	19252_1_1_1	86.0	6.0	0.0	0.32
19253_1_1_1	52503_1_1_1	52503_1_1_1	2000525.7567984313	2000525.7567984313	0.0	tolerant	52503_1_1_1	132.0	4.0	2.2432015687	2.3
19253_1_1_1	19253_1_1_1	52503_1_1_1	2000380.4612414744	2000525.7567984313	145.29555695690215	tolerant	19253_1_1_1	127.0	3.0	0.5387585254	2.83
19253_1_1_1	26357_1_1_1	52503_1_1_1	2000344.1141074323	2000525.7567984313	181.64269099896774	tolerant	26357_1_1_1	115.0	3.0	0.8858925677	3.1
19253_1_1_1	26356_1_1_1	52503_1_1_1	2000343.8591992748	2000525.7567984313	181.89759915648028	tolerant	26356_1_1_1	115.0	3.0	1.1408007251	3.14
19267_1_1_1	19267_1_1_1	19267_1_1_1	4000912.0	4000912.0	0.0	strict	19267_1_1_1	152.0	6.0	0.0	0.21
19269_1_1_1	19269_1_1_1	19269_1_1_1	3000187.770696955	3000187.770696955	0.0	moderate	19269_1_1_1	38.0	5.0	2.2293030452	0.62
19270_1_1_1	19270_1_1_1	19270_1_1_1	3000777.0	3000777.0	0.0	moderate	19270_1_1_1	111.0	7.0	0.0	1.22
19272_1_1_1	19272_1_1_1	19272_1_1_1	2000841.9425048032	2000841.9425048032	0.0	tolerant	19272_1_1_1	281.0	3.0	1.0574951969	2.69
19274_1_1_1	19274_1_1_1	19274_1_1_1	3000518.0	3000518.0	0.0	moderate	19274_1_1_1	74.0	7.0	0.0	0.41
19275_1_1_1	19275_1_1_1	19275_1_1_1	2000145.0	2000145.0	0.0	tolerant	19275_1_1_1	29.0	5.0	0.0	0.15
19282_1_1_1	19282_1_1_1	19282_1_1_1	3000957.2347082645	3000957.2347082645	0.0	moderate	19282_1_1_1	137.0	7.0	1.7652917356	0.58
19285_1_1_1	19285_1_1_1	19285_1_1_1	4000402.0	4000402.0	0.0	strict	19285_1_1_1	67.0	6.0	0.0	1.13
19293_1_1_1	19061_1_1_1	19061_1_1_1	3000553.0	3000553.0	0.0	moderate	19061_1_1_1	79.0	7.0	0.0	1.19
19293_1_1_1	19293_1_1_1	19061_1_1_1	3000546.0	3000553.0	7.0	moderate	19293_1_1_1	78.0	7.0	0.0	1.07
19294_1_1_1	19294_1_1_1	19294_1_1_1	2000192.0	2000192.0	0.0	tolerant	19294_1_1_1	96.0	2.0	0.0	0.0
19298_1_1_1	19298_1_1_1	19298_1_1_1	3000546.0	3000546.0	0.0	moderate	19298_1_1_1	91.0	6.0	0.0	0.4
19298_1_1_1	4772_1_1_1	19298_1_1_1	2000396.0	3000546.0	1000150.0	tolerant	4772_1_1_1	99.0	4.0	0.0	1.5
19298_1_1_1	26922_1_1_1	19298_1_1_1	2000392.0	3000546.0	1000154.0	tolerant	26922_1_1_1	98.0	4.0	0.0	0.84
19299_1_1_1	19299_1_1_1	19299_1_1_1	3000557.0724038733	3000557.0724038733	0.0	moderate	19299_1_1_1	80.0	7.0	2.9275961266	0.58
19302_1_1_1	19302_1_1_1	19302_1_1_1	4000959.0	4000959.0	0.0	strict	19302_1_1_1	137.0	7.0	0.0	0.94
19303_1_1_1	19303_1_1_1	19303_1_1_1	4000360.0	4000360.0	0.0	strict	19303_1_1_1	60.0	6.0	0.0	0.36
19308_1_1_1	19308_1_1_1	19308_1_1_1	3000542.5040653604	3000542.5040653604	0.0	moderate	19308_1_1_1	109.0	5.0	2.4959346394	2.62
19308_1_1_1	18567_1_1_1	19308_1_1_1	3000542.1949176937	3000542.5040653604	0.3091476666741073	moderate	18567_1_1_1	109.0	5.0	2.8050823061	0.89
19308_1_1_1	16864_1_1_1	19308_1_1_1	2000651.0111395183	3000542.5040653604	999891.4929258421	tolerant	16864_1_1_1	109.0	6.0	2.9888604814	1.62
19311_1_1_1	19311_1_1_1	19311_1_1_1	3000825.0	3000825.0	0.0	moderate	19311_1_1_1	165.0	5.0	0.0	0.77
19314_1_1_1	10079_1_1_1	10079_1_1_1	3000714.0	3000714.0	0.0	moderate	10079_1_1_1	102.0	7.0	0.0	0.35
19314_1_1_1	19314_1_1_1	10079_1_1_1	3000693.0	3000714.0	21.0	moderate	19314_1_1_1	99.0	7.0	0.0	0.39
19318_1_1_1	19318_1_1_1	19318_1_1_1	2000229.743937011	2000229.743937011	0.0	tolerant	19318_1_1_1	58.0	4.0	2.256062989	2.13
19321_1_1_1	19321_1_1_1	19321_1_1_1	2000868.0	2000868.0	0.0	tolerant	19321_1_1_1	124.0	7.0	0.0	2.73
19321_1_1_1	6990_1_1_1	19321_1_1_1	2000762.0	2000868.0	106.0	tolerant	6990_1_1_1	127.0	6.0	0.0	1.66
19325_1_1_1	19325_1_1_1	19325_1_1_1	2001216.2883701152	2001216.2883701152	0.0	tolerant	19325_1_1_1	203.0	6.0	1.7116298846	1.84
19327_1_1_1	19327_1_1_1	19327_1_1_1	3000511.0	3000511.0	0.0	moderate	19327_1_1_1	73.0	7.0	0.0	0.25
19330_1_1_1	19330_1_1_1	19330_1_1_1	4000492.0	4000492.0	0.0	strict	19330_1_1_1	123.0	4.0	0.0	1.36
19339_1_1_1	19339_1_1_1	19339_1_1_1	4000655.0	4000655.0	0.0	strict	19339_1_1_1	131.0	5.0	0.0	0.59
19340_1_1_1	19340_1_1_1	19340_1_1_1	4000642.0	4000642.0	0.0	strict	19340_1_1_1	107.0	6.0	0.0	0.6
19342_1_1_1	19342_1_1_1	19342_1_1_1	4000144.0	4000144.0	0.0	strict	19342_1_1_1	24.0	6.0	0.0	0.0
19342_1_1_1	25273_1_1_1	19342_1_1_1	3000066.0	4000144.0	1000078.0	moderate	25273_1_1_1	22.0	3.0	0.0	0.0
19343_1_1_1	19343_1_1_1	19343_1_1_1	2000555.0	2000555.0	0.0	tolerant	19343_1_1_1	111.0	5.0	0.0	1.19
19343_1_1_1	34872_1_1_1	19343_1_1_1	1000440.0	2000555.0	1000115.0	unfiltered	34872_1_1_1	88.0	5.0	0.0	2.01
19354_1_1_1	19354_1_1_1	19354_1_1_1	3000882.0	3000882.0	0.0	moderate	19354_1_1_1	126.0	7.0	0.0	1.12
19362_1_1_1	19362_1_1_1	19362_1_1_1	3000553.0	3000553.0	0.0	moderate	19362_1_1_1	79.0	7.0	0.0	0.26
19366_1_1_1	19366_1_1_1	19366_1_1_1	2000505.0	2000505.0	0.0	tolerant	19366_1_1_1	101.0	5.0	0.0	0.45
19369_1_1_1	19369_1_1_1	19369_1_1_1	4000365.0	4000365.0	0.0	strict	19369_1_1_1	73.0	5.0	0.0	1.45
19369_1_1_1	4581_1_1_1	19369_1_1_1	3000292.0	4000365.0	1000073.0	moderate	4581_1_1_1	73.0	4.0	0.0	0.0
19369_1_1_1	390_1_1_1	19369_1_1_1	3000228.0	4000365.0	1000137.0	moderate	390_1_1_1	76.0	3.0	0.0	0.0
19369_1_1_1	326_1_1_1	19369_1_1_1	3000222.0	4000365.0	1000143.0	moderate	326_1_1_1	74.0	3.0	0.0	0.0
19369_1_1_1	247_1_1_1	19369_1_1_1	3000222.0	4000365.0	1000143.0	moderate	247_1_1_1	74.0	3.0	0.0	0.0
19369_1_1_1	5207_1_1_1	19369_1_1_1	3000222.0	4000365.0	1000143.0	moderate	5207_1_1_1	74.0	3.0	0.0	0.0
19372_1_1_1	19372_1_1_1	19372_1_1_1	2000774.0	2000774.0	0.0	tolerant	19372_1_1_1	129.0	6.0	0.0	0.11
19374_1_1_1	19374_1_1_1	19374_1_1_1	2000084.0	2000084.0	0.0	tolerant	19374_1_1_1	28.0	3.0	0.0	0.0
19379_1_1_1	19379_1_1_1	19379_1_1_1	3000945.0	3000945.0	0.0	moderate	19379_1_1_1	135.0	7.0	0.0	0.24
19379_1_1_1	18096_1_1_1	19379_1_1_1	3000935.1069333516	3000945.0	9.89306664839387	moderate	18096_1_1_1	134.0	7.0	2.8930666485	0.3
19379_1_1_1	18093_1_1_1	19379_1_1_1	3000922.136586919	3000945.0	22.863413081038743	moderate	18093_1_1_1	132.0	7.0	1.863413081	0.26
19380_1_1_1	19380_1_1_1	19380_1_1_1	2000449.9910771868	2000449.9910771868	0.0	tolerant	19380_1_1_1	113.0	4.0	2.0089228133	1.69
19383_1_1_1	19383_1_1_1	19383_1_1_1	3000364.0	3000364.0	0.0	moderate	19383_1_1_1	52.0	7.0	0.0	1.97
19383_1_1_1	19052_1_1_1	19383_1_1_1	3000364.0	3000364.0	0.0	moderate	19052_1_1_1	52.0	7.0	0.0	2.09
19383_1_1_1	17639_1_1_1	19383_1_1_1	2000310.2136830103	3000364.0	1000053.7863169897	tolerant	17639_1_1_1	52.0	6.0	1.7863169897	0.64
19390_1_1_1	19390_1_1_1	19390_1_1_1	3000360.0	3000360.0	0.0	moderate	19390_1_1_1	60.0	6.0	0.0	1.39
19392_1_1_1	19392_1_1_1	19392_1_1_1	4000798.0	4000798.0	0.0	strict	19392_1_1_1	114.0	7.0	0.0	0.7
19396_1_1_1	19396_1_1_1	19396_1_1_1	4000175.0	4000175.0	0.0	strict	19396_1_1_1	25.0	7.0	0.0	0.0
19396_1_1_1	30987_1_1_1	19396_1_1_1	3000078.0	4000175.0	1000097.0	moderate	30987_1_1_1	26.0	3.0	0.0	0.0
19396_1_1_1	30988_1_1_1	19396_1_1_1	1000060.0	4000175.0	3000115.0	unfiltered	30988_1_1_1	20.0	3.0	0.0	0.0
19396_1_1_1	30990_1_1_1	19396_1_1_1	1000054.0	4000175.0	3000121.0	unfiltered	30990_1_1_1	18.0	3.0	0.0	0.0
19407_1_1_1	19407_1_1_1	19407_1_1_1	2000532.0	2000532.0	0.0	tolerant	19407_1_1_1	133.0	4.0	0.0	1.92
19416_1_1_1	19416_1_1_1	19416_1_1_1	2000264.0	2000264.0	0.0	tolerant	19416_1_1_1	44.0	6.0	0.0	1.38
19419_1_1_1	19419_1_1_1	19419_1_1_1	4000840.0	4000840.0	0.0	strict	19419_1_1_1	120.0	7.0	0.0	0.4
19426_1_1_1	19426_1_1_1	19426_1_1_1	2000302.8776343083	2000302.8776343083	0.0	tolerant	19426_1_1_1	61.0	5.0	2.1223656917	0.86
19428_1_1_1	19428_1_1_1	19428_1_1_1	3000469.0	3000469.0	0.0	moderate	19428_1_1_1	67.0	7.0	0.0	1.65
19430_1_1_1	19430_1_1_1	19430_1_1_1	1000008.0	1000008.0	0.0	unfiltered	19430_1_1_1	8.0	1.0	0.0	0.0
19436_1_1_1	19436_1_1_1	19436_1_1_1	2000483.7835655771	2000483.7835655771	0.0	tolerant	19436_1_1_1	81.0	6.0	2.2164344229	0.54
19438_1_1_1	19438_1_1_1	19438_1_1_1	3000873.4633618644	3000873.4633618644	0.0	moderate	19438_1_1_1	146.0	6.0	2.5366381354	1.01
19443_1_1_1	19443_1_1_1	19443_1_1_1	3000595.0	3000595.0	0.0	moderate	19443_1_1_1	119.0	5.0	0.0	1.42
19444_1_1_1	19444_1_1_1	19444_1_1_1	3000336.0	3000336.0	0.0	moderate	19444_1_1_1	56.0	6.0	0.0	0.3
19444_1_1_1	19439_1_1_1	19444_1_1_1	3000336.0	3000336.0	0.0	moderate	19439_1_1_1	56.0	6.0	0.0	0.14
19446_1_1_1	19446_1_1_1	19446_1_1_1	2000868.3384065956	2000868.3384065956	0.0	tolerant	19446_1_1_1	174.0	5.0	1.6615934043	1.69
19450_1_1_1	19450_1_1_1	19450_1_1_1	3000210.0	3000210.0	0.0	moderate	19450_1_1_1	35.0	6.0	0.0	0.27
19451_1_1_1	19451_1_1_1	19451_1_1_1	3000249.8041022075	3000249.8041022075	0.0	moderate	19451_1_1_1	63.0	4.0	2.1958977925	0.96
19452_1_1_1	19452_1_1_1	19452_1_1_1	2000597.5603388392	2000597.5603388392	0.0	tolerant	19452_1_1_1	100.0	6.0	2.4396611605	0.91
19459_1_1_1	19459_1_1_1	19459_1_1_1	3000847.0	3000847.0	0.0	moderate	19459_1_1_1	121.0	7.0	0.0	1.93
19460_1_1_1	19460_1_1_1	19460_1_1_1	3000343.0	3000343.0	0.0	moderate	19460_1_1_1	49.0	7.0	0.0	0.47
19461_1_1_1	19461_1_1_1	19461_1_1_1	4000644.0	4000644.0	0.0	strict	19461_1_1_1	92.0	7.0	0.0	1.07
19461_1_1_1	19463_1_1_1	19461_1_1_1	4000644.0	4000644.0	0.0	strict	19463_1_1_1	92.0	7.0	0.0	0.94
19464_1_1_1	19464_1_1_1	19464_1_1_1	3000378.0	3000378.0	0.0	moderate	19464_1_1_1	54.0	7.0	0.0	1.48
19466_1_1_1	19466_1_1_1	19466_1_1_1	3000756.0	3000756.0	0.0	moderate	19466_1_1_1	108.0	7.0	0.0	0.31
19466_1_1_1	19418_1_1_1	19466_1_1_1	3000550.0	3000756.0	206.0	moderate	19418_1_1_1	110.0	5.0	0.0	0.0
19477_1_1_1	19477_1_1_1	19477_1_1_1	2000473.3238277724	2000473.3238277724	0.0	tolerant	19477_1_1_1	237.0	2.0	0.6761722277	0.0
19479_1_1_1	19479_1_1_1	19479_1_1_1	3000510.0	3000510.0	0.0	moderate	19479_1_1_1	85.0	6.0	0.0	0.34
19483_1_1_1	19487_1_1_1	19487_1_1_1	3000336.0	3000336.0	0.0	moderate	19487_1_1_1	48.0	7.0	0.0	0.46
19483_1_1_1	19488_1_1_1	19487_1_1_1	3000315.0	3000336.0	21.0	moderate	19488_1_1_1	45.0	7.0	0.0	0.65
19483_1_1_1	19483_1_1_1	19487_1_1_1	3000308.0	3000336.0	28.0	moderate	19483_1_1_1	44.0	7.0	0.0	0.52
19484_1_1_1	19484_1_1_1	19484_1_1_1	3000162.0	3000162.0	0.0	moderate	19484_1_1_1	54.0	3.0	0.0	0.0
19489_1_1_1	19489_1_1_1	19489_1_1_1	2000587.1100827688	2000587.1100827688	0.0	tolerant	19489_1_1_1	118.0	5.0	2.8899172312	0.41
19490_1_1_1	19490_1_1_1	19490_1_1_1	4000990.0	4000990.0	0.0	strict	19490_1_1_1	198.0	5.0	0.0	1.58
19491_1_1_1	19491_1_1_1	19491_1_1_1	2001232.1834746464	2001232.1834746464	0.0	tolerant	19491_1_1_1	247.0	5.0	2.8165253533	1.07
19494_1_1_1	19499_1_1_1	19499_1_1_1	3000682.592131797	3000682.592131797	0.0	moderate	19499_1_1_1	114.0	6.0	1.4078682028	0.21
19494_1_1_1	19500_1_1_1	19499_1_1_1	3000627.973756701	3000682.592131797	54.618375096004456	moderate	19500_1_1_1	105.0	6.0	2.0262432988	0.27
19494_1_1_1	19494_1_1_1	19499_1_1_1	3000621.6323642666	3000682.592131797	60.95976753067225	moderate	19494_1_1_1	104.0	6.0	2.3676357336	0.6
19495_1_1_1	19495_1_1_1	19495_1_1_1	3000950.0	3000950.0	0.0	moderate	19495_1_1_1	190.0	5.0	0.0	1.31
19496_1_1_1	19496_1_1_1	19496_1_1_1	3001430.0	3001430.0	0.0	moderate	19496_1_1_1	286.0	5.0	0.0	1.38
19497_1_1_1	19497_1_1_1	19497_1_1_1	3000728.0	3000728.0	0.0	moderate	19497_1_1_1	104.0	7.0	0.0	0.92
19498_1_1_1	19498_1_1_1	19498_1_1_1	2000468.0	2000468.0	0.0	tolerant	19498_1_1_1	78.0	6.0	0.0	0.63
19502_1_1_1	19502_1_1_1	19502_1_1_1	3000522.0	3000522.0	0.0	moderate	19502_1_1_1	87.0	6.0	0.0	0.65
19503_1_1_1	19503_1_1_1	19503_1_1_1	3000081.0	3000081.0	0.0	moderate	19503_1_1_1	27.0	3.0	0.0	0.0
19504_1_1_1	19504_1_1_1	19504_1_1_1	3000108.0	3000108.0	0.0	moderate	19504_1_1_1	36.0	3.0	0.0	0.0
19505_1_1_1	19505_1_1_1	19505_1_1_1	3000075.0	3000075.0	0.0	moderate	19505_1_1_1	25.0	3.0	0.0	0.0
19517_2_1_1	19517_2_1_1	19517_2_1_1	3000170.0	3000170.0	0.0	moderate	19517_2_1_1	34.0	5.0	0.0	0.56
19523_1_1_1	19523_1_1_1	19523_1_1_1	3000721.0	3000721.0	0.0	moderate	19523_1_1_1	103.0	7.0	0.0	0.91
19525_1_1_1	19525_1_1_1	19525_1_1_1	4000588.0	4000588.0	0.0	strict	19525_1_1_1	84.0	7.0	0.0	0.98
19525_1_1_1	52245_1_1_1	19525_1_1_1	3000443.579623396	4000588.0	1000144.420376604	moderate	52245_1_1_1	89.0	5.0	1.4203766041	2.83
19525_1_1_1	18776_1_1_1	19525_1_1_1	2000450.0	4000588.0	2000138.0	tolerant	18776_1_1_1	90.0	5.0	0.0	0.86
19526_1_1_1	19526_1_1_1	19526_1_1_1	4000812.0	4000812.0	0.0	strict	19526_1_1_1	116.0	7.0	0.0	0.17
19530_1_1_1	19530_1_1_1	19530_1_1_1	4000714.0	4000714.0	0.0	strict	19530_1_1_1	119.0	6.0	0.0	2.72
19533_1_1_1	19533_1_1_1	19533_1_1_1	3000525.0	3000525.0	0.0	moderate	19533_1_1_1	75.0	7.0	0.0	0.91
19535_1_1_1	19535_1_1_1	19535_1_1_1	2000315.0	2000315.0	0.0	tolerant	19535_1_1_1	45.0	7.0	0.0	1.33
19536_1_1_1	19536_1_1_1	19536_1_1_1	4000581.0	4000581.0	0.0	strict	19536_1_1_1	83.0	7.0	0.0	0.61
19536_1_1_1	19539_1_1_1	19536_1_1_1	2000516.0	4000581.0	2000065.0	tolerant	19539_1_1_1	86.0	6.0	0.0	0.18
19550_1_1_1	19550_1_1_1	19550_1_1_1	2000462.4735745273	2000462.4735745273	0.0	tolerant	19550_1_1_1	93.0	5.0	2.5264254726	0.82
19553_1_1_1	19553_1_1_1	19553_1_1_1	3000469.0	3000469.0	0.0	moderate	19553_1_1_1	67.0	7.0	0.0	2.67
19554_1_1_1	19554_1_1_1	19554_1_1_1	2000857.2617490496	2000857.2617490496	0.0	tolerant	19554_1_1_1	172.0	5.0	2.7382509505	0.82
19558_1_1_1	19558_1_1_1	19558_1_1_1	4001270.0	4001270.0	0.0	strict	19558_1_1_1	254.0	5.0	0.0	1.65
19561_1_1_1	19561_1_1_1	19561_1_1_1	3000722.051147059	3000722.051147059	0.0	moderate	19561_1_1_1	145.0	5.0	2.9488529409	1.05
19568_1_1_1	19568_1_1_1	19568_1_1_1	4000350.0	4000350.0	0.0	strict	19568_1_1_1	50.0	7.0	0.0	0.24
19569_1_1_1	19569_1_1_1	19569_1_1_1	3000721.0	3000721.0	0.0	moderate	19569_1_1_1	103.0	7.0	0.0	0.66
19570_1_1_1	19570_1_1_1	19570_1_1_1	2000165.0	2000165.0	0.0	tolerant	19570_1_1_1	33.0	5.0	0.0	0.0
19576_1_1_1	19576_1_1_1	19576_1_1_1	3000495.0	3000495.0	0.0	moderate	19576_1_1_1	99.0	5.0	0.0	0.57
19576_1_1_1	19508_1_1_1	19576_1_1_1	2000633.630677656	3000495.0	999861.369322344	tolerant	19508_1_1_1	106.0	6.0	2.3693223443	1.09
19576_1_1_1	16082_1_1_1	19576_1_1_1	2000633.022163933	3000495.0	999861.9778360671	tolerant	16082_1_1_1	106.0	6.0	2.9778360673	0.75
19579_1_1_1	19579_1_1_1	19579_1_1_1	3000844.009635713	3000844.009635713	0.0	moderate	19579_1_1_1	121.0	7.0	2.9903642869	0.3
19581_1_1_1	19581_1_1_1	19581_1_1_1	4000125.0	4000125.0	0.0	strict	19581_1_1_1	25.0	5.0	0.0	0.63
19584_1_1_1	19584_1_1_1	19584_1_1_1	4000475.0	4000475.0	0.0	strict	19584_1_1_1	95.0	5.0	0.0	0.31
19584_1_1_1	50897_1_1_1	19584_1_1_1	2000537.1223506797	4000475.0	1999937.8776493203	tolerant	50897_1_1_1	108.0	5.0	2.8776493203	1.55
19584_1_1_1	50898_1_1_1	19584_1_1_1	2000533.0096673272	4000475.0	1999941.9903326728	tolerant	50898_1_1_1	107.0	5.0	1.9903326727	1.15
19596_1_1_1	19596_1_1_1	19596_1_1_1	3000471.334421349	3000471.334421349	0.0	moderate	19596_1_1_1	79.0	6.0	2.6655786506	2.96
19598_1_1_1	19598_1_1_1	19598_1_1_1	2001233.7532022176	2001233.7532022176	0.0	tolerant	19598_1_1_1	206.0	6.0	2.2467977827	1.33
19599_1_1_1	19599_1_1_1	19599_1_1_1	2000504.0	2000504.0	0.0	tolerant	19599_1_1_1	126.0	4.0	0.0	1.42
19605_1_1_1	19605_1_1_1	19605_1_1_1	3000441.0	3000441.0	0.0	moderate	19605_1_1_1	63.0	7.0	0.0	3.72
19606_1_1_1	19606_1_1_1	19606_1_1_1	3000300.0	3000300.0	0.0	moderate	19606_1_1_1	50.0	6.0	0.0	1.27
19607_1_1_1	19607_1_1_1	19607_1_1_1	2000638.0746791775	2000638.0746791775	0.0	tolerant	19607_1_1_1	128.0	5.0	1.9253208222	1.58
19611_1_1_1	50464_1_1_1	50464_1_1_1	3000162.0	3000162.0	0.0	moderate	50464_1_1_1	27.0	6.0	0.0	0.0
19611_1_1_1	19611_1_1_1	50464_1_1_1	3000155.0	3000162.0	7.0	moderate	19611_1_1_1	31.0	5.0	0.0	0.0
19611_1_1_1	16074_1_1_1	50464_1_1_1	3000081.0	3000162.0	81.0	moderate	16074_1_1_1	27.0	3.0	0.0	0.0
19611_1_1_1	16235_1_1_1	50464_1_1_1	3000081.0	3000162.0	81.0	moderate	16235_1_1_1	27.0	3.0	0.0	0.0
19611_1_1_1	18506_1_1_1	50464_1_1_1	3000081.0	3000162.0	81.0	moderate	18506_1_1_1	27.0	3.0	0.0	0.0
19611_1_1_1	6627_2_1_1	50464_1_1_1	2000135.0	3000162.0	1000027.0	tolerant	6627_2_1_1	27.0	5.0	0.0	0.0
19611_1_1_1	5609_1_1_1	50464_1_1_1	2000081.0	3000162.0	1000081.0	tolerant	5609_1_1_1	27.0	3.0	0.0	0.0
19613_1_1_1	19613_1_1_1	19613_1_1_1	2000462.0	2000462.0	0.0	tolerant	19613_1_1_1	77.0	6.0	0.0	0.43
19614_1_2_1	19614_1_2_1	19614_1_2_1	3000473.699090529	3000473.699090529	0.0	moderate	19614_1_2_1	68.0	7.0	2.3009094714	1.24
19615_1_1_1	19615_1_1_1	19615_1_1_1	4001488.0	4001488.0	0.0	strict	19615_1_1_1	248.0	6.0	0.0	0.33
19615_1_1_1	19743_1_1_1	19615_1_1_1	4001250.0	4001488.0	238.0	strict	19743_1_1_1	250.0	5.0	0.0	0.48
19615_1_1_1	6074_1_1_1	19615_1_1_1	3001285.0	4001488.0	1000203.0	moderate	6074_1_1_1	257.0	5.0	0.0	0.71
19618_1_1_1	19618_1_1_1	19618_1_1_1	3000728.0	3000728.0	0.0	moderate	19618_1_1_1	104.0	7.0	0.0	0.37
19619_1_1_1	19619_1_1_1	19619_1_1_1	1000065.0	1000065.0	0.0	unfiltered	19619_1_1_1	13.0	5.0	0.0	0.0
19621_1_1_1	19621_1_1_1	19621_1_1_1	4000938.0	4000938.0	0.0	strict	19621_1_1_1	134.0	7.0	0.0	0.31
19624_1_1_1	19624_1_1_1	19624_1_1_1	4000604.0	4000604.0	0.0	strict	19624_1_1_1	151.0	4.0	0.0	0.0
19624_1_1_1	4879_1_1_1	19624_1_1_1	3001015.0	4000604.0	999589.0	moderate	4879_1_1_1	145.0	7.0	0.0	1.29
19625_1_1_1	19625_1_1_1	19625_1_1_1	4000826.0	4000826.0	0.0	strict	19625_1_1_1	118.0	7.0	0.0	0.99
19628_1_1_1	19628_1_1_1	19628_1_1_1	4000504.0	4000504.0	0.0	strict	19628_1_1_1	72.0	7.0	0.0	0.37
19632_1_1_1	19632_1_1_1	19632_1_1_1	4000426.0	4000426.0	0.0	strict	19632_1_1_1	71.0	6.0	0.0	0.75
19635_1_1_1	19635_1_1_1	19635_1_1_1	4000602.0	4000602.0	0.0	strict	19635_1_1_1	86.0	7.0	0.0	0.15
19637_1_1_1	19637_1_1_1	19637_1_1_1	4000865.0	4000865.0	0.0	strict	19637_1_1_1	173.0	5.0	0.0	1.11
19642_1_1_1	19642_1_1_1	19642_1_1_1	3000651.0	3000651.0	0.0	moderate	19642_1_1_1	93.0	7.0	0.0	0.9
19646_1_1_1	19646_1_1_1	19646_1_1_1	3000558.0	3000558.0	0.0	moderate	19646_1_1_1	93.0	6.0	0.0	0.32
19654_1_1_1	19654_1_1_1	19654_1_1_1	2000954.0	2000954.0	0.0	tolerant	19654_1_1_1	159.0	6.0	0.0	0.44
19660_1_1_1	19660_1_1_1	19660_1_1_1	4000385.0	4000385.0	0.0	strict	19660_1_1_1	55.0	7.0	0.0	0.43
19666_1_1_1	19666_1_1_1	19666_1_1_1	3000385.0	3000385.0	0.0	moderate	19666_1_1_1	55.0	7.0	0.0	0.88
19667_1_1_1	19667_1_1_1	19667_1_1_1	3000420.0	3000420.0	0.0	moderate	19667_1_1_1	60.0	7.0	0.0	0.67
19667_1_1_1	51433_1_1_1	19667_1_1_1	3000300.0	3000420.0	120.0	moderate	51433_1_1_1	60.0	5.0	0.0	1.64
19673_1_1_1	19673_1_1_1	19673_1_1_1	3000273.0	3000273.0	0.0	moderate	19673_1_1_1	39.0	7.0	0.0	0.4
19673_1_1_1	19741_1_1_1	19673_1_1_1	2000195.0	3000273.0	1000078.0	tolerant	19741_1_1_1	39.0	5.0	0.0	0.43
19680_1_1_1	19680_1_1_1	19680_1_1_1	2000472.8206410056	2000472.8206410056	0.0	tolerant	19680_1_1_1	95.0	5.0	2.1793589945	0.7
19681_1_1_1	19681_1_1_1	19681_1_1_1	3001243.00954661	3001243.00954661	0.0	moderate	19681_1_1_1	178.0	7.0	2.99045339	1.33
19687_1_1_1	19687_1_1_1	19687_1_1_1	4000888.0	4000888.0	0.0	strict	19687_1_1_1	148.0	6.0	0.0	0.4
19689_1_1_1	19689_1_1_1	19689_1_1_1	2001179.610462631	2001179.610462631	0.0	tolerant	19689_1_1_1	197.0	6.0	2.3895373686	1.1
1968_1_1_1	1968_1_1_1	1968_1_1_1	2000072.0	2000072.0	0.0	tolerant	1968_1_1_1	36.0	2.0	0.0	0.0
19693_1_2_1	19693_1_2_1	19693_1_2_1	3000203.0	3000203.0	0.0	moderate	19693_1_2_1	29.0	7.0	0.0	0.0
19693_1_2_1	15751_1_1_1	19693_1_2_1	2000087.0	3000203.0	1000116.0	tolerant	15751_1_1_1	29.0	3.0	0.0	0.0
19702_1_1_1	19702_1_1_1	19702_1_1_1	1000096.956150684	1000096.956150684	0.0	unfiltered	19702_1_1_1	34.0	3.0	5.043849316	0.0
19703_1_1_1	19703_1_1_1	19703_1_1_1	2000488.392964518	2000488.392964518	0.0	tolerant	19703_1_1_1	98.0	5.0	1.6070354821	1.5
19707_1_1_1	19707_1_1_1	19707_1_1_1	3000613.5379340714	3000613.5379340714	0.0	moderate	19707_1_1_1	88.0	7.0	2.4620659284	0.81
19709_1_1_1	19709_1_1_1	19709_1_1_1	2000783.5882235996	2000783.5882235996	0.0	tolerant	19709_1_1_1	131.0	6.0	2.4117764003	1.26
19710_1_1_1	19710_1_1_1	19710_1_1_1	4000420.0	4000420.0	0.0	strict	19710_1_1_1	60.0	7.0	0.0	0.72
19713_1_1_1	17720_1_1_1	17720_1_1_1	4000427.0	4000427.0	0.0	strict	17720_1_1_1	61.0	7.0	0.0	0.59
19713_1_1_1	19713_1_1_1	17720_1_1_1	4000366.0	4000427.0	61.0	strict	19713_1_1_1	61.0	6.0	0.0	1.08
19715_1_1_1	19715_1_1_1	19715_1_1_1	3000924.0	3000924.0	0.0	moderate	19715_1_1_1	132.0	7.0	0.0	1.22
19719_1_1_1	19719_1_1_1	19719_1_1_1	4001064.0	4001064.0	0.0	strict	19719_1_1_1	152.0	7.0	0.0	0.73
19732_1_1_1	19732_1_1_1	19732_1_1_1	4000658.0	4000658.0	0.0	strict	19732_1_1_1	94.0	7.0	0.0	0.21
19735_1_1_1	19735_1_1_1	19735_1_1_1	3001278.2368322704	3001278.2368322704	0.0	moderate	19735_1_1_1	183.0	7.0	2.7631677297	0.53
19736_1_1_1	19736_1_1_1	19736_1_1_1	2000837.813287696	2000837.813287696	0.0	tolerant	19736_1_1_1	140.0	6.0	2.1867123041	0.33
19746_1_1_1	19746_1_1_1	19746_1_1_1	3000150.0	3000150.0	0.0	moderate	19746_1_1_1	50.0	3.0	0.0	0.0
19746_1_1_1	19542_1_1_1	19746_1_1_1	2000330.0	3000150.0	999820.0	tolerant	19542_1_1_1	55.0	6.0	0.0	1.21
19749_1_1_1	19749_1_1_1	19749_1_1_1	3000693.0	3000693.0	0.0	moderate	19749_1_1_1	99.0	7.0	0.0	0.33
19751_1_1_1	19751_1_1_1	19751_1_1_1	2000765.0544710124	2000765.0544710124	0.0	tolerant	19751_1_1_1	128.0	6.0	2.9455289875	1.54
19753_1_1_1	19753_1_1_1	19753_1_1_1	4001428.0	4001428.0	0.0	strict	19753_1_1_1	204.0	7.0	0.0	0.56
19755_1_1_1	19755_1_1_1	19755_1_1_1	2000525.146143199	2000525.146143199	0.0	tolerant	19755_1_1_1	88.0	6.0	2.8538568011	1.1
19757_1_1_1	19758_1_1_1	19758_1_1_1	4000875.0	4000875.0	0.0	strict	19758_1_1_1	125.0	7.0	0.0	0.39
19757_1_1_1	19757_1_1_1	19758_1_1_1	4000826.0	4000875.0	49.0	strict	19757_1_1_1	118.0	7.0	0.0	0.63
19764_1_1_1	19764_1_1_1	19764_1_1_1	3000224.0	3000224.0	0.0	moderate	19764_1_1_1	32.0	7.0	0.0	0.42
19765_1_1_1	19765_1_1_1	19765_1_1_1	3000069.0	3000069.0	0.0	moderate	19765_1_1_1	23.0	3.0	0.0	0.0
19768_1_1_1	19768_1_1_1	19768_1_1_1	2001246.0349443776	2001246.0349443776	0.0	tolerant	19768_1_1_1	208.0	6.0	1.9650556222	0.69
19770_1_1_1	19770_1_1_1	19770_1_1_1	3001078.0	3001078.0	0.0	moderate	19770_1_1_1	154.0	7.0	0.0	0.56
19770_1_1_1	4101_1_1_1	19770_1_1_1	2000624.7407513903	3001078.0	1000453.2592486097	tolerant	4101_1_1_1	209.0	3.0	2.2592486097	0.17
19773_1_1_1	19773_1_1_1	19773_1_1_1	2000225.0233010035	2000225.0233010035	0.0	tolerant	19773_1_1_1	57.0	4.0	2.9766989964	1.14
19773_1_1_1	19774_1_1_1	19773_1_1_1	2000222.4569916783	2000225.0233010035	2.566309325164184	tolerant	19774_1_1_1	56.0	4.0	1.5430083214	1.34
19775_1_1_1	19775_1_1_1	19775_1_1_1	4001254.0	4001254.0	0.0	strict	19775_1_1_1	209.0	6.0	0.0	3.07
19777_1_1_1	19777_1_1_1	19777_1_1_1	4001074.0	4001074.0	0.0	strict	19777_1_1_1	179.0	6.0	0.0	3.02
19779_1_2_1	19779_1_2_1	19779_1_2_1	3000476.0	3000476.0	0.0	moderate	19779_1_2_1	68.0	7.0	0.0	0.62
19779_1_2_1	27276_1_1_1	19779_1_2_1	3000417.9494423303	3000476.0	58.05055766971782	moderate	27276_1_1_1	84.0	5.0	2.0505576697	0.75
19782_1_1_1	19782_1_1_1	19782_1_1_1	2000837.8185528056	2000837.8185528056	0.0	tolerant	19782_1_1_1	140.0	6.0	2.1814471945	0.69
19783_1_1_1	19783_1_1_1	19783_1_1_1	3000693.0	3000693.0	0.0	moderate	19783_1_1_1	99.0	7.0	0.0	2.48
19797_1_1_1	19797_1_1_1	19797_1_1_1	2000308.4995493912	2000308.4995493912	0.0	tolerant	19797_1_1_1	62.0	5.0	1.5004506085	0.35
19799_1_1_1	19799_1_1_1	19799_1_1_1	4000357.0	4000357.0	0.0	strict	19799_1_1_1	51.0	7.0	0.0	0.97
19800_1_1_1	19800_1_1_1	19800_1_1_1	4000392.0	4000392.0	0.0	strict	19800_1_1_1	56.0	7.0	0.0	0.92
19801_1_1_1	17286_1_1_1	17286_1_1_1	4001006.338058739	4001006.338058739	0.0	strict	17286_1_1_1	144.0	7.0	1.6619412612	0.15
19801_1_1_1	19801_1_1_1	17286_1_1_1	4000957.160089705	4001006.338058739	49.17796903382987	strict	19801_1_1_1	137.0	7.0	1.8399102948	0.12
19803_1_1_1	19803_1_1_1	19803_1_1_1	4001568.0	4001568.0	0.0	strict	19803_1_1_1	224.0	7.0	0.0	0.77
19807_1_1_1	19807_1_1_1	19807_1_1_1	4000876.0	4000876.0	0.0	strict	19807_1_1_1	146.0	6.0	0.0	2.46
19807_1_1_1	19806_1_1_1	19807_1_1_1	3000909.2802109	4000876.0	999966.7197890999	moderate	19806_1_1_1	152.0	6.0	2.7197891001	0.26
19808_1_1_1	19808_1_1_1	19808_1_1_1	2000087.0	2000087.0	0.0	tolerant	19808_1_1_1	29.0	3.0	0.0	0.0
19809_1_1_1	19809_1_1_1	19809_1_1_1	2000159.152820071	2000159.152820071	0.0	tolerant	19809_1_1_1	54.0	3.0	2.8471799291	0.0
19811_1_1_1	19811_1_1_1	19811_1_1_1	4000462.0	4000462.0	0.0	strict	19811_1_1_1	77.0	6.0	0.0	0.9
19813_1_1_1	15421_1_1_1	15421_1_1_1	3000144.0	3000144.0	0.0	moderate	15421_1_1_1	36.0	4.0	0.0	0.0
19813_1_1_1	19813_1_1_1	15421_1_1_1	3000105.0	3000144.0	39.0	moderate	19813_1_1_1	35.0	3.0	0.0	0.0
19813_1_1_1	19810_1_1_1	15421_1_1_1	3000105.0	3000144.0	39.0	moderate	19810_1_1_1	35.0	3.0	0.0	0.0
19813_1_1_1	4190_1_1_1	15421_1_1_1	2000105.0	3000144.0	1000039.0	tolerant	4190_1_1_1	35.0	3.0	0.0	0.0
19813_1_1_1	6351_1_1_1	15421_1_1_1	1000128.0	3000144.0	2000016.0	unfiltered	6351_1_1_1	32.0	4.0	0.0	0.0
19814_1_1_1	19814_1_1_1	19814_1_1_1	2000278.339569301	2000278.339569301	0.0	tolerant	19814_1_1_1	56.0	5.0	1.6604306987	1.98
19818_2_1_1	19818_2_1_1	19818_2_1_1	3000894.0	3000894.0	0.0	moderate	19818_2_1_1	149.0	6.0	0.0	1.18
19821_1_1_1	19821_1_1_1	19821_1_1_1	3000375.0	3000375.0	0.0	moderate	19821_1_1_1	75.0	5.0	0.0	0.0
19830_1_1_1	19830_1_1_1	19830_1_1_1	2000412.903012587	2000412.903012587	0.0	tolerant	19830_1_1_1	83.0	5.0	2.0969874129	2.91
19833_1_1_1	19833_1_1_1	19833_1_1_1	3000168.0	3000168.0	0.0	moderate	19833_1_1_1	28.0	6.0	0.0	0.0
19840_1_1_1	19841_1_1_1	19841_1_1_1	4000378.0	4000378.0	0.0	strict	19841_1_1_1	63.0	6.0	0.0	0.39
19840_1_1_1	19840_1_1_1	19841_1_1_1	4000372.0	4000378.0	6.0	strict	19840_1_1_1	62.0	6.0	0.0	0.41
19842_1_1_1	19842_1_1_1	19842_1_1_1	3001337.0	3001337.0	0.0	moderate	19842_1_1_1	191.0	7.0	0.0	0.88
19844_1_1_1	19844_1_1_1	19844_1_1_1	3000436.0	3000436.0	0.0	moderate	19844_1_1_1	109.0	4.0	0.0	0.23
19845_1_1_1	19845_1_1_1	19845_1_1_1	3000392.0	3000392.0	0.0	moderate	19845_1_1_1	56.0	7.0	0.0	3.03
19848_1_1_1	19848_1_1_1	19848_1_1_1	4000775.7969810474	4000775.7969810474	0.0	strict	19848_1_1_1	111.0	7.0	1.2030189524	0.47
19849_1_1_1	19849_1_1_1	19849_1_1_1	2000537.3177977311	2000537.3177977311	0.0	tolerant	19849_1_1_1	90.0	6.0	2.6822022686	0.95
19851_1_1_1	19851_1_1_1	19851_1_1_1	2000517.8381504556	2000517.8381504556	0.0	tolerant	19851_1_1_1	104.0	5.0	2.1618495445	2.65
19859_1_1_1	19859_1_1_1	19859_1_1_1	4000204.0	4000204.0	0.0	strict	19859_1_1_1	34.0	6.0	0.0	0.0
19860_1_1_1	19860_1_1_1	19860_1_1_1	4000523.7052384503	4000523.7052384503	0.0	strict	19860_1_1_1	75.0	7.0	1.2947615498	0.97
19866_1_1_1	19866_1_1_1	19866_1_1_1	3001202.0672926027	3001202.0672926027	0.0	moderate	19866_1_1_1	172.0	7.0	1.9327073971	0.73
19867_2_1_1	19867_2_1_1	19867_2_1_1	1000080.0	1000080.0	0.0	unfiltered	19867_2_1_1	20.0	4.0	0.0	0.0
19869_1_1_1	19869_1_1_1	19869_1_1_1	4000468.0	4000468.0	0.0	strict	19869_1_1_1	78.0	6.0	0.0	0.46
19872_1_1_1	19872_1_1_1	19872_1_1_1	4000714.0	4000714.0	0.0	strict	19872_1_1_1	119.0	6.0	0.0	0.61
19876_1_1_1	19876_1_1_1	19876_1_1_1	3000840.0	3000840.0	0.0	moderate	19876_1_1_1	120.0	7.0	0.0	1.36
19878_1_1_1	19878_1_1_1	19878_1_1_1	2000124.421721702	2000124.421721702	0.0	tolerant	19878_1_1_1	42.0	3.0	1.5782782981	0.0
19879_1_1_1	19879_1_1_1	19879_1_1_1	3000360.0	3000360.0	0.0	moderate	19879_1_1_1	60.0	6.0	0.0	1.73
19880_4_1_1	19880_4_1_1	19880_4_1_1	3000330.0	3000330.0	0.0	moderate	19880_4_1_1	55.0	6.0	0.0	1.01
19881_1_1_1	19714_1_1_1	19714_1_1_1	4000635.2343702377	4000635.2343702377	0.0	strict	19714_1_1_1	91.0	7.0	1.7656297621	1.35
19881_1_1_1	19881_1_1_1	19714_1_1_1	4000628.2561167423	4000635.2343702377	6.97825349541381	strict	19881_1_1_1	90.0	7.0	1.7438832571	1.26
19882_1_1_1	19882_1_1_1	19882_1_1_1	2000095.0	2000095.0	0.0	tolerant	19882_1_1_1	19.0	5.0	0.0	0.0
19891_1_1_1	19977_1_1_1	19977_1_1_1	3001054.620294167	3001054.620294167	0.0	moderate	19977_1_1_1	151.0	7.0	2.3797058327	0.26
19891_1_1_1	19891_1_1_1	19977_1_1_1	3000854.0	3001054.620294167	200.62029416719452	moderate	19891_1_1_1	122.0	7.0	0.0	0.23
19891_1_1_1	25111_1_1_1	19977_1_1_1	2000850.21958085	3001054.620294167	1000204.4007133171	tolerant	25111_1_1_1	142.0	6.0	1.7804191501	0.16
19893_1_1_1	19893_1_1_1	19893_1_1_1	4000581.0	4000581.0	0.0	strict	19893_1_1_1	83.0	7.0	0.0	0.8
19893_1_1_1	12041_1_1_1	19893_1_1_1	4000516.0	4000581.0	65.0	strict	12041_1_1_1	86.0	6.0	0.0	1.65
19901_1_1_1	19901_1_1_1	19901_1_1_1	3000162.0	3000162.0	0.0	moderate	19901_1_1_1	27.0	6.0	0.0	2.9
19902_1_1_1	19902_1_1_1	19902_1_1_1	3000114.0	3000114.0	0.0	moderate	19902_1_1_1	19.0	6.0	0.0	0.0
19907_1_1_1	19907_1_1_1	19907_1_1_1	3000696.0	3000696.0	0.0	moderate	19907_1_1_1	116.0	6.0	0.0	1.29
1991_1_1_1	1991_1_1_1	1991_1_1_1	3000153.0	3000153.0	0.0	moderate	1991_1_1_1	51.0	3.0	0.0	0.0
19922_1_1_1	19922_1_1_1	19922_1_1_1	3000345.0	3000345.0	0.0	moderate	19922_1_1_1	69.0	5.0	0.0	0.91
19922_1_1_1	27549_1_1_1	19922_1_1_1	1000248.9174471464	3000345.0	2000096.0825528535	unfiltered	27549_1_1_1	63.0	4.0	3.0825528536	1.01
19923_1_1_1	19923_1_1_1	19923_1_1_1	2000060.0	2000060.0	0.0	tolerant	19923_1_1_1	20.0	3.0	0.0	0.0
19926_1_1_1	19926_1_1_1	19926_1_1_1	3000470.0	3000470.0	0.0	moderate	19926_1_1_1	94.0	5.0	0.0	0.31
19926_1_1_1	19875_1_1_1	19926_1_1_1	2000490.0	3000470.0	999980.0	tolerant	19875_1_1_1	98.0	5.0	0.0	0.43
19927_1_1_1	25132_1_1_1	25132_1_1_1	4001064.0	4001064.0	0.0	strict	25132_1_1_1	152.0	7.0	0.0	0.23
19927_1_1_1	27158_1_1_1	25132_1_1_1	4001057.0	4001064.0	7.0	strict	27158_1_1_1	151.0	7.0	0.0	0.34
19927_1_1_1	30043_1_1_1	25132_1_1_1	4001057.0	4001064.0	7.0	strict	30043_1_1_1	151.0	7.0	0.0	0.93
19927_1_1_1	19927_1_1_1	25132_1_1_1	4001050.0	4001064.0	14.0	strict	19927_1_1_1	150.0	7.0	0.0	0.93
19928_1_1_1	19928_1_1_1	19928_1_1_1	4001113.0	4001113.0	0.0	strict	19928_1_1_1	159.0	7.0	0.0	1.28
19929_1_1_1	19929_1_1_1	19929_1_1_1	2000144.0	2000144.0	0.0	tolerant	19929_1_1_1	24.0	6.0	0.0	0.14
19929_1_1_1	19911_1_1_1	19929_1_1_1	2000138.0	2000144.0	6.0	tolerant	19911_1_1_1	23.0	6.0	0.0	0.0
19938_1_1_1	19938_1_1_1	19938_1_1_1	2000657.335897436	2000657.335897436	0.0	tolerant	19938_1_1_1	110.0	6.0	2.6641025641	0.79
19942_1_1_1	19942_1_1_1	19942_1_1_1	3000644.0	3000644.0	0.0	moderate	19942_1_1_1	92.0	7.0	0.0	2.2
19942_1_1_1	25032_1_1_1	19942_1_1_1	2000295.4534123056	3000644.0	1000348.5465876944	tolerant	25032_1_1_1	99.0	3.0	1.5465876941	1.98
19948_1_1_1	19948_1_1_1	19948_1_1_1	2000303.5235622516	2000303.5235622516	0.0	tolerant	19948_1_1_1	61.0	5.0	1.4764377485	2.17
19952_1_1_1	19952_1_1_1	19952_1_1_1	4001498.0	4001498.0	0.0	strict	19952_1_1_1	214.0	7.0	0.0	1.38
19955_1_1_1	19955_1_1_1	19955_1_1_1	3000970.335684704	3000970.335684704	0.0	moderate	19955_1_1_1	139.0	7.0	2.664315296	0.72
19966_1_1_1	19966_1_1_1	19966_1_1_1	3000405.0162770837	3000405.0162770837	0.0	moderate	19966_1_1_1	68.0	6.0	2.9837229162	0.5
19967_1_1_1	19967_1_1_1	19967_1_1_1	3000718.381494151	3000718.381494151	0.0	moderate	19967_1_1_1	103.0	7.0	2.6185058491	0.11
1996_1_1_1	1996_1_1_1	1996_1_1_1	2000008.0	2000008.0	0.0	tolerant	1996_1_1_1	4.0	2.0	0.0	0.0
1996_1_1_1	1995_1_1_1	1996_1_1_1	2000008.0	2000008.0	0.0	tolerant	1995_1_1_1	4.0	2.0	0.0	0.0
19970_1_1_1	19970_1_1_1	19970_1_1_1	3000372.0	3000372.0	0.0	moderate	19970_1_1_1	62.0	6.0	0.0	0.46
19971_1_1_1	19971_1_1_1	19971_1_1_1	2000939.2505959345	2000939.2505959345	0.0	tolerant	19971_1_1_1	157.0	6.0	2.7494040655	0.96
19974_1_1_1	19974_1_1_1	19974_1_1_1	4000994.0	4000994.0	0.0	strict	19974_1_1_1	142.0	7.0	0.0	0.46
1997_1_1_1	1997_1_1_1	1997_1_1_1	2000054.0	2000054.0	0.0	tolerant	1997_1_1_1	18.0	3.0	0.0	0.0
19980_1_1_1	19980_1_1_1	19980_1_1_1	1000246.0	1000246.0	0.0	unfiltered	19980_1_1_1	123.0	2.0	0.0	0.0
19982_1_1_1	19982_1_1_1	19982_1_1_1	2000481.271706803	2000481.271706803	0.0	tolerant	19982_1_1_1	121.0	4.0	2.728293197	1.27
19987_1_1_1	19987_1_1_1	19987_1_1_1	3000504.0	3000504.0	0.0	moderate	19987_1_1_1	72.0	7.0	0.0	3.6
19988_1_1_1	19988_1_1_1	19988_1_1_1	4000784.0	4000784.0	0.0	strict	19988_1_1_1	112.0	7.0	0.0	0.53
19993_1_1_1	19993_1_1_1	19993_1_1_1	3000445.439363236	3000445.439363236	0.0	moderate	19993_1_1_1	64.0	7.0	2.5606367641	2.16
19994_1_1_1	19994_1_1_1	19994_1_1_1	4000300.0	4000300.0	0.0	strict	19994_1_1_1	60.0	5.0	0.0	0.0
20026_1_1_1	20026_1_1_1	20026_1_1_1	3000054.0	3000054.0	0.0	moderate	20026_1_1_1	18.0	3.0	0.0	0.0
20051_1_1_1	20051_1_1_1	20051_1_1_1	2000042.0	2000042.0	0.0	tolerant	20051_1_1_1	21.0	2.0	0.0	0.0
20075_1_1_1	20075_1_1_1	20075_1_1_1	3000057.0	3000057.0	0.0	moderate	20075_1_1_1	19.0	3.0	0.0	0.0
20076_1_1_1	20076_1_1_1	20076_1_1_1	3000054.0	3000054.0	0.0	moderate	20076_1_1_1	18.0	3.0	0.0	0.0
20076_1_1_1	50978_1_1_1	20076_1_1_1	2000090.0	3000054.0	999964.0	tolerant	50978_1_1_1	18.0	5.0	0.0	0.0
20076_1_1_1	30453_1_1_1	20076_1_1_1	1000048.0	3000054.0	2000006.0	unfiltered	30453_1_1_1	16.0	3.0	0.0	0.0
20078_1_1_1	20078_1_1_1	20078_1_1_1	3000060.0	3000060.0	0.0	moderate	20078_1_1_1	20.0	3.0	0.0	0.0
20102_1_1_1	20102_1_1_1	20102_1_1_1	3000054.0	3000054.0	0.0	moderate	20102_1_1_1	18.0	3.0	0.0	0.0
20119_1_1_1	20119_1_1_1	20119_1_1_1	3000063.0	3000063.0	0.0	moderate	20119_1_1_1	21.0	3.0	0.0	0.0
2039_1_1_1	2039_1_1_1	2039_1_1_1	3000252.0	3000252.0	0.0	moderate	2039_1_1_1	84.0	3.0	0.0	0.0
2039_1_1_1	51391_1_1_1	2039_1_1_1	1000340.0	3000252.0	1999912.0	unfiltered	51391_1_1_1	85.0	4.0	0.0	1.32
2053_1_1_1	2053_1_1_1	2053_1_1_1	2000012.0	2000012.0	0.0	tolerant	2053_1_1_1	6.0	2.0	0.0	0.0
2059_1_1_1	2059_1_1_1	2059_1_1_1	3000312.0	3000312.0	0.0	moderate	2059_1_1_1	104.0	3.0	0.0	0.0
2065_1_1_1	25830_1_1_1	25830_1_1_1	3000651.0	3000651.0	0.0	moderate	25830_1_1_1	93.0	7.0	0.0	2.74
2065_1_1_1	27637_1_1_1	25830_1_1_1	3000395.0	3000651.0	256.0	moderate	27637_1_1_1	79.0	5.0	0.0	2.78
2065_1_1_1	4917_2_1_1	25830_1_1_1	3000267.0	3000651.0	384.0	moderate	4917_2_1_1	89.0	3.0	0.0	0.0
2065_1_1_1	2065_1_1_1	25830_1_1_1	3000264.0	3000651.0	387.0	moderate	2065_1_1_1	88.0	3.0	0.0	0.0
2068_1_1_1	2068_1_1_1	2068_1_1_1	1000027.0	1000027.0	0.0	unfiltered	2068_1_1_1	9.0	3.0	0.0	0.0
2069_1_1_1	2069_1_1_1	2069_1_1_1	1000018.0	1000018.0	0.0	unfiltered	2069_1_1_1	6.0	3.0	0.0	0.0
2071_1_1_1	2071_1_1_1	2071_1_1_1	1000117.0	1000117.0	0.0	unfiltered	2071_1_1_1	39.0	3.0	0.0	0.0
21010_1_1_1	21010_1_1_1	21010_1_1_1	2000115.0	2000115.0	0.0	tolerant	21010_1_1_1	23.0	5.0	0.0	0.0
21098_1_1_1	21098_1_1_1	21098_1_1_1	3000126.0	3000126.0	0.0	moderate	21098_1_1_1	21.0	6.0	0.0	0.0
21099_1_1_1	21099_1_1_1	21099_1_1_1	3000126.0	3000126.0	0.0	moderate	21099_1_1_1	21.0	6.0	0.0	0.0
21100_1_1_1	21100_1_1_1	21100_1_1_1	3000114.0	3000114.0	0.0	moderate	21100_1_1_1	19.0	6.0	0.0	0.0
2118_1_1_1	2118_1_1_1	2118_1_1_1	2000054.0	2000054.0	0.0	tolerant	2118_1_1_1	18.0	3.0	0.0	0.0
2151_1_1_1	2151_1_1_1	2151_1_1_1	3000249.0	3000249.0	0.0	moderate	2151_1_1_1	83.0	3.0	0.0	0.0
2192_1_1_1	2192_1_1_1	2192_1_1_1	3000129.0	3000129.0	0.0	moderate	2192_1_1_1	43.0	3.0	0.0	0.0
2197_1_1_1	2197_1_1_1	2197_1_1_1	2000052.0	2000052.0	0.0	tolerant	2197_1_1_1	26.0	2.0	0.0	0.0
2206_1_1_1	2206_1_1_1	2206_1_1_1	3000141.0	3000141.0	0.0	moderate	2206_1_1_1	47.0	3.0	0.0	0.0
2217_1_1_1	2217_1_1_1	2217_1_1_1	3000111.0	3000111.0	0.0	moderate	2217_1_1_1	37.0	3.0	0.0	0.0
2223_1_1_1	2223_1_1_1	2223_1_1_1	3000099.0	3000099.0	0.0	moderate	2223_1_1_1	33.0	3.0	0.0	0.0
2223_1_1_1	5379_1_1_1	2223_1_1_1	2000105.0	3000099.0	999994.0	tolerant	5379_1_1_1	35.0	3.0	0.0	0.0
2224_1_1_1	2224_1_1_1	2224_1_1_1	3000258.0	3000258.0	0.0	moderate	2224_1_1_1	86.0	3.0	0.0	0.0
2247_1_1_1	2247_1_1_1	2247_1_1_1	1000034.0	1000034.0	0.0	unfiltered	2247_1_1_1	17.0	2.0	0.0	0.0
2249_1_1_1	2249_1_1_1	2249_1_1_1	3000153.0	3000153.0	0.0	moderate	2249_1_1_1	51.0	3.0	0.0	0.0
2249_1_1_1	5120_1_1_1	2249_1_1_1	2000141.0	3000153.0	1000012.0	tolerant	5120_1_1_1	47.0	3.0	0.0	0.0
2249_1_1_1	94_1_1_1	2249_1_1_1	1000013.0	3000153.0	2000140.0	unfiltered	94_1_1_1	13.0	1.0	0.0	0.0
2249_1_1_1	95_1_1_1	2249_1_1_1	1000013.0	3000153.0	2000140.0	unfiltered	95_1_1_1	13.0	1.0	0.0	0.0
2261_1_1_1	349_1_1_1	349_1_1_1	2000264.0	2000264.0	0.0	tolerant	349_1_1_1	88.0	3.0	0.0	0.0
2261_1_1_1	2261_1_1_1	349_1_1_1	2000090.0	2000264.0	174.0	tolerant	2261_1_1_1	30.0	3.0	0.0	0.0
2265_1_1_1	2265_1_1_1	2265_1_1_1	1000024.0	1000024.0	0.0	unfiltered	2265_1_1_1	8.0	3.0	0.0	0.0
2277_1_1_1	2277_1_1_1	2277_1_1_1	1000016.0	1000016.0	0.0	unfiltered	2277_1_1_1	16.0	1.0	0.0	0.0
2278_1_1_1	2278_1_1_1	2278_1_1_1	3000255.0	3000255.0	0.0	moderate	2278_1_1_1	85.0	3.0	0.0	0.0
2281_1_1_1	2281_1_1_1	2281_1_1_1	3000276.0	3000276.0	0.0	moderate	2281_1_1_1	92.0	3.0	0.0	0.0
2282_1_1_1	2282_1_1_1	2282_1_1_1	2000084.0	2000084.0	0.0	tolerant	2282_1_1_1	28.0	3.0	0.0	0.0
2329_1_1_1	2329_1_1_1	2329_1_1_1	2000069.0	2000069.0	0.0	tolerant	2329_1_1_1	23.0	3.0	0.0	0.0
2329_1_1_1	2328_1_1_1	2329_1_1_1	2000069.0	2000069.0	0.0	tolerant	2328_1_1_1	23.0	3.0	0.0	0.0
2331_1_1_1	2331_1_1_1	2331_1_1_1	1000048.0	1000048.0	0.0	unfiltered	2331_1_1_1	16.0	3.0	0.0	0.0
2371_1_1_1	2371_1_1_1	2371_1_1_1	3000332.0	3000332.0	0.0	moderate	2371_1_1_1	83.0	4.0	0.0	0.0
2384_1_1_1	2384_1_1_1	2384_1_1_1	3000300.0	3000300.0	0.0	moderate	2384_1_1_1	100.0	3.0	0.0	0.0
2395_1_1_1	2395_1_1_1	2395_1_1_1	1000107.684398535	1000107.684398535	0.0	unfiltered	2395_1_1_1	37.0	3.0	3.315601465	0.0
2410_1_1_1	11569_1_1_1	11569_1_1_1	3000875.0	3000875.0	0.0	moderate	11569_1_1_1	125.0	7.0	0.0	0.19
2410_1_1_1	15945_1_1_1	11569_1_1_1	3000657.136036531	3000875.0	217.86396346893162	moderate	15945_1_1_1	110.0	6.0	2.8639634689	0.86
2410_1_1_1	2410_1_1_1	11569_1_1_1	3000455.0	3000875.0	420.0	moderate	2410_1_1_1	91.0	5.0	0.0	2.18
2457_1_1_1	2457_1_1_1	2457_1_1_1	1000030.0	1000030.0	0.0	unfiltered	2457_1_1_1	10.0	3.0	0.0	0.0
248_1_1_1	248_1_1_1	248_1_1_1	3000069.0	3000069.0	0.0	moderate	248_1_1_1	23.0	3.0	0.0	0.0
249_1_1_1	249_1_1_1	249_1_1_1	3000090.0	3000090.0	0.0	moderate	249_1_1_1	30.0	3.0	0.0	0.0
249_1_1_1	1539_1_1_1	249_1_1_1	3000090.0	3000090.0	0.0	moderate	1539_1_1_1	30.0	3.0	0.0	0.0
25001_1_1_1	25001_1_1_1	25001_1_1_1	3001001.0	3001001.0	0.0	moderate	25001_1_1_1	143.0	7.0	0.0	1.45
25001_1_1_1	16748_1_1_1	25001_1_1_1	3001001.0	3001001.0	0.0	moderate	16748_1_1_1	143.0	7.0	0.0	2.21
25002_1_1_1	25002_1_1_1	25002_1_1_1	3000585.7932943534	3000585.7932943534	0.0	moderate	25002_1_1_1	84.0	7.0	2.2067056464	1.08
25004_1_1_1	25004_1_1_1	25004_1_1_1	1000046.5151950164	1000046.5151950164	0.0	unfiltered	25004_1_1_1	20.0	3.0	13.4848049837	0.0
25010_1_1_1	25007_1_1_1	25007_1_1_1	4000644.0	4000644.0	0.0	strict	25007_1_1_1	92.0	7.0	0.0	1.16
25010_1_1_1	25010_1_1_1	25007_1_1_1	4000552.0	4000644.0	92.0	strict	25010_1_1_1	92.0	6.0	0.0	1.09
25018_1_1_1	25018_1_1_1	25018_1_1_1	3000728.0	3000728.0	0.0	moderate	25018_1_1_1	104.0	7.0	0.0	1.42
25020_1_1_1	18092_1_1_1	18092_1_1_1	4001015.0	4001015.0	0.0	strict	18092_1_1_1	145.0	7.0	0.0	1.07
25020_1_1_1	17822_1_1_1	18092_1_1_1	4000852.0	4001015.0	163.0	strict	17822_1_1_1	142.0	6.0	0.0	1.58
25020_1_1_1	25020_1_1_1	18092_1_1_1	4000834.0	4001015.0	181.0	strict	25020_1_1_1	139.0	6.0	0.0	1.81
25020_1_1_1	25016_1_1_1	18092_1_1_1	4000834.0	4001015.0	181.0	strict	25016_1_1_1	139.0	6.0	0.0	1.95
25020_1_1_1	6116_1_1_1	18092_1_1_1	2000276.0	4001015.0	2000739.0	tolerant	6116_1_1_1	138.0	2.0	0.0	1.29
25021_1_1_1	25021_1_1_1	25021_1_1_1	4000830.0	4000830.0	0.0	strict	25021_1_1_1	166.0	5.0	0.0	0.65
25023_1_1_1	25023_1_1_1	25023_1_1_1	3000292.0	3000292.0	0.0	moderate	25023_1_1_1	73.0	4.0	0.0	0.0
25024_1_1_1	25024_1_1_1	25024_1_1_1	4000702.0	4000702.0	0.0	strict	25024_1_1_1	117.0	6.0	0.0	0.0
25025_1_1_1	25025_1_1_1	25025_1_1_1	3000820.0	3000820.0	0.0	moderate	25025_1_1_1	164.0	5.0	0.0	0.39
25026_1_1_1	25026_1_1_1	25026_1_1_1	4000900.0	4000900.0	0.0	strict	25026_1_1_1	150.0	6.0	0.0	2.39
25029_1_1_1	25029_1_1_1	25029_1_1_1	3000825.0	3000825.0	0.0	moderate	25029_1_1_1	165.0	5.0	0.0	0.56
25030_1_1_1	25030_1_1_1	25030_1_1_1	2000252.0	2000252.0	0.0	tolerant	25030_1_1_1	126.0	2.0	0.0	0.0
25036_1_1_1	25036_1_1_1	25036_1_1_1	4000340.0	4000340.0	0.0	strict	25036_1_1_1	85.0	4.0	0.0	0.0
25037_1_1_1	25037_1_1_1	25037_1_1_1	4000378.0	4000378.0	0.0	strict	25037_1_1_1	63.0	6.0	0.0	0.65
25038_1_1_1	25038_1_1_1	25038_1_1_1	3000615.409689905	3000615.409689905	0.0	moderate	25038_1_1_1	103.0	6.0	2.590310095	0.81
25038_1_1_1	15820_1_1_1	25038_1_1_1	2000404.0	3000615.409689905	1000211.4096899051	tolerant	15820_1_1_1	101.0	4.0	0.0	3.09
25039_1_1_1	25039_1_1_1	25039_1_1_1	2000580.0	2000580.0	0.0	tolerant	25039_1_1_1	116.0	5.0	0.0	0.97
25040_1_1_1	25040_1_1_1	25040_1_1_1	4001266.0	4001266.0	0.0	strict	25040_1_1_1	211.0	6.0	0.0	2.56
25044_1_1_1	18767_1_1_1	18767_1_1_1	2000358.07581621	2000358.07581621	0.0	tolerant	18767_1_1_1	72.0	5.0	1.9241837901	1.54
25044_1_1_1	25044_1_1_1	18767_1_1_1	2000352.864379084	2000358.07581621	5.211437125923112	tolerant	25044_1_1_1	71.0	5.0	2.1356209158	1.54
25046_1_1_1	25046_1_1_1	25046_1_1_1	2000168.0	2000168.0	0.0	tolerant	25046_1_1_1	84.0	2.0	0.0	0.0
25050_1_1_1	25050_1_1_1	25050_1_1_1	3000165.0	3000165.0	0.0	moderate	25050_1_1_1	33.0	5.0	0.0	0.0
25059_1_1_1	25059_1_1_1	25059_1_1_1	4000490.0	4000490.0	0.0	strict	25059_1_1_1	70.0	7.0	0.0	1.18
25064_2_1_1	25064_2_1_1	25064_2_1_1	4000375.0	4000375.0	0.0	strict	25064_2_1_1	75.0	5.0	0.0	0.2
25067_1_1_1	25067_1_1_1	25067_1_1_1	3000763.0	3000763.0	0.0	moderate	25067_1_1_1	109.0	7.0	0.0	1.52
25077_1_1_1	25077_1_1_1	25077_1_1_1	4000658.6102739633	4000658.6102739633	0.0	strict	25077_1_1_1	132.0	5.0	1.3897260366	0.93
25079_1_1_1	25396_1_1_1	25396_1_1_1	4000322.0	4000322.0	0.0	strict	25396_1_1_1	46.0	7.0	0.0	0.34
25079_1_1_1	25079_1_1_1	25396_1_1_1	4000276.0	4000322.0	46.0	strict	25079_1_1_1	46.0	6.0	0.0	0.37
25083_1_1_1	25083_1_1_1	25083_1_1_1	3000490.0	3000490.0	0.0	moderate	25083_1_1_1	70.0	7.0	0.0	1.06
25084_1_1_1	25084_1_1_1	25084_1_1_1	3000302.0687136115	3000302.0687136115	0.0	moderate	25084_1_1_1	61.0	5.0	2.9312863886	1.15
25086_1_1_1	25086_1_1_1	25086_1_1_1	2000305.0	2000305.0	0.0	tolerant	25086_1_1_1	61.0	5.0	0.0	1.51
25087_1_1_1	34029_1_1_1	34029_1_1_1	3000858.3601892707	3000858.3601892707	0.0	moderate	34029_1_1_1	123.0	7.0	2.6398107291	0.39
25087_1_1_1	25087_1_1_1	34029_1_1_1	3000840.0	3000858.3601892707	18.36018927069381	moderate	25087_1_1_1	120.0	7.0	0.0	0.39
25087_1_1_1	25411_1_1_1	34029_1_1_1	3000729.6888153395	3000858.3601892707	128.6713739312254	moderate	25411_1_1_1	122.0	6.0	2.3111846605	0.4
25088_1_1_1	25803_1_1_1	25803_1_1_1	4000588.0	4000588.0	0.0	strict	25803_1_1_1	84.0	7.0	0.0	2.97
25088_1_1_1	25088_1_1_1	25803_1_1_1	4000539.0	4000588.0	49.0	strict	25088_1_1_1	77.0	7.0	0.0	2.39
25096_1_1_1	25096_1_1_1	25096_1_1_1	3000114.0	3000114.0	0.0	moderate	25096_1_1_1	38.0	3.0	0.0	0.0
25108_1_1_1	25108_1_1_1	25108_1_1_1	2000425.9376993903	2000425.9376993903	0.0	tolerant	25108_1_1_1	107.0	4.0	2.0623006095	1.78
25109_1_1_1	25109_1_1_1	25109_1_1_1	2000700.0	2000700.0	0.0	tolerant	25109_1_1_1	100.0	7.0	0.0	0.48
25113_1_1_1	25113_1_1_1	25113_1_1_1	4002142.0	4002142.0	0.0	strict	25113_1_1_1	306.0	7.0	0.0	1.36
25122_1_1_1	25122_1_1_1	25122_1_1_1	2000135.0	2000135.0	0.0	tolerant	25122_1_1_1	27.0	5.0	0.0	0.0
25124_1_1_1	25124_1_1_1	25124_1_1_1	4000854.0	4000854.0	0.0	strict	25124_1_1_1	122.0	7.0	0.0	0.7
25128_1_1_1	25128_1_1_1	25128_1_1_1	3000084.0	3000084.0	0.0	moderate	25128_1_1_1	28.0	3.0	0.0	0.0
25129_1_1_1	25129_1_1_1	25129_1_1_1	3000072.0	3000072.0	0.0	moderate	25129_1_1_1	24.0	3.0	0.0	0.0
25131_1_1_1	25131_1_1_1	25131_1_1_1	1000042.0697656694	1000042.0697656694	0.0	unfiltered	25131_1_1_1	18.0	3.0	11.9302343306	0.0
25134_1_1_1	17253_1_1_1	17253_1_1_1	3000072.0	3000072.0	0.0	moderate	17253_1_1_1	18.0	4.0	0.0	0.0
25134_1_1_1	15282_1_1_1	17253_1_1_1	3000051.0	3000072.0	21.0	moderate	15282_1_1_1	17.0	3.0	0.0	0.0
25134_1_1_1	15284_1_1_1	17253_1_1_1	3000051.0	3000072.0	21.0	moderate	15284_1_1_1	17.0	3.0	0.0	0.0
25134_1_1_1	15285_1_1_1	17253_1_1_1	3000051.0	3000072.0	21.0	moderate	15285_1_1_1	17.0	3.0	0.0	0.0
25134_1_1_1	15287_1_1_1	17253_1_1_1	3000051.0	3000072.0	21.0	moderate	15287_1_1_1	17.0	3.0	0.0	0.0
25134_1_1_1	15291_1_1_1	17253_1_1_1	3000051.0	3000072.0	21.0	moderate	15291_1_1_1	17.0	3.0	0.0	0.0
25134_1_1_1	15292_1_1_1	17253_1_1_1	3000051.0	3000072.0	21.0	moderate	15292_1_1_1	17.0	3.0	0.0	0.0
25134_1_1_1	25134_1_1_1	17253_1_1_1	3000045.0	3000072.0	27.0	moderate	25134_1_1_1	15.0	3.0	0.0	0.0
25134_1_1_1	15293_1_1_1	17253_1_1_1	2000048.0	3000072.0	1000024.0	tolerant	15293_1_1_1	16.0	3.0	0.0	0.0
25134_1_1_1	15294_1_1_1	17253_1_1_1	2000048.0	3000072.0	1000024.0	tolerant	15294_1_1_1	16.0	3.0	0.0	0.0
25139_1_1_1	25139_1_1_1	25139_1_1_1	4000749.0	4000749.0	0.0	strict	25139_1_1_1	107.0	7.0	0.0	0.42
25140_1_1_1	25140_1_1_1	25140_1_1_1	3000513.3550861133	3000513.3550861133	0.0	moderate	25140_1_1_1	86.0	6.0	2.6449138868	0.98
25147_1_1_1	25147_1_1_1	25147_1_1_1	3000522.122654593	3000522.122654593	0.0	moderate	25147_1_1_1	75.0	7.0	2.8773454067	0.88
25148_1_1_1	25148_1_1_1	25148_1_1_1	4000840.0	4000840.0	0.0	strict	25148_1_1_1	120.0	7.0	0.0	0.63
25155_1_1_1	25155_1_1_1	25155_1_1_1	3001134.0	3001134.0	0.0	moderate	25155_1_1_1	162.0	7.0	0.0	0.28
25157_1_1_1	25157_1_1_1	25157_1_1_1	3001134.0	3001134.0	0.0	moderate	25157_1_1_1	162.0	7.0	0.0	2.61
25157_1_1_1	25156_1_1_1	25157_1_1_1	3000966.0	3001134.0	168.0	moderate	25156_1_1_1	161.0	6.0	0.0	0.27
25158_1_1_1	25158_1_1_1	25158_1_1_1	4000469.0	4000469.0	0.0	strict	25158_1_1_1	67.0	7.0	0.0	0.51
25159_1_1_1	25159_1_1_1	25159_1_1_1	4000749.0	4000749.0	0.0	strict	25159_1_1_1	107.0	7.0	0.0	0.3
25159_1_1_1	31231_1_1_1	25159_1_1_1	3000728.0	4000749.0	1000021.0	moderate	31231_1_1_1	104.0	7.0	0.0	0.21
25161_1_1_1	25161_1_1_1	25161_1_1_1	2000066.1590440497	2000066.1590440497	0.0	tolerant	25161_1_1_1	34.0	2.0	1.8409559505	0.0
25162_1_1_1	25162_1_1_1	25162_1_1_1	1000067.2702742992	1000067.2702742992	0.0	unfiltered	25162_1_1_1	24.0	3.0	4.7297257007	0.0
25166_1_1_1	25166_1_1_1	25166_1_1_1	4000735.0	4000735.0	0.0	strict	25166_1_1_1	105.0	7.0	0.0	2.65
25167_1_1_1	19910_1_1_1	19910_1_1_1	3000665.0	3000665.0	0.0	moderate	19910_1_1_1	95.0	7.0	0.0	1.65
25167_1_1_1	25167_1_1_1	19910_1_1_1	3000460.0	3000665.0	205.0	moderate	25167_1_1_1	92.0	5.0	0.0	1.56
25168_1_1_1	25168_1_1_1	25168_1_1_1	4000805.0	4000805.0	0.0	strict	25168_1_1_1	115.0	7.0	0.0	1.0
25173_1_1_1	25173_1_1_1	25173_1_1_1	3000240.0	3000240.0	0.0	moderate	25173_1_1_1	48.0	5.0	0.0	0.65
25175_1_1_1	25175_1_1_1	25175_1_1_1	4000749.0	4000749.0	0.0	strict	25175_1_1_1	107.0	7.0	0.0	1.31
25177_1_1_1	25177_1_1_1	25177_1_1_1	4000490.0	4000490.0	0.0	strict	25177_1_1_1	70.0	7.0	0.0	0.62
25177_1_1_1	4126_1_1_1	25177_1_1_1	3000483.0	4000490.0	1000007.0	moderate	4126_1_1_1	69.0	7.0	0.0	2.25
25179_1_1_1	25179_1_1_1	25179_1_1_1	4000320.20510776	4000320.20510776	0.0	strict	25179_1_1_1	46.0	7.0	1.79489224	0.74
25179_1_1_1	25180_1_1_1	25179_1_1_1	3000319.472482996	4000320.20510776	1000000.7326247641	moderate	25180_1_1_1	46.0	7.0	2.5275170039	0.54
25182_1_1_1	25183_1_1_1	25183_1_1_1	3000622.43841821	3000622.43841821	0.0	moderate	25183_1_1_1	125.0	5.0	2.5615817898	1.42
25182_1_1_1	25182_1_1_1	25183_1_1_1	3000602.8668950815	3000622.43841821	19.57152312854305	moderate	25182_1_1_1	121.0	5.0	2.1331049185	1.15
25184_1_1_1	25185_1_1_1	25185_1_1_1	2000502.486295599	2000502.486295599	0.0	tolerant	25185_1_1_1	126.0	4.0	1.5137044009	1.67
25184_1_1_1	25184_1_1_1	25185_1_1_1	2000362.0962506488	2000502.486295599	140.39004495018162	tolerant	25184_1_1_1	91.0	4.0	1.9037493514	1.61
25189_1_1_1	25189_1_1_1	25189_1_1_1	1000049.0597433074	1000049.0597433074	0.0	unfiltered	25189_1_1_1	18.0	3.0	4.9402566926	0.0
25190_1_1_1	25190_1_1_1	25190_1_1_1	1000052.841938689	1000052.841938689	0.0	unfiltered	25190_1_1_1	19.0	3.0	4.158061311	0.0
25191_1_1_1	25191_1_1_1	25191_1_1_1	2000036.0	2000036.0	0.0	tolerant	25191_1_1_1	18.0	2.0	0.0	0.0
25193_1_1_1	25193_1_1_1	25193_1_1_1	2000438.0	2000438.0	0.0	tolerant	25193_1_1_1	219.0	2.0	0.0	1.56
25194_1_1_1	25194_1_1_1	25194_1_1_1	2000637.8917343216	2000637.8917343216	0.0	tolerant	25194_1_1_1	128.0	5.0	2.1082656785	1.85
25195_1_1_1	25195_1_1_1	25195_1_1_1	3000879.350805009	3000879.350805009	0.0	moderate	25195_1_1_1	126.0	7.0	2.6491949911	0.19
25197_1_1_1	25197_1_1_1	25197_1_1_1	3001572.0	3001572.0	0.0	moderate	25197_1_1_1	393.0	4.0	0.0	0.0
25200_1_1_1	25200_1_1_1	25200_1_1_1	2000054.0	2000054.0	0.0	tolerant	25200_1_1_1	18.0	3.0	0.0	0.0
25201_1_1_1	25201_1_1_1	25201_1_1_1	2000036.0	2000036.0	0.0	tolerant	25201_1_1_1	18.0	2.0	0.0	0.0
25202_1_1_1	15075_1_1_1	15075_1_1_1	2000104.0	2000104.0	0.0	tolerant	15075_1_1_1	26.0	4.0	0.0	0.0
25202_1_1_1	6698_1_1_1	15075_1_1_1	2000069.0	2000104.0	35.0	tolerant	6698_1_1_1	23.0	3.0	0.0	0.0
25202_1_1_1	25202_1_1_1	15075_1_1_1	2000033.1063331433	2000104.0	70.89366685668938	tolerant	25202_1_1_1	18.0	2.0	2.8936668567	0.0
25203_1_1_1	25203_1_1_1	25203_1_1_1	2000054.0	2000054.0	0.0	tolerant	25203_1_1_1	18.0	3.0	0.0	0.0
25204_1_1_1	25204_1_1_1	25204_1_1_1	2000057.0	2000057.0	0.0	tolerant	25204_1_1_1	19.0	3.0	0.0	0.0
25206_1_1_1	25206_1_1_1	25206_1_1_1	2000036.0	2000036.0	0.0	tolerant	25206_1_1_1	18.0	2.0	0.0	0.0
25207_1_1_1	25207_1_1_1	25207_1_1_1	2000054.0	2000054.0	0.0	tolerant	25207_1_1_1	18.0	3.0	0.0	0.0
25210_1_1_1	25210_1_1_1	25210_1_1_1	2000708.0	2000708.0	0.0	tolerant	25210_1_1_1	118.0	6.0	0.0	0.33
25211_1_1_1	25211_1_1_1	25211_1_1_1	2000054.0	2000054.0	0.0	tolerant	25211_1_1_1	18.0	3.0	0.0	0.0
25213_1_1_1	25213_1_1_1	25213_1_1_1	2000288.0	2000288.0	0.0	tolerant	25213_1_1_1	48.0	6.0	0.0	0.7
25214_1_1_1	25214_1_1_1	25214_1_1_1	4000455.0	4000455.0	0.0	strict	25214_1_1_1	65.0	7.0	0.0	0.73
25215_1_1_1	25215_1_1_1	25215_1_1_1	1000052.0582896682	1000052.0582896682	0.0	unfiltered	25215_1_1_1	19.0	3.0	4.9417103318	0.0
25219_1_1_1	25219_1_1_1	25219_1_1_1	4000336.0	4000336.0	0.0	strict	25219_1_1_1	48.0	7.0	0.0	2.75
25223_1_1_1	25223_1_1_1	25223_1_1_1	3000308.0	3000308.0	0.0	moderate	25223_1_1_1	44.0	7.0	0.0	0.66
25223_1_1_1	25283_1_1_1	25223_1_1_1	3000135.0	3000308.0	173.0	moderate	25283_1_1_1	45.0	3.0	0.0	0.0
25235_1_1_1	25235_1_1_1	25235_1_1_1	2000021.0	2000021.0	0.0	tolerant	25235_1_1_1	3.0	7.0	0.0	0.0
25237_1_1_1	4986_1_1_1	4986_1_1_1	3001795.0	3001795.0	0.0	moderate	4986_1_1_1	359.0	5.0	0.0	0.8
25237_1_1_1	25237_1_1_1	4986_1_1_1	3001780.0	3001795.0	15.0	moderate	25237_1_1_1	356.0	5.0	0.0	0.7
25239_1_1_1	25239_1_1_1	25239_1_1_1	4001309.0	4001309.0	0.0	strict	25239_1_1_1	187.0	7.0	0.0	1.42
25240_1_1_1	25240_1_1_1	25240_1_1_1	4001022.0	4001022.0	0.0	strict	25240_1_1_1	146.0	7.0	0.0	0.48
25241_1_1_1	25241_1_1_1	25241_1_1_1	4000553.0	4000553.0	0.0	strict	25241_1_1_1	79.0	7.0	0.0	0.73
25242_2_1_1	25242_2_1_1	25242_2_1_1	2000836.0	2000836.0	0.0	tolerant	25242_2_1_1	209.0	4.0	0.0	1.02
25254_1_1_1	25254_1_1_1	25254_1_1_1	3000075.0	3000075.0	0.0	moderate	25254_1_1_1	25.0	3.0	0.0	0.0
25259_1_1_1	25259_1_1_1	25259_1_1_1	2000652.0	2000652.0	0.0	tolerant	25259_1_1_1	163.0	4.0	0.0	4.27
25264_1_1_1	25264_1_1_1	25264_1_1_1	2000273.0	2000273.0	0.0	tolerant	25264_1_1_1	91.0	3.0	0.0	1.56
25265_1_1_1	25265_1_1_1	25265_1_1_1	2000648.6958891551	2000648.6958891551	0.0	tolerant	25265_1_1_1	93.0	7.0	2.3041108449	1.35
25266_1_1_1	25266_1_1_1	25266_1_1_1	3001152.3818741795	3001152.3818741795	0.0	moderate	25266_1_1_1	165.0	7.0	2.6181258204	2.18
25268_1_1_1	25268_1_1_1	25268_1_1_1	4000144.0	4000144.0	0.0	strict	25268_1_1_1	24.0	6.0	0.0	0.01
25268_1_1_1	25270_1_1_1	25268_1_1_1	4000144.0	4000144.0	0.0	strict	25270_1_1_1	24.0	6.0	0.0	0.24
25276_1_1_1	25276_1_1_1	25276_1_1_1	3000294.0	3000294.0	0.0	moderate	25276_1_1_1	42.0	7.0	0.0	0.92
25277_1_1_1	25277_1_1_1	25277_1_1_1	3000644.0	3000644.0	0.0	moderate	25277_1_1_1	92.0	7.0	0.0	0.5
25278_1_1_1	25278_1_1_1	25278_1_1_1	1000435.0	1000435.0	0.0	unfiltered	25278_1_1_1	87.0	5.0	0.0	0.57
2527_1_1_1	2527_1_1_1	2527_1_1_1	3000066.0	3000066.0	0.0	moderate	2527_1_1_1	22.0	3.0	0.0	0.0
2527_1_1_1	7361_1_1_1	2527_1_1_1	2000140.0	3000066.0	999926.0	tolerant	7361_1_1_1	28.0	5.0	0.0	0.0
25280_1_1_1	25280_1_1_1	25280_1_1_1	3000361.686666622	3000361.686666622	0.0	moderate	25280_1_1_1	52.0	7.0	2.3133333786	2.02
25281_1_1_1	25281_1_1_1	25281_1_1_1	4000596.0	4000596.0	0.0	strict	25281_1_1_1	149.0	4.0	0.0	0.6
25282_2_1_1	25282_2_1_1	25282_2_1_1	1000524.4995951116	1000524.4995951116	0.0	unfiltered	25282_2_1_1	88.0	6.0	3.5004048885	2.03
25289_1_1_1	25289_1_1_1	25289_1_1_1	4000148.0	4000148.0	0.0	strict	25289_1_1_1	37.0	4.0	0.0	2.49
25289_1_1_1	34396_1_1_1	25289_1_1_1	3000195.0	4000148.0	999953.0	moderate	34396_1_1_1	39.0	5.0	0.0	3.74
25289_1_1_1	17159_1_1_1	25289_1_1_1	3000136.0	4000148.0	1000012.0	moderate	17159_1_1_1	34.0	4.0	0.0	0.0
25289_1_1_1	26680_1_1_1	25289_1_1_1	2000266.0	4000148.0	1999882.0	tolerant	26680_1_1_1	38.0	7.0	0.0	1.09
25289_1_1_1	18052_1_1_1	25289_1_1_1	2000108.0	4000148.0	2000040.0	tolerant	18052_1_1_1	36.0	3.0	0.0	0.0
25289_1_1_1	5057_1_1_1	25289_1_1_1	1000101.7438262868	4000148.0	3000046.256173713	unfiltered	5057_1_1_1	36.0	3.0	6.2561737131	0.0
25289_1_1_1	51928_1_1_1	25289_1_1_1	1000063.0	4000148.0	3000085.0	unfiltered	51928_1_1_1	21.0	3.0	0.0	0.0
25292_1_1_1	25292_1_1_1	25292_1_1_1	2000596.0	2000596.0	0.0	tolerant	25292_1_1_1	149.0	4.0	0.0	1.06
25293_1_1_1	25293_1_1_1	25293_1_1_1	3000162.0	3000162.0	0.0	moderate	25293_1_1_1	27.0	6.0	0.0	0.0
25294_1_1_1	25294_1_1_1	25294_1_1_1	4000678.0	4000678.0	0.0	strict	25294_1_1_1	113.0	6.0	0.0	2.54
25297_1_1_1	25297_1_1_1	25297_1_1_1	3000076.0	3000076.0	0.0	moderate	25297_1_1_1	19.0	4.0	0.0	0.0
25298_1_1_1	25298_1_1_1	25298_1_1_1	4000315.0	4000315.0	0.0	strict	25298_1_1_1	45.0	7.0	0.0	1.36
25299_1_1_1	25299_1_1_1	25299_1_1_1	3000662.449310132	3000662.449310132	0.0	moderate	25299_1_1_1	95.0	7.0	2.550689868	0.88
25299_1_1_1	25576_1_1_1	25299_1_1_1	2000573.646997612	3000662.449310132	1000088.8023125199	tolerant	25576_1_1_1	96.0	6.0	2.353002388	1.12
25299_1_1_1	36000_1_1_1	25299_1_1_1	2000567.8210991696	3000662.449310132	1000094.6282109623	tolerant	36000_1_1_1	95.0	6.0	2.1789008304	1.11
25299_1_1_1	36008_1_1_1	25299_1_1_1	2000567.5627238343	3000662.449310132	1000094.8865862975	tolerant	36008_1_1_1	95.0	6.0	2.4372761656	1.16
25299_1_1_1	36096_1_1_1	25299_1_1_1	2000531.5065360195	3000662.449310132	1000130.9427741123	tolerant	36096_1_1_1	89.0	6.0	2.4934639806	0.48
25299_1_1_1	27573_1_1_1	25299_1_1_1	2000452.2207459465	3000662.449310132	1000210.2285641853	tolerant	27573_1_1_1	91.0	5.0	2.7792540537	2.59
25299_1_1_1	6304_1_1_1	25299_1_1_1	2000184.0	3000662.449310132	1000478.4493101318	tolerant	6304_1_1_1	92.0	2.0	0.0	0.0
25299_1_1_1	50949_1_1_1	25299_1_1_1	2000170.0	3000662.449310132	1000492.4493101318	tolerant	50949_1_1_1	85.0	2.0	0.0	0.0
25302_1_1_1	25302_1_1_1	25302_1_1_1	3000245.0	3000245.0	0.0	moderate	25302_1_1_1	35.0	7.0	0.0	1.52
25307_1_1_1	25307_1_1_1	25307_1_1_1	2000126.0	2000126.0	0.0	tolerant	25307_1_1_1	63.0	2.0	0.0	0.0
25308_1_1_1	25308_1_1_1	25308_1_1_1	4000665.0	4000665.0	0.0	strict	25308_1_1_1	95.0	7.0	0.0	1.24
25314_1_1_1	6721_1_1_1	6721_1_1_1	3000168.0	3000168.0	0.0	moderate	6721_1_1_1	28.0	6.0	0.0	1.11
25314_1_1_1	25315_1_1_1	6721_1_1_1	3000090.0	3000168.0	78.0	moderate	25315_1_1_1	30.0	3.0	0.0	0.0
25314_1_1_1	25314_1_1_1	6721_1_1_1	3000078.0	3000168.0	90.0	moderate	25314_1_1_1	26.0	3.0	0.0	0.0
25314_1_1_1	25313_1_1_1	6721_1_1_1	3000078.0	3000168.0	90.0	moderate	25313_1_1_1	26.0	3.0	0.0	0.0
25324_1_1_1	25306_1_1_1	25306_1_1_1	3000917.0	3000917.0	0.0	moderate	25306_1_1_1	131.0	7.0	0.0	0.58
25324_1_1_1	25324_1_1_1	25306_1_1_1	3000910.0	3000917.0	7.0	moderate	25324_1_1_1	130.0	7.0	0.0	0.58
25324_1_1_1	31153_1_1_1	25306_1_1_1	1000625.0	3000917.0	2000292.0	unfiltered	31153_1_1_1	125.0	5.0	0.0	0.85
25326_1_1_1	25326_1_1_1	25326_1_1_1	4000666.0	4000666.0	0.0	strict	25326_1_1_1	111.0	6.0	0.0	0.38
25328_1_1_1	25328_1_1_1	25328_1_1_1	4000440.0	4000440.0	0.0	strict	25328_1_1_1	88.0	5.0	0.0	0.32
25328_1_1_1	25329_1_1_1	25328_1_1_1	4000440.0	4000440.0	0.0	strict	25329_1_1_1	88.0	5.0	0.0	0.92
25328_1_1_1	4047_1_1_1	25328_1_1_1	3000616.0	4000440.0	999824.0	moderate	4047_1_1_1	88.0	7.0	0.0	1.91
25333_1_1_1	15429_1_1_1	15429_1_1_1	4000875.0	4000875.0	0.0	strict	15429_1_1_1	125.0	7.0	0.0	4.46
25333_1_1_1	25333_1_1_1	15429_1_1_1	4000532.0	4000875.0	343.0	strict	25333_1_1_1	133.0	4.0	0.0	2.61
25333_1_1_1	17303_1_1_1	15429_1_1_1	4000496.0	4000875.0	379.0	strict	17303_1_1_1	124.0	4.0	0.0	0.0
25333_1_1_1	30477_1_1_1	15429_1_1_1	3000768.0	4000875.0	1000107.0	moderate	30477_1_1_1	128.0	6.0	0.0	0.34
25333_1_1_1	27129_1_1_1	15429_1_1_1	3000504.0	4000875.0	1000371.0	moderate	27129_1_1_1	126.0	4.0	0.0	2.94
25333_1_1_1	27510_1_1_1	15429_1_1_1	3000500.0	4000875.0	1000375.0	moderate	27510_1_1_1	125.0	4.0	0.0	0.31
25346_1_1_1	25346_1_1_1	25346_1_1_1	2000501.579328044	2000501.579328044	0.0	tolerant	25346_1_1_1	84.0	6.0	2.4206719561	1.04
25350_1_1_1	25350_1_1_1	25350_1_1_1	4001020.3295573993	4001020.3295573993	0.0	strict	25350_1_1_1	146.0	7.0	1.6704426008	0.44
25352_1_1_1	25352_1_1_1	25352_1_1_1	1000158.6781085576	1000158.6781085576	0.0	unfiltered	25352_1_1_1	55.0	3.0	6.3218914423	0.0
25354_1_1_1	25354_1_1_1	25354_1_1_1	4000406.0	4000406.0	0.0	strict	25354_1_1_1	58.0	7.0	0.0	0.67
25354_1_1_1	51744_1_1_1	25354_1_1_1	2000122.0	4000406.0	2000284.0	tolerant	51744_1_1_1	61.0	2.0	0.0	0.0
25354_1_1_1	18054_1_1_1	25354_1_1_1	2000110.0	4000406.0	2000296.0	tolerant	18054_1_1_1	55.0	2.0	0.0	0.0
25356_1_1_1	25356_1_1_1	25356_1_1_1	3000877.5458865194	3000877.5458865194	0.0	moderate	25356_1_1_1	176.0	5.0	2.4541134808	1.17
25358_1_1_1	25358_1_1_1	25358_1_1_1	2001002.0	2001002.0	0.0	tolerant	25358_1_1_1	167.0	6.0	0.0	0.49
25359_1_1_1	27431_1_1_1	27431_1_1_1	2000570.1828088777	2000570.1828088777	0.0	tolerant	27431_1_1_1	191.0	3.0	2.8171911226	2.06
25359_1_1_1	25359_1_1_1	27431_1_1_1	2000060.556183808	2000570.1828088777	509.6266250696499	tolerant	25359_1_1_1	21.0	3.0	2.4438161923	0.0
25363_1_1_1	25363_1_1_1	25363_1_1_1	2000160.0	2000160.0	0.0	tolerant	25363_1_1_1	32.0	5.0	0.0	0.0
25365_1_1_1	25365_1_1_1	25365_1_1_1	2000093.008259328	2000093.008259328	0.0	tolerant	25365_1_1_1	47.0	2.0	0.9917406721	1.46
25367_1_1_1	25367_1_1_1	25367_1_1_1	3000790.0	3000790.0	0.0	moderate	25367_1_1_1	158.0	5.0	0.0	0.61
25367_1_1_1	50829_1_1_1	25367_1_1_1	2000442.0	3000790.0	1000348.0	tolerant	50829_1_1_1	221.0	2.0	0.0	0.0
25367_1_1_1	34799_1_1_1	25367_1_1_1	1000437.3118044348	3000790.0	2000352.6881955652	unfiltered	34799_1_1_1	222.0	2.0	6.6881955653	0.0
25367_1_1_1	50828_1_1_1	25367_1_1_1	1000435.0471350858	3000790.0	2000354.9528649142	unfiltered	50828_1_1_1	221.0	2.0	6.9528649142	0.0
25367_1_1_1	50827_1_1_1	25367_1_1_1	1000434.8351115788	3000790.0	2000355.164888421	unfiltered	50827_1_1_1	221.0	2.0	7.1648884212	0.0
25368_1_1_1	25368_1_1_1	25368_1_1_1	4001270.0	4001270.0	0.0	strict	25368_1_1_1	254.0	5.0	0.0	0.81
25370_1_1_1	25370_1_1_1	25370_1_1_1	2000087.897067626	2000087.897067626	0.0	tolerant	25370_1_1_1	18.0	5.0	2.102932374	0.0
25371_1_1_1	25371_1_1_1	25371_1_1_1	3001036.0	3001036.0	0.0	moderate	25371_1_1_1	148.0	7.0	0.0	0.61
25372_1_1_1	25372_1_1_1	25372_1_1_1	3000588.0	3000588.0	0.0	moderate	25372_1_1_1	84.0	7.0	0.0	1.25
25379_1_1_1	25379_1_1_1	25379_1_1_1	2001114.0996751892	2001114.0996751892	0.0	tolerant	25379_1_1_1	186.0	6.0	1.9003248108	5.62
25380_1_1_1	25380_1_1_1	25380_1_1_1	4000560.0	4000560.0	0.0	strict	25380_1_1_1	80.0	7.0	0.0	0.09
25381_1_1_1	25381_1_1_1	25381_1_1_1	3001302.0	3001302.0	0.0	moderate	25381_1_1_1	186.0	7.0	0.0	1.53
25382_1_1_1	25382_1_1_1	25382_1_1_1	3000504.0	3000504.0	0.0	moderate	25382_1_1_1	84.0	6.0	0.0	0.22
25383_1_1_1	25383_1_1_1	25383_1_1_1	2000642.0277337788	2000642.0277337788	0.0	tolerant	25383_1_1_1	161.0	4.0	1.9722662213	0.63
25384_1_1_1	25384_1_1_1	25384_1_1_1	2000594.4093776909	2000594.4093776909	0.0	tolerant	25384_1_1_1	149.0	4.0	1.5906223092	1.97
25385_1_1_1	36161_1_1_1	36161_1_1_1	3001187.2149858777	3001187.2149858777	0.0	moderate	36161_1_1_1	170.0	7.0	2.7850141223	0.92
25385_1_1_1	25385_1_1_1	36161_1_1_1	3001187.213145039	3001187.2149858777	0.001840838696807623	moderate	25385_1_1_1	170.0	7.0	2.7868549608	0.91
25385_1_1_1	27395_1_1_1	36161_1_1_1	3000870.0	3001187.2149858777	317.2149858777411	moderate	27395_1_1_1	145.0	6.0	0.0	1.73
25385_1_1_1	36077_1_1_1	36161_1_1_1	2001095.3483449416	3001187.2149858777	1000091.8666409361	tolerant	36077_1_1_1	183.0	6.0	2.6516550583	1.21
25385_1_1_1	36078_1_1_1	36161_1_1_1	2001065.8960265105	3001187.2149858777	1000121.3189593672	tolerant	36078_1_1_1	178.0	6.0	2.1039734894	1.22
25385_1_1_1	4599_1_1_1	36161_1_1_1	2000795.0	3001187.2149858777	1000392.2149858777	tolerant	4599_1_1_1	159.0	5.0	0.0	2.62
25387_1_1_1	25387_1_1_1	25387_1_1_1	2000963.4402237064	2000963.4402237064	0.0	tolerant	25387_1_1_1	161.0	6.0	2.5597762936	2.02
25391_1_1_1	25391_1_1_1	25391_1_1_1	3001215.036251997	3001215.036251997	0.0	moderate	25391_1_1_1	174.0	7.0	2.963748003	0.36
25393_1_1_1	25393_1_1_1	25393_1_1_1	2000249.7361730512	2000249.7361730512	0.0	tolerant	25393_1_1_1	63.0	4.0	2.2638269485	0.92
25395_1_1_1	25395_1_1_1	25395_1_1_1	3000728.0	3000728.0	0.0	moderate	25395_1_1_1	104.0	7.0	0.0	0.31
25397_1_1_1	25397_1_1_1	25397_1_1_1	4000882.0	4000882.0	0.0	strict	25397_1_1_1	126.0	7.0	0.0	0.5
25400_1_1_1	25400_1_1_1	25400_1_1_1	3000896.0	3000896.0	0.0	moderate	25400_1_1_1	128.0	7.0	0.0	1.86
25401_1_1_1	25401_1_1_1	25401_1_1_1	3000732.657485839	3000732.657485839	0.0	moderate	25401_1_1_1	105.0	7.0	2.3425141607	1.22
25402_1_1_1	25402_1_1_1	25402_1_1_1	3001138.0294511514	3001138.0294511514	0.0	moderate	25402_1_1_1	163.0	7.0	2.9705488487	1.04
25403_1_1_1	25403_1_1_1	25403_1_1_1	3001525.0	3001525.0	0.0	moderate	25403_1_1_1	305.0	5.0	0.0	0.77
25404_1_1_1	25404_1_1_1	25404_1_1_1	4000420.0	4000420.0	0.0	strict	25404_1_1_1	60.0	7.0	0.0	0.51
25410_1_1_1	25410_1_1_1	25410_1_1_1	2000702.2050095832	2000702.2050095832	0.0	tolerant	25410_1_1_1	176.0	4.0	1.7949904168	2.85
25417_1_1_1	25417_1_1_1	25417_1_1_1	3001075.2655947725	3001075.2655947725	0.0	moderate	25417_1_1_1	154.0	7.0	2.7344052275	1.3
25424_1_1_1	25424_1_1_1	25424_1_1_1	3000087.0	3000087.0	0.0	moderate	25424_1_1_1	29.0	3.0	0.0	0.0
25424_1_1_1	41_1_1_1	25424_1_1_1	2000093.0	3000087.0	999994.0	tolerant	41_1_1_1	31.0	3.0	0.0	0.0
25428_1_1_1	25428_1_1_1	25428_1_1_1	4000581.0	4000581.0	0.0	strict	25428_1_1_1	83.0	7.0	0.0	2.89
25430_1_1_1	25430_1_1_1	25430_1_1_1	2000332.2882247765	2000332.2882247765	0.0	tolerant	25430_1_1_1	67.0	5.0	2.7117752236	0.97
25432_1_1_1	25432_1_1_1	25432_1_1_1	4001785.0	4001785.0	0.0	strict	25432_1_1_1	255.0	7.0	0.0	0.65
25434_1_1_1	25434_1_1_1	25434_1_1_1	2000427.2784843831	2000427.2784843831	0.0	tolerant	25434_1_1_1	86.0	5.0	2.7215156168	0.33
25435_1_1_1	25435_1_1_1	25435_1_1_1	2001029.3439590065	2001029.3439590065	0.0	tolerant	25435_1_1_1	172.0	6.0	2.6560409937	0.29
25445_1_1_1	25445_1_1_1	25445_1_1_1	2000482.277966767	2000482.277966767	0.0	tolerant	25445_1_1_1	121.0	4.0	1.7220332326	1.43
25447_1_1_1	25447_1_1_1	25447_1_1_1	3000528.0	3000528.0	0.0	moderate	25447_1_1_1	88.0	6.0	0.0	0.69
25448_1_1_1	25448_1_1_1	25448_1_1_1	4000826.0	4000826.0	0.0	strict	25448_1_1_1	118.0	7.0	0.0	0.99
25448_1_1_1	16883_1_1_1	25448_1_1_1	3000844.0299880737	4000826.0	999981.9700119263	moderate	16883_1_1_1	121.0	7.0	2.9700119261	1.02
25449_1_1_1	25449_1_1_1	25449_1_1_1	4000609.0	4000609.0	0.0	strict	25449_1_1_1	87.0	7.0	0.0	1.03
25451_1_1_1	25451_1_1_1	25451_1_1_1	3000644.0	3000644.0	0.0	moderate	25451_1_1_1	92.0	7.0	0.0	1.4
25452_1_1_1	25452_1_1_1	25452_1_1_1	3000195.0	3000195.0	0.0	moderate	25452_1_1_1	39.0	5.0	0.0	0.29
25454_1_1_1	25454_1_1_1	25454_1_1_1	3000539.0	3000539.0	0.0	moderate	25454_1_1_1	77.0	7.0	0.0	0.44
25457_1_1_1	25457_1_1_1	25457_1_1_1	2000048.0	2000048.0	0.0	tolerant	25457_1_1_1	16.0	3.0	0.0	0.0
25457_1_1_1	25456_1_1_1	25457_1_1_1	2000048.0	2000048.0	0.0	tolerant	25456_1_1_1	16.0	3.0	0.0	0.0
25458_1_1_1	25458_1_1_1	25458_1_1_1	1000120.88711409	1000120.88711409	0.0	unfiltered	25458_1_1_1	43.0	3.0	8.1128859099	0.0
25459_1_1_1	25459_1_1_1	25459_1_1_1	2000462.0	2000462.0	0.0	tolerant	25459_1_1_1	77.0	6.0	0.0	0.58
25461_1_1_1	25461_1_1_1	25461_1_1_1	3000508.1360590653	3000508.1360590653	0.0	moderate	25461_1_1_1	73.0	7.0	2.8639409346	1.23
25463_1_1_1	25462_1_1_1	25462_1_1_1	3000695.0	3000695.0	0.0	moderate	25462_1_1_1	139.0	5.0	0.0	0.7
25463_1_1_1	25463_1_1_1	25462_1_1_1	3000690.0	3000695.0	5.0	moderate	25463_1_1_1	138.0	5.0	0.0	1.2
25464_1_1_1	25464_1_1_1	25464_1_1_1	4000476.0	4000476.0	0.0	strict	25464_1_1_1	68.0	7.0	0.0	0.47
25464_1_1_1	16253_1_1_1	25464_1_1_1	3000392.0	4000476.0	1000084.0	moderate	16253_1_1_1	56.0	7.0	0.0	0.32
25464_1_1_1	25763_1_1_1	25464_1_1_1	2000396.0	4000476.0	2000080.0	tolerant	25763_1_1_1	66.0	6.0	0.0	0.33
25467_1_1_1	25467_1_1_1	25467_1_1_1	2000580.0	2000580.0	0.0	tolerant	25467_1_1_1	116.0	5.0	0.0	1.87
2546_1_1_1	2546_1_1_1	2546_1_1_1	3000147.0	3000147.0	0.0	moderate	2546_1_1_1	49.0	3.0	0.0	0.0
25473_1_1_1	25473_1_1_1	25473_1_1_1	3000655.1673141355	3000655.1673141355	0.0	moderate	25473_1_1_1	94.0	7.0	2.8326858643	0.6
25475_1_1_1	25475_1_1_1	25475_1_1_1	1000042.0	1000042.0	0.0	unfiltered	25475_1_1_1	42.0	1.0	0.0	0.0
25476_1_1_1	25476_1_1_1	25476_1_1_1	3001012.240950362	3001012.240950362	0.0	moderate	25476_1_1_1	145.0	7.0	2.7590496387	1.28
25481_1_1_1	25481_1_1_1	25481_1_1_1	3000456.0	3000456.0	0.0	moderate	25481_1_1_1	114.0	4.0	0.0	2.49
25487_1_1_1	25487_1_1_1	25487_1_1_1	2000372.0	2000372.0	0.0	tolerant	25487_1_1_1	62.0	6.0	0.0	2.64
25494_1_1_1	15049_1_1_1	15049_1_1_1	2000790.0	2000790.0	0.0	tolerant	15049_1_1_1	158.0	5.0	0.0	0.8
25494_1_1_1	25494_1_1_1	15049_1_1_1	2000770.0	2000790.0	20.0	tolerant	25494_1_1_1	154.0	5.0	0.0	0.97
25497_1_1_1	25497_1_1_1	25497_1_1_1	3000613.1345885256	3000613.1345885256	0.0	moderate	25497_1_1_1	88.0	7.0	2.8654114746	0.21
25498_1_1_1	25498_1_1_1	25498_1_1_1	2000579.8002717616	2000579.8002717616	0.0	tolerant	25498_1_1_1	97.0	6.0	2.1997282385	1.17
25499_1_1_1	25496_1_1_1	25496_1_1_1	4000693.0	4000693.0	0.0	strict	25496_1_1_1	99.0	7.0	0.0	1.06
25499_1_1_1	25499_1_1_1	25496_1_1_1	4000588.0	4000693.0	105.0	strict	25499_1_1_1	98.0	6.0	0.0	1.23
25508_1_1_1	25508_1_1_1	25508_1_1_1	3000599.653128101	3000599.653128101	0.0	moderate	25508_1_1_1	86.0	7.0	2.3468718989	0.2
25510_1_1_1	25510_1_1_1	25510_1_1_1	3000651.0	3000651.0	0.0	moderate	25510_1_1_1	93.0	7.0	0.0	0.32
25515_1_1_1	25515_1_1_1	25515_1_1_1	4000686.0	4000686.0	0.0	strict	25515_1_1_1	98.0	7.0	0.0	0.72
25515_1_1_1	25514_1_1_1	25515_1_1_1	3000686.0	4000686.0	1000000.0	moderate	25514_1_1_1	98.0	7.0	0.0	0.12
25516_1_1_1	25516_1_1_1	25516_1_1_1	3000100.0	3000100.0	0.0	moderate	25516_1_1_1	20.0	5.0	0.0	0.0
25516_1_1_1	30412_1_1_1	25516_1_1_1	2000120.0	3000100.0	999980.0	tolerant	30412_1_1_1	20.0	6.0	0.0	0.0
25516_1_1_1	6818_1_1_1	25516_1_1_1	2000057.0	3000100.0	1000043.0	tolerant	6818_1_1_1	19.0	3.0	0.0	0.0
25532_1_1_1	25532_1_1_1	25532_1_1_1	3001817.518307611	3001817.518307611	0.0	moderate	25532_1_1_1	364.0	5.0	2.4816923891	1.54
25542_1_1_1	25542_1_1_1	25542_1_1_1	3000403.325255507	3000403.325255507	0.0	moderate	25542_1_1_1	58.0	7.0	2.674744493	2.48
25542_1_1_1	25541_1_1_1	25542_1_1_1	2000291.0855552913	3000403.325255507	1000112.2397002159	tolerant	25541_1_1_1	49.0	6.0	2.9144447088	2.37
25543_1_1_1	25543_1_1_1	25543_1_1_1	2000429.0487090503	2000429.0487090503	0.0	tolerant	25543_1_1_1	72.0	6.0	2.9512909497	2.82
25544_1_1_1	25544_1_1_1	25544_1_1_1	3000557.410885723	3000557.410885723	0.0	moderate	25544_1_1_1	80.0	7.0	2.5891142772	2.62
25548_1_1_1	25548_1_1_1	25548_1_1_1	2000090.0	2000090.0	0.0	tolerant	25548_1_1_1	18.0	5.0	0.0	0.0
25549_1_1_1	25549_1_1_1	25549_1_1_1	2000129.0	2000129.0	0.0	tolerant	25549_1_1_1	43.0	3.0	0.0	2.21
25555_1_1_1	25631_1_1_1	25631_1_1_1	2000069.0	2000069.0	0.0	tolerant	25631_1_1_1	23.0	3.0	0.0	0.0
25555_1_1_1	25555_1_1_1	25631_1_1_1	2000063.0	2000069.0	6.0	tolerant	25555_1_1_1	21.0	3.0	0.0	0.0
25557_1_1_1	25557_1_1_1	25557_1_1_1	4000775.0	4000775.0	0.0	strict	25557_1_1_1	155.0	5.0	0.0	0.65
25558_1_1_1	25558_1_1_1	25558_1_1_1	1000024.0	1000024.0	0.0	unfiltered	25558_1_1_1	6.0	4.0	0.0	0.0
25562_1_1_1	25562_1_1_1	25562_1_1_1	3001215.2204237916	3001215.2204237916	0.0	moderate	25562_1_1_1	174.0	7.0	2.7795762083	1.21
25565_1_1_1	25565_1_1_1	25565_1_1_1	3000746.5064458526	3000746.5064458526	0.0	moderate	25565_1_1_1	107.0	7.0	2.4935541476	0.31
25567_1_1_1	25567_1_1_1	25567_1_1_1	4000959.0	4000959.0	0.0	strict	25567_1_1_1	137.0	7.0	0.0	2.88
25570_1_1_1	25570_1_1_1	25570_1_1_1	3000168.0	3000168.0	0.0	moderate	25570_1_1_1	28.0	6.0	0.0	0.44
25572_1_1_1	25572_1_1_1	25572_1_1_1	2000240.0	2000240.0	0.0	tolerant	25572_1_1_1	48.0	5.0	0.0	0.99
25577_1_1_1	6801_1_1_1	6801_1_1_1	3000649.2425210015	3000649.2425210015	0.0	moderate	6801_1_1_1	93.0	7.0	1.7574789987	2.87
25577_1_1_1	25577_1_1_1	6801_1_1_1	3000641.093231864	3000649.2425210015	8.149289137683809	moderate	25577_1_1_1	92.0	7.0	2.906768136	0.62
25577_1_1_1	11267_1_1_1	6801_1_1_1	3000634.8071581195	3000649.2425210015	14.435362881980836	moderate	11267_1_1_1	91.0	7.0	2.1928418803	0.33
25577_1_1_1	36007_1_1_1	6801_1_1_1	3000634.127481347	3000649.2425210015	15.11503965454176	moderate	36007_1_1_1	91.0	7.0	2.8725186532	0.39
25577_1_1_1	50142_1_1_1	6801_1_1_1	3000455.0	3000649.2425210015	194.2425210014917	moderate	50142_1_1_1	91.0	5.0	0.0	0.81
25577_1_1_1	36006_1_1_1	6801_1_1_1	2000546.0	3000649.2425210015	1000103.2425210015	tolerant	36006_1_1_1	91.0	6.0	0.0	0.41
25577_1_1_1	7202_1_1_1	6801_1_1_1	1000613.1360985284	3000649.2425210015	2000036.1064224732	unfiltered	7202_1_1_1	88.0	7.0	2.8639014717	1.16
25585_1_1_1	25585_1_1_1	25585_1_1_1	2000174.0	2000174.0	0.0	tolerant	25585_1_1_1	29.0	6.0	0.0	0.08
25587_1_1_1	25587_1_1_1	25587_1_1_1	4000707.0	4000707.0	0.0	strict	25587_1_1_1	101.0	7.0	0.0	0.2
25590_1_1_1	25590_1_1_1	25590_1_1_1	4001092.0	4001092.0	0.0	strict	25590_1_1_1	156.0	7.0	0.0	0.38
25590_1_1_1	34383_1_1_1	25590_1_1_1	4001092.0	4001092.0	0.0	strict	34383_1_1_1	156.0	7.0	0.0	0.86
25590_1_1_1	34281_1_1_1	25590_1_1_1	4000980.0	4001092.0	112.0	strict	34281_1_1_1	140.0	7.0	0.0	0.25
25590_1_1_1	4417_1_1_1	25590_1_1_1	3001092.0	4001092.0	1000000.0	moderate	4417_1_1_1	156.0	7.0	0.0	1.58
25590_1_1_1	52772_1_1_1	25590_1_1_1	3001092.0	4001092.0	1000000.0	moderate	52772_1_1_1	156.0	7.0	0.0	0.54
25590_1_1_1	5605_1_1_1	25590_1_1_1	3001085.0	4001092.0	1000007.0	moderate	5605_1_1_1	155.0	7.0	0.0	0.81
25590_1_1_1	50811_1_1_1	25590_1_1_1	3001078.0	4001092.0	1000014.0	moderate	50811_1_1_1	154.0	7.0	0.0	0.61
25590_1_1_1	4671_1_1_1	25590_1_1_1	3001071.0	4001092.0	1000021.0	moderate	4671_1_1_1	153.0	7.0	0.0	0.76
25590_1_1_1	5490_1_1_1	25590_1_1_1	3001071.0	4001092.0	1000021.0	moderate	5490_1_1_1	153.0	7.0	0.0	0.72
25590_1_1_1	27965_1_1_1	25590_1_1_1	3001071.0	4001092.0	1000021.0	moderate	27965_1_1_1	153.0	7.0	0.0	0.27
25590_1_1_1	25968_1_1_1	25590_1_1_1	3001071.0	4001092.0	1000021.0	moderate	25968_1_1_1	153.0	7.0	0.0	0.55
25590_1_1_1	27961_1_1_1	25590_1_1_1	3001064.0	4001092.0	1000028.0	moderate	27961_1_1_1	152.0	7.0	0.0	0.22
25590_1_1_1	27967_1_1_1	25590_1_1_1	3001064.0	4001092.0	1000028.0	moderate	27967_1_1_1	152.0	7.0	0.0	0.22
25590_1_1_1	27040_1_1_1	25590_1_1_1	3001064.0	4001092.0	1000028.0	moderate	27040_1_1_1	152.0	7.0	0.0	0.65
25590_1_1_1	50812_1_1_1	25590_1_1_1	3001064.0	4001092.0	1000028.0	moderate	50812_1_1_1	152.0	7.0	0.0	0.56
25590_1_1_1	18281_1_1_1	25590_1_1_1	3001057.0	4001092.0	1000035.0	moderate	18281_1_1_1	151.0	7.0	0.0	0.76
25590_1_1_1	27687_1_1_1	25590_1_1_1	3001050.0	4001092.0	1000042.0	moderate	27687_1_1_1	150.0	7.0	0.0	0.8
25590_1_1_1	28016_1_1_1	25590_1_1_1	3001015.0	4001092.0	1000077.0	moderate	28016_1_1_1	145.0	7.0	0.0	0.19
25593_1_1_1	25593_1_1_1	25593_1_1_1	2000378.0	2000378.0	0.0	tolerant	25593_1_1_1	54.0	7.0	0.0	1.01
25593_1_1_1	18888_1_1_1	25593_1_1_1	2000348.0	2000378.0	30.0	tolerant	18888_1_1_1	58.0	6.0	0.0	0.6
25593_1_1_1	25729_1_1_1	25593_1_1_1	1000349.9541372352	2000378.0	1000028.0458627648	unfiltered	25729_1_1_1	52.0	7.0	14.0458627649	0.99
25606_1_1_1	25607_1_1_1	25607_1_1_1	2000921.8694787656	2000921.8694787656	0.0	tolerant	25607_1_1_1	154.0	6.0	2.1305212345	1.97
25606_1_1_1	25606_1_1_1	25607_1_1_1	2000657.3810592925	2000921.8694787656	264.48841947317123	tolerant	25606_1_1_1	132.0	5.0	2.6189407076	1.89
25610_1_1_1	25610_1_1_1	25610_1_1_1	3000090.0	3000090.0	0.0	moderate	25610_1_1_1	30.0	3.0	0.0	0.0
25611_1_1_1	25611_1_1_1	25611_1_1_1	2000325.742458022	2000325.742458022	0.0	tolerant	25611_1_1_1	82.0	4.0	2.2575419781	1.53
25612_1_1_1	25612_1_1_1	25612_1_1_1	3000490.0	3000490.0	0.0	moderate	25612_1_1_1	70.0	7.0	0.0	1.1
25618_1_1_1	25618_1_1_1	25618_1_1_1	4000368.0	4000368.0	0.0	strict	25618_1_1_1	92.0	4.0	0.0	0.35
25627_1_1_1	25627_1_1_1	25627_1_1_1	3000623.0	3000623.0	0.0	moderate	25627_1_1_1	89.0	7.0	0.0	0.32
25636_1_1_1	25636_1_1_1	25636_1_1_1	4000384.0	4000384.0	0.0	strict	25636_1_1_1	64.0	6.0	0.0	0.4
25638_1_1_1	25638_1_1_1	25638_1_1_1	4000742.0	4000742.0	0.0	strict	25638_1_1_1	106.0	7.0	0.0	0.47
25642_1_1_1	25642_1_1_1	25642_1_1_1	1000505.0	1000505.0	0.0	unfiltered	25642_1_1_1	101.0	5.0	0.0	2.87
25645_1_1_1	30374_1_1_1	30374_1_1_1	4000609.0	4000609.0	0.0	strict	30374_1_1_1	87.0	7.0	0.0	2.07
25645_1_1_1	25527_1_1_1	30374_1_1_1	4000609.0	4000609.0	0.0	strict	25527_1_1_1	87.0	7.0	0.0	1.87
25645_1_1_1	25645_1_1_1	30374_1_1_1	4000540.0	4000609.0	69.0	strict	25645_1_1_1	90.0	6.0	0.0	2.19
25645_1_1_1	27046_1_1_1	30374_1_1_1	4000510.0	4000609.0	99.0	strict	27046_1_1_1	85.0	6.0	0.0	1.71
25645_1_1_1	28034_1_1_1	30374_1_1_1	3000338.01348862	4000609.0	1000270.98651138	moderate	28034_1_1_1	85.0	4.0	1.9865113798	0.0
25646_1_1_1	25646_1_1_1	25646_1_1_1	1000092.165237038	1000092.165237038	0.0	unfiltered	25646_1_1_1	94.0	1.0	1.834762962	0.0
25647_1_1_1	25647_1_1_1	25647_1_1_1	2000346.5892641712	2000346.5892641712	0.0	tolerant	25647_1_1_1	58.0	6.0	1.4107358286	0.58
25650_1_1_1	25650_1_1_1	25650_1_1_1	3000602.0	3000602.0	0.0	moderate	25650_1_1_1	86.0	7.0	0.0	0.78
25657_1_1_1	25657_1_1_1	25657_1_1_1	3000594.0	3000594.0	0.0	moderate	25657_1_1_1	99.0	6.0	0.0	0.66
25658_1_1_1	25658_1_1_1	25658_1_1_1	3001166.0065974696	3001166.0065974696	0.0	moderate	25658_1_1_1	167.0	7.0	2.9934025305	1.03
25662_1_1_1	25662_1_1_1	25662_1_1_1	3000651.0	3000651.0	0.0	moderate	25662_1_1_1	93.0	7.0	0.0	1.34
25665_1_1_1	25665_1_1_1	25665_1_1_1	4001162.032939432	4001162.032939432	0.0	strict	25665_1_1_1	194.0	6.0	1.9670605676	1.96
25668_1_1_1	25659_1_1_1	25659_1_1_1	4000322.0	4000322.0	0.0	strict	25659_1_1_1	46.0	7.0	0.0	3.01
25668_1_1_1	25668_1_1_1	25659_1_1_1	4000301.0	4000322.0	21.0	strict	25668_1_1_1	43.0	7.0	0.0	0.96
25668_1_1_1	25667_1_1_1	25659_1_1_1	2000230.0	4000322.0	2000092.0	tolerant	25667_1_1_1	46.0	5.0	0.0	1.27
25673_1_1_1	25673_1_1_1	25673_1_1_1	2000060.0	2000060.0	0.0	tolerant	25673_1_1_1	20.0	3.0	0.0	0.0
25684_3_1_1	25684_3_1_1	25684_3_1_1	3000142.7681361283	3000142.7681361283	0.0	moderate	25684_3_1_1	36.0	4.0	1.2318638718	0.0
25685_1_1_1	25685_1_1_1	25685_1_1_1	4001002.0	4001002.0	0.0	strict	25685_1_1_1	167.0	6.0	0.0	0.32
25689_1_1_1	25689_1_1_1	25689_1_1_1	2000577.21349446	2000577.21349446	0.0	tolerant	25689_1_1_1	116.0	5.0	2.7865055398	1.03
25690_1_1_1	25690_1_1_1	25690_1_1_1	3000914.0495938472	3000914.0495938472	0.0	moderate	25690_1_1_1	131.0	7.0	2.9504061526	1.36
25691_1_1_1	25691_1_1_1	25691_1_1_1	4000212.0	4000212.0	0.0	strict	25691_1_1_1	53.0	4.0	0.0	0.0
25691_1_1_1	4864_1_1_1	25691_1_1_1	3000196.0	4000212.0	1000016.0	moderate	4864_1_1_1	49.0	4.0	0.0	0.0
25691_1_1_1	146_1_1_1	25691_1_1_1	3000165.0	4000212.0	1000047.0	moderate	146_1_1_1	55.0	3.0	0.0	0.0
25691_1_1_1	5519_1_1_1	25691_1_1_1	3000162.0	4000212.0	1000050.0	moderate	5519_1_1_1	54.0	3.0	0.0	0.0
25691_1_1_1	5469_1_1_1	25691_1_1_1	3000156.0	4000212.0	1000056.0	moderate	5469_1_1_1	52.0	3.0	0.0	0.0
25691_1_1_1	5470_1_1_1	25691_1_1_1	3000156.0	4000212.0	1000056.0	moderate	5470_1_1_1	52.0	3.0	0.0	0.0
25691_1_1_1	5473_1_1_1	25691_1_1_1	2000378.0	4000212.0	1999834.0	tolerant	5473_1_1_1	54.0	7.0	0.0	2.13
25692_1_1_1	25692_1_1_1	25692_1_1_1	3000552.0	3000552.0	0.0	moderate	25692_1_1_1	138.0	4.0	0.0	0.0
25698_1_1_1	25697_1_1_1	25697_1_1_1	4001065.0	4001065.0	0.0	strict	25697_1_1_1	213.0	5.0	0.0	1.08
25698_1_1_1	25698_1_1_1	25697_1_1_1	4000816.0	4001065.0	249.0	strict	25698_1_1_1	204.0	4.0	0.0	0.0
25698_1_1_1	25696_1_1_1	25697_1_1_1	3001055.0	4001065.0	1000010.0	moderate	25696_1_1_1	211.0	5.0	0.0	0.95
25698_1_1_1	16367_1_1_1	25697_1_1_1	3001050.0	4001065.0	1000015.0	moderate	16367_1_1_1	210.0	5.0	0.0	1.68
25698_1_1_1	16393_1_1_1	25697_1_1_1	3000525.0	4001065.0	1000540.0	moderate	16393_1_1_1	175.0	3.0	0.0	0.0
25698_1_1_1	16394_1_1_1	25697_1_1_1	2000226.0	4001065.0	2000839.0	tolerant	16394_1_1_1	113.0	2.0	0.0	0.0
25699_1_1_1	25699_1_1_1	25699_1_1_1	3000140.0	3000140.0	0.0	moderate	25699_1_1_1	28.0	5.0	0.0	0.22
25705_1_1_1	25705_1_1_1	25705_1_1_1	3001115.0	3001115.0	0.0	moderate	25705_1_1_1	223.0	5.0	0.0	0.6
25706_1_1_1	25706_1_1_1	25706_1_1_1	2000483.346793804	2000483.346793804	0.0	tolerant	25706_1_1_1	81.0	6.0	2.6532061961	0.25
25710_1_1_1	25710_1_1_1	25710_1_1_1	2000644.0	2000644.0	0.0	tolerant	25710_1_1_1	161.0	4.0	0.0	0.84
25712_1_1_1	25712_1_1_1	25712_1_1_1	4001477.0	4001477.0	0.0	strict	25712_1_1_1	211.0	7.0	0.0	0.28
25718_1_1_1	25718_1_1_1	25718_1_1_1	3000322.0	3000322.0	0.0	moderate	25718_1_1_1	46.0	7.0	0.0	0.87
25720_1_1_1	25720_1_1_1	25720_1_1_1	3000385.0	3000385.0	0.0	moderate	25720_1_1_1	55.0	7.0	0.0	0.28
25721_1_1_1	25721_1_1_1	25721_1_1_1	3000270.3783907415	3000270.3783907415	0.0	moderate	25721_1_1_1	39.0	7.0	2.6216092583	0.51
25722_1_1_1	25722_1_1_1	25722_1_1_1	3000192.0	3000192.0	0.0	moderate	25722_1_1_1	48.0	4.0	0.0	0.0
25725_1_1_1	36041_1_1_1	36041_1_1_1	3000078.0	3000078.0	0.0	moderate	36041_1_1_1	26.0	3.0	0.0	0.0
25725_1_1_1	25725_1_1_1	36041_1_1_1	3000075.0	3000078.0	3.0	moderate	25725_1_1_1	25.0	3.0	0.0	0.0
25728_1_1_1	25728_1_1_1	25728_1_1_1	4000800.0	4000800.0	0.0	strict	25728_1_1_1	160.0	5.0	0.0	0.33
25732_1_1_1	25732_1_1_1	25732_1_1_1	2000385.0	2000385.0	0.0	tolerant	25732_1_1_1	77.0	5.0	0.0	1.46
25740_1_1_1	25740_1_1_1	25740_1_1_1	3000613.610342086	3000613.610342086	0.0	moderate	25740_1_1_1	88.0	7.0	2.3896579142	0.86
25740_1_1_1	27323_1_1_1	25740_1_1_1	2000346.119475406	3000613.610342086	1000267.4908666799	tolerant	27323_1_1_1	87.0	4.0	1.880524594	0.67
25740_1_1_1	27322_1_1_1	25740_1_1_1	2000337.4843525123	3000613.610342086	1000276.1259895735	tolerant	27322_1_1_1	85.0	4.0	2.5156474877	1.05
25740_1_1_1	27324_1_1_1	25740_1_1_1	2000169.0652842296	3000613.610342086	1000444.5450578562	tolerant	27324_1_1_1	85.0	2.0	0.9347157701	1.45
25743_1_1_1	25743_1_1_1	25743_1_1_1	3000723.007973174	3000723.007973174	0.0	moderate	25743_1_1_1	121.0	6.0	2.992026826	0.31
25745_1_1_1	25745_1_1_1	25745_1_1_1	2000326.7566939432	2000326.7566939432	0.0	tolerant	25745_1_1_1	82.0	4.0	1.2433060567	2.92
25748_1_1_1	25748_1_1_1	25748_1_1_1	3000864.0	3000864.0	0.0	moderate	25748_1_1_1	144.0	6.0	0.0	1.92
25750_1_1_1	25750_1_1_1	25750_1_1_1	3000429.334618901	3000429.334618901	0.0	moderate	25750_1_1_1	72.0	6.0	2.6653810993	3.53
25754_1_1_1	25754_1_1_1	25754_1_1_1	3000105.0	3000105.0	0.0	moderate	25754_1_1_1	21.0	5.0	0.0	0.0
25755_1_1_1	18710_1_1_1	18710_1_1_1	3000357.0	3000357.0	0.0	moderate	18710_1_1_1	51.0	7.0	0.0	1.21
25755_1_1_1	25755_1_1_1	18710_1_1_1	3000324.0	3000357.0	33.0	moderate	25755_1_1_1	54.0	6.0	0.0	0.47
25755_1_1_1	25753_1_1_1	18710_1_1_1	3000306.0	3000357.0	51.0	moderate	25753_1_1_1	51.0	6.0	0.0	1.08
25755_1_1_1	4067_4_1_1	18710_1_1_1	3000156.0	3000357.0	201.0	moderate	4067_4_1_1	52.0	3.0	0.0	0.0
25755_1_1_1	5296_1_1_1	18710_1_1_1	3000150.0	3000357.0	207.0	moderate	5296_1_1_1	50.0	3.0	0.0	0.0
25755_1_1_1	5724_1_1_1	18710_1_1_1	3000150.0	3000357.0	207.0	moderate	5724_1_1_1	50.0	3.0	0.0	0.0
25755_1_1_1	5725_1_1_1	18710_1_1_1	3000150.0	3000357.0	207.0	moderate	5725_1_1_1	50.0	3.0	0.0	0.0
25755_1_1_1	5726_1_1_1	18710_1_1_1	3000150.0	3000357.0	207.0	moderate	5726_1_1_1	50.0	3.0	0.0	0.0
25755_1_1_1	5727_1_1_1	18710_1_1_1	3000150.0	3000357.0	207.0	moderate	5727_1_1_1	50.0	3.0	0.0	0.0
25755_1_1_1	5728_1_1_1	18710_1_1_1	3000150.0	3000357.0	207.0	moderate	5728_1_1_1	50.0	3.0	0.0	0.0
25760_1_1_1	25760_1_1_1	25760_1_1_1	4001155.0	4001155.0	0.0	strict	25760_1_1_1	165.0	7.0	0.0	3.01
25761_1_1_1	25761_1_1_1	25761_1_1_1	4000648.0	4000648.0	0.0	strict	25761_1_1_1	108.0	6.0	0.0	2.64
25769_1_1_1	25769_1_1_1	25769_1_1_1	2000038.0	2000038.0	0.0	tolerant	25769_1_1_1	19.0	2.0	0.0	0.0
25770_1_1_1	25770_1_1_1	25770_1_1_1	3000977.49020592	3000977.49020592	0.0	moderate	25770_1_1_1	140.0	7.0	2.5097940803	0.86
25771_1_1_1	25771_1_1_1	25771_1_1_1	3000105.55160713	3000105.55160713	0.0	moderate	25771_1_1_1	36.0	3.0	2.4483928699	0.0
25772_1_1_1	25772_1_1_1	25772_1_1_1	3000165.0	3000165.0	0.0	moderate	25772_1_1_1	55.0	3.0	0.0	0.0
25773_1_1_1	25773_1_1_1	25773_1_1_1	2000464.1332181704	2000464.1332181704	0.0	tolerant	25773_1_1_1	93.0	5.0	0.8667818295	1.8
25774_1_1_1	25774_1_1_1	25774_1_1_1	3000210.0	3000210.0	0.0	moderate	25774_1_1_1	30.0	7.0	0.0	0.0
25774_1_1_1	34212_1_1_1	25774_1_1_1	2000145.0	3000210.0	1000065.0	tolerant	34212_1_1_1	29.0	5.0	0.0	0.0
25776_1_1_1	25776_1_1_1	25776_1_1_1	2000685.6280007549	2000685.6280007549	0.0	tolerant	25776_1_1_1	172.0	4.0	2.3719992451	1.18
25776_1_1_1	25768_1_1_1	25776_1_1_1	2000583.8364031625	2000685.6280007549	101.79159759241156	tolerant	25768_1_1_1	195.0	3.0	1.1635968378	1.61
25778_1_1_1	25778_1_1_1	25778_1_1_1	3000518.0	3000518.0	0.0	moderate	25778_1_1_1	74.0	7.0	0.0	0.62
25782_1_1_1	25782_1_1_1	25782_1_1_1	3000090.0	3000090.0	0.0	moderate	25782_1_1_1	18.0	5.0	0.0	0.0
25783_1_1_1	25783_1_1_1	25783_1_1_1	3000110.0	3000110.0	0.0	moderate	25783_1_1_1	22.0	5.0	0.0	0.0
25786_1_1_1	30199_1_1_1	30199_1_1_1	3000546.0	3000546.0	0.0	moderate	30199_1_1_1	78.0	7.0	0.0	0.1
25786_1_1_1	25786_1_1_1	30199_1_1_1	3000539.0	3000546.0	7.0	moderate	25786_1_1_1	77.0	7.0	0.0	0.1
25789_1_1_1	25789_1_1_1	25789_1_1_1	4000336.0	4000336.0	0.0	strict	25789_1_1_1	48.0	7.0	0.0	1.87
25790_1_1_1	25790_1_1_1	25790_1_1_1	4000469.0	4000469.0	0.0	strict	25790_1_1_1	67.0	7.0	0.0	0.52
25792_1_1_1	25792_1_1_1	25792_1_1_1	4000464.0	4000464.0	0.0	strict	25792_1_1_1	116.0	4.0	0.0	2.97
25798_1_1_1	25798_1_1_1	25798_1_1_1	4001001.0	4001001.0	0.0	strict	25798_1_1_1	143.0	7.0	0.0	2.27
25801_1_1_1	25801_1_1_1	25801_1_1_1	4000567.0	4000567.0	0.0	strict	25801_1_1_1	81.0	7.0	0.0	1.2
25802_1_1_1	25802_1_1_1	25802_1_1_1	3000966.0	3000966.0	0.0	moderate	25802_1_1_1	138.0	7.0	0.0	0.49
25804_1_1_1	25804_1_1_1	25804_1_1_1	3000174.0	3000174.0	0.0	moderate	25804_1_1_1	29.0	6.0	0.0	0.0
25804_1_1_1	6135_1_1_1	25804_1_1_1	2000084.0	3000174.0	1000090.0	tolerant	6135_1_1_1	28.0	3.0	0.0	0.0
25805_1_1_1	25805_1_1_1	25805_1_1_1	4000896.0	4000896.0	0.0	strict	25805_1_1_1	128.0	7.0	0.0	0.73
25806_1_1_1	25806_1_1_1	25806_1_1_1	4000245.0	4000245.0	0.0	strict	25806_1_1_1	35.0	7.0	0.0	1.03
2580_1_1_1	2580_1_1_1	2580_1_1_1	1000190.5645826884	1000190.5645826884	0.0	unfiltered	2580_1_1_1	69.0	3.0	16.4354173115	0.0
25816_1_1_1	25816_1_1_1	25816_1_1_1	4000618.0	4000618.0	0.0	strict	25816_1_1_1	103.0	6.0	0.0	1.52
25818_1_1_1	25818_1_1_1	25818_1_1_1	3000312.375085774	3000312.375085774	0.0	moderate	25818_1_1_1	45.0	7.0	2.6249142262	0.64
25819_1_1_1	25600_1_1_1	25600_1_1_1	4000564.0	4000564.0	0.0	strict	25600_1_1_1	94.0	6.0	0.0	0.79
25819_1_1_1	25819_1_1_1	25600_1_1_1	4000540.0	4000564.0	24.0	strict	25819_1_1_1	90.0	6.0	0.0	0.79
25825_1_1_1	25825_1_1_1	25825_1_1_1	2000462.8352052872	2000462.8352052872	0.0	tolerant	25825_1_1_1	93.0	5.0	2.1647947126	1.16
25827_1_1_1	25827_1_1_1	25827_1_1_1	4000518.0	4000518.0	0.0	strict	25827_1_1_1	74.0	7.0	0.0	1.98
25834_1_1_1	25834_1_1_1	25834_1_1_1	3001194.21791522	3001194.21791522	0.0	moderate	25834_1_1_1	171.0	7.0	2.7820847799	1.29
25835_1_1_1	25835_1_1_1	25835_1_1_1	2000195.0	2000195.0	0.0	tolerant	25835_1_1_1	39.0	5.0	0.0	0.86
25836_1_1_1	25836_1_1_1	25836_1_1_1	3000336.0	3000336.0	0.0	moderate	25836_1_1_1	56.0	6.0	0.0	2.49
25838_1_1_1	25838_1_1_1	25838_1_1_1	3000387.000004568	3000387.000004568	0.0	moderate	25838_1_1_1	78.0	5.0	2.9999954319	1.41
25845_1_1_1	25845_1_1_1	25845_1_1_1	3000102.0	3000102.0	0.0	moderate	25845_1_1_1	34.0	3.0	0.0	0.0
25845_1_1_1	25844_1_1_1	25845_1_1_1	3000102.0	3000102.0	0.0	moderate	25844_1_1_1	34.0	3.0	0.0	0.0
25845_1_1_1	17956_1_1_1	25845_1_1_1	3000084.0	3000102.0	18.0	moderate	17956_1_1_1	28.0	3.0	0.0	0.0
25846_1_1_1	25846_1_1_1	25846_1_1_1	3000057.0	3000057.0	0.0	moderate	25846_1_1_1	19.0	3.0	0.0	0.0
25847_1_1_1	25847_1_1_1	25847_1_1_1	2000186.0	2000186.0	0.0	tolerant	25847_1_1_1	31.0	6.0	0.0	0.0
25848_1_1_1	25848_1_1_1	25848_1_1_1	3000504.0	3000504.0	0.0	moderate	25848_1_1_1	72.0	7.0	0.0	0.68
25850_1_1_1	25850_1_1_1	25850_1_1_1	2000691.2209712104	2000691.2209712104	0.0	tolerant	25850_1_1_1	99.0	7.0	1.7790287896	0.81
25850_1_1_1	25868_1_1_1	25850_1_1_1	2000679.0	2000691.2209712104	12.220971210394055	tolerant	25868_1_1_1	97.0	7.0	0.0	0.3
25853_1_1_1	25853_1_1_1	25853_1_1_1	3000518.0	3000518.0	0.0	moderate	25853_1_1_1	74.0	7.0	0.0	1.2
25856_1_1_1	31199_1_1_1	31199_1_1_1	4000490.0	4000490.0	0.0	strict	31199_1_1_1	70.0	7.0	0.0	2.72
25856_1_1_1	25856_1_1_1	31199_1_1_1	4000469.0	4000490.0	21.0	strict	25856_1_1_1	67.0	7.0	0.0	0.72
25856_1_1_1	27349_1_1_1	31199_1_1_1	3000518.0	4000490.0	999972.0	moderate	27349_1_1_1	74.0	7.0	0.0	0.75
25856_1_1_1	26649_1_1_1	31199_1_1_1	3000497.0	4000490.0	999993.0	moderate	26649_1_1_1	71.0	7.0	0.0	0.81
25856_1_1_1	25656_1_1_1	31199_1_1_1	3000476.0	4000490.0	1000014.0	moderate	25656_1_1_1	68.0	7.0	0.0	0.92
25857_1_1_1	25858_1_1_1	25858_1_1_1	3000153.0	3000153.0	0.0	moderate	25858_1_1_1	51.0	3.0	0.0	0.0
25857_1_1_1	25857_1_1_1	25858_1_1_1	3000147.0	3000153.0	6.0	moderate	25857_1_1_1	49.0	3.0	0.0	0.0
25863_2_1_1	25863_2_1_1	25863_2_1_1	3000697.2469059327	3000697.2469059327	0.0	moderate	25863_2_1_1	140.0	5.0	2.7530940675	1.25
25869_1_1_1	25869_1_1_1	25869_1_1_1	2000964.3586898043	2000964.3586898043	0.0	tolerant	25869_1_1_1	161.0	6.0	1.6413101957	0.62
25872_1_1_1	25872_1_1_1	25872_1_1_1	3000259.0	3000259.0	0.0	moderate	25872_1_1_1	37.0	7.0	0.0	2.75
25873_1_1_1	25873_1_1_1	25873_1_1_1	2000084.0	2000084.0	0.0	tolerant	25873_1_1_1	42.0	2.0	0.0	0.0
25877_1_1_1	25877_1_1_1	25877_1_1_1	2000143.2875531164	2000143.2875531164	0.0	tolerant	25877_1_1_1	29.0	5.0	1.7124468836	2.38
25880_1_1_1	25880_1_1_1	25880_1_1_1	4000428.374545018	4000428.374545018	0.0	strict	25880_1_1_1	86.0	5.0	1.6254549817	0.53
25883_1_1_1	25883_1_1_1	25883_1_1_1	2000452.3498872009	2000452.3498872009	0.0	tolerant	25883_1_1_1	91.0	5.0	2.6501127992	0.27
25886_1_1_1	25886_1_1_1	25886_1_1_1	4000609.0	4000609.0	0.0	strict	25886_1_1_1	87.0	7.0	0.0	0.15
25887_1_1_1	25887_1_1_1	25887_1_1_1	3000518.0	3000518.0	0.0	moderate	25887_1_1_1	74.0	7.0	0.0	0.82
25889_1_1_1	25889_1_1_1	25889_1_1_1	2000377.4828775872	2000377.4828775872	0.0	tolerant	25889_1_1_1	190.0	2.0	2.5171224126	0.0
25895_1_1_1	25895_1_1_1	25895_1_1_1	2000622.1204983897	2000622.1204983897	0.0	tolerant	25895_1_1_1	125.0	5.0	2.8795016104	1.69
25896_1_1_1	25896_1_1_1	25896_1_1_1	4000780.0	4000780.0	0.0	strict	25896_1_1_1	156.0	5.0	0.0	0.46
25900_1_1_1	25900_1_1_1	25900_1_1_1	1000048.731781585	1000048.731781585	0.0	unfiltered	25900_1_1_1	18.0	3.0	5.268218415	0.0
25904_1_1_1	25904_1_1_1	25904_1_1_1	4001016.0	4001016.0	0.0	strict	25904_1_1_1	254.0	4.0	0.0	0.0
25904_1_1_1	27048_1_1_1	25904_1_1_1	3001785.0	4001016.0	999231.0	moderate	27048_1_1_1	255.0	7.0	0.0	0.57
25905_1_1_1	25905_1_1_1	25905_1_1_1	3000651.0748116486	3000651.0748116486	0.0	moderate	25905_1_1_1	109.0	6.0	2.9251883516	0.96
25912_1_1_1	25912_1_1_1	25912_1_1_1	3000669.6370745455	3000669.6370745455	0.0	moderate	25912_1_1_1	96.0	7.0	2.3629254543	1.07
25918_1_1_1	25918_1_1_1	25918_1_1_1	4000887.824242107	4000887.824242107	0.0	strict	25918_1_1_1	127.0	7.0	1.1757578923	1.2
25921_1_1_1	25921_1_1_1	25921_1_1_1	2000459.8816919464	2000459.8816919464	0.0	tolerant	25921_1_1_1	77.0	6.0	2.1183080536	1.58
25922_1_1_1	25922_1_1_1	25922_1_1_1	3000120.0	3000120.0	0.0	moderate	25922_1_1_1	40.0	3.0	0.0	0.0
25923_1_1_1	25923_1_1_1	25923_1_1_1	2000832.0438584876	2000832.0438584876	0.0	tolerant	25923_1_1_1	139.0	6.0	1.9561415123	3.07
25924_1_1_1	25924_1_1_1	25924_1_1_1	4000518.0	4000518.0	0.0	strict	25924_1_1_1	74.0	7.0	0.0	2.73
25924_1_1_1	16256_1_1_1	25924_1_1_1	3000426.0	4000518.0	1000092.0	moderate	16256_1_1_1	71.0	6.0	0.0	1.04
25927_1_1_1	25927_1_1_1	25927_1_1_1	2000520.0	2000520.0	0.0	tolerant	25927_1_1_1	104.0	5.0	0.0	1.5
25929_1_1_1	25929_1_1_1	25929_1_1_1	4000104.0	4000104.0	0.0	strict	25929_1_1_1	26.0	4.0	0.0	0.0
25930_1_1_1	25930_1_1_1	25930_1_1_1	4000104.0	4000104.0	0.0	strict	25930_1_1_1	26.0	4.0	0.0	0.0
25935_1_1_1	25935_1_1_1	25935_1_1_1	3000284.134565304	3000284.134565304	0.0	moderate	25935_1_1_1	41.0	7.0	2.865434696	0.6
25939_1_1_1	25939_1_1_1	25939_1_1_1	3000093.0	3000093.0	0.0	moderate	25939_1_1_1	31.0	3.0	0.0	0.0
25943_1_1_1	25943_1_1_1	25943_1_1_1	2000528.0	2000528.0	0.0	tolerant	25943_1_1_1	88.0	6.0	0.0	0.13
25944_1_1_1	25944_1_1_1	25944_1_1_1	4000679.0	4000679.0	0.0	strict	25944_1_1_1	97.0	7.0	0.0	0.25
25948_1_1_1	25948_1_1_1	25948_1_1_1	2000081.0	2000081.0	0.0	tolerant	25948_1_1_1	27.0	3.0	0.0	0.0
25949_1_1_1	25949_1_1_1	25949_1_1_1	1000101.0874192317	1000101.0874192317	0.0	unfiltered	25949_1_1_1	37.0	3.0	9.9125807683	0.0
25952_1_1_1	25952_1_1_1	25952_1_1_1	4000440.0	4000440.0	0.0	strict	25952_1_1_1	88.0	5.0	0.0	1.84
25956_1_1_1	25956_1_1_1	25956_1_1_1	3000726.160681131	3000726.160681131	0.0	moderate	25956_1_1_1	104.0	7.0	1.8393188691	0.51
25959_1_1_1	25959_1_1_1	25959_1_1_1	2000180.0	2000180.0	0.0	tolerant	25959_1_1_1	36.0	5.0	0.0	0.27
25966_1_1_1	25966_1_1_1	25966_1_1_1	2000150.0	2000150.0	0.0	tolerant	25966_1_1_1	25.0	6.0	0.0	1.15
25970_1_1_1	25970_1_1_1	25970_1_1_1	4000811.0392497666	4000811.0392497666	0.0	strict	25970_1_1_1	116.0	7.0	0.9607502333	2.7
25975_1_1_1	25975_1_1_1	25975_1_1_1	3000791.0	3000791.0	0.0	moderate	25975_1_1_1	113.0	7.0	0.0	0.69
25976_1_1_1	25976_1_1_1	25976_1_1_1	4000644.0	4000644.0	0.0	strict	25976_1_1_1	92.0	7.0	0.0	0.77
25982_1_1_1	25982_1_1_1	25982_1_1_1	1000072.0	1000072.0	0.0	unfiltered	25982_1_1_1	24.0	3.0	0.0	0.0
25983_1_1_1	25983_1_1_1	25983_1_1_1	4000630.0	4000630.0	0.0	strict	25983_1_1_1	105.0	6.0	0.0	1.64
25989_1_1_1	25989_1_1_1	25989_1_1_1	2001137.373969394	2001137.373969394	0.0	tolerant	25989_1_1_1	228.0	5.0	2.6260306059	2.29
25989_1_1_1	25990_1_1_1	25989_1_1_1	2000587.291525405	2001137.373969394	550.0824439891148	tolerant	25990_1_1_1	196.0	3.0	0.7084745951	2.09
25991_1_1_1	25991_1_1_1	25991_1_1_1	2000265.0	2000265.0	0.0	tolerant	25991_1_1_1	53.0	5.0	0.0	2.42
25992_1_1_1	25992_1_1_1	25992_1_1_1	2000082.1433543607	2000082.1433543607	0.0	tolerant	25992_1_1_1	42.0	2.0	1.8566456393	1.73
25993_1_1_1	27170_1_1_1	27170_1_1_1	4001218.0	4001218.0	0.0	strict	27170_1_1_1	174.0	7.0	0.0	1.35
25993_1_1_1	16173_1_1_1	27170_1_1_1	4001211.0	4001218.0	7.0	strict	16173_1_1_1	173.0	7.0	0.0	1.08
25993_1_1_1	25993_1_1_1	27170_1_1_1	4001197.0	4001218.0	21.0	strict	25993_1_1_1	171.0	7.0	0.0	1.15
25993_1_1_1	18953_1_1_1	27170_1_1_1	4001190.0	4001218.0	28.0	strict	18953_1_1_1	170.0	7.0	0.0	0.51
25993_1_1_1	6253_1_1_1	27170_1_1_1	3001211.0	4001218.0	1000007.0	moderate	6253_1_1_1	173.0	7.0	0.0	0.89
25993_1_1_1	17576_1_1_1	27170_1_1_1	3001204.0	4001218.0	1000014.0	moderate	17576_1_1_1	172.0	7.0	0.0	0.89
25993_1_1_1	17582_1_1_1	27170_1_1_1	3001183.0	4001218.0	1000035.0	moderate	17582_1_1_1	169.0	7.0	0.0	0.9
25993_1_1_1	27039_1_1_1	27170_1_1_1	1000156.0	4001218.0	3001062.0	unfiltered	27039_1_1_1	39.0	4.0	0.0	1.49
25994_1_1_1	25994_1_1_1	25994_1_1_1	4000702.0	4000702.0	0.0	strict	25994_1_1_1	117.0	6.0	0.0	0.85
26001_1_1_1	26001_1_1_1	26001_1_1_1	3000378.0	3000378.0	0.0	moderate	26001_1_1_1	54.0	7.0	0.0	0.7
26010_1_1_1	26010_1_1_1	26010_1_1_1	4001134.0	4001134.0	0.0	strict	26010_1_1_1	162.0	7.0	0.0	0.97
26011_1_1_1	26011_1_1_1	26011_1_1_1	4000910.0	4000910.0	0.0	strict	26011_1_1_1	130.0	7.0	0.0	0.62
26012_1_1_1	26012_1_1_1	26012_1_1_1	2000949.1110063908	2000949.1110063908	0.0	tolerant	26012_1_1_1	136.0	7.0	2.8889936092	1.03
26022_1_1_1	26022_1_1_1	26022_1_1_1	4000595.0	4000595.0	0.0	strict	26022_1_1_1	85.0	7.0	0.0	1.06
26025_1_1_1	26025_1_1_1	26025_1_1_1	3000725.5684810393	3000725.5684810393	0.0	moderate	26025_1_1_1	104.0	7.0	2.4315189607	1.09
26027_1_1_1	26027_1_1_1	26027_1_1_1	2000369.7785770136	2000369.7785770136	0.0	tolerant	26027_1_1_1	62.0	6.0	2.2214229863	0.86
26029_1_1_1	26029_1_1_1	26029_1_1_1	2000221.183015856	2000221.183015856	0.0	tolerant	26029_1_1_1	56.0	4.0	2.8169841437	1.03
26034_1_1_1	26034_1_1_1	26034_1_1_1	4000170.0	4000170.0	0.0	strict	26034_1_1_1	34.0	5.0	0.0	0.15
26037_1_1_1	26038_1_1_1	26038_1_1_1	3000066.0	3000066.0	0.0	moderate	26038_1_1_1	22.0	3.0	0.0	0.0
26037_1_1_1	26037_1_1_1	26038_1_1_1	3000057.0	3000066.0	9.0	moderate	26037_1_1_1	19.0	3.0	0.0	0.0
26037_1_1_1	26036_1_1_1	26038_1_1_1	3000057.0	3000066.0	9.0	moderate	26036_1_1_1	19.0	3.0	0.0	0.0
26040_1_1_1	26040_1_1_1	26040_1_1_1	3000066.0	3000066.0	0.0	moderate	26040_1_1_1	22.0	3.0	0.0	0.0
26044_1_1_1	26044_1_1_1	26044_1_1_1	3001085.0	3001085.0	0.0	moderate	26044_1_1_1	217.0	5.0	0.0	2.92
26046_1_1_1	26046_1_1_1	26046_1_1_1	4000252.0	4000252.0	0.0	strict	26046_1_1_1	36.0	7.0	0.0	0.0
26052_1_1_1	26052_1_1_1	26052_1_1_1	3000893.4866352165	3000893.4866352165	0.0	moderate	26052_1_1_1	128.0	7.0	2.5133647837	1.28
26053_1_1_1	26053_1_1_1	26053_1_1_1	4000742.0	4000742.0	0.0	strict	26053_1_1_1	106.0	7.0	0.0	1.35
26054_1_1_1	26054_1_1_1	26054_1_1_1	3000188.0	3000188.0	0.0	moderate	26054_1_1_1	47.0	4.0	0.0	0.0
26056_1_1_1	26056_1_1_1	26056_1_1_1	3000066.0	3000066.0	0.0	moderate	26056_1_1_1	22.0	3.0	0.0	0.0
26058_1_1_1	26058_1_1_1	26058_1_1_1	4000492.0	4000492.0	0.0	strict	26058_1_1_1	123.0	4.0	0.0	0.0
26061_1_1_1	26061_1_1_1	26061_1_1_1	3000826.0	3000826.0	0.0	moderate	26061_1_1_1	118.0	7.0	0.0	0.7
26062_1_1_1	26062_1_1_1	26062_1_1_1	2000173.881167476	2000173.881167476	0.0	tolerant	26062_1_1_1	44.0	4.0	2.1188325241	0.09
26063_1_1_1	26063_1_1_1	26063_1_1_1	4000184.0	4000184.0	0.0	strict	26063_1_1_1	46.0	4.0	0.0	0.0
26068_1_1_1	26068_1_1_1	26068_1_1_1	4000576.0	4000576.0	0.0	strict	26068_1_1_1	96.0	6.0	0.0	1.85
26309_1_1_1	26309_1_1_1	26309_1_1_1	4000690.0	4000690.0	0.0	strict	26309_1_1_1	138.0	5.0	0.0	0.68
26312_1_1_1	26312_1_1_1	26312_1_1_1	4000602.0	4000602.0	0.0	strict	26312_1_1_1	86.0	7.0	0.0	0.43
26312_1_1_1	36226_1_1_1	26312_1_1_1	2000552.0	4000602.0	2000050.0	tolerant	36226_1_1_1	92.0	6.0	0.0	0.27
26312_1_1_1	5329_1_1_1	26312_1_1_1	2000538.4354658723	4000602.0	2000063.5645341277	tolerant	5329_1_1_1	90.0	6.0	1.5645341278	0.36
26314_1_1_1	26314_1_1_1	26314_1_1_1	2000449.8069417027	2000449.8069417027	0.0	tolerant	26314_1_1_1	113.0	4.0	2.1930582972	5.72
26315_1_1_1	26315_1_1_1	26315_1_1_1	3000138.0	3000138.0	0.0	moderate	26315_1_1_1	46.0	3.0	0.0	0.0
26317_1_1_1	26317_1_1_1	26317_1_1_1	3000507.309375558	3000507.309375558	0.0	moderate	26317_1_1_1	102.0	5.0	2.690624442	1.15
26318_1_1_1	26318_1_1_1	26318_1_1_1	3000746.013438706	3000746.013438706	0.0	moderate	26318_1_1_1	187.0	4.0	1.9865612947	0.52
26321_1_1_1	26321_1_1_1	26321_1_1_1	3000240.0	3000240.0	0.0	moderate	26321_1_1_1	48.0	5.0	0.0	2.2
26322_1_1_1	26322_1_1_1	26322_1_1_1	4000500.0	4000500.0	0.0	strict	26322_1_1_1	100.0	5.0	0.0	2.82
26328_1_1_1	26328_1_1_1	26328_1_1_1	3000510.0	3000510.0	0.0	moderate	26328_1_1_1	102.0	5.0	0.0	1.11
26345_1_1_1	26345_1_1_1	26345_1_1_1	3000593.1634622114	3000593.1634622114	0.0	moderate	26345_1_1_1	119.0	5.0	1.8365377888	0.86
26350_1_1_1	26350_1_1_1	26350_1_1_1	2000408.750360962	2000408.750360962	0.0	tolerant	26350_1_1_1	205.0	2.0	1.249639038	0.0
26509_1_1_1	26509_1_1_1	26509_1_1_1	2000738.0	2000738.0	0.0	tolerant	26509_1_1_1	123.0	6.0	0.0	1.96
26517_1_1_1	26517_1_1_1	26517_1_1_1	4000642.0	4000642.0	0.0	strict	26517_1_1_1	107.0	6.0	0.0	0.41
26518_1_1_1	26518_1_1_1	26518_1_1_1	4000882.0	4000882.0	0.0	strict	26518_1_1_1	126.0	7.0	0.0	1.75
26527_1_1_1	26527_1_1_1	26527_1_1_1	4000420.0	4000420.0	0.0	strict	26527_1_1_1	84.0	5.0	0.0	0.36
26530_1_1_1	26530_1_1_1	26530_1_1_1	3001138.477784006	3001138.477784006	0.0	moderate	26530_1_1_1	163.0	7.0	2.5222159943	0.99
26534_1_1_1	26534_1_1_1	26534_1_1_1	4000868.0	4000868.0	0.0	strict	26534_1_1_1	124.0	7.0	0.0	0.98
26543_1_1_1	26543_1_1_1	26543_1_1_1	2000312.0	2000312.0	0.0	tolerant	26543_1_1_1	156.0	2.0	0.0	2.32
26545_1_1_1	26544_1_1_1	26544_1_1_1	2000482.913109491	2000482.913109491	0.0	tolerant	26544_1_1_1	97.0	5.0	2.0868905088	1.94
26545_1_1_1	26545_1_1_1	26544_1_1_1	2000477.7188665904	2000482.913109491	5.194242900703102	tolerant	26545_1_1_1	96.0	5.0	2.2811334094	1.96
26548_1_1_1	26548_1_1_1	26548_1_1_1	1000422.50588866	1000422.50588866	0.0	unfiltered	26548_1_1_1	110.0	4.0	17.4941113399	0.28
26551_1_1_1	26551_1_1_1	26551_1_1_1	4000985.0	4000985.0	0.0	strict	26551_1_1_1	197.0	5.0	0.0	1.12
26551_1_1_1	5700_1_1_1	26551_1_1_1	3001335.056147269	4000985.0	999649.943852731	moderate	5700_1_1_1	223.0	6.0	2.9438527311	1.07
26551_1_1_1	51753_1_1_1	26551_1_1_1	3000960.0	4000985.0	1000025.0	moderate	51753_1_1_1	192.0	5.0	0.0	1.5
26551_1_1_1	51332_1_1_1	26551_1_1_1	2000853.1328281693	4000985.0	2000131.8671718307	tolerant	51332_1_1_1	214.0	4.0	2.8671718307	2.08
26551_1_1_1	27599_1_1_1	26551_1_1_1	2000582.0	4000985.0	2000403.0	tolerant	27599_1_1_1	194.0	3.0	0.0	1.02
26553_1_1_1	26553_1_1_1	26553_1_1_1	4000789.1438407768	4000789.1438407768	0.0	strict	26553_1_1_1	113.0	7.0	1.8561592232	0.4
26554_1_1_1	26554_1_1_1	26554_1_1_1	3000319.504328968	3000319.504328968	0.0	moderate	26554_1_1_1	46.0	7.0	2.4956710322	0.32
26558_1_1_1	26558_1_1_1	26558_1_1_1	2001080.0	2001080.0	0.0	tolerant	26558_1_1_1	180.0	6.0	0.0	0.91
26562_1_1_1	26562_1_1_1	26562_1_1_1	4000276.0	4000276.0	0.0	strict	26562_1_1_1	46.0	6.0	0.0	0.77
26565_1_1_1	26565_1_1_1	26565_1_1_1	3000238.3380604833	3000238.3380604833	0.0	moderate	26565_1_1_1	48.0	5.0	1.6619395165	0.85
26569_1_1_1	26569_1_1_1	26569_1_1_1	4001155.0	4001155.0	0.0	strict	26569_1_1_1	231.0	5.0	0.0	2.01
26573_1_1_1	26573_1_1_1	26573_1_1_1	2000201.080467246	2000201.080467246	0.0	tolerant	26573_1_1_1	51.0	4.0	2.9195327541	2.91
26574_1_1_1	26574_1_1_1	26574_1_1_1	4000460.0	4000460.0	0.0	strict	26574_1_1_1	92.0	5.0	0.0	2.16
26575_1_1_1	26575_1_1_1	26575_1_1_1	2000254.5322518928	2000254.5322518928	0.0	tolerant	26575_1_1_1	85.0	3.0	0.4677481075	2.22
26579_1_1_1	26579_1_1_1	26579_1_1_1	3000662.7346249227	3000662.7346249227	0.0	moderate	26579_1_1_1	95.0	7.0	2.2653750771	0.89
26580_1_1_1	26580_1_1_1	26580_1_1_1	3001127.0	3001127.0	0.0	moderate	26580_1_1_1	161.0	7.0	0.0	1.2
26589_1_1_1	26589_1_1_1	26589_1_1_1	4001360.0	4001360.0	0.0	strict	26589_1_1_1	272.0	5.0	0.0	0.95
26591_1_1_1	26591_1_1_1	26591_1_1_1	1000291.0566945168	1000291.0566945168	0.0	unfiltered	26591_1_1_1	74.0	4.0	4.9433054833	0.58
26592_1_1_1	26592_1_1_1	26592_1_1_1	4000240.0	4000240.0	0.0	strict	26592_1_1_1	60.0	4.0	0.0	0.24
26593_1_1_1	26593_1_1_1	26593_1_1_1	4000686.0	4000686.0	0.0	strict	26593_1_1_1	98.0	7.0	0.0	1.4
26594_1_1_1	26594_1_1_1	26594_1_1_1	3000250.0	3000250.0	0.0	moderate	26594_1_1_1	50.0	5.0	0.0	0.81
26594_1_1_1	26764_1_1_1	26594_1_1_1	1000295.9488492274	3000250.0	1999954.0511507727	unfiltered	26764_1_1_1	50.0	6.0	4.0511507726	1.53
26599_1_1_1	26599_1_1_1	26599_1_1_1	2000198.0	2000198.0	0.0	tolerant	26599_1_1_1	66.0	3.0	0.0	0.93
26608_1_1_1	26608_1_1_1	26608_1_1_1	3001087.165436881	3001087.165436881	0.0	moderate	26608_1_1_1	218.0	5.0	2.8345631189	0.66
26608_1_1_1	26644_1_1_1	26608_1_1_1	2000861.882811834	3001087.165436881	1000225.282625047	tolerant	26644_1_1_1	216.0	4.0	2.1171881659	1.09
26615_1_1_1	26615_1_1_1	26615_1_1_1	3000982.573523365	3000982.573523365	0.0	moderate	26615_1_1_1	197.0	5.0	2.4264766351	1.3
26618_1_1_1	26618_1_1_1	26618_1_1_1	3000819.0	3000819.0	0.0	moderate	26618_1_1_1	117.0	7.0	0.0	0.37
26619_1_1_1	26619_1_1_1	26619_1_1_1	4000540.0	4000540.0	0.0	strict	26619_1_1_1	108.0	5.0	0.0	2.41
26619_1_1_1	16170_1_1_1	26619_1_1_1	3000300.0	4000540.0	1000240.0	moderate	16170_1_1_1	100.0	3.0	0.0	0.0
26624_1_1_1	26624_1_1_1	26624_1_1_1	3000372.7605380276	3000372.7605380276	0.0	moderate	26624_1_1_1	75.0	5.0	2.2394619724	0.68
26624_1_1_1	26623_1_1_1	26624_1_1_1	2000305.4261436404	3000372.7605380276	1000067.3343943872	tolerant	26623_1_1_1	77.0	4.0	2.5738563595	1.23
26628_1_1_1	27002_1_1_1	27002_1_1_1	2000777.2206959836	2000777.2206959836	0.0	tolerant	27002_1_1_1	195.0	4.0	2.7793040163	0.94
26628_1_1_1	26628_1_1_1	27002_1_1_1	2000304.0	2000777.2206959836	473.2206959836185	tolerant	26628_1_1_1	152.0	2.0	0.0	0.0
26631_1_1_1	26631_1_1_1	26631_1_1_1	4000695.0	4000695.0	0.0	strict	26631_1_1_1	139.0	5.0	0.0	0.71
26638_1_1_1	26638_1_1_1	26638_1_1_1	4001127.0	4001127.0	0.0	strict	26638_1_1_1	161.0	7.0	0.0	0.64
26639_1_1_1	26639_1_1_1	26639_1_1_1	2000818.158097068	2000818.158097068	0.0	tolerant	26639_1_1_1	205.0	4.0	1.841902932	1.25
26641_1_1_1	26641_1_1_1	26641_1_1_1	2000740.0	2000740.0	0.0	tolerant	26641_1_1_1	370.0	2.0	0.0	0.0
26642_1_1_1	26642_1_1_1	26642_1_1_1	4000973.2169170985	4000973.2169170985	0.0	strict	26642_1_1_1	195.0	5.0	1.7830829016	2.16
26643_1_1_1	26643_1_1_1	26643_1_1_1	3000573.7198311854	3000573.7198311854	0.0	moderate	26643_1_1_1	96.0	6.0	2.2801688147	1.08
26646_1_1_1	26646_1_1_1	26646_1_1_1	4000885.0	4000885.0	0.0	strict	26646_1_1_1	177.0	5.0	0.0	1.13
26647_1_1_1	26647_1_1_1	26647_1_1_1	4000996.0	4000996.0	0.0	strict	26647_1_1_1	166.0	6.0	0.0	2.97
26650_1_1_1	26650_1_1_1	26650_1_1_1	4000399.0	4000399.0	0.0	strict	26650_1_1_1	57.0	7.0	0.0	1.76
26653_1_1_1	26653_1_1_1	26653_1_1_1	2000543.8516968952	2000543.8516968952	0.0	tolerant	26653_1_1_1	182.0	3.0	2.1483031046	1.94
26654_1_1_1	26654_1_1_1	26654_1_1_1	3000512.0747799794	3000512.0747799794	0.0	moderate	26654_1_1_1	103.0	5.0	2.9252200207	1.17
26656_1_1_1	26656_1_1_1	26656_1_1_1	2000462.473471508	2000462.473471508	0.0	tolerant	26656_1_1_1	116.0	4.0	1.5265284918	2.02
26657_1_1_1	26657_1_1_1	26657_1_1_1	4001141.0	4001141.0	0.0	strict	26657_1_1_1	163.0	7.0	0.0	1.78
26657_1_1_1	50970_1_1_1	26657_1_1_1	3000885.0	4001141.0	1000256.0	moderate	50970_1_1_1	177.0	5.0	0.0	1.52
26658_1_1_1	26658_1_1_1	26658_1_1_1	3000780.0	3000780.0	0.0	moderate	26658_1_1_1	156.0	5.0	0.0	0.42
26661_1_1_1	6226_1_1_1	6226_1_1_1	3000889.0	3000889.0	0.0	moderate	6226_1_1_1	127.0	7.0	0.0	0.75
26661_1_1_1	26661_1_1_1	6226_1_1_1	3000882.0	3000889.0	7.0	moderate	26661_1_1_1	126.0	7.0	0.0	0.56
26663_1_1_1	26663_1_1_1	26663_1_1_1	2000244.868390686	2000244.868390686	0.0	tolerant	26663_1_1_1	82.0	3.0	1.131609314	1.28
26663_1_1_1	26662_1_1_1	26663_1_1_1	2000238.786891348	2000244.868390686	6.081499338150024	tolerant	26662_1_1_1	80.0	3.0	1.2131086519	1.41
26664_1_1_1	26664_1_1_1	26664_1_1_1	2000179.1445332435	2000179.1445332435	0.0	tolerant	26664_1_1_1	90.0	2.0	0.8554667562	0.0
26675_1_1_1	26674_1_1_1	26674_1_1_1	2000192.0	2000192.0	0.0	tolerant	26674_1_1_1	32.0	6.0	0.0	0.0
26675_1_1_1	26675_1_1_1	26674_1_1_1	2000096.0	2000192.0	96.0	tolerant	26675_1_1_1	32.0	3.0	0.0	0.0
26684_1_1_1	26684_1_1_1	26684_1_1_1	2000206.528808519	2000206.528808519	0.0	tolerant	26684_1_1_1	69.0	3.0	0.4711914809	2.24
26689_1_1_1	26689_1_1_1	26689_1_1_1	2000291.0538426524	2000291.0538426524	0.0	tolerant	26689_1_1_1	49.0	6.0	2.9461573477	1.2
26693_1_1_1	26693_1_1_1	26693_1_1_1	3000545.0	3000545.0	0.0	moderate	26693_1_1_1	109.0	5.0	0.0	0.51
26697_1_1_1	26697_1_1_1	26697_1_1_1	1001585.5833301909	1001585.5833301909	0.0	unfiltered	26697_1_1_1	227.0	7.0	3.4166698092	1.86
26698_1_1_1	17715_1_1_1	17715_1_1_1	4000322.0	4000322.0	0.0	strict	17715_1_1_1	46.0	7.0	0.0	1.67
26698_1_1_1	25349_1_1_1	17715_1_1_1	4000287.0	4000322.0	35.0	strict	25349_1_1_1	41.0	7.0	0.0	0.71
26698_1_1_1	26698_1_1_1	17715_1_1_1	4000222.0	4000322.0	100.0	strict	26698_1_1_1	37.0	6.0	0.0	1.6
26698_1_1_1	25864_1_1_1	17715_1_1_1	4000210.0	4000322.0	112.0	strict	25864_1_1_1	35.0	6.0	0.0	2.1
26698_1_1_1	25866_1_1_1	17715_1_1_1	4000204.0	4000322.0	118.0	strict	25866_1_1_1	34.0	6.0	0.0	3.16
26698_1_1_1	50021_1_1_1	17715_1_1_1	4000132.0	4000322.0	190.0	strict	50021_1_1_1	33.0	4.0	0.0	2.49
26698_1_1_1	52114_1_1_1	17715_1_1_1	3000192.0	4000322.0	1000130.0	moderate	52114_1_1_1	32.0	6.0	0.0	1.92
26698_1_1_1	6459_1_1_1	17715_1_1_1	3000140.0	4000322.0	1000182.0	moderate	6459_1_1_1	35.0	4.0	0.0	2.29
26698_1_1_1	15159_1_1_1	17715_1_1_1	3000102.0	4000322.0	1000220.0	moderate	15159_1_1_1	34.0	3.0	0.0	0.0
26700_1_1_1	26700_1_1_1	26700_1_1_1	2000288.0	2000288.0	0.0	tolerant	26700_1_1_1	144.0	2.0	0.0	0.0
26701_1_1_1	26701_1_1_1	26701_1_1_1	2000200.0	2000200.0	0.0	tolerant	26701_1_1_1	100.0	2.0	0.0	0.0
26703_1_1_1	26703_1_1_1	26703_1_1_1	3000385.0	3000385.0	0.0	moderate	26703_1_1_1	77.0	5.0	0.0	1.14
26705_1_1_1	26705_1_1_1	26705_1_1_1	3000635.0	3000635.0	0.0	moderate	26705_1_1_1	127.0	5.0	0.0	0.55
26708_1_1_1	26708_1_1_1	26708_1_1_1	1000281.9033804238	1000281.9033804238	0.0	unfiltered	26708_1_1_1	74.0	4.0	14.0966195762	1.12
26709_1_1_1	26709_1_1_1	26709_1_1_1	3000524.0	3000524.0	0.0	moderate	26709_1_1_1	131.0	4.0	0.0	0.59
26709_1_1_1	19406_2_2_1	26709_1_1_1	2000140.0	3000524.0	1000384.0	tolerant	19406_2_2_1	70.0	2.0	0.0	0.0
26720_1_1_1	26720_1_1_1	26720_1_1_1	2000216.0	2000216.0	0.0	tolerant	26720_1_1_1	72.0	3.0	0.0	3.08
26722_1_1_1	26722_1_1_1	26722_1_1_1	3001587.885924866	3001587.885924866	0.0	moderate	26722_1_1_1	265.0	6.0	2.1140751342	0.49
26723_1_1_1	26723_1_1_1	26723_1_1_1	4000700.0	4000700.0	0.0	strict	26723_1_1_1	100.0	7.0	0.0	0.66
26725_1_1_1	26725_1_1_1	26725_1_1_1	3000609.0	3000609.0	0.0	moderate	26725_1_1_1	87.0	7.0	0.0	3.68
26726_1_1_1	27087_1_1_1	27087_1_1_1	4000400.0	4000400.0	0.0	strict	27087_1_1_1	80.0	5.0	0.0	1.66
26726_1_1_1	26726_1_1_1	27087_1_1_1	4000364.0	4000400.0	36.0	strict	26726_1_1_1	91.0	4.0	0.0	0.99
26727_1_1_1	26727_1_1_1	26727_1_1_1	3000557.4968887516	3000557.4968887516	0.0	moderate	26727_1_1_1	112.0	5.0	2.5031112486	1.32
26730_1_1_1	15693_1_1_1	15693_1_1_1	3001040.612873967	3001040.612873967	0.0	moderate	15693_1_1_1	149.0	7.0	2.387126033	0.94
26730_1_1_1	26730_1_1_1	15693_1_1_1	3000732.2924151323	3001040.612873967	308.3204588345252	moderate	26730_1_1_1	147.0	5.0	2.7075848678	0.82
26733_1_1_1	26733_1_1_1	26733_1_1_1	3001532.3675786224	3001532.3675786224	0.0	moderate	26733_1_1_1	307.0	5.0	2.6324213774	1.1
26733_1_1_1	6468_1_1_1	26733_1_1_1	3001235.0	3001532.3675786224	297.3675786224194	moderate	6468_1_1_1	247.0	5.0	0.0	0.88
26733_1_1_1	17471_1_1_1	26733_1_1_1	3001216.0	3001532.3675786224	316.3675786224194	moderate	17471_1_1_1	304.0	4.0	0.0	0.67
26733_1_1_1	27273_1_1_1	26733_1_1_1	3001172.0	3001532.3675786224	360.3675786224194	moderate	27273_1_1_1	293.0	4.0	0.0	0.66
26733_1_1_1	17940_1_1_1	26733_1_1_1	3001115.0	3001532.3675786224	417.3675786224194	moderate	17940_1_1_1	223.0	5.0	0.0	0.91
26735_1_1_1	26735_1_1_1	26735_1_1_1	3000565.0	3000565.0	0.0	moderate	26735_1_1_1	113.0	5.0	0.0	1.73
26738_1_1_1	26738_1_1_1	26738_1_1_1	3000742.0	3000742.0	0.0	moderate	26738_1_1_1	106.0	7.0	0.0	2.29
26740_1_1_1	26740_1_1_1	26740_1_1_1	3001887.377698842	3001887.377698842	0.0	moderate	26740_1_1_1	270.0	7.0	2.6223011579	1.18
26744_1_1_1	26744_1_1_1	26744_1_1_1	3001155.0	3001155.0	0.0	moderate	26744_1_1_1	231.0	5.0	0.0	0.83
26746_1_1_1	26746_1_1_1	26746_1_1_1	4001525.0	4001525.0	0.0	strict	26746_1_1_1	305.0	5.0	0.0	1.26
26759_1_1_1	26972_1_1_1	26972_1_1_1	4001193.1279325206	4001193.1279325206	0.0	strict	26972_1_1_1	239.0	5.0	1.8720674793	1.73
26759_1_1_1	26759_1_1_1	26972_1_1_1	4001030.0	4001193.1279325206	163.12793252058327	strict	26759_1_1_1	206.0	5.0	0.0	1.83
26759_1_1_1	26767_1_1_1	26972_1_1_1	2000893.0369437423	4001193.1279325206	2000300.0909887783	tolerant	26767_1_1_1	224.0	4.0	2.9630562574	0.68
26759_1_1_1	26768_1_1_1	26972_1_1_1	2000661.419520402	4001193.1279325206	2000531.7084121185	tolerant	26768_1_1_1	221.0	3.0	1.5804795979	0.91
26760_1_1_1	26760_1_1_1	26760_1_1_1	3000736.325417517	3000736.325417517	0.0	moderate	26760_1_1_1	123.0	6.0	1.6745824829	0.19
26761_1_1_1	26761_1_1_1	26761_1_1_1	4000815.0	4000815.0	0.0	strict	26761_1_1_1	163.0	5.0	0.0	1.63
26761_1_1_1	5352_1_1_1	26761_1_1_1	3001428.0	4000815.0	999387.0	moderate	5352_1_1_1	204.0	7.0	0.0	1.74
26761_1_1_1	52152_1_1_1	26761_1_1_1	3000885.0	4000815.0	999930.0	moderate	52152_1_1_1	177.0	5.0	0.0	2.48
26761_1_1_1	52153_1_1_1	26761_1_1_1	3000795.0	4000815.0	1000020.0	moderate	52153_1_1_1	159.0	5.0	0.0	3.28
26761_1_1_1	4704_1_1_1	26761_1_1_1	3000728.0	4000815.0	1000087.0	moderate	4704_1_1_1	182.0	4.0	0.0	4.23
26761_1_1_1	52566_1_1_1	26761_1_1_1	3000549.0	4000815.0	1000266.0	moderate	52566_1_1_1	183.0	3.0	0.0	0.0
26761_1_1_1	52559_1_1_1	26761_1_1_1	3000546.0	4000815.0	1000269.0	moderate	52559_1_1_1	182.0	3.0	0.0	0.0
26761_1_1_1	52560_1_1_1	26761_1_1_1	3000546.0	4000815.0	1000269.0	moderate	52560_1_1_1	182.0	3.0	0.0	0.0
26771_1_1_1	26771_1_1_1	26771_1_1_1	3000406.0	3000406.0	0.0	moderate	26771_1_1_1	58.0	7.0	0.0	0.09
26773_1_1_1	26773_1_1_1	26773_1_1_1	4000744.0	4000744.0	0.0	strict	26773_1_1_1	124.0	6.0	0.0	0.27
26774_1_1_1	26774_1_1_1	26774_1_1_1	4001092.0	4001092.0	0.0	strict	26774_1_1_1	156.0	7.0	0.0	0.43
26775_1_1_1	15194_1_1_1	15194_1_1_1	2000603.2353056788	2000603.2353056788	0.0	tolerant	15194_1_1_1	101.0	6.0	2.7646943213	1.28
26775_1_1_1	26775_1_1_1	15194_1_1_1	2000568.0655215103	2000603.2353056788	35.169784168479964	tolerant	26775_1_1_1	95.0	6.0	1.9344784896	0.92
26779_1_1_1	26779_1_1_1	26779_1_1_1	3000797.6084760483	3000797.6084760483	0.0	moderate	26779_1_1_1	160.0	5.0	2.3915239517	0.35
26779_1_1_1	50030_1_1_1	26779_1_1_1	2000286.506072735	3000797.6084760483	1000511.1024033134	tolerant	50030_1_1_1	144.0	2.0	1.493927265	0.0
26779_1_1_1	50031_1_1_1	26779_1_1_1	2000286.4226161593	3000797.6084760483	1000511.185859889	tolerant	50031_1_1_1	144.0	2.0	1.5773838406	0.0
26779_1_1_1	50033_1_1_1	26779_1_1_1	2000284.521895524	3000797.6084760483	1000513.0865805242	tolerant	50033_1_1_1	143.0	2.0	1.4781044761	0.0
26779_1_1_1	50032_1_1_1	26779_1_1_1	2000282.4281443816	3000797.6084760483	1000515.1803316667	tolerant	50032_1_1_1	142.0	2.0	1.5718556185	0.0
26780_1_1_1	26780_1_1_1	26780_1_1_1	4001099.0	4001099.0	0.0	strict	26780_1_1_1	157.0	7.0	0.0	1.16
26785_1_1_1	26785_1_1_1	26785_1_1_1	4000340.0	4000340.0	0.0	strict	26785_1_1_1	68.0	5.0	0.0	0.35
26786_1_1_1	26762_1_1_1	26762_1_1_1	2000356.5577338112	2000356.5577338112	0.0	tolerant	26762_1_1_1	119.0	3.0	0.4422661887	2.14
26786_1_1_1	26786_1_1_1	26762_1_1_1	2000329.4281982416	2000356.5577338112	27.129535569576547	tolerant	26786_1_1_1	110.0	3.0	0.5718017585	1.97
26788_1_1_1	26788_1_1_1	26788_1_1_1	2000706.1793857191	2000706.1793857191	0.0	tolerant	26788_1_1_1	236.0	3.0	1.8206142806	1.63
26789_1_1_1	26789_1_1_1	26789_1_1_1	3000819.0	3000819.0	0.0	moderate	26789_1_1_1	117.0	7.0	0.0	1.02
26792_1_1_1	26792_1_1_1	26792_1_1_1	3000344.0	3000344.0	0.0	moderate	26792_1_1_1	86.0	4.0	0.0	4.59
26793_1_1_1	26793_1_1_1	26793_1_1_1	2000192.0	2000192.0	0.0	tolerant	26793_1_1_1	48.0	4.0	0.0	4.32
26800_1_1_1	26800_1_1_1	26800_1_1_1	3000959.0	3000959.0	0.0	moderate	26800_1_1_1	137.0	7.0	0.0	0.46
26801_1_1_1	26801_1_1_1	26801_1_1_1	4001168.099176791	4001168.099176791	0.0	strict	26801_1_1_1	195.0	6.0	1.9008232092	0.59
26804_1_1_1	26804_1_1_1	26804_1_1_1	2000636.0	2000636.0	0.0	tolerant	26804_1_1_1	318.0	2.0	0.0	0.0
26805_1_1_1	26805_1_1_1	26805_1_1_1	1000760.0	1000760.0	0.0	unfiltered	26805_1_1_1	190.0	4.0	0.0	0.67
26806_1_1_1	26806_1_1_1	26806_1_1_1	3000655.0	3000655.0	0.0	moderate	26806_1_1_1	131.0	5.0	0.0	0.52
26809_1_1_1	26809_1_1_1	26809_1_1_1	3000410.3272603387	3000410.3272603387	0.0	moderate	26809_1_1_1	59.0	7.0	2.6727396613	0.85
26811_1_1_1	26811_1_1_1	26811_1_1_1	1000004.0	1000004.0	0.0	unfiltered	26811_1_1_1	4.0	1.0	0.0	0.0
26818_1_1_1	26818_1_1_1	26818_1_1_1	3000896.0	3000896.0	0.0	moderate	26818_1_1_1	128.0	7.0	0.0	2.8
26820_1_1_1	26820_1_1_1	26820_1_1_1	2000102.9447777153	2000102.9447777153	0.0	tolerant	26820_1_1_1	26.0	4.0	1.0552222847	3.46
26823_2_1_1	26823_2_1_1	26823_2_1_1	3000732.0820307126	3000732.0820307126	0.0	moderate	26823_2_1_1	147.0	5.0	2.9179692875	1.59
26823_2_1_1	27750_1_1_1	26823_2_1_1	3000581.1296760244	3000732.0820307126	150.95235468819737	moderate	27750_1_1_1	146.0	4.0	2.8703239755	1.3
26823_2_1_1	26829_1_1_1	26823_2_1_1	3000581.03836182	3000732.0820307126	151.04366889270023	moderate	26829_1_1_1	146.0	4.0	2.9616381802	1.36
26823_2_1_1	50154_1_1_1	26823_2_1_1	2000828.0941020392	3000732.0820307126	999903.9879286734	tolerant	50154_1_1_1	166.0	5.0	1.9058979608	1.62
26823_2_1_1	51494_1_1_1	26823_2_1_1	2000647.2031511737	3000732.0820307126	1000084.878879539	tolerant	51494_1_1_1	130.0	5.0	2.7968488263	1.93
26823_2_1_1	52369_1_1_1	26823_2_1_1	2000443.5423865856	3000732.0820307126	1000288.539644127	tolerant	52369_1_1_1	148.0	3.0	0.4576134145	1.92
26823_2_1_1	26816_1_1_1	26823_2_1_1	2000439.919278344	3000732.0820307126	1000292.1627523687	tolerant	26816_1_1_1	147.0	3.0	1.0807216561	2.18
26823_2_1_1	52253_1_1_1	26823_2_1_1	2000436.4218382856	3000732.0820307126	1000295.660192427	tolerant	52253_1_1_1	146.0	3.0	1.5781617147	1.53
26823_2_1_1	26827_1_1_1	26823_2_1_1	2000436.3360696172	3000732.0820307126	1000295.7459610954	tolerant	26827_1_1_1	146.0	3.0	1.6639303828	1.64
26823_2_1_1	27790_1_1_1	26823_2_1_1	2000436.330689883	3000732.0820307126	1000295.7513408295	tolerant	27790_1_1_1	146.0	3.0	1.6693101166	1.59
26823_2_1_1	50090_1_1_1	26823_2_1_1	2000436.3152889276	3000732.0820307126	1000295.766741785	tolerant	50090_1_1_1	146.0	3.0	1.6847110724	1.6
26823_2_1_1	52254_1_1_1	26823_2_1_1	2000436.315199403	3000732.0820307126	1000295.7668313095	tolerant	52254_1_1_1	146.0	3.0	1.6848005968	1.7
26823_2_1_1	26831_1_1_1	26823_2_1_1	2000436.31118609	3000732.0820307126	1000295.7708446225	tolerant	26831_1_1_1	146.0	3.0	1.6888139098	1.64
26823_2_1_1	26830_1_1_1	26823_2_1_1	2000436.3026536256	3000732.0820307126	1000295.779377087	tolerant	26830_1_1_1	146.0	3.0	1.6973463744	1.67
26823_2_1_1	26828_1_1_1	26823_2_1_1	2000436.2928509875	3000732.0820307126	1000295.7891797251	tolerant	26828_1_1_1	146.0	3.0	1.7071490125	1.63
26823_2_1_1	27789_1_1_1	26823_2_1_1	2000436.2839230075	3000732.0820307126	1000295.7981077051	tolerant	27789_1_1_1	146.0	3.0	1.7160769924	1.63
26823_2_1_1	27751_1_1_1	26823_2_1_1	2000436.283053977	3000732.0820307126	1000295.7989767357	tolerant	27751_1_1_1	146.0	3.0	1.716946023	1.63
26823_2_1_1	26826_1_1_1	26823_2_1_1	2000436.1399101536	3000732.0820307126	1000295.942120559	tolerant	26826_1_1_1	146.0	3.0	1.8600898461	1.6
26823_2_1_1	52060_1_1_1	26823_2_1_1	2000162.5889468056	3000732.0820307126	1000569.4930839071	tolerant	52060_1_1_1	41.0	4.0	1.4110531943	0.28
26823_2_1_1	52062_1_1_1	26823_2_1_1	2000076.830967753	3000732.0820307126	1000655.2510629597	tolerant	52062_1_1_1	39.0	2.0	1.169032247	0.0
26823_2_1_1	52061_1_1_1	26823_2_1_1	2000076.6715830972	3000732.0820307126	1000655.4104476154	tolerant	52061_1_1_1	39.0	2.0	1.3284169029	0.0
26825_2_1_1	26825_2_1_1	26825_2_1_1	2000202.1742465224	2000202.1742465224	0.0	tolerant	26825_2_1_1	41.0	5.0	2.8257534776	1.28
26833_1_1_1	26833_1_1_1	26833_1_1_1	3001212.4046660196	3001212.4046660196	0.0	moderate	26833_1_1_1	243.0	5.0	2.5953339804	1.78
26833_1_1_1	27526_1_1_1	26833_1_1_1	2000781.107389497	3001212.4046660196	1000431.2972765225	tolerant	27526_1_1_1	196.0	4.0	2.8926105026	1.36
26834_1_1_1	26834_1_1_1	26834_1_1_1	3000782.9060483444	3000782.9060483444	0.0	moderate	26834_1_1_1	157.0	5.0	2.0939516557	1.07
26835_1_1_1	19223_1_1_1	19223_1_1_1	4001064.0	4001064.0	0.0	strict	19223_1_1_1	266.0	4.0	0.0	1.2
26835_1_1_1	26832_1_1_1	19223_1_1_1	4001052.0	4001064.0	12.0	strict	26832_1_1_1	263.0	4.0	0.0	1.12
26835_1_1_1	26835_1_1_1	19223_1_1_1	4001020.0	4001064.0	44.0	strict	26835_1_1_1	255.0	4.0	0.0	1.15
26835_1_1_1	26836_1_1_1	19223_1_1_1	4001008.0	4001064.0	56.0	strict	26836_1_1_1	252.0	4.0	0.0	0.9
26835_1_1_1	26837_1_1_1	19223_1_1_1	4001004.0	4001064.0	60.0	strict	26837_1_1_1	251.0	4.0	0.0	1.06
26835_1_1_1	26814_1_1_1	19223_1_1_1	4000940.0	4001064.0	124.0	strict	26814_1_1_1	235.0	4.0	0.0	1.07
26835_1_1_1	50913_1_1_1	19223_1_1_1	3001060.0	4001064.0	1000004.0	moderate	50913_1_1_1	265.0	4.0	0.0	1.26
26835_1_1_1	50903_1_1_1	19223_1_1_1	3001047.656681965	4001064.0	1000016.3433180349	moderate	50903_1_1_1	210.0	5.0	2.3433180351	1.41
26839_1_1_1	26839_1_1_1	26839_1_1_1	3000459.326539856	3000459.326539856	0.0	moderate	26839_1_1_1	66.0	7.0	2.673460144	0.89
26840_1_1_1	26840_1_1_1	26840_1_1_1	4000987.0	4000987.0	0.0	strict	26840_1_1_1	141.0	7.0	0.0	0.14
26841_1_1_1	26841_1_1_1	26841_1_1_1	2002301.5431705797	2002301.5431705797	0.0	tolerant	26841_1_1_1	384.0	6.0	2.4568294203	1.56
26846_1_1_1	26846_1_1_1	26846_1_1_1	4001213.2909897864	4001213.2909897864	0.0	strict	26846_1_1_1	243.0	5.0	1.7090102137	0.53
26850_2_1_1	26850_2_1_1	26850_2_1_1	2000141.8172065783	2000141.8172065783	0.0	tolerant	26850_2_1_1	36.0	4.0	2.1827934216	1.0
26852_1_1_1	26852_1_1_1	26852_1_1_1	2000467.0718451175	2000467.0718451175	0.0	tolerant	26852_1_1_1	156.0	3.0	0.9281548825	1.3
26853_1_1_1	26853_1_1_1	26853_1_1_1	3000840.0	3000840.0	0.0	moderate	26853_1_1_1	140.0	6.0	0.0	0.69
26855_1_1_1	26855_1_1_1	26855_1_1_1	3001208.389185976	3001208.389185976	0.0	moderate	26855_1_1_1	173.0	7.0	2.6108140243	1.31
26857_1_1_1	26857_1_1_1	26857_1_1_1	3000912.306110629	3000912.306110629	0.0	moderate	26857_1_1_1	183.0	5.0	2.6938893712	0.51
26858_1_1_1	26858_1_1_1	26858_1_1_1	1000945.0	1000945.0	0.0	unfiltered	26858_1_1_1	135.0	7.0	0.0	1.06
26860_1_1_1	26860_1_1_1	26860_1_1_1	4000390.0	4000390.0	0.0	strict	26860_1_1_1	78.0	5.0	0.0	0.95
26862_1_1_1	26862_1_1_1	26862_1_1_1	3000069.0	3000069.0	0.0	moderate	26862_1_1_1	23.0	3.0	0.0	0.0
26862_1_1_1	30507_1_1_1	26862_1_1_1	2000069.0	3000069.0	1000000.0	tolerant	30507_1_1_1	23.0	3.0	0.0	0.0
26863_1_1_1	26863_1_1_1	26863_1_1_1	3000384.0	3000384.0	0.0	moderate	26863_1_1_1	96.0	4.0	0.0	0.77
26863_1_1_1	10103_1_1_1	26863_1_1_1	2000624.0	3000384.0	999760.0	tolerant	10103_1_1_1	104.0	6.0	0.0	0.89
26870_1_1_1	26870_1_1_1	26870_1_1_1	3000564.3140422106	3000564.3140422106	0.0	moderate	26870_1_1_1	81.0	7.0	2.6859577895	0.42
26871_1_1_1	26871_1_1_1	26871_1_1_1	3002317.0	3002317.0	0.0	moderate	26871_1_1_1	331.0	7.0	0.0	0.54
26871_1_1_1	26564_3_1_1	26871_1_1_1	3002135.0	3002317.0	182.0	moderate	26564_3_1_1	305.0	7.0	0.0	0.56
26877_1_1_1	19731_1_1_1	19731_1_1_1	4001337.0	4001337.0	0.0	strict	19731_1_1_1	191.0	7.0	0.0	0.81
26877_1_1_1	17404_1_1_1	19731_1_1_1	4001330.0	4001337.0	7.0	strict	17404_1_1_1	190.0	7.0	0.0	3.78
26877_1_1_1	26877_1_1_1	19731_1_1_1	4000960.0	4001337.0	377.0	strict	26877_1_1_1	192.0	5.0	0.0	0.89
26877_1_1_1	26878_1_1_1	19731_1_1_1	4000960.0	4001337.0	377.0	strict	26878_1_1_1	192.0	5.0	0.0	0.77
26877_1_1_1	26876_1_1_1	19731_1_1_1	4000950.0	4001337.0	387.0	strict	26876_1_1_1	190.0	5.0	0.0	0.89
26880_1_1_1	17332_1_1_1	17332_1_1_1	2000772.0650635168	2000772.0650635168	0.0	tolerant	17332_1_1_1	129.0	6.0	1.9349364835	0.61
26880_1_1_1	26880_1_1_1	17332_1_1_1	2000516.0	2000772.0650635168	256.0650635168422	tolerant	26880_1_1_1	129.0	4.0	0.0	0.51
26882_1_1_1	26882_1_1_1	26882_1_1_1	3000099.0	3000099.0	0.0	moderate	26882_1_1_1	33.0	3.0	0.0	0.0
26882_1_1_1	30324_1_1_1	26882_1_1_1	2000222.0	3000099.0	999877.0	tolerant	30324_1_1_1	37.0	6.0	0.0	2.68
26883_1_1_1	26883_1_1_1	26883_1_1_1	1000492.0	1000492.0	0.0	unfiltered	26883_1_1_1	123.0	4.0	0.0	0.68
26884_1_1_1	15458_1_1_1	15458_1_1_1	4000623.0	4000623.0	0.0	strict	15458_1_1_1	89.0	7.0	0.0	0.82
26884_1_1_1	26884_1_1_1	15458_1_1_1	4000430.0	4000623.0	193.0	strict	26884_1_1_1	86.0	5.0	0.0	2.66
26888_1_1_1	26888_1_1_1	26888_1_1_1	2000437.5608784384	2000437.5608784384	0.0	tolerant	26888_1_1_1	88.0	5.0	2.4391215619	1.73
26892_1_1_1	26892_1_1_1	26892_1_1_1	2000210.0	2000210.0	0.0	tolerant	26892_1_1_1	30.0	7.0	0.0	2.82
26900_1_1_1	26715_1_1_1	26715_1_1_1	1000168.0	1000168.0	0.0	unfiltered	26715_1_1_1	28.0	6.0	0.0	2.14
26900_1_1_1	26900_1_1_1	26715_1_1_1	1000104.0	1000168.0	64.0	unfiltered	26900_1_1_1	26.0	4.0	0.0	3.69
26901_1_1_1	26901_1_1_1	26901_1_1_1	4000686.0	4000686.0	0.0	strict	26901_1_1_1	98.0	7.0	0.0	0.63
26901_1_1_1	17476_1_1_1	26901_1_1_1	2000558.0	4000686.0	2000128.0	tolerant	17476_1_1_1	93.0	6.0	0.0	1.28
26902_1_1_1	26902_1_1_1	26902_1_1_1	2000627.4217817895	2000627.4217817895	0.0	tolerant	26902_1_1_1	126.0	5.0	2.5782182105	1.98
26903_1_1_1	26903_1_1_1	26903_1_1_1	2001215.5374650697	2001215.5374650697	0.0	tolerant	26903_1_1_1	203.0	6.0	2.4625349304	1.5
26903_1_1_1	26905_1_1_1	26903_1_1_1	2000939.4399212725	2001215.5374650697	276.0975437972229	tolerant	26905_1_1_1	157.0	6.0	2.5600787276	1.56
26904_1_1_1	26904_1_1_1	26904_1_1_1	2000790.1706114304	2000790.1706114304	0.0	tolerant	26904_1_1_1	132.0	6.0	1.8293885695	1.76
26906_1_1_1	26906_1_1_1	26906_1_1_1	3000477.17105479	3000477.17105479	0.0	moderate	26906_1_1_1	80.0	6.0	2.82894521	1.2
26907_1_1_1	26907_1_1_1	26907_1_1_1	3000567.0	3000567.0	0.0	moderate	26907_1_1_1	81.0	7.0	0.0	1.6
26914_1_1_1	26914_1_1_1	26914_1_1_1	3000070.0754457847	3000070.0754457847	0.0	moderate	26914_1_1_1	18.0	4.0	1.9245542152	0.0
26921_1_1_1	26921_1_1_1	26921_1_1_1	2000503.5211643276	2000503.5211643276	0.0	tolerant	26921_1_1_1	101.0	5.0	1.4788356723	1.79
26923_1_1_1	26923_1_1_1	26923_1_1_1	3000996.0	3000996.0	0.0	moderate	26923_1_1_1	249.0	4.0	0.0	1.6
26929_1_1_1	26929_1_1_1	26929_1_1_1	4000525.0	4000525.0	0.0	strict	26929_1_1_1	105.0	5.0	0.0	0.28
26932_1_1_1	26932_1_1_1	26932_1_1_1	3000758.558365306	3000758.558365306	0.0	moderate	26932_1_1_1	152.0	5.0	1.4416346943	1.09
26935_1_1_1	26935_1_1_1	26935_1_1_1	2000558.0630039824	2000558.0630039824	0.0	tolerant	26935_1_1_1	112.0	5.0	1.9369960175	1.45
26942_2_1_1	26942_2_1_1	26942_2_1_1	4000609.0	4000609.0	0.0	strict	26942_2_1_1	87.0	7.0	0.0	0.49
26942_2_1_1	51341_1_1_1	26942_2_1_1	4000435.0	4000609.0	174.0	strict	51341_1_1_1	87.0	5.0	0.0	1.88
26944_1_1_1	26944_1_1_1	26944_1_1_1	3000455.0	3000455.0	0.0	moderate	26944_1_1_1	91.0	5.0	0.0	0.81
26944_1_1_1	26943_1_1_1	26944_1_1_1	3000455.0	3000455.0	0.0	moderate	26943_1_1_1	91.0	5.0	0.0	0.8
26944_1_1_1	27574_1_1_1	26944_1_1_1	2000532.0678110605	3000455.0	999922.9321889395	tolerant	27574_1_1_1	107.0	5.0	2.9321889395	0.55
26944_1_1_1	4411_1_1_1	26944_1_1_1	2000295.033805417	3000455.0	1000159.9661945831	tolerant	4411_1_1_1	99.0	3.0	1.966194583	0.0
26945_1_1_1	26945_1_1_1	26945_1_1_1	3000480.0	3000480.0	0.0	moderate	26945_1_1_1	120.0	4.0	0.0	2.13
26945_1_1_1	27548_1_1_1	26945_1_1_1	3000408.0	3000480.0	72.0	moderate	27548_1_1_1	102.0	4.0	0.0	3.22
26949_1_1_1	26949_1_1_1	26949_1_1_1	2001455.3224594777	2001455.3224594777	0.0	tolerant	26949_1_1_1	243.0	6.0	2.6775405226	1.87
26952_1_1_1	26952_1_1_1	26952_1_1_1	3001177.223315545	3001177.223315545	0.0	moderate	26952_1_1_1	236.0	5.0	2.7766844553	0.31
26952_1_1_1	53232_1_1_1	26952_1_1_1	2000706.216852374	3001177.223315545	1000471.006463171	tolerant	53232_1_1_1	177.0	4.0	1.7831476258	1.95
26953_1_1_1	26953_1_1_1	26953_1_1_1	2000632.777596993	2000632.777596993	0.0	tolerant	26953_1_1_1	127.0	5.0	2.2224030074	1.01
26957_1_1_1	26957_1_1_1	26957_1_1_1	2000066.7774900584	2000066.7774900584	0.0	tolerant	26957_1_1_1	23.0	3.0	2.2225099419	0.0
26958_1_1_1	26958_1_1_1	26958_1_1_1	3001012.435271499	3001012.435271499	0.0	moderate	26958_1_1_1	203.0	5.0	2.5647285009	1.15
26958_1_1_1	4402_1_1_1	26958_1_1_1	2000892.573455308	3001012.435271499	1000119.8618161911	tolerant	4402_1_1_1	179.0	5.0	2.4265446919	1.24
26958_1_1_1	51006_1_1_1	26958_1_1_1	2000629.7348414536	3001012.435271499	1000382.7004300456	tolerant	51006_1_1_1	158.0	4.0	2.2651585466	1.04
26958_1_1_1	51007_1_1_1	26958_1_1_1	2000613.9989429056	3001012.435271499	1000398.4363285936	tolerant	51007_1_1_1	154.0	4.0	2.0010570944	0.91
26961_1_1_1	26961_1_1_1	26961_1_1_1	2000487.5705108251	2000487.5705108251	0.0	tolerant	26961_1_1_1	98.0	5.0	2.4294891749	1.89
26962_1_1_1	26962_1_1_1	26962_1_1_1	1001045.0	1001045.0	0.0	unfiltered	26962_1_1_1	209.0	5.0	0.0	1.4
26963_1_1_1	26963_1_1_1	26963_1_1_1	3000669.751220131	3000669.751220131	0.0	moderate	26963_1_1_1	112.0	6.0	2.2487798692	1.25
26965_1_1_1	26965_1_1_1	26965_1_1_1	1000158.7183991642	1000158.7183991642	0.0	unfiltered	26965_1_1_1	33.0	5.0	6.2816008359	1.28
26966_1_1_1	26966_1_1_1	26966_1_1_1	4000460.0	4000460.0	0.0	strict	26966_1_1_1	92.0	5.0	0.0	1.27
26967_1_1_1	26765_1_1_1	26765_1_1_1	3001075.2144159866	3001075.2144159866	0.0	moderate	26765_1_1_1	154.0	7.0	2.7855840134	0.95
26967_1_1_1	26967_1_1_1	26765_1_1_1	3000722.4393154597	3001075.2144159866	352.7751005268656	moderate	26967_1_1_1	145.0	5.0	2.5606845404	0.58
26969_1_1_1	26969_1_1_1	26969_1_1_1	3000745.0	3000745.0	0.0	moderate	26969_1_1_1	149.0	5.0	0.0	0.54
26974_1_1_1	26974_1_1_1	26974_1_1_1	3001330.0	3001330.0	0.0	moderate	26974_1_1_1	266.0	5.0	0.0	0.59
26985_1_1_1	26985_1_1_1	26985_1_1_1	4000875.0	4000875.0	0.0	strict	26985_1_1_1	125.0	7.0	0.0	2.88
26986_1_1_1	25703_1_1_1	25703_1_1_1	4000707.0	4000707.0	0.0	strict	25703_1_1_1	101.0	7.0	0.0	1.25
26986_1_1_1	26986_1_1_1	25703_1_1_1	4000700.0	4000707.0	7.0	strict	26986_1_1_1	100.0	7.0	0.0	0.67
26986_1_1_1	6913_1_1_1	25703_1_1_1	3000714.0	4000707.0	999993.0	moderate	6913_1_1_1	102.0	7.0	0.0	2.33
26986_1_1_1	6442_1_1_1	25703_1_1_1	3000714.0	4000707.0	999993.0	moderate	6442_1_1_1	102.0	7.0	0.0	1.11
26989_1_1_1	26989_1_1_1	26989_1_1_1	3001225.0	3001225.0	0.0	moderate	26989_1_1_1	245.0	5.0	0.0	0.39
26990_1_1_1	26990_1_1_1	26990_1_1_1	2000473.5849599233	2000473.5849599233	0.0	tolerant	26990_1_1_1	95.0	5.0	1.4150400766	1.99
26993_1_1_1	26992_1_1_1	26992_1_1_1	3000966.0	3000966.0	0.0	moderate	26992_1_1_1	138.0	7.0	0.0	2.72
26993_1_1_1	26993_1_1_1	26992_1_1_1	3000959.0	3000966.0	7.0	moderate	26993_1_1_1	137.0	7.0	0.0	2.83
26_1_1_1	26_1_1_1	26_1_1_1	2000038.039563627	2000038.039563627	0.0	tolerant	26_1_1_1	20.0	2.0	1.9604363731	0.0
27003_1_1_1	27003_1_1_1	27003_1_1_1	2000141.508455824	2000141.508455824	0.0	tolerant	27003_1_1_1	36.0	4.0	2.4915441759	2.15
27015_1_1_1	27015_1_1_1	27015_1_1_1	3000517.4434778173	3000517.4434778173	0.0	moderate	27015_1_1_1	130.0	4.0	2.5565221827	0.8
27016_1_1_1	27016_1_1_1	27016_1_1_1	2000317.7268014045	2000317.7268014045	0.0	tolerant	27016_1_1_1	80.0	4.0	2.2731985955	0.93
27020_1_1_1	27020_1_1_1	27020_1_1_1	2000534.967791851	2000534.967791851	0.0	tolerant	27020_1_1_1	179.0	3.0	2.0322081493	0.89
27021_1_1_1	27021_1_1_1	27021_1_1_1	1000237.0703724452	1000237.0703724452	0.0	unfiltered	27021_1_1_1	48.0	5.0	2.9296275548	0.0
27023_1_1_1	27023_1_1_1	27023_1_1_1	3000357.396019678	3000357.396019678	0.0	moderate	27023_1_1_1	72.0	5.0	2.603980322	1.58
27024_1_1_1	27024_1_1_1	27024_1_1_1	3000537.648469489	3000537.648469489	0.0	moderate	27024_1_1_1	108.0	5.0	2.3515305108	1.5
27025_1_1_1	27025_1_1_1	27025_1_1_1	2000204.7377460373	2000204.7377460373	0.0	tolerant	27025_1_1_1	69.0	3.0	2.2622539626	0.75
27026_1_1_1	27026_1_1_1	27026_1_1_1	2000438.2306952856	2000438.2306952856	0.0	tolerant	27026_1_1_1	88.0	5.0	1.7693047142	1.14
27029_1_1_1	27029_1_1_1	27029_1_1_1	3000620.0	3000620.0	0.0	moderate	27029_1_1_1	124.0	5.0	0.0	0.76
27036_1_1_1	27036_1_1_1	27036_1_1_1	2000362.654819521	2000362.654819521	0.0	tolerant	27036_1_1_1	73.0	5.0	2.3451804794	1.59
27037_1_1_1	27037_1_1_1	27037_1_1_1	2000091.0	2000091.0	0.0	tolerant	27037_1_1_1	13.0	7.0	0.0	0.0
27037_1_1_1	52364_1_1_1	27037_1_1_1	1000024.0	2000091.0	1000067.0	unfiltered	52364_1_1_1	12.0	2.0	0.0	0.0
27038_1_1_1	27038_1_1_1	27038_1_1_1	2000084.0	2000084.0	0.0	tolerant	27038_1_1_1	12.0	7.0	0.0	0.0
27038_1_1_1	52366_1_1_1	27038_1_1_1	1000020.0	2000084.0	1000064.0	unfiltered	52366_1_1_1	10.0	2.0	0.0	0.0
27041_1_1_1	27041_1_1_1	27041_1_1_1	3000516.0	3000516.0	0.0	moderate	27041_1_1_1	86.0	6.0	0.0	0.18
27042_1_1_1	27042_1_1_1	27042_1_1_1	3000472.0	3000472.0	0.0	moderate	27042_1_1_1	118.0	4.0	0.0	0.0
27044_1_1_1	27044_1_1_1	27044_1_1_1	3000690.0	3000690.0	0.0	moderate	27044_1_1_1	138.0	5.0	0.0	0.94
27049_1_1_1	27049_1_1_1	27049_1_1_1	4000715.0	4000715.0	0.0	strict	27049_1_1_1	143.0	5.0	0.0	0.29
27049_1_1_1	5222_1_1_1	27049_1_1_1	3000994.0	4000715.0	999721.0	moderate	5222_1_1_1	142.0	7.0	0.0	2.49
27049_1_1_1	53146_1_1_1	27049_1_1_1	3000432.0	4000715.0	1000283.0	moderate	53146_1_1_1	144.0	3.0	0.0	0.0
27055_1_1_1	27055_1_1_1	27055_1_1_1	4000516.0	4000516.0	0.0	strict	27055_1_1_1	86.0	6.0	0.0	2.29
27055_1_1_1	18017_1_1_1	27055_1_1_1	3000602.0	4000516.0	999914.0	moderate	18017_1_1_1	86.0	7.0	0.0	0.35
27056_1_1_1	27056_1_1_1	27056_1_1_1	2000592.72945291	2000592.72945291	0.0	tolerant	27056_1_1_1	119.0	5.0	2.2705470902	2.31
27058_1_1_1	27058_1_1_1	27058_1_1_1	2000477.751217377	2000477.751217377	0.0	tolerant	27058_1_1_1	80.0	6.0	2.248782623	1.14
27062_1_1_1	27062_1_1_1	27062_1_1_1	4000791.0	4000791.0	0.0	strict	27062_1_1_1	113.0	7.0	0.0	1.58
27063_1_1_1	27063_1_1_1	27063_1_1_1	2000428.5473745656	2000428.5473745656	0.0	tolerant	27063_1_1_1	143.0	3.0	0.4526254343	1.89
27064_1_1_1	27064_1_1_1	27064_1_1_1	3000735.0	3000735.0	0.0	moderate	27064_1_1_1	105.0	7.0	0.0	2.49
27064_1_1_1	7433_1_1_1	27064_1_1_1	2000303.1737632805	3000735.0	1000431.8262367195	tolerant	7433_1_1_1	102.0	3.0	2.8262367196	1.9
27066_1_1_1	27057_1_1_1	27057_1_1_1	2000159.226708091	2000159.226708091	0.0	tolerant	27057_1_1_1	80.0	2.0	0.7732919088	1.96
27066_1_1_1	27066_1_1_1	27057_1_1_1	2000150.975418858	2000159.226708091	8.25128923309967	tolerant	27066_1_1_1	76.0	2.0	1.0245811421	2.17
27067_1_1_1	27067_1_1_1	27067_1_1_1	3001330.0	3001330.0	0.0	moderate	27067_1_1_1	266.0	5.0	0.0	0.37
27067_1_1_1	27888_1_1_1	27067_1_1_1	3000783.0	3001330.0	547.0	moderate	27888_1_1_1	261.0	3.0	0.0	0.0
27067_1_1_1	50566_1_1_1	27067_1_1_1	3000783.0	3001330.0	547.0	moderate	50566_1_1_1	261.0	3.0	0.0	0.0
27067_1_1_1	51702_1_1_1	27067_1_1_1	3000783.0	3001330.0	547.0	moderate	51702_1_1_1	261.0	3.0	0.0	0.0
27067_1_1_1	50563_1_1_1	27067_1_1_1	3000777.0	3001330.0	553.0	moderate	50563_1_1_1	259.0	3.0	0.0	0.0
27067_1_1_1	53203_1_1_1	27067_1_1_1	2000492.0	3001330.0	1000838.0	tolerant	53203_1_1_1	246.0	2.0	0.0	0.0
27067_1_1_1	53219_1_1_1	27067_1_1_1	2000488.0	3001330.0	1000842.0	tolerant	53219_1_1_1	244.0	2.0	0.0	0.0
27067_1_1_1	50564_1_1_1	27067_1_1_1	2000488.0	3001330.0	1000842.0	tolerant	50564_1_1_1	244.0	2.0	0.0	0.0
27067_1_1_1	50565_1_1_1	27067_1_1_1	2000486.0	3001330.0	1000844.0	tolerant	50565_1_1_1	243.0	2.0	0.0	0.0
27067_1_1_1	53220_1_1_1	27067_1_1_1	2000478.0	3001330.0	1000852.0	tolerant	53220_1_1_1	239.0	2.0	0.0	0.0
27070_1_1_1	27070_1_1_1	27070_1_1_1	3001097.4761143564	3001097.4761143564	0.0	moderate	27070_1_1_1	220.0	5.0	2.5238856436	1.31
27070_1_1_1	19551_1_1_1	27070_1_1_1	2001329.5758384224	3001097.4761143564	999767.900275934	tolerant	19551_1_1_1	222.0	6.0	2.4241615775	1.22
27071_1_1_1	27071_1_1_1	27071_1_1_1	3000435.7498486377	3000435.7498486377	0.0	moderate	27071_1_1_1	73.0	6.0	2.2501513623	0.29
27071_1_1_1	16189_1_1_1	27071_1_1_1	1000504.0	3000435.7498486377	1999931.7498486377	unfiltered	16189_1_1_1	72.0	7.0	0.0	0.42
27072_1_1_1	34081_1_1_1	34081_1_1_1	2000380.0	2000380.0	0.0	tolerant	34081_1_1_1	95.0	4.0	0.0	0.0
27072_1_1_1	27072_1_1_1	34081_1_1_1	2000128.0	2000380.0	252.0	tolerant	27072_1_1_1	64.0	2.0	0.0	0.0
27079_1_1_1	27079_1_1_1	27079_1_1_1	4000472.0	4000472.0	0.0	strict	27079_1_1_1	118.0	4.0	0.0	2.07
27080_1_1_1	27080_1_1_1	27080_1_1_1	4001205.0	4001205.0	0.0	strict	27080_1_1_1	241.0	5.0	0.0	2.03
27081_1_1_1	27081_1_1_1	27081_1_1_1	4000971.529842253	4000971.529842253	0.0	strict	27081_1_1_1	139.0	7.0	1.4701577472	0.76
27085_1_1_1	27085_1_1_1	27085_1_1_1	2000633.289186978	2000633.289186978	0.0	tolerant	27085_1_1_1	106.0	6.0	2.710813022	1.59
27086_1_1_1	27086_1_1_1	27086_1_1_1	4000348.0	4000348.0	0.0	strict	27086_1_1_1	58.0	6.0	0.0	2.54
27086_1_1_1	34039_1_1_1	27086_1_1_1	3000413.0	4000348.0	999935.0	moderate	34039_1_1_1	59.0	7.0	0.0	3.2
27086_1_1_1	34392_1_1_1	27086_1_1_1	3000348.0	4000348.0	1000000.0	moderate	34392_1_1_1	58.0	6.0	0.0	2.38
27086_1_1_1	4966_1_1_1	27086_1_1_1	3000232.0	4000348.0	1000116.0	moderate	4966_1_1_1	58.0	4.0	0.0	0.0
27086_1_1_1	15309_1_1_1	27086_1_1_1	3000174.0	4000348.0	1000174.0	moderate	15309_1_1_1	58.0	3.0	0.0	0.0
27086_1_1_1	4419_1_1_1	27086_1_1_1	3000174.0	4000348.0	1000174.0	moderate	4419_1_1_1	58.0	3.0	0.0	0.0
27086_1_1_1	88_1_1_1	27086_1_1_1	2000174.0	4000348.0	2000174.0	tolerant	88_1_1_1	58.0	3.0	0.0	0.0
27090_1_1_1	27090_1_1_1	27090_1_1_1	2000543.3882932	2000543.3882932	0.0	tolerant	27090_1_1_1	182.0	3.0	2.6117067999	1.59
27091_1_1_1	27091_1_1_1	27091_1_1_1	3000960.0	3000960.0	0.0	moderate	27091_1_1_1	240.0	4.0	0.0	2.36
27092_1_1_1	27092_1_1_1	27092_1_1_1	2000160.0	2000160.0	0.0	tolerant	27092_1_1_1	32.0	5.0	0.0	0.15
27093_1_1_1	27093_1_1_1	27093_1_1_1	3000515.1200277847	3000515.1200277847	0.0	moderate	27093_1_1_1	74.0	7.0	2.8799722154	0.26
27098_1_1_1	27097_1_1_1	27097_1_1_1	4000651.0	4000651.0	0.0	strict	27097_1_1_1	93.0	7.0	0.0	1.26
27098_1_1_1	27098_1_1_1	27097_1_1_1	4000644.0	4000651.0	7.0	strict	27098_1_1_1	92.0	7.0	0.0	1.13
27104_1_1_1	27104_1_1_1	27104_1_1_1	2000661.9343928967	2000661.9343928967	0.0	tolerant	27104_1_1_1	221.0	3.0	1.0656071032	1.51
27107_1_1_1	27107_1_1_1	27107_1_1_1	3000250.0	3000250.0	0.0	moderate	27107_1_1_1	50.0	5.0	0.0	0.42
27108_1_1_1	27108_1_1_1	27108_1_1_1	3000244.0	3000244.0	0.0	moderate	27108_1_1_1	61.0	4.0	0.0	1.27
27109_1_1_1	27109_1_1_1	27109_1_1_1	2000102.6702456763	2000102.6702456763	0.0	tolerant	27109_1_1_1	21.0	5.0	2.3297543237	2.96
27109_1_1_1	16391_1_1_1	27109_1_1_1	1000552.0	2000102.6702456763	999550.6702456763	unfiltered	16391_1_1_1	138.0	4.0	0.0	0.67
27110_1_1_1	27110_1_1_1	27110_1_1_1	2000261.8481492249	2000261.8481492249	0.0	tolerant	27110_1_1_1	44.0	6.0	2.1518507751	1.67
27111_1_1_1	27111_1_1_1	27111_1_1_1	4000428.0	4000428.0	0.0	strict	27111_1_1_1	107.0	4.0	0.0	0.0
27121_1_1_1	15680_1_1_1	15680_1_1_1	3001656.0	3001656.0	0.0	moderate	15680_1_1_1	276.0	6.0	0.0	1.7
27121_1_1_1	19046_1_1_1	15680_1_1_1	3000948.0	3001656.0	708.0	moderate	19046_1_1_1	237.0	4.0	0.0	1.44
27121_1_1_1	27121_1_1_1	15680_1_1_1	3000945.9709940725	3001656.0	710.0290059274994	moderate	27121_1_1_1	237.0	4.0	2.0290059276	3.32
27123_1_1_1	27299_1_1_1	27299_1_1_1	2000570.5664289128	2000570.5664289128	0.0	tolerant	27299_1_1_1	143.0	4.0	1.4335710871	1.61
27123_1_1_1	27123_1_1_1	27299_1_1_1	2000566.4655756173	2000570.5664289128	4.100853295531124	tolerant	27123_1_1_1	142.0	4.0	1.5344243828	1.65
27123_1_1_1	27124_1_1_1	27299_1_1_1	2000566.4456612223	2000570.5664289128	4.1207676904741675	tolerant	27124_1_1_1	142.0	4.0	1.5543387774	1.69
27127_1_1_1	27127_1_1_1	27127_1_1_1	4000395.0	4000395.0	0.0	strict	27127_1_1_1	79.0	5.0	0.0	0.64
27131_1_1_1	27131_1_1_1	27131_1_1_1	3000707.59545319	3000707.59545319	0.0	moderate	27131_1_1_1	142.0	5.0	2.4045468098	0.62
27134_2_1_1	27134_2_1_1	27134_2_1_1	3000205.9106928483	3000205.9106928483	0.0	moderate	27134_2_1_1	52.0	4.0	2.0893071518	1.08
27135_1_1_1	27135_1_1_1	27135_1_1_1	3001180.0	3001180.0	0.0	moderate	27135_1_1_1	236.0	5.0	0.0	0.0
27139_1_1_1	27139_1_1_1	27139_1_1_1	3000504.0	3000504.0	0.0	moderate	27139_1_1_1	84.0	6.0	0.0	1.33
27141_1_1_1	27141_1_1_1	27141_1_1_1	4000560.0	4000560.0	0.0	strict	27141_1_1_1	80.0	7.0	0.0	0.22
27146_1_1_1	27146_1_1_1	27146_1_1_1	2001054.458258172	2001054.458258172	0.0	tolerant	27146_1_1_1	176.0	6.0	1.5417418281	0.38
27147_1_1_1	27147_1_1_1	27147_1_1_1	2000462.269719924	2000462.269719924	0.0	tolerant	27147_1_1_1	93.0	5.0	2.730280076	0.86
27148_1_1_1	27148_1_1_1	27148_1_1_1	3000539.0	3000539.0	0.0	moderate	27148_1_1_1	77.0	7.0	0.0	1.46
27148_1_1_1	27143_1_1_1	27148_1_1_1	3000539.0	3000539.0	0.0	moderate	27143_1_1_1	77.0	7.0	0.0	1.14
27151_1_1_1	27151_1_1_1	27151_1_1_1	3001372.0	3001372.0	0.0	moderate	27151_1_1_1	196.0	7.0	0.0	0.23
27161_1_1_1	27161_1_1_1	27161_1_1_1	2000212.0	2000212.0	0.0	tolerant	27161_1_1_1	53.0	4.0	0.0	1.77
27161_1_1_1	27045_2_2_1	27161_1_1_1	1000060.0	2000212.0	1000152.0	unfiltered	27045_2_2_1	15.0	4.0	0.0	0.0
27162_1_1_1	27162_1_1_1	27162_1_1_1	4000819.0	4000819.0	0.0	strict	27162_1_1_1	117.0	7.0	0.0	1.13
27162_1_1_1	27793_1_1_1	27162_1_1_1	4000585.0	4000819.0	234.0	strict	27793_1_1_1	117.0	5.0	0.0	1.13
27162_1_1_1	5939_1_1_1	27162_1_1_1	3000744.0	4000819.0	1000075.0	moderate	5939_1_1_1	124.0	6.0	0.0	1.24
27165_1_1_1	27165_1_1_1	27165_1_1_1	4001176.0	4001176.0	0.0	strict	27165_1_1_1	168.0	7.0	0.0	0.39
27165_1_1_1	5794_1_1_1	27165_1_1_1	3001162.0	4001176.0	1000014.0	moderate	5794_1_1_1	166.0	7.0	0.0	0.7
27165_1_1_1	17740_1_1_1	27165_1_1_1	2000673.0265191488	4001176.0	2000502.9734808512	tolerant	17740_1_1_1	169.0	4.0	2.9734808513	0.64
27166_1_1_1	27166_1_1_1	27166_1_1_1	3000339.173804637	3000339.173804637	0.0	moderate	27166_1_1_1	57.0	6.0	2.826195363	0.42
27168_1_1_1	27168_1_1_1	27168_1_1_1	2000487.4764185168	2000487.4764185168	0.0	tolerant	27168_1_1_1	98.0	5.0	2.5235814835	1.45
27169_1_1_1	27169_1_1_1	27169_1_1_1	3000420.0	3000420.0	0.0	moderate	27169_1_1_1	60.0	7.0	0.0	1.72
27169_1_1_1	11589_1_1_1	27169_1_1_1	3000337.351504956	3000420.0	82.64849504409358	moderate	11589_1_1_1	85.0	4.0	2.6484950439	1.34
27176_1_1_1	27176_1_1_1	27176_1_1_1	2000549.2981993784	2000549.2981993784	0.0	tolerant	27176_1_1_1	92.0	6.0	2.7018006219	2.32
27177_1_1_1	27177_1_1_1	27177_1_1_1	2000582.68502331	2000582.68502331	0.0	tolerant	27177_1_1_1	117.0	5.0	2.31497669	0.52
27179_1_1_1	27179_1_1_1	27179_1_1_1	3000886.2892921823	3000886.2892921823	0.0	moderate	27179_1_1_1	127.0	7.0	2.7107078175	0.74
27180_1_1_1	27180_1_1_1	27180_1_1_1	3000990.0	3000990.0	0.0	moderate	27180_1_1_1	165.0	6.0	0.0	1.33
27186_1_1_1	27186_1_1_1	27186_1_1_1	2000312.944914139	2000312.944914139	0.0	tolerant	27186_1_1_1	63.0	5.0	2.0550858608	1.13
27188_1_1_1	27188_1_1_1	27188_1_1_1	2000748.0	2000748.0	0.0	tolerant	27188_1_1_1	187.0	4.0	0.0	0.74
27189_1_1_1	27189_1_1_1	27189_1_1_1	4000756.0	4000756.0	0.0	strict	27189_1_1_1	126.0	6.0	0.0	0.38
27196_1_1_1	27196_1_1_1	27196_1_1_1	3000477.2715084692	3000477.2715084692	0.0	moderate	27196_1_1_1	96.0	5.0	2.7284915307	0.5
27197_1_1_1	27197_1_1_1	27197_1_1_1	3000616.0	3000616.0	0.0	moderate	27197_1_1_1	88.0	7.0	0.0	2.86
27201_1_1_1	27201_1_1_1	27201_1_1_1	1000425.0	1000425.0	0.0	unfiltered	27201_1_1_1	85.0	5.0	0.0	1.86
27202_1_1_1	27202_1_1_1	27202_1_1_1	1000008.0	1000008.0	0.0	unfiltered	27202_1_1_1	4.0	2.0	0.0	0.0
27203_1_1_1	27203_1_1_1	27203_1_1_1	3000272.0	3000272.0	0.0	moderate	27203_1_1_1	68.0	4.0	0.0	1.49
27203_1_1_1	16515_1_1_1	27203_1_1_1	2000636.0	3000272.0	999636.0	tolerant	16515_1_1_1	106.0	6.0	0.0	1.6
27203_1_1_1	27204_1_1_1	27203_1_1_1	2000176.0	3000272.0	1000096.0	tolerant	27204_1_1_1	88.0	2.0	0.0	0.0
27206_1_1_1	27206_1_1_1	27206_1_1_1	2000238.108468499	2000238.108468499	0.0	tolerant	27206_1_1_1	60.0	4.0	1.8915315009	1.5
27207_1_1_1	27207_1_1_1	27207_1_1_1	2000522.2280342071	2000522.2280342071	0.0	tolerant	27207_1_1_1	131.0	4.0	1.7719657927	1.81
27209_1_1_1	27209_1_1_1	27209_1_1_1	4000993.187362444	4000993.187362444	0.0	strict	27209_1_1_1	199.0	5.0	1.8126375562	0.91
27210_1_1_1	27210_1_1_1	27210_1_1_1	4000560.0	4000560.0	0.0	strict	27210_1_1_1	112.0	5.0	0.0	2.61
27211_1_1_1	27211_1_1_1	27211_1_1_1	4001794.0	4001794.0	0.0	strict	27211_1_1_1	299.0	6.0	0.0	0.53
27214_1_1_1	27213_1_1_1	27213_1_1_1	2000068.0	2000068.0	0.0	tolerant	27213_1_1_1	34.0	2.0	0.0	0.0
27214_1_1_1	27214_1_1_1	27213_1_1_1	2000066.0	2000068.0	2.0	tolerant	27214_1_1_1	33.0	2.0	0.0	0.0
27215_1_1_1	27215_1_1_1	27215_1_1_1	2000417.618357252	2000417.618357252	0.0	tolerant	27215_1_1_1	105.0	4.0	2.3816427482	1.51
27221_1_1_1	27221_1_1_1	27221_1_1_1	2000157.5212307204	2000157.5212307204	0.0	tolerant	27221_1_1_1	40.0	4.0	2.4787692796	3.14
27228_1_1_1	27228_1_1_1	27228_1_1_1	2000937.4199337875	2000937.4199337875	0.0	tolerant	27228_1_1_1	235.0	4.0	2.5800662124	1.83
27230_1_1_1	27230_1_1_1	27230_1_1_1	2000109.1139222423	2000109.1139222423	0.0	tolerant	27230_1_1_1	16.0	7.0	2.8860777574	0.0
27234_1_1_1	27234_1_1_1	27234_1_1_1	3000945.0	3000945.0	0.0	moderate	27234_1_1_1	135.0	7.0	0.0	0.34
27235_1_1_1	27235_1_1_1	27235_1_1_1	3000970.20885467	3000970.20885467	0.0	moderate	27235_1_1_1	139.0	7.0	2.7911453298	2.26
27236_1_1_1	27236_1_1_1	27236_1_1_1	2000482.4010026809	2000482.4010026809	0.0	tolerant	27236_1_1_1	121.0	4.0	1.5989973192	1.49
27239_5_5_1	30456_1_1_1	30456_1_1_1	3001348.0	3001348.0	0.0	moderate	30456_1_1_1	337.0	4.0	0.0	0.0
27239_5_5_1	27239_5_5_1	30456_1_1_1	3001156.0	3001348.0	192.0	moderate	27239_5_5_1	289.0	4.0	0.0	1.31
27240_1_1_1	27240_1_1_1	27240_1_1_1	4000560.0	4000560.0	0.0	strict	27240_1_1_1	80.0	7.0	0.0	0.43
27241_1_1_1	27241_1_1_1	27241_1_1_1	4000620.0	4000620.0	0.0	strict	27241_1_1_1	124.0	5.0	0.0	0.75
27241_1_1_1	16016_1_1_1	27241_1_1_1	3000732.0	4000620.0	999888.0	moderate	16016_1_1_1	122.0	6.0	0.0	0.28
27247_1_1_1	27247_1_1_1	27247_1_1_1	4000465.0	4000465.0	0.0	strict	27247_1_1_1	93.0	5.0	0.0	2.94
27247_1_1_1	4222_1_1_1	27247_1_1_1	3000360.0	4000465.0	1000105.0	moderate	4222_1_1_1	90.0	4.0	0.0	0.0
27247_1_1_1	4633_1_1_1	27247_1_1_1	3000264.0	4000465.0	1000201.0	moderate	4633_1_1_1	88.0	3.0	0.0	0.0
27247_1_1_1	5529_1_1_1	27247_1_1_1	2000372.0	4000465.0	2000093.0	tolerant	5529_1_1_1	93.0	4.0	0.0	0.0
27247_1_1_1	4638_1_1_1	27247_1_1_1	2000368.0	4000465.0	2000097.0	tolerant	4638_1_1_1	92.0	4.0	0.0	0.0
27262_1_1_1	27262_1_1_1	27262_1_1_1	3000669.165244811	3000669.165244811	0.0	moderate	27262_1_1_1	96.0	7.0	2.8347551888	1.1
27263_1_1_1	27263_1_1_1	27263_1_1_1	2000325.668863044	2000325.668863044	0.0	tolerant	27263_1_1_1	82.0	4.0	2.3311369558	1.79
27266_1_1_1	27266_1_1_1	27266_1_1_1	3000610.0	3000610.0	0.0	moderate	27266_1_1_1	122.0	5.0	0.0	1.57
27267_1_1_1	27267_1_1_1	27267_1_1_1	3000893.9616341223	3000893.9616341223	0.0	moderate	27267_1_1_1	224.0	4.0	2.0383658778	0.0
27272_1_1_1	27272_1_1_1	27272_1_1_1	2000363.2133470415	2000363.2133470415	0.0	tolerant	27272_1_1_1	61.0	6.0	2.7866529582	1.03
27275_1_1_1	27275_1_1_1	27275_1_1_1	4000808.9194465154	4000808.9194465154	0.0	strict	27275_1_1_1	162.0	5.0	1.0805534848	0.81
27277_1_1_1	27277_1_1_1	27277_1_1_1	3000364.0	3000364.0	0.0	moderate	27277_1_1_1	52.0	7.0	0.0	3.22
27281_1_1_1	27279_1_1_1	27279_1_1_1	4001060.0	4001060.0	0.0	strict	27279_1_1_1	212.0	5.0	0.0	2.47
27281_1_1_1	27281_1_1_1	27279_1_1_1	4001035.0	4001060.0	25.0	strict	27281_1_1_1	207.0	5.0	0.0	2.51
27281_1_1_1	26601_1_1_1	27279_1_1_1	4001030.0	4001060.0	30.0	strict	26601_1_1_1	206.0	5.0	0.0	3.06
27281_1_1_1	27280_1_1_1	27279_1_1_1	4001020.0	4001060.0	40.0	strict	27280_1_1_1	204.0	5.0	0.0	2.51
27281_1_1_1	27278_1_1_1	27279_1_1_1	4001005.0	4001060.0	55.0	strict	27278_1_1_1	201.0	5.0	0.0	2.49
27281_1_1_1	26600_1_1_1	27279_1_1_1	4000985.0	4001060.0	75.0	strict	26600_1_1_1	197.0	5.0	0.0	2.53
27281_1_1_1	26602_1_1_1	27279_1_1_1	4000955.0	4001060.0	105.0	strict	26602_1_1_1	191.0	5.0	0.0	2.43
27287_1_1_1	27287_1_1_1	27287_1_1_1	4000664.0	4000664.0	0.0	strict	27287_1_1_1	166.0	4.0	0.0	0.33
27288_1_1_1	27288_1_1_1	27288_1_1_1	3000320.0	3000320.0	0.0	moderate	27288_1_1_1	64.0	5.0	0.0	0.45
27290_1_1_1	27290_1_1_1	27290_1_1_1	2000445.94087096	2000445.94087096	0.0	tolerant	27290_1_1_1	112.0	4.0	2.0591290398	2.03
27301_1_1_1	27301_1_1_1	27301_1_1_1	2000805.2715126732	2000805.2715126732	0.0	tolerant	27301_1_1_1	202.0	4.0	2.7284873267	1.97
27305_1_1_1	27305_1_1_1	27305_1_1_1	2000692.50379796	2000692.50379796	0.0	tolerant	27305_1_1_1	139.0	5.0	2.49620204	0.96
27306_1_1_1	27306_1_1_1	27306_1_1_1	2000099.0	2000099.0	0.0	tolerant	27306_1_1_1	33.0	3.0	0.0	1.23
27307_1_1_1	27307_1_1_1	27307_1_1_1	3000798.0	3000798.0	0.0	moderate	27307_1_1_1	114.0	7.0	0.0	0.14
27313_1_1_1	27313_1_1_1	27313_1_1_1	4001182.0	4001182.0	0.0	strict	27313_1_1_1	197.0	6.0	0.0	0.16
27314_1_1_1	27314_1_1_1	27314_1_1_1	3001395.0	3001395.0	0.0	moderate	27314_1_1_1	279.0	5.0	0.0	0.46
27321_1_1_1	27321_1_1_1	27321_1_1_1	3000613.227098354	3000613.227098354	0.0	moderate	27321_1_1_1	88.0	7.0	2.7729016458	0.72
27328_1_1_1	27328_1_1_1	27328_1_1_1	2000016.0	2000016.0	0.0	tolerant	27328_1_1_1	8.0	2.0	0.0	0.0
27330_1_1_1	27330_1_1_1	27330_1_1_1	2000401.7113406337	2000401.7113406337	0.0	tolerant	27330_1_1_1	101.0	4.0	2.2886593662	1.2
27333_1_1_1	27333_1_1_1	27333_1_1_1	3000217.094184232	3000217.094184232	0.0	moderate	27333_1_1_1	44.0	5.0	2.9058157679	0.8
27333_1_1_1	27334_1_1_1	27333_1_1_1	2000279.008916068	3000217.094184232	999938.085268164	tolerant	27334_1_1_1	47.0	6.0	2.991083932	0.83
27336_1_1_1	27336_1_1_1	27336_1_1_1	3000169.088751587	3000169.088751587	0.0	moderate	27336_1_1_1	43.0	4.0	2.9112484129	1.58
27336_1_1_1	27320_1_1_1	27336_1_1_1	2000121.8142622015	3000169.088751587	1000047.2744893855	tolerant	27320_1_1_1	41.0	3.0	1.1857377983	1.83
27336_1_1_1	27337_1_1_1	27336_1_1_1	2000119.064337283	3000169.088751587	1000050.0244143042	tolerant	27337_1_1_1	40.0	3.0	0.9356627172	1.82
27339_1_1_1	27339_1_1_1	27339_1_1_1	2000470.2237920223	2000470.2237920223	0.0	tolerant	27339_1_1_1	157.0	3.0	0.7762079775	2.26
27341_1_1_1	27341_1_1_1	27341_1_1_1	2000209.294968238	2000209.294968238	0.0	tolerant	27341_1_1_1	53.0	4.0	2.7050317619	1.49
27342_1_1_1	27342_1_1_1	27342_1_1_1	2000385.0137027767	2000385.0137027767	0.0	tolerant	27342_1_1_1	97.0	4.0	2.9862972233	1.77
27344_1_1_1	27344_1_1_1	27344_1_1_1	2000232.0	2000232.0	0.0	tolerant	27344_1_1_1	58.0	4.0	0.0	0.27
27346_1_1_1	27346_1_1_1	27346_1_1_1	1000384.0	1000384.0	0.0	unfiltered	27346_1_1_1	96.0	4.0	0.0	0.0
27347_1_1_1	27347_1_1_1	27347_1_1_1	4000524.0	4000524.0	0.0	strict	27347_1_1_1	131.0	4.0	0.0	0.5
27351_1_1_1	27351_1_1_1	27351_1_1_1	2000185.2939757544	2000185.2939757544	0.0	tolerant	27351_1_1_1	47.0	4.0	2.7060242456	1.37
27353_1_1_1	27353_1_1_1	27353_1_1_1	2000616.0	2000616.0	0.0	tolerant	27353_1_1_1	88.0	7.0	0.0	1.18
27355_1_1_1	27355_1_1_1	27355_1_1_1	2000579.4553821136	2000579.4553821136	0.0	tolerant	27355_1_1_1	97.0	6.0	2.5446178862	2.21
27358_1_1_1	27358_1_1_1	27358_1_1_1	1000920.9621852672	1000920.9621852672	0.0	unfiltered	27358_1_1_1	132.0	7.0	3.0378147327	1.85
27359_1_1_1	27359_1_1_1	27359_1_1_1	3000147.0	3000147.0	0.0	moderate	27359_1_1_1	49.0	3.0	0.0	0.0
27359_1_1_1	27362_1_1_1	27359_1_1_1	2000092.0	3000147.0	1000055.0	tolerant	27362_1_1_1	46.0	2.0	0.0	0.0
27375_1_1_1	27375_1_1_1	27375_1_1_1	2000181.8685745767	2000181.8685745767	0.0	tolerant	27375_1_1_1	46.0	4.0	2.1314254233	0.96
27375_1_1_1	27374_1_1_1	27375_1_1_1	2000135.0	2000181.8685745767	46.868574576685205	tolerant	27374_1_1_1	45.0	3.0	0.0	1.68
27376_1_1_1	27376_1_1_1	27376_1_1_1	2000182.2399699877	2000182.2399699877	0.0	tolerant	27376_1_1_1	92.0	2.0	1.7600300124	1.82
27380_1_1_1	27380_1_1_1	27380_1_1_1	3001277.4137426824	3001277.4137426824	0.0	moderate	27380_1_1_1	320.0	4.0	2.5862573176	1.15
27381_1_1_1	25267_1_1_1	25267_1_1_1	4000975.0	4000975.0	0.0	strict	25267_1_1_1	195.0	5.0	0.0	2.04
27381_1_1_1	27381_1_1_1	25267_1_1_1	4000696.0	4000975.0	279.0	strict	27381_1_1_1	174.0	4.0	0.0	0.99
27393_1_1_1	27393_1_1_1	27393_1_1_1	2000618.1580750316	2000618.1580750316	0.0	tolerant	27393_1_1_1	124.0	5.0	1.8419249685	1.32
27394_1_1_1	27394_1_1_1	27394_1_1_1	3000717.7769032307	3000717.7769032307	0.0	moderate	27394_1_1_1	144.0	5.0	2.2230967691	1.15
27398_1_1_1	27398_1_1_1	27398_1_1_1	3000687.42936295	3000687.42936295	0.0	moderate	27398_1_1_1	138.0	5.0	2.5706370503	0.7
27400_1_1_1	27400_1_1_1	27400_1_1_1	4000887.144280389	4000887.144280389	0.0	strict	27400_1_1_1	127.0	7.0	1.8557196109	0.57
27402_1_1_1	27402_1_1_1	27402_1_1_1	1000272.0	1000272.0	0.0	unfiltered	27402_1_1_1	68.0	4.0	0.0	1.68
27403_1_1_1	27403_1_1_1	27403_1_1_1	3001372.1925039515	3001372.1925039515	0.0	moderate	27403_1_1_1	275.0	5.0	2.8074960485	0.61
27403_1_1_1	27160_1_1_1	27403_1_1_1	3001357.19037808	3001372.1925039515	15.002125871367753	moderate	27160_1_1_1	272.0	5.0	2.8096219197	0.64
27405_1_1_1	27405_1_1_1	27405_1_1_1	4000553.0	4000553.0	0.0	strict	27405_1_1_1	79.0	7.0	0.0	0.44
27405_1_1_1	30457_1_1_1	27405_1_1_1	3000546.0	4000553.0	1000007.0	moderate	30457_1_1_1	78.0	7.0	0.0	0.44
27405_1_1_1	53239_1_1_1	27405_1_1_1	2000134.0	4000553.0	2000419.0	tolerant	53239_1_1_1	67.0	2.0	0.0	0.0
27405_1_1_1	53240_1_1_1	27405_1_1_1	2000134.0	4000553.0	2000419.0	tolerant	53240_1_1_1	67.0	2.0	0.0	0.0
27405_1_1_1	53241_1_1_1	27405_1_1_1	2000109.2636997127	4000553.0	2000443.7363002873	tolerant	53241_1_1_1	56.0	2.0	2.7363002872	0.0
27408_1_1_1	27408_1_1_1	27408_1_1_1	3000444.0	3000444.0	0.0	moderate	27408_1_1_1	111.0	4.0	0.0	0.65
27412_1_1_1	27412_1_1_1	27412_1_1_1	2000652.6796706235	2000652.6796706235	0.0	tolerant	27412_1_1_1	131.0	5.0	2.3203293762	1.81
27415_1_1_1	27415_1_1_1	27415_1_1_1	2000232.62461941	2000232.62461941	0.0	tolerant	27415_1_1_1	47.0	5.0	2.3753805899	1.4
27424_1_1_1	27424_1_1_1	27424_1_1_1	4000504.0	4000504.0	0.0	strict	27424_1_1_1	72.0	7.0	0.0	0.6
27426_1_1_1	27426_1_1_1	27426_1_1_1	2000706.07366142	2000706.07366142	0.0	tolerant	27426_1_1_1	118.0	6.0	1.9263385799	1.79
27426_1_1_1	25426_1_1_1	27426_1_1_1	2000699.9779325868	2000706.07366142	6.09572883322835	tolerant	25426_1_1_1	117.0	6.0	2.0220674133	1.83
27429_1_1_1	27429_1_1_1	27429_1_1_1	4000610.0	4000610.0	0.0	strict	27429_1_1_1	122.0	5.0	0.0	0.0
27429_1_1_1	27430_1_1_1	27429_1_1_1	4000610.0	4000610.0	0.0	strict	27430_1_1_1	122.0	5.0	0.0	0.0
27433_1_1_1	27433_1_1_1	27433_1_1_1	2000454.232700912	2000454.232700912	0.0	tolerant	27433_1_1_1	76.0	6.0	1.767299088	0.52
27435_1_1_1	27435_1_1_1	27435_1_1_1	2000943.2436151537	2000943.2436151537	0.0	tolerant	27435_1_1_1	135.0	7.0	1.7563848463	0.41
27436_1_1_1	27436_1_1_1	27436_1_1_1	3000459.1868928024	3000459.1868928024	0.0	moderate	27436_1_1_1	66.0	7.0	2.8131071976	1.41
27438_1_1_1	27438_1_1_1	27438_1_1_1	3000372.0	3000372.0	0.0	moderate	27438_1_1_1	93.0	4.0	0.0	0.68
27439_1_1_1	27439_1_1_1	27439_1_1_1	3000770.0	3000770.0	0.0	moderate	27439_1_1_1	110.0	7.0	0.0	1.59
27445_1_1_1	27445_1_1_1	27445_1_1_1	3001375.0	3001375.0	0.0	moderate	27445_1_1_1	275.0	5.0	0.0	1.53
27448_1_1_1	27448_1_1_1	27448_1_1_1	3000834.0	3000834.0	0.0	moderate	27448_1_1_1	139.0	6.0	0.0	0.65
27448_1_1_1	27656_1_1_1	27448_1_1_1	1000266.509829908	3000834.0	2000567.4901700919	unfiltered	27656_1_1_1	136.0	2.0	5.4901700919	0.0
27449_1_1_1	27450_1_1_1	27450_1_1_1	4000305.0	4000305.0	0.0	strict	27450_1_1_1	61.0	5.0	0.0	1.07
27449_1_1_1	27451_1_1_1	27450_1_1_1	4000305.0	4000305.0	0.0	strict	27451_1_1_1	61.0	5.0	0.0	0.89
27449_1_1_1	27449_1_1_1	27450_1_1_1	4000244.0	4000305.0	61.0	strict	27449_1_1_1	61.0	4.0	0.0	0.0
27449_1_1_1	4072_1_1_1	27450_1_1_1	3000280.0	4000305.0	1000025.0	moderate	4072_1_1_1	56.0	5.0	0.0	0.7
27453_1_1_1	27453_1_1_1	27453_1_1_1	3000823.7769672787	3000823.7769672787	0.0	moderate	27453_1_1_1	118.0	7.0	2.2230327211	0.19
27455_1_1_1	15177_1_1_1	15177_1_1_1	3000618.0	3000618.0	0.0	moderate	15177_1_1_1	103.0	6.0	0.0	1.15
27455_1_1_1	27455_1_1_1	15177_1_1_1	3000600.0	3000618.0	18.0	moderate	27455_1_1_1	100.0	6.0	0.0	0.13
27457_1_1_1	27457_1_1_1	27457_1_1_1	1000308.0	1000308.0	0.0	unfiltered	27457_1_1_1	77.0	4.0	0.0	1.22
27458_1_1_1	27458_1_1_1	27458_1_1_1	4000868.0	4000868.0	0.0	strict	27458_1_1_1	124.0	7.0	0.0	1.0
27460_1_1_1	27460_1_1_1	27460_1_1_1	2000441.507803014	2000441.507803014	0.0	tolerant	27460_1_1_1	74.0	6.0	2.4921969859	0.89
27461_1_1_1	27461_1_1_1	27461_1_1_1	2000232.033870113	2000232.033870113	0.0	tolerant	27461_1_1_1	78.0	3.0	1.9661298869	1.88
27462_1_1_1	27462_1_1_1	27462_1_1_1	4001344.0	4001344.0	0.0	strict	27462_1_1_1	192.0	7.0	0.0	0.97
27462_1_1_1	52642_1_1_1	27462_1_1_1	4000776.0	4001344.0	568.0	strict	52642_1_1_1	194.0	4.0	0.0	0.81
27462_1_1_1	27975_1_1_1	27462_1_1_1	2000760.0	4001344.0	2000584.0	tolerant	27975_1_1_1	190.0	4.0	0.0	1.52
27464_1_1_1	27464_1_1_1	27464_1_1_1	2000085.258891114	2000085.258891114	0.0	tolerant	27464_1_1_1	29.0	3.0	1.741108886	0.0
27467_1_1_1	27467_1_1_1	27467_1_1_1	4000498.0	4000498.0	0.0	strict	27467_1_1_1	83.0	6.0	0.0	1.69
27468_1_1_1	27468_1_1_1	27468_1_1_1	1000972.0	1000972.0	0.0	unfiltered	27468_1_1_1	162.0	6.0	0.0	0.98
27473_1_1_1	27473_1_1_1	27473_1_1_1	4000468.0	4000468.0	0.0	strict	27473_1_1_1	78.0	6.0	0.0	0.44
27476_1_1_1	27476_1_1_1	27476_1_1_1	1000513.4328068777	1000513.4328068777	0.0	unfiltered	27476_1_1_1	74.0	7.0	4.5671931224	1.44
27477_1_1_1	27477_1_1_1	27477_1_1_1	4000833.0	4000833.0	0.0	strict	27477_1_1_1	119.0	7.0	0.0	0.48
27477_1_1_1	27511_1_1_1	27477_1_1_1	4000484.0	4000833.0	349.0	strict	27511_1_1_1	121.0	4.0	0.0	0.69
27477_1_1_1	27508_1_1_1	27477_1_1_1	4000476.0	4000833.0	357.0	strict	27508_1_1_1	119.0	4.0	0.0	2.36
27481_1_1_1	27481_1_1_1	27481_1_1_1	4000777.0	4000777.0	0.0	strict	27481_1_1_1	111.0	7.0	0.0	1.01
27483_1_1_1	27483_1_1_1	27483_1_1_1	3000707.0299187517	3000707.0299187517	0.0	moderate	27483_1_1_1	142.0	5.0	2.9700812485	1.27
27484_1_1_1	27484_1_1_1	27484_1_1_1	2000184.958505885	2000184.958505885	0.0	tolerant	27484_1_1_1	93.0	2.0	1.0414941151	0.0
27488_1_1_1	27488_1_1_1	27488_1_1_1	3000959.0	3000959.0	0.0	moderate	27488_1_1_1	137.0	7.0	0.0	1.13
27489_1_1_1	27489_1_1_1	27489_1_1_1	2000265.7968507772	2000265.7968507772	0.0	tolerant	27489_1_1_1	89.0	3.0	1.2031492228	1.98
27490_2_1_1	27490_2_1_1	27490_2_1_1	2000352.0	2000352.0	0.0	tolerant	27490_2_1_1	176.0	2.0	0.0	0.0
27491_1_1_1	27492_1_1_1	27492_1_1_1	3000102.0	3000102.0	0.0	moderate	27492_1_1_1	34.0	3.0	0.0	0.0
27491_1_1_1	27491_1_1_1	27492_1_1_1	3000096.0	3000102.0	6.0	moderate	27491_1_1_1	32.0	3.0	0.0	0.0
27491_1_1_1	6880_1_1_1	27492_1_1_1	3000092.0	3000102.0	10.0	moderate	6880_1_1_1	23.0	4.0	0.0	0.0
27491_1_1_1	5273_1_1_1	27492_1_1_1	2000099.0	3000102.0	1000003.0	tolerant	5273_1_1_1	33.0	3.0	0.0	0.0
27491_1_1_1	5274_1_1_1	27492_1_1_1	2000096.0	3000102.0	1000006.0	tolerant	5274_1_1_1	32.0	3.0	0.0	0.0
27495_1_1_1	50686_1_1_1	50686_1_1_1	2000456.21798312	2000456.21798312	0.0	tolerant	50686_1_1_1	153.0	3.0	2.78201688	0.45
27495_1_1_1	27495_1_1_1	50686_1_1_1	2000228.0	2000456.21798312	228.21798311988823	tolerant	27495_1_1_1	114.0	2.0	0.0	0.43
27495_1_1_1	27494_1_1_1	50686_1_1_1	1000629.140048754	2000456.21798312	999827.0779343658	unfiltered	27494_1_1_1	127.0	5.0	5.8599512459	0.35
27497_1_1_1	27497_1_1_1	27497_1_1_1	4000721.0	4000721.0	0.0	strict	27497_1_1_1	103.0	7.0	0.0	1.93
27498_1_1_1	27498_1_1_1	27498_1_1_1	4000784.0	4000784.0	0.0	strict	27498_1_1_1	112.0	7.0	0.0	0.34
27498_1_1_1	51237_1_1_1	27498_1_1_1	4000560.0	4000784.0	224.0	strict	51237_1_1_1	112.0	5.0	0.0	0.33
27498_1_1_1	53374_1_1_1	27498_1_1_1	4000444.0	4000784.0	340.0	strict	53374_1_1_1	111.0	4.0	0.0	0.28
27499_1_1_1	27499_1_1_1	27499_1_1_1	2000336.0	2000336.0	0.0	tolerant	27499_1_1_1	56.0	6.0	0.0	2.46
274_1_1_1	346_1_1_1	346_1_1_1	3000303.0	3000303.0	0.0	moderate	346_1_1_1	101.0	3.0	0.0	0.0
274_1_1_1	274_1_1_1	346_1_1_1	3000300.0	3000303.0	3.0	moderate	274_1_1_1	100.0	3.0	0.0	0.0
274_1_1_1	1171_1_1_1	346_1_1_1	3000294.0	3000303.0	9.0	moderate	1171_1_1_1	98.0	3.0	0.0	0.0
274_1_1_1	1192_1_1_1	346_1_1_1	2000006.0	3000303.0	1000297.0	tolerant	1192_1_1_1	3.0	2.0	0.0	0.0
27503_1_1_1	27503_1_1_1	27503_1_1_1	3001141.0	3001141.0	0.0	moderate	27503_1_1_1	163.0	7.0	0.0	2.37
27506_1_1_1	27506_1_1_1	27506_1_1_1	2000605.0	2000605.0	0.0	tolerant	27506_1_1_1	121.0	5.0	0.0	1.28
27512_1_1_1	51725_1_1_1	51725_1_1_1	4000518.0	4000518.0	0.0	strict	51725_1_1_1	74.0	7.0	0.0	2.46
27512_1_1_1	11505_1_1_1	51725_1_1_1	4000518.0	4000518.0	0.0	strict	11505_1_1_1	74.0	7.0	0.0	1.28
27512_1_1_1	30693_1_1_1	51725_1_1_1	4000518.0	4000518.0	0.0	strict	30693_1_1_1	74.0	7.0	0.0	0.66
27512_1_1_1	16228_1_1_1	51725_1_1_1	4000518.0	4000518.0	0.0	strict	16228_1_1_1	74.0	7.0	0.0	0.45
27512_1_1_1	19670_1_1_1	51725_1_1_1	4000511.0	4000518.0	7.0	strict	19670_1_1_1	73.0	7.0	0.0	0.62
27512_1_1_1	50330_1_1_1	51725_1_1_1	4000511.0	4000518.0	7.0	strict	50330_1_1_1	73.0	7.0	0.0	0.78
27512_1_1_1	25972_1_1_1	51725_1_1_1	4000511.0	4000518.0	7.0	strict	25972_1_1_1	73.0	7.0	0.0	2.98
27512_1_1_1	26783_1_1_1	51725_1_1_1	4000390.0	4000518.0	128.0	strict	26783_1_1_1	78.0	5.0	0.0	0.63
27512_1_1_1	27512_1_1_1	51725_1_1_1	4000292.0	4000518.0	226.0	strict	27512_1_1_1	73.0	4.0	0.0	0.91
27512_1_1_1	53268_1_1_1	51725_1_1_1	4000292.0	4000518.0	226.0	strict	53268_1_1_1	73.0	4.0	0.0	0.0
27512_1_1_1	18831_1_1_1	51725_1_1_1	3000532.0	4000518.0	999986.0	moderate	18831_1_1_1	76.0	7.0	0.0	0.9
27512_1_1_1	34351_1_1_1	51725_1_1_1	3000525.0	4000518.0	999993.0	moderate	34351_1_1_1	75.0	7.0	0.0	0.6
27512_1_1_1	51721_1_1_1	51725_1_1_1	3000511.0	4000518.0	1000007.0	moderate	51721_1_1_1	73.0	7.0	0.0	2.47
27512_1_1_1	52529_1_1_1	51725_1_1_1	3000511.0	4000518.0	1000007.0	moderate	52529_1_1_1	73.0	7.0	0.0	0.24
27512_1_1_1	36082_1_1_1	51725_1_1_1	3000504.0	4000518.0	1000014.0	moderate	36082_1_1_1	72.0	7.0	0.0	0.72
27512_1_1_1	4493_1_1_1	51725_1_1_1	3000444.0	4000518.0	1000074.0	moderate	4493_1_1_1	74.0	6.0	0.0	1.39
27512_1_1_1	4663_1_1_1	51725_1_1_1	3000444.0	4000518.0	1000074.0	moderate	4663_1_1_1	74.0	6.0	0.0	1.2
27512_1_1_1	27356_1_1_1	51725_1_1_1	3000438.0	4000518.0	1000080.0	moderate	27356_1_1_1	73.0	6.0	0.0	0.0
27512_1_1_1	4769_1_1_1	51725_1_1_1	3000420.0	4000518.0	1000098.0	moderate	4769_1_1_1	70.0	6.0	0.0	0.46
27512_1_1_1	27172_1_1_1	51725_1_1_1	3000380.0	4000518.0	1000138.0	moderate	27172_1_1_1	76.0	5.0	0.0	0.65
27512_1_1_1	50467_1_1_1	51725_1_1_1	3000276.0	4000518.0	1000242.0	moderate	50467_1_1_1	69.0	4.0	0.0	0.0
27512_1_1_1	51463_1_1_1	51725_1_1_1	3000231.0	4000518.0	1000287.0	moderate	51463_1_1_1	77.0	3.0	0.0	0.0
27512_1_1_1	51457_1_1_1	51725_1_1_1	3000219.0	4000518.0	1000299.0	moderate	51457_1_1_1	73.0	3.0	0.0	0.0
27512_1_1_1	51458_1_1_1	51725_1_1_1	3000219.0	4000518.0	1000299.0	moderate	51458_1_1_1	73.0	3.0	0.0	0.0
27512_1_1_1	51459_1_1_1	51725_1_1_1	3000219.0	4000518.0	1000299.0	moderate	51459_1_1_1	73.0	3.0	0.0	0.0
27512_1_1_1	6458_1_1_1	51725_1_1_1	3000219.0	4000518.0	1000299.0	moderate	6458_1_1_1	73.0	3.0	0.0	0.0
27512_1_1_1	52365_1_1_1	51725_1_1_1	2000518.0	4000518.0	2000000.0	tolerant	52365_1_1_1	74.0	7.0	0.0	0.62
27512_1_1_1	52376_1_1_1	51725_1_1_1	2000375.0	4000518.0	2000143.0	tolerant	52376_1_1_1	75.0	5.0	0.0	0.43
27512_1_1_1	25708_2_1_1	51725_1_1_1	2000146.0	4000518.0	2000372.0	tolerant	25708_2_1_1	73.0	2.0	0.0	0.0
27512_1_1_1	27807_1_1_1	51725_1_1_1	2000142.0	4000518.0	2000376.0	tolerant	27807_1_1_1	71.0	2.0	0.0	0.0
27512_1_1_1	50466_1_1_1	51725_1_1_1	2000140.0	4000518.0	2000378.0	tolerant	50466_1_1_1	70.0	2.0	0.0	0.0
27512_1_1_1	27803_1_1_1	51725_1_1_1	2000138.0	4000518.0	2000380.0	tolerant	27803_1_1_1	69.0	2.0	0.0	0.0
27512_1_1_1	27809_1_1_1	51725_1_1_1	2000138.0	4000518.0	2000380.0	tolerant	27809_1_1_1	69.0	2.0	0.0	0.0
27512_1_1_1	25123_1_1_1	51725_1_1_1	1000280.0	4000518.0	3000238.0	unfiltered	25123_1_1_1	70.0	4.0	0.0	0.27
27512_1_1_1	52343_1_1_1	51725_1_1_1	1000213.0	4000518.0	3000305.0	unfiltered	52343_1_1_1	71.0	3.0	0.0	0.0
27512_1_1_1	2573_1_1_1	51725_1_1_1	1000069.0	4000518.0	3000449.0	unfiltered	2573_1_1_1	69.0	1.0	0.0	0.0
27517_1_1_1	27517_1_1_1	27517_1_1_1	2000157.4506098744	2000157.4506098744	0.0	tolerant	27517_1_1_1	53.0	3.0	1.5493901256	1.45
27520_1_1_1	27520_1_1_1	27520_1_1_1	2001421.6819093735	2001421.6819093735	0.0	tolerant	27520_1_1_1	356.0	4.0	2.3180906266	1.42
27521_1_1_1	27521_1_1_1	27521_1_1_1	2000850.2321691888	2000850.2321691888	0.0	tolerant	27521_1_1_1	213.0	4.0	1.7678308114	1.62
27523_1_1_1	27523_1_1_1	27523_1_1_1	4000630.0	4000630.0	0.0	strict	27523_1_1_1	105.0	6.0	0.0	0.67
27524_1_1_1	27524_1_1_1	27524_1_1_1	4000602.0	4000602.0	0.0	strict	27524_1_1_1	86.0	7.0	0.0	1.51
27525_1_1_1	27525_1_1_1	27525_1_1_1	3000385.0	3000385.0	0.0	moderate	27525_1_1_1	77.0	5.0	0.0	1.88
27527_1_1_1	27527_1_1_1	27527_1_1_1	4000316.0	4000316.0	0.0	strict	27527_1_1_1	79.0	4.0	0.0	3.16
27527_1_1_1	19397_1_1_1	27527_1_1_1	3000208.0	4000316.0	1000108.0	moderate	19397_1_1_1	52.0	4.0	0.0	0.0
27528_1_1_1	27528_1_1_1	27528_1_1_1	3001435.0	3001435.0	0.0	moderate	27528_1_1_1	287.0	5.0	0.0	1.28
27531_1_1_1	27531_1_1_1	27531_1_1_1	4000745.0	4000745.0	0.0	strict	27531_1_1_1	149.0	5.0	0.0	0.59
27532_1_1_1	27532_1_1_1	27532_1_1_1	4000707.0	4000707.0	0.0	strict	27532_1_1_1	101.0	7.0	0.0	1.44
27533_1_1_1	27775_1_1_1	27775_1_1_1	2000254.552616208	2000254.552616208	0.0	tolerant	27775_1_1_1	64.0	4.0	1.4473837919	1.86
27533_1_1_1	27533_1_1_1	27775_1_1_1	2000230.357280973	2000254.552616208	24.19533523498103	tolerant	27533_1_1_1	77.0	3.0	0.6427190269	1.67
27533_1_1_1	27569_1_1_1	27775_1_1_1	2000219.0	2000254.552616208	35.55261620809324	tolerant	27569_1_1_1	73.0	3.0	0.0	1.49
27536_1_1_1	27536_1_1_1	27536_1_1_1	2000831.5351261185	2000831.5351261185	0.0	tolerant	27536_1_1_1	139.0	6.0	2.4648738816	1.08
27538_1_1_1	27537_1_1_1	27537_1_1_1	2000386.182476236	2000386.182476236	0.0	tolerant	27537_1_1_1	97.0	4.0	1.8175237642	2.39
27538_1_1_1	27538_1_1_1	27537_1_1_1	2000377.968480132	2000386.182476236	8.213996103964746	tolerant	27538_1_1_1	95.0	4.0	2.031519868	2.25
27540_1_1_1	27540_1_1_1	27540_1_1_1	2000438.297754377	2000438.297754377	0.0	tolerant	27540_1_1_1	110.0	4.0	1.702245623	0.94
27543_1_1_1	27543_1_1_1	27543_1_1_1	4000315.0	4000315.0	0.0	strict	27543_1_1_1	63.0	5.0	0.0	3.13
27546_1_1_1	15757_1_1_1	15757_1_1_1	3000924.0	3000924.0	0.0	moderate	15757_1_1_1	132.0	7.0	0.0	0.27
27546_1_1_1	27544_1_1_1	15757_1_1_1	3000520.0	3000924.0	404.0	moderate	27544_1_1_1	130.0	4.0	0.0	0.2
27546_1_1_1	27542_1_1_1	15757_1_1_1	3000516.0	3000924.0	408.0	moderate	27542_1_1_1	129.0	4.0	0.0	0.45
27546_1_1_1	27546_1_1_1	15757_1_1_1	3000508.0	3000924.0	416.0	moderate	27546_1_1_1	127.0	4.0	0.0	0.14
27546_1_1_1	26531_1_1_1	15757_1_1_1	3000504.0	3000924.0	420.0	moderate	26531_1_1_1	126.0	4.0	0.0	0.19
27546_1_1_1	27545_1_1_1	15757_1_1_1	3000500.0	3000924.0	424.0	moderate	27545_1_1_1	125.0	4.0	0.0	0.27
27550_1_1_1	27550_1_1_1	27550_1_1_1	2000608.6291136171	2000608.6291136171	0.0	tolerant	27550_1_1_1	122.0	5.0	1.3708863828	1.96
27553_1_1_1	27553_1_1_1	27553_1_1_1	2000327.898614586	2000327.898614586	0.0	tolerant	27553_1_1_1	55.0	6.0	2.1013854142	2.16
27554_1_1_1	27554_1_1_1	27554_1_1_1	2000377.885571972	2000377.885571972	0.0	tolerant	27554_1_1_1	76.0	5.0	2.114428028	1.66
27563_1_1_1	27563_1_1_1	27563_1_1_1	4000995.0	4000995.0	0.0	strict	27563_1_1_1	199.0	5.0	0.0	0.63
27563_1_1_1	26348_1_1_1	27563_1_1_1	3000866.3931169333	4000995.0	1000128.6068830667	moderate	26348_1_1_1	217.0	4.0	1.6068830665	0.84
27563_1_1_1	25231_1_1_1	27563_1_1_1	3000768.0	4000995.0	1000227.0	moderate	25231_1_1_1	192.0	4.0	0.0	0.49
27565_1_1_1	27565_1_1_1	27565_1_1_1	2000467.764339736	2000467.764339736	0.0	tolerant	27565_1_1_1	94.0	5.0	2.235660264	1.73
27578_1_1_1	27578_1_1_1	27578_1_1_1	3001516.5510012605	3001516.5510012605	0.0	moderate	27578_1_1_1	217.0	7.0	2.4489987397	0.46
27579_1_1_1	5305_1_1_1	5305_1_1_1	3000960.0	3000960.0	0.0	moderate	5305_1_1_1	160.0	6.0	0.0	2.13
27579_1_1_1	27579_1_1_1	5305_1_1_1	3000483.0	3000960.0	477.0	moderate	27579_1_1_1	161.0	3.0	0.0	0.0
27580_1_1_1	27580_1_1_1	27580_1_1_1	3000260.0	3000260.0	0.0	moderate	27580_1_1_1	52.0	5.0	0.0	2.9
27583_1_1_1	27583_1_1_1	27583_1_1_1	2000286.6933688915	2000286.6933688915	0.0	tolerant	27583_1_1_1	96.0	3.0	1.3066311085	1.53
27584_1_1_1	50592_1_1_1	50592_1_1_1	3000360.0	3000360.0	0.0	moderate	50592_1_1_1	90.0	4.0	0.0	0.77
27584_1_1_1	27585_1_1_1	50592_1_1_1	3000320.0	3000360.0	40.0	moderate	27585_1_1_1	80.0	4.0	0.0	2.86
27584_1_1_1	27584_1_1_1	50592_1_1_1	3000316.0	3000360.0	44.0	moderate	27584_1_1_1	79.0	4.0	0.0	2.73
27588_1_1_1	27588_1_1_1	27588_1_1_1	2001344.0	2001344.0	0.0	tolerant	27588_1_1_1	192.0	7.0	0.0	0.68
27593_1_1_1	27593_1_1_1	27593_1_1_1	4000840.0	4000840.0	0.0	strict	27593_1_1_1	120.0	7.0	0.0	0.99
27595_1_1_1	27595_1_1_1	27595_1_1_1	3000749.0	3000749.0	0.0	moderate	27595_1_1_1	107.0	7.0	0.0	0.88
27596_1_1_1	27596_1_1_1	27596_1_1_1	2000741.651952969	2000741.651952969	0.0	tolerant	27596_1_1_1	124.0	6.0	2.348047031	1.27
27598_1_1_1	27598_1_1_1	27598_1_1_1	4000475.0	4000475.0	0.0	strict	27598_1_1_1	95.0	5.0	0.0	0.46
275_1_1_1	275_1_1_1	275_1_1_1	3000138.0	3000138.0	0.0	moderate	275_1_1_1	46.0	3.0	0.0	0.0
275_1_1_1	300_1_1_1	275_1_1_1	3000135.0	3000138.0	3.0	moderate	300_1_1_1	45.0	3.0	0.0	0.0
275_1_1_1	63_1_1_1	275_1_1_1	3000129.0	3000138.0	9.0	moderate	63_1_1_1	43.0	3.0	0.0	0.0
27601_1_1_1	27601_1_1_1	27601_1_1_1	3000493.136043801	3000493.136043801	0.0	moderate	27601_1_1_1	124.0	4.0	2.8639561988	2.51
27608_1_1_1	27608_1_1_1	27608_1_1_1	3001089.0087508187	3001089.0087508187	0.0	moderate	27608_1_1_1	156.0	7.0	2.9912491813	2.31
27608_1_1_1	28006_1_1_1	27608_1_1_1	2000647.2248828977	3001089.0087508187	1000441.783867921	tolerant	28006_1_1_1	162.0	4.0	0.7751171022	1.79
27608_1_1_1	28005_1_1_1	27608_1_1_1	2000319.2324391103	3001089.0087508187	1000769.7763117084	tolerant	28005_1_1_1	160.0	2.0	0.7675608896	1.75
27609_1_1_1	27609_1_1_1	27609_1_1_1	3000435.0	3000435.0	0.0	moderate	27609_1_1_1	87.0	5.0	0.0	1.03
27610_1_1_1	27610_1_1_1	27610_1_1_1	4000616.0	4000616.0	0.0	strict	27610_1_1_1	88.0	7.0	0.0	1.06
27611_1_1_1	27611_1_1_1	27611_1_1_1	3000155.0	3000155.0	0.0	moderate	27611_1_1_1	31.0	5.0	0.0	0.0
27613_1_1_1	27613_1_1_1	27613_1_1_1	3000755.0	3000755.0	0.0	moderate	27613_1_1_1	151.0	5.0	0.0	0.97
27614_1_1_1	27614_1_1_1	27614_1_1_1	3000828.0	3000828.0	0.0	moderate	27614_1_1_1	138.0	6.0	0.0	0.57
27615_1_1_1	27615_1_1_1	27615_1_1_1	2000205.487031879	2000205.487031879	0.0	tolerant	27615_1_1_1	52.0	4.0	2.5129681213	1.11
27616_1_1_1	10277_1_1_1	10277_1_1_1	4000469.0	4000469.0	0.0	strict	10277_1_1_1	67.0	7.0	0.0	1.08
27616_1_1_1	15695_1_1_1	10277_1_1_1	4000406.0	4000469.0	63.0	strict	15695_1_1_1	58.0	7.0	0.0	1.34
27616_1_1_1	27616_1_1_1	10277_1_1_1	4000204.0	4000469.0	265.0	strict	27616_1_1_1	51.0	4.0	0.0	1.17
27617_1_1_1	27617_1_1_1	27617_1_1_1	3001315.0	3001315.0	0.0	moderate	27617_1_1_1	263.0	5.0	0.0	0.46
27618_1_1_1	27618_1_1_1	27618_1_1_1	2000269.925372193	2000269.925372193	0.0	tolerant	27618_1_1_1	68.0	4.0	2.0746278068	1.34
27619_1_1_1	27619_1_1_1	27619_1_1_1	3001132.959972781	3001132.959972781	0.0	moderate	27619_1_1_1	227.0	5.0	2.0400272191	1.09
27622_1_1_1	27622_1_1_1	27622_1_1_1	3000578.50918479	3000578.50918479	0.0	moderate	27622_1_1_1	83.0	7.0	2.4908152101	2.55
27622_1_1_1	27621_1_1_1	27622_1_1_1	3000437.961762618	3000578.50918479	140.54742217203602	moderate	27621_1_1_1	88.0	5.0	2.0382373824	2.55
27622_1_1_1	52266_1_1_1	27622_1_1_1	3000350.0	3000578.50918479	228.50918478984386	moderate	52266_1_1_1	70.0	5.0	0.0	0.68
27623_1_1_1	27623_1_1_1	27623_1_1_1	3000742.0	3000742.0	0.0	moderate	27623_1_1_1	106.0	7.0	0.0	0.27
27624_1_1_1	27624_1_1_1	27624_1_1_1	3000678.0	3000678.0	0.0	moderate	27624_1_1_1	113.0	6.0	0.0	0.41
27625_1_1_1	27625_1_1_1	27625_1_1_1	2000297.9860968285	2000297.9860968285	0.0	tolerant	27625_1_1_1	75.0	4.0	2.0139031716	0.64
27626_1_1_1	27626_1_1_1	27626_1_1_1	1000532.4094906944	1000532.4094906944	0.0	unfiltered	27626_1_1_1	78.0	7.0	13.5905093057	0.78
27627_1_1_1	27627_1_1_1	27627_1_1_1	3000997.4496149886	3000997.4496149886	0.0	moderate	27627_1_1_1	200.0	5.0	2.5503850112	1.1
27627_1_1_1	27529_1_1_1	27627_1_1_1	2000678.270142487	3000997.4496149886	1000319.1794725016	tolerant	27529_1_1_1	170.0	4.0	1.729857513	1.07
27628_1_1_1	27628_1_1_1	27628_1_1_1	4000220.0	4000220.0	0.0	strict	27628_1_1_1	44.0	5.0	0.0	0.37
27629_1_1_1	27629_1_1_1	27629_1_1_1	2000201.0465509752	2000201.0465509752	0.0	tolerant	27629_1_1_1	51.0	4.0	2.9534490245	2.33
27633_1_1_1	27633_1_1_1	27633_1_1_1	2000138.4606798145	2000138.4606798145	0.0	tolerant	27633_1_1_1	70.0	2.0	1.5393201855	0.0
27634_1_1_1	27634_1_1_1	27634_1_1_1	2000717.5357951175	2000717.5357951175	0.0	tolerant	27634_1_1_1	120.0	6.0	2.4642048824	1.58
27636_1_1_1	27636_1_1_1	27636_1_1_1	3000614.269050202	3000614.269050202	0.0	moderate	27636_1_1_1	154.0	4.0	1.7309497983	0.86
27639_1_1_1	27639_1_1_1	27639_1_1_1	1000024.0	1000024.0	0.0	unfiltered	27639_1_1_1	8.0	3.0	0.0	0.0
27641_1_1_1	27641_1_1_1	27641_1_1_1	3001098.188924489	3001098.188924489	0.0	moderate	27641_1_1_1	220.0	5.0	1.8110755107	0.48
27642_1_1_1	27642_1_1_1	27642_1_1_1	3000832.924901452	3000832.924901452	0.0	moderate	27642_1_1_1	167.0	5.0	2.0750985481	0.26
27643_1_1_1	27643_1_1_1	27643_1_1_1	4000735.0	4000735.0	0.0	strict	27643_1_1_1	105.0	7.0	0.0	1.78
27645_1_1_1	27645_1_1_1	27645_1_1_1	3000460.0	3000460.0	0.0	moderate	27645_1_1_1	92.0	5.0	0.0	1.02
27648_1_1_1	27648_1_1_1	27648_1_1_1	2000298.218982743	2000298.218982743	0.0	tolerant	27648_1_1_1	75.0	4.0	1.7810172568	1.69
27648_1_1_1	27647_1_1_1	27648_1_1_1	2000274.5144024335	2000298.218982743	23.704580309567973	tolerant	27647_1_1_1	69.0	4.0	1.4855975663	1.79
27649_1_1_1	27649_1_1_1	27649_1_1_1	2000298.4096488687	2000298.4096488687	0.0	tolerant	27649_1_1_1	75.0	4.0	1.5903511313	1.51
27651_1_1_1	27651_1_1_1	27651_1_1_1	3000453.3716953825	3000453.3716953825	0.0	moderate	27651_1_1_1	114.0	4.0	2.6283046176	0.88
27653_1_1_1	27653_1_1_1	27653_1_1_1	3000570.0	3000570.0	0.0	moderate	27653_1_1_1	95.0	6.0	0.0	0.0
27659_1_1_1	27659_1_1_1	27659_1_1_1	3000460.0	3000460.0	0.0	moderate	27659_1_1_1	115.0	4.0	0.0	0.19
27659_1_1_1	7206_1_1_1	27659_1_1_1	1000882.0	3000460.0	1999578.0	unfiltered	7206_1_1_1	126.0	7.0	0.0	0.58
27666_1_1_1	27666_1_1_1	27666_1_1_1	4001014.0	4001014.0	0.0	strict	27666_1_1_1	169.0	6.0	0.0	0.83
27667_1_1_1	27667_1_1_1	27667_1_1_1	2000685.0	2000685.0	0.0	tolerant	27667_1_1_1	137.0	5.0	0.0	2.75
27670_1_1_1	27670_1_1_1	27670_1_1_1	2000438.0	2000438.0	0.0	tolerant	27670_1_1_1	219.0	2.0	0.0	0.0
27670_1_1_1	27669_1_1_1	27670_1_1_1	2000422.0	2000438.0	16.0	tolerant	27669_1_1_1	211.0	2.0	0.0	0.0
27671_1_1_1	27671_1_1_1	27671_1_1_1	2000138.0	2000138.0	0.0	tolerant	27671_1_1_1	69.0	2.0	0.0	0.0
27674_1_1_1	27674_1_1_1	27674_1_1_1	3000247.9632782266	3000247.9632782266	0.0	moderate	27674_1_1_1	50.0	5.0	2.0367217736	0.86
27677_1_1_1	27677_1_1_1	27677_1_1_1	2001302.0	2001302.0	0.0	tolerant	27677_1_1_1	217.0	6.0	0.0	0.68
27681_1_1_1	27681_1_1_1	27681_1_1_1	2000294.247093608	2000294.247093608	0.0	tolerant	27681_1_1_1	99.0	3.0	2.7529063919	2.15
27681_1_1_1	26994_1_1_1	27681_1_1_1	2000127.1125831697	2000294.247093608	167.13451043819077	tolerant	26994_1_1_1	26.0	5.0	2.8874168303	1.45
27688_1_1_1	27688_1_1_1	27688_1_1_1	4001057.0	4001057.0	0.0	strict	27688_1_1_1	151.0	7.0	0.0	1.33
27689_1_1_1	27689_1_1_1	27689_1_1_1	1000761.498284454	1000761.498284454	0.0	unfiltered	27689_1_1_1	110.0	7.0	8.5017155461	0.57
27690_1_1_1	27690_1_1_1	27690_1_1_1	4000868.0	4000868.0	0.0	strict	27690_1_1_1	124.0	7.0	0.0	1.56
27691_1_1_1	27691_1_1_1	27691_1_1_1	3001667.9474472604	3001667.9474472604	0.0	moderate	27691_1_1_1	334.0	5.0	2.0525527397	0.83
27700_1_1_1	27700_1_1_1	27700_1_1_1	2000442.0255266505	2000442.0255266505	0.0	tolerant	27700_1_1_1	111.0	4.0	1.9744733498	1.71
27705_1_1_1	27705_1_1_1	27705_1_1_1	3001215.8884427436	3001215.8884427436	0.0	moderate	27705_1_1_1	174.0	7.0	2.1115572562	1.02
27706_1_1_1	27706_1_1_1	27706_1_1_1	3000457.3540872014	3000457.3540872014	0.0	moderate	27706_1_1_1	92.0	5.0	2.6459127986	0.45
27707_1_1_1	27707_1_1_1	27707_1_1_1	3000424.0	3000424.0	0.0	moderate	27707_1_1_1	106.0	4.0	0.0	0.0
27708_1_1_1	27708_1_1_1	27708_1_1_1	3000632.6765049663	3000632.6765049663	0.0	moderate	27708_1_1_1	127.0	5.0	2.3234950335	0.79
27714_1_1_1	27714_1_1_1	27714_1_1_1	2000042.8726360651	2000042.8726360651	0.0	tolerant	27714_1_1_1	15.0	3.0	2.1273639348	0.0
27724_1_1_1	27724_1_1_1	27724_1_1_1	4000480.0	4000480.0	0.0	strict	27724_1_1_1	120.0	4.0	0.0	0.61
27728_1_1_1	34339_1_1_1	34339_1_1_1	2000062.0	2000062.0	0.0	tolerant	34339_1_1_1	31.0	2.0	0.0	0.0
27728_1_1_1	27728_1_1_1	34339_1_1_1	2000060.0	2000062.0	2.0	tolerant	27728_1_1_1	30.0	2.0	0.0	0.0
27729_1_1_1	27729_1_1_1	27729_1_1_1	3001057.0	3001057.0	0.0	moderate	27729_1_1_1	151.0	7.0	0.0	0.59
27730_1_1_1	27730_1_1_1	27730_1_1_1	2000102.8633042711	2000102.8633042711	0.0	tolerant	27730_1_1_1	35.0	3.0	2.1366957288	0.0
27732_1_1_1	28037_1_1_1	28037_1_1_1	4000777.0	4000777.0	0.0	strict	28037_1_1_1	111.0	7.0	0.0	1.27
27732_1_1_1	27732_1_1_1	28037_1_1_1	4000763.0	4000777.0	14.0	strict	27732_1_1_1	109.0	7.0	0.0	1.71
27732_1_1_1	28038_1_1_1	28037_1_1_1	4000763.0	4000777.0	14.0	strict	28038_1_1_1	109.0	7.0	0.0	1.75
27732_1_1_1	19241_1_1_1	28037_1_1_1	4000735.0	4000777.0	42.0	strict	19241_1_1_1	105.0	7.0	0.0	1.52
27732_1_1_1	27734_1_1_1	28037_1_1_1	4000728.0	4000777.0	49.0	strict	27734_1_1_1	104.0	7.0	0.0	1.28
27732_1_1_1	19787_1_1_1	28037_1_1_1	4000720.0	4000777.0	57.0	strict	19787_1_1_1	120.0	6.0	0.0	0.43
27732_1_1_1	16406_1_1_1	28037_1_1_1	4000678.0	4000777.0	99.0	strict	16406_1_1_1	113.0	6.0	0.0	1.62
27732_1_1_1	19324_1_1_1	28037_1_1_1	4000630.0	4000777.0	147.0	strict	19324_1_1_1	105.0	6.0	0.0	0.84
27732_1_1_1	19788_1_1_1	28037_1_1_1	4000585.0	4000777.0	192.0	strict	19788_1_1_1	117.0	5.0	0.0	0.46
27732_1_1_1	18278_1_1_1	28037_1_1_1	3000742.0	4000777.0	1000035.0	moderate	18278_1_1_1	106.0	7.0	0.0	1.68
27732_1_1_1	26047_1_1_1	28037_1_1_1	2000707.0	4000777.0	2000070.0	tolerant	26047_1_1_1	101.0	7.0	0.0	2.17
27743_1_1_1	27742_1_1_1	27742_1_1_1	3000581.2146664034	3000581.2146664034	0.0	moderate	27742_1_1_1	146.0	4.0	2.7853335968	2.84
27743_1_1_1	27743_1_1_1	27742_1_1_1	3000522.3109760224	3000581.2146664034	58.903690380975604	moderate	27743_1_1_1	131.0	4.0	1.6890239774	2.66
27744_1_1_1	27744_1_1_1	27744_1_1_1	3001250.210345856	3001250.210345856	0.0	moderate	27744_1_1_1	179.0	7.0	2.7896541443	1.28
27755_1_1_1	27755_1_1_1	27755_1_1_1	2000718.5122172064	2000718.5122172064	0.0	tolerant	27755_1_1_1	144.0	5.0	1.4877827939	0.12
27755_1_1_1	27754_1_1_1	27755_1_1_1	2000718.1450141035	2000718.5122172064	0.3672031029127538	tolerant	27754_1_1_1	144.0	5.0	1.8549858965	0.41
27755_1_1_1	27753_1_1_1	27755_1_1_1	2000707.6996002751	2000718.5122172064	10.812616931274533	tolerant	27753_1_1_1	142.0	5.0	2.3003997249	0.47
27757_1_1_1	27757_1_1_1	27757_1_1_1	3000515.0	3000515.0	0.0	moderate	27757_1_1_1	103.0	5.0	0.0	1.09
27761_1_1_1	27761_1_1_1	27761_1_1_1	4000825.0	4000825.0	0.0	strict	27761_1_1_1	165.0	5.0	0.0	1.21
27762_1_1_1	27762_1_1_1	27762_1_1_1	1001481.1741905065	1001481.1741905065	0.0	unfiltered	27762_1_1_1	498.0	3.0	12.8258094935	0.0
27762_1_1_1	25731_1_1_1	27762_1_1_1	1000182.943754172	1001481.1741905065	1298.2304363345029	unfiltered	25731_1_1_1	95.0	2.0	7.0562458279	0.0
27764_1_1_1	27763_1_1_1	27763_1_1_1	2000202.8603635123	2000202.8603635123	0.0	tolerant	27763_1_1_1	51.0	4.0	1.1396364875	1.71
27764_1_1_1	27764_1_1_1	27763_1_1_1	2000194.6258520072	2000202.8603635123	8.234511505113915	tolerant	27764_1_1_1	49.0	4.0	1.3741479927	1.92
27767_1_1_1	27767_1_1_1	27767_1_1_1	4000525.0	4000525.0	0.0	strict	27767_1_1_1	75.0	7.0	0.0	0.38
27768_1_1_1	27768_1_1_1	27768_1_1_1	2000381.0	2000381.0	0.0	tolerant	27768_1_1_1	127.0	3.0	0.0	1.21
27771_1_1_1	27771_1_1_1	27771_1_1_1	3000502.249545441	3000502.249545441	0.0	moderate	27771_1_1_1	101.0	5.0	2.7504545592	0.74
27774_1_1_1	27774_1_1_1	27774_1_1_1	3001245.0	3001245.0	0.0	moderate	27774_1_1_1	249.0	5.0	0.0	3.86
27776_1_1_1	27776_1_1_1	27776_1_1_1	1000530.0	1000530.0	0.0	unfiltered	27776_1_1_1	106.0	5.0	0.0	0.71
27778_1_1_1	27778_1_1_1	27778_1_1_1	2000582.328470423	2000582.328470423	0.0	tolerant	27778_1_1_1	117.0	5.0	2.671529577	2.18
27780_1_1_1	27780_1_1_1	27780_1_1_1	2000586.3444115575	2000586.3444115575	0.0	tolerant	27780_1_1_1	98.0	6.0	1.6555884422	0.74
27781_1_1_1	27781_1_1_1	27781_1_1_1	4000672.0	4000672.0	0.0	strict	27781_1_1_1	96.0	7.0	0.0	0.35
27781_1_1_1	11055_1_1_1	27781_1_1_1	2000490.0	4000672.0	2000182.0	tolerant	11055_1_1_1	98.0	5.0	0.0	0.58
27785_1_1_1	27785_1_1_1	27785_1_1_1	4001013.204969812	4001013.204969812	0.0	strict	27785_1_1_1	145.0	7.0	1.7950301878	0.31
27795_1_1_1	27795_1_1_1	27795_1_1_1	4001405.0	4001405.0	0.0	strict	27795_1_1_1	281.0	5.0	0.0	1.23
27801_1_1_1	27801_1_1_1	27801_1_1_1	2000096.9830899057	2000096.9830899057	0.0	tolerant	27801_1_1_1	33.0	3.0	2.0169100946	1.91
27811_1_1_1	27811_1_1_1	27811_1_1_1	2000334.0	2000334.0	0.0	tolerant	27811_1_1_1	167.0	2.0	0.0	1.08
27812_1_1_1	26755_1_1_1	26755_1_1_1	2000389.132738485	2000389.132738485	0.0	tolerant	26755_1_1_1	130.0	3.0	0.8672615149	1.94
27812_1_1_1	27812_1_1_1	26755_1_1_1	2000377.3410743969	2000389.132738485	11.791664088144898	tolerant	27812_1_1_1	126.0	3.0	0.6589256032	2.02
27813_1_1_1	27813_1_1_1	27813_1_1_1	2000288.0	2000288.0	0.0	tolerant	27813_1_1_1	144.0	2.0	0.0	0.0
27815_1_1_1	27815_1_1_1	27815_1_1_1	2000314.9299342197	2000314.9299342197	0.0	tolerant	27815_1_1_1	158.0	2.0	1.0700657804	0.0
27815_1_1_1	27816_1_1_1	27815_1_1_1	2000310.0	2000314.9299342197	4.92993421969004	tolerant	27816_1_1_1	155.0	2.0	0.0	0.0
27815_1_1_1	27827_1_1_1	27815_1_1_1	2000288.0	2000314.9299342197	26.92993421969004	tolerant	27827_1_1_1	144.0	2.0	0.0	0.0
27815_1_1_1	27777_1_1_1	27815_1_1_1	1000277.3877361416	2000314.9299342197	1000037.5421980781	unfiltered	27777_1_1_1	141.0	2.0	4.6122638584	0.0
27817_1_1_1	27814_1_1_1	27814_1_1_1	3000192.0	3000192.0	0.0	moderate	27814_1_1_1	64.0	3.0	0.0	0.0
27817_1_1_1	27817_1_1_1	27814_1_1_1	3000180.0	3000192.0	12.0	moderate	27817_1_1_1	60.0	3.0	0.0	0.0
27820_1_1_1	27820_1_1_1	27820_1_1_1	3000225.0	3000225.0	0.0	moderate	27820_1_1_1	75.0	3.0	0.0	0.0
27820_1_1_1	27818_1_1_1	27820_1_1_1	3000183.0	3000225.0	42.0	moderate	27818_1_1_1	61.0	3.0	0.0	0.0
27821_1_1_1	27821_1_1_1	27821_1_1_1	3000177.0	3000177.0	0.0	moderate	27821_1_1_1	59.0	3.0	0.0	0.0
27821_1_1_1	27819_1_1_1	27821_1_1_1	2000180.0	3000177.0	999997.0	tolerant	27819_1_1_1	60.0	3.0	0.0	0.0
27831_1_1_1	27831_1_1_1	27831_1_1_1	2000426.0	2000426.0	0.0	tolerant	27831_1_1_1	142.0	3.0	0.0	1.11
27834_1_1_1	27834_1_1_1	27834_1_1_1	3000435.0	3000435.0	0.0	moderate	27834_1_1_1	87.0	5.0	0.0	2.99
27836_1_1_1	27836_1_1_1	27836_1_1_1	1000250.4695059136	1000250.4695059136	0.0	unfiltered	27836_1_1_1	66.0	4.0	13.5304940863	1.07
27837_1_1_1	27837_1_1_1	27837_1_1_1	2000650.0	2000650.0	0.0	tolerant	27837_1_1_1	130.0	5.0	0.0	1.78
27838_1_1_1	27838_1_1_1	27838_1_1_1	3000712.8405638547	3000712.8405638547	0.0	moderate	27838_1_1_1	143.0	5.0	2.1594361454	1.4
27839_1_1_1	27839_1_1_1	27839_1_1_1	2000553.0	2000553.0	0.0	tolerant	27839_1_1_1	79.0	7.0	0.0	3.24
27844_1_1_1	27844_1_1_1	27844_1_1_1	1000198.0752281732	1000198.0752281732	0.0	unfiltered	27844_1_1_1	105.0	2.0	11.9247718267	0.0
27847_1_1_1	27847_1_1_1	27847_1_1_1	4000678.014686218	4000678.014686218	0.0	strict	27847_1_1_1	136.0	5.0	1.9853137818	1.21
27848_1_1_1	27848_1_1_1	27848_1_1_1	2000841.3207822624	2000841.3207822624	0.0	tolerant	27848_1_1_1	211.0	4.0	2.6792177373	1.79
27850_1_1_1	27850_1_1_1	27850_1_1_1	4000296.0	4000296.0	0.0	strict	27850_1_1_1	74.0	4.0	0.0	2.88
27851_1_1_1	27851_1_1_1	27851_1_1_1	4001158.0	4001158.0	0.0	strict	27851_1_1_1	193.0	6.0	0.0	0.85
27852_1_1_1	27852_1_1_1	27852_1_1_1	3000994.0	3000994.0	0.0	moderate	27852_1_1_1	142.0	7.0	0.0	0.34
27856_1_1_1	27856_1_1_1	27856_1_1_1	4000861.0	4000861.0	0.0	strict	27856_1_1_1	123.0	7.0	0.0	0.59
27866_1_1_1	27866_1_1_1	27866_1_1_1	2000330.0	2000330.0	0.0	tolerant	27866_1_1_1	66.0	5.0	0.0	1.98
27867_1_1_1	27867_1_1_1	27867_1_1_1	2000687.3367603775	2000687.3367603775	0.0	tolerant	27867_1_1_1	115.0	6.0	2.6632396222	1.59
27868_1_1_1	27868_1_1_1	27868_1_1_1	2001083.2667938196	2001083.2667938196	0.0	tolerant	27868_1_1_1	217.0	5.0	1.7332061805	1.53
27870_1_1_1	27870_1_1_1	27870_1_1_1	3000915.0	3000915.0	0.0	moderate	27870_1_1_1	183.0	5.0	0.0	0.27
27881_1_1_1	27881_1_1_1	27881_1_1_1	2000100.0	2000100.0	0.0	tolerant	27881_1_1_1	20.0	5.0	0.0	0.0
27882_1_1_1	27882_1_1_1	27882_1_1_1	2000389.7031413864	2000389.7031413864	0.0	tolerant	27882_1_1_1	98.0	4.0	2.2968586133	0.41
27885_1_1_1	27885_1_1_1	27885_1_1_1	2000685.9494385768	2000685.9494385768	0.0	tolerant	27885_1_1_1	172.0	4.0	2.0505614231	1.73
27904_1_1_1	27904_1_1_1	27904_1_1_1	4000615.0	4000615.0	0.0	strict	27904_1_1_1	123.0	5.0	0.0	0.36
27905_1_1_1	27905_1_1_1	27905_1_1_1	2000344.0	2000344.0	0.0	tolerant	27905_1_1_1	172.0	2.0	0.0	0.0
27913_1_1_1	27913_1_1_1	27913_1_1_1	2000111.4036415296	2000111.4036415296	0.0	tolerant	27913_1_1_1	38.0	3.0	2.5963584707	2.9
27914_1_1_1	27914_1_1_1	27914_1_1_1	3000933.368987145	3000933.368987145	0.0	moderate	27914_1_1_1	187.0	5.0	1.631012855	1.11
27917_1_1_1	27917_1_1_1	27917_1_1_1	3000711.72374352	3000711.72374352	0.0	moderate	27917_1_1_1	102.0	7.0	2.27625648	0.31
27923_1_1_1	27923_1_1_1	27923_1_1_1	2000278.3669134455	2000278.3669134455	0.0	tolerant	27923_1_1_1	70.0	4.0	1.6330865545	1.79
27925_1_1_1	27925_1_1_1	27925_1_1_1	4000861.0	4000861.0	0.0	strict	27925_1_1_1	123.0	7.0	0.0	1.41
27928_1_1_1	27928_1_1_1	27928_1_1_1	3000060.0	3000060.0	0.0	moderate	27928_1_1_1	20.0	3.0	0.0	0.0
27930_1_1_1	27930_1_1_1	27930_1_1_1	2000189.9946901293	2000189.9946901293	0.0	tolerant	27930_1_1_1	64.0	3.0	2.0053098708	2.2
27931_1_1_1	27931_1_1_1	27931_1_1_1	2000647.1647226897	2000647.1647226897	0.0	tolerant	27931_1_1_1	130.0	5.0	2.8352773105	1.5
27934_1_1_1	27934_1_1_1	27934_1_1_1	4000830.0	4000830.0	0.0	strict	27934_1_1_1	166.0	5.0	0.0	1.88
27934_1_1_1	17815_1_1_1	27934_1_1_1	2000584.0	4000830.0	2000246.0	tolerant	17815_1_1_1	146.0	4.0	0.0	0.96
27935_1_1_1	27935_1_1_1	27935_1_1_1	2000363.0	2000363.0	0.0	tolerant	27935_1_1_1	121.0	3.0	0.0	1.97
27945_1_1_1	27945_1_1_1	27945_1_1_1	4000610.0	4000610.0	0.0	strict	27945_1_1_1	122.0	5.0	0.0	1.94
27945_1_1_1	4186_1_1_1	27945_1_1_1	3000903.0	4000610.0	999707.0	moderate	4186_1_1_1	129.0	7.0	0.0	3.28
27945_1_1_1	19271_1_1_1	27945_1_1_1	3000685.0	4000610.0	999925.0	moderate	19271_1_1_1	137.0	5.0	0.0	1.31
27950_1_1_1	27950_1_1_1	27950_1_1_1	3000830.0	3000830.0	0.0	moderate	27950_1_1_1	166.0	5.0	0.0	1.46
27952_1_1_1	30293_1_1_1	30293_1_1_1	4000511.0	4000511.0	0.0	strict	30293_1_1_1	73.0	7.0	0.0	0.19
27952_1_1_1	18190_1_1_1	30293_1_1_1	4000414.0	4000511.0	97.0	strict	18190_1_1_1	69.0	6.0	0.0	2.41
27952_1_1_1	50168_1_1_1	30293_1_1_1	4000365.0	4000511.0	146.0	strict	50168_1_1_1	73.0	5.0	0.0	1.55
27952_1_1_1	27952_1_1_1	30293_1_1_1	4000252.0	4000511.0	259.0	strict	27952_1_1_1	63.0	4.0	0.0	0.31
27952_1_1_1	51996_1_1_1	30293_1_1_1	3000280.0	4000511.0	1000231.0	moderate	51996_1_1_1	70.0	4.0	0.0	0.55
27952_1_1_1	27953_1_1_1	30293_1_1_1	2000204.0	4000511.0	2000307.0	tolerant	27953_1_1_1	68.0	3.0	0.0	0.42
27959_1_1_1	27959_1_1_1	27959_1_1_1	1000894.0	1000894.0	0.0	unfiltered	27959_1_1_1	149.0	6.0	0.0	0.46
27962_1_1_1	27962_1_1_1	27962_1_1_1	2000166.9278767465	2000166.9278767465	0.0	tolerant	27962_1_1_1	28.0	6.0	1.0721232534	1.9
27968_1_1_1	27968_1_1_1	27968_1_1_1	3000567.0	3000567.0	0.0	moderate	27968_1_1_1	189.0	3.0	0.0	0.0
27972_1_1_1	27972_1_1_1	27972_1_1_1	2000176.0413514737	2000176.0413514737	0.0	tolerant	27972_1_1_1	59.0	3.0	0.9586485264	1.98
27977_1_1_1	27977_1_1_1	27977_1_1_1	3000798.0	3000798.0	0.0	moderate	27977_1_1_1	114.0	7.0	0.0	0.5
27978_1_1_1	27978_1_1_1	27978_1_1_1	2000868.5088662957	2000868.5088662957	0.0	tolerant	27978_1_1_1	145.0	6.0	1.4911337043	0.18
27979_1_1_1	27979_1_1_1	27979_1_1_1	2000397.239197495	2000397.239197495	0.0	tolerant	27979_1_1_1	100.0	4.0	2.7608025051	1.72
27983_1_1_1	27983_1_1_1	27983_1_1_1	3000602.441075727	3000602.441075727	0.0	moderate	27983_1_1_1	121.0	5.0	2.5589242733	0.71
27984_1_1_1	27984_1_1_1	27984_1_1_1	2000153.0594883333	2000153.0594883333	0.0	tolerant	27984_1_1_1	52.0	3.0	2.9405116667	0.86
27988_1_1_1	27988_1_1_1	27988_1_1_1	2000381.990621752	2000381.990621752	0.0	tolerant	27988_1_1_1	96.0	4.0	2.009378248	1.57
27989_1_1_1	27989_1_1_1	27989_1_1_1	4001708.0	4001708.0	0.0	strict	27989_1_1_1	244.0	7.0	0.0	0.3
27990_1_1_1	27990_1_1_1	27990_1_1_1	2000190.1777304732	2000190.1777304732	0.0	tolerant	27990_1_1_1	32.0	6.0	1.8222695268	1.82
27991_1_1_1	27991_1_1_1	27991_1_1_1	1000808.1313986852	1000808.1313986852	0.0	unfiltered	27991_1_1_1	116.0	7.0	3.8686013147	2.25
27992_1_1_1	27992_1_1_1	27992_1_1_1	2000198.0	2000198.0	0.0	tolerant	27992_1_1_1	66.0	3.0	0.0	2.95
27993_1_1_1	27993_1_1_1	27993_1_1_1	2000150.0	2000150.0	0.0	tolerant	27993_1_1_1	50.0	3.0	0.0	2.25
27995_1_1_1	27994_1_1_1	27994_1_1_1	2000262.587096393	2000262.587096393	0.0	tolerant	27994_1_1_1	88.0	3.0	1.4129036069	1.89
27995_1_1_1	27995_1_1_1	27994_1_1_1	2000160.0	2000262.587096393	102.58709639310837	tolerant	27995_1_1_1	80.0	2.0	0.0	2.35
27998_1_1_1	27998_1_1_1	27998_1_1_1	1000285.4706208024	1000285.4706208024	0.0	unfiltered	27998_1_1_1	147.0	2.0	8.5293791977	0.0
27999_1_1_1	27999_1_1_1	27999_1_1_1	1000261.4964923358	1000261.4964923358	0.0	unfiltered	27999_1_1_1	135.0	2.0	8.5035076642	0.0
28000_1_1_1	28000_1_1_1	28000_1_1_1	2000428.0	2000428.0	0.0	tolerant	28000_1_1_1	214.0	2.0	0.0	0.0
28001_1_1_1	28001_1_1_1	28001_1_1_1	2000252.0	2000252.0	0.0	tolerant	28001_1_1_1	126.0	2.0	0.0	0.0
28014_1_1_1	28014_1_1_1	28014_1_1_1	3001029.0	3001029.0	0.0	moderate	28014_1_1_1	147.0	7.0	0.0	1.1
28017_1_1_1	28017_1_1_1	28017_1_1_1	4000154.996988688	4000154.996988688	0.0	strict	28017_1_1_1	26.0	6.0	1.0030113123	0.0
28025_1_1_1	28025_1_1_1	28025_1_1_1	2000066.5601304588	2000066.5601304588	0.0	tolerant	28025_1_1_1	34.0	2.0	1.4398695412	0.0
28026_1_1_1	28026_1_1_1	28026_1_1_1	2000089.0179615824	2000089.0179615824	0.0	tolerant	28026_1_1_1	45.0	2.0	0.9820384173	0.0
28027_1_1_1	28027_1_1_1	28027_1_1_1	2000158.910177837	2000158.910177837	0.0	tolerant	28027_1_1_1	80.0	2.0	1.0898221632	0.0
28031_1_1_1	28031_1_1_1	28031_1_1_1	3000144.0	3000144.0	0.0	moderate	28031_1_1_1	24.0	6.0	0.0	0.0
28032_1_1_1	28032_1_1_1	28032_1_1_1	4000798.0	4000798.0	0.0	strict	28032_1_1_1	114.0	7.0	0.0	1.15
28035_1_1_1	28035_1_1_1	28035_1_1_1	1000360.0	1000360.0	0.0	unfiltered	28035_1_1_1	90.0	4.0	0.0	0.68
28036_1_1_1	27886_1_1_1	27886_1_1_1	2000657.1904580449	2000657.1904580449	0.0	tolerant	27886_1_1_1	165.0	4.0	2.8095419551	0.77
28036_1_1_1	28036_1_1_1	27886_1_1_1	2000495.0	2000657.1904580449	162.1904580448754	tolerant	28036_1_1_1	165.0	3.0	0.0	0.77
28039_1_1_1	28039_1_1_1	28039_1_1_1	4000275.0	4000275.0	0.0	strict	28039_1_1_1	55.0	5.0	0.0	1.24
28040_1_1_1	28040_1_1_1	28040_1_1_1	4000330.0	4000330.0	0.0	strict	28040_1_1_1	66.0	5.0	0.0	1.16
28041_1_1_1	28041_1_1_1	28041_1_1_1	2000487.424693065	2000487.424693065	0.0	tolerant	28041_1_1_1	163.0	3.0	1.575306935	1.27
28043_1_1_1	28043_1_1_1	28043_1_1_1	3000585.0	3000585.0	0.0	moderate	28043_1_1_1	117.0	5.0	0.0	0.32
28048_1_1_1	28048_1_1_1	28048_1_1_1	3000670.6065069884	3000670.6065069884	0.0	moderate	28048_1_1_1	112.0	6.0	1.3934930114	0.8
28048_1_1_1	27106_1_1_1	28048_1_1_1	2000387.924189667	3000670.6065069884	1000282.6823173214	tolerant	27106_1_1_1	130.0	3.0	2.0758103331	1.44
28055_1_1_1	28055_1_1_1	28055_1_1_1	3000860.0	3000860.0	0.0	moderate	28055_1_1_1	172.0	5.0	0.0	1.15
28056_1_1_1	28056_1_1_1	28056_1_1_1	3001420.0	3001420.0	0.0	moderate	28056_1_1_1	284.0	5.0	0.0	0.61
28060_1_1_1	28060_1_1_1	28060_1_1_1	4000315.0	4000315.0	0.0	strict	28060_1_1_1	63.0	5.0	0.0	1.14
28065_1_1_1	28065_1_1_1	28065_1_1_1	4000922.889755021	4000922.889755021	0.0	strict	28065_1_1_1	231.0	4.0	1.1102449798	0.0
28071_1_1_1	28071_1_1_1	28071_1_1_1	2000622.4268096085	2000622.4268096085	0.0	tolerant	28071_1_1_1	208.0	3.0	1.5731903915	1.09
28071_1_1_1	27522_1_1_1	28071_1_1_1	2000621.495074369	2000622.4268096085	0.931735239457339	tolerant	27522_1_1_1	208.0	3.0	2.5049256309	1.08
28084_1_1_1	28084_1_1_1	28084_1_1_1	2000702.18966189	2000702.18966189	0.0	tolerant	28084_1_1_1	176.0	4.0	1.81033811	1.65
28085_1_1_1	28085_1_1_1	28085_1_1_1	2000752.8190706105	2000752.8190706105	0.0	tolerant	28085_1_1_1	151.0	5.0	2.1809293898	1.73
28086_1_1_1	28086_1_1_1	28086_1_1_1	2000426.0	2000426.0	0.0	tolerant	28086_1_1_1	213.0	2.0	0.0	1.66
28087_1_1_1	28087_1_1_1	28087_1_1_1	2000187.2199528492	2000187.2199528492	0.0	tolerant	28087_1_1_1	63.0	3.0	1.7800471508	1.6
28088_1_1_1	28088_1_1_1	28088_1_1_1	2000358.0	2000358.0	0.0	tolerant	28088_1_1_1	179.0	2.0	0.0	1.88
28089_1_1_1	28089_1_1_1	28089_1_1_1	2000158.0	2000158.0	0.0	tolerant	28089_1_1_1	79.0	2.0	0.0	2.76
28091_1_1_1	28091_1_1_1	28091_1_1_1	2000145.4515809675	2000145.4515809675	0.0	tolerant	28091_1_1_1	73.0	2.0	0.5484190325	0.0
28092_1_1_1	25630_1_1_1	25630_1_1_1	4000637.0	4000637.0	0.0	strict	25630_1_1_1	91.0	7.0	0.0	0.46
28092_1_1_1	28092_1_1_1	25630_1_1_1	4000630.0	4000637.0	7.0	strict	28092_1_1_1	90.0	7.0	0.0	1.05
28092_1_1_1	26970_1_1_1	25630_1_1_1	3000637.0	4000637.0	1000000.0	moderate	26970_1_1_1	91.0	7.0	0.0	0.9
28092_1_1_1	16294_1_1_1	25630_1_1_1	3000222.0	4000637.0	1000415.0	moderate	16294_1_1_1	74.0	3.0	0.0	0.0
28098_1_1_1	28098_1_1_1	28098_1_1_1	2000260.081653223	2000260.081653223	0.0	tolerant	28098_1_1_1	87.0	3.0	0.9183467771	1.85
28099_1_1_1	28099_1_1_1	28099_1_1_1	3000837.875419396	3000837.875419396	0.0	moderate	28099_1_1_1	120.0	7.0	2.1245806042	2.56
28100_1_1_1	28100_1_1_1	28100_1_1_1	2000338.409357968	2000338.409357968	0.0	tolerant	28100_1_1_1	85.0	4.0	1.5906420321	1.83
28101_1_1_1	28101_1_1_1	28101_1_1_1	3000903.0	3000903.0	0.0	moderate	28101_1_1_1	129.0	7.0	0.0	0.26
28105_1_1_1	28105_1_1_1	28105_1_1_1	4000623.4545376254	4000623.4545376254	0.0	strict	28105_1_1_1	125.0	5.0	1.5454623747	1.46
28106_1_1_1	27949_1_1_1	27949_1_1_1	3000756.0	3000756.0	0.0	moderate	27949_1_1_1	108.0	7.0	0.0	0.47
28106_1_1_1	28106_1_1_1	27949_1_1_1	3000520.0	3000756.0	236.0	moderate	28106_1_1_1	104.0	5.0	0.0	0.59
28109_1_1_1	25441_1_1_1	25441_1_1_1	4000795.0	4000795.0	0.0	strict	25441_1_1_1	159.0	5.0	0.0	1.44
28109_1_1_1	27592_1_1_1	25441_1_1_1	4000790.0	4000795.0	5.0	strict	27592_1_1_1	158.0	5.0	0.0	3.4
28109_1_1_1	27591_1_1_1	25441_1_1_1	4000785.0	4000795.0	10.0	strict	27591_1_1_1	157.0	5.0	0.0	3.48
28109_1_1_1	28109_1_1_1	25441_1_1_1	4000780.0	4000795.0	15.0	strict	28109_1_1_1	156.0	5.0	0.0	3.34
28111_1_1_1	28111_1_1_1	28111_1_1_1	2000417.3753080412	2000417.3753080412	0.0	tolerant	28111_1_1_1	105.0	4.0	2.6246919588	1.89
28116_1_1_1	28116_1_1_1	28116_1_1_1	2000359.7443085224	2000359.7443085224	0.0	tolerant	28116_1_1_1	120.0	3.0	0.2556914775	1.74
28116_1_1_1	26924_1_1_1	28116_1_1_1	1000124.0	2000359.7443085224	1000235.7443085224	unfiltered	26924_1_1_1	31.0	4.0	0.0	0.0
28116_1_1_1	26925_1_1_1	28116_1_1_1	1000116.0	2000359.7443085224	1000243.7443085224	unfiltered	26925_1_1_1	29.0	4.0	0.0	0.0
28116_1_1_1	26926_1_1_1	28116_1_1_1	1000112.0	2000359.7443085224	1000247.7443085224	unfiltered	26926_1_1_1	28.0	4.0	0.0	0.0
28116_1_1_1	50312_1_1_1	28116_1_1_1	1000084.0	2000359.7443085224	1000275.7443085224	unfiltered	50312_1_1_1	21.0	4.0	0.0	0.0
28116_1_1_1	50313_1_1_1	28116_1_1_1	1000080.0	2000359.7443085224	1000279.7443085224	unfiltered	50313_1_1_1	20.0	4.0	0.0	0.0
28117_1_1_1	28117_1_1_1	28117_1_1_1	4000637.0	4000637.0	0.0	strict	28117_1_1_1	91.0	7.0	0.0	2.08
28117_1_1_1	11400_1_1_1	28117_1_1_1	4000602.0	4000637.0	35.0	strict	11400_1_1_1	86.0	7.0	0.0	0.92
28117_1_1_1	19792_1_1_1	28117_1_1_1	3000630.0	4000637.0	1000007.0	moderate	19792_1_1_1	90.0	7.0	0.0	2.78
28117_1_1_1	50804_1_1_1	28117_1_1_1	3000574.0	4000637.0	1000063.0	moderate	50804_1_1_1	82.0	7.0	0.0	1.33
28121_1_1_1	28121_1_1_1	28121_1_1_1	2001473.7622534337	2001473.7622534337	0.0	tolerant	28121_1_1_1	246.0	6.0	2.2377465664	1.11
28131_1_1_1	28131_1_1_1	28131_1_1_1	4000847.0	4000847.0	0.0	strict	28131_1_1_1	121.0	7.0	0.0	1.65
28132_1_1_1	28132_1_1_1	28132_1_1_1	4000819.0	4000819.0	0.0	strict	28132_1_1_1	117.0	7.0	0.0	2.9
28133_1_1_1	28133_1_1_1	28133_1_1_1	2000159.0	2000159.0	0.0	tolerant	28133_1_1_1	53.0	3.0	0.0	1.62
28134_1_1_1	28134_1_1_1	28134_1_1_1	2000257.5201407103	2000257.5201407103	0.0	tolerant	28134_1_1_1	65.0	4.0	2.4798592897	1.54
28135_1_1_1	28135_1_1_1	28135_1_1_1	3000303.0705527156	3000303.0705527156	0.0	moderate	28135_1_1_1	76.0	4.0	0.9294472846	0.0
28137_1_1_1	28137_1_1_1	28137_1_1_1	2000369.895114904	2000369.895114904	0.0	tolerant	28137_1_1_1	93.0	4.0	2.104885096	2.82
28138_1_1_1	28138_1_1_1	28138_1_1_1	2000928.1705050473	2000928.1705050473	0.0	tolerant	28138_1_1_1	155.0	6.0	1.8294949527	2.69
2852_1_1_1	2852_1_1_1	2852_1_1_1	2000045.0	2000045.0	0.0	tolerant	2852_1_1_1	15.0	3.0	0.0	0.0
2868_1_1_1	2868_1_1_1	2868_1_1_1	3000306.0	3000306.0	0.0	moderate	2868_1_1_1	102.0	3.0	0.0	0.0
287_1_1_1	287_1_1_1	287_1_1_1	2000256.0	2000256.0	0.0	tolerant	287_1_1_1	64.0	4.0	0.0	0.0
2940_1_1_1	2940_1_1_1	2940_1_1_1	2000076.0281229385	2000076.0281229385	0.0	tolerant	2940_1_1_1	26.0	3.0	1.9718770616	0.0
2940_1_1_1	24_1_1_1	2940_1_1_1	1000065.2317978782	2000076.0281229385	1000010.7963250603	unfiltered	24_1_1_1	25.0	3.0	9.7682021218	0.0
2940_1_1_1	516_1_1_1	2940_1_1_1	1000048.5258392916	2000076.0281229385	1000027.5022836468	unfiltered	516_1_1_1	27.0	2.0	5.4741607085	0.0
298_1_1_1	298_1_1_1	298_1_1_1	3000096.0	3000096.0	0.0	moderate	298_1_1_1	32.0	3.0	0.0	0.0
2999_1_1_1	2999_1_1_1	2999_1_1_1	3000231.0	3000231.0	0.0	moderate	2999_1_1_1	77.0	3.0	0.0	0.0
2999_1_1_1	2219_1_1_1	2999_1_1_1	3000195.0	3000231.0	36.0	moderate	2219_1_1_1	65.0	3.0	0.0	0.0
30000_1_1_1	30000_1_1_1	30000_1_1_1	4000910.0	4000910.0	0.0	strict	30000_1_1_1	130.0	7.0	0.0	1.83
30005_1_1_1	19815_1_1_1	19815_1_1_1	4000322.0	4000322.0	0.0	strict	19815_1_1_1	46.0	7.0	0.0	1.37
30005_1_1_1	30005_1_1_1	19815_1_1_1	4000315.0	4000322.0	7.0	strict	30005_1_1_1	45.0	7.0	0.0	1.37
30007_1_1_1	34301_1_1_1	34301_1_1_1	4000693.0	4000693.0	0.0	strict	34301_1_1_1	99.0	7.0	0.0	0.16
30007_1_1_1	34299_1_1_1	34301_1_1_1	4000679.0	4000693.0	14.0	strict	34299_1_1_1	97.0	7.0	0.0	0.39
30007_1_1_1	30007_1_1_1	34301_1_1_1	4000637.0	4000693.0	56.0	strict	30007_1_1_1	91.0	7.0	0.0	2.39
30013_1_1_1	30013_1_1_1	30013_1_1_1	3000069.0	3000069.0	0.0	moderate	30013_1_1_1	23.0	3.0	0.0	0.0
30020_1_1_1	30020_1_1_1	30020_1_1_1	2000699.0828917532	2000699.0828917532	0.0	tolerant	30020_1_1_1	117.0	6.0	2.9171082468	1.23
30021_1_1_1	30021_1_1_1	30021_1_1_1	2000588.0	2000588.0	0.0	tolerant	30021_1_1_1	147.0	4.0	0.0	1.75
30023_1_1_1	30023_1_1_1	30023_1_1_1	4000868.0	4000868.0	0.0	strict	30023_1_1_1	124.0	7.0	0.0	0.29
30024_1_1_1	30024_1_1_1	30024_1_1_1	2000322.8478840971	2000322.8478840971	0.0	tolerant	30024_1_1_1	65.0	5.0	2.1521159028	1.06
30031_1_1_1	30031_1_1_1	30031_1_1_1	4000378.0	4000378.0	0.0	strict	30031_1_1_1	54.0	7.0	0.0	0.41
30034_1_1_1	30034_1_1_1	30034_1_1_1	4000798.0	4000798.0	0.0	strict	30034_1_1_1	114.0	7.0	0.0	0.34
30039_1_1_1	19552_1_1_1	19552_1_1_1	3000460.1583699505	3000460.1583699505	0.0	moderate	19552_1_1_1	66.0	7.0	1.8416300493	1.08
30039_1_1_1	30039_1_1_1	19552_1_1_1	3000390.0	3000460.1583699505	70.15836995048448	moderate	30039_1_1_1	65.0	6.0	0.0	1.1
30040_1_1_1	30040_1_1_1	30040_1_1_1	4000518.0	4000518.0	0.0	strict	30040_1_1_1	74.0	7.0	0.0	1.87
30047_1_1_1	30047_1_1_1	30047_1_1_1	4000567.0	4000567.0	0.0	strict	30047_1_1_1	81.0	7.0	0.0	0.89
30047_1_1_1	17030_1_1_1	30047_1_1_1	3000588.0	4000567.0	999979.0	moderate	17030_1_1_1	84.0	7.0	0.0	1.17
30060_1_1_1	30060_1_1_1	30060_1_1_1	3000054.0	3000054.0	0.0	moderate	30060_1_1_1	18.0	3.0	0.0	0.0
30060_1_1_1	30059_1_1_1	30060_1_1_1	3000054.0	3000054.0	0.0	moderate	30059_1_1_1	18.0	3.0	0.0	0.0
30060_1_1_1	30057_1_1_1	30060_1_1_1	2000054.0	3000054.0	1000000.0	tolerant	30057_1_1_1	18.0	3.0	0.0	0.0
30067_1_1_1	30067_1_1_1	30067_1_1_1	3000198.0	3000198.0	0.0	moderate	30067_1_1_1	33.0	6.0	0.0	0.0
30068_1_1_1	30068_1_1_1	30068_1_1_1	2000390.0	2000390.0	0.0	tolerant	30068_1_1_1	78.0	5.0	0.0	0.36
30068_1_1_1	25460_1_1_1	30068_1_1_1	2000382.9062743755	2000390.0	7.093725624494255	tolerant	25460_1_1_1	77.0	5.0	2.0937256244	0.46
30069_1_1_1	30069_1_1_1	30069_1_1_1	3000210.0	3000210.0	0.0	moderate	30069_1_1_1	35.0	6.0	0.0	0.0
30070_1_1_1	30070_1_1_1	30070_1_1_1	2000399.8339473992	2000399.8339473992	0.0	tolerant	30070_1_1_1	67.0	6.0	2.1660526009	2.7
30072_1_1_1	30072_1_1_1	30072_1_1_1	4000400.0	4000400.0	0.0	strict	30072_1_1_1	80.0	5.0	0.0	0.63
30074_1_2_1	30074_1_2_1	30074_1_2_1	3000834.0	3000834.0	0.0	moderate	30074_1_2_1	139.0	6.0	0.0	1.14
30076_1_1_1	30076_1_1_1	30076_1_1_1	1000036.0	1000036.0	0.0	unfiltered	30076_1_1_1	12.0	3.0	0.0	0.0
30079_1_1_1	30079_1_1_1	30079_1_1_1	4000644.0	4000644.0	0.0	strict	30079_1_1_1	92.0	7.0	0.0	1.72
30087_1_1_1	30087_1_1_1	30087_1_1_1	3001092.0	3001092.0	0.0	moderate	30087_1_1_1	156.0	7.0	0.0	0.9
30091_1_1_1	30091_1_1_1	30091_1_1_1	3000718.022812314	3000718.022812314	0.0	moderate	30091_1_1_1	103.0	7.0	2.9771876863	0.82
30091_1_1_1	25622_1_1_1	30091_1_1_1	3000425.0	3000718.022812314	293.02281231386587	moderate	25622_1_1_1	85.0	5.0	0.0	0.87
30091_1_1_1	25626_1_1_1	30091_1_1_1	3000375.0	3000718.022812314	343.02281231386587	moderate	25626_1_1_1	75.0	5.0	0.0	0.93
30091_1_1_1	25620_1_1_1	30091_1_1_1	3000350.0	3000718.022812314	368.02281231386587	moderate	25620_1_1_1	70.0	5.0	0.0	0.49
30091_1_1_1	25624_1_1_1	30091_1_1_1	2000421.1574178892	3000718.022812314	1000296.8653944246	tolerant	25624_1_1_1	106.0	4.0	2.8425821108	1.8
30092_1_1_1	30092_1_1_1	30092_1_1_1	4000803.631613455	4000803.631613455	0.0	strict	30092_1_1_1	115.0	7.0	1.368386545	1.38
30094_1_1_1	30094_1_1_1	30094_1_1_1	1000777.0	1000777.0	0.0	unfiltered	30094_1_1_1	111.0	7.0	0.0	1.35
30097_1_1_1	30097_1_1_1	30097_1_1_1	3000669.3951720716	3000669.3951720716	0.0	moderate	30097_1_1_1	96.0	7.0	2.6048279285	0.66
30100_1_1_1	30100_1_1_1	30100_1_1_1	3000942.646904548	3000942.646904548	0.0	moderate	30100_1_1_1	135.0	7.0	2.3530954519	2.81
30101_1_1_1	30101_1_1_1	30101_1_1_1	3001152.0082639065	3001152.0082639065	0.0	moderate	30101_1_1_1	165.0	7.0	2.9917360934	0.66
30102_1_1_1	30102_1_1_1	30102_1_1_1	4000798.0	4000798.0	0.0	strict	30102_1_1_1	114.0	7.0	0.0	0.27
30106_1_1_1	30106_1_1_1	30106_1_1_1	3000060.0	3000060.0	0.0	moderate	30106_1_1_1	20.0	3.0	0.0	0.0
30107_1_1_1	30107_1_1_1	30107_1_1_1	2000084.0	2000084.0	0.0	tolerant	30107_1_1_1	42.0	2.0	0.0	0.0
30109_1_1_1	30109_1_1_1	30109_1_1_1	3000057.0	3000057.0	0.0	moderate	30109_1_1_1	19.0	3.0	0.0	0.0
30118_1_1_1	30118_1_1_1	30118_1_1_1	4000784.0	4000784.0	0.0	strict	30118_1_1_1	112.0	7.0	0.0	0.83
30123_1_1_1	30123_1_1_1	30123_1_1_1	3000102.94199574	3000102.94199574	0.0	moderate	30123_1_1_1	21.0	5.0	2.0580042602	0.0
30123_1_1_1	30120_1_1_1	30123_1_1_1	3000102.8333797585	3000102.94199574	0.10861598141491413	moderate	30120_1_1_1	21.0	5.0	2.1666202414	0.0
30123_1_1_1	30119_1_1_1	30123_1_1_1	3000102.4732126277	3000102.94199574	0.4687831122428179	moderate	30119_1_1_1	21.0	5.0	2.5267873723	0.0
30124_1_1_1	30124_1_1_1	30124_1_1_1	3000120.0	3000120.0	0.0	moderate	30124_1_1_1	20.0	6.0	0.0	0.0
30126_1_1_1	30126_1_1_1	30126_1_1_1	3000823.2915089857	3000823.2915089857	0.0	moderate	30126_1_1_1	118.0	7.0	2.7084910142	1.35
30129_1_1_1	30129_1_1_1	30129_1_1_1	4000553.0	4000553.0	0.0	strict	30129_1_1_1	79.0	7.0	0.0	2.05
30135_1_1_1	30135_1_1_1	30135_1_1_1	3000697.007600414	3000697.007600414	0.0	moderate	30135_1_1_1	100.0	7.0	2.9923995857	0.68
30137_1_1_1	30137_1_1_1	30137_1_1_1	3000497.0	3000497.0	0.0	moderate	30137_1_1_1	71.0	7.0	0.0	0.81
30140_1_1_1	30140_1_1_1	30140_1_1_1	2000132.0	2000132.0	0.0	tolerant	30140_1_1_1	22.0	6.0	0.0	0.0
30141_1_1_1	30141_1_1_1	30141_1_1_1	2000138.0	2000138.0	0.0	tolerant	30141_1_1_1	23.0	6.0	0.0	0.0
30142_1_1_1	30142_1_1_1	30142_1_1_1	2000132.0	2000132.0	0.0	tolerant	30142_1_1_1	22.0	6.0	0.0	0.0
30143_1_1_1	30143_1_1_1	30143_1_1_1	2000144.0	2000144.0	0.0	tolerant	30143_1_1_1	24.0	6.0	0.0	0.0
30144_1_1_1	30144_1_1_1	30144_1_1_1	1000078.0	1000078.0	0.0	unfiltered	30144_1_1_1	13.0	6.0	0.0	0.0
30145_1_1_1	30145_1_1_1	30145_1_1_1	2000120.0	2000120.0	0.0	tolerant	30145_1_1_1	20.0	6.0	0.0	0.0
30149_1_1_1	30149_1_1_1	30149_1_1_1	3000238.0	3000238.0	0.0	moderate	30149_1_1_1	34.0	7.0	0.0	1.81
30153_1_1_1	30153_1_1_1	30153_1_1_1	4000644.0	4000644.0	0.0	strict	30153_1_1_1	92.0	7.0	0.0	0.29
30154_1_1_1	30154_1_1_1	30154_1_1_1	4000560.0	4000560.0	0.0	strict	30154_1_1_1	80.0	7.0	0.0	0.69
30155_1_1_1	30155_1_1_1	30155_1_1_1	2000591.0245216335	2000591.0245216335	0.0	tolerant	30155_1_1_1	99.0	6.0	2.9754783664	1.18
30155_1_1_1	52173_1_1_1	30155_1_1_1	2000286.2839608437	2000591.0245216335	304.7405607898254	tolerant	52173_1_1_1	96.0	3.0	1.7160391562	2.52
30157_1_1_1	30157_1_1_1	30157_1_1_1	4000581.0	4000581.0	0.0	strict	30157_1_1_1	83.0	7.0	0.0	0.27
30161_1_1_1	30161_1_1_1	30161_1_1_1	4000812.0	4000812.0	0.0	strict	30161_1_1_1	116.0	7.0	0.0	0.72
30163_1_1_1	30163_1_1_1	30163_1_1_1	2000262.0	2000262.0	0.0	tolerant	30163_1_1_1	131.0	2.0	0.0	0.0
30170_1_1_1	30170_1_1_1	30170_1_1_1	4000095.0	4000095.0	0.0	strict	30170_1_1_1	19.0	5.0	0.0	0.0
30171_1_1_1	30171_1_1_1	30171_1_1_1	4000486.0	4000486.0	0.0	strict	30171_1_1_1	81.0	6.0	0.0	0.63
30179_1_1_1	30179_1_1_1	30179_1_1_1	1000091.0	1000091.0	0.0	unfiltered	30179_1_1_1	13.0	7.0	0.0	0.0
30179_1_1_1	30176_1_1_1	30179_1_1_1	1000078.0	1000091.0	13.0	unfiltered	30176_1_1_1	13.0	6.0	0.0	0.0
30180_1_1_1	30180_1_1_1	30180_1_1_1	3000198.0	3000198.0	0.0	moderate	30180_1_1_1	33.0	6.0	0.0	0.0
30181_1_1_1	30181_1_1_1	30181_1_1_1	4000116.0	4000116.0	0.0	strict	30181_1_1_1	29.0	4.0	0.0	0.0
30181_1_1_1	52977_1_1_1	30181_1_1_1	3000174.0	4000116.0	999942.0	moderate	52977_1_1_1	29.0	6.0	0.0	0.13
30181_1_1_1	34554_1_1_1	30181_1_1_1	3000162.0	4000116.0	999954.0	moderate	34554_1_1_1	27.0	6.0	0.0	0.0
30181_1_1_1	30411_1_1_1	30181_1_1_1	3000069.0	4000116.0	1000047.0	moderate	30411_1_1_1	23.0	3.0	0.0	0.0
30181_1_1_1	30413_1_1_1	30181_1_1_1	3000060.0	4000116.0	1000056.0	moderate	30413_1_1_1	20.0	3.0	0.0	0.0
30181_1_1_1	25917_1_1_1	30181_1_1_1	2000196.0	4000116.0	1999920.0	tolerant	25917_1_1_1	28.0	7.0	0.0	3.19
30181_1_1_1	30521_1_1_1	30181_1_1_1	2000168.0	4000116.0	1999948.0	tolerant	30521_1_1_1	28.0	6.0	0.0	0.3
30185_1_1_1	30185_1_1_1	30185_1_1_1	4000624.0	4000624.0	0.0	strict	30185_1_1_1	104.0	6.0	0.0	0.43
30185_1_1_1	34518_1_1_1	30185_1_1_1	2000639.584051892	4000624.0	1999984.415948108	tolerant	34518_1_1_1	107.0	6.0	2.4159481079	0.72
30192_1_1_1	30192_1_1_1	30192_1_1_1	3000403.613003497	3000403.613003497	0.0	moderate	30192_1_1_1	58.0	7.0	2.3869965029	0.41
30193_1_1_1	30193_1_1_1	30193_1_1_1	3000469.0	3000469.0	0.0	moderate	30193_1_1_1	67.0	7.0	0.0	1.61
30194_1_1_1	30194_1_1_1	30194_1_1_1	3000315.0	3000315.0	0.0	moderate	30194_1_1_1	45.0	7.0	0.0	2.0
30195_1_1_1	30195_1_1_1	30195_1_1_1	4000846.0	4000846.0	0.0	strict	30195_1_1_1	141.0	6.0	0.0	2.68
30195_1_1_1	50750_1_1_1	30195_1_1_1	4000730.0	4000846.0	116.0	strict	50750_1_1_1	146.0	5.0	0.0	0.62
30195_1_1_1	25120_1_1_1	30195_1_1_1	3001110.8577106674	4000846.0	999735.1422893326	moderate	25120_1_1_1	159.0	7.0	2.1422893324	0.55
30195_1_1_1	34497_1_1_1	30195_1_1_1	3001022.0	4000846.0	999824.0	moderate	34497_1_1_1	146.0	7.0	0.0	0.56
30195_1_1_1	27692_1_1_1	30195_1_1_1	3000945.0	4000846.0	999901.0	moderate	27692_1_1_1	135.0	7.0	0.0	0.49
30195_1_1_1	547_1_1_1	30195_1_1_1	3000730.0	4000846.0	1000116.0	moderate	547_1_1_1	146.0	5.0	0.0	0.0
30195_1_1_1	6707_1_1_1	30195_1_1_1	3000725.0	4000846.0	1000121.0	moderate	6707_1_1_1	145.0	5.0	0.0	0.56
30195_1_1_1	34263_1_1_1	30195_1_1_1	2000594.0	4000846.0	2000252.0	tolerant	34263_1_1_1	99.0	6.0	0.0	1.29
30195_1_1_1	34765_1_1_1	30195_1_1_1	2000469.0	4000846.0	2000377.0	tolerant	34765_1_1_1	67.0	7.0	0.0	1.1
30195_1_1_1	27530_1_1_1	30195_1_1_1	2000228.0	4000846.0	2000618.0	tolerant	27530_1_1_1	114.0	2.0	0.0	0.0
30195_1_1_1	26682_1_1_1	30195_1_1_1	1000278.1081485674	4000846.0	3000567.8918514326	unfiltered	26682_1_1_1	142.0	2.0	5.8918514326	0.0
30195_1_1_1	5353_1_1_1	30195_1_1_1	1000277.1070796272	4000846.0	3000568.892920373	unfiltered	5353_1_1_1	141.0	2.0	4.8929203727	0.0
30195_1_1_1	26683_1_1_1	30195_1_1_1	1000269.8315271098	4000846.0	3000576.1684728903	unfiltered	26683_1_1_1	137.0	2.0	4.1684728902	0.0
30195_1_1_1	6802_1_1_1	30195_1_1_1	1000004.0	4000846.0	3000842.0	unfiltered	6802_1_1_1	4.0	1.0	0.0	0.0
30197_1_1_1	5496_1_1_1	5496_1_1_1	3000532.0	3000532.0	0.0	moderate	5496_1_1_1	76.0	7.0	0.0	0.76
30197_1_1_1	30197_1_1_1	5496_1_1_1	3000511.0	3000532.0	21.0	moderate	30197_1_1_1	73.0	7.0	0.0	1.12
30197_1_1_1	5500_1_1_1	5496_1_1_1	3000450.0	3000532.0	82.0	moderate	5500_1_1_1	75.0	6.0	0.0	1.72
30200_1_1_1	30200_1_1_1	30200_1_1_1	4000503.443294331	4000503.443294331	0.0	strict	30200_1_1_1	101.0	5.0	1.5567056691	0.74
30201_1_1_1	30201_1_1_1	30201_1_1_1	4000756.0	4000756.0	0.0	strict	30201_1_1_1	108.0	7.0	0.0	2.23
30204_1_1_1	30204_1_1_1	30204_1_1_1	3000182.0	3000182.0	0.0	moderate	30204_1_1_1	26.0	7.0	0.0	0.76
30205_1_1_1	30205_1_1_1	30205_1_1_1	4000761.5862032	4000761.5862032	0.0	strict	30205_1_1_1	109.0	7.0	1.4137968	0.67
30209_1_1_1	30209_1_1_1	30209_1_1_1	3000798.0	3000798.0	0.0	moderate	30209_1_1_1	114.0	7.0	0.0	0.3
30213_1_1_1	30213_1_1_1	30213_1_1_1	3000144.0	3000144.0	0.0	moderate	30213_1_1_1	24.0	6.0	0.0	0.31
30213_1_1_1	30212_1_1_1	30213_1_1_1	3000132.0	3000144.0	12.0	moderate	30212_1_1_1	22.0	6.0	0.0	0.0
30213_1_1_1	30214_1_1_1	30213_1_1_1	3000126.0	3000144.0	18.0	moderate	30214_1_1_1	21.0	6.0	0.0	0.0
30232_1_1_1	31225_1_1_1	31225_1_1_1	3000132.0	3000132.0	0.0	moderate	31225_1_1_1	22.0	6.0	0.0	0.0
30232_1_1_1	31227_1_1_1	31225_1_1_1	3000132.0	3000132.0	0.0	moderate	31227_1_1_1	22.0	6.0	0.0	0.0
30232_1_1_1	30233_1_1_1	31225_1_1_1	3000124.9074858613	3000132.0	7.092514138668776	moderate	30233_1_1_1	21.0	6.0	1.0925141388	0.0
30232_1_1_1	30232_1_1_1	31225_1_1_1	3000105.0	3000132.0	27.0	moderate	30232_1_1_1	21.0	5.0	0.0	0.0
30235_1_1_1	30235_1_1_1	30235_1_1_1	3000162.0	3000162.0	0.0	moderate	30235_1_1_1	27.0	6.0	0.0	0.49
30236_1_1_1	30236_1_1_1	30236_1_1_1	3000186.0	3000186.0	0.0	moderate	30236_1_1_1	31.0	6.0	0.0	0.37
30237_1_1_1	30237_1_1_1	30237_1_1_1	3000851.3287826707	3000851.3287826707	0.0	moderate	30237_1_1_1	122.0	7.0	2.6712173293	0.16
30238_1_1_1	30238_1_1_1	30238_1_1_1	2000111.0	2000111.0	0.0	tolerant	30238_1_1_1	37.0	3.0	0.0	0.0
30238_1_1_1	25670_1_1_1	30238_1_1_1	1000112.0347470682	2000111.0	999998.9652529318	unfiltered	25670_1_1_1	39.0	3.0	4.9652529318	0.0
30239_1_1_1	30239_1_1_1	30239_1_1_1	3000354.0	3000354.0	0.0	moderate	30239_1_1_1	59.0	6.0	0.0	0.51
30240_1_1_1	30240_1_1_1	30240_1_1_1	4000280.0	4000280.0	0.0	strict	30240_1_1_1	40.0	7.0	0.0	0.59
30242_1_1_1	30242_1_1_1	30242_1_1_1	3000203.0	3000203.0	0.0	moderate	30242_1_1_1	29.0	7.0	0.0	1.91
30245_1_1_1	30245_1_1_1	30245_1_1_1	2000516.0	2000516.0	0.0	tolerant	30245_1_1_1	86.0	6.0	0.0	1.14
30246_1_1_1	30246_1_1_1	30246_1_1_1	4000889.0	4000889.0	0.0	strict	30246_1_1_1	127.0	7.0	0.0	0.52
30247_1_1_1	30247_1_1_1	30247_1_1_1	4000525.0	4000525.0	0.0	strict	30247_1_1_1	75.0	7.0	0.0	2.26
30256_1_1_1	30256_1_1_1	30256_1_1_1	4000122.1799871847	4000122.1799871847	0.0	strict	30256_1_1_1	31.0	4.0	1.8200128152	0.0
30263_1_1_1	30263_1_1_1	30263_1_1_1	3000076.0	3000076.0	0.0	moderate	30263_1_1_1	19.0	4.0	0.0	0.0
30271_1_1_1	30271_1_1_1	30271_1_1_1	3000264.122756398	3000264.122756398	0.0	moderate	30271_1_1_1	38.0	7.0	1.8772436026	1.42
30281_1_1_1	30281_1_1_1	30281_1_1_1	3000120.0	3000120.0	0.0	moderate	30281_1_1_1	20.0	6.0	0.0	0.0
30286_1_1_1	30286_1_1_1	30286_1_1_1	1001030.0	1001030.0	0.0	unfiltered	30286_1_1_1	206.0	5.0	0.0	0.88
30289_1_1_1	30289_1_1_1	30289_1_1_1	4000427.0	4000427.0	0.0	strict	30289_1_1_1	61.0	7.0	0.0	0.83
30292_1_1_1	30292_1_1_1	30292_1_1_1	2000036.0	2000036.0	0.0	tolerant	30292_1_1_1	18.0	2.0	0.0	0.0
30292_1_1_1	30248_1_1_1	30292_1_1_1	1000046.8827262274	2000036.0	999989.1172737726	unfiltered	30248_1_1_1	18.0	3.0	7.1172737726	0.0
30292_1_1_1	30265_1_1_1	30292_1_1_1	1000046.1665043838	2000036.0	999989.8334956162	unfiltered	30265_1_1_1	18.0	3.0	7.8334956162	0.0
30292_1_1_1	25209_1_1_1	30292_1_1_1	1000045.6523905064	2000036.0	999990.3476094936	unfiltered	25209_1_1_1	18.0	3.0	8.3476094937	0.0
30296_1_1_1	30296_1_1_1	30296_1_1_1	4000455.0	4000455.0	0.0	strict	30296_1_1_1	65.0	7.0	0.0	2.26
30297_1_1_1	30297_1_1_1	30297_1_1_1	2000707.0	2000707.0	0.0	tolerant	30297_1_1_1	101.0	7.0	0.0	0.49
30301_1_1_1	30301_1_1_1	30301_1_1_1	3000599.2483672174	3000599.2483672174	0.0	moderate	30301_1_1_1	86.0	7.0	2.7516327827	1.43
30303_1_1_1	30303_1_1_1	30303_1_1_1	3000733.4358817353	3000733.4358817353	0.0	moderate	30303_1_1_1	105.0	7.0	1.5641182646	0.98
30304_1_1_1	30304_1_1_1	30304_1_1_1	1000184.0	1000184.0	0.0	unfiltered	30304_1_1_1	46.0	4.0	0.0	3.23
30310_1_1_1	30310_1_1_1	30310_1_1_1	4000427.0	4000427.0	0.0	strict	30310_1_1_1	61.0	7.0	0.0	0.37
30310_1_1_1	30309_1_1_1	30310_1_1_1	3000473.32165092	4000427.0	999953.67834908	moderate	30309_1_1_1	68.0	7.0	2.6783490798	0.79
30312_1_1_1	30312_1_1_1	30312_1_1_1	4000273.0	4000273.0	0.0	strict	30312_1_1_1	39.0	7.0	0.0	1.81
30313_1_1_1	30313_1_1_1	30313_1_1_1	2000579.6535210088	2000579.6535210088	0.0	tolerant	30313_1_1_1	97.0	6.0	2.3464789911	1.42
30314_1_1_1	30314_1_1_1	30314_1_1_1	4000378.0	4000378.0	0.0	strict	30314_1_1_1	54.0	7.0	0.0	0.42
30314_1_1_1	18654_1_1_1	30314_1_1_1	4000324.0	4000378.0	54.0	strict	18654_1_1_1	54.0	6.0	0.0	0.39
30314_1_1_1	30657_1_1_1	30314_1_1_1	2000228.0	4000378.0	2000150.0	tolerant	30657_1_1_1	57.0	4.0	0.0	0.0
30315_1_1_1	30315_1_1_1	30315_1_1_1	3000108.0	3000108.0	0.0	moderate	30315_1_1_1	27.0	4.0	0.0	0.0
30320_1_1_1	30320_1_1_1	30320_1_1_1	3000180.0	3000180.0	0.0	moderate	30320_1_1_1	36.0	5.0	0.0	0.0
30321_1_1_1	30321_1_1_1	30321_1_1_1	4000861.0	4000861.0	0.0	strict	30321_1_1_1	123.0	7.0	0.0	1.11
30322_1_1_1	30322_1_1_1	30322_1_1_1	3001164.0	3001164.0	0.0	moderate	30322_1_1_1	194.0	6.0	0.0	1.21
30323_1_1_1	30323_1_1_1	30323_1_1_1	2000192.0	2000192.0	0.0	tolerant	30323_1_1_1	32.0	6.0	0.0	0.0
30323_1_1_1	5176_1_1_1	30323_1_1_1	2000160.0	2000192.0	32.0	tolerant	5176_1_1_1	32.0	5.0	0.0	0.28
30323_1_1_1	25152_1_1_1	30323_1_1_1	2000111.0	2000192.0	81.0	tolerant	25152_1_1_1	37.0	3.0	0.0	0.0
30325_1_1_1	30325_1_1_1	30325_1_1_1	4000858.0	4000858.0	0.0	strict	30325_1_1_1	143.0	6.0	0.0	1.83
30326_1_1_1	30326_1_1_1	30326_1_1_1	4001470.0	4001470.0	0.0	strict	30326_1_1_1	245.0	6.0	0.0	0.22
30326_1_1_1	27833_1_1_1	30326_1_1_1	3001205.0	4001470.0	1000265.0	moderate	27833_1_1_1	241.0	5.0	0.0	1.02
3032_1_1_1	289_1_1_1	289_1_1_1	2000201.0	2000201.0	0.0	tolerant	289_1_1_1	67.0	3.0	0.0	0.0
3032_1_1_1	3032_1_1_1	289_1_1_1	2000048.0	2000201.0	153.0	tolerant	3032_1_1_1	16.0	3.0	0.0	0.0
30330_1_1_1	30330_1_1_1	30330_1_1_1	3000627.2825067085	3000627.2825067085	0.0	moderate	30330_1_1_1	90.0	7.0	2.7174932916	0.92
30331_1_1_1	30331_1_1_1	30331_1_1_1	3001670.2268287702	3001670.2268287702	0.0	moderate	30331_1_1_1	239.0	7.0	2.7731712297	1.27
30339_1_1_1	30339_1_1_1	30339_1_1_1	3000123.0	3000123.0	0.0	moderate	30339_1_1_1	41.0	3.0	0.0	0.0
30340_1_1_1	30340_1_1_1	30340_1_1_1	2000169.4789053593	2000169.4789053593	0.0	tolerant	30340_1_1_1	57.0	3.0	1.5210946408	0.0
30349_1_1_1	30349_1_1_1	30349_1_1_1	2000076.0	2000076.0	0.0	tolerant	30349_1_1_1	38.0	2.0	0.0	0.0
30352_1_1_1	30352_1_1_1	30352_1_1_1	3000504.0	3000504.0	0.0	moderate	30352_1_1_1	72.0	7.0	0.0	0.21
30354_1_1_1	30351_1_1_1	30351_1_1_1	3000096.0	3000096.0	0.0	moderate	30351_1_1_1	32.0	3.0	0.0	0.0
30354_1_1_1	30354_1_1_1	30351_1_1_1	3000093.0	3000096.0	3.0	moderate	30354_1_1_1	31.0	3.0	0.0	0.0
3036_1_1_1	3036_1_1_1	3036_1_1_1	1000066.2905200832	1000066.2905200832	0.0	unfiltered	3036_1_1_1	25.0	3.0	8.7094799168	0.0
30372_1_1_1	30372_1_1_1	30372_1_1_1	2000306.0	2000306.0	0.0	tolerant	30372_1_1_1	51.0	6.0	0.0	0.4
30379_1_1_1	30379_1_1_1	30379_1_1_1	4000376.121854808	4000376.121854808	0.0	strict	30379_1_1_1	54.0	7.0	1.8781451919	1.01
30390_1_1_1	30390_1_1_1	30390_1_1_1	3000382.3773586345	3000382.3773586345	0.0	moderate	30390_1_1_1	55.0	7.0	2.6226413654	0.82
30390_1_1_1	30389_1_1_1	30390_1_1_1	2000107.5754657676	3000382.3773586345	1000274.8018928668	tolerant	30389_1_1_1	55.0	2.0	2.4245342324	0.84
30391_1_1_1	30391_1_1_1	30391_1_1_1	3000522.0823837817	3000522.0823837817	0.0	moderate	30391_1_1_1	75.0	7.0	2.9176162184	1.01
30396_1_1_1	30396_1_1_1	30396_1_1_1	3000088.0	3000088.0	0.0	moderate	30396_1_1_1	22.0	4.0	0.0	0.0
30397_1_1_1	30397_1_1_1	30397_1_1_1	2000609.6403328024	2000609.6403328024	0.0	tolerant	30397_1_1_1	102.0	6.0	2.3596671976	1.0
30399_1_1_1	30399_1_1_1	30399_1_1_1	4000735.0	4000735.0	0.0	strict	30399_1_1_1	105.0	7.0	0.0	1.42
30404_1_1_1	30404_1_1_1	30404_1_1_1	4000595.0	4000595.0	0.0	strict	30404_1_1_1	85.0	7.0	0.0	0.52
30405_1_1_1	30405_1_1_1	30405_1_1_1	2000078.0	2000078.0	0.0	tolerant	30405_1_1_1	26.0	3.0	0.0	0.0
30406_1_1_1	30406_1_1_1	30406_1_1_1	3000180.0	3000180.0	0.0	moderate	30406_1_1_1	30.0	6.0	0.0	0.0
30410_1_1_1	30410_1_1_1	30410_1_1_1	2000425.0	2000425.0	0.0	tolerant	30410_1_1_1	85.0	5.0	0.0	0.55
30417_1_1_1	30417_1_1_1	30417_1_1_1	2000613.7604500223	2000613.7604500223	0.0	tolerant	30417_1_1_1	123.0	5.0	1.2395499777	0.96
30418_1_1_1	30418_1_1_1	30418_1_1_1	4000714.0	4000714.0	0.0	strict	30418_1_1_1	102.0	7.0	0.0	1.64
30421_1_1_1	30421_1_1_1	30421_1_1_1	4001029.0	4001029.0	0.0	strict	30421_1_1_1	147.0	7.0	0.0	0.52
30422_1_1_1	30422_1_1_1	30422_1_1_1	4000216.0	4000216.0	0.0	strict	30422_1_1_1	54.0	4.0	0.0	0.0
30423_1_1_1	30423_1_1_1	30423_1_1_1	4000936.0	4000936.0	0.0	strict	30423_1_1_1	156.0	6.0	0.0	0.38
30444_1_1_1	30444_1_1_1	30444_1_1_1	4000866.055352443	4000866.055352443	0.0	strict	30444_1_1_1	124.0	7.0	1.9446475569	0.75
30450_1_1_1	30450_1_1_1	30450_1_1_1	4001344.0	4001344.0	0.0	strict	30450_1_1_1	192.0	7.0	0.0	1.72
30458_1_1_1	30458_1_1_1	30458_1_1_1	4001078.0	4001078.0	0.0	strict	30458_1_1_1	154.0	7.0	0.0	0.44
30458_1_1_1	25135_1_1_1	30458_1_1_1	4001071.0	4001078.0	7.0	strict	25135_1_1_1	153.0	7.0	0.0	0.42
30458_1_1_1	34526_1_1_1	30458_1_1_1	4000924.0	4001078.0	154.0	strict	34526_1_1_1	154.0	6.0	0.0	0.55
30458_1_1_1	51061_1_1_1	30458_1_1_1	4000612.0	4001078.0	466.0	strict	51061_1_1_1	153.0	4.0	0.0	2.56
30469_1_1_1	30469_1_1_1	30469_1_1_1	4000721.0	4000721.0	0.0	strict	30469_1_1_1	103.0	7.0	0.0	3.71
30469_1_1_1	10085_1_1_1	30469_1_1_1	3000679.0	4000721.0	1000042.0	moderate	10085_1_1_1	97.0	7.0	0.0	0.34
30479_1_1_1	30479_1_1_1	30479_1_1_1	2000234.0	2000234.0	0.0	tolerant	30479_1_1_1	39.0	6.0	0.0	1.07
30481_1_1_1	30481_1_1_1	30481_1_1_1	4000144.0	4000144.0	0.0	strict	30481_1_1_1	24.0	6.0	0.0	1.11
30481_1_1_1	245_1_1_1	30481_1_1_1	2000075.0	4000144.0	2000069.0	tolerant	245_1_1_1	25.0	3.0	0.0	0.0
30481_1_1_1	4194_1_1_1	30481_1_1_1	2000054.0	4000144.0	2000090.0	tolerant	4194_1_1_1	18.0	3.0	0.0	0.0
30483_1_1_1	30483_1_1_1	30483_1_1_1	3000108.0	3000108.0	0.0	moderate	30483_1_1_1	18.0	6.0	0.0	0.0
30493_1_1_1	30493_1_1_1	30493_1_1_1	2000292.837201026	2000292.837201026	0.0	tolerant	30493_1_1_1	59.0	5.0	2.162798974	1.7
30494_1_1_1	30494_1_1_1	30494_1_1_1	4000426.0	4000426.0	0.0	strict	30494_1_1_1	71.0	6.0	0.0	0.56
30495_1_1_1	30495_1_1_1	30495_1_1_1	4000450.0	4000450.0	0.0	strict	30495_1_1_1	75.0	6.0	0.0	2.33
30497_1_1_1	30138_1_1_1	30138_1_1_1	2000144.0	2000144.0	0.0	tolerant	30138_1_1_1	24.0	6.0	0.0	0.0
30497_1_1_1	30496_1_1_1	30138_1_1_1	2000072.0	2000144.0	72.0	tolerant	30496_1_1_1	24.0	3.0	0.0	0.0
30497_1_1_1	30497_1_1_1	30138_1_1_1	2000069.0	2000144.0	75.0	tolerant	30497_1_1_1	23.0	3.0	0.0	0.0
30497_1_1_1	30499_1_1_1	30138_1_1_1	1000057.0	2000144.0	1000087.0	unfiltered	30499_1_1_1	19.0	3.0	0.0	0.0
30504_1_1_1	30504_1_1_1	30504_1_1_1	4000574.0	4000574.0	0.0	strict	30504_1_1_1	82.0	7.0	0.0	1.11
30505_1_1_1	30505_1_1_1	30505_1_1_1	3000606.2772473814	3000606.2772473814	0.0	moderate	30505_1_1_1	87.0	7.0	2.7227526188	1.16
30508_1_1_1	30508_1_1_1	30508_1_1_1	2000075.0	2000075.0	0.0	tolerant	30508_1_1_1	25.0	3.0	0.0	0.0
30513_1_1_1	30513_1_1_1	30513_1_1_1	4000306.4695137655	4000306.4695137655	0.0	strict	30513_1_1_1	44.0	7.0	1.5304862346	0.47
30516_1_1_1	30516_1_1_1	30516_1_1_1	3000108.0	3000108.0	0.0	moderate	30516_1_1_1	18.0	6.0	0.0	0.0
30517_1_1_1	30517_1_1_1	30517_1_1_1	3001008.0	3001008.0	0.0	moderate	30517_1_1_1	144.0	7.0	0.0	0.35
30517_1_1_1	19708_1_1_1	30517_1_1_1	2000414.0	3001008.0	1000594.0	tolerant	19708_1_1_1	138.0	3.0	0.0	0.0
30520_1_1_1	30520_1_1_1	30520_1_1_1	3000180.0	3000180.0	0.0	moderate	30520_1_1_1	30.0	6.0	0.0	0.0
30525_1_1_1	30525_1_1_1	30525_1_1_1	4000217.0	4000217.0	0.0	strict	30525_1_1_1	31.0	7.0	0.0	0.0
30525_1_1_1	19205_1_1_1	30525_1_1_1	4000217.0	4000217.0	0.0	strict	19205_1_1_1	31.0	7.0	0.0	0.0
30525_1_1_1	199_1_1_1	30525_1_1_1	3000081.0	4000217.0	1000136.0	moderate	199_1_1_1	27.0	3.0	0.0	0.0
30525_1_1_1	4246_1_1_1	30525_1_1_1	3000081.0	4000217.0	1000136.0	moderate	4246_1_1_1	27.0	3.0	0.0	0.0
30525_1_1_1	397_1_1_1	30525_1_1_1	2000130.0	4000217.0	2000087.0	tolerant	397_1_1_1	26.0	5.0	0.0	0.0
30527_1_1_1	30527_1_1_1	30527_1_1_1	4000510.0	4000510.0	0.0	strict	30527_1_1_1	85.0	6.0	0.0	1.97
30545_1_1_1	30545_1_1_1	30545_1_1_1	1000026.520830316	1000026.520830316	0.0	unfiltered	30545_1_1_1	20.0	2.0	13.4791696839	0.0
30551_1_1_1	30551_1_1_1	30551_1_1_1	4000852.0	4000852.0	0.0	strict	30551_1_1_1	142.0	6.0	0.0	0.7
30554_1_1_1	30554_1_1_1	30554_1_1_1	4000136.0	4000136.0	0.0	strict	30554_1_1_1	34.0	4.0	0.0	0.0
30554_1_1_1	30553_1_1_1	30554_1_1_1	4000132.0	4000136.0	4.0	strict	30553_1_1_1	33.0	4.0	0.0	0.0
30555_1_1_1	30555_1_1_1	30555_1_1_1	4000210.0	4000210.0	0.0	strict	30555_1_1_1	30.0	7.0	0.0	0.0
30556_1_1_1	30556_1_1_1	30556_1_1_1	4000516.882920548	4000516.882920548	0.0	strict	30556_1_1_1	74.0	7.0	1.1170794518	0.54
30559_1_1_1	30559_1_1_1	30559_1_1_1	4000399.0	4000399.0	0.0	strict	30559_1_1_1	57.0	7.0	0.0	0.67
30565_1_1_1	30565_1_1_1	30565_1_1_1	3000375.009436172	3000375.009436172	0.0	moderate	30565_1_1_1	54.0	7.0	2.990563828	1.55
30566_1_1_1	30566_1_1_1	30566_1_1_1	3000066.0	3000066.0	0.0	moderate	30566_1_1_1	22.0	3.0	0.0	0.0
30567_1_1_1	30567_1_1_1	30567_1_1_1	3000147.0	3000147.0	0.0	moderate	30567_1_1_1	49.0	3.0	0.0	0.0
30568_1_1_1	30568_1_1_1	30568_1_1_1	3000075.0	3000075.0	0.0	moderate	30568_1_1_1	25.0	3.0	0.0	0.0
30569_1_1_1	30569_1_1_1	30569_1_1_1	4001153.066146865	4001153.066146865	0.0	strict	30569_1_1_1	165.0	7.0	1.9338531348	0.55
30570_1_1_1	30570_1_1_1	30570_1_1_1	2001113.624125405	2001113.624125405	0.0	tolerant	30570_1_1_1	186.0	6.0	2.375874595	1.77
30573_1_1_1	30574_1_3_1	30574_1_3_1	4000564.0	4000564.0	0.0	strict	30574_1_3_1	94.0	6.0	0.0	2.59
30573_1_1_1	30573_1_1_1	30574_1_3_1	4000546.0	4000564.0	18.0	strict	30573_1_1_1	91.0	6.0	0.0	1.1
30575_1_1_1	30575_1_1_1	30575_1_1_1	3000816.3656679606	3000816.3656679606	0.0	moderate	30575_1_1_1	117.0	7.0	2.6343320392	1.81
30579_1_1_1	30579_1_1_1	30579_1_1_1	3000282.0	3000282.0	0.0	moderate	30579_1_1_1	47.0	6.0	0.0	0.0
30580_1_1_1	30580_1_1_1	30580_1_1_1	3000270.0	3000270.0	0.0	moderate	30580_1_1_1	45.0	6.0	0.0	0.33
30580_1_1_1	30749_1_1_1	30580_1_1_1	2000282.0	3000270.0	999988.0	tolerant	30749_1_1_1	47.0	6.0	0.0	0.0
30583_1_1_1	30583_1_1_1	30583_1_1_1	4000510.0	4000510.0	0.0	strict	30583_1_1_1	102.0	5.0	0.0	1.17
30583_1_1_1	4920_1_1_1	30583_1_1_1	2000565.0	4000510.0	1999945.0	tolerant	4920_1_1_1	113.0	5.0	0.0	0.0
30588_1_1_1	30588_1_1_1	30588_1_1_1	3000069.0	3000069.0	0.0	moderate	30588_1_1_1	23.0	3.0	0.0	0.0
30588_1_1_1	30586_1_1_1	30588_1_1_1	2000046.0	3000069.0	1000023.0	tolerant	30586_1_1_1	23.0	2.0	0.0	0.0
30588_1_1_1	30587_1_1_1	30588_1_1_1	2000046.0	3000069.0	1000023.0	tolerant	30587_1_1_1	23.0	2.0	0.0	0.0
30597_1_1_1	30597_1_1_1	30597_1_1_1	3000155.0	3000155.0	0.0	moderate	30597_1_1_1	31.0	5.0	0.0	3.48
30603_1_1_1	30603_1_1_1	30603_1_1_1	3000350.0	3000350.0	0.0	moderate	30603_1_1_1	50.0	7.0	0.0	1.27
30603_1_1_1	30600_1_1_1	30603_1_1_1	2000147.9105194844	3000350.0	1000202.0894805156	tolerant	30600_1_1_1	50.0	3.0	2.0894805156	0.72
30603_1_1_1	30599_1_1_1	30603_1_1_1	2000100.0	3000350.0	1000250.0	tolerant	30599_1_1_1	50.0	2.0	0.0	0.88
30611_1_1_1	30611_1_1_1	30611_1_1_1	2000354.0	2000354.0	0.0	tolerant	30611_1_1_1	59.0	6.0	0.0	0.0
30613_1_1_1	30613_1_1_1	30613_1_1_1	3000440.0	3000440.0	0.0	moderate	30613_1_1_1	88.0	5.0	0.0	0.25
30625_1_1_1	30625_1_1_1	30625_1_1_1	3000078.0	3000078.0	0.0	moderate	30625_1_1_1	26.0	3.0	0.0	0.0
30626_1_1_1	30626_1_1_1	30626_1_1_1	3000155.0	3000155.0	0.0	moderate	30626_1_1_1	31.0	5.0	0.0	0.0
30627_1_1_1	30627_1_1_1	30627_1_1_1	4000602.0	4000602.0	0.0	strict	30627_1_1_1	86.0	7.0	0.0	1.66
30627_1_1_1	30628_1_1_1	30627_1_1_1	2000516.0	4000602.0	2000086.0	tolerant	30628_1_1_1	86.0	6.0	0.0	2.02
30632_1_1_1	30632_1_1_1	30632_1_1_1	2000549.1860213317	2000549.1860213317	0.0	tolerant	30632_1_1_1	92.0	6.0	2.8139786685	3.26
30632_1_1_1	30636_1_1_1	30632_1_1_1	2000526.0058661583	2000549.1860213317	23.18015517340973	tolerant	30636_1_1_1	88.0	6.0	1.9941338416	1.27
30632_1_1_1	30635_1_1_1	30632_1_1_1	2000516.0	2000549.1860213317	33.1860213316977	tolerant	30635_1_1_1	86.0	6.0	0.0	1.58
30632_1_1_1	30629_1_1_1	30632_1_1_1	2000453.0138298273	2000549.1860213317	96.17219150438905	tolerant	30629_1_1_1	76.0	6.0	2.9861701727	1.63
30632_1_1_1	30634_1_1_1	30632_1_1_1	2000316.0	2000549.1860213317	233.1860213316977	tolerant	30634_1_1_1	79.0	4.0	0.0	1.66
30633_1_1_1	30633_1_1_1	30633_1_1_1	2000448.1430495663	2000448.1430495663	0.0	tolerant	30633_1_1_1	90.0	5.0	1.8569504334	1.59
30637_1_1_1	30637_1_1_1	30637_1_1_1	4000700.0	4000700.0	0.0	strict	30637_1_1_1	140.0	5.0	0.0	1.91
30646_1_1_1	30646_1_1_1	30646_1_1_1	3000176.0	3000176.0	0.0	moderate	30646_1_1_1	44.0	4.0	0.0	2.43
30647_1_1_1	30647_1_1_1	30647_1_1_1	3000192.0	3000192.0	0.0	moderate	30647_1_1_1	32.0	6.0	0.0	0.34
30648_1_1_1	30648_1_1_1	30648_1_1_1	3000210.0	3000210.0	0.0	moderate	30648_1_1_1	35.0	6.0	0.0	0.67
30651_1_1_1	30651_1_1_1	30651_1_1_1	3000093.0	3000093.0	0.0	moderate	30651_1_1_1	31.0	3.0	0.0	0.0
30652_1_1_1	30652_1_1_1	30652_1_1_1	4000520.0	4000520.0	0.0	strict	30652_1_1_1	104.0	5.0	0.0	0.85
30652_1_1_1	5774_1_1_1	30652_1_1_1	3000721.0	4000520.0	999799.0	moderate	5774_1_1_1	103.0	7.0	0.0	1.49
30652_1_1_1	30653_1_1_1	30652_1_1_1	3000497.762694816	4000520.0	1000022.2373051839	moderate	30653_1_1_1	100.0	5.0	2.2373051838	0.79
30656_1_1_1	30656_1_1_1	30656_1_1_1	3000872.4292509756	3000872.4292509756	0.0	moderate	30656_1_1_1	175.0	5.0	2.5707490242	0.89
30660_1_1_1	30660_1_1_1	30660_1_1_1	3000238.0	3000238.0	0.0	moderate	30660_1_1_1	34.0	7.0	0.0	1.2
30661_1_1_1	16921_1_1_1	16921_1_1_1	4000623.0	4000623.0	0.0	strict	16921_1_1_1	89.0	7.0	0.0	1.44
30661_1_1_1	30662_1_1_1	16921_1_1_1	4000480.0	4000623.0	143.0	strict	30662_1_1_1	80.0	6.0	0.0	1.85
30661_1_1_1	30661_1_1_1	16921_1_1_1	4000474.0	4000623.0	149.0	strict	30661_1_1_1	79.0	6.0	0.0	1.28
30661_1_1_1	50008_1_1_1	16921_1_1_1	2000256.4341878567	4000623.0	2000366.5658121433	tolerant	50008_1_1_1	86.0	3.0	1.5658121432	1.56
30663_1_1_1	30663_1_1_1	30663_1_1_1	3000265.0	3000265.0	0.0	moderate	30663_1_1_1	53.0	5.0	0.0	1.21
30672_1_1_1	30672_1_1_1	30672_1_1_1	2000231.4806623787	2000231.4806623787	0.0	tolerant	30672_1_1_1	39.0	6.0	2.5193376212	1.62
30676_1_1_1	30676_1_1_1	30676_1_1_1	4000854.0	4000854.0	0.0	strict	30676_1_1_1	122.0	7.0	0.0	0.36
30677_1_1_1	30677_1_1_1	30677_1_1_1	4000924.0	4000924.0	0.0	strict	30677_1_1_1	132.0	7.0	0.0	1.03
30677_1_1_1	16144_1_1_1	30677_1_1_1	2000722.584272868	4000924.0	2000201.415727132	tolerant	16144_1_1_1	145.0	5.0	2.4157271323	1.19
30678_1_1_1	30678_1_1_1	30678_1_1_1	2000315.737785214	2000315.737785214	0.0	tolerant	30678_1_1_1	106.0	3.0	2.262214786	0.88
30682_1_1_1	30682_1_1_1	30682_1_1_1	4000336.0	4000336.0	0.0	strict	30682_1_1_1	48.0	7.0	0.0	1.37
30684_1_1_1	30684_1_1_1	30684_1_1_1	3000427.0	3000427.0	0.0	moderate	30684_1_1_1	61.0	7.0	0.0	1.6
30691_1_1_1	30691_1_1_1	30691_1_1_1	3000735.0	3000735.0	0.0	moderate	30691_1_1_1	105.0	7.0	0.0	0.67
30696_1_1_1	30696_1_1_1	30696_1_1_1	4000798.0	4000798.0	0.0	strict	30696_1_1_1	114.0	7.0	0.0	0.89
306_1_1_1	306_1_1_1	306_1_1_1	2000069.0	2000069.0	0.0	tolerant	306_1_1_1	23.0	3.0	0.0	0.0
30702_1_1_1	30702_1_1_1	30702_1_1_1	2000096.0	2000096.0	0.0	tolerant	30702_1_1_1	16.0	6.0	0.0	0.0
30703_1_1_1	30704_1_1_1	30704_1_1_1	4001232.0	4001232.0	0.0	strict	30704_1_1_1	176.0	7.0	0.0	1.56
30703_1_1_1	30703_1_1_1	30704_1_1_1	4001057.0	4001232.0	175.0	strict	30703_1_1_1	151.0	7.0	0.0	1.4
30707_1_1_1	30707_1_1_1	30707_1_1_1	4000624.0	4000624.0	0.0	strict	30707_1_1_1	104.0	6.0	0.0	1.42
30707_1_1_1	30708_1_1_1	30707_1_1_1	4000618.0	4000624.0	6.0	strict	30708_1_1_1	103.0	6.0	0.0	0.79
30707_1_1_1	30706_1_1_1	30707_1_1_1	4000618.0	4000624.0	6.0	strict	30706_1_1_1	103.0	6.0	0.0	0.29
30710_1_1_1	30710_1_1_1	30710_1_1_1	2000093.0	2000093.0	0.0	tolerant	30710_1_1_1	31.0	3.0	0.0	0.0
30713_1_1_1	30713_1_1_1	30713_1_1_1	2000045.0	2000045.0	0.0	tolerant	30713_1_1_1	15.0	3.0	0.0	0.0
30714_1_1_1	30714_1_1_1	30714_1_1_1	2000066.0	2000066.0	0.0	tolerant	30714_1_1_1	22.0	3.0	0.0	0.0
30722_1_1_1	30722_1_1_1	30722_1_1_1	4001022.0	4001022.0	0.0	strict	30722_1_1_1	146.0	7.0	0.0	0.41
30722_1_1_1	30861_1_1_1	30722_1_1_1	3001194.563326233	4001022.0	999827.4366737669	moderate	30861_1_1_1	171.0	7.0	2.4366737671	0.5
30722_1_1_1	34539_1_1_1	30722_1_1_1	3001041.1419612314	4001022.0	999980.8580387686	moderate	34539_1_1_1	149.0	7.0	1.8580387685	0.59
30728_1_1_1	30728_1_1_1	30728_1_1_1	2000126.0	2000126.0	0.0	tolerant	30728_1_1_1	21.0	6.0	0.0	0.0
30740_1_1_1	30740_1_1_1	30740_1_1_1	4000812.0	4000812.0	0.0	strict	30740_1_1_1	116.0	7.0	0.0	1.52
30740_1_1_1	30739_1_1_1	30740_1_1_1	4000812.0	4000812.0	0.0	strict	30739_1_1_1	116.0	7.0	0.0	0.87
30740_1_1_1	25573_1_1_1	30740_1_1_1	3000903.0	4000812.0	999909.0	moderate	25573_1_1_1	129.0	7.0	0.0	2.47
30746_1_1_1	30746_1_1_1	30746_1_1_1	3000120.0	3000120.0	0.0	moderate	30746_1_1_1	24.0	5.0	0.0	0.0
30748_1_1_1	30748_1_1_1	30748_1_1_1	2000165.0	2000165.0	0.0	tolerant	30748_1_1_1	33.0	5.0	0.0	0.0
30750_1_1_1	30750_1_1_1	30750_1_1_1	3000132.0	3000132.0	0.0	moderate	30750_1_1_1	22.0	6.0	0.0	0.0
30753_1_1_1	30753_1_1_1	30753_1_1_1	4000590.0	4000590.0	0.0	strict	30753_1_1_1	118.0	5.0	0.0	1.35
30756_1_1_1	30756_1_1_1	30756_1_1_1	4000790.3193423175	4000790.3193423175	0.0	strict	30756_1_1_1	132.0	6.0	1.6806576826	1.0
30757_1_1_1	30757_1_1_1	30757_1_1_1	3000132.0	3000132.0	0.0	moderate	30757_1_1_1	22.0	6.0	0.0	0.0
30757_1_1_1	27316_1_1_1	30757_1_1_1	3000120.0	3000132.0	12.0	moderate	27316_1_1_1	24.0	5.0	0.0	0.0
30767_1_1_1	30767_1_1_1	30767_1_1_1	3000200.0	3000200.0	0.0	moderate	30767_1_1_1	40.0	5.0	0.0	0.32
30768_1_1_1	30768_1_1_1	30768_1_1_1	3000483.0	3000483.0	0.0	moderate	30768_1_1_1	69.0	7.0	0.0	1.51
30773_1_1_1	30773_1_1_1	30773_1_1_1	3000802.3431281643	3000802.3431281643	0.0	moderate	30773_1_1_1	115.0	7.0	2.6568718356	1.3
30779_1_1_1	30779_1_1_1	30779_1_1_1	2000747.2752385195	2000747.2752385195	0.0	tolerant	30779_1_1_1	150.0	5.0	2.7247614804	1.54
30782_1_1_1	30782_1_1_1	30782_1_1_1	4000607.675230481	4000607.675230481	0.0	strict	30782_1_1_1	87.0	7.0	1.3247695186	0.72
30782_1_1_1	15125_1_1_1	30782_1_1_1	3000599.92476207	4000607.675230481	1000007.750468411	moderate	15125_1_1_1	86.0	7.0	2.0752379294	0.51
30783_1_1_1	30783_1_1_1	30783_1_1_1	3000300.0	3000300.0	0.0	moderate	30783_1_1_1	50.0	6.0	0.0	0.22
30784_1_1_1	30784_1_1_1	30784_1_1_1	3000264.0	3000264.0	0.0	moderate	30784_1_1_1	44.0	6.0	0.0	0.16
30789_1_1_1	30789_1_1_1	30789_1_1_1	1000039.0	1000039.0	0.0	unfiltered	30789_1_1_1	13.0	3.0	0.0	0.0
30793_1_1_1	30793_1_1_1	30793_1_1_1	2000162.0	2000162.0	0.0	tolerant	30793_1_1_1	27.0	6.0	0.0	0.0
30799_1_1_1	30799_1_1_1	30799_1_1_1	2000054.0	2000054.0	0.0	tolerant	30799_1_1_1	27.0	2.0	0.0	0.0
30802_1_1_1	30802_1_1_1	30802_1_1_1	4000780.0	4000780.0	0.0	strict	30802_1_1_1	130.0	6.0	0.0	1.15
30813_1_1_1	30813_1_1_1	30813_1_1_1	3000162.0	3000162.0	0.0	moderate	30813_1_1_1	27.0	6.0	0.0	0.0
30813_1_1_1	30470_1_1_1	30813_1_1_1	3000162.0	3000162.0	0.0	moderate	30470_1_1_1	27.0	6.0	0.0	0.0
30813_1_1_1	16073_1_1_1	30813_1_1_1	3000084.0	3000162.0	78.0	moderate	16073_1_1_1	28.0	3.0	0.0	0.0
30813_1_1_1	19304_1_1_1	30813_1_1_1	3000081.0	3000162.0	81.0	moderate	19304_1_1_1	27.0	3.0	0.0	0.0
30813_1_1_1	17531_1_1_1	30813_1_1_1	3000081.0	3000162.0	81.0	moderate	17531_1_1_1	27.0	3.0	0.0	0.0
30813_1_1_1	30949_1_1_1	30813_1_1_1	2000174.0	3000162.0	999988.0	tolerant	30949_1_1_1	29.0	6.0	0.0	0.0
30813_1_1_1	50161_1_1_1	30813_1_1_1	2000168.0	3000162.0	999994.0	tolerant	50161_1_1_1	28.0	6.0	0.0	0.0
30813_1_1_1	52315_1_1_1	30813_1_1_1	2000140.0	3000162.0	1000022.0	tolerant	52315_1_1_1	28.0	5.0	0.0	0.0
30813_1_1_1	6596_1_1_1	30813_1_1_1	2000087.0	3000162.0	1000075.0	tolerant	6596_1_1_1	29.0	3.0	0.0	0.0
30813_1_1_1	50162_1_1_1	30813_1_1_1	2000084.0	3000162.0	1000078.0	tolerant	50162_1_1_1	28.0	3.0	0.0	0.0
30813_1_1_1	52313_1_1_1	30813_1_1_1	2000056.0	3000162.0	1000106.0	tolerant	52313_1_1_1	28.0	2.0	0.0	0.0
30813_1_1_1	50163_1_1_1	30813_1_1_1	2000056.0	3000162.0	1000106.0	tolerant	50163_1_1_1	28.0	2.0	0.0	0.0
30813_1_1_1	50164_1_1_1	30813_1_1_1	2000056.0	3000162.0	1000106.0	tolerant	50164_1_1_1	28.0	2.0	0.0	0.0
30814_1_1_1	30814_1_1_1	30814_1_1_1	3000816.0	3000816.0	0.0	moderate	30814_1_1_1	136.0	6.0	0.0	1.02
30819_1_1_1	30819_1_1_1	30819_1_1_1	2001050.0	2001050.0	0.0	tolerant	30819_1_1_1	175.0	6.0	0.0	0.18
30821_1_1_1	30821_1_1_1	30821_1_1_1	4001036.0	4001036.0	0.0	strict	30821_1_1_1	148.0	7.0	0.0	1.36
30826_1_1_1	30826_1_1_1	30826_1_1_1	2000228.0	2000228.0	0.0	tolerant	30826_1_1_1	38.0	6.0	0.0	0.66
30827_1_1_1	30827_1_1_1	30827_1_1_1	3000156.0	3000156.0	0.0	moderate	30827_1_1_1	26.0	6.0	0.0	0.0
30827_1_1_1	31168_1_1_1	30827_1_1_1	2000174.0	3000156.0	999982.0	tolerant	31168_1_1_1	29.0	6.0	0.0	0.0
30827_1_1_1	30889_1_1_1	30827_1_1_1	2000150.0	3000156.0	1000006.0	tolerant	30889_1_1_1	25.0	6.0	0.0	0.0
30832_1_1_1	30832_1_1_1	30832_1_1_1	2000636.0	2000636.0	0.0	tolerant	30832_1_1_1	106.0	6.0	0.0	0.48
30834_1_1_1	30834_1_1_1	30834_1_1_1	4000198.0	4000198.0	0.0	strict	30834_1_1_1	33.0	6.0	0.0	1.07
30842_1_1_1	30842_1_1_1	30842_1_1_1	4000076.0	4000076.0	0.0	strict	30842_1_1_1	19.0	4.0	0.0	0.0
30844_1_1_1	30844_1_1_1	30844_1_1_1	3000455.0	3000455.0	0.0	moderate	30844_1_1_1	65.0	7.0	0.0	1.37
30846_1_1_1	30846_1_1_1	30846_1_1_1	3000135.0	3000135.0	0.0	moderate	30846_1_1_1	45.0	3.0	0.0	0.0
30846_1_1_1	30847_1_1_1	30846_1_1_1	3000123.0	3000135.0	12.0	moderate	30847_1_1_1	41.0	3.0	0.0	0.0
30850_1_1_1	30850_1_1_1	30850_1_1_1	3000529.6202542335	3000529.6202542335	0.0	moderate	30850_1_1_1	76.0	7.0	2.3797457663	0.19
30855_1_1_1	30856_1_1_1	30856_1_1_1	3000704.0	3000704.0	0.0	moderate	30856_1_1_1	176.0	4.0	0.0	0.0
30855_1_1_1	30855_1_1_1	30856_1_1_1	3000636.0	3000704.0	68.0	moderate	30855_1_1_1	159.0	4.0	0.0	0.0
30857_1_1_1	30857_1_1_1	30857_1_1_1	3000315.0	3000315.0	0.0	moderate	30857_1_1_1	45.0	7.0	0.0	1.26
30858_1_1_1	30858_1_1_1	30858_1_1_1	3000448.0	3000448.0	0.0	moderate	30858_1_1_1	64.0	7.0	0.0	0.4
30866_1_1_1	30866_1_1_1	30866_1_1_1	3000281.6103242445	3000281.6103242445	0.0	moderate	30866_1_1_1	71.0	4.0	2.3896757555	0.94
30867_1_1_1	30867_1_1_1	30867_1_1_1	3000497.0	3000497.0	0.0	moderate	30867_1_1_1	71.0	7.0	0.0	0.89
30867_1_1_1	6915_1_1_1	30867_1_1_1	1000232.0	3000497.0	2000265.0	unfiltered	6915_1_1_1	58.0	4.0	0.0	0.0
30869_1_1_1	30869_1_1_1	30869_1_1_1	4000252.0	4000252.0	0.0	strict	30869_1_1_1	42.0	6.0	0.0	0.36
30870_1_1_1	30870_1_1_1	30870_1_1_1	2000275.0	2000275.0	0.0	tolerant	30870_1_1_1	55.0	5.0	0.0	0.31
30871_1_1_1	30871_1_1_1	30871_1_1_1	4000240.0	4000240.0	0.0	strict	30871_1_1_1	40.0	6.0	0.0	0.1
30873_1_1_1	30873_1_1_1	30873_1_1_1	2000195.0	2000195.0	0.0	tolerant	30873_1_1_1	39.0	5.0	0.0	0.0
30874_2_1_1	30874_2_1_1	30874_2_1_1	2000373.3211569707	2000373.3211569707	0.0	tolerant	30874_2_1_1	94.0	4.0	2.6788430292	2.71
30875_1_1_1	30875_1_1_1	30875_1_1_1	4000318.0	4000318.0	0.0	strict	30875_1_1_1	53.0	6.0	0.0	1.1
30876_1_1_1	30876_1_1_1	30876_1_1_1	3000210.0	3000210.0	0.0	moderate	30876_1_1_1	35.0	6.0	0.0	0.53
30878_1_1_1	30878_1_1_1	30878_1_1_1	3000138.0	3000138.0	0.0	moderate	30878_1_1_1	46.0	3.0	0.0	0.0
30878_1_1_1	30033_1_1_1	30878_1_1_1	2000320.2224096823	3000138.0	999817.7775903177	tolerant	30033_1_1_1	46.0	7.0	1.7775903175	1.63
30878_1_1_1	30089_1_1_1	30878_1_1_1	2000126.0	3000138.0	1000012.0	tolerant	30089_1_1_1	42.0	3.0	0.0	0.0
30879_1_1_1	30879_1_1_1	30879_1_1_1	2000052.0	2000052.0	0.0	tolerant	30879_1_1_1	26.0	2.0	0.0	0.0
30880_1_1_1	30880_1_1_1	30880_1_1_1	2000579.7895049816	2000579.7895049816	0.0	tolerant	30880_1_1_1	97.0	6.0	2.2104950187	0.73
30890_1_1_1	30890_1_1_1	30890_1_1_1	4000672.0	4000672.0	0.0	strict	30890_1_1_1	96.0	7.0	0.0	0.96
30891_1_1_1	30891_1_1_1	30891_1_1_1	3000095.0	3000095.0	0.0	moderate	30891_1_1_1	19.0	5.0	0.0	0.0
30896_1_1_1	30896_1_1_1	30896_1_1_1	2000252.0	2000252.0	0.0	tolerant	30896_1_1_1	42.0	6.0	0.0	0.0
308_1_1_1	308_1_1_1	308_1_1_1	1000008.0	1000008.0	0.0	unfiltered	308_1_1_1	4.0	2.0	0.0	0.0
30900_1_1_1	30900_1_1_1	30900_1_1_1	3000072.0	3000072.0	0.0	moderate	30900_1_1_1	24.0	3.0	0.0	0.0
30900_1_1_1	30424_1_1_1	30900_1_1_1	2000144.0	3000072.0	999928.0	tolerant	30424_1_1_1	24.0	6.0	0.0	0.0
30903_1_1_1	30903_1_1_1	30903_1_1_1	3000138.0	3000138.0	0.0	moderate	30903_1_1_1	23.0	6.0	0.0	1.55
30908_1_1_1	30908_1_1_1	30908_1_1_1	2000552.0	2000552.0	0.0	tolerant	30908_1_1_1	92.0	6.0	0.0	0.81
30910_1_1_1	30910_1_1_1	30910_1_1_1	4002052.0	4002052.0	0.0	strict	30910_1_1_1	342.0	6.0	0.0	1.13
30911_1_1_1	30911_1_1_1	30911_1_1_1	3000417.837776719	3000417.837776719	0.0	moderate	30911_1_1_1	70.0	6.0	2.1622232811	1.31
30911_1_1_1	30912_1_1_1	30911_1_1_1	2000408.0	3000417.837776719	1000009.8377767191	tolerant	30912_1_1_1	68.0	6.0	0.0	0.48
30926_1_1_1	30926_1_1_1	30926_1_1_1	4001022.0	4001022.0	0.0	strict	30926_1_1_1	146.0	7.0	0.0	0.63
30931_1_1_1	30931_1_1_1	30931_1_1_1	2000162.0	2000162.0	0.0	tolerant	30931_1_1_1	54.0	3.0	0.0	0.0
30933_1_1_1	30933_1_1_1	30933_1_1_1	3000180.0	3000180.0	0.0	moderate	30933_1_1_1	30.0	6.0	0.0	0.0
30933_1_1_1	30934_1_1_1	30933_1_1_1	3000174.0	3000180.0	6.0	moderate	30934_1_1_1	29.0	6.0	0.0	0.0
30933_1_1_1	17731_1_1_1	30933_1_1_1	3000090.0	3000180.0	90.0	moderate	17731_1_1_1	30.0	3.0	0.0	0.0
30933_1_1_1	17733_1_1_1	30933_1_1_1	3000090.0	3000180.0	90.0	moderate	17733_1_1_1	30.0	3.0	0.0	0.0
30933_1_1_1	6264_1_1_1	30933_1_1_1	3000090.0	3000180.0	90.0	moderate	6264_1_1_1	30.0	3.0	0.0	0.0
30936_1_1_1	30936_1_1_1	30936_1_1_1	1001176.0	1001176.0	0.0	unfiltered	30936_1_1_1	294.0	4.0	0.0	1.08
30939_1_1_1	30939_1_1_1	30939_1_1_1	3001817.6403744067	3001817.6403744067	0.0	moderate	30939_1_1_1	260.0	7.0	2.3596255934	0.46
30943_1_1_1	30943_1_1_1	30943_1_1_1	4002996.0	4002996.0	0.0	strict	30943_1_1_1	428.0	7.0	0.0	0.59
30943_1_1_1	51105_1_1_1	30943_1_1_1	3001424.0	4002996.0	1001572.0	moderate	51105_1_1_1	356.0	4.0	0.0	0.0
30944_1_1_1	30944_1_1_1	30944_1_1_1	3000536.960945133	3000536.960945133	0.0	moderate	30944_1_1_1	77.0	7.0	2.0390548668	1.19
30951_1_1_1	6455_1_1_1	6455_1_1_1	3000308.0	3000308.0	0.0	moderate	6455_1_1_1	44.0	7.0	0.0	0.27
30951_1_1_1	30951_1_1_1	6455_1_1_1	3000240.0	3000308.0	68.0	moderate	30951_1_1_1	40.0	6.0	0.0	1.95
30951_1_1_1	34671_1_1_1	6455_1_1_1	3000132.0	3000308.0	176.0	moderate	34671_1_1_1	44.0	3.0	0.0	0.0
30951_1_1_1	4509_1_1_1	6455_1_1_1	3000129.0	3000308.0	179.0	moderate	4509_1_1_1	43.0	3.0	0.0	0.0
30951_1_1_1	55_1_1_1	6455_1_1_1	3000129.0	3000308.0	179.0	moderate	55_1_1_1	43.0	3.0	0.0	0.0
30951_1_1_1	5670_1_1_1	6455_1_1_1	2000132.0	3000308.0	1000176.0	tolerant	5670_1_1_1	44.0	3.0	0.0	0.0
30951_1_1_1	5767_1_1_1	6455_1_1_1	2000132.0	3000308.0	1000176.0	tolerant	5767_1_1_1	44.0	3.0	0.0	0.0
30952_1_1_1	30952_1_1_1	30952_1_1_1	3000145.0	3000145.0	0.0	moderate	30952_1_1_1	29.0	5.0	0.0	0.0
30952_1_1_1	30409_1_1_1	30952_1_1_1	3000145.0	3000145.0	0.0	moderate	30409_1_1_1	29.0	5.0	0.0	0.0
30959_1_1_1	30959_1_1_1	30959_1_1_1	4000700.0	4000700.0	0.0	strict	30959_1_1_1	100.0	7.0	0.0	1.31
30959_1_1_1	5971_1_1_1	30959_1_1_1	3000732.221113675	4000700.0	999967.7788863252	moderate	5971_1_1_1	105.0	7.0	2.7788863252	1.56
30959_1_1_1	6800_1_1_1	30959_1_1_1	3000690.4514498897	4000700.0	1000009.5485501103	moderate	6800_1_1_1	99.0	7.0	2.5485501102	1.36
30959_1_1_1	6309_1_1_1	30959_1_1_1	3000665.0	4000700.0	1000035.0	moderate	6309_1_1_1	95.0	7.0	0.0	2.15
30960_1_1_1	30960_1_1_1	30960_1_1_1	3000774.242651573	3000774.242651573	0.0	moderate	30960_1_1_1	111.0	7.0	2.7573484272	1.13
30968_1_1_1	30968_1_1_1	30968_1_1_1	4000887.110724095	4000887.110724095	0.0	strict	30968_1_1_1	127.0	7.0	1.8892759054	0.61
30968_1_1_1	30288_1_1_1	30968_1_1_1	3000824.4543112423	4000887.110724095	1000062.6564128525	moderate	30288_1_1_1	118.0	7.0	1.5456887575	0.19
30969_1_1_1	30969_1_1_1	30969_1_1_1	4000539.0	4000539.0	0.0	strict	30969_1_1_1	77.0	7.0	0.0	0.6
30975_1_1_1	30975_1_1_1	30975_1_1_1	3000083.6780640315	3000083.6780640315	0.0	moderate	30975_1_1_1	17.0	5.0	1.3219359683	0.0
30977_1_1_1	25832_1_1_1	25832_1_1_1	4001253.0	4001253.0	0.0	strict	25832_1_1_1	179.0	7.0	0.0	0.46
30977_1_1_1	27159_1_1_1	25832_1_1_1	4001197.0	4001253.0	56.0	strict	27159_1_1_1	171.0	7.0	0.0	0.22
30977_1_1_1	27265_1_1_1	25832_1_1_1	4001141.0	4001253.0	112.0	strict	27265_1_1_1	163.0	7.0	0.0	0.73
30977_1_1_1	19432_1_1_1	25832_1_1_1	4001032.0	4001253.0	221.0	strict	19432_1_1_1	172.0	6.0	0.0	0.47
30977_1_1_1	30977_1_1_1	25832_1_1_1	4000978.0	4001253.0	275.0	strict	30977_1_1_1	163.0	6.0	0.0	0.27
30977_1_1_1	25341_1_1_1	25832_1_1_1	4000752.0	4001253.0	501.0	strict	25341_1_1_1	188.0	4.0	0.0	0.67
30977_1_1_1	27218_1_1_1	25832_1_1_1	4000652.0	4001253.0	601.0	strict	27218_1_1_1	163.0	4.0	0.0	0.77
30977_1_1_1	27217_1_1_1	25832_1_1_1	4000652.0	4001253.0	601.0	strict	27217_1_1_1	163.0	4.0	0.0	0.78
30977_1_1_1	18312_1_1_1	25832_1_1_1	3001148.0	4001253.0	1000105.0	moderate	18312_1_1_1	164.0	7.0	0.0	0.35
30977_1_1_1	27620_1_1_1	25832_1_1_1	3000984.0	4001253.0	1000269.0	moderate	27620_1_1_1	164.0	6.0	0.0	0.39
30977_1_1_1	7310_1_1_1	25832_1_1_1	3000960.0	4001253.0	1000293.0	moderate	7310_1_1_1	160.0	6.0	0.0	0.3
30977_1_1_1	15505_1_1_1	25832_1_1_1	3000910.0	4001253.0	1000343.0	moderate	15505_1_1_1	182.0	5.0	0.0	0.43
30977_1_1_1	52661_1_1_1	25832_1_1_1	3000810.0	4001253.0	1000443.0	moderate	52661_1_1_1	162.0	5.0	0.0	3.02
30977_1_1_1	12014_1_1_1	25832_1_1_1	3000664.0	4001253.0	1000589.0	moderate	12014_1_1_1	166.0	4.0	0.0	0.56
30977_1_1_1	27033_1_1_1	25832_1_1_1	2001114.155286336	4001253.0	2000138.844713664	tolerant	27033_1_1_1	186.0	6.0	1.844713664	0.35
30977_1_1_1	52665_1_1_1	25832_1_1_1	2000676.0	4001253.0	2000577.0	tolerant	52665_1_1_1	169.0	4.0	0.0	2.98
30978_1_1_1	30978_1_1_1	30978_1_1_1	1000048.0881910188	1000048.0881910188	0.0	unfiltered	30978_1_1_1	18.0	3.0	5.9118089812	0.0
30985_1_1_1	30985_1_1_1	30985_1_1_1	4000742.0	4000742.0	0.0	strict	30985_1_1_1	106.0	7.0	0.0	0.58
30986_1_1_1	30986_1_1_1	30986_1_1_1	2000477.6664739267	2000477.6664739267	0.0	tolerant	30986_1_1_1	80.0	6.0	2.3335260732	1.37
30993_1_1_1	30993_1_1_1	30993_1_1_1	3000879.3811584106	3000879.3811584106	0.0	moderate	30993_1_1_1	126.0	7.0	2.6188415896	0.37
30995_1_1_1	30995_1_1_1	30995_1_1_1	2000448.241274648	2000448.241274648	0.0	tolerant	30995_1_1_1	75.0	6.0	1.7587253518	0.52
31010_1_1_1	31010_1_1_1	31010_1_1_1	3000204.0	3000204.0	0.0	moderate	31010_1_1_1	34.0	6.0	0.0	0.08
31011_1_1_1	31011_1_1_1	31011_1_1_1	3000504.0	3000504.0	0.0	moderate	31011_1_1_1	72.0	7.0	0.0	0.78
31014_1_1_1	31016_1_1_1	31016_1_1_1	4000348.0	4000348.0	0.0	strict	31016_1_1_1	58.0	6.0	0.0	1.87
31014_1_1_1	31014_1_1_1	31016_1_1_1	4000324.0	4000348.0	24.0	strict	31014_1_1_1	54.0	6.0	0.0	1.02
31015_1_1_1	31013_1_1_1	31013_1_1_1	4000329.0	4000329.0	0.0	strict	31013_1_1_1	47.0	7.0	0.0	1.52
31015_1_1_1	31015_1_1_1	31013_1_1_1	4000273.0	4000329.0	56.0	strict	31015_1_1_1	39.0	7.0	0.0	0.88
31017_1_1_1	31017_1_1_1	31017_1_1_1	4000413.0	4000413.0	0.0	strict	31017_1_1_1	59.0	7.0	0.0	1.11
31018_1_1_1	31018_1_1_1	31018_1_1_1	4000420.0	4000420.0	0.0	strict	31018_1_1_1	60.0	7.0	0.0	1.02
31024_1_1_1	31024_1_1_1	31024_1_1_1	2000063.0	2000063.0	0.0	tolerant	31024_1_1_1	21.0	3.0	0.0	0.0
31025_1_1_1	31025_1_1_1	31025_1_1_1	1001005.0	1001005.0	0.0	unfiltered	31025_1_1_1	201.0	5.0	0.0	1.45
31030_1_1_1	31030_1_1_1	31030_1_1_1	2000095.0	2000095.0	0.0	tolerant	31030_1_1_1	19.0	5.0	0.0	0.0
31032_1_1_1	31032_1_1_1	31032_1_1_1	3000087.0	3000087.0	0.0	moderate	31032_1_1_1	29.0	3.0	0.0	0.0
31032_1_1_1	372_1_1_1	31032_1_1_1	2000054.0	3000087.0	1000033.0	tolerant	372_1_1_1	27.0	2.0	0.0	0.0
31033_1_1_1	30974_1_1_1	30974_1_1_1	3000350.0	3000350.0	0.0	moderate	30974_1_1_1	50.0	7.0	0.0	0.79
31033_1_1_1	31033_1_1_1	30974_1_1_1	3000301.0	3000350.0	49.0	moderate	31033_1_1_1	43.0	7.0	0.0	0.56
31033_1_1_1	30249_1_1_1	30974_1_1_1	3000294.0	3000350.0	56.0	moderate	30249_1_1_1	42.0	7.0	0.0	0.49
31036_1_1_1	31036_1_1_1	31036_1_1_1	3000081.0	3000081.0	0.0	moderate	31036_1_1_1	27.0	3.0	0.0	0.0
31037_1_1_1	31037_1_1_1	31037_1_1_1	3000060.0	3000060.0	0.0	moderate	31037_1_1_1	20.0	3.0	0.0	0.0
31039_1_1_1	31039_1_1_1	31039_1_1_1	2000630.0	2000630.0	0.0	tolerant	31039_1_1_1	126.0	5.0	0.0	1.44
31039_1_1_1	51558_1_1_1	31039_1_1_1	2000391.2097953267	2000630.0	238.79020467330702	tolerant	51558_1_1_1	131.0	3.0	1.7902046732	1.35
31040_1_1_1	31040_1_1_1	31040_1_1_1	4000492.0	4000492.0	0.0	strict	31040_1_1_1	82.0	6.0	0.0	0.3
31044_1_1_1	31044_1_1_1	31044_1_1_1	2001444.2116704225	2001444.2116704225	0.0	tolerant	31044_1_1_1	241.0	6.0	1.7883295775	0.44
31055_1_1_1	31055_1_1_1	31055_1_1_1	2000108.0	2000108.0	0.0	tolerant	31055_1_1_1	36.0	3.0	0.0	0.0
31059_1_1_1	52070_1_1_1	52070_1_1_1	1000288.0	1000288.0	0.0	unfiltered	52070_1_1_1	72.0	4.0	0.0	3.6
31059_1_1_1	52340_1_1_1	52070_1_1_1	1000224.0	1000288.0	64.0	unfiltered	52340_1_1_1	56.0	4.0	0.0	3.46
31059_1_1_1	31059_1_1_1	52070_1_1_1	1000212.0	1000288.0	76.0	unfiltered	31059_1_1_1	53.0	4.0	0.0	4.2
31060_1_1_1	31060_1_1_1	31060_1_1_1	3000781.551277044	3000781.551277044	0.0	moderate	31060_1_1_1	112.0	7.0	2.4487229561	1.02
31070_1_1_1	31070_1_1_1	31070_1_1_1	2000928.5570241965	2000928.5570241965	0.0	tolerant	31070_1_1_1	186.0	5.0	1.4429758035	1.15
31073_1_1_1	31073_1_1_1	31073_1_1_1	3000180.0	3000180.0	0.0	moderate	31073_1_1_1	30.0	6.0	0.0	0.0
31075_1_1_1	31075_1_1_1	31075_1_1_1	1000272.0	1000272.0	0.0	unfiltered	31075_1_1_1	68.0	4.0	0.0	3.28
31076_1_1_1	31076_1_1_1	31076_1_1_1	2000074.0	2000074.0	0.0	tolerant	31076_1_1_1	37.0	2.0	0.0	0.0
31079_1_1_1	31079_1_1_1	31079_1_1_1	3000185.0	3000185.0	0.0	moderate	31079_1_1_1	37.0	5.0	0.0	0.0
31081_1_1_1	31082_1_1_1	31082_1_1_1	3000329.0	3000329.0	0.0	moderate	31082_1_1_1	47.0	7.0	0.0	1.51
31081_1_1_1	30241_1_1_1	31082_1_1_1	3000329.0	3000329.0	0.0	moderate	30241_1_1_1	47.0	7.0	0.0	2.66
31081_1_1_1	31081_1_1_1	31082_1_1_1	3000315.0	3000329.0	14.0	moderate	31081_1_1_1	45.0	7.0	0.0	1.41
31081_1_1_1	31083_1_1_1	31082_1_1_1	1000350.0	3000329.0	1999979.0	unfiltered	31083_1_1_1	50.0	7.0	0.0	1.66
31084_1_1_1	31084_1_1_1	31084_1_1_1	3000308.0	3000308.0	0.0	moderate	31084_1_1_1	44.0	7.0	0.0	1.12
31086_1_1_1	31086_1_1_1	31086_1_1_1	3000084.0	3000084.0	0.0	moderate	31086_1_1_1	28.0	3.0	0.0	0.0
31092_1_1_1	31092_1_1_1	31092_1_1_1	3000095.0	3000095.0	0.0	moderate	31092_1_1_1	19.0	5.0	0.0	0.0
31093_1_1_1	31093_1_1_1	31093_1_1_1	3000095.0	3000095.0	0.0	moderate	31093_1_1_1	19.0	5.0	0.0	0.0
31097_1_1_1	31097_1_1_1	31097_1_1_1	2000199.043031039	2000199.043031039	0.0	tolerant	31097_1_1_1	67.0	3.0	1.9569689611	1.54
31103_1_1_1	31103_1_1_1	31103_1_1_1	4000686.0	4000686.0	0.0	strict	31103_1_1_1	98.0	7.0	0.0	1.16
31104_1_1_1	31085_1_1_1	31085_1_1_1	1000145.0	1000145.0	0.0	unfiltered	31085_1_1_1	29.0	5.0	0.0	1.7
31104_1_1_1	31104_1_1_1	31085_1_1_1	999810.8626130504	1000145.0	334.1373869496165	unfiltered	31104_1_1_1	22.0	1.0	211.1373869497	0.0
31107_1_1_1	31107_1_1_1	31107_1_1_1	4000504.0	4000504.0	0.0	strict	31107_1_1_1	84.0	6.0	0.0	0.56
31108_1_1_1	27519_1_1_1	27519_1_1_1	4000868.0	4000868.0	0.0	strict	27519_1_1_1	124.0	7.0	0.0	1.15
31108_1_1_1	31108_1_1_1	27519_1_1_1	4000854.0	4000868.0	14.0	strict	31108_1_1_1	122.0	7.0	0.0	1.76
31108_1_1_1	27518_1_1_1	27519_1_1_1	4000833.0	4000868.0	35.0	strict	27518_1_1_1	119.0	7.0	0.0	1.06
31108_1_1_1	52557_1_1_1	27519_1_1_1	4000819.0	4000868.0	49.0	strict	52557_1_1_1	117.0	7.0	0.0	1.65
31108_1_1_1	26936_1_1_1	27519_1_1_1	4000756.0	4000868.0	112.0	strict	26936_1_1_1	126.0	6.0	0.0	1.08
31108_1_1_1	26937_1_1_1	27519_1_1_1	4000756.0	4000868.0	112.0	strict	26937_1_1_1	126.0	6.0	0.0	0.88
31108_1_1_1	31020_1_1_1	27519_1_1_1	4000678.0	4000868.0	190.0	strict	31020_1_1_1	113.0	6.0	0.0	1.63
31108_1_1_1	50808_1_1_1	27519_1_1_1	3000882.0	4000868.0	999986.0	moderate	50808_1_1_1	126.0	7.0	0.0	1.2
31108_1_1_1	16305_1_1_1	27519_1_1_1	3000875.0	4000868.0	999993.0	moderate	16305_1_1_1	125.0	7.0	0.0	0.89
31108_1_1_1	18837_1_1_1	27519_1_1_1	3000840.0	4000868.0	1000028.0	moderate	18837_1_1_1	120.0	7.0	0.0	2.06
31108_1_1_1	4969_1_1_1	27519_1_1_1	3000783.8705148273	4000868.0	1000084.1294851727	moderate	4969_1_1_1	131.0	6.0	2.1294851728	1.66
31108_1_1_1	16586_1_1_1	27519_1_1_1	3000408.0	4000868.0	1000460.0	moderate	16586_1_1_1	102.0	4.0	0.0	1.67
31108_1_1_1	4628_1_1_1	27519_1_1_1	3000339.0	4000868.0	1000529.0	moderate	4628_1_1_1	113.0	3.0	0.0	0.0
31108_1_1_1	50414_1_1_1	27519_1_1_1	2000300.0	4000868.0	2000568.0	tolerant	50414_1_1_1	100.0	3.0	0.0	1.44
31111_1_1_1	31111_1_1_1	31111_1_1_1	3000186.0	3000186.0	0.0	moderate	31111_1_1_1	31.0	6.0	0.0	0.32
31113_1_1_1	31113_1_1_1	31113_1_1_1	4000240.0	4000240.0	0.0	strict	31113_1_1_1	40.0	6.0	0.0	0.64
31120_1_1_1	31120_1_1_1	31120_1_1_1	4000234.0	4000234.0	0.0	strict	31120_1_1_1	39.0	6.0	0.0	0.22
31122_1_1_1	31122_1_1_1	31122_1_1_1	2000947.0677511871	2000947.0677511871	0.0	tolerant	31122_1_1_1	190.0	5.0	2.9322488127	1.4
31126_1_1_1	31126_1_1_1	31126_1_1_1	3000126.0	3000126.0	0.0	moderate	31126_1_1_1	21.0	6.0	0.0	0.0
31129_1_1_1	31128_1_1_1	31128_1_1_1	3000156.0	3000156.0	0.0	moderate	31128_1_1_1	26.0	6.0	0.0	0.0
31129_1_1_1	31129_1_1_1	31128_1_1_1	3000125.0	3000156.0	31.0	moderate	31129_1_1_1	25.0	5.0	0.0	0.0
31136_1_1_1	31136_1_1_1	31136_1_1_1	4000495.0	4000495.0	0.0	strict	31136_1_1_1	99.0	5.0	0.0	1.68
31137_1_1_1	31137_1_1_1	31137_1_1_1	4000490.0	4000490.0	0.0	strict	31137_1_1_1	98.0	5.0	0.0	0.81
31143_1_1_1	31142_1_1_1	31142_1_1_1	3000129.0	3000129.0	0.0	moderate	31142_1_1_1	43.0	3.0	0.0	0.0
31143_1_1_1	31141_1_1_1	31142_1_1_1	3000129.0	3000129.0	0.0	moderate	31141_1_1_1	43.0	3.0	0.0	0.0
31143_1_1_1	17547_1_1_1	31142_1_1_1	3000126.0	3000129.0	3.0	moderate	17547_1_1_1	42.0	3.0	0.0	0.0
31143_1_1_1	31143_1_1_1	31142_1_1_1	3000114.0	3000129.0	15.0	moderate	31143_1_1_1	38.0	3.0	0.0	0.0
31143_1_1_1	36040_1_1_1	31142_1_1_1	2000123.0	3000129.0	1000006.0	tolerant	36040_1_1_1	41.0	3.0	0.0	0.0
31143_1_1_1	36068_1_1_1	31142_1_1_1	2000114.0	3000129.0	1000015.0	tolerant	36068_1_1_1	38.0	3.0	0.0	0.0
31145_1_1_1	31145_1_1_1	31145_1_1_1	3000060.0	3000060.0	0.0	moderate	31145_1_1_1	20.0	3.0	0.0	0.0
31145_1_1_1	30851_1_1_1	31145_1_1_1	3000060.0	3000060.0	0.0	moderate	30851_1_1_1	20.0	3.0	0.0	0.0
31146_1_1_1	31146_1_1_1	31146_1_1_1	3000108.0	3000108.0	0.0	moderate	31146_1_1_1	18.0	6.0	0.0	0.0
31150_1_1_1	31150_1_1_1	31150_1_1_1	2000225.7886502868	2000225.7886502868	0.0	tolerant	31150_1_1_1	38.0	6.0	2.2113497132	2.15
31157_1_1_1	25634_1_1_1	25634_1_1_1	3000350.0	3000350.0	0.0	moderate	25634_1_1_1	50.0	7.0	0.0	0.65
31157_1_1_1	19623_1_1_1	25634_1_1_1	3000324.0	3000350.0	26.0	moderate	19623_1_1_1	54.0	6.0	0.0	0.35
31157_1_1_1	31157_1_1_1	25634_1_1_1	3000138.0	3000350.0	212.0	moderate	31157_1_1_1	46.0	3.0	0.0	0.0
31157_1_1_1	31158_1_1_1	25634_1_1_1	2000132.0	3000350.0	1000218.0	tolerant	31158_1_1_1	44.0	3.0	0.0	0.0
31157_1_1_1	31160_1_1_1	25634_1_1_1	2000132.0	3000350.0	1000218.0	tolerant	31160_1_1_1	44.0	3.0	0.0	0.0
31157_1_1_1	31161_1_1_1	25634_1_1_1	2000132.0	3000350.0	1000218.0	tolerant	31161_1_1_1	44.0	3.0	0.0	0.0
31157_1_1_1	31162_1_1_1	25634_1_1_1	2000129.0	3000350.0	1000221.0	tolerant	31162_1_1_1	43.0	3.0	0.0	0.0
31157_1_1_1	31163_1_1_1	25634_1_1_1	2000129.0	3000350.0	1000221.0	tolerant	31163_1_1_1	43.0	3.0	0.0	0.0
31157_1_1_1	50315_1_1_1	25634_1_1_1	1000051.0	3000350.0	2000299.0	unfiltered	50315_1_1_1	51.0	1.0	0.0	0.0
31167_1_1_1	31167_1_1_1	31167_1_1_1	2000120.0	2000120.0	0.0	tolerant	31167_1_1_1	40.0	3.0	0.0	1.85
31180_1_1_1	31180_1_1_1	31180_1_1_1	4000714.0	4000714.0	0.0	strict	31180_1_1_1	102.0	7.0	0.0	0.31
31184_1_1_1	31186_1_1_1	31186_1_1_1	4000534.0	4000534.0	0.0	strict	31186_1_1_1	89.0	6.0	0.0	0.23
31184_1_1_1	31185_1_1_1	31186_1_1_1	4000534.0	4000534.0	0.0	strict	31185_1_1_1	89.0	6.0	0.0	0.36
31184_1_1_1	31184_1_1_1	31186_1_1_1	4000528.0	4000534.0	6.0	strict	31184_1_1_1	88.0	6.0	0.0	0.23
31184_1_1_1	4232_2_1_1	31186_1_1_1	3000528.0	4000534.0	1000006.0	moderate	4232_2_1_1	88.0	6.0	0.0	11.32
31184_1_1_1	6861_1_1_1	31186_1_1_1	2000008.0	4000534.0	2000526.0	tolerant	6861_1_1_1	4.0	2.0	0.0	0.0
31198_1_1_1	31198_1_1_1	31198_1_1_1	1000124.0	1000124.0	0.0	unfiltered	31198_1_1_1	31.0	4.0	0.0	1.89
31205_1_1_1	31205_1_1_1	31205_1_1_1	4000420.0	4000420.0	0.0	strict	31205_1_1_1	60.0	7.0	0.0	0.37
31212_1_1_1	31212_1_1_1	31212_1_1_1	2000831.253791888	2000831.253791888	0.0	tolerant	31212_1_1_1	139.0	6.0	2.7462081122	0.72
31213_1_1_1	31213_1_1_1	31213_1_1_1	2000190.0	2000190.0	0.0	tolerant	31213_1_1_1	38.0	5.0	0.0	0.0
31214_1_1_1	31214_1_1_1	31214_1_1_1	3000190.0	3000190.0	0.0	moderate	31214_1_1_1	38.0	5.0	0.0	0.64
31214_1_1_1	36165_1_1_1	31214_1_1_1	2000297.4666445644	3000190.0	999892.5333554356	tolerant	36165_1_1_1	50.0	6.0	2.5333554357	0.33
31215_1_1_1	31215_1_1_1	31215_1_1_1	3000180.0	3000180.0	0.0	moderate	31215_1_1_1	36.0	5.0	0.0	1.69
31215_1_1_1	53276_1_1_1	31215_1_1_1	2000148.0	3000180.0	1000032.0	tolerant	53276_1_1_1	37.0	4.0	0.0	0.52
31215_1_1_1	53275_1_1_1	31215_1_1_1	2000114.0	3000180.0	1000066.0	tolerant	53275_1_1_1	38.0	3.0	0.0	0.0
31215_1_1_1	53270_1_1_1	31215_1_1_1	2000111.0	3000180.0	1000069.0	tolerant	53270_1_1_1	37.0	3.0	0.0	0.0
31215_1_1_1	53272_1_1_1	31215_1_1_1	2000111.0	3000180.0	1000069.0	tolerant	53272_1_1_1	37.0	3.0	0.0	0.0
31215_1_1_1	53273_1_1_1	31215_1_1_1	2000111.0	3000180.0	1000069.0	tolerant	53273_1_1_1	37.0	3.0	0.0	0.0
31215_1_1_1	53274_1_1_1	31215_1_1_1	2000111.0	3000180.0	1000069.0	tolerant	53274_1_1_1	37.0	3.0	0.0	0.0
31215_1_1_1	53277_1_1_1	31215_1_1_1	2000111.0	3000180.0	1000069.0	tolerant	53277_1_1_1	37.0	3.0	0.0	0.0
31215_1_1_1	53278_1_1_1	31215_1_1_1	2000109.1117273776	3000180.0	1000070.8882726224	tolerant	53278_1_1_1	37.0	3.0	1.8882726226	0.0
31215_1_1_1	53271_1_1_1	31215_1_1_1	2000074.0	3000180.0	1000106.0	tolerant	53271_1_1_1	37.0	2.0	0.0	0.0
31235_1_1_1	31235_1_1_1	31235_1_1_1	3000099.0	3000099.0	0.0	moderate	31235_1_1_1	33.0	3.0	0.0	0.0
31237_1_1_1	5859_1_1_1	5859_1_1_1	3000114.0	3000114.0	0.0	moderate	5859_1_1_1	19.0	6.0	0.0	0.0
31237_1_1_1	31236_1_1_1	5859_1_1_1	3000108.0	3000114.0	6.0	moderate	31236_1_1_1	18.0	6.0	0.0	0.0
31237_1_1_1	31237_1_1_1	5859_1_1_1	3000072.0	3000114.0	42.0	moderate	31237_1_1_1	18.0	4.0	0.0	0.0
31237_1_1_1	21000_1_1_1	5859_1_1_1	3000057.0	3000114.0	57.0	moderate	21000_1_1_1	19.0	3.0	0.0	0.0
31237_1_1_1	19865_1_1_1	5859_1_1_1	3000057.0	3000114.0	57.0	moderate	19865_1_1_1	19.0	3.0	0.0	0.0
321_1_1_1	321_1_1_1	321_1_1_1	3000099.0	3000099.0	0.0	moderate	321_1_1_1	33.0	3.0	0.0	0.0
3322_1_1_1	3322_1_1_1	3322_1_1_1	3000200.0	3000200.0	0.0	moderate	3322_1_1_1	50.0	4.0	0.0	0.0
34000_1_1_1	15654_1_1_1	15654_1_1_1	3000467.7349223015	3000467.7349223015	0.0	moderate	15654_1_1_1	67.0	7.0	1.2650776984	0.39
34000_1_1_1	34000_1_1_1	15654_1_1_1	3000390.0	3000467.7349223015	77.73492230148986	moderate	34000_1_1_1	65.0	6.0	0.0	0.27
34000_1_1_1	4069_1_1_1	15654_1_1_1	3000321.5775154866	3000467.7349223015	146.15740681486204	moderate	4069_1_1_1	81.0	4.0	2.4224845136	0.0
34000_1_1_1	34408_1_1_1	15654_1_1_1	2000412.628881535	3000467.7349223015	1000055.1060407665	tolerant	34408_1_1_1	69.0	6.0	1.371118465	0.11
34000_1_1_1	34002_1_1_1	15654_1_1_1	2000402.0	3000467.7349223015	1000065.7349223015	tolerant	34002_1_1_1	67.0	6.0	0.0	0.25
34000_1_1_1	34001_1_1_1	15654_1_1_1	2000332.2662165929	3000467.7349223015	1000135.4687057086	tolerant	34001_1_1_1	67.0	5.0	2.7337834073	0.61
34000_1_1_1	4278_1_1_1	15654_1_1_1	2000318.3816444443	3000467.7349223015	1000149.3532778572	tolerant	4278_1_1_1	80.0	4.0	1.6183555557	0.0
34000_1_1_1	4832_1_1_1	15654_1_1_1	1000165.0	3000467.7349223015	2000302.7349223015	unfiltered	4832_1_1_1	55.0	3.0	0.0	0.0
34004_1_1_1	34004_1_1_1	34004_1_1_1	3000525.0	3000525.0	0.0	moderate	34004_1_1_1	75.0	7.0	0.0	1.18
34004_1_1_1	27243_1_1_1	34004_1_1_1	2000402.19247238	3000525.0	1000122.8075276201	tolerant	27243_1_1_1	81.0	5.0	2.8075276199	1.52
34004_1_1_1	28064_1_1_1	34004_1_1_1	2000252.389912937	3000525.0	1000272.6100870629	tolerant	28064_1_1_1	85.0	3.0	2.6100870629	1.13
34005_1_1_1	34005_1_1_1	34005_1_1_1	3000599.372740293	3000599.372740293	0.0	moderate	34005_1_1_1	86.0	7.0	2.6272597072	1.5
34005_1_1_1	30042_1_1_1	34005_1_1_1	3000519.165074083	3000599.372740293	80.20766620989889	moderate	30042_1_1_1	87.0	6.0	2.8349259169	1.7
34006_1_1_1	34006_1_1_1	34006_1_1_1	3000210.0	3000210.0	0.0	moderate	34006_1_1_1	35.0	6.0	0.0	0.67
34008_1_1_1	34008_1_1_1	34008_1_1_1	2000258.0	2000258.0	0.0	tolerant	34008_1_1_1	43.0	6.0	0.0	0.0
34011_1_1_1	34011_1_1_1	34011_1_1_1	4000165.0	4000165.0	0.0	strict	34011_1_1_1	33.0	5.0	0.0	1.03
34013_1_1_1	34013_1_1_1	34013_1_1_1	2000587.242329061	2000587.242329061	0.0	tolerant	34013_1_1_1	118.0	5.0	2.757670939	1.28
34014_1_1_1	34014_1_1_1	34014_1_1_1	3000270.0	3000270.0	0.0	moderate	34014_1_1_1	45.0	6.0	0.0	0.13
34018_1_1_1	34018_1_1_1	34018_1_1_1	3000676.8488250123	3000676.8488250123	0.0	moderate	34018_1_1_1	97.0	7.0	2.1511749878	0.63
34022_1_1_1	26552_1_1_1	26552_1_1_1	4001085.0	4001085.0	0.0	strict	26552_1_1_1	155.0	7.0	0.0	1.31
34022_1_1_1	34022_1_1_1	26552_1_1_1	4001078.0	4001085.0	7.0	strict	34022_1_1_1	154.0	7.0	0.0	1.31
34024_1_1_1	34024_1_1_1	34024_1_1_1	3000455.0	3000455.0	0.0	moderate	34024_1_1_1	65.0	7.0	0.0	0.17
34031_1_1_1	34031_1_1_1	34031_1_1_1	2000204.0	2000204.0	0.0	tolerant	34031_1_1_1	34.0	6.0	0.0	0.0
34031_1_1_1	34295_1_1_1	34031_1_1_1	2000204.0	2000204.0	0.0	tolerant	34295_1_1_1	34.0	6.0	0.0	0.0
34031_1_1_1	34033_1_1_1	34031_1_1_1	2000186.0	2000204.0	18.0	tolerant	34033_1_1_1	31.0	6.0	0.0	0.0
34031_1_1_1	31050_1_1_1	34031_1_1_1	2000066.0	2000204.0	138.0	tolerant	31050_1_1_1	33.0	2.0	0.0	0.0
34031_1_1_1	31052_1_1_1	34031_1_1_1	2000066.0	2000204.0	138.0	tolerant	31052_1_1_1	33.0	2.0	0.0	0.0
34031_1_1_1	31053_1_1_1	34031_1_1_1	2000066.0	2000204.0	138.0	tolerant	31053_1_1_1	33.0	2.0	0.0	0.0
34031_1_1_1	31071_1_1_1	34031_1_1_1	2000066.0	2000204.0	138.0	tolerant	31071_1_1_1	33.0	2.0	0.0	0.0
34031_1_1_1	31051_1_1_1	34031_1_1_1	2000064.0	2000204.0	140.0	tolerant	31051_1_1_1	32.0	2.0	0.0	0.0
34037_1_1_1	34037_1_1_1	34037_1_1_1	4000810.2870478034	4000810.2870478034	0.0	strict	34037_1_1_1	116.0	7.0	1.7129521964	0.74
34037_1_1_1	34515_1_2_1	34037_1_1_1	3000690.0	4000810.2870478034	1000120.2870478034	moderate	34515_1_2_1	115.0	6.0	0.0	0.61
34042_1_1_1	34042_1_1_1	34042_1_1_1	3001008.0	3001008.0	0.0	moderate	34042_1_1_1	144.0	7.0	0.0	1.87
34047_1_1_1	34047_1_1_1	34047_1_1_1	4000511.0	4000511.0	0.0	strict	34047_1_1_1	73.0	7.0	0.0	0.69
34048_1_1_1	34048_1_1_1	34048_1_1_1	2000336.0	2000336.0	0.0	tolerant	34048_1_1_1	84.0	4.0	0.0	2.35
34049_1_1_1	34049_1_1_1	34049_1_1_1	4000480.0	4000480.0	0.0	strict	34049_1_1_1	96.0	5.0	0.0	0.41
34050_1_1_1	34050_1_1_1	34050_1_1_1	4000696.0	4000696.0	0.0	strict	34050_1_1_1	174.0	4.0	0.0	0.0
34052_1_1_1	34052_1_1_1	34052_1_1_1	2000700.05387885	2000700.05387885	0.0	tolerant	34052_1_1_1	117.0	6.0	1.94612115	1.38
34055_1_1_1	34055_1_1_1	34055_1_1_1	3000277.3801788427	3000277.3801788427	0.0	moderate	34055_1_1_1	70.0	4.0	2.6198211573	0.0
34059_1_1_1	17430_1_2_1	17430_1_2_1	3000133.0	3000133.0	0.0	moderate	17430_1_2_1	19.0	7.0	0.0	0.0
34059_1_1_1	34059_1_1_1	17430_1_2_1	3000114.0	3000133.0	19.0	moderate	34059_1_1_1	19.0	6.0	0.0	0.0
34059_1_1_1	15359_1_1_1	17430_1_2_1	2000057.0	3000133.0	1000076.0	tolerant	15359_1_1_1	19.0	3.0	0.0	0.0
34068_1_1_1	34068_1_1_1	34068_1_1_1	4000434.0	4000434.0	0.0	strict	34068_1_1_1	62.0	7.0	0.0	0.2
34073_1_1_1	34073_1_1_1	34073_1_1_1	4000408.0	4000408.0	0.0	strict	34073_1_1_1	68.0	6.0	0.0	0.98
34073_1_1_1	50345_1_1_1	34073_1_1_1	2000114.0	4000408.0	2000294.0	tolerant	50345_1_1_1	57.0	2.0	0.0	0.0
34085_1_1_1	34085_1_1_1	34085_1_1_1	3000690.0084715383	3000690.0084715383	0.0	moderate	34085_1_1_1	99.0	7.0	2.9915284618	0.32
34089_1_1_1	34089_1_1_1	34089_1_1_1	4000502.0778445327	4000502.0778445327	0.0	strict	34089_1_1_1	72.0	7.0	1.9221554672	0.84
34089_1_1_1	51959_1_1_1	34089_1_1_1	2000304.0	4000502.0778445327	2000198.0778445327	tolerant	51959_1_1_1	76.0	4.0	0.0	0.0
34095_1_1_1	17475_1_1_1	17475_1_1_1	4000478.711900251	4000478.711900251	0.0	strict	17475_1_1_1	80.0	6.0	1.2880997486	0.12
34095_1_1_1	34095_1_1_1	17475_1_1_1	4000360.0	4000478.711900251	118.71190025098622	strict	34095_1_1_1	60.0	6.0	0.0	0.37
34095_1_1_1	6002_1_1_1	17475_1_1_1	3000504.0	4000478.711900251	999974.711900251	moderate	6002_1_1_1	72.0	7.0	0.0	0.96
34098_1_1_1	34098_1_1_1	34098_1_1_1	1000034.0	1000034.0	0.0	unfiltered	34098_1_1_1	34.0	1.0	0.0	0.0
34099_1_1_1	34099_1_1_1	34099_1_1_1	2000052.0	2000052.0	0.0	tolerant	34099_1_1_1	26.0	2.0	0.0	0.0
34101_1_1_1	34101_1_1_1	34101_1_1_1	4001510.210267816	4001510.210267816	0.0	strict	34101_1_1_1	216.0	7.0	1.7897321843	0.33
34106_1_1_1	34106_1_1_1	34106_1_1_1	4000553.0	4000553.0	0.0	strict	34106_1_1_1	79.0	7.0	0.0	1.05
34109_1_1_1	34109_1_1_1	34109_1_1_1	4000231.0	4000231.0	0.0	strict	34109_1_1_1	33.0	7.0	0.0	0.97
34110_1_1_1	34110_1_1_1	34110_1_1_1	2000615.0	2000615.0	0.0	tolerant	34110_1_1_1	123.0	5.0	0.0	0.29
34112_1_1_1	34112_1_1_1	34112_1_1_1	4000460.839996168	4000460.839996168	0.0	strict	34112_1_1_1	66.0	7.0	1.1600038314	0.25
34112_1_1_1	34477_1_1_1	34112_1_1_1	3000487.867047354	4000460.839996168	999972.9729488138	moderate	34477_1_1_1	70.0	7.0	2.132952646	0.78
34112_1_1_1	34490_1_1_1	34112_1_1_1	3000480.4371657064	4000460.839996168	999980.4028304615	moderate	34490_1_1_1	69.0	7.0	2.5628342934	0.3
34113_1_1_1	34113_1_1_1	34113_1_1_1	3000336.0	3000336.0	0.0	moderate	34113_1_1_1	48.0	7.0	0.0	1.36
34113_1_1_1	30854_1_1_1	34113_1_1_1	3000336.0	3000336.0	0.0	moderate	30854_1_1_1	48.0	7.0	0.0	0.76
34114_1_1_1	34114_1_1_1	34114_1_1_1	1000186.0	1000186.0	0.0	unfiltered	34114_1_1_1	31.0	6.0	0.0	0.0
34115_1_1_1	34115_1_1_1	34115_1_1_1	3001078.0	3001078.0	0.0	moderate	34115_1_1_1	154.0	7.0	0.0	0.39
34116_1_1_1	34116_1_1_1	34116_1_1_1	2000136.0	2000136.0	0.0	tolerant	34116_1_1_1	68.0	2.0	0.0	0.0
34120_1_1_1	34120_1_1_1	34120_1_1_1	3000413.0	3000413.0	0.0	moderate	34120_1_1_1	59.0	7.0	0.0	1.21
34122_1_2_1	34122_1_2_1	34122_1_2_1	1000456.9991173692	1000456.9991173692	0.0	unfiltered	34122_1_2_1	67.0	7.0	12.0008826307	1.6
34123_1_1_1	34123_1_1_1	34123_1_1_1	4000372.0	4000372.0	0.0	strict	34123_1_1_1	62.0	6.0	0.0	0.4
34124_1_1_1	34124_1_1_1	34124_1_1_1	4000480.0	4000480.0	0.0	strict	34124_1_1_1	80.0	6.0	0.0	0.31
34127_1_1_1	34126_1_1_1	34126_1_1_1	2000552.251417718	2000552.251417718	0.0	tolerant	34126_1_1_1	111.0	5.0	2.748582282	0.71
34127_1_1_1	34127_1_1_1	34126_1_1_1	2000442.2362820448	2000552.251417718	110.01513567310758	tolerant	34127_1_1_1	111.0	4.0	1.7637179554	1.06
34133_1_1_1	34133_1_1_1	34133_1_1_1	3000192.0	3000192.0	0.0	moderate	34133_1_1_1	32.0	6.0	0.0	0.46
34133_1_1_1	34132_1_1_1	34133_1_1_1	3000192.0	3000192.0	0.0	moderate	34132_1_1_1	32.0	6.0	0.0	0.76
34139_1_1_1	34139_1_1_1	34139_1_1_1	4000721.0	4000721.0	0.0	strict	34139_1_1_1	103.0	7.0	0.0	1.55
34139_1_1_1	19752_1_1_1	34139_1_1_1	2000765.6468031332	4000721.0	1999955.3531968668	tolerant	19752_1_1_1	128.0	6.0	2.3531968668	1.68
34140_1_1_1	34140_1_1_1	34140_1_1_1	4001050.0	4001050.0	0.0	strict	34140_1_1_1	175.0	6.0	0.0	0.52
34140_1_1_1	19232_1_1_1	34140_1_1_1	3000369.0	4001050.0	1000681.0	moderate	19232_1_1_1	123.0	3.0	0.0	0.0
34141_1_1_1	34143_1_1_1	34143_1_1_1	3000620.0009024227	3000620.0009024227	0.0	moderate	34143_1_1_1	89.0	7.0	2.9990975772	1.33
34141_1_1_1	34141_1_1_1	34143_1_1_1	3000543.228727219	3000620.0009024227	76.77217520354316	moderate	34141_1_1_1	78.0	7.0	2.771272781	1.06
34142_1_1_1	34142_1_1_1	34142_1_1_1	2000537.0414007304	2000537.0414007304	0.0	tolerant	34142_1_1_1	90.0	6.0	2.9585992696	1.26
34144_1_1_1	34144_1_1_1	34144_1_1_1	4000630.0	4000630.0	0.0	strict	34144_1_1_1	90.0	7.0	0.0	1.19
34146_1_1_1	34146_1_1_1	34146_1_1_1	2000502.0901500336	2000502.0901500336	0.0	tolerant	34146_1_1_1	84.0	6.0	1.9098499666	0.4
34151_1_1_1	34151_1_1_1	34151_1_1_1	4000413.0	4000413.0	0.0	strict	34151_1_1_1	59.0	7.0	0.0	0.6
34151_1_1_1	27302_1_1_1	34151_1_1_1	3000335.0	4000413.0	1000078.0	moderate	27302_1_1_1	67.0	5.0	0.0	0.6
34155_1_1_1	34155_1_1_1	34155_1_1_1	4000938.0	4000938.0	0.0	strict	34155_1_1_1	134.0	7.0	0.0	0.52
34163_1_1_1	34163_1_1_1	34163_1_1_1	4000385.0	4000385.0	0.0	strict	34163_1_1_1	77.0	5.0	0.0	0.34
34169_1_1_1	34169_1_1_1	34169_1_1_1	3000756.0	3000756.0	0.0	moderate	34169_1_1_1	108.0	7.0	0.0	1.77
34173_1_1_1	34173_1_1_1	34173_1_1_1	2000523.0978422945	2000523.0978422945	0.0	tolerant	34173_1_1_1	105.0	5.0	1.9021577058	2.08
34176_1_1_1	34176_1_1_1	34176_1_1_1	3000655.7303937636	3000655.7303937636	0.0	moderate	34176_1_1_1	94.0	7.0	2.2696062366	1.51
34178_1_1_1	34178_1_1_1	34178_1_1_1	3000343.0	3000343.0	0.0	moderate	34178_1_1_1	49.0	7.0	0.0	1.66
34179_1_1_1	34181_1_1_1	34181_1_1_1	2000891.759341164	2000891.759341164	0.0	tolerant	34181_1_1_1	149.0	6.0	2.2406588363	1.28
34179_1_1_1	34180_1_1_1	34181_1_1_1	2000807.7460608513	2000891.759341164	84.01328031276353	tolerant	34180_1_1_1	135.0	6.0	2.2539391487	1.37
34179_1_1_1	34179_1_1_1	34181_1_1_1	2000801.4722922423	2000891.759341164	90.28704892168753	tolerant	34179_1_1_1	134.0	6.0	2.5277077574	1.06
34179_1_1_1	34475_1_1_1	34181_1_1_1	2000747.470819841	2000891.759341164	144.28852132312022	tolerant	34475_1_1_1	125.0	6.0	2.529180159	1.15
34182_1_1_1	34182_1_1_1	34182_1_1_1	3001425.27277126	3001425.27277126	0.0	moderate	34182_1_1_1	204.0	7.0	2.7272287399	1.28
34183_1_1_1	34183_1_1_1	34183_1_1_1	2000162.0	2000162.0	0.0	tolerant	34183_1_1_1	27.0	6.0	0.0	0.0
34184_1_1_1	34184_1_1_1	34184_1_1_1	2000753.045831906	2000753.045831906	0.0	tolerant	34184_1_1_1	126.0	6.0	2.9541680941	0.77
34185_1_1_1	34185_1_1_1	34185_1_1_1	2000748.1104065632	2000748.1104065632	0.0	tolerant	34185_1_1_1	125.0	6.0	1.8895934365	1.18
34191_1_1_1	34191_1_1_1	34191_1_1_1	3000474.8955922066	3000474.8955922066	0.0	moderate	34191_1_1_1	68.0	7.0	1.1044077934	0.78
34191_1_1_1	18371_1_1_1	34191_1_1_1	3000328.6950011775	3000474.8955922066	146.20059102913365	moderate	18371_1_1_1	66.0	5.0	1.3049988224	2.75
34194_1_1_1	34193_1_1_1	34193_1_1_1	3000427.0	3000427.0	0.0	moderate	34193_1_1_1	61.0	7.0	0.0	0.56
34194_1_1_1	34194_1_1_1	34193_1_1_1	3000420.0	3000427.0	7.0	moderate	34194_1_1_1	60.0	7.0	0.0	3.82
34194_1_1_1	34195_1_1_1	34193_1_1_1	2000363.0959947724	3000427.0	1000063.9040052276	tolerant	34195_1_1_1	61.0	6.0	2.9040052275	1.2
34196_1_1_1	34196_1_1_1	34196_1_1_1	2000175.5808344737	2000175.5808344737	0.0	tolerant	34196_1_1_1	89.0	2.0	2.4191655262	1.11
34200_1_1_1	34200_1_1_1	34200_1_1_1	2000795.7851184628	2000795.7851184628	0.0	tolerant	34200_1_1_1	133.0	6.0	2.2148815373	0.26
34202_1_1_1	34202_1_1_1	34202_1_1_1	4000812.0	4000812.0	0.0	strict	34202_1_1_1	116.0	7.0	0.0	1.47
34202_1_1_1	34216_1_1_1	34202_1_1_1	4000812.0	4000812.0	0.0	strict	34216_1_1_1	116.0	7.0	0.0	1.77
34213_1_1_1	34213_1_1_1	34213_1_1_1	2000069.0	2000069.0	0.0	tolerant	34213_1_1_1	23.0	3.0	0.0	0.0
34213_1_1_1	34138_1_1_1	34213_1_1_1	1000069.7097013012	2000069.0	999999.2902986988	unfiltered	34138_1_1_1	25.0	3.0	5.2902986987	0.0
34218_1_1_1	34218_1_1_1	34218_1_1_1	4001085.0	4001085.0	0.0	strict	34218_1_1_1	155.0	7.0	0.0	1.01
34220_1_1_1	34220_1_1_1	34220_1_1_1	3000501.3645324153	3000501.3645324153	0.0	moderate	34220_1_1_1	84.0	6.0	2.6354675848	1.61
34229_1_1_1	34229_1_1_1	34229_1_1_1	4000588.0	4000588.0	0.0	strict	34229_1_1_1	84.0	7.0	0.0	0.69
34235_1_1_1	34235_1_1_1	34235_1_1_1	4000679.0	4000679.0	0.0	strict	34235_1_1_1	97.0	7.0	0.0	0.82
34237_1_1_1	34237_1_1_1	34237_1_1_1	1000081.386319522	1000081.386319522	0.0	unfiltered	34237_1_1_1	29.0	3.0	5.6136804781	0.0
34238_1_1_1	34238_1_1_1	34238_1_1_1	2000111.0	2000111.0	0.0	tolerant	34238_1_1_1	37.0	3.0	0.0	0.0
34239_1_1_1	34239_1_1_1	34239_1_1_1	3000276.0	3000276.0	0.0	moderate	34239_1_1_1	46.0	6.0	0.0	0.36
34243_1_1_1	34243_1_1_1	34243_1_1_1	4000581.0	4000581.0	0.0	strict	34243_1_1_1	83.0	7.0	0.0	2.01
34246_1_1_1	34246_1_1_1	34246_1_1_1	4000672.0	4000672.0	0.0	strict	34246_1_1_1	96.0	7.0	0.0	1.92
34247_1_1_1	34247_1_1_1	34247_1_1_1	2000767.2216977067	2000767.2216977067	0.0	tolerant	34247_1_1_1	154.0	5.0	2.7783022932	0.18
34253_1_1_1	34253_1_1_1	34253_1_1_1	3000066.0	3000066.0	0.0	moderate	34253_1_1_1	22.0	3.0	0.0	0.0
34253_1_1_1	34250_1_1_1	34253_1_1_1	3000066.0	3000066.0	0.0	moderate	34250_1_1_1	22.0	3.0	0.0	0.0
34253_1_1_1	34388_1_1_1	34253_1_1_1	2000063.0	3000066.0	1000003.0	tolerant	34388_1_1_1	21.0	3.0	0.0	0.0
34256_1_1_1	34256_1_1_1	34256_1_1_1	4000910.0	4000910.0	0.0	strict	34256_1_1_1	130.0	7.0	0.0	0.57
34268_1_1_1	34268_1_1_1	34268_1_1_1	3000140.0	3000140.0	0.0	moderate	34268_1_1_1	35.0	4.0	0.0	0.0
34268_1_1_1	6924_1_1_1	34268_1_1_1	2000108.0	3000140.0	1000032.0	tolerant	6924_1_1_1	36.0	3.0	0.0	0.0
34270_1_1_1	34270_1_1_1	34270_1_1_1	3000110.3719291957	3000110.3719291957	0.0	moderate	34270_1_1_1	28.0	4.0	1.6280708041	0.0
34270_1_1_1	34271_1_1_1	34270_1_1_1	2000084.0	3000110.3719291957	1000026.3719291957	tolerant	34271_1_1_1	28.0	3.0	0.0	0.0
34278_1_1_1	34278_1_1_1	34278_1_1_1	3000150.0	3000150.0	0.0	moderate	34278_1_1_1	25.0	6.0	0.0	0.0
34279_1_1_1	34279_1_1_1	34279_1_1_1	3000144.0	3000144.0	0.0	moderate	34279_1_1_1	24.0	6.0	0.0	0.0
34285_1_1_1	34285_1_1_1	34285_1_1_1	3001085.0	3001085.0	0.0	moderate	34285_1_1_1	155.0	7.0	0.0	0.48
34286_1_1_1	34286_1_1_1	34286_1_1_1	3000567.0	3000567.0	0.0	moderate	34286_1_1_1	81.0	7.0	0.0	0.41
34286_1_1_1	34175_1_1_1	34286_1_1_1	3000532.0	3000567.0	35.0	moderate	34175_1_1_1	76.0	7.0	0.0	0.4
34292_1_1_1	34292_1_1_1	34292_1_1_1	3000342.0	3000342.0	0.0	moderate	34292_1_1_1	57.0	6.0	0.0	0.43
34294_1_1_1	34294_1_1_1	34294_1_1_1	3000830.5355701386	3000830.5355701386	0.0	moderate	34294_1_1_1	119.0	7.0	2.4644298615	1.03
34294_1_1_1	25828_1_1_1	34294_1_1_1	2000518.201204151	3000830.5355701386	1000312.3343659877	tolerant	25828_1_1_1	104.0	5.0	1.7987958492	2.66
34294_1_1_1	27555_1_1_1	34294_1_1_1	1000330.0	3000830.5355701386	2000500.5355701386	unfiltered	27555_1_1_1	66.0	5.0	0.0	2.15
34298_1_1_1	34298_1_1_1	34298_1_1_1	4000395.183294728	4000395.183294728	0.0	strict	34298_1_1_1	66.0	6.0	0.8167052719	0.0
34300_1_1_1	34300_1_1_1	34300_1_1_1	4001281.0	4001281.0	0.0	strict	34300_1_1_1	183.0	7.0	0.0	0.39
34304_1_1_1	34304_1_1_1	34304_1_1_1	2000420.0	2000420.0	0.0	tolerant	34304_1_1_1	60.0	7.0	0.0	0.27
34309_1_1_1	34309_1_1_1	34309_1_1_1	3000138.0	3000138.0	0.0	moderate	34309_1_1_1	23.0	6.0	0.0	0.0
34309_1_1_1	15025_1_1_1	34309_1_1_1	3000069.0	3000138.0	69.0	moderate	15025_1_1_1	23.0	3.0	0.0	0.0
34322_1_1_1	34322_1_1_1	34322_1_1_1	4000125.0	4000125.0	0.0	strict	34322_1_1_1	25.0	5.0	0.0	0.0
34322_1_1_1	34639_1_1_1	34322_1_1_1	3000075.0	4000125.0	1000050.0	moderate	34639_1_1_1	25.0	3.0	0.0	0.0
34322_1_1_1	19658_1_1_1	34322_1_1_1	1000064.2013705894	4000125.0	3000060.7986294106	unfiltered	19658_1_1_1	25.0	3.0	10.7986294106	0.0
34325_1_1_1	34325_1_1_1	34325_1_1_1	4000777.0	4000777.0	0.0	strict	34325_1_1_1	111.0	7.0	0.0	1.63
34326_1_1_1	34326_1_1_1	34326_1_1_1	3001796.0831546416	3001796.0831546416	0.0	moderate	34326_1_1_1	257.0	7.0	2.9168453584	1.13
34329_1_1_1	34329_1_1_1	34329_1_1_1	4000861.0	4000861.0	0.0	strict	34329_1_1_1	123.0	7.0	0.0	2.84
34334_1_1_1	34334_1_1_1	34334_1_1_1	4000406.0	4000406.0	0.0	strict	34334_1_1_1	58.0	7.0	0.0	0.49
34335_1_1_1	34335_1_1_1	34335_1_1_1	4000182.0	4000182.0	0.0	strict	34335_1_1_1	26.0	7.0	0.0	0.0
34336_1_1_1	34336_1_1_1	34336_1_1_1	3001287.222741058	3001287.222741058	0.0	moderate	34336_1_1_1	215.0	6.0	2.777258942	1.07
34341_1_1_1	34341_1_1_1	34341_1_1_1	3000798.0	3000798.0	0.0	moderate	34341_1_1_1	114.0	7.0	0.0	1.59
34344_1_1_1	34344_1_1_1	34344_1_1_1	4000693.0	4000693.0	0.0	strict	34344_1_1_1	99.0	7.0	0.0	0.66
34345_1_1_1	34345_1_1_1	34345_1_1_1	3000288.0	3000288.0	0.0	moderate	34345_1_1_1	48.0	6.0	0.0	2.71
34348_1_1_1	34348_1_1_1	34348_1_1_1	3000228.0	3000228.0	0.0	moderate	34348_1_1_1	38.0	6.0	0.0	2.55
34349_1_1_1	34349_1_1_1	34349_1_1_1	3000240.0	3000240.0	0.0	moderate	34349_1_1_1	40.0	6.0	0.0	2.86
34350_1_1_1	34350_1_1_1	34350_1_1_1	3000320.0	3000320.0	0.0	moderate	34350_1_1_1	80.0	4.0	0.0	0.0
34352_1_1_1	34352_1_1_1	34352_1_1_1	4001001.0	4001001.0	0.0	strict	34352_1_1_1	143.0	7.0	0.0	0.84
34354_1_1_1	34354_1_1_1	34354_1_1_1	2000228.0	2000228.0	0.0	tolerant	34354_1_1_1	38.0	6.0	0.0	0.59
34358_1_1_1	16831_1_1_1	16831_1_1_1	4000357.0	4000357.0	0.0	strict	16831_1_1_1	51.0	7.0	0.0	2.09
34358_1_1_1	34358_1_1_1	16831_1_1_1	4000188.0	4000357.0	169.0	strict	34358_1_1_1	47.0	4.0	0.0	0.0
34358_1_1_1	34359_1_1_1	16831_1_1_1	4000188.0	4000357.0	169.0	strict	34359_1_1_1	47.0	4.0	0.0	0.0
34361_1_1_1	34361_1_1_1	34361_1_1_1	4000720.0	4000720.0	0.0	strict	34361_1_1_1	120.0	6.0	0.0	0.84
34365_1_1_1	34365_1_1_1	34365_1_1_1	3001232.0	3001232.0	0.0	moderate	34365_1_1_1	176.0	7.0	0.0	1.2
3436_1_1_1	3436_1_1_1	3436_1_1_1	3000090.0	3000090.0	0.0	moderate	3436_1_1_1	30.0	3.0	0.0	0.0
34376_1_1_1	34376_1_1_1	34376_1_1_1	2001095.0097753757	2001095.0097753757	0.0	tolerant	34376_1_1_1	183.0	6.0	2.9902246242	0.99
34381_1_1_1	34381_1_1_1	34381_1_1_1	2000046.0	2000046.0	0.0	tolerant	34381_1_1_1	23.0	2.0	0.0	2.46
34393_1_1_1	34393_1_1_1	34393_1_1_1	4000537.1676748777	4000537.1676748777	0.0	strict	34393_1_1_1	77.0	7.0	1.8323251225	0.18
34399_1_1_1	34399_1_1_1	34399_1_1_1	4000826.0	4000826.0	0.0	strict	34399_1_1_1	118.0	7.0	0.0	1.09
34405_1_1_1	34405_1_1_1	34405_1_1_1	3000066.0	3000066.0	0.0	moderate	34405_1_1_1	22.0	3.0	0.0	0.0
34405_1_1_1	34404_1_1_1	34405_1_1_1	3000060.0	3000066.0	6.0	moderate	34404_1_1_1	20.0	3.0	0.0	0.0
34405_1_1_1	34413_1_1_1	34405_1_1_1	2000046.0	3000066.0	1000020.0	tolerant	34413_1_1_1	23.0	2.0	0.0	0.0
34405_1_1_1	18418_1_1_1	34405_1_1_1	1000059.0696814068	3000066.0	2000006.930318593	unfiltered	18418_1_1_1	23.0	3.0	9.9303185933	0.0
34407_1_1_1	34407_1_1_1	34407_1_1_1	3000739.335751189	3000739.335751189	0.0	moderate	34407_1_1_1	106.0	7.0	2.6642488112	1.61
34407_1_1_1	6988_1_1_1	34407_1_1_1	3000714.0	3000739.335751189	25.335751188918948	moderate	6988_1_1_1	102.0	7.0	0.0	1.4
34407_1_1_1	52047_1_1_1	34407_1_1_1	3000697.754858032	3000739.335751189	41.58089315705001	moderate	52047_1_1_1	100.0	7.0	2.2451419681	1.31
3440_1_1_1	3440_1_1_1	3440_1_1_1	3000508.0	3000508.0	0.0	moderate	3440_1_1_1	127.0	4.0	0.0	0.0
3440_1_1_1	2950_1_1_1	3440_1_1_1	2000006.0	3000508.0	1000502.0	tolerant	2950_1_1_1	3.0	2.0	0.0	0.0
34412_1_1_1	34412_1_1_1	34412_1_1_1	3000066.0	3000066.0	0.0	moderate	34412_1_1_1	22.0	3.0	0.0	0.0
34416_1_1_1	34410_1_1_1	34410_1_1_1	3000072.0	3000072.0	0.0	moderate	34410_1_1_1	24.0	3.0	0.0	0.0
34416_1_1_1	34416_1_1_1	34410_1_1_1	3000066.0	3000072.0	6.0	moderate	34416_1_1_1	22.0	3.0	0.0	0.0
34416_1_1_1	34411_1_1_1	34410_1_1_1	3000054.0	3000072.0	18.0	moderate	34411_1_1_1	18.0	3.0	0.0	0.0
34417_1_1_1	34417_1_1_1	34417_1_1_1	3000156.0	3000156.0	0.0	moderate	34417_1_1_1	26.0	6.0	0.0	0.0
34418_1_1_1	6428_1_1_1	6428_1_1_1	3000114.0	3000114.0	0.0	moderate	6428_1_1_1	38.0	3.0	0.0	0.0
34418_1_1_1	34418_1_1_1	6428_1_1_1	3000096.0	3000114.0	18.0	moderate	34418_1_1_1	32.0	3.0	0.0	0.0
34418_1_1_1	4924_1_1_1	6428_1_1_1	2000105.0	3000114.0	1000009.0	tolerant	4924_1_1_1	35.0	3.0	0.0	0.0
34418_1_1_1	4191_1_1_1	6428_1_1_1	2000105.0	3000114.0	1000009.0	tolerant	4191_1_1_1	35.0	3.0	0.0	0.0
34419_1_1_1	34419_1_1_1	34419_1_1_1	3000447.1275288663	3000447.1275288663	0.0	moderate	34419_1_1_1	90.0	5.0	2.8724711335	0.25
34429_1_1_1	34429_1_1_1	34429_1_1_1	3000767.004300026	3000767.004300026	0.0	moderate	34429_1_1_1	110.0	7.0	2.9956999737	1.24
34437_1_1_1	34437_1_1_1	34437_1_1_1	3000329.0	3000329.0	0.0	moderate	34437_1_1_1	47.0	7.0	0.0	0.72
34439_1_1_1	34439_1_1_1	34439_1_1_1	3000497.0	3000497.0	0.0	moderate	34439_1_1_1	71.0	7.0	0.0	1.14
34442_1_1_1	34442_1_1_1	34442_1_1_1	4000588.0	4000588.0	0.0	strict	34442_1_1_1	84.0	7.0	0.0	0.3
34443_1_1_1	34443_1_1_1	34443_1_1_1	3000963.062482417	3000963.062482417	0.0	moderate	34443_1_1_1	138.0	7.0	2.9375175831	0.59
34446_1_1_1	34446_1_1_1	34446_1_1_1	3000299.1255577356	3000299.1255577356	0.0	moderate	34446_1_1_1	43.0	7.0	1.8744422646	1.31
34447_1_2_1	34447_1_2_1	34447_1_2_1	3000434.0	3000434.0	0.0	moderate	34447_1_2_1	62.0	7.0	0.0	0.58
34448_1_1_1	34448_1_1_1	34448_1_1_1	2000472.3930158976	2000472.3930158976	0.0	tolerant	34448_1_1_1	79.0	6.0	1.6069841024	0.41
34449_1_1_1	34449_1_1_1	34449_1_1_1	4000546.0	4000546.0	0.0	strict	34449_1_1_1	78.0	7.0	0.0	0.55
34450_1_1_1	34450_1_1_1	34450_1_1_1	2000387.270639552	2000387.270639552	0.0	tolerant	34450_1_1_1	65.0	6.0	2.7293604481	1.44
34451_1_1_1	34451_1_1_1	34451_1_1_1	2000653.001927561	2000653.001927561	0.0	tolerant	34451_1_1_1	109.0	6.0	0.9980724391	0.42
34452_1_1_1	34452_1_1_1	34452_1_1_1	3000819.0	3000819.0	0.0	moderate	34452_1_1_1	117.0	7.0	0.0	0.26
34453_1_1_1	30598_1_1_1	30598_1_1_1	4000448.0	4000448.0	0.0	strict	30598_1_1_1	64.0	7.0	0.0	2.73
34453_1_1_1	34453_1_1_1	30598_1_1_1	4000366.0	4000448.0	82.0	strict	34453_1_1_1	61.0	6.0	0.0	0.0
34453_1_1_1	34771_1_1_1	30598_1_1_1	3000441.0	4000448.0	1000007.0	moderate	34771_1_1_1	63.0	7.0	0.0	0.52
34453_1_1_1	4853_1_1_1	30598_1_1_1	3000198.0	4000448.0	1000250.0	moderate	4853_1_1_1	66.0	3.0	0.0	0.0
34453_1_1_1	17988_1_1_1	30598_1_1_1	3000192.0	4000448.0	1000256.0	moderate	17988_1_1_1	64.0	3.0	0.0	0.0
34453_1_1_1	7330_1_1_1	30598_1_1_1	3000186.0	4000448.0	1000262.0	moderate	7330_1_1_1	62.0	3.0	0.0	0.0
34453_1_1_1	2283_1_1_1	30598_1_1_1	3000183.0	4000448.0	1000265.0	moderate	2283_1_1_1	61.0	3.0	0.0	0.0
34453_1_1_1	34078_1_1_1	30598_1_1_1	2000384.0	4000448.0	2000064.0	tolerant	34078_1_1_1	64.0	6.0	0.0	0.0
34459_1_1_1	34459_1_1_1	34459_1_1_1	4000430.2299708542	4000430.2299708542	0.0	strict	34459_1_1_1	72.0	6.0	1.7700291451	0.93
34462_1_1_1	34462_1_1_1	34462_1_1_1	4000504.0	4000504.0	0.0	strict	34462_1_1_1	72.0	7.0	0.0	0.55
34463_1_1_1	34463_1_1_1	34463_1_1_1	4000618.0	4000618.0	0.0	strict	34463_1_1_1	103.0	6.0	0.0	0.2
34464_1_1_1	34464_1_1_1	34464_1_1_1	3000665.0	3000665.0	0.0	moderate	34464_1_1_1	95.0	7.0	0.0	1.14
34468_1_1_1	34468_1_1_1	34468_1_1_1	3000434.0	3000434.0	0.0	moderate	34468_1_1_1	62.0	7.0	0.0	0.6
34469_1_1_1	34469_1_1_1	34469_1_1_1	3000448.0	3000448.0	0.0	moderate	34469_1_1_1	64.0	7.0	0.0	0.86
34473_1_1_1	34473_1_1_1	34473_1_1_1	3000944.039882728	3000944.039882728	0.0	moderate	34473_1_1_1	135.0	7.0	0.9601172722	0.33
34480_1_1_1	34480_1_1_1	34480_1_1_1	3000753.370667818	3000753.370667818	0.0	moderate	34480_1_1_1	108.0	7.0	2.6293321819	0.27
34481_1_1_1	34481_1_1_1	34481_1_1_1	4000441.0	4000441.0	0.0	strict	34481_1_1_1	63.0	7.0	0.0	2.79
34485_1_1_1	34486_1_1_1	34486_1_1_1	3000240.0	3000240.0	0.0	moderate	34486_1_1_1	40.0	6.0	0.0	0.38
34485_1_1_1	34485_1_1_1	34486_1_1_1	3000228.0	3000240.0	12.0	moderate	34485_1_1_1	38.0	6.0	0.0	0.0
34488_1_1_1	34488_1_1_1	34488_1_1_1	3000679.0	3000679.0	0.0	moderate	34488_1_1_1	97.0	7.0	0.0	0.88
34489_1_1_1	34489_1_1_1	34489_1_1_1	3001064.0	3001064.0	0.0	moderate	34489_1_1_1	152.0	7.0	0.0	0.82
34492_1_1_1	34492_1_1_1	34492_1_1_1	3001159.627041125	3001159.627041125	0.0	moderate	34492_1_1_1	166.0	7.0	2.3729588746	0.67
34493_1_1_1	34493_1_1_1	34493_1_1_1	2000652.0	2000652.0	0.0	tolerant	34493_1_1_1	163.0	4.0	0.0	0.89
34498_1_1_1	34498_1_1_1	34498_1_1_1	2000543.425519848	2000543.425519848	0.0	tolerant	34498_1_1_1	91.0	6.0	2.5744801523	1.73
3449_1_1_1	3449_1_1_1	3449_1_1_1	3000096.0	3000096.0	0.0	moderate	3449_1_1_1	32.0	3.0	0.0	0.0
34500_1_1_1	34500_1_1_1	34500_1_1_1	2000360.0	2000360.0	0.0	tolerant	34500_1_1_1	60.0	6.0	0.0	1.83
34512_1_1_1	34512_1_1_1	34512_1_1_1	3000214.4667212567	3000214.4667212567	0.0	moderate	34512_1_1_1	31.0	7.0	2.5332787434	0.82
34514_1_1_1	34514_1_1_1	34514_1_1_1	2000412.922087308	2000412.922087308	0.0	tolerant	34514_1_1_1	83.0	5.0	2.0779126923	1.56
34519_1_1_1	34519_1_1_1	34519_1_1_1	3000413.0	3000413.0	0.0	moderate	34519_1_1_1	59.0	7.0	0.0	1.08
34520_1_1_1	34520_1_1_1	34520_1_1_1	3000427.0	3000427.0	0.0	moderate	34520_1_1_1	61.0	7.0	0.0	1.42
34522_1_1_1	34522_1_1_1	34522_1_1_1	3000812.0	3000812.0	0.0	moderate	34522_1_1_1	116.0	7.0	0.0	0.24
34532_1_1_1	34532_1_1_1	34532_1_1_1	3000574.0	3000574.0	0.0	moderate	34532_1_1_1	82.0	7.0	0.0	2.76
34535_1_1_1	34535_1_1_1	34535_1_1_1	3000546.0	3000546.0	0.0	moderate	34535_1_1_1	78.0	7.0	0.0	0.42
34536_1_1_1	34536_1_1_1	34536_1_1_1	3000607.4146162616	3000607.4146162616	0.0	moderate	34536_1_1_1	87.0	7.0	1.5853837385	0.21
34537_1_1_1	34537_1_1_1	34537_1_1_1	3000623.0	3000623.0	0.0	moderate	34537_1_1_1	89.0	7.0	0.0	0.93
34538_1_1_1	34538_1_1_1	34538_1_1_1	2000850.2658855724	2000850.2658855724	0.0	tolerant	34538_1_1_1	142.0	6.0	1.7341144277	0.36
34540_1_1_1	34540_1_1_1	34540_1_1_1	3000609.0	3000609.0	0.0	moderate	34540_1_1_1	87.0	7.0	0.0	0.34
34540_1_1_1	25493_1_1_1	34540_1_1_1	2000540.0	3000609.0	1000069.0	tolerant	25493_1_1_1	90.0	6.0	0.0	0.24
34541_1_1_1	34541_1_1_1	34541_1_1_1	3000705.172945889	3000705.172945889	0.0	moderate	34541_1_1_1	101.0	7.0	1.8270541108	0.8
34548_1_1_1	34548_1_1_1	34548_1_1_1	3000560.0	3000560.0	0.0	moderate	34548_1_1_1	80.0	7.0	0.0	3.19
34549_1_1_1	34549_1_1_1	34549_1_1_1	4001197.0	4001197.0	0.0	strict	34549_1_1_1	171.0	7.0	0.0	0.64
34550_1_1_1	34550_1_1_1	34550_1_1_1	4000896.0	4000896.0	0.0	strict	34550_1_1_1	128.0	7.0	0.0	0.75
34552_1_1_1	34552_1_1_1	34552_1_1_1	4001225.0	4001225.0	0.0	strict	34552_1_1_1	175.0	7.0	0.0	1.32
34555_1_1_1	34555_1_1_1	34555_1_1_1	4000474.0	4000474.0	0.0	strict	34555_1_1_1	79.0	6.0	0.0	2.49
34556_1_1_1	34556_1_1_1	34556_1_1_1	2000477.282435014	2000477.282435014	0.0	tolerant	34556_1_1_1	120.0	4.0	2.717564986	2.77
34557_1_1_1	34557_1_1_1	34557_1_1_1	3000508.326817614	3000508.326817614	0.0	moderate	34557_1_1_1	73.0	7.0	2.6731823858	0.2
34560_1_1_1	34560_1_1_1	34560_1_1_1	2000693.3172161172	2000693.3172161172	0.0	tolerant	34560_1_1_1	116.0	6.0	2.6827838828	0.49
34574_1_1_1	34574_1_1_1	34574_1_1_1	2000222.0	2000222.0	0.0	tolerant	34574_1_1_1	37.0	6.0	0.0	0.0
34575_1_1_1	34575_1_1_1	34575_1_1_1	2000795.6662435231	2000795.6662435231	0.0	tolerant	34575_1_1_1	133.0	6.0	2.3337564767	0.71
34576_1_1_1	34576_1_1_1	34576_1_1_1	2000116.0	2000116.0	0.0	tolerant	34576_1_1_1	29.0	4.0	0.0	0.41
34582_1_1_1	34582_1_1_1	34582_1_1_1	2000306.0	2000306.0	0.0	tolerant	34582_1_1_1	51.0	6.0	0.0	0.26
34585_1_1_1	34585_1_1_1	34585_1_1_1	3000973.0	3000973.0	0.0	moderate	34585_1_1_1	139.0	7.0	0.0	1.37
34586_1_1_1	34586_1_1_1	34586_1_1_1	4000868.0	4000868.0	0.0	strict	34586_1_1_1	124.0	7.0	0.0	0.54
34589_1_1_1	34589_1_1_1	34589_1_1_1	4001120.0	4001120.0	0.0	strict	34589_1_1_1	160.0	7.0	0.0	1.14
34598_1_1_1	34598_1_1_1	34598_1_1_1	3000501.6206009025	3000501.6206009025	0.0	moderate	34598_1_1_1	84.0	6.0	2.3793990977	0.78
34602_1_1_1	34602_1_1_1	34602_1_1_1	2000681.8884671049	2000681.8884671049	0.0	tolerant	34602_1_1_1	114.0	6.0	2.1115328951	0.43
34606_1_1_1	34606_1_1_1	34606_1_1_1	3000654.0	3000654.0	0.0	moderate	34606_1_1_1	109.0	6.0	0.0	0.67
34607_1_1_1	34607_1_1_1	34607_1_1_1	3000426.0	3000426.0	0.0	moderate	34607_1_1_1	71.0	6.0	0.0	2.53
34609_1_1_1	34609_1_1_1	34609_1_1_1	2000546.0	2000546.0	0.0	tolerant	34609_1_1_1	78.0	7.0	0.0	0.63
34610_1_1_1	34610_1_1_1	34610_1_1_1	4001097.272658832	4001097.272658832	0.0	strict	34610_1_1_1	157.0	7.0	1.7273411678	0.64
34613_1_1_1	34613_1_1_1	34613_1_1_1	4000812.0	4000812.0	0.0	strict	34613_1_1_1	116.0	7.0	0.0	0.51
34614_1_1_1	34044_1_1_1	34044_1_1_1	3000336.0	3000336.0	0.0	moderate	34044_1_1_1	48.0	7.0	0.0	0.45
34614_1_1_1	34614_1_1_1	34044_1_1_1	3000282.0	3000336.0	54.0	moderate	34614_1_1_1	47.0	6.0	0.0	0.66
34617_1_1_1	18735_1_1_1	18735_1_1_1	3000564.9689483503	3000564.9689483503	0.0	moderate	18735_1_1_1	81.0	7.0	2.0310516496	0.43
34617_1_1_1	16998_1_1_1	18735_1_1_1	3000477.733566654	3000564.9689483503	87.23538169637322	moderate	16998_1_1_1	80.0	6.0	2.2664333459	0.48
34617_1_1_1	34617_1_1_1	18735_1_1_1	3000453.0145296203	3000564.9689483503	111.95441872999072	moderate	34617_1_1_1	65.0	7.0	1.9854703799	0.12
34621_1_1_1	34621_1_1_1	34621_1_1_1	4000096.0	4000096.0	0.0	strict	34621_1_1_1	24.0	4.0	0.0	0.0
34627_1_1_1	34627_1_1_1	34627_1_1_1	2000777.2635660116	2000777.2635660116	0.0	tolerant	34627_1_1_1	130.0	6.0	2.7364339885	1.22
34630_1_1_1	34630_1_1_1	34630_1_1_1	4000637.0	4000637.0	0.0	strict	34630_1_1_1	91.0	7.0	0.0	1.63
34633_1_1_1	34633_1_1_1	34633_1_1_1	3000110.0	3000110.0	0.0	moderate	34633_1_1_1	22.0	5.0	0.0	0.0
34640_1_1_1	34640_1_1_1	34640_1_1_1	4000738.0	4000738.0	0.0	strict	34640_1_1_1	123.0	6.0	0.0	0.27
34642_1_1_1	34642_1_1_1	34642_1_1_1	2000552.78716363	2000552.78716363	0.0	tolerant	34642_1_1_1	111.0	5.0	2.21283637	0.67
34643_1_1_1	34643_1_1_1	34643_1_1_1	4000635.566058399	4000635.566058399	0.0	strict	34643_1_1_1	91.0	7.0	1.4339416007	0.94
34643_1_1_1	6631_1_1_1	34643_1_1_1	3000574.0	4000635.566058399	1000061.5660583992	moderate	6631_1_1_1	82.0	7.0	0.0	0.79
34646_1_1_1	34646_1_1_1	34646_1_1_1	3000180.0	3000180.0	0.0	moderate	34646_1_1_1	45.0	4.0	0.0	0.0
34646_1_1_1	50916_1_1_1	34646_1_1_1	2000132.0	3000180.0	1000048.0	tolerant	50916_1_1_1	44.0	3.0	0.0	2.57
34647_1_1_1	34647_1_1_1	34647_1_1_1	3000342.0	3000342.0	0.0	moderate	34647_1_1_1	57.0	6.0	0.0	0.0
34648_1_1_1	34648_1_1_1	34648_1_1_1	4000532.0	4000532.0	0.0	strict	34648_1_1_1	76.0	7.0	0.0	1.25
34649_1_1_1	34649_1_1_1	34649_1_1_1	3000087.0	3000087.0	0.0	moderate	34649_1_1_1	29.0	3.0	0.0	0.0
34650_1_1_1	34650_1_1_1	34650_1_1_1	2000100.0	2000100.0	0.0	tolerant	34650_1_1_1	20.0	5.0	0.0	0.0
34653_1_1_1	34653_1_1_1	34653_1_1_1	2000115.0	2000115.0	0.0	tolerant	34653_1_1_1	23.0	5.0	0.0	0.0
34653_1_1_1	34652_1_1_1	34653_1_1_1	2000115.0	2000115.0	0.0	tolerant	34652_1_1_1	23.0	5.0	0.0	0.0
34653_1_1_1	34651_1_1_1	34653_1_1_1	2000046.0	2000115.0	69.0	tolerant	34651_1_1_1	23.0	2.0	0.0	0.0
34656_1_1_1	34656_1_1_1	34656_1_1_1	4000203.0	4000203.0	0.0	strict	34656_1_1_1	29.0	7.0	0.0	0.66
34657_1_1_1	34657_1_1_1	34657_1_1_1	4000196.0	4000196.0	0.0	strict	34657_1_1_1	28.0	7.0	0.0	0.82
34663_1_1_1	34663_1_1_1	34663_1_1_1	2000473.3744389412	2000473.3744389412	0.0	tolerant	34663_1_1_1	95.0	5.0	1.6255610587	1.45
34666_1_1_1	34666_1_1_1	34666_1_1_1	2000325.414547389	2000325.414547389	0.0	tolerant	34666_1_1_1	82.0	4.0	2.5854526112	1.94
34667_1_1_1	34667_1_1_1	34667_1_1_1	3000282.0	3000282.0	0.0	moderate	34667_1_1_1	47.0	6.0	0.0	0.07
34668_1_1_1	34668_1_1_1	34668_1_1_1	3000859.1325639375	3000859.1325639375	0.0	moderate	34668_1_1_1	123.0	7.0	1.8674360624	0.62
34669_1_1_1	34669_1_1_1	34669_1_1_1	4000329.0	4000329.0	0.0	strict	34669_1_1_1	47.0	7.0	0.0	0.36
3466_1_1_1	3466_1_1_1	3466_1_1_1	3000225.3204570874	3000225.3204570874	0.0	moderate	3466_1_1_1	76.0	3.0	2.6795429127	0.0
34678_1_1_1	34678_1_1_1	34678_1_1_1	4000644.0	4000644.0	0.0	strict	34678_1_1_1	92.0	7.0	0.0	0.83
34680_1_1_1	34682_1_1_1	34682_1_1_1	3000198.0	3000198.0	0.0	moderate	34682_1_1_1	33.0	6.0	0.0	1.55
34680_1_1_1	34680_1_1_1	34682_1_1_1	3000165.0	3000198.0	33.0	moderate	34680_1_1_1	33.0	5.0	0.0	1.12
34680_1_1_1	34681_1_1_1	34682_1_1_1	3000165.0	3000198.0	33.0	moderate	34681_1_1_1	33.0	5.0	0.0	1.44
34680_1_1_1	34683_1_1_1	34682_1_1_1	3000165.0	3000198.0	33.0	moderate	34683_1_1_1	33.0	5.0	0.0	1.55
34686_1_1_1	34686_1_1_1	34686_1_1_1	4000265.0	4000265.0	0.0	strict	34686_1_1_1	53.0	5.0	0.0	1.95
34695_1_1_1	34695_1_1_1	34695_1_1_1	4000959.0	4000959.0	0.0	strict	34695_1_1_1	137.0	7.0	0.0	0.36
34695_1_1_1	16009_1_1_1	34695_1_1_1	3000945.0	4000959.0	1000014.0	moderate	16009_1_1_1	135.0	7.0	0.0	0.68
34695_1_1_1	19711_1_1_1	34695_1_1_1	3000924.0	4000959.0	1000035.0	moderate	19711_1_1_1	132.0	7.0	0.0	0.51
34695_1_1_1	26979_1_1_1	34695_1_1_1	3000705.0	4000959.0	1000254.0	moderate	26979_1_1_1	141.0	5.0	0.0	0.61
34695_1_1_1	26980_1_1_1	34695_1_1_1	3000705.0	4000959.0	1000254.0	moderate	26980_1_1_1	141.0	5.0	0.0	0.62
34695_1_1_1	26981_1_1_1	34695_1_1_1	3000705.0	4000959.0	1000254.0	moderate	26981_1_1_1	141.0	5.0	0.0	0.56
34695_1_1_1	26984_1_1_1	34695_1_1_1	3000695.0	4000959.0	1000264.0	moderate	26984_1_1_1	139.0	5.0	0.0	0.56
34696_1_1_1	34696_1_1_1	34696_1_1_1	4000342.0	4000342.0	0.0	strict	34696_1_1_1	57.0	6.0	0.0	0.68
34703_1_1_1	34703_1_1_1	34703_1_1_1	3000156.0	3000156.0	0.0	moderate	34703_1_1_1	26.0	6.0	0.0	0.0
34703_1_1_1	19124_1_1_1	34703_1_1_1	3000156.0	3000156.0	0.0	moderate	19124_1_1_1	26.0	6.0	0.0	0.0
34703_1_1_1	34027_1_1_1	34703_1_1_1	3000125.0	3000156.0	31.0	moderate	34027_1_1_1	25.0	5.0	0.0	0.0
34704_1_1_1	34704_1_1_1	34704_1_1_1	4000738.0	4000738.0	0.0	strict	34704_1_1_1	123.0	6.0	0.0	1.61
34706_1_1_1	34706_1_1_1	34706_1_1_1	3000129.626075943	3000129.626075943	0.0	moderate	34706_1_1_1	22.0	6.0	2.3739240572	0.0
34707_1_1_1	34707_1_1_1	34707_1_1_1	1000428.9724025516	1000428.9724025516	0.0	unfiltered	34707_1_1_1	218.0	2.0	7.0275974484	0.0
34708_1_1_1	34708_1_1_1	34708_1_1_1	2000660.0	2000660.0	0.0	tolerant	34708_1_1_1	110.0	6.0	0.0	0.52
34709_1_1_1	34709_1_1_1	34709_1_1_1	4000525.0	4000525.0	0.0	strict	34709_1_1_1	75.0	7.0	0.0	0.83
34710_1_1_1	34710_1_1_1	34710_1_1_1	3000156.0	3000156.0	0.0	moderate	34710_1_1_1	26.0	6.0	0.0	1.07
34710_1_1_1	34711_1_1_1	34710_1_1_1	3000156.0	3000156.0	0.0	moderate	34711_1_1_1	26.0	6.0	0.0	0.77
34710_1_1_1	34712_1_1_1	34710_1_1_1	3000156.0	3000156.0	0.0	moderate	34712_1_1_1	26.0	6.0	0.0	0.93
34710_1_1_1	34713_1_1_1	34710_1_1_1	3000156.0	3000156.0	0.0	moderate	34713_1_1_1	26.0	6.0	0.0	0.9
34717_1_1_1	34717_1_1_1	34717_1_1_1	2000932.5769289115	2000932.5769289115	0.0	tolerant	34717_1_1_1	187.0	5.0	2.4230710886	0.42
34718_1_1_1	34718_1_1_1	34718_1_1_1	2000161.0	2000161.0	0.0	tolerant	34718_1_1_1	23.0	7.0	0.0	0.0
34719_1_1_1	34719_1_1_1	34719_1_1_1	4000525.0	4000525.0	0.0	strict	34719_1_1_1	75.0	7.0	0.0	1.84
34724_1_1_1	34724_1_1_1	34724_1_1_1	4000676.060162578	4000676.060162578	0.0	strict	34724_1_1_1	113.0	6.0	1.9398374222	0.93
34729_1_1_1	34729_1_1_1	34729_1_1_1	3000406.0	3000406.0	0.0	moderate	34729_1_1_1	58.0	7.0	0.0	1.12
34730_1_1_1	34730_1_1_1	34730_1_1_1	3000606.7891999786	3000606.7891999786	0.0	moderate	34730_1_1_1	87.0	7.0	2.2108000214	1.62
34731_1_1_1	34731_1_1_1	34731_1_1_1	2000531.3644270175	2000531.3644270175	0.0	tolerant	34731_1_1_1	89.0	6.0	2.6355729823	2.09
34732_1_1_1	34732_1_1_1	34732_1_1_1	3000078.0	3000078.0	0.0	moderate	34732_1_1_1	26.0	3.0	0.0	0.0
34737_1_1_1	34737_1_1_1	34737_1_1_1	2000235.618207116	2000235.618207116	0.0	tolerant	34737_1_1_1	34.0	7.0	2.3817928841	1.08
34737_1_1_1	25595_1_1_1	34737_1_1_1	2000205.0	2000235.618207116	30.61820711591281	tolerant	25595_1_1_1	41.0	5.0	0.0	0.33
34738_1_1_1	34738_1_1_1	34738_1_1_1	3001314.1687058997	3001314.1687058997	0.0	moderate	34738_1_1_1	188.0	7.0	1.8312941003	0.52
34742_1_1_1	34742_1_1_1	34742_1_1_1	3000222.0	3000222.0	0.0	moderate	34742_1_1_1	37.0	6.0	0.0	0.0
34747_1_1_1	34573_1_1_1	34573_1_1_1	3000921.441291983	3000921.441291983	0.0	moderate	34573_1_1_1	132.0	7.0	2.5587080173	0.62
34747_1_1_1	34747_1_1_1	34573_1_1_1	3000746.503000149	3000921.441291983	174.938291833736	moderate	34747_1_1_1	107.0	7.0	2.4969998509	0.63
34747_1_1_1	6321_1_1_1	34573_1_1_1	3000588.0	3000921.441291983	333.4412919827737	moderate	6321_1_1_1	98.0	6.0	0.0	0.7
34750_1_1_1	34750_1_1_1	34750_1_1_1	3000336.0	3000336.0	0.0	moderate	34750_1_1_1	48.0	7.0	0.0	0.55
34751_1_1_1	34751_1_1_1	34751_1_1_1	3000336.0	3000336.0	0.0	moderate	34751_1_1_1	48.0	7.0	0.0	0.44
34752_1_1_1	34752_1_1_1	34752_1_1_1	4000288.0	4000288.0	0.0	strict	34752_1_1_1	48.0	6.0	0.0	0.6
34753_1_1_1	34753_1_1_1	34753_1_1_1	3000336.0	3000336.0	0.0	moderate	34753_1_1_1	48.0	7.0	0.0	0.58
34755_1_1_1	34755_1_1_1	34755_1_1_1	3000109.0689529236	3000109.0689529236	0.0	moderate	34755_1_1_1	22.0	5.0	0.9310470762	0.0
34756_1_1_1	34756_1_1_1	34756_1_1_1	3000108.0	3000108.0	0.0	moderate	34756_1_1_1	18.0	6.0	0.0	0.0
34760_1_1_1	34760_1_1_1	34760_1_1_1	3000518.0	3000518.0	0.0	moderate	34760_1_1_1	74.0	7.0	0.0	1.41
34761_1_1_1	34761_1_1_1	34761_1_1_1	4001099.0	4001099.0	0.0	strict	34761_1_1_1	157.0	7.0	0.0	0.36
34767_1_1_1	34346_1_1_1	34346_1_1_1	3000543.5984555376	3000543.5984555376	0.0	moderate	34346_1_1_1	91.0	6.0	2.4015444623	2.55
34767_1_1_1	34767_1_1_1	34346_1_1_1	3000492.0	3000543.5984555376	51.59845553757623	moderate	34767_1_1_1	82.0	6.0	0.0	2.75
34767_1_1_1	11022_1_1_1	34346_1_1_1	2000231.0	3000543.5984555376	1000312.5984555376	tolerant	11022_1_1_1	77.0	3.0	0.0	0.0
34775_1_1_1	34775_1_1_1	34775_1_1_1	3000240.0	3000240.0	0.0	moderate	34775_1_1_1	40.0	6.0	0.0	0.0
34776_1_1_1	34776_1_1_1	34776_1_1_1	3000318.0	3000318.0	0.0	moderate	34776_1_1_1	53.0	6.0	0.0	0.17
34779_1_1_1	34779_1_1_1	34779_1_1_1	3000532.0	3000532.0	0.0	moderate	34779_1_1_1	76.0	7.0	0.0	1.57
34782_1_1_1	34782_1_1_1	34782_1_1_1	3000348.0	3000348.0	0.0	moderate	34782_1_1_1	87.0	4.0	0.0	0.0
34797_1_1_1	34797_1_1_1	34797_1_1_1	2000090.0	2000090.0	0.0	tolerant	34797_1_1_1	18.0	5.0	0.0	0.0
34800_1_1_1	34800_1_1_1	34800_1_1_1	2000150.0	2000150.0	0.0	tolerant	34800_1_1_1	25.0	6.0	0.0	0.0
34806_1_1_1	34806_1_1_1	34806_1_1_1	3000168.0	3000168.0	0.0	moderate	34806_1_1_1	28.0	6.0	0.0	0.55
34806_1_1_1	34804_1_1_1	34806_1_1_1	3000140.0	3000168.0	28.0	moderate	34804_1_1_1	28.0	5.0	0.0	0.74
34806_1_1_1	34807_1_1_1	34806_1_1_1	2000112.0	3000168.0	1000056.0	tolerant	34807_1_1_1	28.0	4.0	0.0	0.54
34808_1_1_1	34808_1_1_1	34808_1_1_1	3000168.0	3000168.0	0.0	moderate	34808_1_1_1	28.0	6.0	0.0	0.81
34809_1_1_1	34809_1_1_1	34809_1_1_1	2000087.0	2000087.0	0.0	tolerant	34809_1_1_1	29.0	3.0	0.0	0.0
34812_1_1_1	34812_1_1_1	34812_1_1_1	3000564.307587304	3000564.307587304	0.0	moderate	34812_1_1_1	81.0	7.0	2.6924126957	1.53
34813_1_1_1	34813_1_1_1	34813_1_1_1	2000538.1535960473	2000538.1535960473	0.0	tolerant	34813_1_1_1	108.0	5.0	1.8464039526	0.99
34813_1_1_1	34811_1_1_1	34813_1_1_1	2000442.0523310383	2000538.1535960473	96.10126500902697	tolerant	34811_1_1_1	111.0	4.0	1.9476689616	2.65
34816_1_1_1	34816_1_1_1	34816_1_1_1	2000777.7061201893	2000777.7061201893	0.0	tolerant	34816_1_1_1	156.0	5.0	2.2938798108	1.03
34826_1_1_1	34826_1_1_1	34826_1_1_1	4000679.0	4000679.0	0.0	strict	34826_1_1_1	97.0	7.0	0.0	1.72
34826_1_1_1	15304_1_1_1	34826_1_1_1	2000579.9536687683	4000679.0	2000099.0463312317	tolerant	15304_1_1_1	97.0	6.0	2.0463312318	1.29
34837_1_1_1	34837_1_1_1	34837_1_1_1	2000158.224996014	2000158.224996014	0.0	tolerant	34837_1_1_1	32.0	5.0	1.7750039859	1.66
34839_1_1_1	34839_1_1_1	34839_1_1_1	4000677.146784566	4000677.146784566	0.0	strict	34839_1_1_1	97.0	7.0	1.8532154343	0.83
3485_1_1_1	3485_1_1_1	3485_1_1_1	2000075.0	2000075.0	0.0	tolerant	3485_1_1_1	25.0	3.0	0.0	0.0
34864_1_1_1	34864_1_1_1	34864_1_1_1	4000378.0	4000378.0	0.0	strict	34864_1_1_1	63.0	6.0	0.0	2.16
34865_1_1_1	34865_1_1_1	34865_1_1_1	4000282.0	4000282.0	0.0	strict	34865_1_1_1	47.0	6.0	0.0	2.77
34866_1_1_1	34866_1_1_1	34866_1_1_1	2000232.5856864527	2000232.5856864527	0.0	tolerant	34866_1_1_1	47.0	5.0	2.4143135472	2.66
34868_1_1_1	34868_1_1_1	34868_1_1_1	3000613.593395316	3000613.593395316	0.0	moderate	34868_1_1_1	88.0	7.0	2.4066046838	0.81
34870_1_1_1	34870_1_1_1	34870_1_1_1	3000648.914938382	3000648.914938382	0.0	moderate	34870_1_1_1	93.0	7.0	2.085061618	0.32
34883_1_1_1	34883_1_1_1	34883_1_1_1	4000420.0	4000420.0	0.0	strict	34883_1_1_1	60.0	7.0	0.0	0.32
34887_1_1_1	34887_1_1_1	34887_1_1_1	4000616.0	4000616.0	0.0	strict	34887_1_1_1	88.0	7.0	0.0	0.45
34887_1_1_1	6375_1_1_1	34887_1_1_1	3000609.0	4000616.0	1000007.0	moderate	6375_1_1_1	87.0	7.0	0.0	0.38
34889_1_1_1	34889_1_1_1	34889_1_1_1	2000858.106080872	2000858.106080872	0.0	tolerant	34889_1_1_1	172.0	5.0	1.8939191282	1.9
34891_1_1_1	34891_1_1_1	34891_1_1_1	3000336.0	3000336.0	0.0	moderate	34891_1_1_1	48.0	7.0	0.0	1.68
34910_1_1_1	34910_1_1_1	34910_1_1_1	3000630.0	3000630.0	0.0	moderate	34910_1_1_1	90.0	7.0	0.0	2.14
34913_1_1_1	34913_1_1_1	34913_1_1_1	2000549.292805653	2000549.292805653	0.0	tolerant	34913_1_1_1	92.0	6.0	2.7071943469	0.9
34921_1_1_1	34921_1_1_1	34921_1_1_1	4000819.0	4000819.0	0.0	strict	34921_1_1_1	117.0	7.0	0.0	1.45
34925_1_1_1	34925_1_1_1	34925_1_1_1	4000777.0	4000777.0	0.0	strict	34925_1_1_1	111.0	7.0	0.0	1.82
34926_1_1_1	34926_1_1_1	34926_1_1_1	2000302.463930492	2000302.463930492	0.0	tolerant	34926_1_1_1	61.0	5.0	2.5360695082	1.13
34929_1_1_1	34929_1_1_1	34929_1_1_1	3001064.0	3001064.0	0.0	moderate	34929_1_1_1	152.0	7.0	0.0	0.46
34939_1_1_1	34939_1_1_1	34939_1_1_1	4000648.0	4000648.0	0.0	strict	34939_1_1_1	108.0	6.0	0.0	0.65
34946_1_1_1	34946_1_1_1	34946_1_1_1	4000258.0	4000258.0	0.0	strict	34946_1_1_1	43.0	6.0	0.0	0.5
34951_1_1_1	34951_1_1_1	34951_1_1_1	3000069.0	3000069.0	0.0	moderate	34951_1_1_1	23.0	3.0	0.0	0.0
34951_1_1_1	34934_1_1_1	34951_1_1_1	3000069.0	3000069.0	0.0	moderate	34934_1_1_1	23.0	3.0	0.0	0.0
34951_1_1_1	34930_1_1_1	34951_1_1_1	3000069.0	3000069.0	0.0	moderate	34930_1_1_1	23.0	3.0	0.0	0.0
34951_1_1_1	34945_1_1_1	34951_1_1_1	3000069.0	3000069.0	0.0	moderate	34945_1_1_1	23.0	3.0	0.0	0.0
34951_1_1_1	18023_1_1_1	34951_1_1_1	3000060.0	3000069.0	9.0	moderate	18023_1_1_1	20.0	3.0	0.0	0.0
34951_1_1_1	15169_1_1_1	34951_1_1_1	3000054.0	3000069.0	15.0	moderate	15169_1_1_1	18.0	3.0	0.0	0.0
34951_1_1_1	5292_2_1_1	34951_1_1_1	3000054.0	3000069.0	15.0	moderate	5292_2_1_1	18.0	3.0	0.0	0.0
34951_1_1_1	17669_1_1_1	34951_1_1_1	3000051.0	3000069.0	18.0	moderate	17669_1_1_1	17.0	3.0	0.0	0.0
34951_1_1_1	50981_1_1_1	34951_1_1_1	2000120.0	3000069.0	999949.0	tolerant	50981_1_1_1	24.0	5.0	0.0	0.0
34963_1_1_1	34963_1_1_1	34963_1_1_1	3000312.0	3000312.0	0.0	moderate	34963_1_1_1	78.0	4.0	0.0	0.0
34970_1_1_1	34970_1_1_1	34970_1_1_1	1000667.2380501392	1000667.2380501392	0.0	unfiltered	34970_1_1_1	96.0	7.0	4.7619498607	1.18
34971_1_1_1	34971_1_1_1	34971_1_1_1	1000080.0	1000080.0	0.0	unfiltered	34971_1_1_1	20.0	4.0	0.0	0.0
34982_1_1_1	34982_1_1_1	34982_1_1_1	2000336.0	2000336.0	0.0	tolerant	34982_1_1_1	56.0	6.0	0.0	2.28
34988_1_1_1	34988_1_1_1	34988_1_1_1	2000568.25896204	2000568.25896204	0.0	tolerant	34988_1_1_1	95.0	6.0	1.7410379602	0.97
356_1_1_1	356_1_1_1	356_1_1_1	3000066.0	3000066.0	0.0	moderate	356_1_1_1	22.0	3.0	0.0	0.0
357_1_1_1	357_1_1_1	357_1_1_1	3000066.0	3000066.0	0.0	moderate	357_1_1_1	22.0	3.0	0.0	0.0
358_1_1_1	358_1_1_1	358_1_1_1	2000180.0	2000180.0	0.0	tolerant	358_1_1_1	60.0	3.0	0.0	0.0
36004_1_1_1	36004_1_1_1	36004_1_1_1	2000410.0	2000410.0	0.0	tolerant	36004_1_1_1	82.0	5.0	0.0	0.88
36009_1_1_1	36009_1_1_1	36009_1_1_1	3000084.0	3000084.0	0.0	moderate	36009_1_1_1	21.0	4.0	0.0	0.0
36016_1_1_1	36016_1_1_1	36016_1_1_1	2000075.0	2000075.0	0.0	tolerant	36016_1_1_1	25.0	3.0	0.0	0.0
36018_1_1_1	36018_1_1_1	36018_1_1_1	3000637.0	3000637.0	0.0	moderate	36018_1_1_1	91.0	7.0	0.0	0.21
36019_1_1_1	36019_1_1_1	36019_1_1_1	3000087.0	3000087.0	0.0	moderate	36019_1_1_1	29.0	3.0	0.0	0.0
36026_1_1_1	36026_1_1_1	36026_1_1_1	3000650.0	3000650.0	0.0	moderate	36026_1_1_1	130.0	5.0	0.0	0.0
36034_1_1_1	36034_1_1_1	36034_1_1_1	3000711.3511959966	3000711.3511959966	0.0	moderate	36034_1_1_1	102.0	7.0	2.6488040035	1.13
36047_1_1_1	36047_1_1_1	36047_1_1_1	3000147.0	3000147.0	0.0	moderate	36047_1_1_1	49.0	3.0	0.0	0.0
36048_1_1_1	36048_1_1_1	36048_1_1_1	3000896.0	3000896.0	0.0	moderate	36048_1_1_1	128.0	7.0	0.0	0.53
36050_1_1_1	36050_1_1_1	36050_1_1_1	3000204.0	3000204.0	0.0	moderate	36050_1_1_1	34.0	6.0	0.0	3.25
36050_1_1_1	4148_1_1_1	36050_1_1_1	2000108.0	3000204.0	1000096.0	tolerant	4148_1_1_1	36.0	3.0	0.0	0.0
36050_1_1_1	4057_1_1_1	36050_1_1_1	2000102.0	3000204.0	1000102.0	tolerant	4057_1_1_1	34.0	3.0	0.0	0.0
36050_1_1_1	4058_1_1_1	36050_1_1_1	2000102.0	3000204.0	1000102.0	tolerant	4058_1_1_1	34.0	3.0	0.0	0.0
36050_1_1_1	4059_1_1_1	36050_1_1_1	2000102.0	3000204.0	1000102.0	tolerant	4059_1_1_1	34.0	3.0	0.0	0.0
36057_1_1_1	36057_1_1_1	36057_1_1_1	3000072.0	3000072.0	0.0	moderate	36057_1_1_1	18.0	4.0	0.0	0.0
36058_1_1_1	36058_1_1_1	36058_1_1_1	3000634.219102443	3000634.219102443	0.0	moderate	36058_1_1_1	91.0	7.0	2.7808975567	0.76
36060_1_1_1	36060_1_1_1	36060_1_1_1	4000525.0	4000525.0	0.0	strict	36060_1_1_1	75.0	7.0	0.0	0.47
36060_1_1_1	51492_1_1_1	36060_1_1_1	4000340.0	4000525.0	185.0	strict	51492_1_1_1	68.0	5.0	0.0	0.36
36060_1_1_1	25675_1_1_1	36060_1_1_1	2000513.2348152597	4000525.0	2000011.7651847403	tolerant	25675_1_1_1	86.0	6.0	2.7651847405	0.57
36061_1_1_1	36061_1_1_1	36061_1_1_1	3001033.1395666306	3001033.1395666306	0.0	moderate	36061_1_1_1	148.0	7.0	2.8604333694	0.97
36066_1_1_1	36066_1_1_1	36066_1_1_1	2000102.0	2000102.0	0.0	tolerant	36066_1_1_1	34.0	3.0	0.0	0.0
36079_1_1_1	36079_1_1_1	36079_1_1_1	2000054.0	2000054.0	0.0	tolerant	36079_1_1_1	18.0	3.0	0.0	0.0
36080_1_1_1	36080_1_1_1	36080_1_1_1	4000280.0	4000280.0	0.0	strict	36080_1_1_1	56.0	5.0	0.0	0.0
36107_1_1_1	36107_1_1_1	36107_1_1_1	3000114.0	3000114.0	0.0	moderate	36107_1_1_1	19.0	6.0	0.0	0.0
36107_1_1_1	36105_1_1_1	36107_1_1_1	3000114.0	3000114.0	0.0	moderate	36105_1_1_1	19.0	6.0	0.0	0.0
36107_1_1_1	36106_1_1_1	36107_1_1_1	3000114.0	3000114.0	0.0	moderate	36106_1_1_1	19.0	6.0	0.0	0.0
36107_1_1_1	30259_1_1_1	36107_1_1_1	2000114.0	3000114.0	1000000.0	tolerant	30259_1_1_1	19.0	6.0	0.0	0.0
36107_1_1_1	30260_1_1_1	36107_1_1_1	2000114.0	3000114.0	1000000.0	tolerant	30260_1_1_1	19.0	6.0	0.0	0.0
36109_1_1_1	36109_1_1_1	36109_1_1_1	3000120.0	3000120.0	0.0	moderate	36109_1_1_1	20.0	6.0	0.0	0.0
36111_1_1_1	36111_1_1_1	36111_1_1_1	4000504.0	4000504.0	0.0	strict	36111_1_1_1	84.0	6.0	0.0	0.79
36112_1_1_1	36112_1_1_1	36112_1_1_1	2000176.0	2000176.0	0.0	tolerant	36112_1_1_1	88.0	2.0	0.0	0.42
36115_1_1_1	36114_1_1_1	36114_1_1_1	3000336.0	3000336.0	0.0	moderate	36114_1_1_1	56.0	6.0	0.0	0.19
36115_1_1_1	36115_1_1_1	36114_1_1_1	3000188.0	3000336.0	148.0	moderate	36115_1_1_1	47.0	4.0	0.0	0.0
36117_1_1_1	36117_1_1_1	36117_1_1_1	3001236.1115476075	3001236.1115476075	0.0	moderate	36117_1_1_1	177.0	7.0	2.8884523925	0.8
36129_1_1_1	36129_1_1_1	36129_1_1_1	2000637.7350283875	2000637.7350283875	0.0	tolerant	36129_1_1_1	160.0	4.0	2.2649716124	1.1
36136_1_1_1	36136_1_1_1	36136_1_1_1	4000456.0	4000456.0	0.0	strict	36136_1_1_1	76.0	6.0	0.0	0.47
36146_1_1_1	36146_1_1_1	36146_1_1_1	3000054.0	3000054.0	0.0	moderate	36146_1_1_1	18.0	3.0	0.0	0.0
36154_1_1_1	36154_1_1_1	36154_1_1_1	4001050.0	4001050.0	0.0	strict	36154_1_1_1	150.0	7.0	0.0	0.43
36158_1_1_1	36158_1_1_1	36158_1_1_1	2000063.0	2000063.0	0.0	tolerant	36158_1_1_1	21.0	3.0	0.0	0.0
36162_1_1_1	36162_1_1_1	36162_1_1_1	2000492.3512515612	2000492.3512515612	0.0	tolerant	36162_1_1_1	99.0	5.0	2.6487484389	0.81
36167_1_1_1	36167_1_1_1	36167_1_1_1	3000108.0	3000108.0	0.0	moderate	36167_1_1_1	18.0	6.0	0.0	0.0
36175_1_1_1	36175_1_1_1	36175_1_1_1	4000468.0	4000468.0	0.0	strict	36175_1_1_1	78.0	6.0	0.0	0.97
36176_1_1_1	36176_1_1_1	36176_1_1_1	2000798.0	2000798.0	0.0	tolerant	36176_1_1_1	133.0	6.0	0.0	1.12
36177_1_1_1	4500_1_1_1	4500_1_1_1	2000075.0	2000075.0	0.0	tolerant	4500_1_1_1	25.0	3.0	0.0	0.0
36177_1_1_1	36177_1_1_1	4500_1_1_1	2000072.0	2000075.0	3.0	tolerant	36177_1_1_1	24.0	3.0	0.0	0.0
36179_1_1_1	36179_1_1_1	36179_1_1_1	4000882.0	4000882.0	0.0	strict	36179_1_1_1	147.0	6.0	0.0	0.15
36180_1_1_1	36180_1_1_1	36180_1_1_1	3000570.0	3000570.0	0.0	moderate	36180_1_1_1	95.0	6.0	0.0	0.97
36181_1_1_1	36181_1_1_1	36181_1_1_1	2000652.6669730712	2000652.6669730712	0.0	tolerant	36181_1_1_1	131.0	5.0	2.3330269288	0.77
36185_1_1_1	36185_1_1_1	36185_1_1_1	4000564.0	4000564.0	0.0	strict	36185_1_1_1	94.0	6.0	0.0	3.04
36187_1_1_1	36187_1_1_1	36187_1_1_1	3000690.0361153074	3000690.0361153074	0.0	moderate	36187_1_1_1	99.0	7.0	2.9638846928	0.68
36200_1_1_1	36200_1_1_1	36200_1_1_1	2000048.0	2000048.0	0.0	tolerant	36200_1_1_1	24.0	2.0	0.0	0.0
36204_1_1_1	36204_1_1_1	36204_1_1_1	3000536.1526894886	3000536.1526894886	0.0	moderate	36204_1_1_1	77.0	7.0	2.8473105115	1.15
36207_1_1_1	36207_1_1_1	36207_1_1_1	2000163.516332736	2000163.516332736	0.0	tolerant	36207_1_1_1	33.0	5.0	1.4836672639	0.47
36220_1_1_1	36220_1_1_1	36220_1_1_1	4000357.0	4000357.0	0.0	strict	36220_1_1_1	51.0	7.0	0.0	1.35
36228_1_1_1	36228_1_1_1	36228_1_1_1	3000078.0	3000078.0	0.0	moderate	36228_1_1_1	26.0	3.0	0.0	0.0
36228_1_1_1	25947_1_1_1	36228_1_1_1	3000076.5558673856	3000078.0	1.444132614415139	moderate	25947_1_1_1	26.0	3.0	1.4441326143	0.0
36243_1_1_1	36243_1_1_1	36243_1_1_1	2000084.0	2000084.0	0.0	tolerant	36243_1_1_1	21.0	4.0	0.0	0.0
36244_1_1_1	36244_1_1_1	36244_1_1_1	3000760.089627032	3000760.089627032	0.0	moderate	36244_1_1_1	109.0	7.0	2.9103729678	0.81
36261_1_1_1	36261_1_1_1	36261_1_1_1	4000831.769914439	4000831.769914439	0.0	strict	36261_1_1_1	119.0	7.0	1.2300855611	1.25
36264_1_1_1	36264_1_1_1	36264_1_1_1	2000678.0	2000678.0	0.0	tolerant	36264_1_1_1	113.0	6.0	0.0	1.37
36264_1_1_1	19538_1_1_1	36264_1_1_1	2000625.0	2000678.0	53.0	tolerant	19538_1_1_1	125.0	5.0	0.0	1.3
36272_1_1_1	36272_1_1_1	36272_1_1_1	3000763.0	3000763.0	0.0	moderate	36272_1_1_1	109.0	7.0	0.0	1.23
36273_1_1_1	36273_1_1_1	36273_1_1_1	3000090.0	3000090.0	0.0	moderate	36273_1_1_1	30.0	3.0	0.0	0.0
36284_1_1_1	36284_1_1_1	36284_1_1_1	2000038.0	2000038.0	0.0	tolerant	36284_1_1_1	19.0	2.0	0.0	0.0
36288_1_1_1	36288_1_1_1	36288_1_1_1	4001174.287497655	4001174.287497655	0.0	strict	36288_1_1_1	168.0	7.0	1.7125023448	0.23
36288_1_1_1	34803_1_1_1	36288_1_1_1	3001208.984535783	4001174.287497655	999965.302961872	moderate	34803_1_1_1	173.0	7.0	2.015464217	0.64
36293_1_1_1	36293_1_1_1	36293_1_1_1	2000178.302623184	2000178.302623184	0.0	tolerant	36293_1_1_1	30.0	6.0	1.6973768159	2.01
36294_1_1_1	36294_1_1_1	36294_1_1_1	3000395.0	3000395.0	0.0	moderate	36294_1_1_1	79.0	5.0	0.0	0.75
36299_1_1_1	36299_1_1_1	36299_1_1_1	3000907.5179467523	3000907.5179467523	0.0	moderate	36299_1_1_1	130.0	7.0	2.4820532479	0.55
36310_1_1_1	36310_1_1_1	36310_1_1_1	4000938.0	4000938.0	0.0	strict	36310_1_1_1	134.0	7.0	0.0	0.26
36312_1_1_1	36312_1_1_1	36312_1_1_1	3001540.0	3001540.0	0.0	moderate	36312_1_1_1	220.0	7.0	0.0	0.54
36320_1_1_1	36320_1_1_1	36320_1_1_1	4000462.0	4000462.0	0.0	strict	36320_1_1_1	66.0	7.0	0.0	1.63
36321_1_1_1	36321_1_1_1	36321_1_1_1	3000082.615284791	3000082.615284791	0.0	moderate	36321_1_1_1	28.0	3.0	1.3847152088	0.0
36322_1_1_1	36322_1_1_1	36322_1_1_1	2000111.0	2000111.0	0.0	tolerant	36322_1_1_1	37.0	3.0	0.0	0.0
36323_1_1_1	36324_1_1_1	36324_1_1_1	4000868.0	4000868.0	0.0	strict	36324_1_1_1	124.0	7.0	0.0	3.17
36323_1_1_1	36323_1_1_1	36324_1_1_1	4000854.0	4000868.0	14.0	strict	36323_1_1_1	122.0	7.0	0.0	3.22
36333_1_1_1	36333_1_1_1	36333_1_1_1	4000581.0	4000581.0	0.0	strict	36333_1_1_1	83.0	7.0	0.0	1.67
36334_1_1_1	36334_1_1_1	36334_1_1_1	4000735.0	4000735.0	0.0	strict	36334_1_1_1	105.0	7.0	0.0	0.59
36335_1_1_1	36335_1_1_1	36335_1_1_1	4000665.0	4000665.0	0.0	strict	36335_1_1_1	95.0	7.0	0.0	1.41
36340_1_1_1	36340_1_1_1	36340_1_1_1	2000939.279262269	2000939.279262269	0.0	tolerant	36340_1_1_1	157.0	6.0	2.720737731	2.26
36341_1_1_1	36341_1_1_1	36341_1_1_1	4000680.0	4000680.0	0.0	strict	36341_1_1_1	136.0	5.0	0.0	0.0
36342_1_1_1	36342_1_1_1	36342_1_1_1	3001131.820552613	3001131.820552613	0.0	moderate	36342_1_1_1	162.0	7.0	2.1794473871	0.9
36345_1_1_1	36345_1_1_1	36345_1_1_1	4000280.0	4000280.0	0.0	strict	36345_1_1_1	40.0	7.0	0.0	4.39
36345_1_1_1	25205_1_1_1	36345_1_1_1	3000120.0	4000280.0	1000160.0	moderate	25205_1_1_1	40.0	3.0	0.0	0.0
36352_1_1_1	36352_1_1_1	36352_1_1_1	4000399.0	4000399.0	0.0	strict	36352_1_1_1	57.0	7.0	0.0	0.47
36358_1_1_1	36358_1_1_1	36358_1_1_1	2000759.8265770872	2000759.8265770872	0.0	tolerant	36358_1_1_1	127.0	6.0	2.1734229126	0.59
36360_1_1_1	36360_1_1_1	36360_1_1_1	3000756.0	3000756.0	0.0	moderate	36360_1_1_1	108.0	7.0	0.0	1.66
36360_1_1_1	19767_1_1_1	36360_1_1_1	1000120.0	3000756.0	2000636.0	unfiltered	19767_1_1_1	30.0	4.0	0.0	0.0
36361_1_1_1	36361_1_1_1	36361_1_1_1	3000182.0	3000182.0	0.0	moderate	36361_1_1_1	26.0	7.0	0.0	1.17
36363_1_1_1	36363_1_1_1	36363_1_1_1	2000111.0	2000111.0	0.0	tolerant	36363_1_1_1	37.0	3.0	0.0	0.0
36368_1_1_1	36368_1_1_1	36368_1_1_1	4000546.0	4000546.0	0.0	strict	36368_1_1_1	78.0	7.0	0.0	3.27
36384_1_1_1	36384_1_1_1	36384_1_1_1	4000214.5359887937	4000214.5359887937	0.0	strict	36384_1_1_1	36.0	6.0	1.4640112064	0.48
36392_1_1_1	36392_1_1_1	36392_1_1_1	1000112.0	1000112.0	0.0	unfiltered	36392_1_1_1	28.0	4.0	0.0	0.0
36395_1_1_1	36395_1_1_1	36395_1_1_1	2000690.0	2000690.0	0.0	tolerant	36395_1_1_1	138.0	5.0	0.0	0.13
36401_1_1_1	36401_1_1_1	36401_1_1_1	4000917.0	4000917.0	0.0	strict	36401_1_1_1	131.0	7.0	0.0	0.63
36405_1_1_1	36405_1_1_1	36405_1_1_1	2000753.639371567	2000753.639371567	0.0	tolerant	36405_1_1_1	126.0	6.0	2.360628433	2.23
36414_1_1_1	36414_1_1_1	36414_1_1_1	3000090.0	3000090.0	0.0	moderate	36414_1_1_1	18.0	5.0	0.0	0.0
36418_1_1_1	36418_1_1_1	36418_1_1_1	4000420.0	4000420.0	0.0	strict	36418_1_1_1	60.0	7.0	0.0	0.41
36430_1_1_1	36430_1_1_1	36430_1_1_1	3000648.323643411	3000648.323643411	0.0	moderate	36430_1_1_1	93.0	7.0	2.6763565891	0.54
36431_1_1_1	36431_1_1_1	36431_1_1_1	3000704.8820571294	3000704.8820571294	0.0	moderate	36431_1_1_1	101.0	7.0	2.1179428705	0.42
36445_1_1_1	36445_1_1_1	36445_1_1_1	2000574.9287408483	2000574.9287408483	0.0	tolerant	36445_1_1_1	96.0	6.0	1.0712591517	2.55
36447_1_1_1	36447_1_1_1	36447_1_1_1	4000686.0	4000686.0	0.0	strict	36447_1_1_1	98.0	7.0	0.0	0.36
36457_1_1_1	36457_1_1_1	36457_1_1_1	3000138.0	3000138.0	0.0	moderate	36457_1_1_1	23.0	6.0	0.0	0.0
36460_1_1_1	36460_1_1_1	36460_1_1_1	3000144.0	3000144.0	0.0	moderate	36460_1_1_1	24.0	6.0	0.0	0.0
36460_1_1_1	36459_1_1_1	36460_1_1_1	3000144.0	3000144.0	0.0	moderate	36459_1_1_1	24.0	6.0	0.0	0.0
36461_1_1_1	36461_1_1_1	36461_1_1_1	3000216.0	3000216.0	0.0	moderate	36461_1_1_1	36.0	6.0	0.0	2.8
36462_1_1_1	36462_1_1_1	36462_1_1_1	3000150.0	3000150.0	0.0	moderate	36462_1_1_1	25.0	6.0	0.0	0.0
36464_1_1_1	36464_1_1_1	36464_1_1_1	2000162.0	2000162.0	0.0	tolerant	36464_1_1_1	81.0	2.0	0.0	1.15
36469_1_1_1	36469_1_1_1	36469_1_1_1	3000339.294411565	3000339.294411565	0.0	moderate	36469_1_1_1	57.0	6.0	2.7055884348	2.62
36471_1_1_1	36471_1_1_1	36471_1_1_1	4000588.0	4000588.0	0.0	strict	36471_1_1_1	84.0	7.0	0.0	0.22
36485_1_1_1	36485_1_1_1	36485_1_1_1	4000833.0	4000833.0	0.0	strict	36485_1_1_1	119.0	7.0	0.0	0.86
36486_1_1_1	36486_1_1_1	36486_1_1_1	2000302.4642746812	2000302.4642746812	0.0	tolerant	36486_1_1_1	61.0	5.0	2.5357253188	1.28
36489_1_1_1	36489_1_1_1	36489_1_1_1	3000747.063573864	3000747.063573864	0.0	moderate	36489_1_1_1	125.0	6.0	2.9364261364	1.3
36513_1_1_1	36513_1_1_1	36513_1_1_1	1000163.9692800482	1000163.9692800482	0.0	unfiltered	36513_1_1_1	29.0	6.0	10.0307199518	0.58
36514_1_1_1	36514_1_1_1	36514_1_1_1	1000872.0	1000872.0	0.0	unfiltered	36514_1_1_1	218.0	4.0	0.0	0.97
36521_1_1_1	36521_1_1_1	36521_1_1_1	4000186.0	4000186.0	0.0	strict	36521_1_1_1	31.0	6.0	0.0	0.0
36528_1_1_1	36528_1_1_1	36528_1_1_1	4000539.0	4000539.0	0.0	strict	36528_1_1_1	77.0	7.0	0.0	0.91
36528_1_1_1	36527_1_1_1	36528_1_1_1	4000539.0	4000539.0	0.0	strict	36527_1_1_1	77.0	7.0	0.0	1.04
36528_1_1_1	6265_1_1_1	36528_1_1_1	3000444.0	4000539.0	1000095.0	moderate	6265_1_1_1	74.0	6.0	0.0	0.82
36546_1_1_1	36546_1_1_1	36546_1_1_1	4000749.0	4000749.0	0.0	strict	36546_1_1_1	107.0	7.0	0.0	3.07
36565_1_1_1	36565_1_1_1	36565_1_1_1	2000663.873751556	2000663.873751556	0.0	tolerant	36565_1_1_1	111.0	6.0	2.1262484441	2.9
36589_1_1_1	36589_1_1_1	36589_1_1_1	3000938.0	3000938.0	0.0	moderate	36589_1_1_1	134.0	7.0	0.0	0.47
36661_1_1_1	36661_1_1_1	36661_1_1_1	3001215.634181572	3001215.634181572	0.0	moderate	36661_1_1_1	203.0	6.0	2.3658184281	0.16
386_1_1_1	386_1_1_1	386_1_1_1	1000032.0	1000032.0	0.0	unfiltered	386_1_1_1	16.0	2.0	0.0	0.0
387_1_1_1	387_1_1_1	387_1_1_1	2000024.0	2000024.0	0.0	tolerant	387_1_1_1	12.0	2.0	0.0	0.0
391_1_1_1	391_1_1_1	391_1_1_1	1000087.0	1000087.0	0.0	unfiltered	391_1_1_1	29.0	3.0	0.0	0.0
395_1_1_1	4540_1_1_1	4540_1_1_1	3000224.0	3000224.0	0.0	moderate	4540_1_1_1	56.0	4.0	0.0	0.0
395_1_1_1	395_1_1_1	4540_1_1_1	3000153.0	3000224.0	71.0	moderate	395_1_1_1	51.0	3.0	0.0	0.0
395_1_1_1	394_1_1_1	4540_1_1_1	3000153.0	3000224.0	71.0	moderate	394_1_1_1	51.0	3.0	0.0	0.0
398_1_1_1	398_1_1_1	398_1_1_1	2000030.0	2000030.0	0.0	tolerant	398_1_1_1	10.0	3.0	0.0	0.0
4020_1_1_1	4020_1_1_1	4020_1_1_1	3000150.0	3000150.0	0.0	moderate	4020_1_1_1	30.0	5.0	0.0	0.0
4029_1_1_1	4029_1_1_1	4029_1_1_1	3000840.0	3000840.0	0.0	moderate	4029_1_1_1	168.0	5.0	0.0	0.0
4029_1_1_1	52947_1_1_1	4029_1_1_1	2000726.003469188	3000840.0	1000113.996530812	tolerant	52947_1_1_1	182.0	4.0	1.9965308121	0.86
4030_1_1_1	4030_1_1_1	4030_1_1_1	3001398.0268868874	3001398.0268868874	0.0	moderate	4030_1_1_1	200.0	7.0	1.9731131124	0.36
4032_1_1_1	4032_1_1_1	4032_1_1_1	3000732.0	3000732.0	0.0	moderate	4032_1_1_1	122.0	6.0	0.0	0.36
4032_1_1_1	17762_1_1_1	4032_1_1_1	3000732.0	3000732.0	0.0	moderate	17762_1_1_1	122.0	6.0	0.0	2.54
4032_1_1_1	4031_1_1_1	4032_1_1_1	3000732.0	3000732.0	0.0	moderate	4031_1_1_1	122.0	6.0	0.0	0.47
4032_1_1_1	4370_1_1_1	4032_1_1_1	3000504.0	3000732.0	228.0	moderate	4370_1_1_1	126.0	4.0	0.0	0.0
4032_1_1_1	16742_1_1_1	4032_1_1_1	2000320.002159085	3000732.0	1000411.9978409151	tolerant	16742_1_1_1	107.0	3.0	0.997840915	1.55
4036_1_1_1	4036_1_1_1	4036_1_1_1	3000672.0	3000672.0	0.0	moderate	4036_1_1_1	112.0	6.0	0.0	0.81
4039_1_1_1	4039_1_1_1	4039_1_1_1	3000882.0	3000882.0	0.0	moderate	4039_1_1_1	126.0	7.0	0.0	1.21
4040_1_1_1	4040_1_1_1	4040_1_1_1	3000516.0	3000516.0	0.0	moderate	4040_1_1_1	86.0	6.0	0.0	2.41
4044_1_1_1	4044_1_1_1	4044_1_1_1	3000312.0	3000312.0	0.0	moderate	4044_1_1_1	78.0	4.0	0.0	0.0
4045_1_1_1	4045_1_1_1	4045_1_1_1	3000718.2348400084	3000718.2348400084	0.0	moderate	4045_1_1_1	120.0	6.0	1.7651599914	0.87
4055_1_1_1	4055_1_1_1	4055_1_1_1	1000270.0	1000270.0	0.0	unfiltered	4055_1_1_1	45.0	6.0	0.0	1.04
4060_1_1_1	4060_1_1_1	4060_1_1_1	2001253.0	2001253.0	0.0	tolerant	4060_1_1_1	179.0	7.0	0.0	0.78
4063_1_1_1	4063_1_1_1	4063_1_1_1	3001335.744103673	3001335.744103673	0.0	moderate	4063_1_1_1	191.0	7.0	1.2558963272	2.32
4064_1_1_1	4064_1_1_1	4064_1_1_1	3001169.0	3001169.0	0.0	moderate	4064_1_1_1	167.0	7.0	0.0	2.38
4065_1_1_1	4065_1_1_1	4065_1_1_1	3000203.0	3000203.0	0.0	moderate	4065_1_1_1	29.0	7.0	0.0	3.96
4070_1_1_1	4070_1_1_1	4070_1_1_1	3001421.0	3001421.0	0.0	moderate	4070_1_1_1	203.0	7.0	0.0	0.6
4071_1_1_1	25605_1_1_1	25605_1_1_1	3000312.0	3000312.0	0.0	moderate	25605_1_1_1	52.0	6.0	0.0	0.0
4071_1_1_1	19237_1_1_1	25605_1_1_1	3000294.0	3000312.0	18.0	moderate	19237_1_1_1	49.0	6.0	0.0	0.16
4071_1_1_1	25609_1_1_1	25605_1_1_1	3000294.0	3000312.0	18.0	moderate	25609_1_1_1	49.0	6.0	0.0	0.88
4071_1_1_1	4071_1_1_1	25605_1_1_1	3000147.0	3000312.0	165.0	moderate	4071_1_1_1	49.0	3.0	0.0	0.0
4071_1_1_1	4163_1_1_1	25605_1_1_1	3000144.0	3000312.0	168.0	moderate	4163_1_1_1	48.0	3.0	0.0	0.0
4076_1_1_1	4076_1_1_1	4076_1_1_1	3001785.0	3001785.0	0.0	moderate	4076_1_1_1	255.0	7.0	0.0	2.26
4076_1_1_1	4367_1_1_1	4076_1_1_1	3001387.403385821	3001785.0	397.5966141792014	moderate	4367_1_1_1	278.0	5.0	2.5966141791	2.19
4078_1_1_1	4078_1_1_1	4078_1_1_1	3000847.0	3000847.0	0.0	moderate	4078_1_1_1	121.0	7.0	0.0	1.05
4080_1_1_1	4080_1_1_1	4080_1_1_1	1000268.0301716283	1000268.0301716283	0.0	unfiltered	4080_1_1_1	137.0	2.0	5.9698283716	0.0
4081_1_1_1	4081_1_1_1	4081_1_1_1	2000976.6908653895	2000976.6908653895	0.0	tolerant	4081_1_1_1	163.0	6.0	1.3091346103	0.34
4082_1_1_1	15452_1_1_1	15452_1_1_1	3001001.0	3001001.0	0.0	moderate	15452_1_1_1	143.0	7.0	0.0	1.19
4082_1_1_1	4082_1_1_1	15452_1_1_1	3000822.0	3001001.0	179.0	moderate	4082_1_1_1	137.0	6.0	0.0	1.57
4084_1_1_1	4084_1_1_1	4084_1_1_1	3000546.0	3000546.0	0.0	moderate	4084_1_1_1	91.0	6.0	0.0	0.8
4085_1_1_1	4085_1_1_1	4085_1_1_1	3000555.357662916	3000555.357662916	0.0	moderate	4085_1_1_1	93.0	6.0	2.6423370836	0.38
4086_1_1_1	4086_1_1_1	4086_1_1_1	3000843.192465573	3000843.192465573	0.0	moderate	4086_1_1_1	141.0	6.0	2.8075344268	0.15
4086_1_1_1	4526_1_1_1	4086_1_1_1	2000272.0	3000843.192465573	1000571.1924655731	tolerant	4526_1_1_1	136.0	2.0	0.0	0.03
4087_1_1_1	4087_1_1_1	4087_1_1_1	3000600.0	3000600.0	0.0	moderate	4087_1_1_1	100.0	6.0	0.0	2.3
4090_1_1_1	4090_1_1_1	4090_1_1_1	3000438.0	3000438.0	0.0	moderate	4090_1_1_1	73.0	6.0	0.0	0.61
4092_1_1_1	4092_1_1_1	4092_1_1_1	3000987.0	3000987.0	0.0	moderate	4092_1_1_1	141.0	7.0	0.0	0.1
4094_1_1_1	4094_1_1_1	4094_1_1_1	3000917.0	3000917.0	0.0	moderate	4094_1_1_1	131.0	7.0	0.0	0.23
4094_1_1_1	34787_1_1_1	4094_1_1_1	3000762.0	3000917.0	155.0	moderate	34787_1_1_1	127.0	6.0	0.0	1.95
4094_1_1_1	2031_1_1_1	4094_1_1_1	3000500.0	3000917.0	417.0	moderate	2031_1_1_1	125.0	4.0	0.0	0.0
4094_1_1_1	34736_1_1_1	4094_1_1_1	3000500.0	3000917.0	417.0	moderate	34736_1_1_1	125.0	4.0	0.0	0.0
4095_1_1_1	4095_1_1_1	4095_1_1_1	3000216.0	3000216.0	0.0	moderate	4095_1_1_1	54.0	4.0	0.0	0.0
4097_1_1_1	4093_1_1_1	4093_1_1_1	3000615.0	3000615.0	0.0	moderate	4093_1_1_1	123.0	5.0	0.0	0.0
4097_1_1_1	4097_1_1_1	4093_1_1_1	3000472.0	3000615.0	143.0	moderate	4097_1_1_1	118.0	4.0	0.0	0.49
4097_1_1_1	26718_1_1_1	4093_1_1_1	2000393.4119437567	3000615.0	1000221.5880562433	tolerant	26718_1_1_1	132.0	3.0	2.5880562433	1.05
4106_1_1_1	4106_1_1_1	4106_1_1_1	3001536.0	3001536.0	0.0	moderate	4106_1_1_1	256.0	6.0	0.0	0.24
410_1_1_1	410_1_1_1	410_1_1_1	1000039.0	1000039.0	0.0	unfiltered	410_1_1_1	13.0	3.0	0.0	0.0
4111_1_1_1	4111_1_1_1	4111_1_1_1	3000980.0	3000980.0	0.0	moderate	4111_1_1_1	245.0	4.0	0.0	0.0
4112_1_1_1	4112_1_1_1	4112_1_1_1	2000204.0	2000204.0	0.0	tolerant	4112_1_1_1	68.0	3.0	0.0	0.0
4113_1_1_1	4113_1_1_1	4113_1_1_1	3000735.0	3000735.0	0.0	moderate	4113_1_1_1	105.0	7.0	0.0	0.31
4114_1_1_1	4114_1_1_1	4114_1_1_1	3000648.0	3000648.0	0.0	moderate	4114_1_1_1	108.0	6.0	0.0	0.35
4114_1_1_1	11584_1_1_1	4114_1_1_1	2000384.0	3000648.0	1000264.0	tolerant	11584_1_1_1	96.0	4.0	0.0	0.0
4114_1_1_1	11585_1_1_1	4114_1_1_1	2000249.0	3000648.0	1000399.0	tolerant	11585_1_1_1	83.0	3.0	0.0	0.0
4117_1_1_1	4117_1_1_1	4117_1_1_1	3000623.0	3000623.0	0.0	moderate	4117_1_1_1	89.0	7.0	0.0	0.83
4127_1_1_1	4127_1_1_1	4127_1_1_1	3000917.0	3000917.0	0.0	moderate	4127_1_1_1	131.0	7.0	0.0	5.07
4128_1_1_1	4128_1_1_1	4128_1_1_1	3000351.75387775	3000351.75387775	0.0	moderate	4128_1_1_1	118.0	3.0	2.2461222501	0.0
4134_1_1_1	4134_1_1_1	4134_1_1_1	1000674.76605297	1000674.76605297	0.0	unfiltered	4134_1_1_1	113.0	6.0	3.23394703	1.85
4136_1_1_1	4136_1_1_1	4136_1_1_1	3000756.0	3000756.0	0.0	moderate	4136_1_1_1	108.0	7.0	0.0	0.61
4136_1_1_1	52790_1_1_1	4136_1_1_1	3000756.0	3000756.0	0.0	moderate	52790_1_1_1	108.0	7.0	0.0	0.38
4136_1_1_1	51027_1_2_1	4136_1_1_1	3000360.0	3000756.0	396.0	moderate	51027_1_2_1	90.0	4.0	0.0	0.0
4138_1_1_1	4942_1_1_1	4942_1_1_1	2000770.0	2000770.0	0.0	tolerant	4942_1_1_1	110.0	7.0	0.0	1.14
4138_1_1_1	4138_1_1_1	4942_1_1_1	2000324.0	2000770.0	446.0	tolerant	4138_1_1_1	108.0	3.0	0.0	0.0
4143_1_1_1	4143_1_1_1	4143_1_1_1	3000344.0	3000344.0	0.0	moderate	4143_1_1_1	86.0	4.0	0.0	0.0
4145_1_1_1	4145_1_1_1	4145_1_1_1	3000260.0	3000260.0	0.0	moderate	4145_1_1_1	65.0	4.0	0.0	0.0
4150_1_1_1	4150_1_1_1	4150_1_1_1	3000642.0	3000642.0	0.0	moderate	4150_1_1_1	107.0	6.0	0.0	0.5
4156_1_1_1	4156_1_1_1	4156_1_1_1	3000756.0	3000756.0	0.0	moderate	4156_1_1_1	108.0	7.0	0.0	2.41
4157_1_1_1	4157_1_1_1	4157_1_1_1	3000069.0	3000069.0	0.0	moderate	4157_1_1_1	23.0	3.0	0.0	0.0
4158_1_1_1	4158_1_1_1	4158_1_1_1	3000592.0	3000592.0	0.0	moderate	4158_1_1_1	148.0	4.0	0.0	0.0
4159_1_1_1	8_1_1_1	8_1_1_1	3000216.0	3000216.0	0.0	moderate	8_1_1_1	72.0	3.0	0.0	0.0
4159_1_1_1	5006_1_1_1	8_1_1_1	3000216.0	3000216.0	0.0	moderate	5006_1_1_1	72.0	3.0	0.0	0.0
4159_1_1_1	4159_1_1_1	8_1_1_1	3000192.0	3000216.0	24.0	moderate	4159_1_1_1	64.0	3.0	0.0	0.0
4159_1_1_1	6288_1_1_1	8_1_1_1	2000213.0	3000216.0	1000003.0	tolerant	6288_1_1_1	71.0	3.0	0.0	0.0
4160_1_1_1	4160_1_1_1	4160_1_1_1	3000465.1732767266	3000465.1732767266	0.0	moderate	4160_1_1_1	78.0	6.0	2.8267232733	0.84
4161_1_1_1	4161_1_1_1	4161_1_1_1	3000777.0	3000777.0	0.0	moderate	4161_1_1_1	111.0	7.0	0.0	0.77
4162_1_1_1	4162_1_1_1	4162_1_1_1	3000679.0	3000679.0	0.0	moderate	4162_1_1_1	97.0	7.0	0.0	0.81
4168_1_1_1	4168_1_1_1	4168_1_1_1	3000544.0	3000544.0	0.0	moderate	4168_1_1_1	136.0	4.0	0.0	0.0
417_1_1_1	417_1_1_1	417_1_1_1	1000017.0	1000017.0	0.0	unfiltered	417_1_1_1	17.0	1.0	0.0	0.0
417_1_1_1	401_1_1_1	417_1_1_1	1000017.0	1000017.0	0.0	unfiltered	401_1_1_1	17.0	1.0	0.0	0.0
4183_1_1_1	4183_1_1_1	4183_1_1_1	2000586.187493446	2000586.187493446	0.0	tolerant	4183_1_1_1	98.0	6.0	1.812506554	0.89
4185_1_1_1	4185_1_1_1	4185_1_1_1	2000099.0	2000099.0	0.0	tolerant	4185_1_1_1	33.0	3.0	0.0	0.0
4188_1_1_1	4188_1_1_1	4188_1_1_1	2000408.0	2000408.0	0.0	tolerant	4188_1_1_1	136.0	3.0	0.0	2.03
4192_1_1_1	4192_1_1_1	4192_1_1_1	2000093.0	2000093.0	0.0	tolerant	4192_1_1_1	31.0	3.0	0.0	0.0
4197_1_1_1	4197_1_1_1	4197_1_1_1	3000336.0	3000336.0	0.0	moderate	4197_1_1_1	48.0	7.0	0.0	1.99
4197_1_1_1	26910_1_1_1	4197_1_1_1	1000192.0	3000336.0	2000144.0	unfiltered	26910_1_1_1	48.0	4.0	0.0	0.93
4197_1_1_1	17728_1_1_1	4197_1_1_1	1000180.0	3000336.0	2000156.0	unfiltered	17728_1_1_1	45.0	4.0	0.0	1.35
4198_1_1_1	4198_1_1_1	4198_1_1_1	3000833.0	3000833.0	0.0	moderate	4198_1_1_1	119.0	7.0	0.0	1.17
4205_1_1_1	16426_1_1_1	16426_1_1_1	2000645.5413107737	2000645.5413107737	0.0	tolerant	16426_1_1_1	108.0	6.0	2.4586892264	0.45
4205_1_1_1	4205_1_1_1	16426_1_1_1	2000642.0	2000645.5413107737	3.5413107736967504	tolerant	4205_1_1_1	107.0	6.0	0.0	0.42
4206_1_1_1	4206_1_1_1	4206_1_1_1	3001092.0	3001092.0	0.0	moderate	4206_1_1_1	182.0	6.0	0.0	0.24
4211_1_1_1	4211_1_1_1	4211_1_1_1	3000114.0	3000114.0	0.0	moderate	4211_1_1_1	38.0	3.0	0.0	0.0
4213_1_1_1	4213_1_1_1	4213_1_1_1	1000008.0	1000008.0	0.0	unfiltered	4213_1_1_1	4.0	2.0	0.0	0.0
4214_1_1_1	4214_1_1_1	4214_1_1_1	3000750.0	3000750.0	0.0	moderate	4214_1_1_1	125.0	6.0	0.0	0.46
4215_1_1_1	4215_1_1_1	4215_1_1_1	2000801.4317345656	2000801.4317345656	0.0	tolerant	4215_1_1_1	134.0	6.0	2.5682654346	3.05
4216_1_1_1	4216_1_1_1	4216_1_1_1	3000210.0	3000210.0	0.0	moderate	4216_1_1_1	35.0	6.0	0.0	0.0
4217_1_1_1	4217_1_1_1	4217_1_1_1	3000600.0	3000600.0	0.0	moderate	4217_1_1_1	100.0	6.0	0.0	2.06
421_1_1_1	421_1_1_1	421_1_1_1	2000213.0	2000213.0	0.0	tolerant	421_1_1_1	71.0	3.0	0.0	0.0
421_1_1_1	2196_1_1_1	421_1_1_1	2000146.0	2000213.0	67.0	tolerant	2196_1_1_1	73.0	2.0	0.0	0.0
4220_1_1_1	4220_1_1_1	4220_1_1_1	2000084.0	2000084.0	0.0	tolerant	4220_1_1_1	28.0	3.0	0.0	0.0
4221_1_1_1	4221_1_1_1	4221_1_1_1	2000060.0	2000060.0	0.0	tolerant	4221_1_1_1	30.0	2.0	0.0	0.0
4223_1_1_1	4223_1_1_1	4223_1_1_1	2000378.0	2000378.0	0.0	tolerant	4223_1_1_1	63.0	6.0	0.0	0.23
4224_1_1_1	4224_1_1_1	4224_1_1_1	3000690.0	3000690.0	0.0	moderate	4224_1_1_1	115.0	6.0	0.0	0.31
4228_1_1_1	4228_1_1_1	4228_1_1_1	3000651.0	3000651.0	0.0	moderate	4228_1_1_1	93.0	7.0	0.0	0.35
4234_1_1_1	4234_1_1_1	4234_1_1_1	2000105.0	2000105.0	0.0	tolerant	4234_1_1_1	35.0	3.0	0.0	0.0
4237_1_1_1	4237_1_1_1	4237_1_1_1	3000392.0	3000392.0	0.0	moderate	4237_1_1_1	56.0	7.0	0.0	1.49
4239_1_1_1	4239_1_1_1	4239_1_1_1	3000686.0	3000686.0	0.0	moderate	4239_1_1_1	98.0	7.0	0.0	3.17
4241_1_1_1	4900_1_1_1	4900_1_1_1	3000344.0	3000344.0	0.0	moderate	4900_1_1_1	86.0	4.0	0.0	0.0
4241_1_1_1	4241_1_1_1	4900_1_1_1	3000340.0	3000344.0	4.0	moderate	4241_1_1_1	85.0	4.0	0.0	0.0
4241_1_1_1	4623_1_1_1	4900_1_1_1	3000340.0	3000344.0	4.0	moderate	4623_1_1_1	85.0	4.0	0.0	0.0
4242_1_1_1	4242_1_1_1	4242_1_1_1	3000744.0	3000744.0	0.0	moderate	4242_1_1_1	124.0	6.0	0.0	7.36
4251_1_1_1	4251_1_1_1	4251_1_1_1	3000972.0	3000972.0	0.0	moderate	4251_1_1_1	162.0	6.0	0.0	0.86
4254_1_1_1	4254_1_1_1	4254_1_1_1	2000618.454570132	2000618.454570132	0.0	tolerant	4254_1_1_1	124.0	5.0	1.545429868	0.47
4257_1_1_1	4257_1_1_1	4257_1_1_1	1000121.2523533058	1000121.2523533058	0.0	unfiltered	4257_1_1_1	43.0	3.0	7.7476466942	0.0
4265_1_1_1	4265_1_1_1	4265_1_1_1	3001372.0	3001372.0	0.0	moderate	4265_1_1_1	196.0	7.0	0.0	1.14
4266_1_1_1	19979_1_1_1	19979_1_1_1	3000138.0	3000138.0	0.0	moderate	19979_1_1_1	46.0	3.0	0.0	0.0
4266_1_1_1	4266_1_1_1	19979_1_1_1	3000135.0	3000138.0	3.0	moderate	4266_1_1_1	45.0	3.0	0.0	0.0
4266_1_1_1	26889_1_1_1	19979_1_1_1	2000245.0	3000138.0	999893.0	tolerant	26889_1_1_1	49.0	5.0	0.0	0.38
4269_1_1_1	4269_1_1_1	4269_1_1_1	3000700.0	3000700.0	0.0	moderate	4269_1_1_1	100.0	7.0	0.0	0.7
4279_1_1_1	30727_1_1_1	30727_1_1_1	3000455.0	3000455.0	0.0	moderate	30727_1_1_1	65.0	7.0	0.0	0.18
4279_1_1_1	4279_1_1_1	30727_1_1_1	3000189.0	3000455.0	266.0	moderate	4279_1_1_1	63.0	3.0	0.0	0.0
4279_1_1_1	4218_1_1_1	30727_1_1_1	3000186.0	3000455.0	269.0	moderate	4218_1_1_1	62.0	3.0	0.0	0.0
4282_1_1_1	4282_1_1_1	4282_1_1_1	3001264.2359428294	3001264.2359428294	0.0	moderate	4282_1_1_1	181.0	7.0	2.7640571708	0.84
4283_1_1_1	4283_1_1_1	4283_1_1_1	3000372.0	3000372.0	0.0	moderate	4283_1_1_1	93.0	4.0	0.0	0.0
4288_1_1_1	4288_1_1_1	4288_1_1_1	3000721.0	3000721.0	0.0	moderate	4288_1_1_1	103.0	7.0	0.0	1.27
4289_1_1_1	4289_1_1_1	4289_1_1_1	2000189.4319966328	2000189.4319966328	0.0	tolerant	4289_1_1_1	64.0	3.0	2.5680033675	0.0
4290_1_1_1	4290_1_1_1	4290_1_1_1	3000213.0	3000213.0	0.0	moderate	4290_1_1_1	71.0	3.0	0.0	0.0
4293_1_1_1	4293_1_1_1	4293_1_1_1	3000896.0	3000896.0	0.0	moderate	4293_1_1_1	128.0	7.0	0.0	0.98
4294_1_1_1	4294_1_1_1	4294_1_1_1	3000574.0	3000574.0	0.0	moderate	4294_1_1_1	82.0	7.0	0.0	1.31
4295_1_1_1	19011_1_1_1	19011_1_1_1	3000612.320375474	3000612.320375474	0.0	moderate	19011_1_1_1	123.0	5.0	2.679624526	1.22
4295_1_1_1	4295_1_1_1	19011_1_1_1	3000412.0	3000612.320375474	200.32037547416985	moderate	4295_1_1_1	103.0	4.0	0.0	0.0
4297_1_1_1	4297_1_1_1	4297_1_1_1	3000777.0	3000777.0	0.0	moderate	4297_1_1_1	111.0	7.0	0.0	0.5
4297_1_1_1	4075_1_1_1	4297_1_1_1	3000655.0	3000777.0	122.0	moderate	4075_1_1_1	131.0	5.0	0.0	0.0
4297_1_1_1	5122_1_1_1	4297_1_1_1	3000480.0	3000777.0	297.0	moderate	5122_1_1_1	120.0	4.0	0.0	0.0
4299_1_1_1	4299_1_1_1	4299_1_1_1	3000876.0	3000876.0	0.0	moderate	4299_1_1_1	146.0	6.0	0.0	2.97
4301_1_1_1	4301_1_1_1	4301_1_1_1	3000798.0	3000798.0	0.0	moderate	4301_1_1_1	133.0	6.0	0.0	0.28
4303_1_1_1	4303_1_1_1	4303_1_1_1	1000123.1785824822	1000123.1785824822	0.0	unfiltered	4303_1_1_1	46.0	3.0	14.8214175178	0.0
4308_1_1_1	4308_1_1_1	4308_1_1_1	3000400.0	3000400.0	0.0	moderate	4308_1_1_1	100.0	4.0	0.0	0.0
4309_1_1_1	4309_1_1_1	4309_1_1_1	3000880.0	3000880.0	0.0	moderate	4309_1_1_1	176.0	5.0	0.0	0.0
4309_1_1_1	19720_1_1_1	4309_1_1_1	3000519.0	3000880.0	361.0	moderate	19720_1_1_1	173.0	3.0	0.0	0.0
4309_1_1_1	19722_1_1_1	4309_1_1_1	3000495.0	3000880.0	385.0	moderate	19722_1_1_1	165.0	3.0	0.0	0.0
4309_1_1_1	19721_1_1_1	4309_1_1_1	3000492.0	3000880.0	388.0	moderate	19721_1_1_1	164.0	3.0	0.0	0.0
4311_2_1_1	4311_2_1_1	4311_2_1_1	3000828.0	3000828.0	0.0	moderate	4311_2_1_1	207.0	4.0	0.0	0.78
4312_1_1_1	4312_1_1_1	4312_1_1_1	3000660.0	3000660.0	0.0	moderate	4312_1_1_1	110.0	6.0	0.0	0.44
4317_1_1_1	4317_1_1_1	4317_1_1_1	3000497.0	3000497.0	0.0	moderate	4317_1_1_1	71.0	7.0	0.0	1.97
4317_1_1_1	25793_1_1_1	4317_1_1_1	3000497.0	3000497.0	0.0	moderate	25793_1_1_1	71.0	7.0	0.0	2.39
4318_1_1_1	4318_1_1_1	4318_1_1_1	3001435.0	3001435.0	0.0	moderate	4318_1_1_1	205.0	7.0	0.0	0.15
4323_1_1_1	4323_1_1_1	4323_1_1_1	3000855.0	3000855.0	0.0	moderate	4323_1_1_1	171.0	5.0	0.0	1.77
4325_1_1_1	4325_1_1_1	4325_1_1_1	2000084.0	2000084.0	0.0	tolerant	4325_1_1_1	28.0	3.0	0.0	0.0
4326_1_1_1	4326_1_1_1	4326_1_1_1	3000595.0	3000595.0	0.0	moderate	4326_1_1_1	85.0	7.0	0.0	3.83
4327_1_1_1	4327_1_1_1	4327_1_1_1	3000847.0	3000847.0	0.0	moderate	4327_1_1_1	121.0	7.0	0.0	1.26
4328_1_1_1	4328_1_1_1	4328_1_1_1	3000664.150795658	3000664.150795658	0.0	moderate	4328_1_1_1	111.0	6.0	1.849204342	2.63
432_1_1_1	432_1_1_1	432_1_1_1	1000010.0	1000010.0	0.0	unfiltered	432_1_1_1	5.0	2.0	0.0	0.0
4331_1_1_1	4331_1_1_1	4331_1_1_1	3000412.0	3000412.0	0.0	moderate	4331_1_1_1	103.0	4.0	0.0	0.0
4333_1_1_1	4333_1_1_1	4333_1_1_1	3000594.0	3000594.0	0.0	moderate	4333_1_1_1	99.0	6.0	0.0	1.12
4334_1_1_1	4334_1_1_1	4334_1_1_1	3000956.171834055	3000956.171834055	0.0	moderate	4334_1_1_1	137.0	7.0	2.8281659449	0.41
4334_1_1_1	16348_1_1_1	4334_1_1_1	3000917.0	3000956.171834055	39.17183405486867	moderate	16348_1_1_1	131.0	7.0	0.0	0.34
4338_1_1_1	4338_1_1_1	4338_1_1_1	2000232.0	2000232.0	0.0	tolerant	4338_1_1_1	116.0	2.0	0.0	0.0
4339_1_1_1	4339_1_1_1	4339_1_1_1	3000714.0	3000714.0	0.0	moderate	4339_1_1_1	102.0	7.0	0.0	1.06
433_1_1_1	433_1_1_1	433_1_1_1	1000010.0	1000010.0	0.0	unfiltered	433_1_1_1	5.0	2.0	0.0	0.0
4342_1_1_1	4342_1_1_1	4342_1_1_1	3000840.0	3000840.0	0.0	moderate	4342_1_1_1	120.0	7.0	0.0	2.84
4342_1_1_1	27195_1_1_1	4342_1_1_1	3000607.8883755268	3000840.0	232.11162447324023	moderate	27195_1_1_1	122.0	5.0	2.1116244731	0.99
4342_1_1_1	17135_1_1_1	4342_1_1_1	3000514.067762667	3000840.0	325.93223733315244	moderate	17135_1_1_1	129.0	4.0	1.9322373332	0.98
4342_1_1_1	15233_1_1_1	4342_1_1_1	2000210.0	3000840.0	1000630.0	tolerant	15233_1_1_1	105.0	2.0	0.0	0.0
4342_1_1_1	15235_1_1_1	4342_1_1_1	2000208.0	3000840.0	1000632.0	tolerant	15235_1_1_1	104.0	2.0	0.0	0.0
4342_1_1_1	15234_1_1_1	4342_1_1_1	2000204.0	3000840.0	1000636.0	tolerant	15234_1_1_1	102.0	2.0	0.0	0.0
4343_1_1_1	4343_1_1_1	4343_1_1_1	3001288.0	3001288.0	0.0	moderate	4343_1_1_1	184.0	7.0	0.0	0.58
4343_1_1_1	19737_1_1_1	4343_1_1_1	3001062.0	3001288.0	226.0	moderate	19737_1_1_1	177.0	6.0	0.0	0.27
4344_1_1_1	4344_1_1_1	4344_1_1_1	3000264.0	3000264.0	0.0	moderate	4344_1_1_1	66.0	4.0	0.0	0.0
4347_1_1_1	4347_1_1_1	4347_1_1_1	2000105.0	2000105.0	0.0	tolerant	4347_1_1_1	35.0	3.0	0.0	0.0
4348_1_1_1	4348_1_1_1	4348_1_1_1	3000539.0	3000539.0	0.0	moderate	4348_1_1_1	77.0	7.0	0.0	0.61
4353_1_1_1	4353_1_1_1	4353_1_1_1	3000798.0	3000798.0	0.0	moderate	4353_1_1_1	114.0	7.0	0.0	1.43
4355_1_1_1	4355_1_1_1	4355_1_1_1	3000210.0	3000210.0	0.0	moderate	4355_1_1_1	30.0	7.0	0.0	1.92
4358_1_1_1	4358_1_1_1	4358_1_1_1	3000219.0	3000219.0	0.0	moderate	4358_1_1_1	73.0	3.0	0.0	0.0
4360_1_1_1	4360_1_1_1	4360_1_1_1	3000966.0	3000966.0	0.0	moderate	4360_1_1_1	138.0	7.0	0.0	0.63
4369_1_1_1	4369_1_1_1	4369_1_1_1	3000420.0	3000420.0	0.0	moderate	4369_1_1_1	70.0	6.0	0.0	3.44
4373_1_1_1	4373_1_1_1	4373_1_1_1	3000618.0	3000618.0	0.0	moderate	4373_1_1_1	103.0	6.0	0.0	1.75
4374_1_1_1	4374_1_1_1	4374_1_1_1	2000498.3826164664	2000498.3826164664	0.0	tolerant	4374_1_1_1	100.0	5.0	1.6173835337	1.66
4376_1_1_1	4376_1_1_1	4376_1_1_1	3001274.0	3001274.0	0.0	moderate	4376_1_1_1	182.0	7.0	0.0	0.67
4377_1_1_1	4377_1_1_1	4377_1_1_1	3000144.0	3000144.0	0.0	moderate	4377_1_1_1	48.0	3.0	0.0	0.0
4381_1_1_1	4381_1_1_1	4381_1_1_1	3000693.0	3000693.0	0.0	moderate	4381_1_1_1	99.0	7.0	0.0	0.46
4384_1_1_1	4384_1_1_1	4384_1_1_1	3001748.0788174584	3001748.0788174584	0.0	moderate	4384_1_1_1	250.0	7.0	1.9211825417	0.26
4384_1_1_1	50541_1_1_1	4384_1_1_1	1000932.0	3001748.0788174584	2000816.0788174584	unfiltered	50541_1_1_1	233.0	4.0	0.0	0.43
4384_1_1_1	50550_1_1_1	4384_1_1_1	1000892.0	3001748.0788174584	2000856.0788174584	unfiltered	50550_1_1_1	223.0	4.0	0.0	0.24
4385_1_1_1	4385_1_1_1	4385_1_1_1	3000616.0	3000616.0	0.0	moderate	4385_1_1_1	88.0	7.0	0.0	2.05
4386_1_1_1	4386_1_1_1	4386_1_1_1	3001110.816595018	3001110.816595018	0.0	moderate	4386_1_1_1	159.0	7.0	2.1834049822	0.52
4387_1_1_1	4387_1_1_1	4387_1_1_1	2000057.0	2000057.0	0.0	tolerant	4387_1_1_1	19.0	3.0	0.0	0.0
4387_1_1_1	36205_1_1_1	4387_1_1_1	2000036.0	2000057.0	21.0	tolerant	36205_1_1_1	18.0	2.0	0.0	0.0
4388_1_1_1	4388_1_1_1	4388_1_1_1	3001005.0	3001005.0	0.0	moderate	4388_1_1_1	201.0	5.0	0.0	0.98
4388_1_1_1	19144_1_1_1	4388_1_1_1	2000363.0	3001005.0	1000642.0	tolerant	19144_1_1_1	121.0	3.0	0.0	0.0
4393_1_1_1	4393_1_1_1	4393_1_1_1	2000598.3684665505	2000598.3684665505	0.0	tolerant	4393_1_1_1	150.0	4.0	1.6315334495	0.0
4395_1_1_1	4395_1_1_1	4395_1_1_1	3000644.0	3000644.0	0.0	moderate	4395_1_1_1	92.0	7.0	0.0	2.75
4396_1_1_1	4396_1_1_1	4396_1_1_1	3000495.590554477	3000495.590554477	0.0	moderate	4396_1_1_1	83.0	6.0	2.4094455229	0.0
4403_1_1_1	4403_1_1_1	4403_1_1_1	3000558.6031166855	3000558.6031166855	0.0	moderate	4403_1_1_1	80.0	7.0	1.3968833143	0.75
4404_1_1_1	4404_1_1_1	4404_1_1_1	3000090.0	3000090.0	0.0	moderate	4404_1_1_1	30.0	3.0	0.0	0.0
4405_1_1_1	4405_1_1_1	4405_1_1_1	2000519.9619686224	2000519.9619686224	0.0	tolerant	4405_1_1_1	87.0	6.0	2.0380313779	0.59
440_1_1_1	440_1_1_1	440_1_1_1	2000222.0	2000222.0	0.0	tolerant	440_1_1_1	74.0	3.0	0.0	0.0
4410_1_1_1	4410_1_1_1	4410_1_1_1	3000090.0	3000090.0	0.0	moderate	4410_1_1_1	30.0	3.0	0.0	0.0
4410_1_1_1	4755_1_1_1	4410_1_1_1	2000084.0	3000090.0	1000006.0	tolerant	4755_1_1_1	28.0	3.0	0.0	0.0
4413_1_1_1	4413_1_1_1	4413_1_1_1	3000402.0	3000402.0	0.0	moderate	4413_1_1_1	67.0	6.0	0.0	2.28
4422_1_1_1	4422_1_1_1	4422_1_1_1	3000162.0	3000162.0	0.0	moderate	4422_1_1_1	54.0	3.0	0.0	0.0
4424_1_1_1	4424_1_1_1	4424_1_1_1	2000295.0	2000295.0	0.0	tolerant	4424_1_1_1	59.0	5.0	0.0	2.8
4425_1_1_1	52087_1_1_1	52087_1_1_1	3000616.0	3000616.0	0.0	moderate	52087_1_1_1	88.0	7.0	0.0	3.62
4425_1_1_1	4425_1_1_1	52087_1_1_1	3000480.0	3000616.0	136.0	moderate	4425_1_1_1	80.0	6.0	0.0	0.86
4425_1_1_1	52294_1_1_1	52087_1_1_1	3000308.0	3000616.0	308.0	moderate	52294_1_1_1	77.0	4.0	0.0	3.42
4428_1_1_1	15874_1_1_1	15874_1_1_1	3000366.0	3000366.0	0.0	moderate	15874_1_1_1	61.0	6.0	0.0	17.54
4428_1_1_1	4428_1_1_1	15874_1_1_1	3000260.0	3000366.0	106.0	moderate	4428_1_1_1	65.0	4.0	0.0	0.0
4428_1_1_1	17698_1_1_1	15874_1_1_1	2000118.0	3000366.0	1000248.0	tolerant	17698_1_1_1	59.0	2.0	0.0	0.0
4429_1_1_1	4429_1_1_1	4429_1_1_1	3000470.6806302136	3000470.6806302136	0.0	moderate	4429_1_1_1	118.0	4.0	1.3193697864	0.0
4429_1_1_1	27944_1_1_1	4429_1_1_1	2000476.0	3000470.6806302136	999994.6806302136	tolerant	27944_1_1_1	119.0	4.0	0.0	0.22
4431_1_1_1	4431_1_1_1	4431_1_1_1	3000819.000249636	3000819.000249636	0.0	moderate	4431_1_1_1	137.0	6.0	2.9997503639	7.58
4431_1_1_1	4486_1_1_1	4431_1_1_1	2000648.1844149467	3000819.000249636	1000170.8158346892	tolerant	4486_1_1_1	130.0	5.0	1.8155850533	0.29
4438_1_1_1	4438_1_1_1	4438_1_1_1	3000718.2985614194	3000718.2985614194	0.0	moderate	4438_1_1_1	120.0	6.0	1.7014385808	0.24
4445_1_1_1	4445_1_1_1	4445_1_1_1	3000492.0	3000492.0	0.0	moderate	4445_1_1_1	82.0	6.0	0.0	1.94
4447_1_1_1	4447_1_1_1	4447_1_1_1	3000993.425503408	3000993.425503408	0.0	moderate	4447_1_1_1	166.0	6.0	2.5744965919	0.19
4447_1_1_1	15243_1_1_1	4447_1_1_1	2001036.664654035	3000993.425503408	999956.7608493732	tolerant	15243_1_1_1	173.0	6.0	1.3353459651	0.26
4448_1_1_1	4448_1_1_1	4448_1_1_1	3001099.0	3001099.0	0.0	moderate	4448_1_1_1	157.0	7.0	0.0	1.05
4449_1_1_1	4449_1_1_1	4449_1_1_1	3000792.0	3000792.0	0.0	moderate	4449_1_1_1	132.0	6.0	0.0	1.62
4451_1_1_1	4451_1_1_1	4451_1_1_1	3000595.0	3000595.0	0.0	moderate	4451_1_1_1	85.0	7.0	0.0	0.97
4452_1_1_1	4452_1_1_1	4452_1_1_1	3000476.0	3000476.0	0.0	moderate	4452_1_1_1	119.0	4.0	0.0	0.0
4452_1_1_1	52447_1_1_1	4452_1_1_1	2000720.0	3000476.0	999756.0	tolerant	52447_1_1_1	120.0	6.0	0.0	0.37
4455_1_1_1	4455_1_1_1	4455_1_1_1	3000651.0	3000651.0	0.0	moderate	4455_1_1_1	93.0	7.0	0.0	1.01
4456_1_1_1	4456_1_1_1	4456_1_1_1	3000051.0	3000051.0	0.0	moderate	4456_1_1_1	17.0	3.0	0.0	0.0
4457_1_1_1	4457_1_1_1	4457_1_1_1	2000662.10711675	2000662.10711675	0.0	tolerant	4457_1_1_1	166.0	4.0	1.8928832501	1.79
4459_1_1_1	4459_1_1_1	4459_1_1_1	3000255.0	3000255.0	0.0	moderate	4459_1_1_1	85.0	3.0	0.0	0.0
4460_1_1_1	4460_1_1_1	4460_1_1_1	3000585.5281065283	3000585.5281065283	0.0	moderate	4460_1_1_1	98.0	6.0	2.4718934717	0.4
4461_1_1_1	4461_1_1_1	4461_1_1_1	2000084.0	2000084.0	0.0	tolerant	4461_1_1_1	28.0	3.0	0.0	0.0
4463_1_1_1	4463_1_1_1	4463_1_1_1	2000553.036508305	2000553.036508305	0.0	tolerant	4463_1_1_1	111.0	5.0	1.963491695	0.28
4467_1_1_1	4467_1_1_1	4467_1_1_1	2000607.525453464	2000607.525453464	0.0	tolerant	4467_1_1_1	122.0	5.0	2.4745465362	0.71
4470_1_1_1	4470_1_1_1	4470_1_1_1	3000384.0	3000384.0	0.0	moderate	4470_1_1_1	64.0	6.0	0.0	0.3
4473_1_1_1	4473_1_1_1	4473_1_1_1	3000264.0	3000264.0	0.0	moderate	4473_1_1_1	44.0	6.0	0.0	0.67
4477_1_1_1	4476_1_1_1	4476_1_1_1	2000078.1364988647	2000078.1364988647	0.0	tolerant	4476_1_1_1	27.0	3.0	2.8635011353	0.0
4477_1_1_1	4477_1_1_1	4476_1_1_1	2000075.4922077996	2000078.1364988647	2.6442910651676357	tolerant	4477_1_1_1	26.0	3.0	2.5077922005	0.0
4478_1_1_1	4478_1_1_1	4478_1_1_1	2000522.0	2000522.0	0.0	tolerant	4478_1_1_1	87.0	6.0	0.0	2.88
447_1_1_1	447_1_1_1	447_1_1_1	3000581.0	3000581.0	0.0	moderate	447_1_1_1	83.0	7.0	0.0	1.76
4487_1_1_1	4487_1_1_1	4487_1_1_1	3000156.0	3000156.0	0.0	moderate	4487_1_1_1	52.0	3.0	0.0	0.0
448_1_1_1	448_1_1_1	448_1_1_1	3000069.0	3000069.0	0.0	moderate	448_1_1_1	23.0	3.0	0.0	0.0
448_1_1_1	1693_1_1_1	448_1_1_1	1000033.3643979204	3000069.0	2000035.6356020796	unfiltered	1693_1_1_1	19.0	2.0	4.6356020796	0.0
4491_1_1_1	4491_1_1_1	4491_1_1_1	3000823.3636733284	3000823.3636733284	0.0	moderate	4491_1_1_1	118.0	7.0	2.6363266716	0.21
4496_1_1_1	4496_1_1_1	4496_1_1_1	3000651.0	3000651.0	0.0	moderate	4496_1_1_1	93.0	7.0	0.0	0.36
4506_1_1_1	4506_1_1_1	4506_1_1_1	1000085.420362062	1000085.420362062	0.0	unfiltered	4506_1_1_1	46.0	2.0	6.579637938	0.0
4519_1_1_1	4519_1_1_1	4519_1_1_1	3000956.6549410056	3000956.6549410056	0.0	moderate	4519_1_1_1	137.0	7.0	2.3450589946	1.02
4541_1_1_1	30538_1_1_1	30538_1_1_1	3000245.0	3000245.0	0.0	moderate	30538_1_1_1	35.0	7.0	0.0	0.2
4541_1_1_1	15420_1_1_1	30538_1_1_1	3000148.0	3000245.0	97.0	moderate	15420_1_1_1	37.0	4.0	0.0	0.0
4541_1_1_1	5676_1_1_1	30538_1_1_1	3000108.0	3000245.0	137.0	moderate	5676_1_1_1	36.0	3.0	0.0	0.0
4541_1_1_1	4427_1_1_1	30538_1_1_1	3000105.0	3000245.0	140.0	moderate	4427_1_1_1	35.0	3.0	0.0	0.0
4541_1_1_1	15992_1_1_1	30538_1_1_1	3000102.0	3000245.0	143.0	moderate	15992_1_1_1	34.0	3.0	0.0	0.0
4541_1_1_1	4541_1_1_1	30538_1_1_1	3000099.0	3000245.0	146.0	moderate	4541_1_1_1	33.0	3.0	0.0	0.0
4541_1_1_1	6389_1_1_1	30538_1_1_1	2000117.0	3000245.0	1000128.0	tolerant	6389_1_1_1	39.0	3.0	0.0	0.0
4541_1_1_1	15299_1_1_1	30538_1_1_1	2000111.0	3000245.0	1000134.0	tolerant	15299_1_1_1	37.0	3.0	0.0	0.0
4541_1_1_1	4760_1_1_1	30538_1_1_1	2000099.0	3000245.0	1000146.0	tolerant	4760_1_1_1	33.0	3.0	0.0	0.0
4541_1_1_1	6347_1_1_1	30538_1_1_1	2000096.0	3000245.0	1000149.0	tolerant	6347_1_1_1	32.0	3.0	0.0	0.0
4557_1_1_1	4557_1_1_1	4557_1_1_1	2000058.0	2000058.0	0.0	tolerant	4557_1_1_1	29.0	2.0	0.0	0.0
4558_1_1_1	4558_1_1_1	4558_1_1_1	3000868.0	3000868.0	0.0	moderate	4558_1_1_1	124.0	7.0	0.0	2.37
4560_1_1_1	4560_1_1_1	4560_1_1_1	3000700.0	3000700.0	0.0	moderate	4560_1_1_1	100.0	7.0	0.0	2.09
4564_1_1_1	4564_1_1_1	4564_1_1_1	2001042.6309041772	2001042.6309041772	0.0	tolerant	4564_1_1_1	209.0	5.0	2.3690958228	1.16
4572_1_1_1	4572_1_1_1	4572_1_1_1	3000440.121132569	3000440.121132569	0.0	moderate	4572_1_1_1	63.0	7.0	0.8788674313	1.7
4573_1_1_1	4573_1_1_1	4573_1_1_1	3000575.0	3000575.0	0.0	moderate	4573_1_1_1	115.0	5.0	0.0	1.94
4574_1_1_1	4574_1_1_1	4574_1_1_1	3000781.288147401	3000781.288147401	0.0	moderate	4574_1_1_1	112.0	7.0	2.7118525991	2.52
4577_1_1_1	4577_1_1_1	4577_1_1_1	3001099.0	3001099.0	0.0	moderate	4577_1_1_1	157.0	7.0	0.0	0.49
4583_1_1_1	4583_1_1_1	4583_1_1_1	2000400.0	2000400.0	0.0	tolerant	4583_1_1_1	80.0	5.0	0.0	0.69
4584_1_1_1	4584_1_1_1	4584_1_1_1	3000212.0	3000212.0	0.0	moderate	4584_1_1_1	53.0	4.0	0.0	0.0
4585_1_1_1	16693_1_1_1	16693_1_1_1	3000224.0	3000224.0	0.0	moderate	16693_1_1_1	32.0	7.0	0.0	2.48
4585_1_1_1	4585_1_1_1	16693_1_1_1	3000078.0	3000224.0	146.0	moderate	4585_1_1_1	26.0	3.0	0.0	0.0
4589_1_1_1	4589_1_1_1	4589_1_1_1	3000368.0	3000368.0	0.0	moderate	4589_1_1_1	92.0	4.0	0.0	0.0
4591_1_1_1	4591_1_1_1	4591_1_1_1	3000078.0	3000078.0	0.0	moderate	4591_1_1_1	26.0	3.0	0.0	0.0
4593_1_1_1	4593_1_1_1	4593_1_1_1	3000456.0	3000456.0	0.0	moderate	4593_1_1_1	76.0	6.0	0.0	0.19
4598_1_1_1	4597_1_1_1	4597_1_1_1	3000072.0	3000072.0	0.0	moderate	4597_1_1_1	24.0	3.0	0.0	0.0
4598_1_1_1	4598_1_1_1	4597_1_1_1	3000069.0	3000072.0	3.0	moderate	4598_1_1_1	23.0	3.0	0.0	0.0
4603_1_1_1	4603_1_1_1	4603_1_1_1	3000546.0	3000546.0	0.0	moderate	4603_1_1_1	78.0	7.0	0.0	0.51
4604_1_1_1	4604_1_1_1	4604_1_1_1	1000054.0	1000054.0	0.0	unfiltered	4604_1_1_1	9.0	6.0	0.0	0.0
4615_1_1_1	4615_1_1_1	4615_1_1_1	2000108.0	2000108.0	0.0	tolerant	4615_1_1_1	36.0	3.0	0.0	0.0
4622_1_1_1	4622_1_1_1	4622_1_1_1	2000277.176557979	2000277.176557979	0.0	tolerant	4622_1_1_1	56.0	5.0	2.823442021	0.91
4636_1_1_1	4636_1_1_1	4636_1_1_1	3000996.0	3000996.0	0.0	moderate	4636_1_1_1	166.0	6.0	0.0	1.15
4637_1_1_1	4637_1_1_1	4637_1_1_1	3000354.0	3000354.0	0.0	moderate	4637_1_1_1	59.0	6.0	0.0	3.37
4639_1_1_1	4639_1_1_1	4639_1_1_1	3000171.0	3000171.0	0.0	moderate	4639_1_1_1	57.0	3.0	0.0	0.0
4642_1_1_1	4642_1_1_1	4642_1_1_1	2000117.0	2000117.0	0.0	tolerant	4642_1_1_1	39.0	3.0	0.0	0.0
4643_1_1_1	4643_1_1_1	4643_1_1_1	3000081.0	3000081.0	0.0	moderate	4643_1_1_1	27.0	3.0	0.0	0.0
4645_1_1_1	4645_1_1_1	4645_1_1_1	3000099.0	3000099.0	0.0	moderate	4645_1_1_1	33.0	3.0	0.0	0.0
4648_1_1_1	4648_1_1_1	4648_1_1_1	3001224.0	3001224.0	0.0	moderate	4648_1_1_1	204.0	6.0	0.0	0.36
4650_1_1_1	4650_1_1_1	4650_1_1_1	3000072.0	3000072.0	0.0	moderate	4650_1_1_1	24.0	3.0	0.0	0.0
4651_1_1_1	4651_1_1_1	4651_1_1_1	3000069.0	3000069.0	0.0	moderate	4651_1_1_1	23.0	3.0	0.0	0.0
4652_1_1_1	4652_1_1_1	4652_1_1_1	3000114.0	3000114.0	0.0	moderate	4652_1_1_1	38.0	3.0	0.0	0.0
4653_1_1_1	4653_1_1_1	4653_1_1_1	3000072.0	3000072.0	0.0	moderate	4653_1_1_1	24.0	3.0	0.0	0.0
4654_1_1_1	4654_1_1_1	4654_1_1_1	1000087.4101671308	1000087.4101671308	0.0	unfiltered	4654_1_1_1	32.0	3.0	8.5898328691	0.0
4655_1_1_1	4655_1_1_1	4655_1_1_1	3000087.0	3000087.0	0.0	moderate	4655_1_1_1	29.0	3.0	0.0	0.0
4661_1_1_1	4661_1_1_1	4661_1_1_1	3000552.0	3000552.0	0.0	moderate	4661_1_1_1	92.0	6.0	0.0	0.0
4664_1_1_1	4664_1_1_1	4664_1_1_1	3001015.0	3001015.0	0.0	moderate	4664_1_1_1	145.0	7.0	0.0	1.08
4668_1_1_1	4668_1_1_1	4668_1_1_1	3001043.0	3001043.0	0.0	moderate	4668_1_1_1	149.0	7.0	0.0	1.16
4669_1_1_1	4669_1_1_1	4669_1_1_1	1000121.219406839	1000121.219406839	0.0	unfiltered	4669_1_1_1	42.0	3.0	4.780593161	0.0
4674_1_1_1	4674_1_1_1	4674_1_1_1	3000402.0	3000402.0	0.0	moderate	4674_1_1_1	67.0	6.0	0.0	0.37
4678_1_1_1	4144_1_1_1	4144_1_1_1	3000456.0	3000456.0	0.0	moderate	4144_1_1_1	76.0	6.0	0.0	2.72
4678_1_1_1	4678_1_1_1	4144_1_1_1	3000450.0	3000456.0	6.0	moderate	4678_1_1_1	75.0	6.0	0.0	3.99
4680_1_1_1	4680_1_1_1	4680_1_1_1	2000372.0	2000372.0	0.0	tolerant	4680_1_1_1	62.0	6.0	0.0	2.47
4685_1_1_1	4685_1_1_1	4685_1_1_1	3000105.0	3000105.0	0.0	moderate	4685_1_1_1	35.0	3.0	0.0	0.0
4685_1_1_1	16140_1_1_1	4685_1_1_1	2000099.0	3000105.0	1000006.0	tolerant	16140_1_1_1	33.0	3.0	0.0	0.0
4696_1_1_1	4561_1_1_1	4561_1_1_1	2000155.0	2000155.0	0.0	tolerant	4561_1_1_1	31.0	5.0	0.0	0.59
4696_1_1_1	4696_1_1_1	4561_1_1_1	2000093.0	2000155.0	62.0	tolerant	4696_1_1_1	31.0	3.0	0.0	0.0
4697_1_1_1	4697_1_1_1	4697_1_1_1	3000763.0	3000763.0	0.0	moderate	4697_1_1_1	109.0	7.0	0.0	2.39
4699_1_1_1	4699_1_1_1	4699_1_1_1	2000038.0	2000038.0	0.0	tolerant	4699_1_1_1	19.0	2.0	0.0	0.0
4706_1_1_1	4706_1_1_1	4706_1_1_1	3000906.0	3000906.0	0.0	moderate	4706_1_1_1	151.0	6.0	0.0	2.19
4711_1_1_1	4711_1_1_1	4711_1_1_1	3000297.0	3000297.0	0.0	moderate	4711_1_1_1	99.0	3.0	0.0	0.0
4713_1_1_1	4713_1_1_1	4713_1_1_1	3000102.0	3000102.0	0.0	moderate	4713_1_1_1	34.0	3.0	0.0	0.0
4714_1_1_1	25681_1_1_1	25681_1_1_1	3000238.0	3000238.0	0.0	moderate	25681_1_1_1	34.0	7.0	0.0	0.0
4714_1_1_1	25679_1_1_1	25681_1_1_1	3000175.0	3000238.0	63.0	moderate	25679_1_1_1	35.0	5.0	0.0	0.0
4714_1_1_1	6558_2_1_1	25681_1_1_1	3000156.0	3000238.0	82.0	moderate	6558_2_1_1	39.0	4.0	0.0	0.08
4714_1_1_1	4714_1_1_1	25681_1_1_1	3000105.0	3000238.0	133.0	moderate	4714_1_1_1	35.0	3.0	0.0	0.0
4714_1_1_1	25311_1_1_1	25681_1_1_1	3000105.0	3000238.0	133.0	moderate	25311_1_1_1	35.0	3.0	0.0	0.0
4714_1_1_1	25678_1_1_1	25681_1_1_1	3000105.0	3000238.0	133.0	moderate	25678_1_1_1	35.0	3.0	0.0	0.0
4714_1_1_1	25680_1_1_1	25681_1_1_1	3000105.0	3000238.0	133.0	moderate	25680_1_1_1	35.0	3.0	0.0	0.0
4714_1_1_1	25683_1_1_1	25681_1_1_1	3000105.0	3000238.0	133.0	moderate	25683_1_1_1	35.0	3.0	0.0	0.0
4714_1_1_1	25682_1_1_1	25681_1_1_1	3000102.0	3000238.0	136.0	moderate	25682_1_1_1	34.0	3.0	0.0	0.0
4714_1_1_1	25310_1_1_1	25681_1_1_1	3000099.0	3000238.0	139.0	moderate	25310_1_1_1	33.0	3.0	0.0	0.0
4714_1_1_1	25309_1_1_1	25681_1_1_1	3000096.0	3000238.0	142.0	moderate	25309_1_1_1	32.0	3.0	0.0	0.0
4715_1_1_1	4715_1_1_1	4715_1_1_1	3000102.0	3000102.0	0.0	moderate	4715_1_1_1	34.0	3.0	0.0	0.0
4717_1_1_1	4717_1_1_1	4717_1_1_1	3000994.0	3000994.0	0.0	moderate	4717_1_1_1	142.0	7.0	0.0	0.3
4718_1_1_1	4718_1_1_1	4718_1_1_1	3000595.0	3000595.0	0.0	moderate	4718_1_1_1	119.0	5.0	0.0	0.67
4719_1_1_1	4719_1_1_1	4719_1_1_1	3000931.0	3000931.0	0.0	moderate	4719_1_1_1	133.0	7.0	0.0	0.27
4721_1_1_1	4721_1_1_1	4721_1_1_1	3000471.127660167	3000471.127660167	0.0	moderate	4721_1_1_1	79.0	6.0	2.8723398329	0.57
4726_1_1_1	4726_1_1_1	4726_1_1_1	3000462.0	3000462.0	0.0	moderate	4726_1_1_1	77.0	6.0	0.0	0.21
4727_1_1_1	4727_1_1_1	4727_1_1_1	3000507.626031604	3000507.626031604	0.0	moderate	4727_1_1_1	85.0	6.0	2.3739683959	0.76
4728_1_1_1	4728_1_1_1	4728_1_1_1	3000114.0	3000114.0	0.0	moderate	4728_1_1_1	38.0	3.0	0.0	0.0
4731_1_1_1	4731_1_1_1	4731_1_1_1	3000735.0	3000735.0	0.0	moderate	4731_1_1_1	105.0	7.0	0.0	3.2
4735_1_1_1	4735_1_1_1	4735_1_1_1	3000966.0	3000966.0	0.0	moderate	4735_1_1_1	161.0	6.0	0.0	1.71
4737_1_1_1	4737_1_1_1	4737_1_1_1	3000792.0	3000792.0	0.0	moderate	4737_1_1_1	132.0	6.0	0.0	1.85
4740_1_1_1	4740_1_1_1	4740_1_1_1	3000402.0	3000402.0	0.0	moderate	4740_1_1_1	67.0	6.0	0.0	1.43
4741_2_1_1	4741_2_1_1	4741_2_1_1	3000084.0	3000084.0	0.0	moderate	4741_2_1_1	28.0	3.0	0.0	0.0
4742_1_1_1	4742_1_1_1	4742_1_1_1	3000164.0	3000164.0	0.0	moderate	4742_1_1_1	41.0	4.0	0.0	0.0
4748_2_1_1	4748_2_1_1	4748_2_1_1	3000372.0	3000372.0	0.0	moderate	4748_2_1_1	93.0	4.0	0.0	0.0
4752_1_1_1	4752_1_1_1	4752_1_1_1	2000396.0	2000396.0	0.0	tolerant	4752_1_1_1	66.0	6.0	0.0	0.98
4757_1_1_1	4757_1_1_1	4757_1_1_1	3000264.0	3000264.0	0.0	moderate	4757_1_1_1	44.0	6.0	0.0	0.18
4758_1_1_1	4758_1_1_1	4758_1_1_1	3000492.0	3000492.0	0.0	moderate	4758_1_1_1	82.0	6.0	0.0	2.6
4766_1_1_1	4766_1_1_1	4766_1_1_1	3001264.436742087	3001264.436742087	0.0	moderate	4766_1_1_1	181.0	7.0	2.563257913	2.52
4768_1_1_1	4768_1_1_1	4768_1_1_1	3000576.0	3000576.0	0.0	moderate	4768_1_1_1	96.0	6.0	0.0	0.26
4768_1_1_1	18615_1_1_1	4768_1_1_1	2000910.4462503025	3000576.0	999665.5537496975	tolerant	18615_1_1_1	152.0	6.0	1.5537496974	0.98
476_1_1_1	476_1_1_1	476_1_1_1	2000073.3360382095	2000073.3360382095	0.0	tolerant	476_1_1_1	25.0	3.0	1.6639617902	0.0
4771_1_1_1	4771_1_1_1	4771_1_1_1	2000606.0	2000606.0	0.0	tolerant	4771_1_1_1	101.0	6.0	0.0	0.41
4773_1_1_1	4773_1_1_1	4773_1_1_1	2000414.8903558871	2000414.8903558871	0.0	tolerant	4773_1_1_1	139.0	3.0	2.1096441127	2.34
4775_1_1_1	4775_1_1_1	4775_1_1_1	3001253.0	3001253.0	0.0	moderate	4775_1_1_1	179.0	7.0	0.0	1.5
4775_1_1_1	52276_1_1_1	4775_1_1_1	3000905.0	3001253.0	348.0	moderate	52276_1_1_1	181.0	5.0	0.0	1.27
4775_1_1_1	52275_1_1_1	4775_1_1_1	2000567.0	3001253.0	1000686.0	tolerant	52275_1_1_1	189.0	3.0	0.0	1.72
4784_1_1_1	4784_1_1_1	4784_1_1_1	3000236.0	3000236.0	0.0	moderate	4784_1_1_1	59.0	4.0	0.0	0.0
4785_1_1_1	4785_1_1_1	4785_1_1_1	3000484.0	3000484.0	0.0	moderate	4785_1_1_1	121.0	4.0	0.0	0.0
4787_1_1_1	4787_1_1_1	4787_1_1_1	2000603.5382974443	2000603.5382974443	0.0	tolerant	4787_1_1_1	101.0	6.0	2.4617025556	1.42
4788_1_1_1	4788_1_1_1	4788_1_1_1	3000552.0	3000552.0	0.0	moderate	4788_1_1_1	92.0	6.0	0.0	0.9
4791_1_1_1	4791_1_1_1	4791_1_1_1	3000959.0	3000959.0	0.0	moderate	4791_1_1_1	137.0	7.0	0.0	1.03
4792_1_1_1	4792_1_1_1	4792_1_1_1	3000550.563564977	3000550.563564977	0.0	moderate	4792_1_1_1	79.0	7.0	2.436435023	0.75
4793_1_1_1	4793_1_1_1	4793_1_1_1	3000770.0	3000770.0	0.0	moderate	4793_1_1_1	110.0	7.0	0.0	0.63
4794_1_1_1	4794_1_1_1	4794_1_1_1	3000672.0	3000672.0	0.0	moderate	4794_1_1_1	112.0	6.0	0.0	1.02
4794_1_1_1	4795_1_1_1	4794_1_1_1	2000517.6925036544	3000672.0	1000154.3074963456	tolerant	4795_1_1_1	104.0	5.0	2.3074963454	1.06
4796_1_1_1	4796_1_1_1	4796_1_1_1	3000833.0	3000833.0	0.0	moderate	4796_1_1_1	119.0	7.0	0.0	0.74
4799_1_1_1	4799_1_1_1	4799_1_1_1	1000053.1081965158	1000053.1081965158	0.0	unfiltered	4799_1_1_1	21.0	3.0	9.8918034842	0.0
4811_1_1_1	4811_1_1_1	4811_1_1_1	3000342.0	3000342.0	0.0	moderate	4811_1_1_1	114.0	3.0	0.0	0.0
4811_1_1_1	11515_1_1_1	4811_1_1_1	2000076.0	3000342.0	1000266.0	tolerant	11515_1_1_1	38.0	2.0	0.0	0.0
4814_1_1_1	4814_1_1_1	4814_1_1_1	3000972.0	3000972.0	0.0	moderate	4814_1_1_1	162.0	6.0	0.0	0.49
4818_1_1_1	4818_1_1_1	4818_1_1_1	3000906.0	3000906.0	0.0	moderate	4818_1_1_1	151.0	6.0	0.0	0.89
4819_1_1_1	4819_1_1_1	4819_1_1_1	3000553.0	3000553.0	0.0	moderate	4819_1_1_1	79.0	7.0	0.0	0.34
481_1_1_1	481_1_1_1	481_1_1_1	2000123.0	2000123.0	0.0	tolerant	481_1_1_1	41.0	3.0	0.0	0.0
481_1_1_1	480_1_1_1	481_1_1_1	2000123.0	2000123.0	0.0	tolerant	480_1_1_1	41.0	3.0	0.0	0.0
4820_1_1_1	4820_1_1_1	4820_1_1_1	3000140.0	3000140.0	0.0	moderate	4820_1_1_1	35.0	4.0	0.0	0.0
4821_1_1_1	4821_1_1_1	4821_1_1_1	3001001.0	3001001.0	0.0	moderate	4821_1_1_1	143.0	7.0	0.0	1.66
4829_1_1_1	5365_1_1_1	5365_1_1_1	3000576.0	3000576.0	0.0	moderate	5365_1_1_1	96.0	6.0	0.0	2.11
4829_1_1_1	4829_1_1_1	5365_1_1_1	3000546.0	3000576.0	30.0	moderate	4829_1_1_1	91.0	6.0	0.0	2.37
4830_1_1_1	4830_1_1_1	4830_1_1_1	3000632.0	3000632.0	0.0	moderate	4830_1_1_1	158.0	4.0	0.0	0.0
4833_1_1_1	4833_1_1_1	4833_1_1_1	3000595.0	3000595.0	0.0	moderate	4833_1_1_1	85.0	7.0	0.0	1.37
4839_1_1_1	4839_1_1_1	4839_1_1_1	1000819.0	1000819.0	0.0	unfiltered	4839_1_1_1	117.0	7.0	0.0	1.26
4840_1_1_1	4840_1_1_1	4840_1_1_1	3001044.0	3001044.0	0.0	moderate	4840_1_1_1	174.0	6.0	0.0	2.2
4851_1_1_1	4851_1_1_1	4851_1_1_1	3000834.0	3000834.0	0.0	moderate	4851_1_1_1	139.0	6.0	0.0	0.47
4854_1_1_1	4854_1_1_1	4854_1_1_1	2001386.0	2001386.0	0.0	tolerant	4854_1_1_1	231.0	6.0	0.0	1.39
4857_1_1_1	4857_1_1_1	4857_1_1_1	3000854.0	3000854.0	0.0	moderate	4857_1_1_1	122.0	7.0	0.0	0.57
4858_1_1_1	4858_1_1_1	4858_1_1_1	3000591.424732623	3000591.424732623	0.0	moderate	4858_1_1_1	99.0	6.0	2.5752673767	2.75
4860_1_1_1	4860_1_1_1	4860_1_1_1	3000823.18548326	3000823.18548326	0.0	moderate	4860_1_1_1	118.0	7.0	2.8145167398	1.46
4860_1_1_1	11498_1_1_1	4860_1_1_1	2000453.5792630364	3000823.18548326	1000369.6062202237	tolerant	11498_1_1_1	114.0	4.0	2.4207369636	1.69
4863_1_1_1	4863_1_1_1	4863_1_1_1	3000540.0	3000540.0	0.0	moderate	4863_1_1_1	90.0	6.0	0.0	3.06
4869_1_1_1	17855_1_1_1	17855_1_1_1	3000634.1398422653	3000634.1398422653	0.0	moderate	17855_1_1_1	91.0	7.0	2.8601577347	0.22
4869_1_1_1	4869_1_1_1	17855_1_1_1	3000474.0	3000634.1398422653	160.13984226528555	moderate	4869_1_1_1	79.0	6.0	0.0	3.02
4871_1_1_1	4871_1_1_1	4871_1_1_1	3001166.323933914	3001166.323933914	0.0	moderate	4871_1_1_1	167.0	7.0	2.6760660863	0.95
4874_1_1_1	4874_1_1_1	4874_1_1_1	3000512.952806749	3000512.952806749	0.0	moderate	4874_1_1_1	103.0	5.0	2.0471932509	0.67
4878_1_1_1	4878_1_1_1	4878_1_1_1	3000588.0	3000588.0	0.0	moderate	4878_1_1_1	98.0	6.0	0.0	0.66
4880_1_1_1	4880_1_1_1	4880_1_1_1	3000742.0	3000742.0	0.0	moderate	4880_1_1_1	106.0	7.0	0.0	0.66
4885_1_1_1	4885_1_1_1	4885_1_1_1	3000640.0	3000640.0	0.0	moderate	4885_1_1_1	128.0	5.0	0.0	0.84
4886_1_1_1	4886_1_1_1	4886_1_1_1	3000580.0	3000580.0	0.0	moderate	4886_1_1_1	145.0	4.0	0.0	0.0
4896_1_1_1	4896_1_1_1	4896_1_1_1	3000861.0	3000861.0	0.0	moderate	4896_1_1_1	123.0	7.0	0.0	0.99
4897_1_1_1	4897_1_1_1	4897_1_1_1	3000980.0	3000980.0	0.0	moderate	4897_1_1_1	196.0	5.0	0.0	0.85
4899_1_1_1	4899_1_1_1	4899_1_1_1	3000342.0	3000342.0	0.0	moderate	4899_1_1_1	57.0	6.0	0.0	2.82
4901_1_1_1	4901_1_1_1	4901_1_1_1	3000612.0	3000612.0	0.0	moderate	4901_1_1_1	102.0	6.0	0.0	1.15
4902_1_1_1	4902_1_1_1	4902_1_1_1	3000686.0	3000686.0	0.0	moderate	4902_1_1_1	98.0	7.0	0.0	0.19
4906_1_1_1	4906_1_1_1	4906_1_1_1	3000273.0	3000273.0	0.0	moderate	4906_1_1_1	39.0	7.0	0.0	2.36
4915_1_1_1	4915_1_1_1	4915_1_1_1	2000832.1491015728	2000832.1491015728	0.0	tolerant	4915_1_1_1	139.0	6.0	1.8508984271	0.54
4918_1_1_1	4918_1_1_1	4918_1_1_1	3000464.0	3000464.0	0.0	moderate	4918_1_1_1	116.0	4.0	0.0	0.0
4919_1_1_1	4919_1_1_1	4919_1_1_1	3000780.0	3000780.0	0.0	moderate	4919_1_1_1	130.0	6.0	0.0	0.0
4921_1_1_1	4921_1_1_1	4921_1_1_1	3000072.0	3000072.0	0.0	moderate	4921_1_1_1	24.0	3.0	0.0	0.0
4923_1_1_1	4923_1_1_1	4923_1_1_1	3000123.10390967	3000123.10390967	0.0	moderate	4923_1_1_1	42.0	3.0	2.8960903303	0.0
4927_1_1_1	4927_1_1_1	4927_1_1_1	3000693.0	3000693.0	0.0	moderate	4927_1_1_1	99.0	7.0	0.0	0.83
4929_1_1_1	4929_1_1_1	4929_1_1_1	3000784.0	3000784.0	0.0	moderate	4929_1_1_1	112.0	7.0	0.0	1.18
4933_1_1_1	4933_1_1_1	4933_1_1_1	3000228.0	3000228.0	0.0	moderate	4933_1_1_1	57.0	4.0	0.0	0.0
4933_1_1_1	4930_1_1_1	4933_1_1_1	3000228.0	3000228.0	0.0	moderate	4930_1_1_1	57.0	4.0	0.0	0.0
4935_1_1_1	4935_1_1_1	4935_1_1_1	2000558.0	2000558.0	0.0	tolerant	4935_1_1_1	93.0	6.0	0.0	1.6
4937_1_1_1	4937_1_1_1	4937_1_1_1	3000069.0	3000069.0	0.0	moderate	4937_1_1_1	23.0	3.0	0.0	0.0
4938_1_1_1	4938_1_1_1	4938_1_1_1	3000907.299698825	3000907.299698825	0.0	moderate	4938_1_1_1	130.0	7.0	2.7003011748	1.54
4938_1_1_1	5145_1_1_1	4938_1_1_1	2000642.4691150517	3000907.299698825	1000264.8305837733	tolerant	5145_1_1_1	129.0	5.0	2.5308849484	1.13
4940_1_1_1	4940_1_1_1	4940_1_1_1	3000791.0	3000791.0	0.0	moderate	4940_1_1_1	113.0	7.0	0.0	0.92
4941_1_1_1	4941_1_1_1	4941_1_1_1	3000513.311665571	3000513.311665571	0.0	moderate	4941_1_1_1	86.0	6.0	2.6883344291	1.0
4944_1_1_1	6563_1_1_1	6563_1_1_1	3000959.0	3000959.0	0.0	moderate	6563_1_1_1	137.0	7.0	0.0	1.1
4944_1_1_1	4944_1_1_1	6563_1_1_1	3000762.0	3000959.0	197.0	moderate	4944_1_1_1	127.0	6.0	0.0	1.66
4945_1_1_1	4945_1_1_1	4945_1_1_1	2000717.5501931908	2000717.5501931908	0.0	tolerant	4945_1_1_1	120.0	6.0	2.4498068093	1.51
4946_1_1_1	5343_1_1_1	5343_1_1_1	3000784.0	3000784.0	0.0	moderate	5343_1_1_1	112.0	7.0	0.0	0.57
4946_1_1_1	1766_1_1_1	5343_1_1_1	3000333.0	3000784.0	451.0	moderate	1766_1_1_1	111.0	3.0	0.0	0.0
4946_1_1_1	695_1_1_1	5343_1_1_1	3000330.0	3000784.0	454.0	moderate	695_1_1_1	110.0	3.0	0.0	0.0
4946_1_1_1	4946_1_1_1	5343_1_1_1	3000324.0	3000784.0	460.0	moderate	4946_1_1_1	108.0	3.0	0.0	0.0
4952_1_1_1	4952_1_1_1	4952_1_1_1	3000651.0	3000651.0	0.0	moderate	4952_1_1_1	93.0	7.0	0.0	2.31
4953_1_1_1	4953_1_1_1	4953_1_1_1	3000693.0	3000693.0	0.0	moderate	4953_1_1_1	99.0	7.0	0.0	4.12
4955_1_1_1	4955_1_1_1	4955_1_1_1	3000721.0	3000721.0	0.0	moderate	4955_1_1_1	103.0	7.0	0.0	0.14
4956_1_1_1	4956_1_1_1	4956_1_1_1	3000775.0	3000775.0	0.0	moderate	4956_1_1_1	155.0	5.0	0.0	0.0
4957_1_1_1	4957_1_1_1	4957_1_1_1	3000651.0	3000651.0	0.0	moderate	4957_1_1_1	93.0	7.0	0.0	1.06
4958_1_1_1	4958_1_1_1	4958_1_1_1	3000616.0	3000616.0	0.0	moderate	4958_1_1_1	88.0	7.0	0.0	0.41
4959_1_1_1	4959_1_1_1	4959_1_1_1	3000970.964034488	3000970.964034488	0.0	moderate	4959_1_1_1	139.0	7.0	2.0359655119	2.2
4967_1_1_1	4967_1_1_1	4967_1_1_1	3000416.0	3000416.0	0.0	moderate	4967_1_1_1	104.0	4.0	0.0	0.68
4971_1_1_1	4351_1_1_1	4351_1_1_1	3000135.0	3000135.0	0.0	moderate	4351_1_1_1	27.0	5.0	0.0	0.0
4971_1_1_1	4971_1_1_1	4351_1_1_1	3000130.0	3000135.0	5.0	moderate	4971_1_1_1	26.0	5.0	0.0	0.0
4971_1_1_1	4656_1_1_1	4351_1_1_1	3000087.0	3000135.0	48.0	moderate	4656_1_1_1	29.0	3.0	0.0	0.0
4972_1_1_1	4972_1_1_1	4972_1_1_1	3000588.0	3000588.0	0.0	moderate	4972_1_1_1	84.0	7.0	0.0	0.7
4972_1_1_1	5757_1_1_1	4972_1_1_1	1000336.0	3000588.0	2000252.0	unfiltered	5757_1_1_1	84.0	4.0	0.0	0.74
4973_1_1_1	4973_1_1_1	4973_1_1_1	2000604.1081737296	2000604.1081737296	0.0	tolerant	4973_1_1_1	101.0	6.0	1.8918262707	0.28
4981_1_1_1	4981_1_1_1	4981_1_1_1	3000588.0	3000588.0	0.0	moderate	4981_1_1_1	84.0	7.0	0.0	0.82
4984_1_1_1	4984_1_1_1	4984_1_1_1	3001036.0	3001036.0	0.0	moderate	4984_1_1_1	148.0	7.0	0.0	2.8
4988_1_1_1	4988_1_1_1	4988_1_1_1	3000105.0	3000105.0	0.0	moderate	4988_1_1_1	35.0	3.0	0.0	0.0
4988_1_1_1	7123_1_1_1	4988_1_1_1	2000111.0	3000105.0	999994.0	tolerant	7123_1_1_1	37.0	3.0	0.0	0.0
4991_1_1_1	4991_1_1_1	4991_1_1_1	3000450.0	3000450.0	0.0	moderate	4991_1_1_1	75.0	6.0	0.0	0.56
4996_1_1_1	4996_1_1_1	4996_1_1_1	3000553.0	3000553.0	0.0	moderate	4996_1_1_1	79.0	7.0	0.0	0.81
4999_1_1_1	4999_1_1_1	4999_1_1_1	3000718.2943881783	3000718.2943881783	0.0	moderate	4999_1_1_1	103.0	7.0	2.7056118217	1.06
50003_1_1_1	50003_1_1_1	50003_1_1_1	2000217.394154674	2000217.394154674	0.0	tolerant	50003_1_1_1	73.0	3.0	1.6058453262	0.9
50004_1_1_1	50004_1_1_1	50004_1_1_1	2000432.0	2000432.0	0.0	tolerant	50004_1_1_1	144.0	3.0	0.0	0.92
50007_2_1_1	50007_2_1_1	50007_2_1_1	3000488.068312887	3000488.068312887	0.0	moderate	50007_2_1_1	70.0	7.0	1.931687113	0.58
50009_1_1_1	50009_1_1_1	50009_1_1_1	3000981.0257165143	3000981.0257165143	0.0	moderate	50009_1_1_1	164.0	6.0	2.9742834857	1.01
50009_1_1_1	17361_1_1_1	50009_1_1_1	1000212.0	3000981.0257165143	2000769.0257165143	unfiltered	17361_1_1_1	53.0	4.0	0.0	1.25
50009_1_1_1	50085_1_1_1	50009_1_1_1	1000082.0	3000981.0257165143	2000899.0257165143	unfiltered	50085_1_1_1	41.0	2.0	0.0	0.0
5000_1_1_1	5552_1_1_1	5552_1_1_1	3000810.0	3000810.0	0.0	moderate	5552_1_1_1	135.0	6.0	0.0	1.28
5000_1_1_1	5000_1_1_1	5552_1_1_1	3000696.0	3000810.0	114.0	moderate	5000_1_1_1	116.0	6.0	0.0	1.03
50014_1_1_1	50014_1_1_1	50014_1_1_1	2000178.0873547243	2000178.0873547243	0.0	tolerant	50014_1_1_1	45.0	4.0	1.9126452758	1.19
50017_1_1_1	50739_1_1_1	50739_1_1_1	2000529.8694284856	2000529.8694284856	0.0	tolerant	50739_1_1_1	133.0	4.0	2.1305715147	1.32
50017_1_1_1	50017_1_1_1	50739_1_1_1	2000494.2779749888	2000529.8694284856	35.5914534968324	tolerant	50017_1_1_1	124.0	4.0	1.7220250115	2.75
50022_1_1_1	50022_1_1_1	50022_1_1_1	4000716.0	4000716.0	0.0	strict	50022_1_1_1	179.0	4.0	0.0	1.99
50025_1_1_1	50025_1_1_1	50025_1_1_1	4000760.0	4000760.0	0.0	strict	50025_1_1_1	152.0	5.0	0.0	0.52
50026_1_1_1	50026_1_1_1	50026_1_1_1	1000280.0	1000280.0	0.0	unfiltered	50026_1_1_1	56.0	5.0	0.0	2.8
50027_1_1_1	50027_1_1_1	50027_1_1_1	4000287.0	4000287.0	0.0	strict	50027_1_1_1	41.0	7.0	0.0	3.18
50028_1_1_1	50028_1_1_1	50028_1_1_1	4000294.0	4000294.0	0.0	strict	50028_1_1_1	42.0	7.0	0.0	0.4
50028_1_1_1	30503_1_1_1	50028_1_1_1	4000196.0	4000294.0	98.0	strict	30503_1_1_1	49.0	4.0	0.0	0.0
50028_1_1_1	30472_1_1_1	50028_1_1_1	1000015.0	4000294.0	3000279.0	unfiltered	30472_1_1_1	5.0	3.0	0.0	0.0
50034_1_1_1	50034_1_1_1	50034_1_1_1	2000316.0	2000316.0	0.0	tolerant	50034_1_1_1	79.0	4.0	0.0	0.27
50035_1_1_1	50035_1_1_1	50035_1_1_1	3000452.0	3000452.0	0.0	moderate	50035_1_1_1	113.0	4.0	0.0	0.74
5004_1_1_1	5004_1_1_1	5004_1_1_1	3000777.0	3000777.0	0.0	moderate	5004_1_1_1	111.0	7.0	0.0	0.73
5004_1_1_1	4843_1_1_1	5004_1_1_1	3000777.0	3000777.0	0.0	moderate	4843_1_1_1	111.0	7.0	0.0	0.53
50077_1_1_1	50077_1_1_1	50077_1_1_1	2000499.7254976872	2000499.7254976872	0.0	tolerant	50077_1_1_1	167.0	3.0	1.2745023128	1.53
50078_1_1_1	50078_1_1_1	50078_1_1_1	2000297.1442092103	2000297.1442092103	0.0	tolerant	50078_1_1_1	75.0	4.0	2.8557907894	1.6
50079_1_1_1	50079_1_1_1	50079_1_1_1	2000274.9012276544	2000274.9012276544	0.0	tolerant	50079_1_1_1	92.0	3.0	1.0987723456	1.76
50080_1_1_1	50080_1_1_1	50080_1_1_1	4000635.0	4000635.0	0.0	strict	50080_1_1_1	127.0	5.0	0.0	0.74
50082_1_1_1	50082_1_1_1	50082_1_1_1	2000970.0	2000970.0	0.0	tolerant	50082_1_1_1	194.0	5.0	0.0	0.96
50084_1_1_1	50084_1_1_1	50084_1_1_1	4000805.0	4000805.0	0.0	strict	50084_1_1_1	115.0	7.0	0.0	0.16
50084_1_1_1	5013_1_1_1	50084_1_1_1	3000812.0	4000805.0	999993.0	moderate	5013_1_1_1	116.0	7.0	0.0	0.26
50086_1_1_1	50086_1_1_1	50086_1_1_1	2000202.131199185	2000202.131199185	0.0	tolerant	50086_1_1_1	51.0	4.0	1.8688008149	1.3
50091_1_1_1	50091_1_1_1	50091_1_1_1	4000575.0	4000575.0	0.0	strict	50091_1_1_1	115.0	5.0	0.0	0.67
50094_1_1_1	50094_1_1_1	50094_1_1_1	4000970.0	4000970.0	0.0	strict	50094_1_1_1	194.0	5.0	0.0	1.13
50098_1_1_1	50098_1_1_1	50098_1_1_1	2000394.222817273	2000394.222817273	0.0	tolerant	50098_1_1_1	99.0	4.0	1.7771827268	1.74
50099_1_1_1	50099_1_1_1	50099_1_1_1	2000390.2164150812	2000390.2164150812	0.0	tolerant	50099_1_1_1	98.0	4.0	1.7835849188	1.68
5009_1_1_1	5009_1_1_1	5009_1_1_1	3000777.0	3000777.0	0.0	moderate	5009_1_1_1	111.0	7.0	0.0	0.3
5009_1_1_1	5008_1_1_1	5009_1_1_1	3000470.0	3000777.0	307.0	moderate	5008_1_1_1	94.0	5.0	0.0	0.66
50100_1_1_1	50100_1_1_1	50100_1_1_1	2000270.0651824272	2000270.0651824272	0.0	tolerant	50100_1_1_1	68.0	4.0	1.9348175726	1.46
50101_1_1_1	50101_1_1_1	50101_1_1_1	2000382.289542565	2000382.289542565	0.0	tolerant	50101_1_1_1	96.0	4.0	1.710457435	1.54
50102_1_1_1	50102_1_1_1	50102_1_1_1	2000397.8995267793	2000397.8995267793	0.0	tolerant	50102_1_1_1	100.0	4.0	2.1004732208	1.52
50103_1_1_1	50103_1_1_1	50103_1_1_1	2000345.9364851704	2000345.9364851704	0.0	tolerant	50103_1_1_1	87.0	4.0	2.0635148299	1.65
50105_1_1_1	50105_1_1_1	50105_1_1_1	2000245.5117768196	2000245.5117768196	0.0	tolerant	50105_1_1_1	62.0	4.0	2.4882231803	1.41
50107_1_1_1	50107_1_1_1	50107_1_1_1	3001122.0	3001122.0	0.0	moderate	50107_1_1_1	187.0	6.0	0.0	1.17
50114_1_1_1	50114_1_1_1	50114_1_1_1	3000623.0	3000623.0	0.0	moderate	50114_1_1_1	89.0	7.0	0.0	0.14
50114_1_1_1	50118_1_1_1	50114_1_1_1	2000543.112487337	3000623.0	1000079.8875126629	tolerant	50118_1_1_1	91.0	6.0	2.8875126629	0.27
50114_1_1_1	51173_1_1_1	50114_1_1_1	2000413.0	3000623.0	1000210.0	tolerant	51173_1_1_1	59.0	7.0	0.0	0.26
50115_1_1_1	50115_1_1_1	50115_1_1_1	2000253.3543851648	2000253.3543851648	0.0	tolerant	50115_1_1_1	64.0	4.0	2.6456148351	1.53
50117_1_1_1	50117_1_1_1	50117_1_1_1	2000358.0381761503	2000358.0381761503	0.0	tolerant	50117_1_1_1	90.0	4.0	1.9618238496	1.27
50120_1_1_1	50119_1_1_1	50119_1_1_1	2000233.4864114672	2000233.4864114672	0.0	tolerant	50119_1_1_1	59.0	4.0	2.5135885325	1.83
50120_1_1_1	50120_1_1_1	50119_1_1_1	2000174.5534354656	2000233.4864114672	58.93297600164078	tolerant	50120_1_1_1	59.0	3.0	2.4465645345	1.73
50122_1_1_1	50122_1_1_1	50122_1_1_1	2000095.1881582404	2000095.1881582404	0.0	tolerant	50122_1_1_1	48.0	2.0	0.8118417595	1.42
50122_1_1_1	25146_1_1_1	50122_1_1_1	1000060.0	2000095.1881582404	1000035.1881582404	unfiltered	25146_1_1_1	15.0	4.0	0.0	0.0
50123_1_1_1	50123_1_1_1	50123_1_1_1	1001200.0	1001200.0	0.0	unfiltered	50123_1_1_1	300.0	4.0	0.0	0.37
50124_1_1_1	50124_1_1_1	50124_1_1_1	3001187.200325027	3001187.200325027	0.0	moderate	50124_1_1_1	170.0	7.0	2.7996749729	0.91
50127_1_1_1	50127_1_1_1	50127_1_1_1	2000149.433393292	2000149.433393292	0.0	tolerant	50127_1_1_1	38.0	4.0	2.5666067082	2.46
5012_1_1_1	5012_1_1_1	5012_1_1_1	3000272.0	3000272.0	0.0	moderate	5012_1_1_1	68.0	4.0	0.0	0.0
50130_1_1_1	50129_1_1_1	50129_1_1_1	2000301.5468428768	2000301.5468428768	0.0	tolerant	50129_1_1_1	101.0	3.0	1.4531571235	2.82
50130_1_1_1	50130_1_1_1	50129_1_1_1	2000298.4682744665	2000301.5468428768	3.0785684103611857	tolerant	50130_1_1_1	100.0	3.0	1.5317255338	2.85
50130_1_1_1	17945_1_1_1	50129_1_1_1	2000222.0	2000301.5468428768	79.54684287682176	tolerant	17945_1_1_1	111.0	2.0	0.0	2.64
50131_1_1_1	50131_1_1_1	50131_1_1_1	2000515.302901471	2000515.302901471	0.0	tolerant	50131_1_1_1	258.0	2.0	0.697098529	0.0
50132_1_1_1	50132_1_1_1	50132_1_1_1	2000485.3520701183	2000485.3520701183	0.0	tolerant	50132_1_1_1	243.0	2.0	0.6479298816	0.0
50132_1_1_1	50133_1_1_1	50132_1_1_1	2000485.326989369	2000485.3520701183	0.025080749299377203	tolerant	50133_1_1_1	243.0	2.0	0.673010631	0.0
50132_1_1_1	50134_1_1_1	50132_1_1_1	2000485.3032370885	2000485.3520701183	0.04883302981033921	tolerant	50134_1_1_1	243.0	2.0	0.6967629118	0.0
50132_1_1_1	12016_1_1_1	50132_1_1_1	2000435.1451441245	2000485.3520701183	50.20692599378526	tolerant	12016_1_1_1	218.0	2.0	0.8548558758	0.0
50132_1_1_1	17473_1_1_1	50132_1_1_1	1000277.0293451546	2000485.3520701183	1000208.3227249637	unfiltered	17473_1_1_1	142.0	2.0	6.9706548454	0.0
50132_1_1_1	15379_1_1_1	50132_1_1_1	1000259.1820429967	2000485.3520701183	1000226.1700271216	unfiltered	15379_1_1_1	132.0	2.0	4.8179570032	0.0
50132_1_1_1	18406_1_1_1	50132_1_1_1	1000088.0	2000485.3520701183	1000397.3520701183	unfiltered	18406_1_1_1	22.0	4.0	0.0	0.0
50138_1_1_1	50138_1_1_1	50138_1_1_1	2000347.4404320552	2000347.4404320552	0.0	tolerant	50138_1_1_1	116.0	3.0	0.5595679446	1.58
50139_1_1_1	50139_1_1_1	50139_1_1_1	4001250.0	4001250.0	0.0	strict	50139_1_1_1	250.0	5.0	0.0	0.48
50148_1_1_1	50148_1_1_1	50148_1_1_1	4000585.0	4000585.0	0.0	strict	50148_1_1_1	117.0	5.0	0.0	0.86
50148_1_1_1	50143_1_1_1	50148_1_1_1	4000532.0	4000585.0	53.0	strict	50143_1_1_1	133.0	4.0	0.0	0.83
50148_1_1_1	52788_1_1_1	50148_1_1_1	4000528.0	4000585.0	57.0	strict	52788_1_1_1	132.0	4.0	0.0	0.53
50148_1_1_1	52787_1_1_1	50148_1_1_1	4000504.0	4000585.0	81.0	strict	52787_1_1_1	126.0	4.0	0.0	0.74
50148_1_1_1	52785_1_1_1	50148_1_1_1	4000504.0	4000585.0	81.0	strict	52785_1_1_1	126.0	4.0	0.0	0.8
50148_1_1_1	52786_1_1_1	50148_1_1_1	4000504.0	4000585.0	81.0	strict	52786_1_1_1	126.0	4.0	0.0	0.69
50148_1_1_1	50801_1_1_1	50148_1_1_1	3000600.0	4000585.0	999985.0	moderate	50801_1_1_1	120.0	5.0	0.0	0.21
50148_1_1_1	50145_1_1_1	50148_1_1_1	3000446.7902977173	4000585.0	1000138.2097022827	moderate	50145_1_1_1	112.0	4.0	1.2097022829	0.27
50148_1_1_1	51416_1_1_1	50148_1_1_1	2000218.0	4000585.0	2000367.0	tolerant	51416_1_1_1	109.0	2.0	0.0	0.0
5014_1_1_1	5014_1_1_1	5014_1_1_1	2000509.1608378056	2000509.1608378056	0.0	tolerant	5014_1_1_1	128.0	4.0	2.8391621944	2.52
50151_1_1_1	50151_1_1_1	50151_1_1_1	3000325.0	3000325.0	0.0	moderate	50151_1_1_1	65.0	5.0	0.0	0.83
50152_1_1_1	50152_1_1_1	50152_1_1_1	1000192.0	1000192.0	0.0	unfiltered	50152_1_1_1	48.0	4.0	0.0	2.46
50153_1_1_1	50153_1_1_1	50153_1_1_1	3000238.0	3000238.0	0.0	moderate	50153_1_1_1	34.0	7.0	0.0	2.62
50156_1_1_1	50156_1_1_1	50156_1_1_1	3000720.0	3000720.0	0.0	moderate	50156_1_1_1	144.0	5.0	0.0	1.99
50157_1_1_1	50157_1_1_1	50157_1_1_1	3001167.832648554	3001167.832648554	0.0	moderate	50157_1_1_1	195.0	6.0	2.1673514463	1.04
50158_1_1_1	50158_1_1_1	50158_1_1_1	3001540.0	3001540.0	0.0	moderate	50158_1_1_1	308.0	5.0	0.0	0.66
50159_1_1_1	50159_1_1_1	50159_1_1_1	4000234.0	4000234.0	0.0	strict	50159_1_1_1	39.0	6.0	0.0	0.63
50159_1_1_1	30761_1_1_1	50159_1_1_1	4000234.0	4000234.0	0.0	strict	30761_1_1_1	39.0	6.0	0.0	0.52
50159_1_1_1	6056_1_1_1	50159_1_1_1	3000099.0	4000234.0	1000135.0	moderate	6056_1_1_1	33.0	3.0	0.0	0.0
50159_1_1_1	52090_1_1_1	50159_1_1_1	1000144.0	4000234.0	3000090.0	unfiltered	52090_1_1_1	36.0	4.0	0.0	1.36
50159_1_1_1	52104_1_1_1	50159_1_1_1	1000140.0	4000234.0	3000094.0	unfiltered	52104_1_1_1	35.0	4.0	0.0	0.76
50165_1_1_1	30935_1_1_1	30935_1_1_1	2000162.0	2000162.0	0.0	tolerant	30935_1_1_1	27.0	6.0	0.0	0.0
50165_1_1_1	30848_1_1_1	30935_1_1_1	2000162.0	2000162.0	0.0	tolerant	30848_1_1_1	27.0	6.0	0.0	0.0
50165_1_1_1	31102_1_1_1	30935_1_1_1	2000156.0	2000162.0	6.0	tolerant	31102_1_1_1	26.0	6.0	0.0	0.0
50165_1_1_1	52314_1_1_1	30935_1_1_1	2000135.0	2000162.0	27.0	tolerant	52314_1_1_1	27.0	5.0	0.0	0.0
50165_1_1_1	6872_1_1_1	30935_1_1_1	2000087.0	2000162.0	75.0	tolerant	6872_1_1_1	29.0	3.0	0.0	0.0
50165_1_1_1	7064_1_1_1	30935_1_1_1	2000087.0	2000162.0	75.0	tolerant	7064_1_1_1	29.0	3.0	0.0	0.0
50165_1_1_1	19874_1_1_1	30935_1_1_1	2000084.0	2000162.0	78.0	tolerant	19874_1_1_1	28.0	3.0	0.0	0.0
50165_1_1_1	5114_1_1_1	30935_1_1_1	2000081.0	2000162.0	81.0	tolerant	5114_1_1_1	27.0	3.0	0.0	0.0
50165_1_1_1	50165_1_1_1	30935_1_1_1	2000056.0	2000162.0	106.0	tolerant	50165_1_1_1	28.0	2.0	0.0	0.0
50165_1_1_1	52316_1_1_1	30935_1_1_1	2000056.0	2000162.0	106.0	tolerant	52316_1_1_1	28.0	2.0	0.0	0.0
50166_1_1_1	50166_1_1_1	50166_1_1_1	4001043.0	4001043.0	0.0	strict	50166_1_1_1	149.0	7.0	0.0	1.33
50167_1_1_1	52635_1_1_1	52635_1_1_1	4000796.5648909863	4000796.5648909863	0.0	strict	52635_1_1_1	114.0	7.0	1.4351090138	0.37
50167_1_1_1	50167_1_1_1	52635_1_1_1	4000714.0	4000796.5648909863	82.56489098630846	strict	50167_1_1_1	102.0	7.0	0.0	0.37
50167_1_1_1	52098_1_1_1	52635_1_1_1	3000530.0	4000796.5648909863	1000266.5648909863	moderate	52098_1_1_1	106.0	5.0	0.0	2.72
50167_1_1_1	52091_1_1_1	52635_1_1_1	3000525.0	4000796.5648909863	1000271.5648909863	moderate	52091_1_1_1	105.0	5.0	0.0	0.08
50167_1_1_1	52065_1_1_1	52635_1_1_1	3000518.107863609	4000796.5648909863	1000278.4570273771	moderate	52065_1_1_1	104.0	5.0	1.8921363909	0.28
50167_1_1_1	51997_1_1_1	52635_1_1_1	3000517.679347835	4000796.5648909863	1000278.8855431513	moderate	51997_1_1_1	104.0	5.0	2.3206521651	0.5
50167_1_1_1	52286_1_1_1	52635_1_1_1	3000441.534826424	4000796.5648909863	1000355.0300645623	moderate	52286_1_1_1	111.0	4.0	2.4651735761	0.31
50167_1_1_1	52762_1_1_1	52635_1_1_1	2000196.0	4000796.5648909863	2000600.5648909863	tolerant	52762_1_1_1	98.0	2.0	0.0	0.0
50167_1_1_1	52763_1_1_1	52635_1_1_1	2000196.0	4000796.5648909863	2000600.5648909863	tolerant	52763_1_1_1	98.0	2.0	0.0	0.0
50185_1_1_1	50185_1_1_1	50185_1_1_1	2000759.139643454	2000759.139643454	0.0	tolerant	50185_1_1_1	127.0	6.0	2.860356546	1.21
50188_1_1_1	50188_1_1_1	50188_1_1_1	3001001.358791635	3001001.358791635	0.0	moderate	50188_1_1_1	251.0	4.0	2.6412083653	1.4
50189_1_1_1	50189_1_1_1	50189_1_1_1	2000193.809451572	2000193.809451572	0.0	tolerant	50189_1_1_1	49.0	4.0	2.1905484279	2.05
5018_1_1_1	5018_1_1_1	5018_1_1_1	3000728.0	3000728.0	0.0	moderate	5018_1_1_1	104.0	7.0	0.0	0.19
50195_1_1_1	50195_1_1_1	50195_1_1_1	2000306.9718709136	2000306.9718709136	0.0	tolerant	50195_1_1_1	103.0	3.0	2.0281290866	2.93
50195_1_1_1	19733_1_1_1	50195_1_1_1	2000028.0	2000306.9718709136	278.97187091363594	tolerant	19733_1_1_1	14.0	2.0	0.0	0.0
50196_1_1_1	50196_1_1_1	50196_1_1_1	2000592.841137524	2000592.841137524	0.0	tolerant	50196_1_1_1	99.0	6.0	1.1588624757	1.51
5019_1_1_1	5019_1_1_1	5019_1_1_1	3000916.795416606	3000916.795416606	0.0	moderate	5019_1_1_1	153.0	6.0	1.2045833938	0.42
50201_1_1_1	50201_1_1_1	50201_1_1_1	2000292.9045557757	2000292.9045557757	0.0	tolerant	50201_1_1_1	59.0	5.0	2.0954442244	2.41
50205_1_1_1	50205_1_1_1	50205_1_1_1	2000493.001628612	2000493.001628612	0.0	tolerant	50205_1_1_1	99.0	5.0	1.9983713879	0.84
50210_1_1_1	50210_1_1_1	50210_1_1_1	3000985.0	3000985.0	0.0	moderate	50210_1_1_1	197.0	5.0	0.0	0.98
50214_1_1_1	50214_1_1_1	50214_1_1_1	2000248.0	2000248.0	0.0	tolerant	50214_1_1_1	124.0	2.0	0.0	0.0
50215_1_1_1	50215_1_1_1	50215_1_1_1	2000357.701184786	2000357.701184786	0.0	tolerant	50215_1_1_1	60.0	6.0	2.2988152141	1.68
50216_1_1_1	50216_1_1_1	50216_1_1_1	4000610.5064499695	4000610.5064499695	0.0	strict	50216_1_1_1	102.0	6.0	1.4935500305	0.16
50218_1_1_1	50218_1_1_1	50218_1_1_1	3000508.005295761	3000508.005295761	0.0	moderate	50218_1_1_1	73.0	7.0	2.994704239	1.44
50219_1_1_1	50219_1_1_1	50219_1_1_1	3000518.0	3000518.0	0.0	moderate	50219_1_1_1	74.0	7.0	0.0	0.99
50228_1_1_1	50228_1_1_1	50228_1_1_1	2000256.2261543623	2000256.2261543623	0.0	tolerant	50228_1_1_1	86.0	3.0	1.7738456374	1.32
50229_1_1_1	50229_1_1_1	50229_1_1_1	2000843.321382802	2000843.321382802	0.0	tolerant	50229_1_1_1	141.0	6.0	2.6786171981	1.91
50231_1_1_1	50231_1_1_1	50231_1_1_1	2001600.188995082	2001600.188995082	0.0	tolerant	50231_1_1_1	267.0	6.0	1.8110049181	1.53
50235_1_1_1	50235_1_1_1	50235_1_1_1	4000455.0	4000455.0	0.0	strict	50235_1_1_1	91.0	5.0	0.0	0.18
50238_1_1_1	50238_1_1_1	50238_1_1_1	2000363.3121288845	2000363.3121288845	0.0	tolerant	50238_1_1_1	73.0	5.0	1.6878711154	1.43
50256_1_1_1	50256_1_1_1	50256_1_1_1	3002679.3248237907	3002679.3248237907	0.0	moderate	50256_1_1_1	447.0	6.0	2.6751762094	1.3
50258_1_1_1	50258_1_1_1	50258_1_1_1	2000844.0	2000844.0	0.0	tolerant	50258_1_1_1	211.0	4.0	0.0	0.76
50261_1_1_1	50261_1_1_1	50261_1_1_1	3000975.0	3000975.0	0.0	moderate	50261_1_1_1	195.0	5.0	0.0	0.43
50264_1_1_1	50263_1_1_1	50263_1_1_1	3000185.0	3000185.0	0.0	moderate	50263_1_1_1	37.0	5.0	0.0	0.4
50264_1_1_1	50264_1_1_1	50263_1_1_1	3000175.0	3000185.0	10.0	moderate	50264_1_1_1	35.0	5.0	0.0	1.53
50270_1_1_1	50270_1_1_1	50270_1_1_1	3001260.0	3001260.0	0.0	moderate	50270_1_1_1	210.0	6.0	0.0	0.56
50271_1_1_1	50271_1_1_1	50271_1_1_1	2000430.0	2000430.0	0.0	tolerant	50271_1_1_1	86.0	5.0	0.0	1.6
50274_1_1_1	50274_1_1_1	50274_1_1_1	2000437.801934607	2000437.801934607	0.0	tolerant	50274_1_1_1	88.0	5.0	2.1980653929	2.06
5027_1_1_1	5027_1_1_1	5027_1_1_1	3000644.0	3000644.0	0.0	moderate	5027_1_1_1	92.0	7.0	0.0	0.8
50298_1_1_1	50298_1_1_1	50298_1_1_1	3000595.0	3000595.0	0.0	moderate	50298_1_1_1	85.0	7.0	0.0	0.37
50299_1_1_1	50299_1_1_1	50299_1_1_1	4000594.0	4000594.0	0.0	strict	50299_1_1_1	99.0	6.0	0.0	0.0
50299_1_1_1	15882_1_1_1	50299_1_1_1	3000404.0	4000594.0	1000190.0	moderate	15882_1_1_1	101.0	4.0	0.0	1.09
50300_1_1_1	50300_1_1_1	50300_1_1_1	4000730.0	4000730.0	0.0	strict	50300_1_1_1	146.0	5.0	0.0	1.31
50304_1_1_1	50304_1_1_1	50304_1_1_1	2000434.2036847132	2000434.2036847132	0.0	tolerant	50304_1_1_1	109.0	4.0	1.7963152867	0.97
50308_1_1_1	50308_1_1_1	50308_1_1_1	3000468.0	3000468.0	0.0	moderate	50308_1_1_1	117.0	4.0	0.0	0.87
50309_1_1_1	50309_1_1_1	50309_1_1_1	4000497.0	4000497.0	0.0	strict	50309_1_1_1	71.0	7.0	0.0	3.46
5030_1_1_1	5030_1_1_1	5030_1_1_1	3000847.0	3000847.0	0.0	moderate	5030_1_1_1	121.0	7.0	0.0	0.25
50310_1_1_1	50310_1_1_1	50310_1_1_1	2000302.0	2000302.0	0.0	tolerant	50310_1_1_1	151.0	2.0	0.0	0.0
50314_1_1_1	50314_1_1_1	50314_1_1_1	2000261.9162605512	2000261.9162605512	0.0	tolerant	50314_1_1_1	66.0	4.0	2.0837394489	1.91
50314_1_1_1	52368_1_1_1	50314_1_1_1	2000116.0	2000261.9162605512	145.9162605511956	tolerant	52368_1_1_1	58.0	2.0	0.0	2.76
50316_1_1_1	50316_1_1_1	50316_1_1_1	1000032.0358089752	1000032.0358089752	0.0	unfiltered	50316_1_1_1	34.0	1.0	1.9641910248	0.0
50318_1_1_1	50318_1_1_1	50318_1_1_1	1000021.0	1000021.0	0.0	unfiltered	50318_1_1_1	21.0	1.0	0.0	0.0
5031_1_1_1	5031_1_1_1	5031_1_1_1	3000931.0	3000931.0	0.0	moderate	5031_1_1_1	133.0	7.0	0.0	0.76
50323_1_1_1	50323_1_1_1	50323_1_1_1	1000028.0	1000028.0	0.0	unfiltered	50323_1_1_1	28.0	1.0	0.0	0.0
50323_1_1_1	50317_1_1_1	50323_1_1_1	1000028.0	1000028.0	0.0	unfiltered	50317_1_1_1	28.0	1.0	0.0	0.0
50324_1_1_1	50324_1_1_1	50324_1_1_1	3000430.0	3000430.0	0.0	moderate	50324_1_1_1	86.0	5.0	0.0	1.17
50325_1_1_1	50325_1_1_1	50325_1_1_1	3000495.0	3000495.0	0.0	moderate	50325_1_1_1	99.0	5.0	0.0	0.66
50325_1_1_1	6760_1_1_1	50325_1_1_1	2000597.800548385	3000495.0	999897.1994516151	tolerant	6760_1_1_1	120.0	5.0	2.1994516151	0.77
50326_1_1_1	50326_1_1_1	50326_1_1_1	2000284.343226893	2000284.343226893	0.0	tolerant	50326_1_1_1	95.0	3.0	0.656773107	2.18
50329_1_1_1	50329_1_1_1	50329_1_1_1	2000145.0	2000145.0	0.0	tolerant	50329_1_1_1	29.0	5.0	0.0	1.79
50338_1_1_1	50338_1_1_1	50338_1_1_1	3000945.0	3000945.0	0.0	moderate	50338_1_1_1	135.0	7.0	0.0	0.78
5033_1_1_1	5033_1_1_1	5033_1_1_1	3000126.0	3000126.0	0.0	moderate	5033_1_1_1	42.0	3.0	0.0	0.0
5033_1_1_1	4976_1_1_1	5033_1_1_1	3000126.0	3000126.0	0.0	moderate	4976_1_1_1	42.0	3.0	0.0	0.0
50355_1_1_1	50355_1_1_1	50355_1_1_1	4001323.0	4001323.0	0.0	strict	50355_1_1_1	189.0	7.0	0.0	0.97
50356_1_1_1	50356_1_1_1	50356_1_1_1	4001659.0	4001659.0	0.0	strict	50356_1_1_1	237.0	7.0	0.0	0.58
50359_1_1_1	50359_1_1_1	50359_1_1_1	3000562.2154806126	3000562.2154806126	0.0	moderate	50359_1_1_1	113.0	5.0	2.7845193872	1.68
50360_1_1_1	50360_1_1_1	50360_1_1_1	4001020.2939668903	4001020.2939668903	0.0	strict	50360_1_1_1	146.0	7.0	1.7060331099	0.79
50360_1_1_1	50328_1_1_1	50360_1_1_1	3000577.245377621	4001020.2939668903	1000443.0485892692	moderate	50328_1_1_1	116.0	5.0	2.7546223788	1.1
50361_1_1_1	50361_1_1_1	50361_1_1_1	3000945.0	3000945.0	0.0	moderate	50361_1_1_1	135.0	7.0	0.0	0.3
50368_1_1_1	50368_1_1_1	50368_1_1_1	4000530.0	4000530.0	0.0	strict	50368_1_1_1	106.0	5.0	0.0	0.94
50368_1_1_1	50366_1_1_1	50368_1_1_1	4000505.0	4000530.0	25.0	strict	50366_1_1_1	101.0	5.0	0.0	1.05
50368_1_1_1	26803_1_1_1	50368_1_1_1	3000465.0	4000530.0	1000065.0	moderate	26803_1_1_1	93.0	5.0	0.0	1.06
50370_1_1_1	50370_1_1_1	50370_1_1_1	2001109.191499136	2001109.191499136	0.0	tolerant	50370_1_1_1	370.0	3.0	0.8085008641	2.27
50371_1_1_1	50371_1_1_1	50371_1_1_1	2000785.7807393973	2000785.7807393973	0.0	tolerant	50371_1_1_1	197.0	4.0	2.2192606028	2.89
50373_1_1_1	50373_1_1_1	50373_1_1_1	2000095.0	2000095.0	0.0	tolerant	50373_1_1_1	19.0	5.0	0.0	0.0
50389_1_1_1	50389_1_1_1	50389_1_1_1	4000995.0	4000995.0	0.0	strict	50389_1_1_1	199.0	5.0	0.0	0.53
50389_1_1_1	28110_1_1_1	50389_1_1_1	2000430.0	4000995.0	2000565.0	tolerant	28110_1_1_1	86.0	5.0	0.0	0.77
50391_1_1_1	34534_1_1_1	34534_1_1_1	3000999.396311583	3000999.396311583	0.0	moderate	34534_1_1_1	167.0	6.0	2.6036884171	1.32
50391_1_1_1	50391_1_1_1	34534_1_1_1	3000999.393051429	3000999.396311583	0.0032601538114249706	moderate	50391_1_1_1	167.0	6.0	2.6069485709	1.13
50392_1_1_1	50392_1_1_1	50392_1_1_1	2000562.8275439432	2000562.8275439432	0.0	tolerant	50392_1_1_1	141.0	4.0	1.1724560568	0.49
50398_1_1_1	4675_1_1_1	4675_1_1_1	3000922.506015122	3000922.506015122	0.0	moderate	4675_1_1_1	132.0	7.0	1.4939848782	0.64
50398_1_1_1	50398_1_1_1	4675_1_1_1	3000711.378851855	3000922.506015122	211.1271632667631	moderate	50398_1_1_1	119.0	6.0	2.621148145	0.37
50398_1_1_1	26346_1_1_1	4675_1_1_1	3000703.0604317547	3000922.506015122	219.44558336725459	moderate	26346_1_1_1	141.0	5.0	1.9395682453	0.91
50398_1_1_1	15939_1_1_1	4675_1_1_1	3000697.3916674065	3000922.506015122	225.11434771539643	moderate	15939_1_1_1	100.0	7.0	2.6083325935	0.41
50398_1_1_1	19398_1_1_1	4675_1_1_1	3000690.8112695357	3000922.506015122	231.6947455862537	moderate	19398_1_1_1	99.0	7.0	2.1887304643	0.47
50398_1_1_1	26347_1_1_1	4675_1_1_1	3000688.5066555743	3000922.506015122	233.99935954762623	moderate	26347_1_1_1	138.0	5.0	1.4933444258	0.66
50398_1_1_1	27894_1_1_1	4675_1_1_1	2000310.4891979657	3000922.506015122	1000612.0168171562	tolerant	27894_1_1_1	104.0	3.0	1.5108020343	0.71
5039_1_1_1	5039_1_1_1	5039_1_1_1	2000096.0	2000096.0	0.0	tolerant	5039_1_1_1	32.0	3.0	0.0	0.0
50401_1_1_1	50401_1_1_1	50401_1_1_1	4000138.5713746394	4000138.5713746394	0.0	strict	50401_1_1_1	35.0	4.0	1.4286253606	0.0
50402_1_1_1	50259_1_1_1	50259_1_1_1	3000162.1707719527	3000162.1707719527	0.0	moderate	50259_1_1_1	33.0	5.0	2.8292280472	3.11
50402_1_1_1	50402_1_1_1	50259_1_1_1	3000133.943096866	3000162.1707719527	28.227675086818635	moderate	50402_1_1_1	34.0	4.0	2.0569031342	1.04
50403_1_1_1	50403_1_1_1	50403_1_1_1	3000618.142241376	3000618.142241376	0.0	moderate	50403_1_1_1	124.0	5.0	1.8577586242	0.74
50404_1_1_1	50404_1_1_1	50404_1_1_1	2000714.0	2000714.0	0.0	tolerant	50404_1_1_1	102.0	7.0	0.0	0.51
50409_1_1_1	50409_1_1_1	50409_1_1_1	2000288.0	2000288.0	0.0	tolerant	50409_1_1_1	144.0	2.0	0.0	0.0
50409_1_1_1	50408_1_1_1	50409_1_1_1	1000284.628013332	2000288.0	1000003.371986668	unfiltered	50408_1_1_1	145.0	2.0	5.371986668	0.0
50409_1_1_1	51163_1_1_1	50409_1_1_1	1000284.430897358	2000288.0	1000003.569102642	unfiltered	51163_1_1_1	145.0	2.0	5.569102642	0.0
50409_1_1_1	50407_1_1_1	50409_1_1_1	1000283.7266166467	2000288.0	1000004.2733833533	unfiltered	50407_1_1_1	145.0	2.0	6.2733833532	0.0
5040_1_1_1	5040_1_1_1	5040_1_1_1	2000993.138932779	2000993.138932779	0.0	tolerant	5040_1_1_1	166.0	6.0	2.8610672211	1.31
5041_1_1_1	5041_1_1_1	5041_1_1_1	3000595.0	3000595.0	0.0	moderate	5041_1_1_1	85.0	7.0	0.0	0.54
50422_1_1_1	50422_1_1_1	50422_1_1_1	4001211.0	4001211.0	0.0	strict	50422_1_1_1	173.0	7.0	0.0	1.65
50422_1_1_1	50387_1_1_1	50422_1_1_1	3000855.0	4001211.0	1000356.0	moderate	50387_1_1_1	171.0	5.0	0.0	1.34
50422_1_1_1	50993_1_1_1	50422_1_1_1	3000845.0	4001211.0	1000366.0	moderate	50993_1_1_1	169.0	5.0	0.0	1.19
50425_1_1_1	50425_1_1_1	50425_1_1_1	3000712.631305731	3000712.631305731	0.0	moderate	50425_1_1_1	143.0	5.0	2.368694269	0.78
50426_1_1_1	50426_1_1_1	50426_1_1_1	2000156.0	2000156.0	0.0	tolerant	50426_1_1_1	78.0	2.0	0.0	0.0
50427_1_1_1	50427_1_1_1	50427_1_1_1	2000281.666159096	2000281.666159096	0.0	tolerant	50427_1_1_1	71.0	4.0	2.3338409041	1.6
50428_1_1_1	50428_1_1_1	50428_1_1_1	1000343.0	1000343.0	0.0	unfiltered	50428_1_1_1	49.0	7.0	0.0	1.81
50434_1_1_1	50434_1_1_1	50434_1_1_1	1000755.0	1000755.0	0.0	unfiltered	50434_1_1_1	151.0	5.0	0.0	0.67
50437_2_1_1	36045_1_1_1	36045_1_1_1	2000606.1953531457	2000606.1953531457	0.0	tolerant	36045_1_1_1	87.0	7.0	2.8046468544	1.29
50437_2_1_1	50437_2_1_1	36045_1_1_1	2000346.544314404	2000606.1953531457	259.6510387416929	tolerant	50437_2_1_1	87.0	4.0	1.4556855962	1.45
50437_2_1_1	27693_1_1_1	36045_1_1_1	1000606.7241596386	2000606.1953531457	999999.4711935071	unfiltered	27693_1_1_1	87.0	7.0	2.2758403614	0.68
5043_1_1_1	5043_1_1_1	5043_1_1_1	3000162.0	3000162.0	0.0	moderate	5043_1_1_1	54.0	3.0	0.0	0.0
50443_1_1_1	36426_1_1_1	36426_1_1_1	3000802.514361609	3000802.514361609	0.0	moderate	36426_1_1_1	115.0	7.0	2.4856383911	0.97
50443_1_1_1	50443_1_1_1	36426_1_1_1	3000795.4811156066	3000802.514361609	7.033246002160013	moderate	50443_1_1_1	114.0	7.0	2.5188843933	0.97
50445_1_1_1	50445_1_1_1	50445_1_1_1	4001025.0	4001025.0	0.0	strict	50445_1_1_1	205.0	5.0	0.0	1.78
50446_1_1_1	50446_1_1_1	50446_1_1_1	2000794.0657628512	2000794.0657628512	0.0	tolerant	50446_1_1_1	199.0	4.0	1.9342371485	2.18
50447_1_1_1	50447_1_1_1	50447_1_1_1	3001222.4715072927	3001222.4715072927	0.0	moderate	50447_1_1_1	245.0	5.0	2.5284927073	0.43
50448_1_1_1	50448_1_1_1	50448_1_1_1	2000792.0	2000792.0	0.0	tolerant	50448_1_1_1	132.0	6.0	0.0	0.16
5044_1_1_1	5044_1_1_1	5044_1_1_1	3000618.0	3000618.0	0.0	moderate	5044_1_1_1	103.0	6.0	0.0	1.77
50450_1_1_1	50450_1_1_1	50450_1_1_1	3000375.0	3000375.0	0.0	moderate	50450_1_1_1	75.0	5.0	0.0	3.39
50451_1_1_1	50451_1_1_1	50451_1_1_1	3000248.0	3000248.0	0.0	moderate	50451_1_1_1	62.0	4.0	0.0	1.43
50453_1_1_1	50453_1_1_1	50453_1_1_1	3001239.0	3001239.0	0.0	moderate	50453_1_1_1	177.0	7.0	0.0	3.18
50454_1_1_1	50454_1_1_1	50454_1_1_1	4001392.0	4001392.0	0.0	strict	50454_1_1_1	348.0	4.0	0.0	0.99
50454_1_1_1	50461_1_1_1	50454_1_1_1	2000660.0	4001392.0	2000732.0	tolerant	50461_1_1_1	330.0	2.0	0.0	0.0
50454_1_1_1	50460_1_1_1	50454_1_1_1	2000656.0	4001392.0	2000736.0	tolerant	50460_1_1_1	328.0	2.0	0.0	0.0
50454_1_1_1	50459_1_1_1	50454_1_1_1	2000646.0	4001392.0	2000746.0	tolerant	50459_1_1_1	323.0	2.0	0.0	0.0
50469_1_1_1	50469_1_1_1	50469_1_1_1	3000739.659636512	3000739.659636512	0.0	moderate	50469_1_1_1	106.0	7.0	2.340363488	0.87
50470_1_1_1	50470_1_1_1	50470_1_1_1	3001257.715812197	3001257.715812197	0.0	moderate	50470_1_1_1	252.0	5.0	2.2841878032	1.3
50470_1_1_1	53247_1_1_1	50470_1_1_1	2000422.302077003	3001257.715812197	1000835.4137351939	tolerant	53247_1_1_1	106.0	4.0	1.697922997	1.68
50471_1_1_1	50471_1_1_1	50471_1_1_1	2001395.0	2001395.0	0.0	tolerant	50471_1_1_1	279.0	5.0	0.0	0.5
50472_1_1_1	50472_1_1_1	50472_1_1_1	1000066.904578206	1000066.904578206	0.0	unfiltered	50472_1_1_1	35.0	2.0	3.095421794	0.0
50477_1_1_1	50477_1_1_1	50477_1_1_1	2000448.936776747	2000448.936776747	0.0	tolerant	50477_1_1_1	150.0	3.0	1.0632232531	1.92
50478_1_1_1	50478_1_1_1	50478_1_1_1	2000290.150722189	2000290.150722189	0.0	tolerant	50478_1_1_1	97.0	3.0	0.8492778107	2.34
5047_1_1_1	5047_1_1_1	5047_1_1_1	3000392.0	3000392.0	0.0	moderate	5047_1_1_1	98.0	4.0	0.0	0.0
50484_1_1_1	50484_1_1_1	50484_1_1_1	4000721.0	4000721.0	0.0	strict	50484_1_1_1	103.0	7.0	0.0	1.68
50484_1_1_1	5308_1_1_1	50484_1_1_1	3000728.0	4000721.0	999993.0	moderate	5308_1_1_1	104.0	7.0	0.0	0.67
50484_1_1_1	16850_1_2_1	50484_1_1_1	3000594.0	4000721.0	1000127.0	moderate	16850_1_2_1	99.0	6.0	0.0	1.7
50484_1_1_1	257_1_1_1	50484_1_1_1	3000306.0	4000721.0	1000415.0	moderate	257_1_1_1	102.0	3.0	0.0	0.0
50484_1_1_1	256_1_1_1	50484_1_1_1	3000300.0	4000721.0	1000421.0	moderate	256_1_1_1	100.0	3.0	0.0	0.0
50490_1_1_1	50490_1_1_1	50490_1_1_1	3000145.0	3000145.0	0.0	moderate	50490_1_1_1	29.0	5.0	0.0	0.09
50490_1_1_1	50491_1_1_1	50490_1_1_1	1000120.0	3000145.0	2000025.0	unfiltered	50491_1_1_1	24.0	5.0	0.0	0.0
50490_1_1_1	50493_1_1_1	50490_1_1_1	1000115.0	3000145.0	2000030.0	unfiltered	50493_1_1_1	23.0	5.0	0.0	0.57
50496_1_1_1	50496_1_1_1	50496_1_1_1	2000915.5356322855	2000915.5356322855	0.0	tolerant	50496_1_1_1	153.0	6.0	2.4643677145	1.67
50497_1_1_1	50497_1_1_1	50497_1_1_1	2000597.264060079	2000597.264060079	0.0	tolerant	50497_1_1_1	100.0	6.0	2.7359399213	1.17
5049_1_1_1	5049_1_1_1	5049_1_1_1	3001407.0	3001407.0	0.0	moderate	5049_1_1_1	201.0	7.0	0.0	1.46
50512_1_1_1	50512_1_1_1	50512_1_1_1	2000349.3177792	2000349.3177792	0.0	tolerant	50512_1_1_1	117.0	3.0	1.6822207999	0.61
50516_1_1_1	15618_1_1_1	15618_1_1_1	4000889.0	4000889.0	0.0	strict	15618_1_1_1	127.0	7.0	0.0	0.9
50516_1_1_1	50516_1_1_1	15618_1_1_1	4000882.0	4000889.0	7.0	strict	50516_1_1_1	126.0	7.0	0.0	1.15
50516_1_1_1	15469_1_1_1	15618_1_1_1	2000844.7413488992	4000889.0	2000044.2586511008	tolerant	15469_1_1_1	141.0	6.0	1.2586511007	0.89
50517_1_1_1	16008_1_1_1	16008_1_1_1	4000455.0	4000455.0	0.0	strict	16008_1_1_1	65.0	7.0	0.0	1.05
50517_1_1_1	50517_1_1_1	16008_1_1_1	4000448.0	4000455.0	7.0	strict	50517_1_1_1	64.0	7.0	0.0	1.58
50518_1_1_1	15511_1_1_1	15511_1_1_1	4000702.0	4000702.0	0.0	strict	15511_1_1_1	117.0	6.0	0.0	0.7
50518_1_1_1	50518_1_1_1	15511_1_1_1	4000600.0	4000702.0	102.0	strict	50518_1_1_1	120.0	5.0	0.0	2.57
5051_1_1_1	5051_1_1_1	5051_1_1_1	3001128.0	3001128.0	0.0	moderate	5051_1_1_1	188.0	6.0	0.0	0.88
50525_1_1_1	50525_1_1_1	50525_1_1_1	2000327.8456553344	2000327.8456553344	0.0	tolerant	50525_1_1_1	55.0	6.0	2.1543446656	1.44
50539_1_1_1	50539_1_1_1	50539_1_1_1	3000256.0	3000256.0	0.0	moderate	50539_1_1_1	64.0	4.0	0.0	0.98
50539_1_1_1	6227_1_1_1	50539_1_1_1	2000350.1410062793	3000256.0	999905.8589937207	tolerant	6227_1_1_1	88.0	4.0	1.8589937207	2.73
50539_1_1_1	5293_1_1_1	50539_1_1_1	2000137.944197372	3000256.0	1000118.0558026279	tolerant	5293_1_1_1	20.0	7.0	2.0558026281	0.0
5053_1_1_1	5053_1_1_1	5053_1_1_1	3000532.86268743	3000532.86268743	0.0	moderate	5053_1_1_1	89.0	6.0	1.1373125699	0.99
50543_1_1_1	50543_1_1_1	50543_1_1_1	4000384.0	4000384.0	0.0	strict	50543_1_1_1	64.0	6.0	0.0	1.72
50545_1_1_1	27034_1_1_1	27034_1_1_1	3000844.10103146	3000844.10103146	0.0	moderate	27034_1_1_1	121.0	7.0	2.8989685403	1.14
50545_1_1_1	50545_1_1_1	27034_1_1_1	3000487.4874995616	3000844.10103146	356.6135318982415	moderate	50545_1_1_1	98.0	5.0	2.5125004385	1.2
50546_1_1_1	50546_1_1_1	50546_1_1_1	3001280.0	3001280.0	0.0	moderate	50546_1_1_1	256.0	5.0	0.0	0.66
50549_1_1_1	50549_1_1_1	50549_1_1_1	2000366.700136529	2000366.700136529	0.0	tolerant	50549_1_1_1	123.0	3.0	2.2998634709	0.0
50557_1_1_1	50557_1_1_1	50557_1_1_1	4000326.138347876	4000326.138347876	0.0	strict	50557_1_1_1	82.0	4.0	1.861652124	0.0
5055_1_1_1	5315_1_1_1	5315_1_1_1	2000658.185815424	2000658.185815424	0.0	tolerant	5315_1_1_1	110.0	6.0	1.814184576	1.44
5055_1_1_1	5389_1_1_1	5315_1_1_1	2000657.7638916292	2000658.185815424	0.42192379478365183	tolerant	5389_1_1_1	110.0	6.0	2.2361083708	0.62
5055_1_1_1	5055_1_1_1	5315_1_1_1	2000530.0	2000658.185815424	128.18581542395987	tolerant	5055_1_1_1	106.0	5.0	0.0	1.94
50567_1_1_1	50567_1_1_1	50567_1_1_1	2000120.0	2000120.0	0.0	tolerant	50567_1_1_1	20.0	6.0	0.0	0.0
50574_1_1_1	50574_1_1_1	50574_1_1_1	3000882.0	3000882.0	0.0	moderate	50574_1_1_1	147.0	6.0	0.0	0.45
50582_1_1_1	50582_1_1_1	50582_1_1_1	2000238.0382272592	2000238.0382272592	0.0	tolerant	50582_1_1_1	80.0	3.0	1.9617727408	1.89
50588_1_1_1	50588_1_1_1	50588_1_1_1	4000511.0	4000511.0	0.0	strict	50588_1_1_1	73.0	7.0	0.0	1.57
50591_2_1_1	30162_1_1_1	30162_1_1_1	2000270.0	2000270.0	0.0	tolerant	30162_1_1_1	45.0	6.0	0.0	0.28
50591_2_1_1	50591_2_1_1	30162_1_1_1	2000078.0	2000270.0	192.0	tolerant	50591_2_1_1	39.0	2.0	0.0	0.0
50593_1_1_1	50593_1_1_1	50593_1_1_1	2000887.007661085	2000887.007661085	0.0	tolerant	50593_1_1_1	178.0	5.0	2.9923389149	1.57
50594_1_1_1	50594_1_1_1	50594_1_1_1	3000711.3581816936	3000711.3581816936	0.0	moderate	50594_1_1_1	102.0	7.0	2.6418183064	0.96
50596_1_1_1	50596_1_1_1	50596_1_1_1	3001397.453902192	3001397.453902192	0.0	moderate	50596_1_1_1	200.0	7.0	2.5460978082	0.37
5059_1_1_1	5060_1_1_1	5060_1_1_1	3000599.699676322	3000599.699676322	0.0	moderate	5060_1_1_1	86.0	7.0	2.3003236786	1.15
5059_1_1_1	5059_1_1_1	5060_1_1_1	3000390.0	3000599.699676322	209.69967632181942	moderate	5059_1_1_1	65.0	6.0	0.0	2.85
505_1_1_1	505_1_1_1	505_1_1_1	1000003.0	1000003.0	0.0	unfiltered	505_1_1_1	3.0	1.0	0.0	0.0
50602_1_1_1	50602_1_1_1	50602_1_1_1	3000575.0	3000575.0	0.0	moderate	50602_1_1_1	115.0	5.0	0.0	1.09
50612_1_1_1	50612_1_1_1	50612_1_1_1	2000737.81861038	2000737.81861038	0.0	tolerant	50612_1_1_1	148.0	5.0	2.1813896198	1.51
50618_1_1_1	50558_1_1_1	50558_1_1_1	2000397.575547635	2000397.575547635	0.0	tolerant	50558_1_1_1	100.0	4.0	2.4244523648	2.12
50618_1_1_1	50618_1_1_1	50558_1_1_1	2000257.64673638	2000397.575547635	139.92881125514396	tolerant	50618_1_1_1	65.0	4.0	2.35326362	1.82
5061_1_1_1	5061_1_1_1	5061_1_1_1	3000767.0348876077	3000767.0348876077	0.0	moderate	5061_1_1_1	110.0	7.0	2.9651123925	1.16
5061_1_1_1	17880_1_1_1	5061_1_1_1	3000696.0	3000767.0348876077	71.03488760767505	moderate	17880_1_1_1	116.0	6.0	0.0	0.94
50629_1_1_1	50629_1_1_1	50629_1_1_1	3000113.058073237	3000113.058073237	0.0	moderate	50629_1_1_1	23.0	5.0	1.9419267631	0.0
5062_1_1_1	5062_1_1_1	5062_1_1_1	1001001.563645732	1001001.563645732	0.0	unfiltered	5062_1_1_1	201.0	5.0	3.436354268	2.67
50631_1_1_1	50631_1_1_1	50631_1_1_1	3000120.0	3000120.0	0.0	moderate	50631_1_1_1	24.0	5.0	0.0	0.0
50632_1_1_1	50632_1_1_1	50632_1_1_1	3000120.0	3000120.0	0.0	moderate	50632_1_1_1	24.0	5.0	0.0	0.21
50638_1_1_1	50638_1_1_1	50638_1_1_1	3000424.531614763	3000424.531614763	0.0	moderate	50638_1_1_1	61.0	7.0	2.4683852367	0.89
50642_1_1_1	5960_1_1_1	5960_1_1_1	3000908.686238336	3000908.686238336	0.0	moderate	5960_1_1_1	130.0	7.0	1.3137616639	0.18
50642_1_1_1	7250_1_1_1	5960_1_1_1	3000772.445437391	3000908.686238336	136.24080094508827	moderate	7250_1_1_1	129.0	6.0	1.5545626093	2.53
50642_1_1_1	50642_1_1_1	5960_1_1_1	3000381.0	3000908.686238336	527.6862383359112	moderate	50642_1_1_1	127.0	3.0	0.0	0.0
50642_1_1_1	50640_1_1_1	5960_1_1_1	3000372.0	3000908.686238336	536.6862383359112	moderate	50640_1_1_1	124.0	3.0	0.0	0.0
50642_1_1_1	50643_1_1_1	5960_1_1_1	3000355.756997619	3000908.686238336	552.9292407170869	moderate	50643_1_1_1	119.0	3.0	1.2430023812	0.0
50650_1_1_1	18197_1_1_1	18197_1_1_1	4000861.0	4000861.0	0.0	strict	18197_1_1_1	123.0	7.0	0.0	0.7
50650_1_1_1	50650_1_1_1	18197_1_1_1	4000678.0	4000861.0	183.0	strict	50650_1_1_1	113.0	6.0	0.0	1.32
50650_1_1_1	6279_1_1_1	18197_1_1_1	3000826.0	4000861.0	1000035.0	moderate	6279_1_1_1	118.0	7.0	0.0	0.34
50650_1_1_1	26748_1_1_1	18197_1_1_1	3000805.0	4000861.0	1000056.0	moderate	26748_1_1_1	115.0	7.0	0.0	1.16
50676_1_1_1	50676_1_1_1	50676_1_1_1	4001572.0	4001572.0	0.0	strict	50676_1_1_1	262.0	6.0	0.0	0.73
50680_1_1_1	50680_1_1_1	50680_1_1_1	2000430.4971211497	2000430.4971211497	0.0	tolerant	50680_1_1_1	108.0	4.0	1.5028788504	3.13
50683_1_1_1	50683_1_1_1	50683_1_1_1	4000287.0	4000287.0	0.0	strict	50683_1_1_1	41.0	7.0	0.0	0.59
50683_1_1_1	51831_1_1_1	50683_1_1_1	2000073.5399881145	4000287.0	2000213.4600118855	tolerant	51831_1_1_1	38.0	2.0	2.4600118855	0.62
50687_1_1_1	50687_1_1_1	50687_1_1_1	2000127.9534329453	2000127.9534329453	0.0	tolerant	50687_1_1_1	43.0	3.0	1.0465670546	2.91
50689_1_1_1	50689_1_1_1	50689_1_1_1	3001290.0	3001290.0	0.0	moderate	50689_1_1_1	258.0	5.0	0.0	1.36
50691_1_1_1	50691_1_1_1	50691_1_1_1	4000846.0	4000846.0	0.0	strict	50691_1_1_1	141.0	6.0	0.0	2.59
50698_1_1_1	34249_1_1_1	34249_1_1_1	4000624.0	4000624.0	0.0	strict	34249_1_1_1	104.0	6.0	0.0	1.47
50698_1_1_1	50698_1_1_1	34249_1_1_1	4000384.0	4000624.0	240.0	strict	50698_1_1_1	96.0	4.0	0.0	1.95
50698_1_1_1	50702_1_1_1	34249_1_1_1	2000226.8721223648	4000624.0	2000397.1278776352	tolerant	50702_1_1_1	114.0	2.0	1.1278776352	1.84
50698_1_1_1	51028_1_1_1	34249_1_1_1	2000190.9088414684	4000624.0	2000433.0911585316	tolerant	51028_1_1_1	96.0	2.0	1.0911585317	0.0
50698_1_1_1	15814_2_1_1	34249_1_1_1	1000742.0	4000624.0	2999882.0	unfiltered	15814_2_1_1	106.0	7.0	0.0	1.45
50707_1_1_1	50707_1_1_1	50707_1_1_1	4001615.0	4001615.0	0.0	strict	50707_1_1_1	323.0	5.0	0.0	1.22
50708_1_1_1	50708_1_1_1	50708_1_1_1	2000630.137519235	2000630.137519235	0.0	tolerant	50708_1_1_1	158.0	4.0	1.862480765	1.82
50708_1_1_1	27125_1_1_1	50708_1_1_1	2000598.4122764112	2000630.137519235	31.72524282382801	tolerant	27125_1_1_1	150.0	4.0	1.5877235885	1.96
50708_1_1_1	26672_1_1_1	50708_1_1_1	2000574.3202868036	2000630.137519235	55.817232431378216	tolerant	26672_1_1_1	144.0	4.0	1.6797131964	1.94
50710_3_1_1	50710_3_1_1	50710_3_1_1	3000109.9155459334	3000109.9155459334	0.0	moderate	50710_3_1_1	28.0	4.0	2.0844540666	0.0
50711_1_1_1	50711_1_1_1	50711_1_1_1	4000455.0	4000455.0	0.0	strict	50711_1_1_1	65.0	7.0	0.0	0.21
50712_1_1_1	50712_1_1_1	50712_1_1_1	2000581.829402056	2000581.829402056	0.0	tolerant	50712_1_1_1	146.0	4.0	2.170597944	1.7
50713_1_1_1	50713_1_1_1	50713_1_1_1	4000272.0	4000272.0	0.0	strict	50713_1_1_1	68.0	4.0	0.0	0.38
50714_1_1_1	51833_1_1_1	51833_1_1_1	4000378.0	4000378.0	0.0	strict	51833_1_1_1	63.0	6.0	0.0	0.64
50714_1_1_1	50714_1_1_1	51833_1_1_1	4000244.0	4000378.0	134.0	strict	50714_1_1_1	61.0	4.0	0.0	0.34
50715_1_1_1	50715_1_1_1	50715_1_1_1	3001102.8264964134	3001102.8264964134	0.0	moderate	50715_1_1_1	221.0	5.0	2.1735035867	0.51
50725_1_1_1	50621_1_1_1	50621_1_1_1	4000550.0	4000550.0	0.0	strict	50621_1_1_1	110.0	5.0	0.0	0.48
50725_1_1_1	50725_1_1_1	50621_1_1_1	4000460.0	4000550.0	90.0	strict	50725_1_1_1	92.0	5.0	0.0	0.91
50725_1_1_1	50513_1_1_1	50621_1_1_1	3000679.0	4000550.0	999871.0	moderate	50513_1_1_1	97.0	7.0	0.0	2.53
50725_1_1_1	51748_1_1_1	50621_1_1_1	3000420.0	4000550.0	1000130.0	moderate	51748_1_1_1	84.0	5.0	0.0	1.94
50725_1_1_1	6501_1_1_1	50621_1_1_1	3000413.4901779066	4000550.0	1000136.5098220934	moderate	6501_1_1_1	104.0	4.0	2.5098220933	1.09
5072_1_1_1	5072_1_1_1	5072_1_1_1	2000787.2970768856	2000787.2970768856	0.0	tolerant	5072_1_1_1	158.0	5.0	2.7029231143	1.47
50733_1_1_1	50697_1_1_1	50697_1_1_1	2001309.0	2001309.0	0.0	tolerant	50697_1_1_1	187.0	7.0	0.0	0.6
50733_1_1_1	50733_1_1_1	50697_1_1_1	2000744.0	2001309.0	565.0	tolerant	50733_1_1_1	186.0	4.0	0.0	0.49
50736_1_1_1	50736_1_1_1	50736_1_1_1	3000064.0	3000064.0	0.0	moderate	50736_1_1_1	16.0	4.0	0.0	0.0
50737_1_1_1	50737_1_1_1	50737_1_1_1	2000341.401400101	2000341.401400101	0.0	tolerant	50737_1_1_1	114.0	3.0	0.5985998991	3.11
50738_1_1_1	50738_1_1_1	50738_1_1_1	2000146.0	2000146.0	0.0	tolerant	50738_1_1_1	73.0	2.0	0.0	2.92
50740_1_1_1	50740_1_1_1	50740_1_1_1	2000481.3272627147	2000481.3272627147	0.0	tolerant	50740_1_1_1	121.0	4.0	2.6727372852	1.54
50741_1_1_1	50741_1_1_1	50741_1_1_1	4000144.0	4000144.0	0.0	strict	50741_1_1_1	24.0	6.0	0.0	0.22
50742_1_1_1	50742_1_1_1	50742_1_1_1	3000907.402564461	3000907.402564461	0.0	moderate	50742_1_1_1	182.0	5.0	2.5974355391	0.38
50744_1_1_1	50744_1_1_1	50744_1_1_1	3000798.1081584953	3000798.1081584953	0.0	moderate	50744_1_1_1	200.0	4.0	1.8918415048	1.11
50745_1_1_1	50745_1_1_1	50745_1_1_1	3000602.0	3000602.0	0.0	moderate	50745_1_1_1	86.0	7.0	0.0	1.15
50748_1_1_1	50748_1_1_1	50748_1_1_1	4000777.0	4000777.0	0.0	strict	50748_1_1_1	111.0	7.0	0.0	1.42
5074_1_1_1	5074_1_1_1	5074_1_1_1	3000153.0	3000153.0	0.0	moderate	5074_1_1_1	51.0	3.0	0.0	0.0
50751_1_1_1	50751_1_1_1	50751_1_1_1	4000938.0	4000938.0	0.0	strict	50751_1_1_1	134.0	7.0	0.0	0.23
50752_1_1_1	50752_1_1_1	50752_1_1_1	2000411.1692216157	2000411.1692216157	0.0	tolerant	50752_1_1_1	69.0	6.0	2.8307783844	2.25
50754_1_1_1	50754_1_1_1	50754_1_1_1	3000880.0	3000880.0	0.0	moderate	50754_1_1_1	176.0	5.0	0.0	1.54
50758_1_1_1	50758_1_1_1	50758_1_1_1	2000512.411913143	2000512.411913143	0.0	tolerant	50758_1_1_1	171.0	3.0	0.588086857	1.98
50766_1_1_1	50766_1_1_1	50766_1_1_1	2000210.530015528	2000210.530015528	0.0	tolerant	50766_1_1_1	53.0	4.0	1.4699844721	1.58
50767_1_1_1	50767_1_1_1	50767_1_1_1	3000087.0	3000087.0	0.0	moderate	50767_1_1_1	29.0	3.0	0.0	0.0
50769_1_1_1	50769_1_1_1	50769_1_1_1	2000328.0	2000328.0	0.0	tolerant	50769_1_1_1	164.0	2.0	0.0	0.0
50770_1_1_1	50770_1_1_1	50770_1_1_1	1000217.8331673892	1000217.8331673892	0.0	unfiltered	50770_1_1_1	112.0	2.0	6.1668326107	0.0
50771_1_1_1	50771_1_1_1	50771_1_1_1	3001131.668523554	3001131.668523554	0.0	moderate	50771_1_1_1	162.0	7.0	2.331476446	1.15
50776_1_1_1	50776_1_1_1	50776_1_1_1	3000582.2252637097	3000582.2252637097	0.0	moderate	50776_1_1_1	117.0	5.0	2.7747362902	1.17
50777_1_1_1	50777_1_1_1	50777_1_1_1	4001135.0	4001135.0	0.0	strict	50777_1_1_1	227.0	5.0	0.0	0.77
5077_1_1_1	5077_1_1_1	5077_1_1_1	3000644.0	3000644.0	0.0	moderate	5077_1_1_1	92.0	7.0	0.0	1.83
50782_1_1_1	50782_1_1_1	50782_1_1_1	3000106.903573067	3000106.903573067	0.0	moderate	50782_1_1_1	27.0	4.0	1.0964269333	0.09
50783_1_1_1	50783_1_1_1	50783_1_1_1	3001547.0	3001547.0	0.0	moderate	50783_1_1_1	221.0	7.0	0.0	0.44
50785_1_1_1	50785_1_1_1	50785_1_1_1	1000336.0	1000336.0	0.0	unfiltered	50785_1_1_1	84.0	4.0	0.0	3.93
50786_1_1_1	50786_1_1_1	50786_1_1_1	4001194.0	4001194.0	0.0	strict	50786_1_1_1	199.0	6.0	0.0	0.69
50786_1_1_1	5355_1_1_1	50786_1_1_1	3001393.0	4001194.0	999801.0	moderate	5355_1_1_1	199.0	7.0	0.0	0.6
50786_1_1_1	34759_1_1_1	50786_1_1_1	3001194.0	4001194.0	1000000.0	moderate	34759_1_1_1	199.0	6.0	0.0	0.68
50786_1_1_1	27858_1_1_1	50786_1_1_1	3000975.0	4001194.0	1000219.0	moderate	27858_1_1_1	195.0	5.0	0.0	0.68
50786_1_1_1	7003_1_1_1	50786_1_1_1	3000945.0	4001194.0	1000249.0	moderate	7003_1_1_1	189.0	5.0	0.0	2.92
50787_1_1_1	50787_1_1_1	50787_1_1_1	2000636.0	2000636.0	0.0	tolerant	50787_1_1_1	159.0	4.0	0.0	0.27
50790_1_1_1	50790_1_1_1	50790_1_1_1	4000396.0	4000396.0	0.0	strict	50790_1_1_1	99.0	4.0	0.0	1.21
50793_1_1_1	50793_1_1_1	50793_1_1_1	4000749.0	4000749.0	0.0	strict	50793_1_1_1	107.0	7.0	0.0	0.53
50794_1_1_1	50794_1_1_1	50794_1_1_1	4000925.0	4000925.0	0.0	strict	50794_1_1_1	185.0	5.0	0.0	0.75
50795_1_1_1	50795_1_1_1	50795_1_1_1	2000769.9333882723	2000769.9333882723	0.0	tolerant	50795_1_1_1	193.0	4.0	2.0666117274	1.56
50796_1_1_1	50796_1_1_1	50796_1_1_1	2000125.5939359576	2000125.5939359576	0.0	tolerant	50796_1_1_1	32.0	4.0	2.4060640427	3.13
50797_1_1_1	50797_1_1_1	50797_1_1_1	2000333.326341455	2000333.326341455	0.0	tolerant	50797_1_1_1	84.0	4.0	2.6736585446	2.66
50799_1_1_1	50799_1_1_1	50799_1_1_1	2000285.0	2000285.0	0.0	tolerant	50799_1_1_1	57.0	5.0	0.0	0.66
50803_1_1_1	50803_1_1_1	50803_1_1_1	2000495.4718284027	2000495.4718284027	0.0	tolerant	50803_1_1_1	83.0	6.0	2.5281715972	1.69
50813_1_1_1	36049_1_1_1	36049_1_1_1	3000399.0	3000399.0	0.0	moderate	36049_1_1_1	57.0	7.0	0.0	2.97
50813_1_1_1	50813_1_1_1	36049_1_1_1	3000292.0	3000399.0	107.0	moderate	50813_1_1_1	73.0	4.0	0.0	0.0
50814_1_1_1	50814_1_1_1	50814_1_1_1	3000300.0	3000300.0	0.0	moderate	50814_1_1_1	60.0	5.0	0.0	0.74
50814_1_1_1	50817_1_1_1	50814_1_1_1	3000300.0	3000300.0	0.0	moderate	50817_1_1_1	60.0	5.0	0.0	0.67
50814_1_1_1	51361_2_2_1	50814_1_1_1	3000300.0	3000300.0	0.0	moderate	51361_2_2_1	60.0	5.0	0.0	0.58
50814_1_1_1	51496_1_1_1	50814_1_1_1	3000300.0	3000300.0	0.0	moderate	51496_1_1_1	60.0	5.0	0.0	0.62
50814_1_1_1	50815_1_1_1	50814_1_1_1	3000240.0	3000300.0	60.0	moderate	50815_1_1_1	60.0	4.0	0.0	0.45
50814_1_1_1	50816_1_1_1	50814_1_1_1	3000240.0	3000300.0	60.0	moderate	50816_1_1_1	60.0	4.0	0.0	0.19
50814_1_1_1	50818_1_1_1	50814_1_1_1	3000236.0	3000300.0	64.0	moderate	50818_1_1_1	59.0	4.0	0.0	0.23
5082_1_1_1	5082_1_1_1	5082_1_1_1	2000063.0	2000063.0	0.0	tolerant	5082_1_1_1	21.0	3.0	0.0	0.0
50830_1_1_1	50830_1_1_1	50830_1_1_1	3001000.0	3001000.0	0.0	moderate	50830_1_1_1	200.0	5.0	0.0	0.33
50839_1_1_1	50839_1_1_1	50839_1_1_1	2000437.532247055	2000437.532247055	0.0	tolerant	50839_1_1_1	110.0	4.0	2.4677529446	1.59
50860_1_1_1	50860_1_1_1	50860_1_1_1	2000146.782190124	2000146.782190124	0.0	tolerant	50860_1_1_1	74.0	2.0	1.2178098762	1.22
50862_1_1_1	50862_1_1_1	50862_1_1_1	2000330.1906577237	2000330.1906577237	0.0	tolerant	50862_1_1_1	83.0	4.0	1.8093422762	1.19
50863_1_1_1	50863_1_1_1	50863_1_1_1	2000361.8047191792	2000361.8047191792	0.0	tolerant	50863_1_1_1	91.0	4.0	2.1952808207	1.02
50866_1_1_1	50866_1_1_1	50866_1_1_1	2000250.1214422637	2000250.1214422637	0.0	tolerant	50866_1_1_1	63.0	4.0	1.8785577363	1.51
50872_1_1_1	50872_1_1_1	50872_1_1_1	2000159.3367174356	2000159.3367174356	0.0	tolerant	50872_1_1_1	54.0	3.0	2.6632825643	1.65
50880_1_1_1	50880_1_1_1	50880_1_1_1	2000147.802561229	2000147.802561229	0.0	tolerant	50880_1_1_1	30.0	5.0	2.1974387706	2.65
50886_1_1_1	50886_1_1_1	50886_1_1_1	3000266.0	3000266.0	0.0	moderate	50886_1_1_1	38.0	7.0	0.0	0.62
50886_1_1_1	26308_1_1_1	50886_1_1_1	3000108.6778917923	3000266.0	157.32210820773616	moderate	26308_1_1_1	37.0	3.0	2.3221082077	0.0
50886_1_1_1	19712_1_1_1	50886_1_1_1	3000105.0	3000266.0	161.0	moderate	19712_1_1_1	35.0	3.0	0.0	0.0
50887_1_1_1	50887_1_1_1	50887_1_1_1	3000420.0	3000420.0	0.0	moderate	50887_1_1_1	84.0	5.0	0.0	0.92
50888_1_1_1	50888_1_1_1	50888_1_1_1	3000518.1620813073	3000518.1620813073	0.0	moderate	50888_1_1_1	104.0	5.0	1.8379186926	0.97
50891_1_1_1	50891_1_1_1	50891_1_1_1	4000730.0	4000730.0	0.0	strict	50891_1_1_1	146.0	5.0	0.0	0.37
50891_1_1_1	50890_1_1_1	50891_1_1_1	2000471.0	4000730.0	2000259.0	tolerant	50890_1_1_1	157.0	3.0	0.0	0.44
50899_1_1_1	50899_1_1_1	50899_1_1_1	4000920.0	4000920.0	0.0	strict	50899_1_1_1	184.0	5.0	0.0	0.62
50899_1_1_1	27482_1_1_1	50899_1_1_1	2000408.0	4000920.0	2000512.0	tolerant	27482_1_1_1	102.0	4.0	0.0	0.0
50905_1_1_1	50904_1_1_1	50904_1_1_1	2000230.1586140413	2000230.1586140413	0.0	tolerant	50904_1_1_1	77.0	3.0	0.8413859586	1.59
50905_1_1_1	50905_1_1_1	50904_1_1_1	2000151.458811826	2000230.1586140413	78.6998022152111	tolerant	50905_1_1_1	76.0	2.0	0.5411881739	1.58
50906_1_1_1	50906_1_1_1	50906_1_1_1	3000342.7586000557	3000342.7586000557	0.0	moderate	50906_1_1_1	69.0	5.0	2.2413999443	1.41
50906_1_1_1	27475_1_1_1	50906_1_1_1	2000333.5640176649	3000342.7586000557	1000009.1945823908	tolerant	27475_1_1_1	84.0	4.0	2.4359823351	1.44
50907_1_1_1	50907_1_1_1	50907_1_1_1	4000270.0	4000270.0	0.0	strict	50907_1_1_1	54.0	5.0	0.0	0.47
50907_1_1_1	6945_1_1_1	50907_1_1_1	3000378.0	4000270.0	999892.0	moderate	6945_1_1_1	54.0	7.0	0.0	0.23
50908_1_1_1	50908_1_1_1	50908_1_1_1	3000277.9227311956	3000277.9227311956	0.0	moderate	50908_1_1_1	56.0	5.0	2.0772688045	1.2
5090_1_1_1	5090_1_1_1	5090_1_1_1	3000865.0	3000865.0	0.0	moderate	5090_1_1_1	173.0	5.0	0.0	0.54
50912_1_1_1	50912_1_1_1	50912_1_1_1	3000273.0	3000273.0	0.0	moderate	50912_1_1_1	39.0	7.0	0.0	1.22
50914_1_1_1	50914_1_1_1	50914_1_1_1	3000389.177948347	3000389.177948347	0.0	moderate	50914_1_1_1	98.0	4.0	2.822051653	1.74
50915_1_1_1	34748_1_1_1	34748_1_1_1	3001257.184704984	3001257.184704984	0.0	moderate	34748_1_1_1	180.0	7.0	2.815295016	1.1
50915_1_1_1	50915_1_1_1	34748_1_1_1	3001047.674902481	3001257.184704984	209.50980250304565	moderate	50915_1_1_1	175.0	6.0	2.3250975195	1.02
50921_1_1_1	50921_1_1_1	50921_1_1_1	2000558.1557945171	2000558.1557945171	0.0	tolerant	50921_1_1_1	187.0	3.0	2.8442054828	1.02
5092_1_1_1	5092_1_1_1	5092_1_1_1	2000127.6162912585	2000127.6162912585	0.0	tolerant	5092_1_1_1	43.0	3.0	1.3837087414	0.0
50934_1_1_1	50934_1_1_1	50934_1_1_1	1000272.1416794446	1000272.1416794446	0.0	unfiltered	50934_1_1_1	46.0	6.0	3.8583205554	1.76
50936_1_1_1	50936_1_1_1	50936_1_1_1	3000754.334002837	3000754.334002837	0.0	moderate	50936_1_1_1	108.0	7.0	1.6659971628	0.89
5093_1_1_1	5093_1_1_1	5093_1_1_1	3000742.0	3000742.0	0.0	moderate	5093_1_1_1	106.0	7.0	0.0	0.35
50940_1_1_1	50940_1_1_1	50940_1_1_1	2000505.0491121584	2000505.0491121584	0.0	tolerant	50940_1_1_1	169.0	3.0	1.9508878416	1.83
50942_1_1_1	50942_1_1_1	50942_1_1_1	2000621.2850245351	2000621.2850245351	0.0	tolerant	50942_1_1_1	156.0	4.0	2.7149754647	0.51
50944_1_1_1	50944_1_1_1	50944_1_1_1	2000582.4657670525	2000582.4657670525	0.0	tolerant	50944_1_1_1	117.0	5.0	2.5342329476	2.09
50953_1_1_1	50953_1_1_1	50953_1_1_1	2000982.5919958723	2000982.5919958723	0.0	tolerant	50953_1_1_1	197.0	5.0	2.4080041276	1.95
50953_1_1_1	51080_1_1_1	50953_1_1_1	2000818.3760482364	2000982.5919958723	164.21594763593748	tolerant	51080_1_1_1	205.0	4.0	1.6239517637	1.51
50955_1_1_1	51379_1_1_1	51379_1_1_1	3001204.0	3001204.0	0.0	moderate	51379_1_1_1	172.0	7.0	0.0	0.81
50955_1_1_1	50955_1_1_1	51379_1_1_1	3000810.0	3001204.0	394.0	moderate	50955_1_1_1	162.0	5.0	0.0	0.37
50955_1_1_1	51659_1_1_1	51379_1_1_1	3000568.0	3001204.0	636.0	moderate	51659_1_1_1	142.0	4.0	0.0	2.79
50960_1_1_1	50960_1_1_1	50960_1_1_1	3001392.522553544	3001392.522553544	0.0	moderate	50960_1_1_1	279.0	5.0	2.477446456	1.51
50961_1_1_1	50961_1_1_1	50961_1_1_1	2000645.534417944	2000645.534417944	0.0	tolerant	50961_1_1_1	108.0	6.0	2.4655820559	1.87
50962_1_1_1	50962_1_1_1	50962_1_1_1	3000322.0	3000322.0	0.0	moderate	50962_1_1_1	46.0	7.0	0.0	1.72
50963_1_1_1	50963_1_1_1	50963_1_1_1	4001165.0	4001165.0	0.0	strict	50963_1_1_1	233.0	5.0	0.0	1.35
50966_1_1_1	50966_1_1_1	50966_1_1_1	3000602.0	3000602.0	0.0	moderate	50966_1_1_1	86.0	7.0	0.0	0.67
50977_1_1_1	50976_1_1_1	50976_1_1_1	4000672.0	4000672.0	0.0	strict	50976_1_1_1	96.0	7.0	0.0	3.17
50977_1_1_1	50977_1_1_1	50976_1_1_1	4000651.0	4000672.0	21.0	strict	50977_1_1_1	93.0	7.0	0.0	3.19
50979_1_1_1	50979_1_1_1	50979_1_1_1	3000090.0	3000090.0	0.0	moderate	50979_1_1_1	18.0	5.0	0.0	0.0
5097_1_1_1	5097_1_1_1	5097_1_1_1	2000183.0	2000183.0	0.0	tolerant	5097_1_1_1	61.0	3.0	0.0	0.0
50980_1_1_1	50980_1_1_1	50980_1_1_1	2000145.0	2000145.0	0.0	tolerant	50980_1_1_1	29.0	5.0	0.0	0.42
50983_1_1_1	50982_1_1_1	50982_1_1_1	2000125.0	2000125.0	0.0	tolerant	50982_1_1_1	25.0	5.0	0.0	0.0
50983_1_1_1	50983_1_1_1	50982_1_1_1	2000110.0	2000125.0	15.0	tolerant	50983_1_1_1	22.0	5.0	0.0	0.0
50983_1_1_1	6088_1_1_1	50982_1_1_1	2000069.0	2000125.0	56.0	tolerant	6088_1_1_1	23.0	3.0	0.0	0.0
5098_1_1_1	5098_1_1_1	5098_1_1_1	1000105.0	1000105.0	0.0	unfiltered	5098_1_1_1	35.0	3.0	0.0	0.0
50994_1_1_1	50994_1_1_1	50994_1_1_1	3000673.596954438	3000673.596954438	0.0	moderate	50994_1_1_1	135.0	5.0	1.403045562	2.99
50998_1_1_1	50998_1_1_1	50998_1_1_1	4000950.0	4000950.0	0.0	strict	50998_1_1_1	190.0	5.0	0.0	0.32
50_1_1_1	50_1_1_1	50_1_1_1	1000003.0	1000003.0	0.0	unfiltered	50_1_1_1	3.0	1.0	0.0	0.0
51011_1_1_1	51011_1_1_1	51011_1_1_1	2001317.7014944672	2001317.7014944672	0.0	tolerant	51011_1_1_1	220.0	6.0	2.2985055326	1.7
51015_1_1_1	51015_1_1_1	51015_1_1_1	2000412.9988456497	2000412.9988456497	0.0	tolerant	51015_1_1_1	83.0	5.0	2.0011543505	2.01
51019_1_1_1	51019_1_1_1	51019_1_1_1	2000270.2858207384	2000270.2858207384	0.0	tolerant	51019_1_1_1	68.0	4.0	1.7141792618	1.77
5101_1_1_1	5101_1_1_1	5101_1_1_1	3000306.0	3000306.0	0.0	moderate	5101_1_1_1	51.0	6.0	0.0	0.64
51022_1_1_1	51022_1_1_1	51022_1_1_1	2000570.0	2000570.0	0.0	tolerant	51022_1_1_1	114.0	5.0	0.0	0.23
51023_1_1_1	51023_1_1_1	51023_1_1_1	2000191.3005231365	2000191.3005231365	0.0	tolerant	51023_1_1_1	96.0	2.0	0.6994768636	0.0
51029_1_1_1	51029_1_1_1	51029_1_1_1	2000355.3857714075	2000355.3857714075	0.0	tolerant	51029_1_1_1	178.0	2.0	0.6142285923	2.19
5102_1_1_1	5102_1_1_1	5102_1_1_1	2000382.9905159457	2000382.9905159457	0.0	tolerant	5102_1_1_1	96.0	4.0	1.0094840543	0.0
51033_1_1_1	51033_1_1_1	51033_1_1_1	2000590.7223435289	2000590.7223435289	0.0	tolerant	51033_1_1_1	148.0	4.0	1.2776564714	2.0
51038_1_1_1	51038_1_1_1	51038_1_1_1	3000650.0	3000650.0	0.0	moderate	51038_1_1_1	130.0	5.0	0.0	0.44
51048_1_1_1	51048_1_1_1	51048_1_1_1	3000372.0	3000372.0	0.0	moderate	51048_1_1_1	93.0	4.0	0.0	0.0
5104_1_1_1	5104_1_1_1	5104_1_1_1	3000714.0	3000714.0	0.0	moderate	5104_1_1_1	102.0	7.0	0.0	1.07
51054_1_1_1	51054_1_1_1	51054_1_1_1	3000819.0	3000819.0	0.0	moderate	51054_1_1_1	117.0	7.0	0.0	0.82
51055_1_1_1	51055_1_1_1	51055_1_1_1	3000207.3159387065	3000207.3159387065	0.0	moderate	51055_1_1_1	42.0	5.0	2.6840612936	1.36
51062_1_1_1	51062_1_1_1	51062_1_1_1	2001005.694847223	2001005.694847223	0.0	tolerant	51062_1_1_1	252.0	4.0	2.3051527768	2.28
51063_1_1_1	51063_1_1_1	51063_1_1_1	4000430.0	4000430.0	0.0	strict	51063_1_1_1	86.0	5.0	0.0	0.0
51063_1_1_1	26617_1_1_1	51063_1_1_1	3000456.0	4000430.0	999974.0	moderate	26617_1_1_1	76.0	6.0	0.0	0.7
51063_1_1_1	50305_1_1_1	51063_1_1_1	2000220.0	4000430.0	2000210.0	tolerant	50305_1_1_1	55.0	4.0	0.0	1.27
51063_1_1_1	51646_1_1_1	51063_1_1_1	2000098.0	4000430.0	2000332.0	tolerant	51646_1_1_1	49.0	2.0	0.0	0.0
51063_1_1_1	27746_1_1_1	51063_1_1_1	1000124.0	4000430.0	3000306.0	unfiltered	27746_1_1_1	31.0	4.0	0.0	0.0
51067_1_1_1	51067_1_1_1	51067_1_1_1	2000317.521430038	2000317.521430038	0.0	tolerant	51067_1_1_1	80.0	4.0	2.4785699622	2.67
51068_1_1_1	51068_1_1_1	51068_1_1_1	2000052.9068935737	2000052.9068935737	0.0	tolerant	51068_1_1_1	27.0	2.0	1.0931064266	0.0
51069_1_1_1	51069_1_1_1	51069_1_1_1	2000209.383337714	2000209.383337714	0.0	tolerant	51069_1_1_1	53.0	4.0	2.616662286	2.73
5106_1_1_1	5106_1_1_1	5106_1_1_1	3000476.0	3000476.0	0.0	moderate	5106_1_1_1	68.0	7.0	0.0	1.01
51070_1_1_1	51070_1_1_1	51070_1_1_1	3000455.0	3000455.0	0.0	moderate	51070_1_1_1	65.0	7.0	0.0	1.68
51073_1_1_1	51073_1_1_1	51073_1_1_1	4000504.0	4000504.0	0.0	strict	51073_1_1_1	72.0	7.0	0.0	0.61
51073_1_1_1	5973_1_1_1	51073_1_1_1	3000672.0	4000504.0	999832.0	moderate	5973_1_1_1	96.0	7.0	0.0	0.95
51074_1_1_1	51074_1_1_1	51074_1_1_1	4001400.0	4001400.0	0.0	strict	51074_1_1_1	280.0	5.0	0.0	0.62
51077_1_1_1	51077_1_1_1	51077_1_1_1	4000588.0	4000588.0	0.0	strict	51077_1_1_1	84.0	7.0	0.0	0.94
51078_1_1_1	51078_1_1_1	51078_1_1_1	3000599.3511780077	3000599.3511780077	0.0	moderate	51078_1_1_1	86.0	7.0	2.6488219925	0.42
5107_1_1_1	5107_1_1_1	5107_1_1_1	3000693.0	3000693.0	0.0	moderate	5107_1_1_1	99.0	7.0	0.0	0.48
51081_1_1_1	51081_1_1_1	51081_1_1_1	3000892.218309622	3000892.218309622	0.0	moderate	51081_1_1_1	179.0	5.0	2.781690378	1.3
51083_1_1_1	51083_1_1_1	51083_1_1_1	3000616.0	3000616.0	0.0	moderate	51083_1_1_1	88.0	7.0	0.0	0.88
51087_1_1_1	51087_1_1_1	51087_1_1_1	3000708.14900204	3000708.14900204	0.0	moderate	51087_1_1_1	142.0	5.0	1.8509979601	0.51
51090_1_1_1	51090_1_1_1	51090_1_1_1	2000469.4168442795	2000469.4168442795	0.0	tolerant	51090_1_1_1	118.0	4.0	2.5831557202	1.86
51091_1_1_1	51091_1_1_1	51091_1_1_1	3000560.0	3000560.0	0.0	moderate	51091_1_1_1	80.0	7.0	0.0	0.55
51092_1_1_1	51092_1_1_1	51092_1_1_1	3000432.2000509207	3000432.2000509207	0.0	moderate	51092_1_1_1	87.0	5.0	2.7999490792	0.95
51093_1_1_1	50941_1_1_1	50941_1_1_1	2000939.2408433105	2000939.2408433105	0.0	tolerant	50941_1_1_1	157.0	6.0	2.7591566895	1.47
51093_1_1_1	51093_1_1_1	50941_1_1_1	2000481.811014653	2000939.2408433105	457.42982865753584	tolerant	51093_1_1_1	121.0	4.0	2.188985347	2.15
51094_1_1_1	51094_1_1_1	51094_1_1_1	4001589.0	4001589.0	0.0	strict	51094_1_1_1	227.0	7.0	0.0	1.52
51094_1_1_1	53421_1_1_1	51094_1_1_1	2000930.0	4001589.0	2000659.0	tolerant	53421_1_1_1	155.0	6.0	0.0	2.35
51096_1_1_1	51096_1_1_1	51096_1_1_1	3000588.0	3000588.0	0.0	moderate	51096_1_1_1	84.0	7.0	0.0	0.0
51102_1_1_1	51102_1_1_1	51102_1_1_1	2000286.0955066453	2000286.0955066453	0.0	tolerant	51102_1_1_1	72.0	4.0	1.9044933547	1.52
51107_1_1_1	51107_1_1_1	51107_1_1_1	4000455.0	4000455.0	0.0	strict	51107_1_1_1	91.0	5.0	0.0	1.58
51107_1_1_1	26849_1_1_1	51107_1_1_1	3000430.0	4000455.0	1000025.0	moderate	26849_1_1_1	86.0	5.0	0.0	0.44
51108_1_1_1	26915_1_1_1	26915_1_1_1	3000617.634505899	3000617.634505899	0.0	moderate	26915_1_1_1	124.0	5.0	2.3654941008	1.37
51108_1_1_1	51108_1_1_1	26915_1_1_1	3000547.7203261377	3000617.634505899	69.91417976142839	moderate	51108_1_1_1	110.0	5.0	2.2796738623	1.29
51111_1_1_1	51111_1_1_1	51111_1_1_1	2000466.412256692	2000466.412256692	0.0	tolerant	51111_1_1_1	117.0	4.0	1.5877433081	1.88
51112_1_1_1	51112_1_1_1	51112_1_1_1	2000422.2479490547	2000422.2479490547	0.0	tolerant	51112_1_1_1	106.0	4.0	1.7520509453	1.64
51113_1_1_1	51113_1_1_1	51113_1_1_1	2000349.6579071863	2000349.6579071863	0.0	tolerant	51113_1_1_1	88.0	4.0	2.3420928134	1.67
51114_1_1_1	51114_1_1_1	51114_1_1_1	2001545.751639136	2001545.751639136	0.0	tolerant	51114_1_1_1	258.0	6.0	2.248360864	1.63
51115_1_1_1	51115_1_1_1	51115_1_1_1	3001132.2522513364	3001132.2522513364	0.0	moderate	51115_1_1_1	227.0	5.0	2.7477486637	1.36
51116_1_1_1	51116_1_1_1	51116_1_1_1	2000369.0504859465	2000369.0504859465	0.0	tolerant	51116_1_1_1	62.0	6.0	2.9495140536	1.35
51123_1_1_1	51123_1_1_1	51123_1_1_1	2001111.2553059936	2001111.2553059936	0.0	tolerant	51123_1_1_1	159.0	7.0	1.7446940067	1.41
51123_1_1_1	51122_1_1_1	51123_1_1_1	2001083.1223137495	2001111.2553059936	28.132992244092748	tolerant	51122_1_1_1	155.0	7.0	1.8776862505	1.39
51125_1_1_1	51125_1_1_1	51125_1_1_1	2000036.0	2000036.0	0.0	tolerant	51125_1_1_1	18.0	2.0	0.0	0.0
51132_1_1_1	51132_1_1_1	51132_1_1_1	3000377.0429768697	3000377.0429768697	0.0	moderate	51132_1_1_1	95.0	4.0	2.9570231302	1.59
51133_1_1_1	51133_1_1_1	51133_1_1_1	4000582.0	4000582.0	0.0	strict	51133_1_1_1	97.0	6.0	0.0	1.87
5113_1_1_1	5113_1_1_1	5113_1_1_1	2000057.0	2000057.0	0.0	tolerant	5113_1_1_1	19.0	3.0	0.0	0.0
5113_1_1_1	5112_1_1_1	5113_1_1_1	2000057.0	2000057.0	0.0	tolerant	5112_1_1_1	19.0	3.0	0.0	0.0
51147_1_1_1	51147_1_1_1	51147_1_1_1	3000998.4893424474	3000998.4893424474	0.0	moderate	51147_1_1_1	143.0	7.0	2.5106575524	1.09
51147_1_1_1	51172_1_1_1	51147_1_1_1	2000759.7244598824	3000998.4893424474	1000238.764882565	tolerant	51172_1_1_1	127.0	6.0	2.2755401174	1.35
51150_1_1_1	30290_1_1_1	30290_1_1_1	4000756.0	4000756.0	0.0	strict	30290_1_1_1	108.0	7.0	0.0	1.8
51150_1_1_1	30334_1_1_1	30290_1_1_1	4000756.0	4000756.0	0.0	strict	30334_1_1_1	108.0	7.0	0.0	1.15
51150_1_1_1	17242_1_1_1	30290_1_1_1	4000678.0	4000756.0	78.0	strict	17242_1_1_1	113.0	6.0	0.0	1.1
51150_1_1_1	51150_1_1_1	30290_1_1_1	4000408.0	4000756.0	348.0	strict	51150_1_1_1	102.0	4.0	0.0	0.64
51150_1_1_1	52150_1_1_1	30290_1_1_1	3000742.0	4000756.0	1000014.0	moderate	52150_1_1_1	106.0	7.0	0.0	0.19
51150_1_1_1	17299_1_1_1	30290_1_1_1	3000742.0	4000756.0	1000014.0	moderate	17299_1_1_1	106.0	7.0	0.0	0.35
51150_1_1_1	5241_1_1_1	30290_1_1_1	3000412.0	4000756.0	1000344.0	moderate	5241_1_1_1	103.0	4.0	0.0	0.0
51150_1_1_1	4446_1_1_1	30290_1_1_1	3000309.0	4000756.0	1000447.0	moderate	4446_1_1_1	103.0	3.0	0.0	0.0
51150_1_1_1	62_1_1_1	30290_1_1_1	3000282.0	4000756.0	1000474.0	moderate	62_1_1_1	94.0	3.0	0.0	0.0
51151_1_1_1	51151_1_1_1	51151_1_1_1	2000534.0	2000534.0	0.0	tolerant	51151_1_1_1	178.0	3.0	0.0	1.14
51159_1_1_1	51159_1_1_1	51159_1_1_1	4000846.0	4000846.0	0.0	strict	51159_1_1_1	141.0	6.0	0.0	1.53
5115_1_1_1	5115_1_1_1	5115_1_1_1	3000700.0	3000700.0	0.0	moderate	5115_1_1_1	100.0	7.0	0.0	0.42
51160_1_1_1	51160_1_1_1	51160_1_1_1	3000864.0	3000864.0	0.0	moderate	51160_1_1_1	144.0	6.0	0.0	0.17
51160_1_1_1	5918_1_1_1	51160_1_1_1	3000790.0	3000864.0	74.0	moderate	5918_1_1_1	158.0	5.0	0.0	1.7
51160_1_1_1	1657_1_1_1	51160_1_1_1	3000612.0	3000864.0	252.0	moderate	1657_1_1_1	153.0	4.0	0.0	0.0
51160_1_1_1	4012_1_1_1	51160_1_1_1	3000548.0	3000864.0	316.0	moderate	4012_1_1_1	137.0	4.0	0.0	0.0
51160_1_1_1	7277_1_1_1	51160_1_1_1	2000286.0	3000864.0	1000578.0	tolerant	7277_1_1_1	143.0	2.0	0.0	0.0
51160_1_1_1	51162_1_1_1	51160_1_1_1	2000278.0	3000864.0	1000586.0	tolerant	51162_1_1_1	139.0	2.0	0.0	0.0
51160_1_1_1	7278_1_1_1	51160_1_1_1	2000134.0	3000864.0	1000730.0	tolerant	7278_1_1_1	67.0	2.0	0.0	0.0
51171_1_1_1	25987_1_1_1	25987_1_1_1	4000724.586342915	4000724.586342915	0.0	strict	25987_1_1_1	121.0	6.0	1.4136570852	0.9
51171_1_1_1	51818_1_1_1	25987_1_1_1	4000625.0	4000724.586342915	99.58634291496128	strict	51818_1_1_1	125.0	5.0	0.0	1.68
51171_1_1_1	51171_1_1_1	25987_1_1_1	4000555.0	4000724.586342915	169.58634291496128	strict	51171_1_1_1	111.0	5.0	0.0	0.0
51171_1_1_1	27515_1_1_1	25987_1_1_1	4000492.0	4000724.586342915	232.58634291496128	strict	27515_1_1_1	123.0	4.0	0.0	1.74
51171_1_1_1	27514_1_1_1	25987_1_1_1	3000497.323309788	4000724.586342915	1000227.263033127	moderate	27514_1_1_1	125.0	4.0	2.6766902119	0.0
51171_1_1_1	52598_1_1_1	25987_1_1_1	3000465.4898811528	4000724.586342915	1000259.0964617622	moderate	52598_1_1_1	117.0	4.0	2.5101188474	0.0
51171_1_1_1	5508_1_1_1	25987_1_1_1	3000375.635633199	4000724.586342915	1000348.950709716	moderate	5508_1_1_1	126.0	3.0	2.3643668012	0.0
51171_1_1_1	5509_1_1_1	25987_1_1_1	3000375.607252775	4000724.586342915	1000348.9790901397	moderate	5509_1_1_1	126.0	3.0	2.392747225	0.0
51171_1_1_1	5510_1_1_1	25987_1_1_1	3000372.0	4000724.586342915	1000352.586342915	moderate	5510_1_1_1	124.0	3.0	0.0	0.0
51171_1_1_1	27575_1_1_1	25987_1_1_1	3000369.4592729816	4000724.586342915	1000355.1270699333	moderate	27575_1_1_1	124.0	3.0	2.5407270185	0.0
51171_1_1_1	27516_1_1_1	25987_1_1_1	3000366.550237134	4000724.586342915	1000358.0361057809	moderate	27516_1_1_1	123.0	3.0	2.4497628658	0.0
51171_1_1_1	27513_1_1_1	25987_1_1_1	3000363.0	4000724.586342915	1000361.586342915	moderate	27513_1_1_1	121.0	3.0	0.0	0.0
51171_1_1_1	53014_1_1_1	25987_1_1_1	3000240.448420787	4000724.586342915	1000484.1379221277	moderate	53014_1_1_1	81.0	3.0	2.5515792129	0.0
51171_1_1_1	25986_1_1_1	25987_1_1_1	2000636.0	4000724.586342915	2000088.586342915	tolerant	25986_1_1_1	106.0	6.0	0.0	1.4
51175_1_1_1	51175_1_1_1	51175_1_1_1	2000765.9679723424	2000765.9679723424	0.0	tolerant	51175_1_1_1	128.0	6.0	2.0320276574	1.44
51176_1_1_1	51176_1_1_1	51176_1_1_1	3001808.414623651	3001808.414623651	0.0	moderate	51176_1_1_1	362.0	5.0	1.5853763487	1.41
51184_1_1_1	51184_1_1_1	51184_1_1_1	3000553.0	3000553.0	0.0	moderate	51184_1_1_1	79.0	7.0	0.0	0.6
51186_1_1_1	51186_1_1_1	51186_1_1_1	3000807.4465839774	3000807.4465839774	0.0	moderate	51186_1_1_1	162.0	5.0	2.5534160226	1.01
51193_1_1_1	51193_1_1_1	51193_1_1_1	3000273.0	3000273.0	0.0	moderate	51193_1_1_1	39.0	7.0	0.0	1.06
51197_1_1_1	51197_1_1_1	51197_1_1_1	2000605.0	2000605.0	0.0	tolerant	51197_1_1_1	121.0	5.0	0.0	1.11
51198_1_1_1	51198_1_1_1	51198_1_1_1	2000108.0	2000108.0	0.0	tolerant	51198_1_1_1	54.0	2.0	0.0	0.0
5119_1_1_1	5119_1_1_1	5119_1_1_1	3000522.0	3000522.0	0.0	moderate	5119_1_1_1	87.0	6.0	0.0	0.77
51203_1_1_1	51203_1_1_1	51203_1_1_1	2000342.256038377	2000342.256038377	0.0	tolerant	51203_1_1_1	86.0	4.0	1.743961623	2.13
51208_1_1_1	51207_1_1_1	51207_1_1_1	2000489.3187926577	2000489.3187926577	0.0	tolerant	51207_1_1_1	123.0	4.0	2.6812073425	1.43
51208_1_1_1	51204_1_1_1	51207_1_1_1	2000409.6011746435	2000489.3187926577	79.7176180141978	tolerant	51204_1_1_1	103.0	4.0	2.3988253562	1.18
51208_1_1_1	51208_1_1_1	51207_1_1_1	2000373.9721630225	2000489.3187926577	115.34662963519804	tolerant	51208_1_1_1	94.0	4.0	2.0278369776	1.05
51211_1_1_1	51211_1_1_1	51211_1_1_1	2001057.55012982	2001057.55012982	0.0	tolerant	51211_1_1_1	212.0	5.0	2.4498701799	1.01
51226_1_1_1	51226_1_1_1	51226_1_1_1	3000557.1516463924	3000557.1516463924	0.0	moderate	51226_1_1_1	80.0	7.0	2.8483536076	0.64
51227_1_1_1	51227_1_1_1	51227_1_1_1	3000329.0	3000329.0	0.0	moderate	51227_1_1_1	47.0	7.0	0.0	1.2
51229_1_1_1	51229_1_1_1	51229_1_1_1	2000477.4170600013	2000477.4170600013	0.0	tolerant	51229_1_1_1	160.0	3.0	2.5829399986	1.53
51231_1_1_1	51231_1_1_1	51231_1_1_1	2000201.5909771128	2000201.5909771128	0.0	tolerant	51231_1_1_1	34.0	6.0	2.4090228873	2.33
51236_1_1_1	51230_1_1_1	51230_1_1_1	4000372.0	4000372.0	0.0	strict	51230_1_1_1	62.0	6.0	0.0	0.81
51236_1_1_1	51236_1_1_1	51230_1_1_1	4000310.0	4000372.0	62.0	strict	51236_1_1_1	62.0	5.0	0.0	0.0
51236_1_1_1	51234_1_1_1	51230_1_1_1	4000310.0	4000372.0	62.0	strict	51234_1_1_1	62.0	5.0	0.0	0.0
51236_1_1_1	51235_1_1_1	51230_1_1_1	4000310.0	4000372.0	62.0	strict	51235_1_1_1	62.0	5.0	0.0	0.0
51236_1_1_1	4974_1_1_1	51230_1_1_1	3000427.0	4000372.0	999945.0	moderate	4974_1_1_1	61.0	7.0	0.0	1.35
51236_1_1_1	4926_1_1_1	51230_1_1_1	3000236.0	4000372.0	1000136.0	moderate	4926_1_1_1	59.0	4.0	0.0	0.0
51236_1_1_1	1870_1_1_1	51230_1_1_1	3000189.0	4000372.0	1000183.0	moderate	1870_1_1_1	63.0	3.0	0.0	0.0
51239_1_1_1	51239_1_1_1	51239_1_1_1	4000777.0	4000777.0	0.0	strict	51239_1_1_1	111.0	7.0	0.0	2.05
51239_1_1_1	51240_1_1_1	51239_1_1_1	3000570.0	4000777.0	1000207.0	moderate	51240_1_1_1	114.0	5.0	0.0	2.59
51253_1_1_1	51253_1_1_1	51253_1_1_1	4000945.0	4000945.0	0.0	strict	51253_1_1_1	189.0	5.0	0.0	0.5
51254_1_1_1	51254_1_1_1	51254_1_1_1	2000621.725683804	2000621.725683804	0.0	tolerant	51254_1_1_1	208.0	3.0	2.2743161962	1.46
51255_1_1_1	51255_1_1_1	51255_1_1_1	4000440.0	4000440.0	0.0	strict	51255_1_1_1	88.0	5.0	0.0	0.74
51257_3_1_1	51257_3_1_1	51257_3_1_1	1000191.2483674831	1000191.2483674831	0.0	unfiltered	51257_3_1_1	48.0	4.0	0.7516325167	0.0
51258_1_1_1	51258_1_1_1	51258_1_1_1	4000690.0	4000690.0	0.0	strict	51258_1_1_1	138.0	5.0	0.0	0.32
51260_3_1_1	51260_3_1_1	51260_3_1_1	1000080.0	1000080.0	0.0	unfiltered	51260_3_1_1	20.0	4.0	0.0	0.0
5126_1_1_1	5126_1_1_1	5126_1_1_1	3000749.0	3000749.0	0.0	moderate	5126_1_1_1	107.0	7.0	0.0	0.43
51279_1_1_1	51276_1_1_1	51276_1_1_1	2000192.0	2000192.0	0.0	tolerant	51276_1_1_1	96.0	2.0	0.0	0.0
51279_1_1_1	51269_1_1_1	51276_1_1_1	2000186.0	2000192.0	6.0	tolerant	51269_1_1_1	93.0	2.0	0.0	0.0
51279_1_1_1	51279_1_1_1	51276_1_1_1	2000148.0	2000192.0	44.0	tolerant	51279_1_1_1	74.0	2.0	0.0	0.0
51281_1_1_1	51281_1_1_1	51281_1_1_1	3000522.7772465865	3000522.7772465865	0.0	moderate	51281_1_1_1	105.0	5.0	2.2227534134	0.99
51282_1_1_1	51282_1_1_1	51282_1_1_1	3000477.053634679	3000477.053634679	0.0	moderate	51282_1_1_1	96.0	5.0	2.946365321	1.33
51285_1_1_1	51285_1_1_1	51285_1_1_1	1000180.0	1000180.0	0.0	unfiltered	51285_1_1_1	45.0	4.0	0.0	4.64
51286_1_1_1	51286_1_1_1	51286_1_1_1	2000238.2347575035	2000238.2347575035	0.0	tolerant	51286_1_1_1	40.0	6.0	1.7652424965	2.03
51293_1_1_1	51293_1_1_1	51293_1_1_1	4001075.0	4001075.0	0.0	strict	51293_1_1_1	215.0	5.0	0.0	0.94
51294_1_1_1	15969_1_1_1	15969_1_1_1	3000570.0	3000570.0	0.0	moderate	15969_1_1_1	114.0	5.0	0.0	0.98
51294_1_1_1	51294_1_1_1	15969_1_1_1	3000448.0	3000570.0	122.0	moderate	51294_1_1_1	112.0	4.0	0.0	0.0
51294_1_1_1	28122_1_1_1	15969_1_1_1	1000670.0	3000570.0	1999900.0	unfiltered	28122_1_1_1	134.0	5.0	0.0	0.37
51297_1_1_1	51297_1_1_1	51297_1_1_1	3002415.0	3002415.0	0.0	moderate	51297_1_1_1	345.0	7.0	0.0	0.27
51299_1_1_1	51299_1_1_1	51299_1_1_1	3001053.0173374186	3001053.0173374186	0.0	moderate	51299_1_1_1	211.0	5.0	1.9826625813	0.8
5129_1_1_1	5129_1_1_1	5129_1_1_1	3000516.0	3000516.0	0.0	moderate	5129_1_1_1	86.0	6.0	0.0	1.02
51301_1_1_1	51301_1_1_1	51301_1_1_1	2000847.7197887104	2000847.7197887104	0.0	tolerant	51301_1_1_1	170.0	5.0	2.2802112897	1.64
51303_1_1_1	51303_1_1_1	51303_1_1_1	2000765.9209638664	2000765.9209638664	0.0	tolerant	51303_1_1_1	192.0	4.0	2.0790361333	1.35
51304_1_1_1	51304_1_1_1	51304_1_1_1	3000352.6362716425	3000352.6362716425	0.0	moderate	51304_1_1_1	71.0	5.0	2.3637283573	1.88
51306_1_1_1	51306_1_1_1	51306_1_1_1	2000188.0	2000188.0	0.0	tolerant	51306_1_1_1	94.0	2.0	0.0	0.0
51306_1_1_1	51223_1_1_1	51306_1_1_1	2000186.0	2000188.0	2.0	tolerant	51223_1_1_1	93.0	2.0	0.0	0.0
51306_1_1_1	51308_1_1_1	51306_1_1_1	2000178.0	2000188.0	10.0	tolerant	51308_1_1_1	89.0	2.0	0.0	0.0
51306_1_1_1	51309_1_1_1	51306_1_1_1	2000114.0	2000188.0	74.0	tolerant	51309_1_1_1	57.0	2.0	0.0	0.0
5130_1_1_1	5130_1_1_1	5130_1_1_1	3000768.0	3000768.0	0.0	moderate	5130_1_1_1	128.0	6.0	0.0	0.2
5130_1_1_1	6622_1_1_1	5130_1_1_1	2000781.34889202	3000768.0	999986.6511079799	tolerant	6622_1_1_1	112.0	7.0	2.6511079799	2.51
5130_1_1_1	15198_1_1_1	5130_1_1_1	2000741.147217236	3000768.0	1000026.852782764	tolerant	15198_1_1_1	124.0	6.0	2.8527827638	2.6
5130_1_1_1	18365_1_1_1	5130_1_1_1	2000735.0157056132	3000768.0	1000032.9842943868	tolerant	18365_1_1_1	123.0	6.0	2.9842943868	2.48
5130_1_1_1	4562_1_1_1	5130_1_1_1	2000635.0	3000768.0	1000133.0	tolerant	4562_1_1_1	127.0	5.0	0.0	0.12
5130_1_1_1	4751_1_1_1	5130_1_1_1	2000512.0	3000768.0	1000256.0	tolerant	4751_1_1_1	128.0	4.0	0.0	0.0
5130_1_1_1	4831_1_1_1	5130_1_1_1	2000508.0	3000768.0	1000260.0	tolerant	4831_1_1_1	127.0	4.0	0.0	0.41
5130_1_1_1	4943_2_1_1	5130_1_1_1	2000384.0	3000768.0	1000384.0	tolerant	4943_2_1_1	128.0	3.0	0.0	0.0
5130_1_1_1	5068_1_1_1	5130_1_1_1	2000381.0	3000768.0	1000387.0	tolerant	5068_1_1_1	127.0	3.0	0.0	0.0
5130_1_1_1	3441_1_1_1	5130_1_1_1	2000381.0	3000768.0	1000387.0	tolerant	3441_1_1_1	127.0	3.0	0.0	0.0
5130_1_1_1	5804_1_1_1	5130_1_1_1	2000381.0	3000768.0	1000387.0	tolerant	5804_1_1_1	127.0	3.0	0.0	0.0
5130_1_1_1	11052_1_1_1	5130_1_1_1	2000372.197475651	3000768.0	1000395.802524349	tolerant	11052_1_1_1	125.0	3.0	2.802524349	0.0
5130_1_1_1	6415_1_1_1	5130_1_1_1	2000372.0	3000768.0	1000396.0	tolerant	6415_1_1_1	124.0	3.0	0.0	0.0
5130_1_1_1	5803_1_1_1	5130_1_1_1	2000342.0	3000768.0	1000426.0	tolerant	5803_1_1_1	114.0	3.0	0.0	0.0
5130_1_1_1	5069_1_1_1	5130_1_1_1	2000327.0	3000768.0	1000441.0	tolerant	5069_1_1_1	109.0	3.0	0.0	0.0
5130_1_1_1	7159_1_1_1	5130_1_1_1	2000324.0	3000768.0	1000444.0	tolerant	7159_1_1_1	108.0	3.0	0.0	0.0
5130_1_1_1	4883_1_1_1	5130_1_1_1	2000250.0	3000768.0	1000518.0	tolerant	4883_1_1_1	125.0	2.0	0.0	0.0
5130_1_1_1	11459_1_1_1	5130_1_1_1	2000250.0	3000768.0	1000518.0	tolerant	11459_1_1_1	125.0	2.0	0.0	0.0
5130_1_1_1	18366_1_1_1	5130_1_1_1	2000245.3810023796	3000768.0	1000522.6189976204	tolerant	18366_1_1_1	123.0	2.0	0.6189976205	0.0
5130_1_1_1	18370_1_1_1	5130_1_1_1	2000243.219780293	3000768.0	1000524.7802197069	tolerant	18370_1_1_1	123.0	2.0	2.7802197069	0.0
5130_1_1_1	18369_1_1_1	5130_1_1_1	2000240.3352392707	3000768.0	1000527.6647607293	tolerant	18369_1_1_1	121.0	2.0	1.6647607293	0.0
5130_1_1_1	18368_1_1_1	5130_1_1_1	2000235.734068006	3000768.0	1000532.265931994	tolerant	18368_1_1_1	119.0	2.0	2.2659319939	0.0
5130_1_1_1	18367_1_1_1	5130_1_1_1	2000225.8496604585	3000768.0	1000542.1503395415	tolerant	18367_1_1_1	114.0	2.0	2.1503395418	0.0
5130_1_1_1	76_1_1_1	5130_1_1_1	2000042.0	3000768.0	1000726.0	tolerant	76_1_1_1	21.0	2.0	0.0	0.0
5130_1_1_1	1770_1_1_1	5130_1_1_1	2000033.0	3000768.0	1000735.0	tolerant	1770_1_1_1	11.0	3.0	0.0	0.0
5130_1_1_1	11051_1_1_1	5130_1_1_1	1000491.837717751	3000768.0	2000276.162282249	unfiltered	11051_1_1_1	125.0	4.0	8.162282249	0.0
5130_1_1_1	7136_1_1_1	5130_1_1_1	1000382.1164193092	3000768.0	2000385.8835806907	unfiltered	7136_1_1_1	96.0	4.0	1.8835806908	0.0
5130_1_1_1	7135_1_1_1	5130_1_1_1	1000329.0374166078	3000768.0	2000438.9625833922	unfiltered	7135_1_1_1	110.0	3.0	0.9625833922	0.0
5130_1_1_1	5124_1_1_1	5130_1_1_1	1000243.3550893177	3000768.0	2000524.6449106825	unfiltered	5124_1_1_1	126.0	2.0	8.6449106825	0.0
5130_1_1_1	5125_1_1_1	5130_1_1_1	1000239.2148185404	3000768.0	2000528.7851814595	unfiltered	5125_1_1_1	124.0	2.0	8.7851814596	0.0
5130_1_1_1	11461_1_1_1	5130_1_1_1	1000238.2980042002	3000768.0	2000529.7019957998	unfiltered	11461_1_1_1	123.0	2.0	7.7019957998	0.0
5130_1_1_1	11462_1_1_1	5130_1_1_1	1000224.274802148	3000768.0	2000543.7251978521	unfiltered	11462_1_1_1	116.0	2.0	7.7251978521	0.0
5130_1_1_1	11460_1_1_1	5130_1_1_1	1000220.4190281448	3000768.0	2000547.5809718552	unfiltered	11460_1_1_1	114.0	2.0	7.5809718551	0.0
51314_1_1_1	51314_1_1_1	51314_1_1_1	2000210.2364456144	2000210.2364456144	0.0	tolerant	51314_1_1_1	71.0	3.0	2.7635543854	1.21
51316_1_1_1	51319_1_1_1	51319_1_1_1	2000293.8485420088	2000293.8485420088	0.0	tolerant	51319_1_1_1	74.0	4.0	2.1514579912	1.61
51316_1_1_1	51316_1_1_1	51319_1_1_1	2000293.681464148	2000293.8485420088	0.16707786079496145	tolerant	51316_1_1_1	74.0	4.0	2.3185358519	1.67
51316_1_1_1	51648_1_1_1	51319_1_1_1	2000213.7931199372	2000293.8485420088	80.05542207160033	tolerant	51648_1_1_1	54.0	4.0	2.2068800628	1.4
51320_1_1_1	51320_1_1_1	51320_1_1_1	3000763.0	3000763.0	0.0	moderate	51320_1_1_1	109.0	7.0	0.0	2.0
51325_1_1_1	51325_1_1_1	51325_1_1_1	2000477.707680557	2000477.707680557	0.0	tolerant	51325_1_1_1	80.0	6.0	2.292319443	1.18
51326_1_1_1	51326_1_1_1	51326_1_1_1	4000565.0	4000565.0	0.0	strict	51326_1_1_1	113.0	5.0	0.0	0.43
51328_1_1_1	51328_1_1_1	51328_1_1_1	2000118.294593686	2000118.294593686	0.0	tolerant	51328_1_1_1	30.0	4.0	1.7054063141	1.63
51328_1_1_1	51317_1_1_1	51328_1_1_1	2000117.9942545209	2000118.294593686	0.30033916514366865	tolerant	51317_1_1_1	30.0	4.0	2.0057454794	1.8
51329_1_1_1	51329_1_1_1	51329_1_1_1	4000623.508011171	4000623.508011171	0.0	strict	51329_1_1_1	125.0	5.0	1.4919888289	0.65
51330_1_1_1	51330_1_1_1	51330_1_1_1	3000147.8547714925	3000147.8547714925	0.0	moderate	51330_1_1_1	30.0	5.0	2.1452285073	1.39
51330_1_1_1	51318_1_1_1	51330_1_1_1	3000132.2589068394	3000147.8547714925	15.59586465312168	moderate	51318_1_1_1	27.0	5.0	2.7410931608	1.53
51331_1_1_1	51331_1_1_1	51331_1_1_1	1000340.0	1000340.0	0.0	unfiltered	51331_1_1_1	85.0	4.0	0.0	1.11
51336_1_1_1	51336_1_1_1	51336_1_1_1	2000517.686644117	2000517.686644117	0.0	tolerant	51336_1_1_1	130.0	4.0	2.3133558828	2.93
5133_1_1_1	5056_1_1_1	5056_1_1_1	3000452.004262879	3000452.004262879	0.0	moderate	5056_1_1_1	65.0	7.0	2.9957371209	1.52
5133_1_1_1	5132_1_1_1	5056_1_1_1	3000224.0	3000452.004262879	228.0042628790252	moderate	5132_1_1_1	56.0	4.0	0.0	0.0
5133_1_1_1	5133_1_1_1	5056_1_1_1	3000168.0	3000452.004262879	284.0042628790252	moderate	5133_1_1_1	56.0	3.0	0.0	0.0
51340_1_1_1	51340_1_1_1	51340_1_1_1	2000813.0526610776	2000813.0526610776	0.0	tolerant	51340_1_1_1	136.0	6.0	2.9473389222	1.29
51345_1_1_1	51345_1_1_1	51345_1_1_1	3000466.499610458	3000466.499610458	0.0	moderate	51345_1_1_1	67.0	7.0	2.500389542	0.59
51345_1_1_1	51344_1_1_1	51345_1_1_1	2000258.6799803476	3000466.499610458	1000207.8196301104	tolerant	51344_1_1_1	65.0	4.0	1.3200196523	1.71
51345_1_1_1	51343_1_1_1	51345_1_1_1	2000257.904525438	3000466.499610458	1000208.59508502	tolerant	51343_1_1_1	65.0	4.0	2.0954745621	1.4
51347_1_1_1	51347_1_1_1	51347_1_1_1	2001155.0	2001155.0	0.0	tolerant	51347_1_1_1	231.0	5.0	0.0	1.27
51351_1_1_1	51351_1_1_1	51351_1_1_1	3000476.0	3000476.0	0.0	moderate	51351_1_1_1	68.0	7.0	0.0	0.72
51352_1_1_1	51352_1_1_1	51352_1_1_1	3000730.0	3000730.0	0.0	moderate	51352_1_1_1	146.0	5.0	0.0	0.55
51353_1_1_1	51353_1_1_1	51353_1_1_1	3000662.282158887	3000662.282158887	0.0	moderate	51353_1_1_1	95.0	7.0	2.7178411129	1.32
51354_1_1_1	51354_1_1_1	51354_1_1_1	2000406.0441950017	2000406.0441950017	0.0	tolerant	51354_1_1_1	68.0	6.0	1.9558049984	1.48
51355_1_1_1	51355_1_1_1	51355_1_1_1	2000687.5601451208	2000687.5601451208	0.0	tolerant	51355_1_1_1	115.0	6.0	2.4398548792	1.67
51359_1_1_1	51359_1_1_1	51359_1_1_1	2000096.0	2000096.0	0.0	tolerant	51359_1_1_1	48.0	2.0	0.0	1.56
51360_1_1_1	51360_1_1_1	51360_1_1_1	2000104.0	2000104.0	0.0	tolerant	51360_1_1_1	52.0	2.0	0.0	2.42
51362_1_1_1	51362_1_1_1	51362_1_1_1	3000322.3148194994	3000322.3148194994	0.0	moderate	51362_1_1_1	65.0	5.0	2.6851805005	1.27
51364_1_1_1	51364_1_1_1	51364_1_1_1	2000212.6238570649	2000212.6238570649	0.0	tolerant	51364_1_1_1	43.0	5.0	2.3761429354	0.35
51372_1_1_1	51368_1_1_1	51368_1_1_1	2000329.499047356	2000329.499047356	0.0	tolerant	51368_1_1_1	166.0	2.0	2.5009526441	0.0
51372_1_1_1	51363_1_1_1	51368_1_1_1	2000302.0	2000329.499047356	27.499047355959192	tolerant	51363_1_1_1	151.0	2.0	0.0	0.0
51372_1_1_1	51372_1_1_1	51368_1_1_1	2000286.0	2000329.499047356	43.49904735595919	tolerant	51372_1_1_1	143.0	2.0	0.0	0.0
51376_1_1_1	51376_1_1_1	51376_1_1_1	2000346.880725916	2000346.880725916	0.0	tolerant	51376_1_1_1	116.0	3.0	1.1192740837	2.22
51377_1_1_1	51377_1_1_1	51377_1_1_1	3000560.0	3000560.0	0.0	moderate	51377_1_1_1	80.0	7.0	0.0	2.02
51381_1_1_1	51381_1_1_1	51381_1_1_1	2000254.533982647	2000254.533982647	0.0	tolerant	51381_1_1_1	64.0	4.0	1.4660173532	2.35
51382_1_1_1	51382_1_1_1	51382_1_1_1	4000936.0	4000936.0	0.0	strict	51382_1_1_1	156.0	6.0	0.0	0.57
51384_1_1_1	51384_1_1_1	51384_1_1_1	4000498.794221924	4000498.794221924	0.0	strict	51384_1_1_1	100.0	5.0	1.2057780763	0.18
51394_1_1_1	51393_1_1_1	51393_1_1_1	3000344.0	3000344.0	0.0	moderate	51393_1_1_1	86.0	4.0	0.0	0.14
51394_1_1_1	51394_1_1_1	51393_1_1_1	3000304.0	3000344.0	40.0	moderate	51394_1_1_1	76.0	4.0	0.0	1.1
51397_1_1_1	51397_1_1_1	51397_1_1_1	3000303.65441416	3000303.65441416	0.0	moderate	51397_1_1_1	61.0	5.0	1.34558584	0.63
51398_1_1_1	51398_1_1_1	51398_1_1_1	3001258.7630820237	3001258.7630820237	0.0	moderate	51398_1_1_1	180.0	7.0	1.2369179761	0.83
51401_1_1_1	51401_1_1_1	51401_1_1_1	3000186.0	3000186.0	0.0	moderate	51401_1_1_1	31.0	6.0	0.0	0.65
51402_1_1_1	51402_1_1_1	51402_1_1_1	1000296.0	1000296.0	0.0	unfiltered	51402_1_1_1	74.0	4.0	0.0	1.13
51406_1_1_1	51406_1_1_1	51406_1_1_1	2000093.0	2000093.0	0.0	tolerant	51406_1_1_1	31.0	3.0	0.0	1.16
51408_1_1_1	51408_1_1_1	51408_1_1_1	2000136.0	2000136.0	0.0	tolerant	51408_1_1_1	34.0	4.0	0.0	0.2
51410_1_1_1	19750_1_1_1	19750_1_1_1	3000402.0	3000402.0	0.0	moderate	19750_1_1_1	67.0	6.0	0.0	1.48
51410_1_1_1	51410_1_1_1	19750_1_1_1	3000268.0	3000402.0	134.0	moderate	51410_1_1_1	67.0	4.0	0.0	0.0
51411_1_1_1	51411_1_1_1	51411_1_1_1	4000915.0	4000915.0	0.0	strict	51411_1_1_1	183.0	5.0	0.0	3.16
51412_1_1_1	51169_1_1_1	51169_1_1_1	4000565.0	4000565.0	0.0	strict	51169_1_1_1	113.0	5.0	0.0	1.52
51412_1_1_1	51412_1_1_1	51169_1_1_1	4000530.0	4000565.0	35.0	strict	51412_1_1_1	106.0	5.0	0.0	1.89
51418_1_1_1	51418_1_1_1	51418_1_1_1	2000548.8749825563	2000548.8749825563	0.0	tolerant	51418_1_1_1	275.0	2.0	1.1250174437	0.0
51419_1_1_1	51419_1_1_1	51419_1_1_1	4000600.0	4000600.0	0.0	strict	51419_1_1_1	100.0	6.0	0.0	3.35
51419_1_1_1	5778_1_1_1	51419_1_1_1	3000672.0	4000600.0	999928.0	moderate	5778_1_1_1	96.0	7.0	0.0	0.68
51419_1_1_1	26651_1_1_1	51419_1_1_1	3000412.0	4000600.0	1000188.0	moderate	26651_1_1_1	103.0	4.0	0.0	0.0
5141_1_1_1	5141_1_1_1	5141_1_1_1	3000612.0	3000612.0	0.0	moderate	5141_1_1_1	102.0	6.0	0.0	0.84
51420_2_1_1	51420_2_1_1	51420_2_1_1	3000366.703271643	3000366.703271643	0.0	moderate	51420_2_1_1	92.0	4.0	1.2967283572	0.0
51420_2_1_1	51421_1_1_1	51420_2_1_1	2000473.1216267576	3000366.703271643	999893.5816448852	tolerant	51421_1_1_1	95.0	5.0	1.8783732421	2.29
51423_1_1_1	51423_1_1_1	51423_1_1_1	3001365.0	3001365.0	0.0	moderate	51423_1_1_1	273.0	5.0	0.0	0.67
51427_1_1_1	51427_1_1_1	51427_1_1_1	2000354.354584193	2000354.354584193	0.0	tolerant	51427_1_1_1	89.0	4.0	1.6454158066	1.8
51429_1_1_1	51428_1_1_1	51428_1_1_1	3000330.0	3000330.0	0.0	moderate	51428_1_1_1	66.0	5.0	0.0	0.57
51429_1_1_1	51429_1_1_1	51428_1_1_1	3000255.0	3000330.0	75.0	moderate	51429_1_1_1	51.0	5.0	0.0	0.73
51440_1_1_1	51440_1_1_1	51440_1_1_1	3000400.0	3000400.0	0.0	moderate	51440_1_1_1	80.0	5.0	0.0	0.81
51441_1_1_1	51441_1_1_1	51441_1_1_1	2000324.6523823885	2000324.6523823885	0.0	tolerant	51441_1_1_1	163.0	2.0	1.3476176116	0.0
51443_1_1_1	51443_1_1_1	51443_1_1_1	3000100.0	3000100.0	0.0	moderate	51443_1_1_1	20.0	5.0	0.0	0.0
51445_1_1_1	51445_1_1_1	51445_1_1_1	2000012.0	2000012.0	0.0	tolerant	51445_1_1_1	6.0	2.0	0.0	0.0
51448_1_1_1	51448_1_1_1	51448_1_1_1	3000488.7489195867	3000488.7489195867	0.0	moderate	51448_1_1_1	98.0	5.0	1.2510804135	0.24
5144_1_1_1	5144_1_1_1	5144_1_1_1	2000064.0	2000064.0	0.0	tolerant	5144_1_1_1	32.0	2.0	0.0	0.0
51455_1_1_1	51455_1_1_1	51455_1_1_1	4001505.0	4001505.0	0.0	strict	51455_1_1_1	301.0	5.0	0.0	1.4
51455_1_1_1	50780_1_1_1	51455_1_1_1	3001190.0	4001505.0	1000315.0	moderate	50780_1_1_1	238.0	5.0	0.0	1.34
51455_1_1_1	51515_1_1_1	51455_1_1_1	2000715.0	4001505.0	2000790.0	tolerant	51515_1_1_1	143.0	5.0	0.0	3.35
51455_1_1_1	31264_1_1_1	51455_1_1_1	2000544.0	4001505.0	2000961.0	tolerant	31264_1_1_1	136.0	4.0	0.0	1.82
51470_1_1_1	51470_1_1_1	51470_1_1_1	3001050.0	3001050.0	0.0	moderate	51470_1_1_1	150.0	7.0	0.0	0.2
51473_1_1_1	51473_1_1_1	51473_1_1_1	4000650.0	4000650.0	0.0	strict	51473_1_1_1	130.0	5.0	0.0	1.56
51474_1_1_1	51474_1_1_1	51474_1_1_1	2000221.943344202	2000221.943344202	0.0	tolerant	51474_1_1_1	112.0	2.0	2.056655798	1.96
51475_1_1_1	51475_1_1_1	51475_1_1_1	2000233.3142602448	2000233.3142602448	0.0	tolerant	51475_1_1_1	78.0	3.0	0.6857397551	2.4
51476_1_1_1	51476_1_1_1	51476_1_1_1	2000274.6854637167	2000274.6854637167	0.0	tolerant	51476_1_1_1	92.0	3.0	1.3145362833	1.79
51479_1_1_1	51479_1_1_1	51479_1_1_1	2000884.483416132	2000884.483416132	0.0	tolerant	51479_1_1_1	295.0	3.0	0.5165838679	1.62
51480_1_1_1	51480_1_1_1	51480_1_1_1	2001605.140195496	2001605.140195496	0.0	tolerant	51480_1_1_1	402.0	4.0	2.8598045038	1.53
51481_1_1_1	51481_1_1_1	51481_1_1_1	2000217.2421516408	2000217.2421516408	0.0	tolerant	51481_1_1_1	44.0	5.0	2.7578483592	2.31
51485_1_1_1	51485_1_1_1	51485_1_1_1	2000247.293158704	2000247.293158704	0.0	tolerant	51485_1_1_1	124.0	2.0	0.706841296	0.0
51487_1_1_1	51487_1_1_1	51487_1_1_1	2000441.927261684	2000441.927261684	0.0	tolerant	51487_1_1_1	74.0	6.0	2.072738316	1.68
51489_1_1_1	51489_1_1_1	51489_1_1_1	4001060.0	4001060.0	0.0	strict	51489_1_1_1	212.0	5.0	0.0	0.55
51489_1_1_1	51879_3_1_1	51489_1_1_1	3001065.0	4001060.0	999995.0	moderate	51879_3_1_1	213.0	5.0	0.0	0.0
51489_1_1_1	17162_1_1_1	51489_1_1_1	3000816.0	4001060.0	1000244.0	moderate	17162_1_1_1	204.0	4.0	0.0	2.89
51490_1_1_1	51490_1_1_1	51490_1_1_1	4000335.0	4000335.0	0.0	strict	51490_1_1_1	67.0	5.0	0.0	1.42
51491_1_1_1	51491_1_1_1	51491_1_1_1	2000161.1910547556	2000161.1910547556	0.0	tolerant	51491_1_1_1	82.0	2.0	2.8089452445	0.87
51497_1_1_1	51497_1_1_1	51497_1_1_1	2000076.0	2000076.0	0.0	tolerant	51497_1_1_1	19.0	4.0	0.0	0.0
5149_1_1_1	5149_1_1_1	5149_1_1_1	3000090.0	3000090.0	0.0	moderate	5149_1_1_1	30.0	3.0	0.0	0.0
5149_1_1_1	5150_1_1_1	5149_1_1_1	2000066.0	3000090.0	1000024.0	tolerant	5150_1_1_1	33.0	2.0	0.0	0.0
5149_1_1_1	5143_1_1_1	5149_1_1_1	2000060.0	3000090.0	1000030.0	tolerant	5143_1_1_1	30.0	2.0	0.0	0.0
51503_1_1_1	51503_1_1_1	51503_1_1_1	4000364.0	4000364.0	0.0	strict	51503_1_1_1	91.0	4.0	0.0	2.9
51504_1_1_1	51504_1_1_1	51504_1_1_1	2000124.7577678328	2000124.7577678328	0.0	tolerant	51504_1_1_1	42.0	3.0	1.2422321671	1.99
51505_1_1_1	51505_1_1_1	51505_1_1_1	3000092.017655124	3000092.017655124	0.0	moderate	51505_1_1_1	19.0	5.0	2.9823448761	0.0
51506_1_1_1	51506_1_1_1	51506_1_1_1	1000728.0	1000728.0	0.0	unfiltered	51506_1_1_1	104.0	7.0	0.0	0.26
51507_1_1_1	51507_1_1_1	51507_1_1_1	2000514.3013090023	2000514.3013090023	0.0	tolerant	51507_1_1_1	129.0	4.0	1.6986909976	1.59
51508_1_1_1	15313_1_1_1	15313_1_1_1	2001355.680702054	2001355.680702054	0.0	tolerant	15313_1_1_1	194.0	7.0	2.3192979461	0.62
51508_1_1_1	51508_1_1_1	15313_1_1_1	2000680.0	2001355.680702054	675.6807020539418	tolerant	51508_1_1_1	170.0	4.0	0.0	0.49
51510_1_1_1	51510_1_1_1	51510_1_1_1	2000199.289398312	2000199.289398312	0.0	tolerant	51510_1_1_1	67.0	3.0	1.7106016879	2.07
51512_1_1_1	51512_1_1_1	51512_1_1_1	3000256.0	3000256.0	0.0	moderate	51512_1_1_1	64.0	4.0	0.0	2.36
51513_1_1_1	51513_1_1_1	51513_1_1_1	2000615.3164354505	2000615.3164354505	0.0	tolerant	51513_1_1_1	103.0	6.0	2.6835645496	2.24
51513_1_1_1	51514_1_1_1	51513_1_1_1	2000563.0451299187	2000615.3164354505	52.27130553172901	tolerant	51514_1_1_1	113.0	5.0	1.9548700812	2.12
51517_1_1_1	51517_1_1_1	51517_1_1_1	2000993.1303372884	2000993.1303372884	0.0	tolerant	51517_1_1_1	166.0	6.0	2.8696627117	3.0
51519_1_1_1	51519_1_1_1	51519_1_1_1	2000315.0	2000315.0	0.0	tolerant	51519_1_1_1	45.0	7.0	0.0	0.74
51520_1_1_1	51520_1_1_1	51520_1_1_1	3000466.502683009	3000466.502683009	0.0	moderate	51520_1_1_1	67.0	7.0	2.4973169915	0.85
51521_1_1_1	51521_1_1_1	51521_1_1_1	4000987.0	4000987.0	0.0	strict	51521_1_1_1	141.0	7.0	0.0	1.1
51522_1_1_1	51522_1_1_1	51522_1_1_1	2000489.558979177	2000489.558979177	0.0	tolerant	51522_1_1_1	82.0	6.0	2.4410208234	2.0
51523_1_1_1	51523_1_1_1	51523_1_1_1	2000352.430329828	2000352.430329828	0.0	tolerant	51523_1_1_1	71.0	5.0	2.5696701719	1.77
51531_1_1_1	19582_1_1_1	19582_1_1_1	4000130.0	4000130.0	0.0	strict	19582_1_1_1	26.0	5.0	0.0	0.07
51531_1_1_1	51531_1_1_1	19582_1_1_1	4000115.0	4000130.0	15.0	strict	51531_1_1_1	23.0	5.0	0.0	0.0
51532_1_1_1	51532_1_1_1	51532_1_1_1	4000658.0	4000658.0	0.0	strict	51532_1_1_1	94.0	7.0	0.0	1.12
51532_1_1_1	52287_1_1_1	51532_1_1_1	2000280.764944122	4000658.0	2000377.235055878	tolerant	52287_1_1_1	94.0	3.0	1.235055878	0.5
51533_1_1_1	51533_1_1_1	51533_1_1_1	2000621.484542232	2000621.484542232	0.0	tolerant	51533_1_1_1	156.0	4.0	2.5154577682	3.62
51534_1_1_1	51534_1_1_1	51534_1_1_1	2000157.0700640592	2000157.0700640592	0.0	tolerant	51534_1_1_1	40.0	4.0	2.9299359407	1.21
51538_1_1_1	51538_1_1_1	51538_1_1_1	2000309.7026469477	2000309.7026469477	0.0	tolerant	51538_1_1_1	155.0	2.0	0.2973530523	1.97
51539_1_1_1	51539_1_1_1	51539_1_1_1	3000853.018049533	3000853.018049533	0.0	moderate	51539_1_1_1	214.0	4.0	2.9819504668	1.47
51539_1_1_1	51793_1_1_1	51539_1_1_1	2000878.2259384736	3000853.018049533	999974.7921110594	tolerant	51793_1_1_1	220.0	4.0	1.7740615267	2.0
51542_1_1_1	51542_1_1_1	51542_1_1_1	2001065.990078234	2001065.990078234	0.0	tolerant	51542_1_1_1	178.0	6.0	2.0099217661	0.95
51548_1_1_1	51548_1_1_1	51548_1_1_1	4000510.0	4000510.0	0.0	strict	51548_1_1_1	85.0	6.0	0.0	0.8
51548_1_1_1	34745_1_1_1	51548_1_1_1	3000532.0	4000510.0	999978.0	moderate	34745_1_1_1	76.0	7.0	0.0	0.2
51548_1_1_1	51547_1_1_1	51548_1_1_1	1000498.0	4000510.0	3000012.0	unfiltered	51547_1_1_1	83.0	6.0	0.0	0.93
51550_1_1_1	51550_1_1_1	51550_1_1_1	2000481.7605560073	2000481.7605560073	0.0	tolerant	51550_1_1_1	121.0	4.0	2.2394439928	1.31
5155_1_1_1	5155_1_1_1	5155_1_1_1	3000522.0	3000522.0	0.0	moderate	5155_1_1_1	87.0	6.0	0.0	1.21
51565_1_1_1	51565_1_1_1	51565_1_1_1	2000162.0	2000162.0	0.0	tolerant	51565_1_1_1	81.0	2.0	0.0	1.99
51566_1_1_1	51566_1_1_1	51566_1_1_1	2000247.5401797816	2000247.5401797816	0.0	tolerant	51566_1_1_1	124.0	2.0	0.4598202186	1.87
51576_1_1_1	51576_1_1_1	51576_1_1_1	4000104.0	4000104.0	0.0	strict	51576_1_1_1	26.0	4.0	0.0	0.0
51576_1_1_1	27716_1_1_1	51576_1_1_1	2000069.4862691157	4000104.0	2000034.5137308843	tolerant	27716_1_1_1	24.0	3.0	2.5137308845	0.0
51576_1_1_1	27715_1_1_1	51576_1_1_1	2000057.1883021125	4000104.0	2000046.8116978875	tolerant	27715_1_1_1	20.0	3.0	2.8116978876	0.0
51576_1_1_1	51570_1_1_1	51576_1_1_1	2000048.3482049368	4000104.0	2000055.6517950632	tolerant	51570_1_1_1	25.0	2.0	1.6517950635	0.0
51576_1_1_1	51572_1_1_1	51576_1_1_1	2000048.346259076	4000104.0	2000055.653740924	tolerant	51572_1_1_1	25.0	2.0	1.6537409239	0.0
51576_1_1_1	51573_1_1_1	51576_1_1_1	2000047.865704063	4000104.0	2000056.134295937	tolerant	51573_1_1_1	25.0	2.0	2.1342959366	0.0
51576_1_1_1	51568_1_1_1	51576_1_1_1	2000047.8394607147	4000104.0	2000056.1605392853	tolerant	51568_1_1_1	25.0	2.0	2.1605392852	0.0
51576_1_1_1	51571_1_1_1	51576_1_1_1	2000047.8366073696	4000104.0	2000056.1633926304	tolerant	51571_1_1_1	25.0	2.0	2.1633926302	0.0
51576_1_1_1	51577_1_1_1	51576_1_1_1	2000046.618561792	4000104.0	2000057.381438208	tolerant	51577_1_1_1	24.0	2.0	1.3814382081	0.0
51576_1_1_1	51567_1_1_1	51576_1_1_1	2000046.2236925184	4000104.0	2000057.7763074816	tolerant	51567_1_1_1	24.0	2.0	1.7763074818	0.0
51576_1_1_1	51574_1_1_1	51576_1_1_1	2000046.1568802835	4000104.0	2000057.8431197165	tolerant	51574_1_1_1	24.0	2.0	1.8431197166	0.0
51576_1_1_1	51569_1_1_1	51576_1_1_1	2000045.9500790625	4000104.0	2000058.0499209375	tolerant	51569_1_1_1	24.0	2.0	2.0499209375	0.0
51576_1_1_1	51579_1_1_1	51576_1_1_1	2000045.771584036	4000104.0	2000058.228415964	tolerant	51579_1_1_1	24.0	2.0	2.2284159639	0.0
51576_1_1_1	51575_1_1_1	51576_1_1_1	2000045.5241231637	4000104.0	2000058.4758768363	tolerant	51575_1_1_1	24.0	2.0	2.4758768363	0.0
51576_1_1_1	27717_1_1_1	51576_1_1_1	1000126.4763542796	4000104.0	2999977.5236457204	unfiltered	27717_1_1_1	27.0	5.0	8.5236457205	1.68
51576_1_1_1	51580_2_1_1	51576_1_1_1	1000125.8465928668	4000104.0	2999978.153407133	unfiltered	51580_2_1_1	27.0	5.0	9.1534071331	1.27
51576_1_1_1	51581_2_1_1	51576_1_1_1	1000124.6281809948	4000104.0	2999979.3718190053	unfiltered	51581_2_1_1	27.0	5.0	10.3718190051	1.75
51576_1_1_1	51582_2_1_1	51576_1_1_1	1000124.3888605204	4000104.0	2999979.6111394796	unfiltered	51582_2_1_1	27.0	5.0	10.6111394797	1.66
51576_1_1_1	51583_2_1_1	51576_1_1_1	1000100.6983694476	4000104.0	3000003.3016305524	unfiltered	51583_2_1_1	27.0	4.0	7.3016305525	0.0
51576_1_1_1	51578_1_1_1	51576_1_1_1	1000096.2802937282	4000104.0	3000007.719706272	unfiltered	51578_1_1_1	26.0	4.0	7.7197062718	0.0
5157_1_1_1	5157_1_1_1	5157_1_1_1	2000067.5159001648	2000067.5159001648	0.0	tolerant	5157_1_1_1	35.0	2.0	2.4840998353	0.0
5158_1_1_1	4568_1_1_1	4568_1_1_1	3000904.491694364	3000904.491694364	0.0	moderate	4568_1_1_1	151.0	6.0	1.5083056362	0.22
5158_1_1_1	5158_1_1_1	4568_1_1_1	3000587.117677915	3000904.491694364	317.37401644932106	moderate	5158_1_1_1	147.0	4.0	0.8823220851	0.0
5158_1_1_1	16501_1_1_1	4568_1_1_1	2000733.0308287651	3000904.491694364	1000171.4608655991	tolerant	16501_1_1_1	147.0	5.0	1.9691712349	1.41
5158_1_1_1	1203_1_1_1	4568_1_1_1	2000024.0	3000904.491694364	1000880.4916943642	tolerant	1203_1_1_1	12.0	2.0	0.0	0.0
51597_1_1_1	51597_1_1_1	51597_1_1_1	4000189.0	4000189.0	0.0	strict	51597_1_1_1	27.0	7.0	0.0	0.66
51597_1_1_1	51591_2_1_1	51597_1_1_1	4000138.0	4000189.0	51.0	strict	51591_2_1_1	23.0	6.0	0.0	0.82
51597_1_1_1	51609_1_1_1	51597_1_1_1	4000125.0	4000189.0	64.0	strict	51609_1_1_1	25.0	5.0	0.0	0.35
51597_1_1_1	51596_2_1_1	51597_1_1_1	2000145.0	4000189.0	2000044.0	tolerant	51596_2_1_1	29.0	5.0	0.0	0.47
5159_1_1_1	5159_1_1_1	5159_1_1_1	3000896.0	3000896.0	0.0	moderate	5159_1_1_1	128.0	7.0	0.0	0.22
51600_1_1_1	51600_1_1_1	51600_1_1_1	3000333.9613942713	3000333.9613942713	0.0	moderate	51600_1_1_1	84.0	4.0	2.0386057285	0.37
51601_1_1_1	51601_1_1_1	51601_1_1_1	3000567.1301093996	3000567.1301093996	0.0	moderate	51601_1_1_1	114.0	5.0	2.8698906003	1.22
51603_1_1_1	51603_1_1_1	51603_1_1_1	2000374.2759465969	2000374.2759465969	0.0	tolerant	51603_1_1_1	94.0	4.0	1.7240534034	1.45
51603_1_1_1	51604_1_1_1	51603_1_1_1	2000374.102204915	2000374.2759465969	0.17374168196693063	tolerant	51604_1_1_1	94.0	4.0	1.8977950852	1.4
51603_1_1_1	51605_1_1_1	51603_1_1_1	2000373.9864566736	2000374.2759465969	0.2894899232778698	tolerant	51605_1_1_1	94.0	4.0	2.0135433263	1.36
51606_1_1_1	51606_1_1_1	51606_1_1_1	3000372.0	3000372.0	0.0	moderate	51606_1_1_1	93.0	4.0	0.0	1.31
51607_1_1_1	51607_1_1_1	51607_1_1_1	2000597.6513952748	2000597.6513952748	0.0	tolerant	51607_1_1_1	120.0	5.0	2.3486047252	0.38
51608_1_1_1	51608_1_1_1	51608_1_1_1	2000036.0	2000036.0	0.0	tolerant	51608_1_1_1	18.0	2.0	0.0	0.0
5160_1_1_1	5160_1_1_1	5160_1_1_1	3000095.0	3000095.0	0.0	moderate	5160_1_1_1	19.0	5.0	0.0	0.0
51611_1_1_1	51611_1_1_1	51611_1_1_1	4000172.0	4000172.0	0.0	strict	51611_1_1_1	43.0	4.0	0.0	0.0
51613_1_1_1	51613_1_1_1	51613_1_1_1	2000150.6256486808	2000150.6256486808	0.0	tolerant	51613_1_1_1	51.0	3.0	2.3743513191	1.76
51617_1_1_1	28136_1_1_1	28136_1_1_1	2000392.730917348	2000392.730917348	0.0	tolerant	28136_1_1_1	197.0	2.0	1.2690826519	0.0
51617_1_1_1	51617_1_1_1	28136_1_1_1	2000293.638329342	2000392.730917348	99.09258800605312	tolerant	51617_1_1_1	74.0	4.0	2.3616706581	2.19
5161_1_1_1	5161_1_1_1	5161_1_1_1	3000932.0	3000932.0	0.0	moderate	5161_1_1_1	233.0	4.0	0.0	0.76
51622_1_1_1	51622_1_1_1	51622_1_1_1	3000126.0	3000126.0	0.0	moderate	51622_1_1_1	18.0	7.0	0.0	0.0
51622_1_1_1	51621_1_1_1	51622_1_1_1	3000126.0	3000126.0	0.0	moderate	51621_1_1_1	18.0	7.0	0.0	0.0
51625_1_1_1	51625_1_1_1	51625_1_1_1	2001065.0626996644	2001065.0626996644	0.0	tolerant	51625_1_1_1	267.0	4.0	2.9373003356	2.09
51627_1_1_1	51627_1_1_1	51627_1_1_1	3000468.0	3000468.0	0.0	moderate	51627_1_1_1	117.0	4.0	0.0	0.76
5162_1_1_1	5162_1_1_1	5162_1_1_1	2000639.092187782	2000639.092187782	0.0	tolerant	5162_1_1_1	107.0	6.0	2.9078122179	0.73
51635_1_1_1	51635_1_1_1	51635_1_1_1	2000277.9530786271	2000277.9530786271	0.0	tolerant	51635_1_1_1	93.0	3.0	1.0469213727	1.97
51636_1_1_1	51636_1_1_1	51636_1_1_1	2000305.392984832	2000305.392984832	0.0	tolerant	51636_1_1_1	102.0	3.0	0.6070151679	1.45
51638_1_1_1	51638_1_1_1	51638_1_1_1	2000442.8098778152	2000442.8098778152	0.0	tolerant	51638_1_1_1	148.0	3.0	1.1901221848	1.79
51639_1_1_1	51639_1_1_1	51639_1_1_1	1000812.0	1000812.0	0.0	unfiltered	51639_1_1_1	203.0	4.0	0.0	0.72
51645_1_1_1	51645_1_1_1	51645_1_1_1	2000042.0	2000042.0	0.0	tolerant	51645_1_1_1	21.0	2.0	0.0	0.0
51645_1_1_1	27220_1_1_1	51645_1_1_1	1000224.0	2000042.0	999818.0	unfiltered	27220_1_1_1	56.0	4.0	0.0	1.24
51647_1_1_1	51647_1_1_1	51647_1_1_1	3000373.3970400803	3000373.3970400803	0.0	moderate	51647_1_1_1	94.0	4.0	2.6029599197	2.07
51647_1_1_1	50948_1_1_1	51647_1_1_1	2000136.0	3000373.3970400803	1000237.3970400803	tolerant	50948_1_1_1	68.0	2.0	0.0	0.0
51649_1_1_1	51649_1_1_1	51649_1_1_1	4000960.0	4000960.0	0.0	strict	51649_1_1_1	160.0	6.0	0.0	1.46
51649_1_1_1	52142_1_1_1	51649_1_1_1	2000570.4491363987	4000960.0	2000389.5508636013	tolerant	52142_1_1_1	191.0	3.0	2.5508636012	2.03
51650_1_1_1	51650_1_1_1	51650_1_1_1	2000200.4289015008	2000200.4289015008	0.0	tolerant	51650_1_1_1	67.0	3.0	0.5710984993	1.56
51654_1_1_1	51654_1_1_1	51654_1_1_1	2000183.0736718136	2000183.0736718136	0.0	tolerant	51654_1_1_1	93.0	2.0	2.9263281864	0.0
5165_1_1_1	5165_1_1_1	5165_1_1_1	3000966.0	3000966.0	0.0	moderate	5165_1_1_1	138.0	7.0	0.0	0.77
51662_1_1_1	51662_1_1_1	51662_1_1_1	3001089.5474755666	3001089.5474755666	0.0	moderate	51662_1_1_1	156.0	7.0	2.4525244334	0.99
51663_1_1_1	51663_1_1_1	51663_1_1_1	4000095.0	4000095.0	0.0	strict	51663_1_1_1	19.0	5.0	0.0	0.0
51663_1_1_1	52007_1_1_1	51663_1_1_1	4000095.0	4000095.0	0.0	strict	52007_1_1_1	19.0	5.0	0.0	0.0
5166_1_1_1	15486_1_1_1	15486_1_1_1	3000476.0	3000476.0	0.0	moderate	15486_1_1_1	68.0	7.0	0.0	0.54
5166_1_1_1	5166_1_1_1	15486_1_1_1	3000414.0	3000476.0	62.0	moderate	5166_1_1_1	69.0	6.0	0.0	0.69
51672_1_1_1	51672_1_1_1	51672_1_1_1	3000132.8504753537	3000132.8504753537	0.0	moderate	51672_1_1_1	27.0	5.0	2.1495246465	0.06
51673_1_1_1	51673_1_1_1	51673_1_1_1	2000123.780023252	2000123.780023252	0.0	tolerant	51673_1_1_1	21.0	6.0	2.2199767478	0.0
51674_1_1_1	51674_1_1_1	51674_1_1_1	3000851.4625445474	3000851.4625445474	0.0	moderate	51674_1_1_1	122.0	7.0	2.5374554524	1.16
51675_1_1_1	51675_1_1_1	51675_1_1_1	2000388.133156838	2000388.133156838	0.0	tolerant	51675_1_1_1	65.0	6.0	1.8668431619	1.27
51677_1_1_1	51677_1_1_1	51677_1_1_1	4002046.0	4002046.0	0.0	strict	51677_1_1_1	341.0	6.0	0.0	0.78
51682_1_1_1	51682_1_1_1	51682_1_1_1	2000244.5803070264	2000244.5803070264	0.0	tolerant	51682_1_1_1	82.0	3.0	1.4196929738	3.14
51684_1_1_1	51684_1_1_1	51684_1_1_1	3000385.0	3000385.0	0.0	moderate	51684_1_1_1	77.0	5.0	0.0	1.89
51684_1_1_1	11256_1_1_1	51684_1_1_1	2000469.0053261635	3000385.0	999915.9946738365	tolerant	11256_1_1_1	94.0	5.0	0.9946738366	1.75
51687_1_1_1	51687_1_1_1	51687_1_1_1	3000992.4319456904	3000992.4319456904	0.0	moderate	51687_1_1_1	199.0	5.0	2.5680543095	1.09
51688_1_1_1	51688_1_1_1	51688_1_1_1	3000938.0	3000938.0	0.0	moderate	51688_1_1_1	134.0	7.0	0.0	0.56
51690_1_1_1	51690_1_1_1	51690_1_1_1	3002412.106051118	3002412.106051118	0.0	moderate	51690_1_1_1	483.0	5.0	2.8939488819	1.03
51694_1_1_1	51694_1_1_1	51694_1_1_1	3000285.0	3000285.0	0.0	moderate	51694_1_1_1	57.0	5.0	0.0	2.35
51695_1_1_1	51695_1_1_1	51695_1_1_1	2000464.409917168	2000464.409917168	0.0	tolerant	51695_1_1_1	155.0	3.0	0.5900828319	1.76
51700_1_1_1	51700_1_1_1	51700_1_1_1	3000354.3353345846	3000354.3353345846	0.0	moderate	51700_1_1_1	51.0	7.0	2.6646654152	0.19
51701_1_1_1	51701_1_1_1	51701_1_1_1	3000415.0	3000415.0	0.0	moderate	51701_1_1_1	83.0	5.0	0.0	0.77
51707_1_1_1	19798_1_1_1	19798_1_1_1	4000742.0	4000742.0	0.0	strict	19798_1_1_1	106.0	7.0	0.0	1.7
51707_1_1_1	19641_1_1_1	19798_1_1_1	4000728.0	4000742.0	14.0	strict	19641_1_1_1	104.0	7.0	0.0	1.78
51707_1_1_1	19870_1_1_1	19798_1_1_1	4000728.0	4000742.0	14.0	strict	19870_1_1_1	104.0	7.0	0.0	1.84
51707_1_1_1	19671_1_1_1	19798_1_1_1	4000637.0	4000742.0	105.0	strict	19671_1_1_1	91.0	7.0	0.0	1.81
51707_1_1_1	51708_1_1_1	19798_1_1_1	4000400.0	4000742.0	342.0	strict	51708_1_1_1	100.0	4.0	0.0	2.76
51707_1_1_1	51707_1_1_1	19798_1_1_1	4000396.0	4000742.0	346.0	strict	51707_1_1_1	99.0	4.0	0.0	2.55
51707_1_1_1	50211_1_1_1	19798_1_1_1	4000376.0	4000742.0	366.0	strict	50211_1_1_1	94.0	4.0	0.0	2.67
51709_1_1_1	51709_1_1_1	51709_1_1_1	3000565.920089818	3000565.920089818	0.0	moderate	51709_1_1_1	142.0	4.0	2.0799101819	1.41
51711_1_1_1	51711_1_1_1	51711_1_1_1	3000972.272086311	3000972.272086311	0.0	moderate	51711_1_1_1	195.0	5.0	2.727913689	1.49
51713_1_1_1	51713_1_1_1	51713_1_1_1	2001036.3542155745	2001036.3542155745	0.0	tolerant	51713_1_1_1	173.0	6.0	1.6457844255	1.43
51717_1_1_1	51717_1_1_1	51717_1_1_1	2000292.9666456776	2000292.9666456776	0.0	tolerant	51717_1_1_1	98.0	3.0	1.0333543222	1.35
51720_1_1_1	51720_1_1_1	51720_1_1_1	2001095.306218241	2001095.306218241	0.0	tolerant	51720_1_1_1	183.0	6.0	2.6937817589	1.89
51729_1_1_1	51729_1_1_1	51729_1_1_1	4000427.0	4000427.0	0.0	strict	51729_1_1_1	61.0	7.0	0.0	1.02
51729_1_1_1	4891_1_1_1	51729_1_1_1	3000177.0	4000427.0	1000250.0	moderate	4891_1_1_1	59.0	3.0	0.0	0.0
51729_1_1_1	5052_1_1_1	51729_1_1_1	3000177.0	4000427.0	1000250.0	moderate	5052_1_1_1	59.0	3.0	0.0	0.0
51729_1_1_1	132_1_1_1	51729_1_1_1	3000171.0	4000427.0	1000256.0	moderate	132_1_1_1	57.0	3.0	0.0	0.0
51729_1_1_1	5690_1_1_1	51729_1_1_1	2000413.0	4000427.0	2000014.0	tolerant	5690_1_1_1	59.0	7.0	0.0	1.06
51729_1_1_1	1381_1_1_1	51729_1_1_1	2000171.0	4000427.0	2000256.0	tolerant	1381_1_1_1	57.0	3.0	0.0	0.0
51729_1_1_1	2275_1_1_1	51729_1_1_1	2000048.0	4000427.0	2000379.0	tolerant	2275_1_1_1	16.0	3.0	0.0	0.0
51729_1_1_1	7211_1_1_1	51729_1_1_1	1000240.0	4000427.0	3000187.0	unfiltered	7211_1_1_1	60.0	4.0	0.0	0.0
51730_1_1_1	51730_1_1_1	51730_1_1_1	2000321.482945868	2000321.482945868	0.0	tolerant	51730_1_1_1	108.0	3.0	2.5170541322	1.35
51731_1_1_1	51731_1_1_1	51731_1_1_1	3000265.256277185	3000265.256277185	0.0	moderate	51731_1_1_1	67.0	4.0	2.7437228151	0.0
5173_1_1_1	5173_1_1_1	5173_1_1_1	2000132.0	2000132.0	0.0	tolerant	5173_1_1_1	44.0	3.0	0.0	0.0
51747_1_1_1	51747_1_1_1	51747_1_1_1	2000478.5094986456	2000478.5094986456	0.0	tolerant	51747_1_1_1	160.0	3.0	1.4905013542	2.3
5174_1_1_1	5174_1_1_1	5174_1_1_1	3000434.0	3000434.0	0.0	moderate	5174_1_1_1	62.0	7.0	0.0	0.37
51755_1_1_1	51755_1_1_1	51755_1_1_1	3002217.1954600033	3002217.1954600033	0.0	moderate	51755_1_1_1	444.0	5.0	2.8045399968	0.71
51756_1_1_1	51756_1_1_1	51756_1_1_1	2000541.0587668845	2000541.0587668845	0.0	tolerant	51756_1_1_1	136.0	4.0	2.9412331155	1.41
51758_1_1_1	51758_1_1_1	51758_1_1_1	2000235.597448928	2000235.597448928	0.0	tolerant	51758_1_1_1	79.0	3.0	1.4025510721	1.24
51763_1_1_1	51763_1_1_1	51763_1_1_1	2000485.790977867	2000485.790977867	0.0	tolerant	51763_1_1_1	122.0	4.0	2.2090221328	1.43
51768_1_1_1	51769_1_1_1	51769_1_1_1	2000140.0	2000140.0	0.0	tolerant	51769_1_1_1	70.0	2.0	0.0	0.0
51768_1_1_1	51768_1_1_1	51769_1_1_1	2000137.0343843172	2000140.0	2.9656156827695668	tolerant	51768_1_1_1	70.0	2.0	2.9656156828	0.58
51771_1_1_1	51771_1_1_1	51771_1_1_1	2000038.2564438744	2000038.2564438744	0.0	tolerant	51771_1_1_1	20.0	2.0	1.7435561255	0.0
51772_1_1_1	51772_1_1_1	51772_1_1_1	3000063.4352482217	3000063.4352482217	0.0	moderate	51772_1_1_1	22.0	3.0	2.5647517781	0.0
51780_1_1_1	51780_1_1_1	51780_1_1_1	2000251.0849423693	2000251.0849423693	0.0	tolerant	51780_1_1_1	84.0	3.0	0.9150576307	1.75
51782_1_1_1	51782_1_1_1	51782_1_1_1	2000305.286214777	2000305.286214777	0.0	tolerant	51782_1_1_1	102.0	3.0	0.7137852229	1.51
51785_1_1_1	51785_1_1_1	51785_1_1_1	1001060.0	1001060.0	0.0	unfiltered	51785_1_1_1	212.0	5.0	0.0	0.61
5178_1_1_1	5178_1_1_1	5178_1_1_1	3000602.0	3000602.0	0.0	moderate	5178_1_1_1	86.0	7.0	0.0	0.67
51792_1_1_1	51792_1_1_1	51792_1_1_1	2000377.810468425	2000377.810468425	0.0	tolerant	51792_1_1_1	95.0	4.0	2.189531575	2.08
51794_1_1_1	51794_1_1_1	51794_1_1_1	2001226.256031404	2001226.256031404	0.0	tolerant	51794_1_1_1	307.0	4.0	1.7439685958	1.67
51795_1_1_1	51795_1_1_1	51795_1_1_1	3000282.304806461	3000282.304806461	0.0	moderate	51795_1_1_1	57.0	5.0	2.6951935389	1.64
51798_2_1_1	51798_2_1_1	51798_2_1_1	3000301.596200527	3000301.596200527	0.0	moderate	51798_2_1_1	76.0	4.0	2.4037994729	1.37
5179_1_1_1	5179_1_1_1	5179_1_1_1	3000456.0	3000456.0	0.0	moderate	5179_1_1_1	76.0	6.0	0.0	24.7
51802_1_1_1	51802_1_1_1	51802_1_1_1	4000523.3216493945	4000523.3216493945	0.0	strict	51802_1_1_1	105.0	5.0	1.6783506056	0.78
5180_1_1_1	5180_1_1_1	5180_1_1_1	3000210.0	3000210.0	0.0	moderate	5180_1_1_1	42.0	5.0	0.0	0.0
51810_1_1_1	51810_1_1_1	51810_1_1_1	2000835.0	2000835.0	0.0	tolerant	51810_1_1_1	167.0	5.0	0.0	1.49
51811_1_1_1	51811_1_1_1	51811_1_1_1	3000742.0	3000742.0	0.0	moderate	51811_1_1_1	106.0	7.0	0.0	0.55
51811_1_1_1	4100_1_1_1	51811_1_1_1	2000527.5369982475	3000742.0	1000214.4630017525	tolerant	4100_1_1_1	106.0	5.0	2.4630017525	0.16
51812_2_1_1	51812_2_1_1	51812_2_1_1	2000348.0	2000348.0	0.0	tolerant	51812_2_1_1	87.0	4.0	0.0	0.48
51814_1_1_1	51814_1_1_1	51814_1_1_1	3000575.0	3000575.0	0.0	moderate	51814_1_1_1	115.0	5.0	0.0	0.52
5181_1_1_1	5181_1_1_1	5181_1_1_1	3001162.0	3001162.0	0.0	moderate	5181_1_1_1	166.0	7.0	0.0	1.54
51823_1_1_1	51823_1_1_1	51823_1_1_1	2000338.0	2000338.0	0.0	tolerant	51823_1_1_1	169.0	2.0	0.0	0.0
51824_1_1_1	51824_1_1_1	51824_1_1_1	3000500.0	3000500.0	0.0	moderate	51824_1_1_1	100.0	5.0	0.0	2.61
51827_1_1_1	51827_1_1_1	51827_1_1_1	2000159.0	2000159.0	0.0	tolerant	51827_1_1_1	53.0	3.0	0.0	1.52
51828_1_1_1	51828_1_1_1	51828_1_1_1	2000334.7764929384	2000334.7764929384	0.0	tolerant	51828_1_1_1	112.0	3.0	1.2235070613	3.13
5182_1_1_1	5182_1_1_1	5182_1_1_1	3001270.0	3001270.0	0.0	moderate	5182_1_1_1	254.0	5.0	0.0	0.45
51832_1_1_1	51832_1_1_1	51832_1_1_1	2000987.6789506015	2000987.6789506015	0.0	tolerant	51832_1_1_1	165.0	6.0	2.3210493983	0.5
51834_1_1_1	51834_1_1_1	51834_1_1_1	3000384.0	3000384.0	0.0	moderate	51834_1_1_1	64.0	6.0	0.0	0.35
51835_1_1_1	51835_1_1_1	51835_1_1_1	2000701.031239644	2000701.031239644	0.0	tolerant	51835_1_1_1	176.0	4.0	2.968760356	0.74
51836_1_1_1	51836_1_1_1	51836_1_1_1	2000234.0	2000234.0	0.0	tolerant	51836_1_1_1	78.0	3.0	0.0	1.59
51841_1_1_1	51842_1_1_1	51842_1_1_1	3000208.267014467	3000208.267014467	0.0	moderate	51842_1_1_1	35.0	6.0	1.7329855329	2.59
51841_1_1_1	51840_1_1_1	51842_1_1_1	3000208.2368505895	3000208.267014467	0.03016387764364481	moderate	51840_1_1_1	35.0	6.0	1.7631494106	2.57
51841_1_1_1	51843_1_1_1	51842_1_1_1	3000208.200758287	3000208.267014467	0.06625617993995547	moderate	51843_1_1_1	35.0	6.0	1.7992417128	2.58
51841_1_1_1	51841_1_1_1	51842_1_1_1	3000208.1090915934	3000208.267014467	0.15792287373915315	moderate	51841_1_1_1	35.0	6.0	1.8909084065	2.6
51849_1_1_1	51849_1_1_1	51849_1_1_1	4000576.0	4000576.0	0.0	strict	51849_1_1_1	96.0	6.0	0.0	0.59
5184_1_1_1	5184_1_1_1	5184_1_1_1	2000102.0	2000102.0	0.0	tolerant	5184_1_1_1	34.0	3.0	0.0	0.0
51850_1_1_1	51850_1_1_1	51850_1_1_1	2000208.013117492	2000208.013117492	0.0	tolerant	51850_1_1_1	35.0	6.0	1.9868825081	0.84
51853_1_1_1	51853_1_1_1	51853_1_1_1	3000144.0	3000144.0	0.0	moderate	51853_1_1_1	24.0	6.0	0.0	0.0
51855_1_1_1	51855_1_1_1	51855_1_1_1	4000246.0	4000246.0	0.0	strict	51855_1_1_1	41.0	6.0	0.0	1.08
51857_1_1_1	51857_1_1_1	51857_1_1_1	2000442.418462516	2000442.418462516	0.0	tolerant	51857_1_1_1	74.0	6.0	1.5815374841	0.54
51857_1_1_1	51858_1_1_1	51857_1_1_1	2000232.0	2000442.418462516	210.41846251604147	tolerant	51858_1_1_1	58.0	4.0	0.0	2.63
51860_1_1_1	51860_1_1_1	51860_1_1_1	3000477.8767169095	3000477.8767169095	0.0	moderate	51860_1_1_1	96.0	5.0	2.1232830904	0.86
51861_1_1_1	6334_1_1_1	6334_1_1_1	3000945.0	3000945.0	0.0	moderate	6334_1_1_1	135.0	7.0	0.0	0.99
51861_1_1_1	51861_1_1_1	6334_1_1_1	3000327.0	3000945.0	618.0	moderate	51861_1_1_1	109.0	3.0	0.0	0.0
51862_1_1_1	51862_1_1_1	51862_1_1_1	2000562.8239045185	2000562.8239045185	0.0	tolerant	51862_1_1_1	113.0	5.0	2.1760954816	1.3
51864_3_1_1	51864_3_1_1	51864_3_1_1	2000328.0	2000328.0	0.0	tolerant	51864_3_1_1	164.0	2.0	0.0	0.0
5186_1_1_1	5186_1_1_1	5186_1_1_1	3000558.0	3000558.0	0.0	moderate	5186_1_1_1	93.0	6.0	0.0	1.4
51878_1_1_1	51878_1_1_1	51878_1_1_1	3000960.0	3000960.0	0.0	moderate	51878_1_1_1	192.0	5.0	0.0	2.76
5187_1_1_1	5187_1_1_1	5187_1_1_1	3000697.2744312007	3000697.2744312007	0.0	moderate	5187_1_1_1	100.0	7.0	2.7255687991	2.92
51885_1_1_1	51885_1_1_1	51885_1_1_1	3000412.948742294	3000412.948742294	0.0	moderate	51885_1_1_1	83.0	5.0	2.0512577056	0.48
51886_1_1_1	51886_1_1_1	51886_1_1_1	2000567.2209842151	2000567.2209842151	0.0	tolerant	51886_1_1_1	95.0	6.0	2.7790157846	1.24
51888_1_1_1	51888_1_1_1	51888_1_1_1	2000229.662160917	2000229.662160917	0.0	tolerant	51888_1_1_1	33.0	7.0	1.337839083	0.3
51890_1_1_1	27401_1_1_1	27401_1_1_1	2000312.0	2000312.0	0.0	tolerant	27401_1_1_1	104.0	3.0	0.0	1.8
51890_1_1_1	51890_1_1_1	27401_1_1_1	2000301.0974518252	2000312.0	10.902548174839467	tolerant	51890_1_1_1	101.0	3.0	1.9025481749	1.61
51891_1_1_1	51891_1_1_1	51891_1_1_1	2000489.2363098788	2000489.2363098788	0.0	tolerant	51891_1_1_1	82.0	6.0	2.7636901212	1.7
51892_1_1_1	51892_1_1_1	51892_1_1_1	3000849.077895434	3000849.077895434	0.0	moderate	51892_1_1_1	142.0	6.0	2.9221045661	0.69
51898_1_1_1	51898_1_1_1	51898_1_1_1	2000174.286680874	2000174.286680874	0.0	tolerant	51898_1_1_1	44.0	4.0	1.7133191261	1.71
51899_1_1_1	51899_1_1_1	51899_1_1_1	2000186.8415446647	2000186.8415446647	0.0	tolerant	51899_1_1_1	63.0	3.0	2.1584553353	3.08
5189_1_1_1	5189_1_1_1	5189_1_1_1	3000693.0	3000693.0	0.0	moderate	5189_1_1_1	99.0	7.0	0.0	0.23
51900_1_1_1	51920_1_1_1	51920_1_1_1	2000238.5353941936	2000238.5353941936	0.0	tolerant	51920_1_1_1	80.0	3.0	1.4646058065	2.03
51900_1_1_1	51900_1_1_1	51920_1_1_1	2000232.7498304208	2000238.5353941936	5.785563772777095	tolerant	51900_1_1_1	78.0	3.0	1.2501695793	1.98
51902_1_1_1	51902_1_1_1	51902_1_1_1	3000600.633156544	3000600.633156544	0.0	moderate	51902_1_1_1	86.0	7.0	1.366843456	1.08
51904_1_1_1	51904_1_1_1	51904_1_1_1	3000365.0	3000365.0	0.0	moderate	51904_1_1_1	73.0	5.0	0.0	1.53
51907_1_1_1	51907_1_1_1	51907_1_1_1	2000610.0	2000610.0	0.0	tolerant	51907_1_1_1	122.0	5.0	0.0	2.22
5190_1_1_1	4389_1_1_1	4389_1_1_1	3000910.0	3000910.0	0.0	moderate	4389_1_1_1	182.0	5.0	0.0	0.0
5190_1_1_1	5190_1_1_1	4389_1_1_1	3000728.0	3000910.0	182.0	moderate	5190_1_1_1	182.0	4.0	0.0	0.0
5191_1_1_1	5191_1_1_1	5191_1_1_1	3000692.0	3000692.0	0.0	moderate	5191_1_1_1	173.0	4.0	0.0	0.0
51929_1_1_1	51929_1_1_1	51929_1_1_1	4000567.0	4000567.0	0.0	strict	51929_1_1_1	81.0	7.0	0.0	0.4
5192_1_1_1	5192_1_1_1	5192_1_1_1	2000076.0	2000076.0	0.0	tolerant	5192_1_1_1	38.0	2.0	0.0	0.0
51937_1_1_1	51937_1_1_1	51937_1_1_1	4000994.0	4000994.0	0.0	strict	51937_1_1_1	142.0	7.0	0.0	1.02
51937_1_1_1	50074_1_1_1	51937_1_1_1	3000987.0	4000994.0	1000007.0	moderate	50074_1_1_1	141.0	7.0	0.0	0.78
51937_1_1_1	4849_1_1_1	51937_1_1_1	3000980.0	4000994.0	1000014.0	moderate	4849_1_1_1	140.0	7.0	0.0	0.58
51937_1_1_1	15601_1_1_1	51937_1_1_1	3000973.0	4000994.0	1000021.0	moderate	15601_1_1_1	139.0	7.0	0.0	0.12
51937_1_1_1	27951_1_1_1	51937_1_1_1	3000959.0	4000994.0	1000035.0	moderate	27951_1_1_1	137.0	7.0	0.0	0.48
51937_1_1_1	30679_1_1_1	51937_1_1_1	3000952.0	4000994.0	1000042.0	moderate	30679_1_1_1	136.0	7.0	0.0	0.48
51937_1_1_1	6313_1_1_1	51937_1_1_1	3000882.0	4000994.0	1000112.0	moderate	6313_1_1_1	126.0	7.0	0.0	0.19
51938_1_1_1	51938_1_1_1	51938_1_1_1	4000720.0	4000720.0	0.0	strict	51938_1_1_1	144.0	5.0	0.0	0.79
51938_1_1_1	1062_1_1_1	51938_1_1_1	3000600.0	4000720.0	1000120.0	moderate	1062_1_1_1	150.0	4.0	0.0	0.66
51938_1_1_1	51950_1_1_1	51938_1_1_1	3000444.0	4000720.0	1000276.0	moderate	51950_1_1_1	148.0	3.0	0.0	0.0
51939_1_1_1	51939_1_1_1	51939_1_1_1	3000687.4164547953	3000687.4164547953	0.0	moderate	51939_1_1_1	115.0	6.0	2.5835452049	1.83
51939_1_1_1	51940_1_1_1	51939_1_1_1	2000326.1964149196	3000687.4164547953	1000361.2200398757	tolerant	51940_1_1_1	109.0	3.0	0.8035850804	2.0
51941_1_1_1	51941_1_1_1	51941_1_1_1	3000110.0	3000110.0	0.0	moderate	51941_1_1_1	22.0	5.0	0.0	0.0
51942_2_1_1	51942_2_1_1	51942_2_1_1	3000190.0	3000190.0	0.0	moderate	51942_2_1_1	38.0	5.0	0.0	0.15
51943_1_1_1	51943_1_1_1	51943_1_1_1	4001211.0	4001211.0	0.0	strict	51943_1_1_1	173.0	7.0	0.0	1.02
51943_1_1_1	51825_1_1_1	51943_1_1_1	1000645.0	4001211.0	3000566.0	unfiltered	51825_1_1_1	129.0	5.0	0.0	0.84
51945_1_1_1	51945_1_1_1	51945_1_1_1	3000378.4237481216	3000378.4237481216	0.0	moderate	51945_1_1_1	76.0	5.0	1.5762518783	0.19
51947_1_1_1	51947_1_1_1	51947_1_1_1	2000167.6187826064	2000167.6187826064	0.0	tolerant	51947_1_1_1	34.0	5.0	2.3812173936	3.23
51948_1_1_1	51948_1_1_1	51948_1_1_1	2000283.123543589	2000283.123543589	0.0	tolerant	51948_1_1_1	57.0	5.0	1.8764564113	2.93
51949_1_1_1	51949_1_1_1	51949_1_1_1	3000707.409915942	3000707.409915942	0.0	moderate	51949_1_1_1	142.0	5.0	2.5900840583	1.25
51952_1_1_1	51952_1_1_1	51952_1_1_1	2000612.5558041993	2000612.5558041993	0.0	tolerant	51952_1_1_1	123.0	5.0	2.4441958008	1.62
51953_1_1_1	51953_1_1_1	51953_1_1_1	3000903.0445821076	3000903.0445821076	0.0	moderate	51953_1_1_1	151.0	6.0	2.9554178925	1.58
51957_1_1_1	51957_1_1_1	51957_1_1_1	4001104.0	4001104.0	0.0	strict	51957_1_1_1	276.0	4.0	0.0	0.0
51960_1_1_1	51960_1_1_1	51960_1_1_1	4001764.0	4001764.0	0.0	strict	51960_1_1_1	252.0	7.0	0.0	1.26
51964_1_1_1	51964_1_1_1	51964_1_1_1	2000849.1376701256	2000849.1376701256	0.0	tolerant	51964_1_1_1	284.0	3.0	2.8623298742	1.68
51969_1_1_1	51969_1_1_1	51969_1_1_1	2000310.9682428348	2000310.9682428348	0.0	tolerant	51969_1_1_1	104.0	3.0	1.0317571653	1.62
51972_1_1_1	51976_1_1_1	51976_1_1_1	2000725.0352257611	2000725.0352257611	0.0	tolerant	51976_1_1_1	182.0	4.0	2.9647742388	1.52
51972_1_1_1	51972_1_1_1	51976_1_1_1	2000532.8402931727	2000725.0352257611	192.1949325883761	tolerant	51972_1_1_1	178.0	3.0	1.1597068272	1.56
51972_1_1_1	51977_1_1_1	51976_1_1_1	2000530.047394974	2000725.0352257611	194.98783078719862	tolerant	51977_1_1_1	177.0	3.0	0.952605026	1.59
51973_1_1_1	51973_1_1_1	51973_1_1_1	4000800.0	4000800.0	0.0	strict	51973_1_1_1	200.0	4.0	0.0	1.05
51973_1_1_1	4152_1_1_1	51973_1_1_1	3001236.0	4000800.0	999564.0	moderate	4152_1_1_1	206.0	6.0	0.0	2.11
51973_1_1_1	25629_1_1_1	51973_1_1_1	3000844.0	4000800.0	999956.0	moderate	25629_1_1_1	211.0	4.0	0.0	0.0
51973_1_1_1	25357_1_1_1	51973_1_1_1	2000398.0	4000800.0	2000402.0	tolerant	25357_1_1_1	199.0	2.0	0.0	0.0
51973_1_1_1	25353_1_1_1	51973_1_1_1	2000394.0	4000800.0	2000406.0	tolerant	25353_1_1_1	197.0	2.0	0.0	0.0
51973_1_1_1	27001_1_1_1	51973_1_1_1	2000368.0	4000800.0	2000432.0	tolerant	27001_1_1_1	184.0	2.0	0.0	0.0
51973_1_1_1	27000_1_1_1	51973_1_1_1	2000322.0	4000800.0	2000478.0	tolerant	27000_1_1_1	161.0	2.0	0.0	0.0
51973_1_1_1	18686_1_1_1	51973_1_1_1	1000365.926062946	4000800.0	3000434.073937054	unfiltered	18686_1_1_1	189.0	2.0	12.0739370541	0.0
51974_1_1_1	51974_1_1_1	51974_1_1_1	3000571.0845642528	3000571.0845642528	0.0	moderate	51974_1_1_1	82.0	7.0	2.9154357471	0.28
51975_1_1_1	51975_1_1_1	51975_1_1_1	3000645.0	3000645.0	0.0	moderate	51975_1_1_1	129.0	5.0	0.0	0.29
51979_1_1_1	51979_1_1_1	51979_1_1_1	2000225.0114415623	2000225.0114415623	0.0	tolerant	51979_1_1_1	76.0	3.0	2.9885584377	0.16
51981_1_1_1	51981_1_1_1	51981_1_1_1	3000793.5320352297	3000793.5320352297	0.0	moderate	51981_1_1_1	199.0	4.0	2.4679647705	0.0
51982_1_1_1	51982_1_1_1	51982_1_1_1	3000461.652644675	3000461.652644675	0.0	moderate	51982_1_1_1	116.0	4.0	2.3473553249	0.0
51983_1_1_1	51983_1_1_1	51983_1_1_1	3000685.0	3000685.0	0.0	moderate	51983_1_1_1	137.0	5.0	0.0	0.16
51992_1_1_1	51992_1_1_1	51992_1_1_1	2000744.0	2000744.0	0.0	tolerant	51992_1_1_1	186.0	4.0	0.0	2.49
51994_1_1_1	51994_1_1_1	51994_1_1_1	4000973.0	4000973.0	0.0	strict	51994_1_1_1	139.0	7.0	0.0	1.13
5199_1_1_1	5199_1_1_1	5199_1_1_1	3000232.0	3000232.0	0.0	moderate	5199_1_1_1	58.0	4.0	0.0	0.0
5200_1_1_1	5200_1_1_1	5200_1_1_1	3000558.0	3000558.0	0.0	moderate	5200_1_1_1	93.0	6.0	0.0	1.45
52012_1_1_1	52012_1_1_1	52012_1_1_1	1000292.0	1000292.0	0.0	unfiltered	52012_1_1_1	73.0	4.0	0.0	0.39
52016_1_1_1	52016_1_1_1	52016_1_1_1	2000545.2983962533	2000545.2983962533	0.0	tolerant	52016_1_1_1	182.0	3.0	0.7016037468	1.95
52016_1_1_1	52289_1_1_1	52016_1_1_1	2000526.9970114168	2000545.2983962533	18.301384836435318	tolerant	52289_1_1_1	176.0	3.0	1.0029885835	2.04
52017_1_1_1	25616_1_1_1	25616_1_1_1	4000470.0	4000470.0	0.0	strict	25616_1_1_1	94.0	5.0	0.0	0.91
52017_1_1_1	25623_1_1_1	25616_1_1_1	4000455.0	4000470.0	15.0	strict	25623_1_1_1	91.0	5.0	0.0	0.83
52017_1_1_1	52017_1_1_1	25616_1_1_1	4000430.0	4000470.0	40.0	strict	52017_1_1_1	86.0	5.0	0.0	1.45
52017_1_1_1	52018_2_2_1	25616_1_1_1	4000400.0	4000470.0	70.0	strict	52018_2_2_1	80.0	5.0	0.0	1.45
52022_1_1_1	52022_1_1_1	52022_1_1_1	4000553.0	4000553.0	0.0	strict	52022_1_1_1	79.0	7.0	0.0	0.89
52025_1_1_1	52025_1_1_1	52025_1_1_1	4000385.0	4000385.0	0.0	strict	52025_1_1_1	77.0	5.0	0.0	1.2
52028_1_1_1	52028_1_1_1	52028_1_1_1	2000356.4837261687	2000356.4837261687	0.0	tolerant	52028_1_1_1	119.0	3.0	0.5162738312	1.68
5202_1_1_1	5202_1_1_1	5202_1_1_1	3001456.0	3001456.0	0.0	moderate	5202_1_1_1	208.0	7.0	0.0	1.83
52032_1_1_1	52032_1_1_1	52032_1_1_1	2000163.4441132452	2000163.4441132452	0.0	tolerant	52032_1_1_1	55.0	3.0	1.5558867548	0.0
52032_1_1_1	52031_1_1_1	52032_1_1_1	2000157.5854570484	2000163.4441132452	5.858656196855009	tolerant	52031_1_1_1	53.0	3.0	1.4145429517	0.0
52035_1_1_1	51535_1_1_1	51535_1_1_1	2000267.4845709207	2000267.4845709207	0.0	tolerant	51535_1_1_1	90.0	3.0	2.5154290794	1.23
52035_1_1_1	52035_1_1_1	51535_1_1_1	2000252.0	2000267.4845709207	15.484570920700207	tolerant	52035_1_1_1	126.0	2.0	0.0	2.04
52044_1_1_1	52044_1_1_1	52044_1_1_1	2000463.1127589769	2000463.1127589769	0.0	tolerant	52044_1_1_1	93.0	5.0	1.8872410232	1.72
52046_1_1_1	52046_1_1_1	52046_1_1_1	3000687.631168598	3000687.631168598	0.0	moderate	52046_1_1_1	138.0	5.0	2.3688314023	1.28
52057_1_1_1	52057_1_1_1	52057_1_1_1	2000819.497757902	2000819.497757902	0.0	tolerant	52057_1_1_1	137.0	6.0	2.502242098	0.82
52059_1_1_1	52059_1_1_1	52059_1_1_1	3002391.049550605	3002391.049550605	0.0	moderate	52059_1_1_1	342.0	7.0	2.950449395	1.3
5205_1_1_1	5205_1_1_1	5205_1_1_1	3000102.0	3000102.0	0.0	moderate	5205_1_1_1	34.0	3.0	0.0	0.0
52063_1_1_1	52063_1_1_1	52063_1_1_1	2000145.6301026784	2000145.6301026784	0.0	tolerant	52063_1_1_1	49.0	3.0	1.3698973215	2.39
52066_1_1_1	52066_1_1_1	52066_1_1_1	3000963.1009597164	3000963.1009597164	0.0	moderate	52066_1_1_1	138.0	7.0	2.8990402835	1.32
52067_1_1_1	52067_1_1_1	52067_1_1_1	2000297.115868759	2000297.115868759	0.0	tolerant	52067_1_1_1	75.0	4.0	2.884131241	1.26
52068_1_1_1	52068_1_1_1	52068_1_1_1	3000410.134887952	3000410.134887952	0.0	moderate	52068_1_1_1	59.0	7.0	2.8651120479	1.21
52075_1_1_1	52075_1_1_1	52075_1_1_1	4000364.0	4000364.0	0.0	strict	52075_1_1_1	52.0	7.0	0.0	1.22
52081_1_1_1	52080_1_1_1	52080_1_1_1	2001017.5527045263	2001017.5527045263	0.0	tolerant	52080_1_1_1	170.0	6.0	2.4472954734	1.79
52081_1_1_1	52079_1_1_1	52080_1_1_1	2001017.098490427	2001017.5527045263	0.45421409932896495	tolerant	52079_1_1_1	170.0	6.0	2.9015095729	1.63
52081_1_1_1	52081_1_1_1	52080_1_1_1	2000999.2583321068	2001017.5527045263	18.294372419593856	tolerant	52081_1_1_1	167.0	6.0	2.7416678932	1.72
52084_1_1_1	52084_1_1_1	52084_1_1_1	2000318.2302006164	2000318.2302006164	0.0	tolerant	52084_1_1_1	80.0	4.0	1.7697993836	1.42
52089_1_1_1	52089_1_1_1	52089_1_1_1	3000693.0	3000693.0	0.0	moderate	52089_1_1_1	99.0	7.0	0.0	1.83
5208_1_1_1	5208_1_1_1	5208_1_1_1	3000915.0	3000915.0	0.0	moderate	5208_1_1_1	183.0	5.0	0.0	0.81
52099_1_1_1	25788_1_1_1	25788_1_1_1	1000140.0	1000140.0	0.0	unfiltered	25788_1_1_1	28.0	5.0	0.0	1.97
52099_1_1_1	52099_1_1_1	25788_1_1_1	1000100.0	1000140.0	40.0	unfiltered	52099_1_1_1	25.0	4.0	0.0	1.29
52109_1_1_1	52109_1_1_1	52109_1_1_1	2000465.199006915	2000465.199006915	0.0	tolerant	52109_1_1_1	117.0	4.0	2.8009930848	2.01
5210_1_1_1	5210_1_1_1	5210_1_1_1	3000270.0	3000270.0	0.0	moderate	5210_1_1_1	45.0	6.0	0.0	0.64
52130_1_1_1	52130_1_1_1	52130_1_1_1	2000508.2327442807	2000508.2327442807	0.0	tolerant	52130_1_1_1	102.0	5.0	1.7672557192	2.2
52141_1_1_1	51829_1_1_1	51829_1_1_1	2000221.72683886	2000221.72683886	0.0	tolerant	51829_1_1_1	56.0	4.0	2.2731611397	1.82
52141_1_1_1	52141_1_1_1	51829_1_1_1	2000213.826222472	2000221.72683886	7.900616388069466	tolerant	52141_1_1_1	54.0	4.0	2.1737775278	2.88
52143_1_1_1	52143_1_1_1	52143_1_1_1	4001245.0	4001245.0	0.0	strict	52143_1_1_1	249.0	5.0	0.0	0.99
52143_1_1_1	52034_1_1_1	52143_1_1_1	3000841.7480285224	4001245.0	1000403.2519714776	moderate	52034_1_1_1	211.0	4.0	2.2519714778	0.0
52144_1_1_1	15684_1_1_1	15684_1_1_1	4001246.0	4001246.0	0.0	strict	15684_1_1_1	178.0	7.0	0.0	1.49
52144_1_1_1	52144_1_1_1	15684_1_1_1	4000600.0	4001246.0	646.0	strict	52144_1_1_1	150.0	4.0	0.0	0.8
52144_1_1_1	4267_1_1_1	15684_1_1_1	3001232.0	4001246.0	1000014.0	moderate	4267_1_1_1	176.0	7.0	0.0	1.3
52144_1_1_1	52911_1_1_1	15684_1_1_1	3000840.0	4001246.0	1000406.0	moderate	52911_1_1_1	168.0	5.0	0.0	1.45
52145_1_1_1	52145_1_1_1	52145_1_1_1	2000401.399435551	2000401.399435551	0.0	tolerant	52145_1_1_1	101.0	4.0	2.6005644493	2.45
52146_1_1_1	52146_1_1_1	52146_1_1_1	4000560.0	4000560.0	0.0	strict	52146_1_1_1	112.0	5.0	0.0	1.04
52147_1_1_1	52147_1_1_1	52147_1_1_1	4000609.0	4000609.0	0.0	strict	52147_1_1_1	87.0	7.0	0.0	2.54
52151_1_1_1	52151_1_1_1	52151_1_1_1	4000665.0	4000665.0	0.0	strict	52151_1_1_1	95.0	7.0	0.0	1.6
52151_1_1_1	52617_1_1_1	52151_1_1_1	2000417.6379020216	4000665.0	2000247.3620979784	tolerant	52617_1_1_1	105.0	4.0	2.3620979783	1.63
52156_1_1_1	52156_1_1_1	52156_1_1_1	2000472.0	2000472.0	0.0	tolerant	52156_1_1_1	118.0	4.0	0.0	1.54
52160_1_1_1	52160_1_1_1	52160_1_1_1	3000086.7928536576	3000086.7928536576	0.0	moderate	52160_1_1_1	22.0	4.0	1.2071463422	0.0
52170_1_1_1	52170_1_1_1	52170_1_1_1	4000266.0	4000266.0	0.0	strict	52170_1_1_1	38.0	7.0	0.0	0.59
52170_1_1_1	36103_1_1_1	52170_1_1_1	3000114.0	4000266.0	1000152.0	moderate	36103_1_1_1	38.0	3.0	0.0	0.0
52171_1_1_1	52171_1_1_1	52171_1_1_1	3000532.0	3000532.0	0.0	moderate	52171_1_1_1	76.0	7.0	0.0	0.78
52178_1_1_1	52178_1_1_1	52178_1_1_1	3000223.1398859	3000223.1398859	0.0	moderate	52178_1_1_1	45.0	5.0	1.8601141001	0.81
52179_1_1_1	52179_1_1_1	52179_1_1_1	3000468.0	3000468.0	0.0	moderate	52179_1_1_1	117.0	4.0	0.0	0.0
5217_1_1_1	5217_1_1_1	5217_1_1_1	3000455.0	3000455.0	0.0	moderate	5217_1_1_1	65.0	7.0	0.0	0.34
52181_1_1_1	52181_1_1_1	52181_1_1_1	3000313.5741557856	3000313.5741557856	0.0	moderate	52181_1_1_1	63.0	5.0	1.4258442142	0.55
52182_1_1_1	52182_1_1_1	52182_1_1_1	3000528.598755366	3000528.598755366	0.0	moderate	52182_1_1_1	106.0	5.0	1.4012446333	0.27
52183_1_1_1	52183_1_1_1	52183_1_1_1	2000109.844004671	2000109.844004671	0.0	tolerant	52183_1_1_1	37.0	3.0	1.155995329	1.52
52184_1_1_1	52184_1_1_1	52184_1_1_1	2000297.9286698785	2000297.9286698785	0.0	tolerant	52184_1_1_1	60.0	5.0	2.0713301214	1.09
52186_1_1_1	52186_1_1_1	52186_1_1_1	3000325.0	3000325.0	0.0	moderate	52186_1_1_1	65.0	5.0	0.0	1.5
52187_1_1_1	52187_1_1_1	52187_1_1_1	4000882.0	4000882.0	0.0	strict	52187_1_1_1	126.0	7.0	0.0	0.64
52187_1_1_1	52040_1_1_1	52187_1_1_1	3000722.3352032616	4000882.0	1000159.6647967384	moderate	52040_1_1_1	145.0	5.0	2.6647967385	1.15
5218_1_1_1	5218_1_1_1	5218_1_1_1	3001456.0	3001456.0	0.0	moderate	5218_1_1_1	208.0	7.0	0.0	0.77
5218_1_1_1	26610_1_1_1	5218_1_1_1	3001137.2465708624	3001456.0	318.753429137636	moderate	26610_1_1_1	228.0	5.0	2.7534291375	1.15
5218_1_1_1	26597_1_1_1	5218_1_1_1	2000893.9011286895	3001456.0	1000562.0988713105	tolerant	26597_1_1_1	224.0	4.0	2.0988713103	2.07
52192_1_1_1	52192_1_1_1	52192_1_1_1	2000072.0	2000072.0	0.0	tolerant	52192_1_1_1	36.0	2.0	0.0	0.0
52193_1_1_1	52193_1_1_1	52193_1_1_1	3001617.0	3001617.0	0.0	moderate	52193_1_1_1	231.0	7.0	0.0	0.21
52197_1_1_1	52197_1_1_1	52197_1_1_1	1000328.0	1000328.0	0.0	unfiltered	52197_1_1_1	82.0	4.0	0.0	0.69
52202_1_1_1	52206_1_1_1	52206_1_1_1	3000149.2667342024	3000149.2667342024	0.0	moderate	52206_1_1_1	50.0	3.0	0.7332657977	0.0
52202_1_1_1	52202_1_1_1	52206_1_1_1	3000135.0	3000149.2667342024	14.2667342023924	moderate	52202_1_1_1	45.0	3.0	0.0	0.0
52207_1_1_1	52207_1_1_1	52207_1_1_1	2000370.3175597924	2000370.3175597924	0.0	tolerant	52207_1_1_1	93.0	4.0	1.6824402075	1.53
52208_1_1_1	4732_1_1_1	4732_1_1_1	3000544.339604428	3000544.339604428	0.0	moderate	4732_1_1_1	91.0	6.0	1.6603955719	0.31
52208_1_1_1	52208_1_1_1	4732_1_1_1	3000308.0	3000544.339604428	236.339604428038	moderate	52208_1_1_1	77.0	4.0	0.0	0.59
52217_1_1_1	52217_1_1_1	52217_1_1_1	2000117.6439345265	2000117.6439345265	0.0	tolerant	52217_1_1_1	20.0	6.0	2.3560654737	0.0
52227_1_1_1	52227_1_1_1	52227_1_1_1	2000373.7839441076	2000373.7839441076	0.0	tolerant	52227_1_1_1	94.0	4.0	2.2160558925	1.36
52228_1_1_1	52228_1_1_1	52228_1_1_1	2001761.044465088	2001761.044465088	0.0	tolerant	52228_1_1_1	441.0	4.0	2.955534912	1.66
52233_1_1_1	52233_1_1_1	52233_1_1_1	2000686.3468417577	2000686.3468417577	0.0	tolerant	52233_1_1_1	172.0	4.0	1.6531582423	1.75
52234_1_1_1	52234_1_1_1	52234_1_1_1	2000358.895975492	2000358.895975492	0.0	tolerant	52234_1_1_1	120.0	3.0	1.1040245077	0.44
52237_1_1_1	52237_1_1_1	52237_1_1_1	3000609.0	3000609.0	0.0	moderate	52237_1_1_1	87.0	7.0	0.0	1.39
52237_1_1_1	28077_1_1_1	52237_1_1_1	3000400.0	3000609.0	209.0	moderate	28077_1_1_1	80.0	5.0	0.0	1.34
52238_1_1_1	52238_1_1_1	52238_1_1_1	3001299.5502798385	3001299.5502798385	0.0	moderate	52238_1_1_1	217.0	6.0	2.4497201615	0.0
5223_1_1_1	4122_1_1_1	4122_1_1_1	3000490.0	3000490.0	0.0	moderate	4122_1_1_1	70.0	7.0	0.0	0.62
5223_1_1_1	6261_1_1_1	4122_1_1_1	3000462.0	3000490.0	28.0	moderate	6261_1_1_1	66.0	7.0	0.0	0.63
5223_1_1_1	5223_1_1_1	4122_1_1_1	3000360.0	3000490.0	130.0	moderate	5223_1_1_1	60.0	6.0	0.0	0.84
52248_1_1_1	52248_1_1_1	52248_1_1_1	2000160.0	2000160.0	0.0	tolerant	52248_1_1_1	80.0	2.0	0.0	0.0
5224_1_1_1	5224_1_1_1	5224_1_1_1	3000826.0	3000826.0	0.0	moderate	5224_1_1_1	118.0	7.0	0.0	3.81
5224_1_1_1	16572_1_1_1	5224_1_1_1	3000714.0	3000826.0	112.0	moderate	16572_1_1_1	119.0	6.0	0.0	2.12
52252_1_1_1	52252_1_1_1	52252_1_1_1	1000088.0	1000088.0	0.0	unfiltered	52252_1_1_1	22.0	4.0	0.0	1.49
52258_1_1_1	52258_1_1_1	52258_1_1_1	2000689.139256592	2000689.139256592	0.0	tolerant	52258_1_1_1	173.0	4.0	2.8607434079	1.56
52265_1_1_1	25674_1_1_1	25674_1_1_1	3001545.0	3001545.0	0.0	moderate	25674_1_1_1	309.0	5.0	0.0	0.69
52265_1_1_1	52265_1_1_1	25674_1_1_1	3001180.0	3001545.0	365.0	moderate	52265_1_1_1	295.0	4.0	0.0	0.0
52269_1_1_1	52269_1_1_1	52269_1_1_1	2000149.0102895063	2000149.0102895063	0.0	tolerant	52269_1_1_1	38.0	4.0	2.9897104934	1.82
52271_1_1_1	52271_1_1_1	52271_1_1_1	4001827.0	4001827.0	0.0	strict	52271_1_1_1	261.0	7.0	0.0	0.21
52273_1_1_1	52273_1_1_1	52273_1_1_1	2000446.0	2000446.0	0.0	tolerant	52273_1_1_1	223.0	2.0	0.0	0.0
52273_1_1_1	52296_1_1_1	52273_1_1_1	2000428.0	2000446.0	18.0	tolerant	52296_1_1_1	214.0	2.0	0.0	0.0
52273_1_1_1	52298_1_1_1	52273_1_1_1	2000426.0	2000446.0	20.0	tolerant	52298_1_1_1	213.0	2.0	0.0	0.0
52273_1_1_1	52301_1_1_1	52273_1_1_1	2000424.0	2000446.0	22.0	tolerant	52301_1_1_1	212.0	2.0	0.0	0.0
52273_1_1_1	52305_1_1_1	52273_1_1_1	2000376.0	2000446.0	70.0	tolerant	52305_1_1_1	188.0	2.0	0.0	0.0
52282_1_1_1	52282_1_1_1	52282_1_1_1	2000800.18871736	2000800.18871736	0.0	tolerant	52282_1_1_1	267.0	3.0	0.81128264	2.3
52284_1_1_1	52284_1_1_1	52284_1_1_1	2000773.935195972	2000773.935195972	0.0	tolerant	52284_1_1_1	194.0	4.0	2.0648040277	1.75
52292_1_1_1	52292_1_1_1	52292_1_1_1	2001292.4181626893	2001292.4181626893	0.0	tolerant	52292_1_1_1	259.0	5.0	2.5818373107	1.69
52303_1_1_1	52303_1_1_1	52303_1_1_1	4000989.043089381	4000989.043089381	0.0	strict	52303_1_1_1	198.0	5.0	0.9569106189	0.21
52311_1_1_1	52311_1_1_1	52311_1_1_1	2000528.34697189	2000528.34697189	0.0	tolerant	52311_1_1_1	106.0	5.0	1.6530281101	1.93
52320_1_1_1	52320_1_1_1	52320_1_1_1	3001015.0	3001015.0	0.0	moderate	52320_1_1_1	203.0	5.0	0.0	1.64
52322_1_1_1	52322_1_1_1	52322_1_1_1	3000852.8412741856	3000852.8412741856	0.0	moderate	52322_1_1_1	171.0	5.0	2.1587258145	1.09
52323_1_1_1	52323_1_1_1	52323_1_1_1	3000768.153023687	3000768.153023687	0.0	moderate	52323_1_1_1	154.0	5.0	1.8469763126	0.92
52324_1_1_1	52324_1_1_1	52324_1_1_1	3001042.995788945	3001042.995788945	0.0	moderate	52324_1_1_1	209.0	5.0	2.0042110552	0.96
52325_1_1_1	52325_1_1_1	52325_1_1_1	3000504.0	3000504.0	0.0	moderate	52325_1_1_1	126.0	4.0	0.0	0.0
52326_1_1_1	52326_1_1_1	52326_1_1_1	3000687.6576566063	3000687.6576566063	0.0	moderate	52326_1_1_1	138.0	5.0	2.3423433939	1.05
5233_1_1_1	5233_1_1_1	5233_1_1_1	3000707.0	3000707.0	0.0	moderate	5233_1_1_1	101.0	7.0	0.0	2.04
5233_1_1_1	18608_1_1_1	5233_1_1_1	3000450.0	3000707.0	257.0	moderate	18608_1_1_1	90.0	5.0	0.0	0.29
5233_1_1_1	5780_1_1_1	5233_1_1_1	2000270.0	3000707.0	1000437.0	tolerant	5780_1_1_1	90.0	3.0	0.0	0.0
5233_1_1_1	26550_1_1_1	5233_1_1_1	1000328.0	3000707.0	2000379.0	unfiltered	26550_1_1_1	82.0	4.0	0.0	0.52
52346_1_1_1	51875_1_1_1	51875_1_1_1	1002106.1261575454	1002106.1261575454	0.0	unfiltered	51875_1_1_1	422.0	5.0	3.8738424546	1.88
52346_1_1_1	52346_1_1_1	51875_1_1_1	1002066.1013839263	1002106.1261575454	40.02477361902129	unfiltered	52346_1_1_1	414.0	5.0	3.8986160736	1.89
5234_1_1_1	5234_1_1_1	5234_1_1_1	3001232.615874861	3001232.615874861	0.0	moderate	5234_1_1_1	247.0	5.0	2.3841251393	2.34
52354_1_1_1	52354_1_1_1	52354_1_1_1	4000380.0	4000380.0	0.0	strict	52354_1_1_1	76.0	5.0	0.0	1.04
52356_1_1_1	52356_1_1_1	52356_1_1_1	2000282.0	2000282.0	0.0	tolerant	52356_1_1_1	47.0	6.0	0.0	0.6
52359_1_1_1	52359_1_1_1	52359_1_1_1	4000340.0	4000340.0	0.0	strict	52359_1_1_1	85.0	4.0	0.0	2.58
5235_1_1_1	5235_1_1_1	5235_1_1_1	3000763.0	3000763.0	0.0	moderate	5235_1_1_1	109.0	7.0	0.0	1.37
52363_1_1_1	52363_1_1_1	52363_1_1_1	3000615.0	3000615.0	0.0	moderate	52363_1_1_1	123.0	5.0	0.0	1.01
5236_1_1_1	5236_1_1_1	5236_1_1_1	3000302.0371808293	3000302.0371808293	0.0	moderate	5236_1_1_1	76.0	4.0	1.9628191709	0.0
52371_1_1_1	52371_1_1_1	52371_1_1_1	3001225.0	3001225.0	0.0	moderate	52371_1_1_1	175.0	7.0	0.0	0.41
52372_1_1_1	52372_1_1_1	52372_1_1_1	4000462.0	4000462.0	0.0	strict	52372_1_1_1	77.0	6.0	0.0	0.9
52374_1_1_1	52374_1_1_1	52374_1_1_1	3000861.0	3000861.0	0.0	moderate	52374_1_1_1	123.0	7.0	0.0	0.22
52375_1_1_1	52349_1_1_1	52349_1_1_1	2000477.391350067	2000477.391350067	0.0	tolerant	52349_1_1_1	120.0	4.0	2.6086499329	2.93
52375_1_1_1	52375_1_1_1	52349_1_1_1	2000021.0	2000477.391350067	456.3913500669878	tolerant	52375_1_1_1	7.0	3.0	0.0	0.0
52379_1_1_1	52379_1_1_1	52379_1_1_1	3000877.0559367947	3000877.0559367947	0.0	moderate	52379_1_1_1	176.0	5.0	2.9440632055	1.65
52379_1_1_1	52382_1_1_1	52379_1_1_1	2000685.697974	3000877.0559367947	1000191.3579627948	tolerant	52382_1_1_1	172.0	4.0	2.3020259999	1.68
5237_1_1_1	5237_1_1_1	5237_1_1_1	3000354.0	3000354.0	0.0	moderate	5237_1_1_1	59.0	6.0	0.0	0.23
52381_1_1_1	52381_1_1_1	52381_1_1_1	3000345.0	3000345.0	0.0	moderate	52381_1_1_1	69.0	5.0	0.0	3.74
52383_1_1_1	52383_1_1_1	52383_1_1_1	2000665.0	2000665.0	0.0	tolerant	52383_1_1_1	95.0	7.0	0.0	0.26
52384_1_1_1	52384_1_1_1	52384_1_1_1	2000520.0	2000520.0	0.0	tolerant	52384_1_1_1	104.0	5.0	0.0	2.0
52387_1_1_1	52387_1_1_1	52387_1_1_1	2000261.8824460965	2000261.8824460965	0.0	tolerant	52387_1_1_1	66.0	4.0	2.1175539035	2.37
52389_1_1_1	52389_1_1_1	52389_1_1_1	2000084.0	2000084.0	0.0	tolerant	52389_1_1_1	21.0	4.0	0.0	0.0
52389_1_1_1	52388_1_1_1	52389_1_1_1	2000069.5509227123	2000084.0	14.449077287688851	tolerant	52388_1_1_1	24.0	3.0	2.4490772876	2.02
5238_1_1_1	5238_1_1_1	5238_1_1_1	3000212.0	3000212.0	0.0	moderate	5238_1_1_1	53.0	4.0	0.0	0.0
52390_1_1_1	52390_1_1_1	52390_1_1_1	2000109.4187950147	2000109.4187950147	0.0	tolerant	52390_1_1_1	37.0	3.0	1.5812049852	0.0
52391_1_1_1	52391_1_1_1	52391_1_1_1	3000101.121486885	3000101.121486885	0.0	moderate	52391_1_1_1	26.0	4.0	2.8785131152	0.0
52392_1_1_1	27895_1_1_1	27895_1_1_1	4000624.0	4000624.0	0.0	strict	27895_1_1_1	104.0	6.0	0.0	0.36
52392_1_1_1	52392_1_1_1	27895_1_1_1	4000606.0	4000624.0	18.0	strict	52392_1_1_1	101.0	6.0	0.0	1.22
52392_1_1_1	27916_1_1_1	27895_1_1_1	2000342.0	4000624.0	2000282.0	tolerant	27916_1_1_1	114.0	3.0	0.0	0.49
52393_1_1_1	52393_1_1_1	52393_1_1_1	3000185.408150469	3000185.408150469	0.0	moderate	52393_1_1_1	47.0	4.0	2.591849531	0.0
52394_1_1_1	52394_1_1_1	52394_1_1_1	2000455.0	2000455.0	0.0	tolerant	52394_1_1_1	91.0	5.0	0.0	0.5
52395_1_1_1	52395_1_1_1	52395_1_1_1	2000114.0	2000114.0	0.0	tolerant	52395_1_1_1	19.0	6.0	0.0	0.0
52398_1_1_1	52398_1_1_1	52398_1_1_1	2000506.1688982544	2000506.1688982544	0.0	tolerant	52398_1_1_1	127.0	4.0	1.8311017456	1.52
52399_1_1_1	52399_1_1_1	52399_1_1_1	3000530.0	3000530.0	0.0	moderate	52399_1_1_1	106.0	5.0	0.0	0.19
52401_1_1_1	52309_1_1_1	52309_1_1_1	2000817.3669543427	2000817.3669543427	0.0	tolerant	52309_1_1_1	164.0	5.0	2.6330456574	2.29
52401_1_1_1	52401_1_1_1	52309_1_1_1	2000802.4860031365	2000817.3669543427	14.880951206199825	tolerant	52401_1_1_1	161.0	5.0	2.5139968638	2.3
52404_1_1_1	52403_1_1_1	52403_1_1_1	2000051.242073655	2000051.242073655	0.0	tolerant	52403_1_1_1	18.0	3.0	2.757926345	0.0
52404_1_1_1	52404_1_1_1	52403_1_1_1	2000051.1704717616	2000051.242073655	0.07160189328715205	tolerant	52404_1_1_1	18.0	3.0	2.8295282383	0.0
52404_1_1_1	52402_1_1_1	52403_1_1_1	2000032.6802461883	2000051.242073655	18.56182746659033	tolerant	52402_1_1_1	17.0	2.0	1.3197538118	0.0
52405_1_1_1	52405_1_1_1	52405_1_1_1	3000069.0331241707	3000069.0331241707	0.0	moderate	52405_1_1_1	18.0	4.0	2.9668758295	0.0
52406_1_1_1	52406_1_1_1	52406_1_1_1	3000069.0582457427	3000069.0582457427	0.0	moderate	52406_1_1_1	18.0	4.0	2.9417542572	0.0
52407_1_1_1	52407_1_1_1	52407_1_1_1	2000051.306878934	2000051.306878934	0.0	tolerant	52407_1_1_1	18.0	3.0	2.6931210662	0.0
52408_1_1_1	52408_1_1_1	52408_1_1_1	2000051.0536892256	2000051.0536892256	0.0	tolerant	52408_1_1_1	18.0	3.0	2.9463107744	0.0
52409_1_1_1	52409_1_1_1	52409_1_1_1	3000069.1904195766	3000069.1904195766	0.0	moderate	52409_1_1_1	18.0	4.0	2.8095804235	0.0
52410_1_1_1	52410_1_1_1	52410_1_1_1	2000051.580085259	2000051.580085259	0.0	tolerant	52410_1_1_1	18.0	3.0	2.4199147411	0.0
52411_1_1_1	52411_1_1_1	52411_1_1_1	2000030.5742653704	2000030.5742653704	0.0	tolerant	52411_1_1_1	16.0	2.0	1.4257346297	0.0
52417_1_1_1	52417_1_1_1	52417_1_1_1	4000742.0	4000742.0	0.0	strict	52417_1_1_1	106.0	7.0	0.0	3.71
52420_1_1_1	52420_1_1_1	52420_1_1_1	3000237.130605811	3000237.130605811	0.0	moderate	52420_1_1_1	60.0	4.0	2.8693941892	1.44
52421_1_1_1	52421_1_1_1	52421_1_1_1	2000172.1493180364	2000172.1493180364	0.0	tolerant	52421_1_1_1	58.0	3.0	1.8506819637	1.91
52422_1_1_1	52422_1_1_1	52422_1_1_1	2000892.3767907957	2000892.3767907957	0.0	tolerant	52422_1_1_1	179.0	5.0	2.6232092043	1.21
52440_1_1_1	52440_1_1_1	52440_1_1_1	3000616.0	3000616.0	0.0	moderate	52440_1_1_1	88.0	7.0	0.0	0.35
52442_1_1_1	52442_1_1_1	52442_1_1_1	4000931.0	4000931.0	0.0	strict	52442_1_1_1	133.0	7.0	0.0	0.51
52442_1_1_1	15128_1_1_1	52442_1_1_1	3001057.0	4000931.0	999874.0	moderate	15128_1_1_1	151.0	7.0	0.0	5.12
52442_1_1_1	7272_1_1_1	52442_1_1_1	3000917.0	4000931.0	1000014.0	moderate	7272_1_1_1	131.0	7.0	0.0	0.5
52444_1_1_1	52444_1_1_1	52444_1_1_1	2000475.011823201	2000475.011823201	0.0	tolerant	52444_1_1_1	159.0	3.0	1.9881767988	1.61
52444_1_1_1	52345_1_1_1	52444_1_1_1	2000453.8456498024	2000475.011823201	21.16617339872755	tolerant	52345_1_1_1	152.0	3.0	2.1543501974	1.15
52446_1_1_1	30909_1_1_1	30909_1_1_1	3000277.4045951865	3000277.4045951865	0.0	moderate	30909_1_1_1	40.0	7.0	2.5954048133	0.71
52446_1_1_1	52446_1_1_1	30909_1_1_1	3000140.0	3000277.4045951865	137.4045951864682	moderate	52446_1_1_1	35.0	4.0	0.0	0.0
5244_1_1_1	5244_1_1_1	5244_1_1_1	3000816.0	3000816.0	0.0	moderate	5244_1_1_1	136.0	6.0	0.0	1.47
52454_1_1_1	52449_1_1_1	52449_1_1_1	3000190.0	3000190.0	0.0	moderate	52449_1_1_1	38.0	5.0	0.0	0.53
52454_1_1_1	52452_1_1_1	52449_1_1_1	3000152.0	3000190.0	38.0	moderate	52452_1_1_1	38.0	4.0	0.0	0.0
52454_1_1_1	52454_1_1_1	52449_1_1_1	3000148.0	3000190.0	42.0	moderate	52454_1_1_1	37.0	4.0	0.0	0.0
52455_1_1_1	52455_1_1_1	52455_1_1_1	1000396.0322412862	1000396.0322412862	0.0	unfiltered	52455_1_1_1	80.0	5.0	3.9677587138	2.12
52459_1_1_1	52459_1_1_1	52459_1_1_1	4000131.730348944	4000131.730348944	0.0	strict	52459_1_1_1	19.0	7.0	1.2696510563	0.0
52468_1_1_1	52468_1_1_1	52468_1_1_1	1000144.0	1000144.0	0.0	unfiltered	52468_1_1_1	36.0	4.0	0.0	1.56
52475_1_1_1	52475_1_1_1	52475_1_1_1	2000736.0	2000736.0	0.0	tolerant	52475_1_1_1	184.0	4.0	0.0	0.78
52482_1_1_1	52482_1_1_1	52482_1_1_1	2000453.6932629533	2000453.6932629533	0.0	tolerant	52482_1_1_1	114.0	4.0	2.3067370466	1.75
5248_1_1_1	19258_1_1_1	19258_1_1_1	3000284.856552146	3000284.856552146	0.0	moderate	19258_1_1_1	41.0	7.0	2.1434478539	0.93
5248_1_1_1	19259_1_1_1	19258_1_1_1	3000284.344665518	3000284.856552146	0.5118866278789937	moderate	19259_1_1_1	41.0	7.0	2.6553344819	1.32
5248_1_1_1	34433_1_1_1	19258_1_1_1	3000198.0	3000284.856552146	86.85655214590952	moderate	34433_1_1_1	33.0	6.0	0.0	0.16
5248_1_1_1	4882_1_1_1	19258_1_1_1	3000111.0	3000284.856552146	173.85655214590952	moderate	4882_1_1_1	37.0	3.0	0.0	0.0
5248_1_1_1	5248_1_1_1	19258_1_1_1	3000096.0	3000284.856552146	188.85655214590952	moderate	5248_1_1_1	32.0	3.0	0.0	0.0
5248_1_1_1	16070_1_1_1	19258_1_1_1	3000096.0	3000284.856552146	188.85655214590952	moderate	16070_1_1_1	32.0	3.0	0.0	0.0
5248_1_1_1	19295_1_1_1	19258_1_1_1	3000096.0	3000284.856552146	188.85655214590952	moderate	19295_1_1_1	32.0	3.0	0.0	0.0
5248_1_1_1	19291_1_1_1	19258_1_1_1	3000093.0	3000284.856552146	191.85655214590952	moderate	19291_1_1_1	31.0	3.0	0.0	0.0
52491_1_1_1	52491_1_1_1	52491_1_1_1	2000150.0	2000150.0	0.0	tolerant	52491_1_1_1	25.0	6.0	0.0	0.0
52492_1_1_1	52492_1_1_1	52492_1_1_1	2000144.3750784048	2000144.3750784048	0.0	tolerant	52492_1_1_1	49.0	3.0	2.6249215955	3.4
52493_1_1_1	52493_1_1_1	52493_1_1_1	2000411.049287916	2000411.049287916	0.0	tolerant	52493_1_1_1	69.0	6.0	2.9507120838	0.3
52493_1_1_1	52483_1_1_1	52493_1_1_1	2000399.56085556	2000411.049287916	11.488432355923578	tolerant	52483_1_1_1	67.0	6.0	2.4391444403	0.2
52494_1_1_1	52548_1_1_1	52548_1_1_1	3001345.0	3001345.0	0.0	moderate	52548_1_1_1	269.0	5.0	0.0	1.69
52494_1_1_1	52494_1_1_1	52548_1_1_1	3001284.0	3001345.0	61.0	moderate	52494_1_1_1	321.0	4.0	0.0	0.0
52494_1_1_1	52549_1_1_1	52548_1_1_1	3000948.0	3001345.0	397.0	moderate	52549_1_1_1	237.0	4.0	0.0	0.0
52498_1_1_1	52498_1_1_1	52498_1_1_1	4001757.0	4001757.0	0.0	strict	52498_1_1_1	251.0	7.0	0.0	0.62
52498_1_1_1	4022_1_1_1	52498_1_1_1	3001799.0	4001757.0	999958.0	moderate	4022_1_1_1	257.0	7.0	0.0	0.38
52498_1_1_1	27859_1_1_1	52498_1_1_1	3001165.0	4001757.0	1000592.0	moderate	27859_1_1_1	233.0	5.0	0.0	3.27
52501_1_1_1	34457_1_1_1	34457_1_1_1	4001270.0	4001270.0	0.0	strict	34457_1_1_1	254.0	5.0	0.0	2.47
52501_1_1_1	52501_1_1_1	34457_1_1_1	4001086.38341449	4001270.0	183.61658550985157	strict	52501_1_1_1	272.0	4.0	1.6165855097	0.0
52501_1_1_1	30065_1_1_1	34457_1_1_1	4001056.0	4001270.0	214.0	strict	30065_1_1_1	264.0	4.0	0.0	0.0
52501_1_1_1	27128_1_1_1	34457_1_1_1	4001036.0	4001270.0	234.0	strict	27128_1_1_1	259.0	4.0	0.0	2.22
52501_1_1_1	34694_1_1_1	34457_1_1_1	1001176.0	4001270.0	3000094.0	unfiltered	34694_1_1_1	196.0	6.0	0.0	0.83
52501_1_1_1	25413_1_1_1	34457_1_1_1	1000344.0	4001270.0	3000926.0	unfiltered	25413_1_1_1	86.0	4.0	0.0	1.17
5250_1_1_1	5250_1_1_1	5250_1_1_1	3000476.0	3000476.0	0.0	moderate	5250_1_1_1	68.0	7.0	0.0	4.42
52512_1_1_1	52512_1_1_1	52512_1_1_1	1000308.0	1000308.0	0.0	unfiltered	52512_1_1_1	44.0	7.0	0.0	2.67
52524_1_1_1	52524_1_1_1	52524_1_1_1	2000797.3231282104	2000797.3231282104	0.0	tolerant	52524_1_1_1	160.0	5.0	2.6768717893	1.26
52525_1_1_1	52525_1_1_1	52525_1_1_1	2001048.3229127645	2001048.3229127645	0.0	tolerant	52525_1_1_1	175.0	6.0	1.6770872357	1.42
52531_1_1_1	52530_1_1_1	52530_1_1_1	2000174.116097628	2000174.116097628	0.0	tolerant	52530_1_1_1	44.0	4.0	1.8839023719	2.83
52531_1_1_1	52531_1_1_1	52530_1_1_1	2000132.7595716412	2000174.116097628	41.35652598668821	tolerant	52531_1_1_1	45.0	3.0	2.2404283587	2.84
52533_1_1_1	52533_1_1_1	52533_1_1_1	3000522.249668436	3000522.249668436	0.0	moderate	52533_1_1_1	105.0	5.0	2.7503315639	0.29
52542_1_1_1	52542_1_1_1	52542_1_1_1	4001150.0	4001150.0	0.0	strict	52542_1_1_1	230.0	5.0	0.0	0.81
52543_1_1_1	52543_1_1_1	52543_1_1_1	3000156.0	3000156.0	0.0	moderate	52543_1_1_1	26.0	6.0	0.0	0.0
52544_1_1_1	52544_1_1_1	52544_1_1_1	4000925.0	4000925.0	0.0	strict	52544_1_1_1	185.0	5.0	0.0	1.0
52545_1_1_1	52545_1_1_1	52545_1_1_1	4000266.0	4000266.0	0.0	strict	52545_1_1_1	38.0	7.0	0.0	0.92
52550_1_1_1	52551_1_1_1	52551_1_1_1	2000421.0911456544	2000421.0911456544	0.0	tolerant	52551_1_1_1	106.0	4.0	2.9088543458	1.64
52550_1_1_1	52550_1_1_1	52551_1_1_1	2000353.575180131	2000421.0911456544	67.51596552343108	tolerant	52550_1_1_1	89.0	4.0	2.424819869	1.32
52555_1_1_1	52555_1_1_1	52555_1_1_1	2000201.0	2000201.0	0.0	tolerant	52555_1_1_1	67.0	3.0	0.0	1.35
52556_1_1_1	52556_1_1_1	52556_1_1_1	4001260.0	4001260.0	0.0	strict	52556_1_1_1	252.0	5.0	0.0	3.06
52558_1_1_1	52558_1_1_1	52558_1_1_1	2000120.0	2000120.0	0.0	tolerant	52558_1_1_1	60.0	2.0	0.0	0.0
5255_1_1_1	5255_1_1_1	5255_1_1_1	3000258.0	3000258.0	0.0	moderate	5255_1_1_1	86.0	3.0	0.0	0.0
52567_1_1_1	52567_1_1_1	52567_1_1_1	1000058.2373494662	1000058.2373494662	0.0	unfiltered	52567_1_1_1	32.0	2.0	5.7626505338	0.0
52568_1_1_1	52568_1_1_1	52568_1_1_1	1000079.2009350052	1000079.2009350052	0.0	unfiltered	52568_1_1_1	43.0	2.0	6.7990649947	0.0
52584_1_1_1	52584_1_1_1	52584_1_1_1	1000685.0	1000685.0	0.0	unfiltered	52584_1_1_1	137.0	5.0	0.0	0.82
52585_1_1_1	52585_1_1_1	52585_1_1_1	4000096.0	4000096.0	0.0	strict	52585_1_1_1	24.0	4.0	0.0	0.0
52588_1_1_1	52588_1_1_1	52588_1_1_1	2000716.0	2000716.0	0.0	tolerant	52588_1_1_1	179.0	4.0	0.0	0.56
52590_1_1_1	52590_1_1_1	52590_1_1_1	2000777.646568252	2000777.646568252	0.0	tolerant	52590_1_1_1	195.0	4.0	2.3534317481	0.89
52601_1_1_1	52601_1_1_1	52601_1_1_1	4000480.0	4000480.0	0.0	strict	52601_1_1_1	120.0	4.0	0.0	0.66
52601_1_1_1	52603_1_1_1	52601_1_1_1	3000357.0	4000480.0	1000123.0	moderate	52603_1_1_1	119.0	3.0	0.0	0.0
52605_1_1_1	52605_1_1_1	52605_1_1_1	2000375.9528492296	2000375.9528492296	0.0	tolerant	52605_1_1_1	126.0	3.0	2.0471507703	1.55
52607_1_1_1	52607_1_1_1	52607_1_1_1	2000205.4451660065	2000205.4451660065	0.0	tolerant	52607_1_1_1	69.0	3.0	1.5548339935	2.66
52612_1_1_1	52612_1_1_1	52612_1_1_1	4001225.0	4001225.0	0.0	strict	52612_1_1_1	245.0	5.0	0.0	0.96
52613_1_1_1	52613_1_1_1	52613_1_1_1	2000650.0287935229	2000650.0287935229	0.0	tolerant	52613_1_1_1	163.0	4.0	1.9712064771	1.42
52618_1_1_1	52133_1_1_1	52133_1_1_1	4000539.0	4000539.0	0.0	strict	52133_1_1_1	77.0	7.0	0.0	1.24
52618_1_1_1	52618_1_1_1	52133_1_1_1	4000518.0	4000539.0	21.0	strict	52618_1_1_1	74.0	7.0	0.0	0.36
52619_1_1_1	52619_1_1_1	52619_1_1_1	2000261.3869026352	2000261.3869026352	0.0	tolerant	52619_1_1_1	66.0	4.0	2.6130973647	2.75
5261_1_1_1	5261_1_1_1	5261_1_1_1	3000931.0	3000931.0	0.0	moderate	5261_1_1_1	133.0	7.0	0.0	0.69
52623_1_1_1	52623_1_1_1	52623_1_1_1	3000635.0	3000635.0	0.0	moderate	52623_1_1_1	127.0	5.0	0.0	0.66
52623_1_1_1	26637_1_1_1	52623_1_1_1	2000741.7515112313	3000635.0	999893.2484887687	tolerant	26637_1_1_1	124.0	6.0	2.2484887686	0.41
5262_1_1_1	5262_1_1_1	5262_1_1_1	3000232.0	3000232.0	0.0	moderate	5262_1_1_1	58.0	4.0	0.0	0.0
5262_1_1_1	4510_1_1_1	5262_1_1_1	3000232.0	3000232.0	0.0	moderate	4510_1_1_1	58.0	4.0	0.0	0.0
52639_1_1_1	52639_1_1_1	52639_1_1_1	3001042.013438112	3001042.013438112	0.0	moderate	52639_1_1_1	209.0	5.0	2.9865618877	1.16
5263_1_1_1	5263_1_1_1	5263_1_1_1	3001038.0	3001038.0	0.0	moderate	5263_1_1_1	173.0	6.0	0.0	1.94
52640_1_1_1	52640_1_1_1	52640_1_1_1	4000854.0	4000854.0	0.0	strict	52640_1_1_1	122.0	7.0	0.0	1.69
52640_1_1_1	52985_1_1_1	52640_1_1_1	3000726.0	4000854.0	1000128.0	moderate	52985_1_1_1	121.0	6.0	0.0	1.9
52641_1_1_1	52641_1_1_1	52641_1_1_1	2000253.9084522205	2000253.9084522205	0.0	tolerant	52641_1_1_1	64.0	4.0	2.0915477798	3.09
52650_1_1_1	52650_1_1_1	52650_1_1_1	3000650.0	3000650.0	0.0	moderate	52650_1_1_1	130.0	5.0	0.0	0.49
52651_1_1_1	52651_1_1_1	52651_1_1_1	2000315.3545945124	2000315.3545945124	0.0	tolerant	52651_1_1_1	53.0	6.0	2.6454054876	2.05
52654_1_1_1	52654_1_1_1	52654_1_1_1	1000196.20050089	1000196.20050089	0.0	unfiltered	52654_1_1_1	33.0	6.0	1.79949911	0.05
52657_1_1_1	52657_1_1_1	52657_1_1_1	3000400.0	3000400.0	0.0	moderate	52657_1_1_1	100.0	4.0	0.0	1.1
52664_1_1_1	52664_1_1_1	52664_1_1_1	2000324.0	2000324.0	0.0	tolerant	52664_1_1_1	108.0	3.0	0.0	2.04
52667_1_1_1	52667_1_1_1	52667_1_1_1	3001748.4360302426	3001748.4360302426	0.0	moderate	52667_1_1_1	350.0	5.0	1.5639697575	1.47
52678_1_1_1	52678_1_1_1	52678_1_1_1	2000407.774254329	2000407.774254329	0.0	tolerant	52678_1_1_1	82.0	5.0	2.2257456709	1.63
5267_1_1_1	5267_1_1_1	5267_1_1_1	3001183.0	3001183.0	0.0	moderate	5267_1_1_1	169.0	7.0	0.0	0.87
5268_1_1_1	5268_1_1_1	5268_1_1_1	3000126.0	3000126.0	0.0	moderate	5268_1_1_1	42.0	3.0	0.0	0.0
52702_1_1_1	52702_1_1_1	52702_1_1_1	3000354.188217111	3000354.188217111	0.0	moderate	52702_1_1_1	51.0	7.0	2.8117828892	1.1
52711_1_1_1	52710_1_1_1	52710_1_1_1	3000808.0	3000808.0	0.0	moderate	52710_1_1_1	202.0	4.0	0.0	1.09
52711_1_1_1	52711_1_1_1	52710_1_1_1	3000760.0	3000808.0	48.0	moderate	52711_1_1_1	190.0	4.0	0.0	1.24
52711_1_1_1	52709_1_1_1	52710_1_1_1	3000738.1956233666	3000808.0	69.80437663337216	moderate	52709_1_1_1	185.0	4.0	1.8043766335	1.56
52711_1_1_1	52708_1_1_1	52710_1_1_1	2000465.2895328484	3000808.0	1000342.7104671516	tolerant	52708_1_1_1	156.0	3.0	2.7104671516	1.3
52712_1_1_1	52712_1_1_1	52712_1_1_1	2000340.4213781385	2000340.4213781385	0.0	tolerant	52712_1_1_1	57.0	6.0	1.5786218617	1.96
52713_1_1_1	52713_1_1_1	52713_1_1_1	2000680.0	2000680.0	0.0	tolerant	52713_1_1_1	170.0	4.0	0.0	1.36
52720_2_1_1	52720_2_1_1	52720_2_1_1	3001016.0	3001016.0	0.0	moderate	52720_2_1_1	254.0	4.0	0.0	0.92
52721_1_1_1	52721_1_1_1	52721_1_1_1	2000111.0	2000111.0	0.0	tolerant	52721_1_1_1	37.0	3.0	0.0	0.0
52726_1_1_1	52726_1_1_1	52726_1_1_1	4000560.0	4000560.0	0.0	strict	52726_1_1_1	80.0	7.0	0.0	0.57
52726_1_1_1	52727_1_1_1	52726_1_1_1	3000240.0	4000560.0	1000320.0	moderate	52727_1_1_1	80.0	3.0	0.0	0.0
52728_1_1_1	52728_1_1_1	52728_1_1_1	3000312.434863716	3000312.434863716	0.0	moderate	52728_1_1_1	45.0	7.0	2.5651362841	1.37
52729_1_1_1	52729_1_1_1	52729_1_1_1	2000195.0	2000195.0	0.0	tolerant	52729_1_1_1	65.0	3.0	0.0	1.29
52730_1_1_1	52730_1_1_1	52730_1_1_1	4000620.0	4000620.0	0.0	strict	52730_1_1_1	155.0	4.0	0.0	1.14
52732_1_1_1	16882_1_1_1	16882_1_1_1	2000612.0	2000612.0	0.0	tolerant	16882_1_1_1	102.0	6.0	0.0	1.31
52732_1_1_1	52732_1_1_1	16882_1_1_1	2000460.0047738352	2000612.0	151.99522616481408	tolerant	52732_1_1_1	77.0	6.0	1.9952261647	1.77
52735_1_1_1	52735_1_1_1	52735_1_1_1	3000267.31161438	3000267.31161438	0.0	moderate	52735_1_1_1	54.0	5.0	2.6883856198	1.03
52737_1_1_1	52737_1_1_1	52737_1_1_1	2000557.6703357955	2000557.6703357955	0.0	tolerant	52737_1_1_1	140.0	4.0	2.3296642043	1.94
52742_1_1_1	52742_1_1_1	52742_1_1_1	3000642.1856904407	3000642.1856904407	0.0	moderate	52742_1_1_1	129.0	5.0	2.8143095594	1.4
52742_1_1_1	52741_1_1_1	52742_1_1_1	3000637.058248456	3000642.1856904407	5.127441984601319	moderate	52741_1_1_1	128.0	5.0	2.9417515437	1.46
52742_1_1_1	52738_1_1_1	52742_1_1_1	2000642.088660113	3000642.1856904407	1000000.0970303277	tolerant	52738_1_1_1	129.0	5.0	2.911339887	1.7
52742_1_1_1	52739_1_1_1	52742_1_1_1	2000513.1911273275	3000642.1856904407	1000128.9945631132	tolerant	52739_1_1_1	129.0	4.0	2.8088726724	1.71
52742_1_1_1	52743_1_1_1	52742_1_1_1	2000513.119892481	3000642.1856904407	1000129.0657979597	tolerant	52743_1_1_1	129.0	4.0	2.880107519	1.39
52742_1_1_1	52740_1_1_1	52742_1_1_1	2000386.2917514937	3000642.1856904407	1000255.893938947	tolerant	52740_1_1_1	129.0	3.0	0.7082485065	1.62
52746_1_1_1	15206_1_1_1	15206_1_1_1	3000550.3584593637	3000550.3584593637	0.0	moderate	15206_1_1_1	79.0	7.0	2.6415406363	1.1
52746_1_1_1	52746_1_1_1	15206_1_1_1	3000382.209424091	3000550.3584593637	168.14903527265415	moderate	52746_1_1_1	77.0	5.0	2.7905759088	1.04
52746_1_1_1	16770_1_1_1	15206_1_1_1	2000483.1683031344	3000550.3584593637	1000067.1901562293	tolerant	16770_1_1_1	81.0	6.0	2.8316968653	1.21
52746_1_1_1	15214_1_1_1	15206_1_1_1	2000193.104134661	3000550.3584593637	1000357.2543247028	tolerant	15214_1_1_1	65.0	3.0	1.8958653393	1.41
52746_1_1_1	18276_1_1_1	15206_1_1_1	1000390.0	3000550.3584593637	2000160.3584593637	unfiltered	18276_1_1_1	78.0	5.0	0.0	0.92
52746_1_1_1	26614_1_1_1	15206_1_1_1	1000324.0	3000550.3584593637	2000226.3584593637	unfiltered	26614_1_1_1	81.0	4.0	0.0	0.8
52746_1_1_1	18651_1_1_1	15206_1_1_1	1000324.0	3000550.3584593637	2000226.3584593637	unfiltered	18651_1_1_1	81.0	4.0	0.0	0.63
52751_1_1_1	52751_1_1_1	52751_1_1_1	2000182.159714116	2000182.159714116	0.0	tolerant	52751_1_1_1	46.0	4.0	1.840285884	1.24
5275_1_1_1	5275_1_1_1	5275_1_1_1	3001113.0	3001113.0	0.0	moderate	5275_1_1_1	159.0	7.0	0.0	1.44
52764_1_1_1	52764_1_1_1	52764_1_1_1	2000320.0	2000320.0	0.0	tolerant	52764_1_1_1	80.0	4.0	0.0	1.57
52766_1_1_1	52766_1_1_1	52766_1_1_1	3001595.0	3001595.0	0.0	moderate	52766_1_1_1	319.0	5.0	0.0	0.39
52768_1_1_1	52768_1_1_1	52768_1_1_1	4000315.0	4000315.0	0.0	strict	52768_1_1_1	45.0	7.0	0.0	2.74
5276_1_1_1	5276_1_1_1	5276_1_1_1	3000350.0	3000350.0	0.0	moderate	5276_1_1_1	50.0	7.0	0.0	3.06
52796_1_1_1	52796_1_1_1	52796_1_1_1	3000337.226968765	3000337.226968765	0.0	moderate	52796_1_1_1	85.0	4.0	2.7730312353	1.24
5280_1_1_1	5280_1_1_1	5280_1_1_1	2000736.5529238963	2000736.5529238963	0.0	tolerant	5280_1_1_1	123.0	6.0	1.4470761036	1.32
52828_1_1_1	52828_1_1_1	52828_1_1_1	2000297.6867205228	2000297.6867205228	0.0	tolerant	52828_1_1_1	75.0	4.0	2.3132794771	2.11
52829_1_1_1	52829_1_1_1	52829_1_1_1	2000245.7725757393	2000245.7725757393	0.0	tolerant	52829_1_1_1	62.0	4.0	2.2274242608	2.16
52830_1_1_1	52830_1_1_1	52830_1_1_1	2000609.3780277888	2000609.3780277888	0.0	tolerant	52830_1_1_1	204.0	3.0	2.6219722113	2.01
5283_2_1_1	5283_2_1_1	5283_2_1_1	2000054.0	2000054.0	0.0	tolerant	5283_2_1_1	18.0	3.0	0.0	0.0
52858_1_1_1	52858_1_1_1	52858_1_1_1	2000553.4731099317	2000553.4731099317	0.0	tolerant	52858_1_1_1	139.0	4.0	2.5268900685	1.49
52859_1_1_1	52859_1_1_1	52859_1_1_1	2000423.0	2000423.0	0.0	tolerant	52859_1_1_1	141.0	3.0	0.0	1.8
52860_1_1_1	52860_1_1_1	52860_1_1_1	2000344.0426807909	2000344.0426807909	0.0	tolerant	52860_1_1_1	115.0	3.0	0.9573192092	1.75
52861_1_1_1	52861_1_1_1	52861_1_1_1	2000287.336200948	2000287.336200948	0.0	tolerant	52861_1_1_1	96.0	3.0	0.6637990518	2.02
52863_1_1_1	52863_1_1_1	52863_1_1_1	2000306.833379685	2000306.833379685	0.0	tolerant	52863_1_1_1	77.0	4.0	1.166620315	2.33
52864_1_1_1	52864_1_1_1	52864_1_1_1	2000394.1625474177	2000394.1625474177	0.0	tolerant	52864_1_1_1	99.0	4.0	1.8374525824	2.26
52865_1_1_1	52865_1_1_1	52865_1_1_1	2000339.8382400677	2000339.8382400677	0.0	tolerant	52865_1_1_1	114.0	3.0	2.1617599324	1.63
52866_1_1_1	52866_1_1_1	52866_1_1_1	2000225.0741741832	2000225.0741741832	0.0	tolerant	52866_1_1_1	57.0	4.0	2.9258258166	2.45
52867_1_1_1	52867_1_1_1	52867_1_1_1	2000518.4091593216	2000518.4091593216	0.0	tolerant	52867_1_1_1	130.0	4.0	1.5908406781	2.0
52869_1_1_1	52869_1_1_1	52869_1_1_1	3001204.0	3001204.0	0.0	moderate	52869_1_1_1	172.0	7.0	0.0	0.25
52871_1_1_1	52871_1_1_1	52871_1_1_1	4000567.0	4000567.0	0.0	strict	52871_1_1_1	81.0	7.0	0.0	0.68
52871_1_1_1	5242_1_1_1	52871_1_1_1	3000567.0	4000567.0	1000000.0	moderate	5242_1_1_1	81.0	7.0	0.0	0.86
52872_1_1_1	18179_1_1_1	18179_1_1_1	4000819.0	4000819.0	0.0	strict	18179_1_1_1	117.0	7.0	0.0	0.5
52872_1_1_1	18178_1_1_1	18179_1_1_1	4000670.0	4000819.0	149.0	strict	18178_1_1_1	134.0	5.0	0.0	0.67
52872_1_1_1	52872_1_1_1	18179_1_1_1	4000640.0	4000819.0	179.0	strict	52872_1_1_1	128.0	5.0	0.0	2.81
52877_1_1_1	52877_1_1_1	52877_1_1_1	2000292.3504051052	2000292.3504051052	0.0	tolerant	52877_1_1_1	59.0	5.0	2.6495948949	0.91
52893_1_1_1	52893_1_1_1	52893_1_1_1	3000434.0	3000434.0	0.0	moderate	52893_1_1_1	62.0	7.0	0.0	0.83
52895_1_1_1	52895_1_1_1	52895_1_1_1	2000334.0063251697	2000334.0063251697	0.0	tolerant	52895_1_1_1	84.0	4.0	1.9936748302	1.11
52904_1_1_1	52896_1_1_1	52896_1_1_1	1000237.383932715	1000237.383932715	0.0	unfiltered	52896_1_1_1	124.0	2.0	10.616067285	0.0
52904_1_1_1	52904_1_1_1	52896_1_1_1	1000235.6903957756	1000237.383932715	1.693536939448677	unfiltered	52904_1_1_1	123.0	2.0	10.3096042243	0.0
52940_1_1_1	52940_1_1_1	52940_1_1_1	2000390.0	2000390.0	0.0	tolerant	52940_1_1_1	78.0	5.0	0.0	2.21
52944_1_1_1	52944_1_1_1	52944_1_1_1	2000325.7613913263	2000325.7613913263	0.0	tolerant	52944_1_1_1	82.0	4.0	2.2386086734	1.27
52949_1_1_1	52949_1_1_1	52949_1_1_1	3001355.0	3001355.0	0.0	moderate	52949_1_1_1	271.0	5.0	0.0	1.78
52949_1_1_1	52950_1_1_1	52949_1_1_1	2000474.0	3001355.0	1000881.0	tolerant	52950_1_1_1	237.0	2.0	0.0	0.0
52955_1_1_1	52955_1_1_1	52955_1_1_1	2000036.0	2000036.0	0.0	tolerant	52955_1_1_1	18.0	2.0	0.0	0.0
52964_1_1_1	52964_1_1_1	52964_1_1_1	2000225.9584755944	2000225.9584755944	0.0	tolerant	52964_1_1_1	57.0	4.0	2.0415244056	2.0
52967_1_1_1	52967_1_1_1	52967_1_1_1	2000567.0	2000567.0	0.0	tolerant	52967_1_1_1	81.0	7.0	0.0	0.85
52971_1_1_1	52971_1_1_1	52971_1_1_1	2000173.822062857	2000173.822062857	0.0	tolerant	52971_1_1_1	44.0	4.0	2.1779371431	1.64
52972_1_1_1	52972_1_1_1	52972_1_1_1	3000833.0	3000833.0	0.0	moderate	52972_1_1_1	119.0	7.0	0.0	1.12
52973_1_1_1	52973_1_1_1	52973_1_1_1	3001072.814166645	3001072.814166645	0.0	moderate	52973_1_1_1	215.0	5.0	2.1858333549	0.99
52973_1_1_1	16541_1_1_1	52973_1_1_1	2001070.0	3001072.814166645	1000002.814166645	tolerant	16541_1_1_1	214.0	5.0	0.0	0.96
52974_1_1_1	52974_1_1_1	52974_1_1_1	3001771.0	3001771.0	0.0	moderate	52974_1_1_1	253.0	7.0	0.0	1.67
52978_1_1_1	52978_1_1_1	52978_1_1_1	2000598.0599271865	2000598.0599271865	0.0	tolerant	52978_1_1_1	150.0	4.0	1.9400728135	1.99
52979_1_1_1	52979_1_1_1	52979_1_1_1	2000253.547445953	2000253.547445953	0.0	tolerant	52979_1_1_1	64.0	4.0	2.4525540471	1.96
5297_1_1_1	5297_1_1_1	5297_1_1_1	3000805.0	3000805.0	0.0	moderate	5297_1_1_1	115.0	7.0	0.0	1.46
52980_1_1_1	6310_1_1_1	6310_1_1_1	3001120.0	3001120.0	0.0	moderate	6310_1_1_1	160.0	7.0	0.0	0.55
52980_1_1_1	15922_1_1_1	6310_1_1_1	3001092.0	3001120.0	28.0	moderate	15922_1_1_1	182.0	6.0	0.0	0.22
52980_1_1_1	52980_1_1_1	6310_1_1_1	3000750.0	3001120.0	370.0	moderate	52980_1_1_1	150.0	5.0	0.0	2.94
53001_1_1_1	53001_1_1_1	53001_1_1_1	2000773.1310801648	2000773.1310801648	0.0	tolerant	53001_1_1_1	258.0	3.0	0.8689198355	1.84
53009_1_1_1	53009_1_1_1	53009_1_1_1	3000581.0	3000581.0	0.0	moderate	53009_1_1_1	83.0	7.0	0.0	2.44
5300_1_1_1	5300_1_1_1	5300_1_1_1	3001108.3423070298	3001108.3423070298	0.0	moderate	5300_1_1_1	185.0	6.0	1.6576929702	0.64
53015_2_1_1	53015_2_1_1	53015_2_1_1	3000503.032614909	3000503.032614909	0.0	moderate	53015_2_1_1	101.0	5.0	1.9673850909	0.9
53020_1_1_1	53020_1_1_1	53020_1_1_1	3000288.0	3000288.0	0.0	moderate	53020_1_1_1	48.0	6.0	0.0	0.32
53022_1_1_1	30532_1_1_1	30532_1_1_1	4000399.0	4000399.0	0.0	strict	30532_1_1_1	57.0	7.0	0.0	1.52
53022_1_1_1	25910_1_1_1	30532_1_1_1	4000385.0	4000399.0	14.0	strict	25910_1_1_1	55.0	7.0	0.0	2.68
53022_1_1_1	15408_1_1_1	30532_1_1_1	4000385.0	4000399.0	14.0	strict	15408_1_1_1	55.0	7.0	0.0	1.88
53022_1_1_1	27031_1_1_1	30532_1_1_1	4000385.0	4000399.0	14.0	strict	27031_1_1_1	55.0	7.0	0.0	1.48
53022_1_1_1	27032_1_1_1	30532_1_1_1	4000385.0	4000399.0	14.0	strict	27032_1_1_1	55.0	7.0	0.0	1.0
53022_1_1_1	27343_1_1_1	30532_1_1_1	4000385.0	4000399.0	14.0	strict	27343_1_1_1	55.0	7.0	0.0	1.96
53022_1_1_1	30222_1_1_1	30532_1_1_1	4000378.0	4000399.0	21.0	strict	30222_1_1_1	54.0	7.0	0.0	1.38
53022_1_1_1	30221_1_1_1	30532_1_1_1	4000378.0	4000399.0	21.0	strict	30221_1_1_1	54.0	7.0	0.0	1.04
53022_1_1_1	30220_1_1_1	30532_1_1_1	4000378.0	4000399.0	21.0	strict	30220_1_1_1	54.0	7.0	0.0	1.66
53022_1_1_1	27030_1_1_1	30532_1_1_1	4000364.0	4000399.0	35.0	strict	27030_1_1_1	52.0	7.0	0.0	1.32
53022_1_1_1	18531_1_1_1	30532_1_1_1	4000324.0	4000399.0	75.0	strict	18531_1_1_1	54.0	6.0	0.0	1.53
53022_1_1_1	50910_1_1_1	30532_1_1_1	4000324.0	4000399.0	75.0	strict	50910_1_1_1	54.0	6.0	0.0	0.97
53022_1_1_1	53022_1_1_1	30532_1_1_1	4000305.0	4000399.0	94.0	strict	53022_1_1_1	61.0	5.0	0.0	1.64
53022_1_1_1	53011_1_1_1	30532_1_1_1	4000305.0	4000399.0	94.0	strict	53011_1_1_1	61.0	5.0	0.0	2.6
53022_1_1_1	26632_1_1_1	30532_1_1_1	4000285.0	4000399.0	114.0	strict	26632_1_1_1	57.0	5.0	0.0	1.61
53022_1_1_1	26630_1_1_1	30532_1_1_1	4000280.0	4000399.0	119.0	strict	26630_1_1_1	56.0	5.0	0.0	1.63
53022_1_1_1	50909_1_1_1	30532_1_1_1	4000265.0	4000399.0	134.0	strict	50909_1_1_1	53.0	5.0	0.0	1.91
53022_1_1_1	52448_1_1_1	30532_1_1_1	3000372.0	4000399.0	1000027.0	moderate	52448_1_1_1	62.0	6.0	0.0	1.7
53022_1_1_1	7280_1_1_1	30532_1_1_1	3000336.0	4000399.0	1000063.0	moderate	7280_1_1_1	56.0	6.0	0.0	1.28
53022_1_1_1	5875_1_1_1	30532_1_1_1	3000324.0	4000399.0	1000075.0	moderate	5875_1_1_1	54.0	6.0	0.0	1.15
53022_1_1_1	53003_1_1_1	30532_1_1_1	3000230.0	4000399.0	1000169.0	moderate	53003_1_1_1	46.0	5.0	0.0	2.96
53022_1_1_1	1639_1_1_1	30532_1_1_1	3000186.0	4000399.0	1000213.0	moderate	1639_1_1_1	62.0	3.0	0.0	0.0
53022_1_1_1	34700_1_1_1	30532_1_1_1	3000165.0	4000399.0	1000234.0	moderate	34700_1_1_1	55.0	3.0	0.0	0.0
53022_1_1_1	5151_1_1_1	30532_1_1_1	3000165.0	4000399.0	1000234.0	moderate	5151_1_1_1	55.0	3.0	0.0	0.0
53022_1_1_1	2575_1_1_1	30532_1_1_1	3000162.0	4000399.0	1000237.0	moderate	2575_1_1_1	54.0	3.0	0.0	0.0
53022_1_1_1	26716_5_1_1	30532_1_1_1	3000162.0	4000399.0	1000237.0	moderate	26716_5_1_1	54.0	3.0	0.0	0.0
53022_1_1_1	31116_1_1_1	30532_1_1_1	3000159.0	4000399.0	1000240.0	moderate	31116_1_1_1	53.0	3.0	0.0	0.0
53022_1_1_1	5152_1_1_1	30532_1_1_1	3000159.0	4000399.0	1000240.0	moderate	5152_1_1_1	53.0	3.0	0.0	0.0
53022_1_1_1	5654_1_1_1	30532_1_1_1	2000324.0	4000399.0	2000075.0	tolerant	5654_1_1_1	54.0	6.0	0.0	2.06
53022_1_1_1	31031_1_1_1	30532_1_1_1	2000153.0	4000399.0	2000246.0	tolerant	31031_1_1_1	51.0	3.0	0.0	0.0
53022_1_1_1	27562_1_1_1	30532_1_1_1	1000255.0	4000399.0	3000144.0	unfiltered	27562_1_1_1	51.0	5.0	0.0	3.01
53022_1_1_1	53330_1_1_1	30532_1_1_1	1000205.0	4000399.0	3000194.0	unfiltered	53330_1_1_1	41.0	5.0	0.0	1.57
53024_2_1_1	53024_2_1_1	53024_2_1_1	2000494.0	2000494.0	0.0	tolerant	53024_2_1_1	247.0	2.0	0.0	0.0
53037_1_1_1	53037_1_1_1	53037_1_1_1	2000387.4515200788	2000387.4515200788	0.0	tolerant	53037_1_1_1	78.0	5.0	2.5484799211	2.88
53082_1_1_1	53082_1_1_1	53082_1_1_1	3000819.0	3000819.0	0.0	moderate	53082_1_1_1	117.0	7.0	0.0	0.36
53091_1_1_1	53021_1_1_1	53021_1_1_1	3000753.9013191387	3000753.9013191387	0.0	moderate	53021_1_1_1	108.0	7.0	2.0986808612	1.09
53091_1_1_1	53091_1_1_1	53021_1_1_1	3000373.1982118366	3000753.9013191387	380.7031073020771	moderate	53091_1_1_1	94.0	4.0	2.8017881634	1.53
5311_1_1_1	5311_1_1_1	5311_1_1_1	3000721.0	3000721.0	0.0	moderate	5311_1_1_1	103.0	7.0	0.0	2.07
53124_1_1_1	53124_1_1_1	53124_1_1_1	4000775.0	4000775.0	0.0	strict	53124_1_1_1	155.0	5.0	0.0	2.89
53125_1_1_1	53125_1_1_1	53125_1_1_1	3000470.0	3000470.0	0.0	moderate	53125_1_1_1	94.0	5.0	0.0	0.64
53127_1_1_1	53127_1_1_1	53127_1_1_1	3001692.0864982978	3001692.0864982978	0.0	moderate	53127_1_1_1	339.0	5.0	2.9135017022	0.97
53128_1_1_1	53128_1_1_1	53128_1_1_1	2000621.4274550125	2000621.4274550125	0.0	tolerant	53128_1_1_1	156.0	4.0	2.5725449876	1.36
53131_1_1_1	53131_1_1_1	53131_1_1_1	3000836.0	3000836.0	0.0	moderate	53131_1_1_1	209.0	4.0	0.0	1.36
5316_1_1_1	5316_1_1_1	5316_1_1_1	3001972.5793148447	3001972.5793148447	0.0	moderate	5316_1_1_1	282.0	7.0	1.4206851552	0.57
5317_1_1_1	5317_1_1_1	5317_1_1_1	2000393.4713003396	2000393.4713003396	0.0	tolerant	5317_1_1_1	66.0	6.0	2.5286996604	2.28
5318_1_1_1	5318_1_1_1	5318_1_1_1	2000194.0	2000194.0	0.0	tolerant	5318_1_1_1	97.0	2.0	0.0	0.0
53204_1_1_1	53204_1_1_1	53204_1_1_1	4000505.0	4000505.0	0.0	strict	53204_1_1_1	101.0	5.0	0.0	2.84
53204_1_1_1	6564_1_1_1	53204_1_1_1	2000588.066817872	4000505.0	1999916.933182128	tolerant	6564_1_1_1	118.0	5.0	1.9331821279	0.95
53226_1_1_1	53226_1_1_1	53226_1_1_1	3000543.2716795886	3000543.2716795886	0.0	moderate	53226_1_1_1	91.0	6.0	2.7283204114	1.91
5322_1_1_1	5322_1_1_1	5322_1_1_1	3000198.0	3000198.0	0.0	moderate	5322_1_1_1	66.0	3.0	0.0	0.0
5322_1_1_1	4391_1_1_1	5322_1_1_1	2000384.0	3000198.0	999814.0	tolerant	4391_1_1_1	64.0	6.0	0.0	4.65
53231_1_1_1	53231_1_1_1	53231_1_1_1	3000470.0	3000470.0	0.0	moderate	53231_1_1_1	94.0	5.0	0.0	0.93
5323_1_1_1	5323_1_1_1	5323_1_1_1	3000328.0	3000328.0	0.0	moderate	5323_1_1_1	82.0	4.0	0.0	0.0
53245_1_1_1	53245_1_1_1	53245_1_1_1	2000256.112431397	2000256.112431397	0.0	tolerant	53245_1_1_1	43.0	6.0	1.887568603	1.62
53248_1_1_1	53248_1_1_1	53248_1_1_1	2000274.0	2000274.0	0.0	tolerant	53248_1_1_1	137.0	2.0	0.0	0.0
53249_1_1_1	53249_1_1_1	53249_1_1_1	2000174.0	2000174.0	0.0	tolerant	53249_1_1_1	87.0	2.0	0.0	0.0
5324_1_1_1	5324_1_1_1	5324_1_1_1	3000948.0	3000948.0	0.0	moderate	5324_1_1_1	158.0	6.0	0.0	3.67
5325_1_1_1	5325_1_1_1	5325_1_1_1	3000201.0	3000201.0	0.0	moderate	5325_1_1_1	67.0	3.0	0.0	0.0
5325_1_1_1	4977_1_1_1	5325_1_1_1	2000260.0	3000201.0	999941.0	tolerant	4977_1_1_1	65.0	4.0	0.0	0.0
53260_1_1_1	53260_1_1_1	53260_1_1_1	2000221.478469909	2000221.478469909	0.0	tolerant	53260_1_1_1	74.0	3.0	0.521530091	1.95
53286_1_1_1	53286_1_1_1	53286_1_1_1	2000669.8317023425	2000669.8317023425	0.0	tolerant	53286_1_1_1	168.0	4.0	2.1682976577	1.51
53287_1_1_1	53287_1_1_1	53287_1_1_1	4000910.0	4000910.0	0.0	strict	53287_1_1_1	130.0	7.0	0.0	3.37
5328_1_1_1	5328_1_1_1	5328_1_1_1	3000623.0	3000623.0	0.0	moderate	5328_1_1_1	89.0	7.0	0.0	0.54
53299_1_1_1	53299_1_1_1	53299_1_1_1	2000561.0	2000561.0	0.0	tolerant	53299_1_1_1	187.0	3.0	0.0	0.94
53306_1_1_1	53304_1_1_1	53304_1_1_1	4000861.0	4000861.0	0.0	strict	53304_1_1_1	123.0	7.0	0.0	2.13
53306_1_1_1	53306_1_1_1	53304_1_1_1	4000605.0	4000861.0	256.0	strict	53306_1_1_1	121.0	5.0	0.0	2.21
53309_1_1_1	53309_1_1_1	53309_1_1_1	2000140.3245462263	2000140.3245462263	0.0	tolerant	53309_1_1_1	71.0	2.0	1.6754537734	0.0
53315_1_1_1	53315_1_1_1	53315_1_1_1	1000200.0	1000200.0	0.0	unfiltered	53315_1_1_1	50.0	4.0	0.0	1.13
53318_1_1_1	53318_1_1_1	53318_1_1_1	2000261.4481996945	2000261.4481996945	0.0	tolerant	53318_1_1_1	66.0	4.0	2.5518003057	1.28
53319_1_1_1	53319_1_1_1	53319_1_1_1	2000838.3040981928	2000838.3040981928	0.0	tolerant	53319_1_1_1	210.0	4.0	1.6959018074	1.35
53327_1_1_1	53327_1_1_1	53327_1_1_1	3000120.0	3000120.0	0.0	moderate	53327_1_1_1	20.0	6.0	0.0	0.0
53339_1_1_1	53339_1_1_1	53339_1_1_1	2000201.2401185583	2000201.2401185583	0.0	tolerant	53339_1_1_1	51.0	4.0	2.7598814417	1.46
5334_1_1_1	4649_1_1_1	4649_1_1_1	3000924.0	3000924.0	0.0	moderate	4649_1_1_1	132.0	7.0	0.0	1.04
5334_1_1_1	5334_1_1_1	4649_1_1_1	3000903.0	3000924.0	21.0	moderate	5334_1_1_1	129.0	7.0	0.0	0.6
53356_1_1_1	53356_1_1_1	53356_1_1_1	2000120.0	2000120.0	0.0	tolerant	53356_1_1_1	60.0	2.0	0.0	2.05
53369_1_1_1	53369_1_1_1	53369_1_1_1	2001021.7563226824	2001021.7563226824	0.0	tolerant	53369_1_1_1	341.0	3.0	1.2436773174	2.17
53375_1_1_1	53375_1_1_1	53375_1_1_1	2000406.022026768	2000406.022026768	0.0	tolerant	53375_1_1_1	136.0	3.0	1.9779732317	0.78
53376_1_1_1	53376_1_1_1	53376_1_1_1	1000580.7163037576	1000580.7163037576	0.0	unfiltered	53376_1_1_1	117.0	5.0	4.2836962423	1.65
53385_1_1_1	53385_1_1_1	53385_1_1_1	2000217.3419432312	2000217.3419432312	0.0	tolerant	53385_1_1_1	55.0	4.0	2.6580567688	1.3
5338_1_1_1	5338_1_1_1	5338_1_1_1	3000156.0	3000156.0	0.0	moderate	5338_1_1_1	39.0	4.0	0.0	0.0
53392_1_1_1	53392_1_1_1	53392_1_1_1	3001211.0	3001211.0	0.0	moderate	53392_1_1_1	173.0	7.0	0.0	3.34
53396_1_1_1	53396_1_1_1	53396_1_1_1	3000550.079545563	3000550.079545563	0.0	moderate	53396_1_1_1	79.0	7.0	2.9204544369	0.91
53398_1_1_1	53398_1_1_1	53398_1_1_1	2000480.0	2000480.0	0.0	tolerant	53398_1_1_1	80.0	6.0	0.0	0.73
53400_1_1_1	53400_1_1_1	53400_1_1_1	2000190.3376531452	2000190.3376531452	0.0	tolerant	53400_1_1_1	64.0	3.0	1.6623468547	2.01
5340_1_1_1	5340_1_1_1	5340_1_1_1	3000892.113387268	3000892.113387268	0.0	moderate	5340_1_1_1	179.0	5.0	2.8866127318	0.79
5341_1_1_1	5341_1_1_1	5341_1_1_1	3000604.0	3000604.0	0.0	moderate	5341_1_1_1	151.0	4.0	0.0	0.0
5348_1_1_1	5348_1_1_1	5348_1_1_1	2000159.0	2000159.0	0.0	tolerant	5348_1_1_1	53.0	3.0	0.0	0.0
5350_1_1_1	5350_1_1_1	5350_1_1_1	3000725.0	3000725.0	0.0	moderate	5350_1_1_1	145.0	5.0	0.0	0.0
5354_1_1_1	5354_1_1_1	5354_1_1_1	3000774.2683423953	3000774.2683423953	0.0	moderate	5354_1_1_1	111.0	7.0	2.7316576045	0.86
5356_1_1_1	5356_1_1_1	5356_1_1_1	3000455.0	3000455.0	0.0	moderate	5356_1_1_1	65.0	7.0	0.0	0.89
5356_1_1_1	19668_1_1_1	5356_1_1_1	3000455.0	3000455.0	0.0	moderate	19668_1_1_1	65.0	7.0	0.0	0.78
5360_1_1_1	5360_1_1_1	5360_1_1_1	3000213.0	3000213.0	0.0	moderate	5360_1_1_1	71.0	3.0	0.0	0.0
5364_1_1_1	5364_1_1_1	5364_1_1_1	3000195.0	3000195.0	0.0	moderate	5364_1_1_1	65.0	3.0	0.0	0.0
5366_1_1_1	5366_1_1_1	5366_1_1_1	3000812.0	3000812.0	0.0	moderate	5366_1_1_1	116.0	7.0	0.0	2.07
5373_1_1_1	5373_1_1_1	5373_1_1_1	3000777.0	3000777.0	0.0	moderate	5373_1_1_1	111.0	7.0	0.0	2.38
5374_1_1_1	5374_1_1_1	5374_1_1_1	2000489.706734261	2000489.706734261	0.0	tolerant	5374_1_1_1	123.0	4.0	2.2932657391	0.0
5382_1_1_1	5382_1_1_1	5382_1_1_1	3001030.0	3001030.0	0.0	moderate	5382_1_1_1	206.0	5.0	0.0	0.0
5383_1_1_1	5383_1_1_1	5383_1_1_1	3000180.0	3000180.0	0.0	moderate	5383_1_1_1	60.0	3.0	0.0	0.0
5390_1_1_1	5390_1_1_1	5390_1_1_1	2000165.6237517707	2000165.6237517707	0.0	tolerant	5390_1_1_1	56.0	3.0	2.3762482292	0.19
5390_1_1_1	4802_1_1_1	5390_1_1_1	1000364.5197563788	2000165.6237517707	999801.1039953919	unfiltered	4802_1_1_1	62.0	6.0	7.4802436212	1.0
5391_1_1_1	5391_1_1_1	5391_1_1_1	3000691.2649416714	3000691.2649416714	0.0	moderate	5391_1_1_1	99.0	7.0	1.7350583284	0.92
5392_1_1_1	5392_1_1_1	5392_1_1_1	2000489.4505958948	2000489.4505958948	0.0	tolerant	5392_1_1_1	82.0	6.0	2.5494041051	1.18
5393_1_1_1	5393_1_1_1	5393_1_1_1	3001211.0	3001211.0	0.0	moderate	5393_1_1_1	173.0	7.0	0.0	1.97
5398_1_1_1	5398_1_1_1	5398_1_1_1	3001288.0	3001288.0	0.0	moderate	5398_1_1_1	184.0	7.0	0.0	0.28
5399_1_1_1	5399_1_1_1	5399_1_1_1	3000662.134718911	3000662.134718911	0.0	moderate	5399_1_1_1	95.0	7.0	2.8652810891	0.54
5402_1_1_1	5402_1_1_1	5402_1_1_1	3000770.0	3000770.0	0.0	moderate	5402_1_1_1	110.0	7.0	0.0	0.93
5407_1_1_1	5407_1_1_1	5407_1_1_1	3000742.0	3000742.0	0.0	moderate	5407_1_1_1	106.0	7.0	0.0	3.11
5408_1_1_1	5408_1_1_1	5408_1_1_1	2000244.7077977348	2000244.7077977348	0.0	tolerant	5408_1_1_1	82.0	3.0	1.2922022652	0.0
5409_1_1_1	5409_1_1_1	5409_1_1_1	2000792.0	2000792.0	0.0	tolerant	5409_1_1_1	198.0	4.0	0.0	1.61
5456_1_1_1	5456_1_1_1	5456_1_1_1	3000772.0	3000772.0	0.0	moderate	5456_1_1_1	193.0	4.0	0.0	1.34
5458_1_1_1	5458_1_1_1	5458_1_1_1	3000910.0	3000910.0	0.0	moderate	5458_1_1_1	182.0	5.0	0.0	0.73
5459_1_1_1	5459_1_1_1	5459_1_1_1	3000371.0	3000371.0	0.0	moderate	5459_1_1_1	53.0	7.0	0.0	0.48
5462_1_1_1	5462_1_1_1	5462_1_1_1	3001195.0	3001195.0	0.0	moderate	5462_1_1_1	239.0	5.0	0.0	1.41
5463_1_1_1	5463_1_1_1	5463_1_1_1	3000057.0	3000057.0	0.0	moderate	5463_1_1_1	19.0	3.0	0.0	0.0
5463_1_1_1	20080_1_1_1	5463_1_1_1	3000057.0	3000057.0	0.0	moderate	20080_1_1_1	19.0	3.0	0.0	0.0
5465_1_1_1	5465_1_1_1	5465_1_1_1	3000574.0	3000574.0	0.0	moderate	5465_1_1_1	82.0	7.0	0.0	0.16
5465_1_1_1	5951_1_1_1	5465_1_1_1	3000288.0	3000574.0	286.0	moderate	5951_1_1_1	72.0	4.0	0.0	0.0
5467_1_1_1	5467_1_1_1	5467_1_1_1	3000595.0	3000595.0	0.0	moderate	5467_1_1_1	85.0	7.0	0.0	0.99
5468_1_1_1	5468_1_1_1	5468_1_1_1	3001548.0	3001548.0	0.0	moderate	5468_1_1_1	258.0	6.0	0.0	1.18
5471_1_1_1	5471_1_1_1	5471_1_1_1	3003515.0	3003515.0	0.0	moderate	5471_1_1_1	703.0	5.0	0.0	0.78
5481_1_1_1	5481_1_1_1	5481_1_1_1	3000497.0	3000497.0	0.0	moderate	5481_1_1_1	71.0	7.0	0.0	1.73
5481_1_1_1	11245_1_1_1	5481_1_1_1	2000550.0362860616	3000497.0	999946.9637139384	tolerant	11245_1_1_1	92.0	6.0	1.9637139384	1.33
5482_1_1_1	5482_1_1_1	5482_1_1_1	3000663.3687273897	3000663.3687273897	0.0	moderate	5482_1_1_1	111.0	6.0	2.6312726105	0.49
5484_1_1_1	5484_1_1_1	5484_1_1_1	3000725.0	3000725.0	0.0	moderate	5484_1_1_1	145.0	5.0	0.0	1.02
5485_1_1_1	5485_1_1_1	5485_1_1_1	3000588.0	3000588.0	0.0	moderate	5485_1_1_1	98.0	6.0	0.0	1.76
5491_1_1_1	5491_1_1_1	5491_1_1_1	2000135.0180140112	2000135.0180140112	0.0	tolerant	5491_1_1_1	34.0	4.0	0.9819859886	0.0
5492_1_1_1	4259_1_1_1	4259_1_1_1	3000564.0	3000564.0	0.0	moderate	4259_1_1_1	94.0	6.0	0.0	0.0
5492_1_1_1	5492_1_1_1	4259_1_1_1	3000360.0	3000564.0	204.0	moderate	5492_1_1_1	90.0	4.0	0.0	0.0
5493_1_1_1	5493_1_1_1	5493_1_1_1	3000535.0	3000535.0	0.0	moderate	5493_1_1_1	107.0	5.0	0.0	0.56
5497_1_1_1	5497_1_1_1	5497_1_1_1	3000854.0	3000854.0	0.0	moderate	5497_1_1_1	122.0	7.0	0.0	0.96
5499_1_1_1	5499_1_1_1	5499_1_1_1	3000623.0	3000623.0	0.0	moderate	5499_1_1_1	89.0	7.0	0.0	0.8
5501_1_1_1	5501_1_1_1	5501_1_1_1	2000044.0	2000044.0	0.0	tolerant	5501_1_1_1	22.0	2.0	0.0	0.0
5503_1_1_1	5503_1_1_1	5503_1_1_1	3000234.0	3000234.0	0.0	moderate	5503_1_1_1	78.0	3.0	0.0	0.0
5506_1_1_1	5506_1_1_1	5506_1_1_1	3000762.0	3000762.0	0.0	moderate	5506_1_1_1	127.0	6.0	0.0	2.85
5512_1_1_1	16310_1_1_1	16310_1_1_1	3000720.0	3000720.0	0.0	moderate	16310_1_1_1	120.0	6.0	0.0	2.37
5512_1_1_1	5512_1_1_1	16310_1_1_1	3000369.0	3000720.0	351.0	moderate	5512_1_1_1	123.0	3.0	0.0	0.0
5513_1_1_1	4965_1_1_1	4965_1_1_1	3000998.976335416	3000998.976335416	0.0	moderate	4965_1_1_1	143.0	7.0	2.0236645837	0.19
5513_1_1_1	5513_1_1_1	4965_1_1_1	3000952.0	3000998.976335416	46.97633541608229	moderate	5513_1_1_1	136.0	7.0	0.0	2.09
5515_1_1_1	5515_1_1_1	5515_1_1_1	3000578.639131385	3000578.639131385	0.0	moderate	5515_1_1_1	83.0	7.0	2.3608686149	0.5
5516_1_1_1	5516_1_1_1	5516_1_1_1	2000868.0	2000868.0	0.0	tolerant	5516_1_1_1	124.0	7.0	0.0	1.45
5524_1_1_1	5524_1_1_1	5524_1_1_1	3000798.0	3000798.0	0.0	moderate	5524_1_1_1	114.0	7.0	0.0	0.98
5534_1_1_1	5534_1_1_1	5534_1_1_1	3000335.0	3000335.0	0.0	moderate	5534_1_1_1	67.0	5.0	0.0	0.1
5535_1_1_1	5535_1_1_1	5535_1_1_1	3000214.570627403	3000214.570627403	0.0	moderate	5535_1_1_1	72.0	3.0	1.429372597	0.0
5538_1_1_1	5538_1_1_1	5538_1_1_1	3000749.0	3000749.0	0.0	moderate	5538_1_1_1	107.0	7.0	0.0	0.64
5539_1_1_1	5539_1_1_1	5539_1_1_1	2000417.8474058944	2000417.8474058944	0.0	tolerant	5539_1_1_1	70.0	6.0	2.1525941058	1.1
5541_1_1_1	5541_1_1_1	5541_1_1_1	3000528.0	3000528.0	0.0	moderate	5541_1_1_1	132.0	4.0	0.0	0.0
5547_1_1_1	5547_1_1_1	5547_1_1_1	3001235.0	3001235.0	0.0	moderate	5547_1_1_1	247.0	5.0	0.0	3.65
554_1_1_1	554_1_1_1	554_1_1_1	2000057.0	2000057.0	0.0	tolerant	554_1_1_1	19.0	3.0	0.0	0.0
554_1_1_1	1442_1_1_1	554_1_1_1	2000057.0	2000057.0	0.0	tolerant	1442_1_1_1	19.0	3.0	0.0	0.0
554_1_1_1	1585_1_1_1	554_1_1_1	1000057.0	2000057.0	1000000.0	unfiltered	1585_1_1_1	19.0	3.0	0.0	0.0
5551_1_1_1	5551_1_1_1	5551_1_1_1	3000198.0	3000198.0	0.0	moderate	5551_1_1_1	66.0	3.0	0.0	0.0
5554_1_1_1	15020_1_1_1	15020_1_1_1	3000973.0	3000973.0	0.0	moderate	15020_1_1_1	139.0	7.0	0.0	1.59
5554_1_1_1	5554_1_1_1	15020_1_1_1	3000882.0	3000973.0	91.0	moderate	5554_1_1_1	126.0	7.0	0.0	1.4
5557_2_1_1	5557_2_1_1	5557_2_1_1	3000800.0	3000800.0	0.0	moderate	5557_2_1_1	160.0	5.0	0.0	1.07
5558_1_1_1	5558_1_1_1	5558_1_1_1	2000465.0	2000465.0	0.0	tolerant	5558_1_1_1	93.0	5.0	0.0	2.39
5560_1_1_1	5560_1_1_1	5560_1_1_1	3000763.0	3000763.0	0.0	moderate	5560_1_1_1	109.0	7.0	0.0	1.11
5561_1_1_1	5561_1_1_1	5561_1_1_1	3000316.0	3000316.0	0.0	moderate	5561_1_1_1	79.0	4.0	0.0	0.0
5563_1_1_1	5563_1_1_1	5563_1_1_1	2000441.1021904508	2000441.1021904508	0.0	tolerant	5563_1_1_1	74.0	6.0	2.8978095492	2.09
5564_1_1_1	5564_1_1_1	5564_1_1_1	3000882.0	3000882.0	0.0	moderate	5564_1_1_1	126.0	7.0	0.0	2.81
5566_1_1_1	5566_1_1_1	5566_1_1_1	3001077.651831659	3001077.651831659	0.0	moderate	5566_1_1_1	180.0	6.0	2.3481683409	0.92
5567_1_1_1	5567_1_1_1	5567_1_1_1	3000696.0	3000696.0	0.0	moderate	5567_1_1_1	116.0	6.0	0.0	0.29
5568_1_1_1	5568_1_1_1	5568_1_1_1	3000693.0	3000693.0	0.0	moderate	5568_1_1_1	99.0	7.0	0.0	1.48
5570_1_1_1	5570_1_1_1	5570_1_1_1	3001141.0	3001141.0	0.0	moderate	5570_1_1_1	163.0	7.0	0.0	1.72
5573_1_1_1	5573_1_1_1	5573_1_1_1	3000616.0	3000616.0	0.0	moderate	5573_1_1_1	88.0	7.0	0.0	3.15
5577_1_1_1	5577_1_1_1	5577_1_1_1	3001194.0	3001194.0	0.0	moderate	5577_1_1_1	199.0	6.0	0.0	0.81
5579_1_1_1	5579_1_1_1	5579_1_1_1	3000924.0	3000924.0	0.0	moderate	5579_1_1_1	132.0	7.0	0.0	5.2
5579_1_1_1	4681_1_1_1	5579_1_1_1	3000924.0	3000924.0	0.0	moderate	4681_1_1_1	132.0	7.0	0.0	5.59
5579_1_1_1	5048_1_1_1	5579_1_1_1	3000508.0	3000924.0	416.0	moderate	5048_1_1_1	127.0	4.0	0.0	0.0
5580_1_1_1	5580_1_1_1	5580_1_1_1	1000039.0	1000039.0	0.0	unfiltered	5580_1_1_1	13.0	3.0	0.0	0.0
5583_1_1_1	5583_1_1_1	5583_1_1_1	3000189.0	3000189.0	0.0	moderate	5583_1_1_1	63.0	3.0	0.0	0.0
5589_1_1_1	5589_1_1_1	5589_1_1_1	3000882.0	3000882.0	0.0	moderate	5589_1_1_1	126.0	7.0	0.0	0.43
5590_1_1_1	11038_1_1_1	11038_1_1_1	3000823.5675153127	3000823.5675153127	0.0	moderate	11038_1_1_1	118.0	7.0	2.4324846871	2.12
5590_1_1_1	5590_1_1_1	11038_1_1_1	3000812.0	3000823.5675153127	11.567515312694013	moderate	5590_1_1_1	116.0	7.0	0.0	2.12
5591_1_1_1	5591_1_1_1	5591_1_1_1	3000658.0	3000658.0	0.0	moderate	5591_1_1_1	94.0	7.0	0.0	1.81
5594_1_1_1	5594_1_1_1	5594_1_1_1	3000294.0	3000294.0	0.0	moderate	5594_1_1_1	49.0	6.0	0.0	2.9
5595_1_1_1	5595_1_1_1	5595_1_1_1	3001159.7422900037	3001159.7422900037	0.0	moderate	5595_1_1_1	166.0	7.0	2.2577099962	0.14
5596_1_1_1	5596_1_1_1	5596_1_1_1	3000721.0	3000721.0	0.0	moderate	5596_1_1_1	103.0	7.0	0.0	0.94
5598_1_1_1	5598_1_1_1	5598_1_1_1	3000690.6631145445	3000690.6631145445	0.0	moderate	5598_1_1_1	99.0	7.0	2.3368854557	0.39
5602_1_1_1	5602_1_1_1	5602_1_1_1	3000980.0	3000980.0	0.0	moderate	5602_1_1_1	140.0	7.0	0.0	2.69
5603_1_1_1	5603_1_1_1	5603_1_1_1	3000642.024716849	3000642.024716849	0.0	moderate	5603_1_1_1	92.0	7.0	1.9752831509	0.24
5604_1_1_1	5604_1_1_1	5604_1_1_1	3000284.0	3000284.0	0.0	moderate	5604_1_1_1	71.0	4.0	0.0	0.0
5606_1_1_1	5606_1_1_1	5606_1_1_1	3000896.0	3000896.0	0.0	moderate	5606_1_1_1	128.0	7.0	0.0	0.51
5607_1_1_1	5607_1_1_1	5607_1_1_1	3000104.0	3000104.0	0.0	moderate	5607_1_1_1	26.0	4.0	0.0	0.0
5607_1_1_1	4432_1_1_1	5607_1_1_1	3000063.0	3000104.0	41.0	moderate	4432_1_1_1	21.0	3.0	0.0	0.0
5607_1_1_1	4433_1_1_1	5607_1_1_1	3000063.0	3000104.0	41.0	moderate	4433_1_1_1	21.0	3.0	0.0	0.0
5610_1_1_1	5610_1_1_1	5610_1_1_1	1000245.0	1000245.0	0.0	unfiltered	5610_1_1_1	35.0	7.0	0.0	1.14
5615_1_1_1	5615_1_1_1	5615_1_1_1	3000641.4314740147	3000641.4314740147	0.0	moderate	5615_1_1_1	92.0	7.0	2.5685259855	0.79
5616_1_1_1	5616_1_1_1	5616_1_1_1	2000385.0	2000385.0	0.0	tolerant	5616_1_1_1	77.0	5.0	0.0	2.32
5617_1_1_1	5617_1_1_1	5617_1_1_1	3000177.0	3000177.0	0.0	moderate	5617_1_1_1	59.0	3.0	0.0	0.0
5617_1_1_1	7078_1_1_1	5617_1_1_1	2000195.0	3000177.0	999982.0	tolerant	7078_1_1_1	65.0	3.0	0.0	0.0
5620_1_1_1	5691_1_1_1	5691_1_1_1	2000372.5044055523	2000372.5044055523	0.0	tolerant	5691_1_1_1	75.0	5.0	2.4955944475	1.46
5620_1_1_1	5620_1_1_1	5691_1_1_1	2000312.5698374603	2000372.5044055523	59.93456809199415	tolerant	5620_1_1_1	63.0	5.0	2.4301625394	1.83
5621_1_1_1	5621_1_1_1	5621_1_1_1	2000232.0	2000232.0	0.0	tolerant	5621_1_1_1	58.0	4.0	0.0	1.28
5622_1_1_1	5622_1_1_1	5622_1_1_1	3000581.0	3000581.0	0.0	moderate	5622_1_1_1	83.0	7.0	0.0	1.42
5622_1_1_1	4817_1_1_1	5622_1_1_1	3000480.0	3000581.0	101.0	moderate	4817_1_1_1	80.0	6.0	0.0	0.49
5623_1_1_1	5623_1_1_1	5623_1_1_1	3000896.0	3000896.0	0.0	moderate	5623_1_1_1	128.0	7.0	0.0	0.08
5624_1_1_1	5624_1_1_1	5624_1_1_1	3000774.2666389653	3000774.2666389653	0.0	moderate	5624_1_1_1	111.0	7.0	2.7333610345	1.14
5626_1_1_1	5626_1_1_1	5626_1_1_1	3000628.0	3000628.0	0.0	moderate	5626_1_1_1	157.0	4.0	0.0	0.0
5628_1_1_1	5628_1_1_1	5628_1_1_1	3000960.0	3000960.0	0.0	moderate	5628_1_1_1	160.0	6.0	0.0	0.42
5629_1_1_1	5629_1_1_1	5629_1_1_1	3000760.0009768987	3000760.0009768987	0.0	moderate	5629_1_1_1	109.0	7.0	2.9990231012	0.34
5630_1_1_1	5630_1_1_1	5630_1_1_1	3001022.0	3001022.0	0.0	moderate	5630_1_1_1	146.0	7.0	0.0	0.45
5650_1_1_1	5650_1_1_1	5650_1_1_1	2000564.0	2000564.0	0.0	tolerant	5650_1_1_1	94.0	6.0	0.0	2.06
5651_1_1_1	5651_1_1_1	5651_1_1_1	2000106.0	2000106.0	0.0	tolerant	5651_1_1_1	53.0	2.0	0.0	0.0
5652_1_1_1	5652_1_1_1	5652_1_1_1	2000120.0	2000120.0	0.0	tolerant	5652_1_1_1	40.0	3.0	0.0	0.0
5653_1_1_1	5653_1_1_1	5653_1_1_1	3000532.0	3000532.0	0.0	moderate	5653_1_1_1	76.0	7.0	0.0	0.52
5657_1_1_1	5657_1_1_1	5657_1_1_1	2000352.8004305812	2000352.8004305812	0.0	tolerant	5657_1_1_1	118.0	3.0	1.1995694187	1.27
5658_1_1_1	5658_1_1_1	5658_1_1_1	3000780.0	3000780.0	0.0	moderate	5658_1_1_1	156.0	5.0	0.0	0.85
5659_1_1_1	5659_1_1_1	5659_1_1_1	3001253.0	3001253.0	0.0	moderate	5659_1_1_1	179.0	7.0	0.0	1.85
5661_1_1_1	5661_1_1_1	5661_1_1_1	3000666.0	3000666.0	0.0	moderate	5661_1_1_1	111.0	6.0	0.0	0.84
5662_1_1_1	5663_1_1_1	5663_1_1_1	3000679.0	3000679.0	0.0	moderate	5663_1_1_1	97.0	7.0	0.0	0.83
5662_1_1_1	5662_1_1_1	5663_1_1_1	3000570.0	3000679.0	109.0	moderate	5662_1_1_1	95.0	6.0	0.0	1.26
5662_1_1_1	5175_1_1_1	5663_1_1_1	3000504.0	3000679.0	175.0	moderate	5175_1_1_1	84.0	6.0	0.0	1.22
5664_1_1_1	5664_1_1_1	5664_1_1_1	3000370.8565819925	3000370.8565819925	0.0	moderate	5664_1_1_1	93.0	4.0	1.1434180075	0.0
5665_1_1_1	5665_1_1_1	5665_1_1_1	3000329.0	3000329.0	0.0	moderate	5665_1_1_1	47.0	7.0	0.0	1.7
5673_1_1_1	23_1_1_1	23_1_1_1	3000081.0	3000081.0	0.0	moderate	23_1_1_1	27.0	3.0	0.0	0.0
5673_1_1_1	5673_1_1_1	23_1_1_1	3000078.0	3000081.0	3.0	moderate	5673_1_1_1	26.0	3.0	0.0	0.0
5677_1_1_1	5677_1_1_1	5677_1_1_1	3000966.0	3000966.0	0.0	moderate	5677_1_1_1	138.0	7.0	0.0	1.03
5677_1_1_1	17974_1_1_1	5677_1_1_1	3000792.0	3000966.0	174.0	moderate	17974_1_1_1	132.0	6.0	0.0	2.95
5677_1_1_1	5924_1_1_1	5677_1_1_1	3000750.0	3000966.0	216.0	moderate	5924_1_1_1	125.0	6.0	0.0	2.65
5677_1_1_1	5266_1_1_1	5677_1_1_1	3000544.0	3000966.0	422.0	moderate	5266_1_1_1	136.0	4.0	0.0	0.75
5677_1_1_1	28012_1_1_1	5677_1_1_1	2000909.4645214304	3000966.0	1000056.5354785696	tolerant	28012_1_1_1	152.0	6.0	2.5354785698	0.81
5678_1_1_1	5678_1_1_1	5678_1_1_1	3001064.0	3001064.0	0.0	moderate	5678_1_1_1	152.0	7.0	0.0	2.59
5679_1_1_1	5772_1_1_1	5772_1_1_1	3000938.0	3000938.0	0.0	moderate	5772_1_1_1	134.0	7.0	0.0	1.66
5679_1_1_1	5679_1_1_1	5772_1_1_1	3000889.0	3000938.0	49.0	moderate	5679_1_1_1	127.0	7.0	0.0	3.01
5682_1_1_1	5682_1_1_1	5682_1_1_1	3000385.0	3000385.0	0.0	moderate	5682_1_1_1	55.0	7.0	0.0	1.6
5683_1_1_1	5683_1_1_1	5683_1_1_1	3000798.0	3000798.0	0.0	moderate	5683_1_1_1	114.0	7.0	0.0	2.45
5686_1_1_1	5686_1_1_1	5686_1_1_1	3001519.0	3001519.0	0.0	moderate	5686_1_1_1	217.0	7.0	0.0	1.62
5687_1_1_1	5687_1_1_1	5687_1_1_1	3000700.0	3000700.0	0.0	moderate	5687_1_1_1	100.0	7.0	0.0	0.7
5687_1_1_1	15437_1_1_1	5687_1_1_1	3000700.0	3000700.0	0.0	moderate	15437_1_1_1	100.0	7.0	0.0	0.69
5688_1_1_1	5688_1_1_1	5688_1_1_1	3000618.0	3000618.0	0.0	moderate	5688_1_1_1	103.0	6.0	0.0	0.0
5695_1_1_1	5695_1_1_1	5695_1_1_1	3000602.0	3000602.0	0.0	moderate	5695_1_1_1	86.0	7.0	0.0	0.69
5696_1_1_1	10061_1_1_1	10061_1_1_1	3000609.0	3000609.0	0.0	moderate	10061_1_1_1	87.0	7.0	0.0	0.81
5696_1_1_1	6452_1_1_1	10061_1_1_1	3000588.0	3000609.0	21.0	moderate	6452_1_1_1	84.0	7.0	0.0	0.62
5696_1_1_1	5696_1_1_1	10061_1_1_1	3000581.0	3000609.0	28.0	moderate	5696_1_1_1	83.0	7.0	0.0	0.56
5699_1_1_1	5699_1_1_1	5699_1_1_1	3000054.452863248	3000054.452863248	0.0	moderate	5699_1_1_1	19.0	3.0	2.5471367521	0.0
5701_1_1_1	5701_1_1_1	5701_1_1_1	3001169.0	3001169.0	0.0	moderate	5701_1_1_1	167.0	7.0	0.0	0.98
5704_1_1_1	5704_1_1_1	5704_1_1_1	3000644.0	3000644.0	0.0	moderate	5704_1_1_1	92.0	7.0	0.0	2.89
5706_1_1_1	5706_1_1_1	5706_1_1_1	3000791.0	3000791.0	0.0	moderate	5706_1_1_1	113.0	7.0	0.0	0.66
5709_1_1_1	5709_1_1_1	5709_1_1_1	3000812.0	3000812.0	0.0	moderate	5709_1_1_1	116.0	7.0	0.0	0.15
5710_1_1_1	5710_1_1_1	5710_1_1_1	3000532.0661827615	3000532.0661827615	0.0	moderate	5710_1_1_1	89.0	6.0	1.9338172385	2.24
5711_1_1_1	5711_1_1_1	5711_1_1_1	3000450.0	3000450.0	0.0	moderate	5711_1_1_1	75.0	6.0	0.0	2.1
5719_1_1_1	5719_1_1_1	5719_1_1_1	3000739.3667500517	3000739.3667500517	0.0	moderate	5719_1_1_1	106.0	7.0	2.6332499483	1.42
5721_1_1_1	5721_1_1_1	5721_1_1_1	3001512.0	3001512.0	0.0	moderate	5721_1_1_1	252.0	6.0	0.0	0.94
5732_1_1_1	5732_1_1_1	5732_1_1_1	3000096.0	3000096.0	0.0	moderate	5732_1_1_1	32.0	3.0	0.0	0.0
5733_1_1_1	5733_1_1_1	5733_1_1_1	3000057.0	3000057.0	0.0	moderate	5733_1_1_1	19.0	3.0	0.0	0.0
5735_1_1_1	5735_1_1_1	5735_1_1_1	2000052.0	2000052.0	0.0	tolerant	5735_1_1_1	26.0	2.0	0.0	0.0
5742_1_1_1	5742_1_1_1	5742_1_1_1	3001014.0	3001014.0	0.0	moderate	5742_1_1_1	169.0	6.0	0.0	2.57
5743_1_1_1	5743_1_1_1	5743_1_1_1	2000433.7024009773	2000433.7024009773	0.0	tolerant	5743_1_1_1	87.0	5.0	1.2975990228	0.0
5747_1_1_1	5747_1_1_1	5747_1_1_1	3000138.0	3000138.0	0.0	moderate	5747_1_1_1	46.0	3.0	0.0	0.0
5748_1_1_1	5748_1_1_1	5748_1_1_1	3000702.0	3000702.0	0.0	moderate	5748_1_1_1	117.0	6.0	0.0	0.73
5750_1_1_1	5750_1_1_1	5750_1_1_1	3000424.38035815	3000424.38035815	0.0	moderate	5750_1_1_1	61.0	7.0	2.6196418497	0.23
5751_1_1_1	5751_1_1_1	5751_1_1_1	2000420.34365907	2000420.34365907	0.0	tolerant	5751_1_1_1	141.0	3.0	2.6563409299	0.0
5753_1_1_1	5753_1_1_1	5753_1_1_1	2000345.8782187395	2000345.8782187395	0.0	tolerant	5753_1_1_1	58.0	6.0	2.1217812605	1.99
5756_1_1_1	5756_1_1_1	5756_1_1_1	3001236.3015842503	3001236.3015842503	0.0	moderate	5756_1_1_1	177.0	7.0	2.6984157495	1.05
5758_1_1_1	5758_1_1_1	5758_1_1_1	3000861.0	3000861.0	0.0	moderate	5758_1_1_1	123.0	7.0	0.0	0.35
5761_1_1_1	5761_1_1_1	5761_1_1_1	3000798.0	3000798.0	0.0	moderate	5761_1_1_1	114.0	7.0	0.0	1.41
5763_1_1_1	5763_1_1_1	5763_1_1_1	3000546.0	3000546.0	0.0	moderate	5763_1_1_1	91.0	6.0	0.0	1.11
5764_1_1_1	5764_1_1_1	5764_1_1_1	3000725.712067436	3000725.712067436	0.0	moderate	5764_1_1_1	104.0	7.0	2.287932564	0.66
5764_1_1_1	16697_1_1_1	5764_1_1_1	3000557.967748405	3000725.712067436	167.74431903101504	moderate	16697_1_1_1	112.0	5.0	2.0322515949	0.8
5765_1_1_1	5765_1_1_1	5765_1_1_1	3000078.0	3000078.0	0.0	moderate	5765_1_1_1	26.0	3.0	0.0	0.0
5766_1_1_1	5766_1_1_1	5766_1_1_1	3000560.0	3000560.0	0.0	moderate	5766_1_1_1	80.0	7.0	0.0	0.62
5769_1_1_1	5769_1_1_1	5769_1_1_1	3000288.0	3000288.0	0.0	moderate	5769_1_1_1	72.0	4.0	0.0	0.0
5771_1_1_1	5771_1_1_1	5771_1_1_1	3000212.0	3000212.0	0.0	moderate	5771_1_1_1	53.0	4.0	0.0	0.0
5779_1_1_1	5779_1_1_1	5779_1_1_1	3000742.0	3000742.0	0.0	moderate	5779_1_1_1	106.0	7.0	0.0	0.81
5786_1_1_1	5786_1_1_1	5786_1_1_1	3000772.796053699	3000772.796053699	0.0	moderate	5786_1_1_1	129.0	6.0	1.203946301	0.56
5789_1_1_1	5789_1_1_1	5789_1_1_1	3001113.0	3001113.0	0.0	moderate	5789_1_1_1	159.0	7.0	0.0	0.17
5792_1_1_1	5792_1_1_1	5792_1_1_1	3000742.0	3000742.0	0.0	moderate	5792_1_1_1	106.0	7.0	0.0	1.68
5792_1_1_1	15236_1_1_1	5792_1_1_1	2000196.0	3000742.0	1000546.0	tolerant	15236_1_1_1	98.0	2.0	0.0	0.0
5792_1_1_1	15244_1_1_1	5792_1_1_1	2000192.0	3000742.0	1000550.0	tolerant	15244_1_1_1	96.0	2.0	0.0	0.0
5792_1_1_1	15237_1_1_1	5792_1_1_1	2000188.0	3000742.0	1000554.0	tolerant	15237_1_1_1	94.0	2.0	0.0	0.0
5793_1_1_1	5793_1_1_1	5793_1_1_1	3000950.0	3000950.0	0.0	moderate	5793_1_1_1	190.0	5.0	0.0	2.4
5795_2_1_1	5795_2_1_1	5795_2_1_1	3000117.0	3000117.0	0.0	moderate	5795_2_1_1	39.0	3.0	0.0	0.0
5796_1_1_1	5796_1_1_1	5796_1_1_1	3000576.0	3000576.0	0.0	moderate	5796_1_1_1	96.0	6.0	0.0	0.35
5797_1_1_1	5797_1_1_1	5797_1_1_1	3000539.0	3000539.0	0.0	moderate	5797_1_1_1	77.0	7.0	0.0	1.91
5798_1_1_1	5798_1_1_1	5798_1_1_1	3000644.0	3000644.0	0.0	moderate	5798_1_1_1	92.0	7.0	0.0	1.92
5799_1_1_1	5799_1_1_1	5799_1_1_1	3001463.0	3001463.0	0.0	moderate	5799_1_1_1	209.0	7.0	0.0	0.4
5800_1_1_1	5800_1_1_1	5800_1_1_1	2000471.0	2000471.0	0.0	tolerant	5800_1_1_1	157.0	3.0	0.0	0.51
5805_1_1_1	5805_1_1_1	5805_1_1_1	3000623.0	3000623.0	0.0	moderate	5805_1_1_1	89.0	7.0	0.0	1.9
5806_1_1_1	5806_1_1_1	5806_1_1_1	2000183.0	2000183.0	0.0	tolerant	5806_1_1_1	61.0	3.0	0.0	0.0
5807_1_1_1	5807_1_1_1	5807_1_1_1	3000428.0	3000428.0	0.0	moderate	5807_1_1_1	107.0	4.0	0.0	0.0
5810_1_1_1	5810_1_1_1	5810_1_1_1	3000594.0	3000594.0	0.0	moderate	5810_1_1_1	99.0	6.0	0.0	2.69
5814_1_1_1	5814_1_1_1	5814_1_1_1	3000970.904026836	3000970.904026836	0.0	moderate	5814_1_1_1	139.0	7.0	2.0959731638	0.49
5816_1_1_1	5816_1_1_1	5816_1_1_1	3000840.0	3000840.0	0.0	moderate	5816_1_1_1	168.0	5.0	0.0	0.69
5820_1_1_1	5820_1_1_1	5820_1_1_1	3001393.0	3001393.0	0.0	moderate	5820_1_1_1	199.0	7.0	0.0	1.17
5821_1_1_1	5821_1_1_1	5821_1_1_1	3000756.0	3000756.0	0.0	moderate	5821_1_1_1	108.0	7.0	0.0	1.33
5822_1_1_1	5822_1_1_1	5822_1_1_1	3000847.0	3000847.0	0.0	moderate	5822_1_1_1	121.0	7.0	0.0	0.92
5823_1_1_1	5823_1_1_1	5823_1_1_1	3001652.0	3001652.0	0.0	moderate	5823_1_1_1	236.0	7.0	0.0	1.01
5823_1_1_1	50121_1_1_1	5823_1_1_1	1000369.636394355	3001652.0	2001282.363605645	unfiltered	50121_1_1_1	190.0	2.0	10.363605645	0.0
5824_1_1_1	5824_1_1_1	5824_1_1_1	3000630.0	3000630.0	0.0	moderate	5824_1_1_1	105.0	6.0	0.0	0.55
5833_1_1_1	5833_1_1_1	5833_1_1_1	3001148.0	3001148.0	0.0	moderate	5833_1_1_1	164.0	7.0	0.0	0.58
5836_2_1_1	5836_2_1_1	5836_2_1_1	3000332.0	3000332.0	0.0	moderate	5836_2_1_1	83.0	4.0	0.0	2.18
5837_1_1_1	5837_1_1_1	5837_1_1_1	3000057.0	3000057.0	0.0	moderate	5837_1_1_1	19.0	3.0	0.0	0.0
5840_1_1_1	5840_1_1_1	5840_1_1_1	2000100.0	2000100.0	0.0	tolerant	5840_1_1_1	20.0	5.0	0.0	0.0
5843_1_1_1	5843_1_1_1	5843_1_1_1	3000770.0	3000770.0	0.0	moderate	5843_1_1_1	110.0	7.0	0.0	0.83
5845_1_1_1	5845_1_1_1	5845_1_1_1	3000672.0	3000672.0	0.0	moderate	5845_1_1_1	96.0	7.0	0.0	0.37
5846_1_1_1	5846_1_1_1	5846_1_1_1	3000560.0	3000560.0	0.0	moderate	5846_1_1_1	80.0	7.0	0.0	0.57
5847_1_1_1	5847_1_1_1	5847_1_1_1	3000308.0	3000308.0	0.0	moderate	5847_1_1_1	44.0	7.0	0.0	0.38
5848_1_1_1	5848_1_1_1	5848_1_1_1	3000138.0	3000138.0	0.0	moderate	5848_1_1_1	46.0	3.0	0.0	0.0
5849_1_1_1	5849_1_1_1	5849_1_1_1	3000552.0425803578	3000552.0425803578	0.0	moderate	5849_1_1_1	79.0	7.0	0.9574196424	0.75
5850_1_1_1	5850_1_1_1	5850_1_1_1	3000858.0	3000858.0	0.0	moderate	5850_1_1_1	143.0	6.0	0.0	0.54
5854_1_1_1	5854_1_1_1	5854_1_1_1	3001317.679836739	3001317.679836739	0.0	moderate	5854_1_1_1	264.0	5.0	2.320163261	1.79
5857_1_1_1	5857_1_1_1	5857_1_1_1	3000301.0	3000301.0	0.0	moderate	5857_1_1_1	43.0	7.0	0.0	3.7
5860_1_1_1	5860_1_1_1	5860_1_1_1	3000198.0	3000198.0	0.0	moderate	5860_1_1_1	33.0	6.0	0.0	2.36
5861_1_1_1	5861_1_1_1	5861_1_1_1	3001014.0	3001014.0	0.0	moderate	5861_1_1_1	169.0	6.0	0.0	0.75
5862_1_1_1	5862_1_1_1	5862_1_1_1	3000714.0	3000714.0	0.0	moderate	5862_1_1_1	119.0	6.0	0.0	0.29
5862_1_1_1	36084_1_1_1	5862_1_1_1	3000678.0	3000714.0	36.0	moderate	36084_1_1_1	113.0	6.0	0.0	0.3
5863_1_1_1	5863_1_1_1	5863_1_1_1	3001177.25951664	3001177.25951664	0.0	moderate	5863_1_1_1	236.0	5.0	2.7404833598	1.05
5865_1_1_1	5865_1_1_1	5865_1_1_1	2000087.0	2000087.0	0.0	tolerant	5865_1_1_1	29.0	3.0	0.0	0.0
5868_1_1_1	5868_1_1_1	5868_1_1_1	3000488.115216222	3000488.115216222	0.0	moderate	5868_1_1_1	70.0	7.0	1.8847837781	0.54
5869_1_1_1	5869_1_1_1	5869_1_1_1	2000072.0	2000072.0	0.0	tolerant	5869_1_1_1	24.0	3.0	0.0	0.0
5871_1_1_1	5871_1_1_1	5871_1_1_1	3000810.730764249	3000810.730764249	0.0	moderate	5871_1_1_1	116.0	7.0	1.2692357513	0.56
5872_1_1_1	5872_1_1_1	5872_1_1_1	3001015.0	3001015.0	0.0	moderate	5872_1_1_1	145.0	7.0	0.0	0.55
5872_1_1_1	4407_1_1_1	5872_1_1_1	3000768.0	3001015.0	247.0	moderate	4407_1_1_1	128.0	6.0	0.0	0.71
5873_1_1_1	5873_1_1_1	5873_1_1_1	3000539.0	3000539.0	0.0	moderate	5873_1_1_1	77.0	7.0	0.0	3.11
5874_1_1_1	5874_1_1_1	5874_1_1_1	3001026.3069200786	3001026.3069200786	0.0	moderate	5874_1_1_1	147.0	7.0	2.6930799214	1.32
5876_1_1_1	5876_1_1_1	5876_1_1_1	2001155.5725330303	2001155.5725330303	0.0	tolerant	5876_1_1_1	193.0	6.0	2.4274669696	1.33
5878_1_1_1	5878_1_1_1	5878_1_1_1	3001033.0583917643	3001033.0583917643	0.0	moderate	5878_1_1_1	148.0	7.0	2.9416082357	0.59
5879_1_1_1	5879_1_1_1	5879_1_1_1	3001078.0	3001078.0	0.0	moderate	5879_1_1_1	154.0	7.0	0.0	3.49
5880_1_1_1	5880_1_1_1	5880_1_1_1	3000721.0	3000721.0	0.0	moderate	5880_1_1_1	103.0	7.0	0.0	0.25
5881_1_1_1	18206_1_1_1	18206_1_1_1	3000132.0	3000132.0	0.0	moderate	18206_1_1_1	22.0	6.0	0.0	0.0
5881_1_1_1	18203_1_1_1	18206_1_1_1	3000132.0	3000132.0	0.0	moderate	18203_1_1_1	22.0	6.0	0.0	0.0
5881_1_1_1	30758_1_1_1	18206_1_1_1	3000126.0	3000132.0	6.0	moderate	30758_1_1_1	21.0	6.0	0.0	0.0
5881_1_1_1	17581_1_1_1	18206_1_1_1	3000105.0	3000132.0	27.0	moderate	17581_1_1_1	21.0	5.0	0.0	0.0
5881_1_1_1	5881_1_1_1	18206_1_1_1	3000060.0	3000132.0	72.0	moderate	5881_1_1_1	20.0	3.0	0.0	0.0
5881_1_1_1	20023_1_1_1	18206_1_1_1	2000114.0	3000132.0	1000018.0	tolerant	20023_1_1_1	19.0	6.0	0.0	0.0
5882_1_1_1	5882_1_1_1	5882_1_1_1	2000596.0	2000596.0	0.0	tolerant	5882_1_1_1	149.0	4.0	0.0	1.75
5884_1_1_1	5884_1_1_1	5884_1_1_1	2000677.2969668831	2000677.2969668831	0.0	tolerant	5884_1_1_1	136.0	5.0	2.7030331167	1.21
5885_1_1_1	5885_1_1_1	5885_1_1_1	3000816.7827333217	3000816.7827333217	0.0	moderate	5885_1_1_1	117.0	7.0	2.2172666783	0.37
5886_1_1_1	5886_1_1_1	5886_1_1_1	3001552.0	3001552.0	0.0	moderate	5886_1_1_1	388.0	4.0	0.0	0.0
5888_1_1_1	5887_1_1_1	5887_1_1_1	3000750.0	3000750.0	0.0	moderate	5887_1_1_1	125.0	6.0	0.0	2.52
5888_1_1_1	5888_1_1_1	5887_1_1_1	3000500.0	3000750.0	250.0	moderate	5888_1_1_1	125.0	4.0	0.0	2.64
5889_1_1_1	5889_1_1_1	5889_1_1_1	1000076.8467930004	1000076.8467930004	0.0	unfiltered	5889_1_1_1	28.0	3.0	7.1532069997	0.0
5891_1_1_1	5891_1_1_1	5891_1_1_1	3000651.0	3000651.0	0.0	moderate	5891_1_1_1	93.0	7.0	0.0	0.39
5892_1_1_1	5892_1_1_1	5892_1_1_1	3000609.0	3000609.0	0.0	moderate	5892_1_1_1	87.0	7.0	0.0	1.71
5894_1_1_1	5894_1_1_1	5894_1_1_1	3000504.0	3000504.0	0.0	moderate	5894_1_1_1	84.0	6.0	0.0	2.53
5897_1_1_1	5897_1_1_1	5897_1_1_1	3001085.0	3001085.0	0.0	moderate	5897_1_1_1	155.0	7.0	0.0	1.75
5898_1_1_1	5898_1_1_1	5898_1_1_1	3001344.0	3001344.0	0.0	moderate	5898_1_1_1	224.0	6.0	0.0	0.63
5900_1_1_1	5900_1_1_1	5900_1_1_1	3000252.0	3000252.0	0.0	moderate	5900_1_1_1	63.0	4.0	0.0	0.0
5904_1_1_1	5904_1_1_1	5904_1_1_1	2000699.1927936976	2000699.1927936976	0.0	tolerant	5904_1_1_1	117.0	6.0	2.8072063027	1.78
5907_1_1_1	5907_1_1_1	5907_1_1_1	3001012.119399739	3001012.119399739	0.0	moderate	5907_1_1_1	145.0	7.0	2.8806002611	0.57
5907_1_1_1	5221_1_1_1	5907_1_1_1	3000812.0	3001012.119399739	200.1193997389637	moderate	5221_1_1_1	116.0	7.0	0.0	0.99
5911_1_1_1	5911_1_1_1	5911_1_1_1	3000148.7040825705	3000148.7040825705	0.0	moderate	5911_1_1_1	30.0	5.0	1.2959174293	0.97
5912_1_1_1	5912_1_1_1	5912_1_1_1	3000826.0	3000826.0	0.0	moderate	5912_1_1_1	118.0	7.0	0.0	0.89
5920_1_1_1	5920_1_1_1	5920_1_1_1	3000550.003277052	3000550.003277052	0.0	moderate	5920_1_1_1	79.0	7.0	2.9967229477	1.28
5921_1_1_1	5921_1_1_1	5921_1_1_1	3000749.0	3000749.0	0.0	moderate	5921_1_1_1	107.0	7.0	0.0	1.22
5922_1_1_1	5922_1_1_1	5922_1_1_1	2000111.4795666975	2000111.4795666975	0.0	tolerant	5922_1_1_1	38.0	3.0	2.5204333024	0.0
5925_1_1_1	51327_1_1_1	51327_1_1_1	3000290.0	3000290.0	0.0	moderate	51327_1_1_1	58.0	5.0	0.0	0.72
5925_1_1_1	5925_1_1_1	51327_1_1_1	3000171.0	3000290.0	119.0	moderate	5925_1_1_1	57.0	3.0	0.0	0.0
5925_1_1_1	5923_1_1_1	51327_1_1_1	3000168.0	3000290.0	122.0	moderate	5923_1_1_1	56.0	3.0	0.0	0.0
5925_1_1_1	25501_1_1_1	51327_1_1_1	2000285.0	3000290.0	1000005.0	tolerant	25501_1_1_1	57.0	5.0	0.0	0.57
5928_1_1_1	5928_1_1_1	5928_1_1_1	3000901.498019677	3000901.498019677	0.0	moderate	5928_1_1_1	129.0	7.0	1.5019803229	2.08
5929_1_1_1	5929_1_1_1	5929_1_1_1	3000924.0	3000924.0	0.0	moderate	5929_1_1_1	132.0	7.0	0.0	2.79
5933_1_1_1	5933_1_1_1	5933_1_1_1	3000455.0	3000455.0	0.0	moderate	5933_1_1_1	65.0	7.0	0.0	0.24
5935_1_1_1	5935_1_1_1	5935_1_1_1	3000987.5285488307	3000987.5285488307	0.0	moderate	5935_1_1_1	198.0	5.0	2.4714511694	0.69
5936_1_1_1	5936_1_1_1	5936_1_1_1	3000665.0	3000665.0	0.0	moderate	5936_1_1_1	133.0	5.0	0.0	0.0
5936_1_1_1	5930_1_1_1	5936_1_1_1	2000594.0249828205	3000665.0	1000070.9750171795	tolerant	5930_1_1_1	149.0	4.0	1.9750171796	0.0
5940_1_1_1	5940_1_1_1	5940_1_1_1	3000791.0	3000791.0	0.0	moderate	5940_1_1_1	113.0	7.0	0.0	1.05
5942_1_1_1	5942_1_1_1	5942_1_1_1	3001064.0	3001064.0	0.0	moderate	5942_1_1_1	152.0	7.0	0.0	2.1
5946_1_1_1	5946_1_1_1	5946_1_1_1	3000959.0	3000959.0	0.0	moderate	5946_1_1_1	137.0	7.0	0.0	1.67
5947_1_1_1	5947_1_1_1	5947_1_1_1	3000987.0	3000987.0	0.0	moderate	5947_1_1_1	141.0	7.0	0.0	1.14
5950_1_1_1	5950_1_1_1	5950_1_1_1	2000592.8279083609	2000592.8279083609	0.0	tolerant	5950_1_1_1	85.0	7.0	2.1720916391	1.79
5952_1_1_1	4998_1_1_1	4998_1_1_1	3000560.0	3000560.0	0.0	moderate	4998_1_1_1	80.0	7.0	0.0	2.56
5952_1_1_1	5952_1_1_1	4998_1_1_1	3000553.0	3000560.0	7.0	moderate	5952_1_1_1	79.0	7.0	0.0	2.18
5952_1_1_1	4035_1_1_1	4998_1_1_1	3000486.0	3000560.0	74.0	moderate	4035_1_1_1	81.0	6.0	0.0	1.68
5954_1_1_1	4698_1_1_1	4698_1_1_1	3000570.0	3000570.0	0.0	moderate	4698_1_1_1	114.0	5.0	0.0	0.0
5954_1_1_1	5954_1_1_1	4698_1_1_1	3000525.0	3000570.0	45.0	moderate	5954_1_1_1	105.0	5.0	0.0	0.66
5954_1_1_1	4779_1_1_1	4698_1_1_1	2000690.0	3000570.0	999880.0	tolerant	4779_1_1_1	115.0	6.0	0.0	1.06
5955_1_1_1	5955_1_1_1	5955_1_1_1	3000315.0	3000315.0	0.0	moderate	5955_1_1_1	45.0	7.0	0.0	0.7
5958_1_1_1	26603_1_1_1	26603_1_1_1	3000872.9257591083	3000872.9257591083	0.0	moderate	26603_1_1_1	125.0	7.0	2.0742408919	0.57
5958_1_1_1	5958_1_1_1	26603_1_1_1	3000585.0	3000872.9257591083	287.92575910827145	moderate	5958_1_1_1	117.0	5.0	0.0	0.0
5959_1_1_1	5959_1_1_1	5959_1_1_1	3000819.0	3000819.0	0.0	moderate	5959_1_1_1	117.0	7.0	0.0	3.77
5963_1_1_1	5963_1_1_1	5963_1_1_1	3000782.0325213894	3000782.0325213894	0.0	moderate	5963_1_1_1	112.0	7.0	1.9674786108	1.74
5970_1_1_1	5970_1_1_1	5970_1_1_1	3000684.0	3000684.0	0.0	moderate	5970_1_1_1	114.0	6.0	0.0	1.39
5970_1_1_1	4688_1_1_1	5970_1_1_1	2000528.0640777184	3000684.0	1000155.9359222816	tolerant	4688_1_1_1	106.0	5.0	1.9359222819	1.31
5972_1_1_1	5972_1_1_1	5972_1_1_1	2000099.0	2000099.0	0.0	tolerant	5972_1_1_1	33.0	3.0	0.0	0.0
5974_1_1_1	5974_1_1_1	5974_1_1_1	2000920.0	2000920.0	0.0	tolerant	5974_1_1_1	184.0	5.0	0.0	0.95
5976_1_1_1	5976_1_1_1	5976_1_1_1	3000707.0	3000707.0	0.0	moderate	5976_1_1_1	101.0	7.0	0.0	1.06
5977_1_1_1	5977_1_1_1	5977_1_1_1	3000427.0	3000427.0	0.0	moderate	5977_1_1_1	61.0	7.0	0.0	0.91
5978_1_1_1	5978_1_1_1	5978_1_1_1	3000145.0	3000145.0	0.0	moderate	5978_1_1_1	29.0	5.0	0.0	0.95
5982_1_1_1	5982_1_1_1	5982_1_1_1	3000686.0	3000686.0	0.0	moderate	5982_1_1_1	98.0	7.0	0.0	0.4
5982_1_1_1	19951_1_1_1	5982_1_1_1	2000606.0	3000686.0	1000080.0	tolerant	19951_1_1_1	101.0	6.0	0.0	1.03
5984_1_1_1	5984_1_1_1	5984_1_1_1	3000300.0	3000300.0	0.0	moderate	5984_1_1_1	75.0	4.0	0.0	0.0
5994_1_1_1	5994_1_1_1	5994_1_1_1	3000087.0	3000087.0	0.0	moderate	5994_1_1_1	29.0	3.0	0.0	0.0
5994_1_1_1	6441_1_1_1	5994_1_1_1	2000186.0	3000087.0	999901.0	tolerant	6441_1_1_1	31.0	6.0	0.0	0.0
5997_1_1_1	5997_1_1_1	5997_1_1_1	3000595.0	3000595.0	0.0	moderate	5997_1_1_1	119.0	5.0	0.0	2.73
5998_1_1_1	5998_1_1_1	5998_1_1_1	3000875.0	3000875.0	0.0	moderate	5998_1_1_1	125.0	7.0	0.0	1.74
5999_1_1_1	5999_1_1_1	5999_1_1_1	2000702.925435898	2000702.925435898	0.0	tolerant	5999_1_1_1	141.0	5.0	2.0745641018	0.25
6000_1_1_1	6000_1_1_1	6000_1_1_1	2000818.246854846	2000818.246854846	0.0	tolerant	6000_1_1_1	164.0	5.0	1.7531451541	0.61
6001_1_1_1	6001_1_1_1	6001_1_1_1	3000876.0	3000876.0	0.0	moderate	6001_1_1_1	146.0	6.0	0.0	1.27
6003_1_1_1	6003_1_1_1	6003_1_1_1	3001071.0	3001071.0	0.0	moderate	6003_1_1_1	153.0	7.0	0.0	0.56
6004_1_1_1	5177_1_1_1	5177_1_1_1	3001148.0	3001148.0	0.0	moderate	5177_1_1_1	164.0	7.0	0.0	0.3
6004_1_1_1	6004_1_1_1	5177_1_1_1	3000978.0	3001148.0	170.0	moderate	6004_1_1_1	163.0	6.0	0.0	0.17
6004_1_1_1	30877_1_1_1	5177_1_1_1	1000648.0	3001148.0	2000500.0	unfiltered	30877_1_1_1	162.0	4.0	0.0	1.07
6007_1_1_1	6007_1_1_1	6007_1_1_1	3000795.820425966	3000795.820425966	0.0	moderate	6007_1_1_1	114.0	7.0	2.1795740346	0.24
6010_1_1_1	6010_1_1_1	6010_1_1_1	3000595.0	3000595.0	0.0	moderate	6010_1_1_1	85.0	7.0	0.0	0.64
6010_1_1_1	6324_1_1_1	6010_1_1_1	3000516.0	3000595.0	79.0	moderate	6324_1_1_1	86.0	6.0	0.0	0.38
6011_1_1_1	6011_1_1_1	6011_1_1_1	3000763.0	3000763.0	0.0	moderate	6011_1_1_1	109.0	7.0	0.0	0.96
6012_1_1_1	6012_1_1_1	6012_1_1_1	2000545.0	2000545.0	0.0	tolerant	6012_1_1_1	109.0	5.0	0.0	1.01
6013_1_1_1	6013_1_1_1	6013_1_1_1	3000875.0	3000875.0	0.0	moderate	6013_1_1_1	125.0	7.0	0.0	0.73
6015_1_1_1	6015_1_1_1	6015_1_1_1	3000756.0	3000756.0	0.0	moderate	6015_1_1_1	108.0	7.0	0.0	1.91
6015_1_1_1	11212_1_1_1	6015_1_1_1	2000718.9202716297	3000756.0	1000037.0797283703	tolerant	11212_1_1_1	120.0	6.0	1.0797283702	0.73
6016_1_1_1	6016_1_1_1	6016_1_1_1	3001792.035617107	3001792.035617107	0.0	moderate	6016_1_1_1	359.0	5.0	2.9643828931	0.94
6019_1_1_1	5226_1_1_1	5226_1_1_1	3000658.0	3000658.0	0.0	moderate	5226_1_1_1	94.0	7.0	0.0	1.48
6019_1_1_1	6019_1_1_1	5226_1_1_1	3000570.0	3000658.0	88.0	moderate	6019_1_1_1	95.0	6.0	0.0	1.47
6021_1_1_1	6021_1_1_1	6021_1_1_1	3001295.0	3001295.0	0.0	moderate	6021_1_1_1	259.0	5.0	0.0	0.64
6025_1_1_1	6025_1_1_1	6025_1_1_1	2000627.8681905968	2000627.8681905968	0.0	tolerant	6025_1_1_1	126.0	5.0	2.1318094033	1.8
6028_1_1_1	6028_1_1_1	6028_1_1_1	3000420.0	3000420.0	0.0	moderate	6028_1_1_1	60.0	7.0	0.0	0.97
6029_1_1_1	6029_1_1_1	6029_1_1_1	3000945.0	3000945.0	0.0	moderate	6029_1_1_1	135.0	7.0	0.0	1.13
6034_1_1_1	6034_1_1_1	6034_1_1_1	3001155.0	3001155.0	0.0	moderate	6034_1_1_1	231.0	5.0	0.0	0.68
6037_1_1_1	6037_1_1_1	6037_1_1_1	3000087.0	3000087.0	0.0	moderate	6037_1_1_1	29.0	3.0	0.0	0.0
6038_3_1_1	6038_3_1_1	6038_3_1_1	3000168.0	3000168.0	0.0	moderate	6038_3_1_1	56.0	3.0	0.0	0.0
6044_1_1_1	6044_1_1_1	6044_1_1_1	3000707.0	3000707.0	0.0	moderate	6044_1_1_1	101.0	7.0	0.0	0.17
6045_1_1_1	6045_1_1_1	6045_1_1_1	3000756.0	3000756.0	0.0	moderate	6045_1_1_1	108.0	7.0	0.0	2.95
6046_1_1_1	6046_1_1_1	6046_1_1_1	3000784.0	3000784.0	0.0	moderate	6046_1_1_1	112.0	7.0	0.0	1.02
6046_1_1_1	34167_1_1_1	6046_1_1_1	2000678.0	3000784.0	1000106.0	tolerant	34167_1_1_1	113.0	6.0	0.0	0.3
6048_1_1_1	6048_1_1_1	6048_1_1_1	1000078.5352173796	1000078.5352173796	0.0	unfiltered	6048_1_1_1	28.0	3.0	5.4647826203	0.0
6050_1_1_1	6050_1_1_1	6050_1_1_1	3000180.0	3000180.0	0.0	moderate	6050_1_1_1	60.0	3.0	0.0	0.0
6050_1_1_1	4570_1_1_1	6050_1_1_1	3000180.0	3000180.0	0.0	moderate	4570_1_1_1	60.0	3.0	0.0	0.0
6050_1_1_1	5909_1_1_1	6050_1_1_1	2000120.0	3000180.0	1000060.0	tolerant	5909_1_1_1	60.0	2.0	0.0	0.0
6050_1_1_1	5910_1_1_1	6050_1_1_1	2000120.0	3000180.0	1000060.0	tolerant	5910_1_1_1	60.0	2.0	0.0	0.0
6050_1_1_1	5908_1_1_1	6050_1_1_1	1000120.655200718	3000180.0	2000059.344799282	unfiltered	5908_1_1_1	63.0	2.0	5.3447992822	0.0
6050_1_1_1	5905_1_1_1	6050_1_1_1	1000120.6242654125	3000180.0	2000059.3757345877	unfiltered	5905_1_1_1	63.0	2.0	5.3757345875	0.0
6051_1_1_1	6051_1_1_1	6051_1_1_1	3000973.0	3000973.0	0.0	moderate	6051_1_1_1	139.0	7.0	0.0	0.74
6051_1_1_1	17008_1_1_1	6051_1_1_1	3000710.0	3000973.0	263.0	moderate	17008_1_1_1	142.0	5.0	0.0	0.34
6052_1_1_1	6052_1_1_1	6052_1_1_1	3000963.9137096624	3000963.9137096624	0.0	moderate	6052_1_1_1	138.0	7.0	2.0862903374	0.55
6057_1_1_1	6057_1_1_1	6057_1_1_1	3000945.0	3000945.0	0.0	moderate	6057_1_1_1	189.0	5.0	0.0	1.06
6058_1_1_1	6058_1_1_1	6058_1_1_1	3000784.0	3000784.0	0.0	moderate	6058_1_1_1	112.0	7.0	0.0	2.67
6061_1_1_1	6061_1_1_1	6061_1_1_1	2000262.1675382608	2000262.1675382608	0.0	tolerant	6061_1_1_1	66.0	4.0	1.8324617391	1.83
6063_1_1_1	16187_1_1_1	16187_1_1_1	2000088.2975256508	2000088.2975256508	0.0	tolerant	16187_1_1_1	30.0	3.0	1.7024743492	0.0
6063_1_1_1	6064_1_1_1	16187_1_1_1	2000084.0	2000088.2975256508	4.297525650821626	tolerant	6064_1_1_1	28.0	3.0	0.0	0.0
6063_1_1_1	6063_1_1_1	16187_1_1_1	2000066.0	2000088.2975256508	22.297525650821626	tolerant	6063_1_1_1	33.0	2.0	0.0	0.0
6069_1_1_1	6069_1_1_1	6069_1_1_1	2000186.0	2000186.0	0.0	tolerant	6069_1_1_1	62.0	3.0	0.0	1.33
6072_1_1_1	6072_1_1_1	6072_1_1_1	3000441.0	3000441.0	0.0	moderate	6072_1_1_1	63.0	7.0	0.0	0.16
6079_1_1_1	6318_1_1_1	6318_1_1_1	3000798.0	3000798.0	0.0	moderate	6318_1_1_1	114.0	7.0	0.0	1.48
6079_1_1_1	6079_1_1_1	6318_1_1_1	3000770.0	3000798.0	28.0	moderate	6079_1_1_1	110.0	7.0	0.0	0.65
6081_1_1_1	6081_1_1_1	6081_1_1_1	3001099.0	3001099.0	0.0	moderate	6081_1_1_1	157.0	7.0	0.0	0.45
6082_1_1_1	6082_1_1_1	6082_1_1_1	2000300.0	2000300.0	0.0	tolerant	6082_1_1_1	100.0	3.0	0.0	0.0
6083_1_1_1	6083_1_1_1	6083_1_1_1	2000038.0	2000038.0	0.0	tolerant	6083_1_1_1	19.0	2.0	0.0	0.0
6084_1_1_1	2539_1_1_1	2539_1_1_1	3000201.0	3000201.0	0.0	moderate	2539_1_1_1	67.0	3.0	0.0	0.0
6084_1_1_1	6084_1_1_1	2539_1_1_1	3000186.0	3000201.0	15.0	moderate	6084_1_1_1	62.0	3.0	0.0	0.0
6085_1_1_1	6085_1_1_1	6085_1_1_1	3000114.0	3000114.0	0.0	moderate	6085_1_1_1	19.0	6.0	0.0	0.0
6085_1_1_1	5502_1_1_1	6085_1_1_1	2000051.0	3000114.0	1000063.0	tolerant	5502_1_1_1	17.0	3.0	0.0	0.0
6086_1_1_1	6086_1_1_1	6086_1_1_1	2000488.684321056	2000488.684321056	0.0	tolerant	6086_1_1_1	98.0	5.0	1.3156789439	0.81
6089_1_1_1	6089_1_1_1	6089_1_1_1	2000264.0	2000264.0	0.0	tolerant	6089_1_1_1	88.0	3.0	0.0	0.0
6093_1_1_1	6093_1_1_1	6093_1_1_1	3000936.0	3000936.0	0.0	moderate	6093_1_1_1	156.0	6.0	0.0	0.85
6093_1_1_1	5903_1_1_1	6093_1_1_1	3000604.0	3000936.0	332.0	moderate	5903_1_1_1	151.0	4.0	0.0	0.0
6098_1_1_1	6098_1_1_1	6098_1_1_1	2000248.3072785416	2000248.3072785416	0.0	tolerant	6098_1_1_1	50.0	5.0	1.6927214581	2.1
6099_1_1_1	6099_1_1_1	6099_1_1_1	3000537.180410675	3000537.180410675	0.0	moderate	6099_1_1_1	77.0	7.0	1.8195893253	0.59
60_1_1_1	60_1_1_1	60_1_1_1	2000216.0	2000216.0	0.0	tolerant	60_1_1_1	72.0	3.0	0.0	0.0
6102_1_1_1	6102_1_1_1	6102_1_1_1	3000516.0	3000516.0	0.0	moderate	6102_1_1_1	86.0	6.0	0.0	1.11
6108_1_1_1	6108_1_1_1	6108_1_1_1	3000448.0	3000448.0	0.0	moderate	6108_1_1_1	64.0	7.0	0.0	1.6
6109_1_1_1	6109_1_1_1	6109_1_1_1	2000084.0	2000084.0	0.0	tolerant	6109_1_1_1	28.0	3.0	0.0	0.0
6110_1_1_1	6110_1_1_1	6110_1_1_1	3000212.0	3000212.0	0.0	moderate	6110_1_1_1	53.0	4.0	0.0	0.0
6110_1_1_1	4910_1_1_1	6110_1_1_1	3000184.0	3000212.0	28.0	moderate	4910_1_1_1	46.0	4.0	0.0	0.0
6111_1_1_1	6111_1_1_1	6111_1_1_1	3000819.0	3000819.0	0.0	moderate	6111_1_1_1	117.0	7.0	0.0	3.38
6113_1_1_1	6113_1_1_1	6113_1_1_1	3000581.0	3000581.0	0.0	moderate	6113_1_1_1	83.0	7.0	0.0	1.21
6114_1_1_1	6114_1_1_1	6114_1_1_1	3000749.0	3000749.0	0.0	moderate	6114_1_1_1	107.0	7.0	0.0	0.16
6118_1_1_1	6118_1_1_1	6118_1_1_1	3000652.81574889	3000652.81574889	0.0	moderate	6118_1_1_1	109.0	6.0	1.1842511101	0.0
6120_1_1_1	6120_1_1_1	6120_1_1_1	3001008.0	3001008.0	0.0	moderate	6120_1_1_1	144.0	7.0	0.0	0.38
6121_1_1_1	16708_1_1_1	16708_1_1_1	3001358.0	3001358.0	0.0	moderate	16708_1_1_1	194.0	7.0	0.0	2.83
6121_1_1_1	6121_1_1_1	16708_1_1_1	3001293.1284152446	3001358.0	64.87158475536853	moderate	6121_1_1_1	185.0	7.0	1.8715847556	0.79
6122_1_1_1	6122_1_1_1	6122_1_1_1	3000634.6119832336	3000634.6119832336	0.0	moderate	6122_1_1_1	91.0	7.0	2.3880167662	0.46
6126_1_1_1	6126_1_1_1	6126_1_1_1	2000753.044489007	2000753.044489007	0.0	tolerant	6126_1_1_1	126.0	6.0	2.955510993	1.88
6126_1_1_1	17599_1_1_1	6126_1_1_1	2000750.0	2000753.044489007	3.0444890069775283	tolerant	17599_1_1_1	125.0	6.0	0.0	0.95
6127_1_1_1	6127_1_1_1	6127_1_1_1	3000564.009763081	3000564.009763081	0.0	moderate	6127_1_1_1	81.0	7.0	2.9902369188	0.97
6128_1_1_1	6128_1_1_1	6128_1_1_1	2000693.6103501103	2000693.6103501103	0.0	tolerant	6128_1_1_1	116.0	6.0	2.3896498894	1.53
6132_1_1_1	6132_1_1_1	6132_1_1_1	3001092.0	3001092.0	0.0	moderate	6132_1_1_1	156.0	7.0	0.0	0.53
6133_1_1_1	6133_1_1_1	6133_1_1_1	2000681.4413229565	2000681.4413229565	0.0	tolerant	6133_1_1_1	114.0	6.0	2.5586770436	0.87
6137_1_1_1	6137_1_1_1	6137_1_1_1	2000318.0	2000318.0	0.0	tolerant	6137_1_1_1	106.0	3.0	0.0	0.0
6138_1_1_1	6138_1_1_1	6138_1_1_1	3000714.0	3000714.0	0.0	moderate	6138_1_1_1	102.0	7.0	0.0	1.87
613_1_1_1	613_1_1_1	613_1_1_1	1000008.0	1000008.0	0.0	unfiltered	613_1_1_1	4.0	2.0	0.0	0.0
6142_1_1_1	6142_1_1_1	6142_1_1_1	3000858.0	3000858.0	0.0	moderate	6142_1_1_1	143.0	6.0	0.0	2.47
6144_1_1_1	6144_1_1_1	6144_1_1_1	1000144.0	1000144.0	0.0	unfiltered	6144_1_1_1	24.0	6.0	0.0	0.0
6144_1_1_1	2279_1_1_1	6144_1_1_1	1000054.3672185245	1000144.0	89.63278147554956	unfiltered	2279_1_1_1	19.0	3.0	2.6327814757	0.0
6147_1_1_1	6147_1_1_1	6147_1_1_1	3000791.0	3000791.0	0.0	moderate	6147_1_1_1	113.0	7.0	0.0	1.73
6148_1_1_1	6148_1_1_1	6148_1_1_1	3001332.0	3001332.0	0.0	moderate	6148_1_1_1	222.0	6.0	0.0	0.47
6149_1_1_1	6149_1_1_1	6149_1_1_1	3000903.0	3000903.0	0.0	moderate	6149_1_1_1	129.0	7.0	0.0	0.83
6150_1_1_1	6150_1_1_1	6150_1_1_1	3000917.0	3000917.0	0.0	moderate	6150_1_1_1	131.0	7.0	0.0	1.64
6151_1_1_1	6151_1_1_1	6151_1_1_1	3000075.0	3000075.0	0.0	moderate	6151_1_1_1	25.0	3.0	0.0	0.0
6155_1_1_1	6155_1_1_1	6155_1_1_1	3000063.0	3000063.0	0.0	moderate	6155_1_1_1	21.0	3.0	0.0	0.0
6155_1_1_1	6157_1_1_1	6155_1_1_1	1000057.0818615092	3000063.0	2000005.9181384908	unfiltered	6157_1_1_1	21.0	3.0	5.9181384907	0.0
6156_2_1_1	6154_1_1_1	6154_1_1_1	3000063.0	3000063.0	0.0	moderate	6154_1_1_1	21.0	3.0	0.0	0.0
6156_2_1_1	6156_2_1_1	6154_1_1_1	3000060.4500801284	3000063.0	2.5499198716133833	moderate	6156_2_1_1	21.0	3.0	2.5499198718	0.0
6159_1_1_1	6159_1_1_1	6159_1_1_1	3001260.0	3001260.0	0.0	moderate	6159_1_1_1	210.0	6.0	0.0	0.42
6161_1_1_1	6161_1_1_1	6161_1_1_1	2000452.7899322556	2000452.7899322556	0.0	tolerant	6161_1_1_1	91.0	5.0	2.2100677443	0.42
6162_1_1_1	6162_1_1_1	6162_1_1_1	3000516.0	3000516.0	0.0	moderate	6162_1_1_1	86.0	6.0	0.0	0.66
6162_1_1_1	6476_1_1_1	6162_1_1_1	2000592.8951252236	3000516.0	999923.1048747764	tolerant	6476_1_1_1	85.0	7.0	2.1048747764	1.06
6165_1_1_1	6165_1_1_1	6165_1_1_1	3000135.0	3000135.0	0.0	moderate	6165_1_1_1	45.0	3.0	0.0	0.0
6171_1_1_1	6171_1_1_1	6171_1_1_1	3000396.0	3000396.0	0.0	moderate	6171_1_1_1	66.0	6.0	0.0	2.39
6172_1_1_1	6172_1_1_1	6172_1_1_1	3000248.0	3000248.0	0.0	moderate	6172_1_1_1	62.0	4.0	0.0	0.0
6173_1_1_1	6173_1_1_1	6173_1_1_1	3000630.0	3000630.0	0.0	moderate	6173_1_1_1	90.0	7.0	0.0	1.12
6175_1_1_1	6175_1_1_1	6175_1_1_1	3000413.0	3000413.0	0.0	moderate	6175_1_1_1	59.0	7.0	0.0	0.67
6176_1_1_1	6176_1_1_1	6176_1_1_1	3000823.5634270413	3000823.5634270413	0.0	moderate	6176_1_1_1	118.0	7.0	2.4365729588	1.1
6177_1_1_1	6177_1_1_1	6177_1_1_1	3000763.0	3000763.0	0.0	moderate	6177_1_1_1	109.0	7.0	0.0	0.58
6179_1_1_1	6179_1_1_1	6179_1_1_1	3000232.0	3000232.0	0.0	moderate	6179_1_1_1	58.0	4.0	0.0	0.0
6180_1_1_1	6180_1_1_1	6180_1_1_1	3000300.0	3000300.0	0.0	moderate	6180_1_1_1	75.0	4.0	0.0	0.0
6181_1_1_1	6181_1_1_1	6181_1_1_1	3000726.0	3000726.0	0.0	moderate	6181_1_1_1	121.0	6.0	0.0	0.38
6183_1_1_1	6183_1_1_1	6183_1_1_1	3001092.479452001	3001092.479452001	0.0	moderate	6183_1_1_1	219.0	5.0	2.5205479991	0.7
6184_1_1_1	6184_1_1_1	6184_1_1_1	3000875.0	3000875.0	0.0	moderate	6184_1_1_1	175.0	5.0	0.0	0.61
6185_1_1_1	6185_1_1_1	6185_1_1_1	3000354.0	3000354.0	0.0	moderate	6185_1_1_1	59.0	6.0	0.0	0.5
6187_1_1_1	6187_1_1_1	6187_1_1_1	3000268.0	3000268.0	0.0	moderate	6187_1_1_1	67.0	4.0	0.0	0.0
6188_1_1_1	6188_1_1_1	6188_1_1_1	3000504.0	3000504.0	0.0	moderate	6188_1_1_1	84.0	6.0	0.0	1.4
6188_1_1_1	2049_1_1_1	6188_1_1_1	3000249.0	3000504.0	255.0	moderate	2049_1_1_1	83.0	3.0	0.0	0.0
6189_1_1_1	6189_1_1_1	6189_1_1_1	3000597.3485253314	3000597.3485253314	0.0	moderate	6189_1_1_1	100.0	6.0	2.6514746686	1.63
6190_1_1_1	6190_1_1_1	6190_1_1_1	3000834.0	3000834.0	0.0	moderate	6190_1_1_1	139.0	6.0	0.0	1.14
6194_1_1_1	6194_1_1_1	6194_1_1_1	3000245.0	3000245.0	0.0	moderate	6194_1_1_1	35.0	7.0	0.0	0.22
6197_1_1_1	6197_1_1_1	6197_1_1_1	3000476.0	3000476.0	0.0	moderate	6197_1_1_1	68.0	7.0	0.0	0.38
6198_1_1_1	6198_1_1_1	6198_1_1_1	3000805.0	3000805.0	0.0	moderate	6198_1_1_1	115.0	7.0	0.0	1.18
6199_1_1_1	6199_1_1_1	6199_1_1_1	3001239.0	3001239.0	0.0	moderate	6199_1_1_1	177.0	7.0	0.0	0.47
6200_1_1_1	6200_1_1_1	6200_1_1_1	3000132.0	3000132.0	0.0	moderate	6200_1_1_1	22.0	6.0	0.0	0.0
6201_1_1_1	4109_2_1_1	4109_2_1_1	3000686.0	3000686.0	0.0	moderate	4109_2_1_1	98.0	7.0	0.0	2.5
6201_1_1_1	6201_1_1_1	4109_2_1_1	3000376.0	3000686.0	310.0	moderate	6201_1_1_1	94.0	4.0	0.0	0.0
6202_1_1_1	6202_1_1_1	6202_1_1_1	3001449.0	3001449.0	0.0	moderate	6202_1_1_1	207.0	7.0	0.0	0.7
6207_1_1_1	6207_1_1_1	6207_1_1_1	3000700.0	3000700.0	0.0	moderate	6207_1_1_1	100.0	7.0	0.0	0.34
6208_1_1_1	6208_1_1_1	6208_1_1_1	3000694.6075080778	3000694.6075080778	0.0	moderate	6208_1_1_1	116.0	6.0	1.3924919222	0.09
6209_1_1_1	6209_1_1_1	6209_1_1_1	3000455.0	3000455.0	0.0	moderate	6209_1_1_1	65.0	7.0	0.0	1.37
6211_1_1_1	6211_1_1_1	6211_1_1_1	3000756.0	3000756.0	0.0	moderate	6211_1_1_1	108.0	7.0	0.0	1.08
6221_1_1_1	6221_1_1_1	6221_1_1_1	2000634.3818707033	2000634.3818707033	0.0	tolerant	6221_1_1_1	106.0	6.0	1.6181292967	0.92
6222_1_1_1	6222_1_1_1	6222_1_1_1	3000183.0	3000183.0	0.0	moderate	6222_1_1_1	61.0	3.0	0.0	0.0
6222_1_1_1	4043_1_1_1	6222_1_1_1	3000183.0	3000183.0	0.0	moderate	4043_1_1_1	61.0	3.0	0.0	0.0
6222_1_1_1	5672_1_1_1	6222_1_1_1	3000174.0	3000183.0	9.0	moderate	5672_1_1_1	58.0	3.0	0.0	0.0
6222_1_1_1	5029_1_1_1	6222_1_1_1	3000174.0	3000183.0	9.0	moderate	5029_1_1_1	58.0	3.0	0.0	0.0
6224_1_1_1	6224_1_1_1	6224_1_1_1	2000738.0	2000738.0	0.0	tolerant	6224_1_1_1	123.0	6.0	0.0	5.0
6225_1_1_1	6225_1_1_1	6225_1_1_1	3000805.0	3000805.0	0.0	moderate	6225_1_1_1	115.0	7.0	0.0	1.35
6231_1_1_1	6231_1_1_1	6231_1_1_1	3000945.0	3000945.0	0.0	moderate	6231_1_1_1	135.0	7.0	0.0	1.44
6233_1_1_1	6233_1_1_1	6233_1_1_1	3000761.4304204015	3000761.4304204015	0.0	moderate	6233_1_1_1	109.0	7.0	1.5695795983	0.72
6236_1_1_1	6236_1_1_1	6236_1_1_1	1000805.0	1000805.0	0.0	unfiltered	6236_1_1_1	115.0	7.0	0.0	0.64
6240_1_1_1	6240_1_1_1	6240_1_1_1	3000805.0	3000805.0	0.0	moderate	6240_1_1_1	115.0	7.0	0.0	1.08
6241_1_1_1	6742_1_1_1	6742_1_1_1	3001309.0	3001309.0	0.0	moderate	6742_1_1_1	187.0	7.0	0.0	1.09
6241_1_1_1	6241_1_1_1	6742_1_1_1	3001260.0	3001309.0	49.0	moderate	6241_1_1_1	180.0	7.0	0.0	0.96
6242_1_1_1	6242_1_1_1	6242_1_1_1	3000672.0	3000672.0	0.0	moderate	6242_1_1_1	96.0	7.0	0.0	2.63
6244_1_1_1	6244_1_1_1	6244_1_1_1	3000945.0	3000945.0	0.0	moderate	6244_1_1_1	135.0	7.0	0.0	0.91
6245_1_1_1	6245_1_1_1	6245_1_1_1	2000038.0	2000038.0	0.0	tolerant	6245_1_1_1	19.0	2.0	0.0	0.0
6247_1_1_1	6247_1_1_1	6247_1_1_1	3000504.0	3000504.0	0.0	moderate	6247_1_1_1	72.0	7.0	0.0	0.75
6252_1_1_1	6252_1_1_1	6252_1_1_1	2000747.0182437832	2000747.0182437832	0.0	tolerant	6252_1_1_1	150.0	5.0	2.9817562165	0.85
6254_1_1_1	6254_1_1_1	6254_1_1_1	3000602.0	3000602.0	0.0	moderate	6254_1_1_1	86.0	7.0	0.0	0.7
6254_1_1_1	4774_1_1_1	6254_1_1_1	3000261.0	3000602.0	341.0	moderate	4774_1_1_1	87.0	3.0	0.0	0.0
6254_1_1_1	2030_1_1_1	6254_1_1_1	3000255.0	3000602.0	347.0	moderate	2030_1_1_1	85.0	3.0	0.0	0.0
6254_1_1_1	932_1_1_1	6254_1_1_1	3000255.0	3000602.0	347.0	moderate	932_1_1_1	85.0	3.0	0.0	0.0
6255_1_1_1	6255_1_1_1	6255_1_1_1	3000970.8131125155	3000970.8131125155	0.0	moderate	6255_1_1_1	139.0	7.0	2.1868874846	0.37
6256_1_1_1	6256_1_1_1	6256_1_1_1	3001036.0	3001036.0	0.0	moderate	6256_1_1_1	148.0	7.0	0.0	0.66
6259_1_1_1	6259_1_1_1	6259_1_1_1	3000718.144849339	3000718.144849339	0.0	moderate	6259_1_1_1	103.0	7.0	2.8551506611	0.86
6262_1_1_1	6262_1_1_1	6262_1_1_1	3000336.0	3000336.0	0.0	moderate	6262_1_1_1	84.0	4.0	0.0	0.0
6263_1_1_1	6263_1_1_1	6263_1_1_1	3000108.0	3000108.0	0.0	moderate	6263_1_1_1	36.0	3.0	0.0	0.0
6267_1_1_1	6267_1_1_1	6267_1_1_1	2000687.1880320795	2000687.1880320795	0.0	tolerant	6267_1_1_1	115.0	6.0	2.8119679206	1.4
6270_1_1_1	6270_1_1_1	6270_1_1_1	2000397.630636268	2000397.630636268	0.0	tolerant	6270_1_1_1	100.0	4.0	2.3693637322	1.46
6272_1_1_1	6272_1_1_1	6272_1_1_1	3000826.0	3000826.0	0.0	moderate	6272_1_1_1	118.0	7.0	0.0	0.25
6278_1_1_1	6278_1_1_1	6278_1_1_1	3000587.0436087623	3000587.0436087623	0.0	moderate	6278_1_1_1	118.0	5.0	2.9563912378	0.81
6280_1_1_1	6280_1_1_1	6280_1_1_1	2001160.0	2001160.0	0.0	tolerant	6280_1_1_1	232.0	5.0	0.0	0.79
6283_1_1_1	6071_1_1_1	6071_1_1_1	3001001.0	3001001.0	0.0	moderate	6071_1_1_1	143.0	7.0	0.0	0.28
6283_1_1_1	6283_1_1_1	6071_1_1_1	3000569.375025339	3001001.0	431.62497466104105	moderate	6283_1_1_1	143.0	4.0	2.6249746611	0.0
6283_1_1_1	6032_1_1_1	6071_1_1_1	2000840.0	3001001.0	1000161.0	tolerant	6032_1_1_1	140.0	6.0	0.0	0.53
6284_2_1_1	6284_2_1_1	6284_2_1_1	3000864.0	3000864.0	0.0	moderate	6284_2_1_1	144.0	6.0	0.0	0.43
6285_1_1_1	6285_1_1_1	6285_1_1_1	2000801.9198047807	2000801.9198047807	0.0	tolerant	6285_1_1_1	134.0	6.0	2.0801952192	0.6
6286_1_1_1	6286_1_1_1	6286_1_1_1	3000256.0	3000256.0	0.0	moderate	6286_1_1_1	64.0	4.0	0.0	0.0
6291_1_1_1	6291_1_1_1	6291_1_1_1	3000329.0	3000329.0	0.0	moderate	6291_1_1_1	47.0	7.0	0.0	0.95
6292_1_1_1	6292_1_1_1	6292_1_1_1	3000728.0	3000728.0	0.0	moderate	6292_1_1_1	104.0	7.0	0.0	0.57
6295_1_1_1	6295_1_1_1	6295_1_1_1	3001750.0	3001750.0	0.0	moderate	6295_1_1_1	250.0	7.0	0.0	1.72
6298_1_1_1	6298_1_1_1	6298_1_1_1	3001078.0	3001078.0	0.0	moderate	6298_1_1_1	154.0	7.0	0.0	1.41
6299_1_1_1	6299_1_1_1	6299_1_1_1	3000476.0	3000476.0	0.0	moderate	6299_1_1_1	68.0	7.0	0.0	1.24
6300_1_1_1	6300_1_1_1	6300_1_1_1	2000477.1920198768	2000477.1920198768	0.0	tolerant	6300_1_1_1	80.0	6.0	2.8079801233	1.34
6305_1_1_1	6305_1_1_1	6305_1_1_1	3000820.0	3000820.0	0.0	moderate	6305_1_1_1	164.0	5.0	0.0	0.24
6305_1_1_1	6306_1_1_1	6305_1_1_1	2000304.0	3000820.0	1000516.0	tolerant	6306_1_1_1	152.0	2.0	0.0	0.0
6311_1_1_1	6311_1_1_1	6311_1_1_1	2000825.5709694065	2000825.5709694065	0.0	tolerant	6311_1_1_1	207.0	4.0	2.4290305938	0.84
6312_1_1_1	6312_1_1_1	6312_1_1_1	3000945.0	3000945.0	0.0	moderate	6312_1_1_1	135.0	7.0	0.0	0.89
6314_1_1_1	6314_1_1_1	6314_1_1_1	1000799.3716399194	1000799.3716399194	0.0	unfiltered	6314_1_1_1	115.0	7.0	5.6283600807	2.41
6315_1_1_1	6315_1_1_1	6315_1_1_1	2000525.721761658	2000525.721761658	0.0	tolerant	6315_1_1_1	132.0	4.0	2.278238342	0.48
6317_1_1_1	6317_1_1_1	6317_1_1_1	3000448.0	3000448.0	0.0	moderate	6317_1_1_1	64.0	7.0	0.0	0.41
6330_1_1_1	6330_1_1_1	6330_1_1_1	3001029.0	3001029.0	0.0	moderate	6330_1_1_1	147.0	7.0	0.0	0.64
6332_1_1_1	6332_1_1_1	6332_1_1_1	3001029.0	3001029.0	0.0	moderate	6332_1_1_1	147.0	7.0	0.0	0.79
6338_1_1_1	6338_1_1_1	6338_1_1_1	3000693.0	3000693.0	0.0	moderate	6338_1_1_1	99.0	7.0	0.0	0.45
6340_1_1_1	6340_1_1_1	6340_1_1_1	3001034.0233296156	3001034.0233296156	0.0	moderate	6340_1_1_1	148.0	7.0	1.9766703843	0.8
6340_1_1_1	16442_1_1_1	6340_1_1_1	3001033.5963895004	3001034.0233296156	0.4269401151686907	moderate	16442_1_1_1	148.0	7.0	2.4036104995	0.88
6341_1_1_1	6341_1_1_1	6341_1_1_1	3001113.0	3001113.0	0.0	moderate	6341_1_1_1	159.0	7.0	0.0	0.48
6342_1_1_1	6342_1_1_1	6342_1_1_1	3000798.0	3000798.0	0.0	moderate	6342_1_1_1	114.0	7.0	0.0	1.97
6343_1_1_1	6343_1_1_1	6343_1_1_1	3001050.0	3001050.0	0.0	moderate	6343_1_1_1	150.0	7.0	0.0	1.08
6344_1_1_1	6344_1_1_1	6344_1_1_1	3000994.0	3000994.0	0.0	moderate	6344_1_1_1	142.0	7.0	0.0	1.33
6345_1_1_1	6345_1_1_1	6345_1_1_1	3000910.0	3000910.0	0.0	moderate	6345_1_1_1	130.0	7.0	0.0	0.45
6346_1_1_1	6346_1_1_1	6346_1_1_1	3000831.4394382723	3000831.4394382723	0.0	moderate	6346_1_1_1	119.0	7.0	1.5605617277	1.18
6349_1_1_1	6349_1_1_1	6349_1_1_1	3000350.0	3000350.0	0.0	moderate	6349_1_1_1	50.0	7.0	0.0	2.74
6350_1_1_1	6350_1_1_1	6350_1_1_1	3000371.0	3000371.0	0.0	moderate	6350_1_1_1	53.0	7.0	0.0	2.78
6352_1_1_1	6352_1_1_1	6352_1_1_1	1000132.0	1000132.0	0.0	unfiltered	6352_1_1_1	22.0	6.0	0.0	0.0
6354_1_1_1	6354_1_1_1	6354_1_1_1	3000896.0	3000896.0	0.0	moderate	6354_1_1_1	128.0	7.0	0.0	0.54
6354_1_1_1	34394_1_1_1	6354_1_1_1	2000677.6344279968	3000896.0	1000218.3655720032	tolerant	34394_1_1_1	136.0	5.0	2.3655720034	0.86
6355_1_1_1	6355_1_1_1	6355_1_1_1	3000567.0	3000567.0	0.0	moderate	6355_1_1_1	81.0	7.0	0.0	0.62
6356_1_1_1	6356_1_1_1	6356_1_1_1	3000840.0	3000840.0	0.0	moderate	6356_1_1_1	120.0	7.0	0.0	2.28
6358_1_1_1	6358_1_1_1	6358_1_1_1	3000525.0	3000525.0	0.0	moderate	6358_1_1_1	75.0	7.0	0.0	1.29
6359_1_1_1	6359_1_1_1	6359_1_1_1	3000623.0	3000623.0	0.0	moderate	6359_1_1_1	89.0	7.0	0.0	0.51
6359_1_1_1	6453_1_1_1	6359_1_1_1	2000475.0	3000623.0	1000148.0	tolerant	6453_1_1_1	95.0	5.0	0.0	1.09
6361_1_1_1	6361_1_1_1	6361_1_1_1	3000742.0	3000742.0	0.0	moderate	6361_1_1_1	106.0	7.0	0.0	0.5
6363_1_1_1	6363_1_1_1	6363_1_1_1	3000444.0	3000444.0	0.0	moderate	6363_1_1_1	74.0	6.0	0.0	0.2
6364_1_1_1	6364_1_1_1	6364_1_1_1	3000606.0	3000606.0	0.0	moderate	6364_1_1_1	101.0	6.0	0.0	0.22
6366_1_1_1	6366_1_1_1	6366_1_1_1	1000772.4855432156	1000772.4855432156	0.0	unfiltered	6366_1_1_1	130.0	6.0	7.5144567843	0.39
6367_1_1_1	15634_1_1_1	15634_1_1_1	3000571.4024534356	3000571.4024534356	0.0	moderate	15634_1_1_1	82.0	7.0	2.5975465644	0.76
6367_1_1_1	6367_1_1_1	15634_1_1_1	3000522.4638851504	3000571.4024534356	48.938568285200745	moderate	6367_1_1_1	75.0	7.0	2.5361148494	0.55
6368_1_1_1	6368_1_1_1	6368_1_1_1	2000492.58897982	2000492.58897982	0.0	tolerant	6368_1_1_1	99.0	5.0	2.4110201802	0.58
6371_1_1_1	6371_1_1_1	6371_1_1_1	2000861.776417172	2000861.776417172	0.0	tolerant	6371_1_1_1	144.0	6.0	2.2235828281	0.58
6372_1_1_1	6372_1_1_1	6372_1_1_1	3001201.1146652186	3001201.1146652186	0.0	moderate	6372_1_1_1	172.0	7.0	2.8853347815	1.91
6372_1_1_1	51710_1_1_1	6372_1_1_1	3000725.4284901493	3001201.1146652186	475.68617506930605	moderate	51710_1_1_1	182.0	4.0	2.5715098509	1.38
6376_1_1_1	6376_1_1_1	6376_1_1_1	3000945.0	3000945.0	0.0	moderate	6376_1_1_1	135.0	7.0	0.0	1.44
6384_1_1_1	6384_1_1_1	6384_1_1_1	3000264.0	3000264.0	0.0	moderate	6384_1_1_1	44.0	6.0	0.0	0.32
6385_2_1_1	6385_2_1_1	6385_2_1_1	3000404.0	3000404.0	0.0	moderate	6385_2_1_1	101.0	4.0	0.0	0.0
6387_1_1_1	6387_1_1_1	6387_1_1_1	2000138.0	2000138.0	0.0	tolerant	6387_1_1_1	46.0	3.0	0.0	0.0
6387_1_1_1	6386_1_1_1	6387_1_1_1	2000138.0	2000138.0	0.0	tolerant	6386_1_1_1	46.0	3.0	0.0	0.0
6388_1_1_1	6388_1_1_1	6388_1_1_1	2000133.2826594952	2000133.2826594952	0.0	tolerant	6388_1_1_1	45.0	3.0	1.7173405048	0.0
6392_1_1_1	6392_1_1_1	6392_1_1_1	3000672.0	3000672.0	0.0	moderate	6392_1_1_1	96.0	7.0	0.0	0.27
6395_1_1_1	6395_1_1_1	6395_1_1_1	2000702.0	2000702.0	0.0	tolerant	6395_1_1_1	117.0	6.0	0.0	0.23
6398_1_1_1	6398_1_1_1	6398_1_1_1	3000396.0	3000396.0	0.0	moderate	6398_1_1_1	99.0	4.0	0.0	0.0
6399_1_1_1	6399_1_1_1	6399_1_1_1	2000814.1655488168	2000814.1655488168	0.0	tolerant	6399_1_1_1	204.0	4.0	1.8344511832	0.45
6401_1_1_1	6401_1_1_1	6401_1_1_1	2000392.0	2000392.0	0.0	tolerant	6401_1_1_1	98.0	4.0	0.0	1.17
6401_1_1_1	6400_1_1_1	6401_1_1_1	2000389.8190543351	2000392.0	2.180945664877072	tolerant	6400_1_1_1	98.0	4.0	2.1809456648	1.28
6402_1_1_1	6402_1_1_1	6402_1_1_1	3000295.0	3000295.0	0.0	moderate	6402_1_1_1	59.0	5.0	0.0	2.99
6404_1_1_1	6404_1_1_1	6404_1_1_1	3000524.0	3000524.0	0.0	moderate	6404_1_1_1	131.0	4.0	0.0	0.92
6405_1_1_1	6405_1_1_1	6405_1_1_1	3000693.0	3000693.0	0.0	moderate	6405_1_1_1	99.0	7.0	0.0	0.81
6406_1_1_1	6406_1_1_1	6406_1_1_1	3000784.0	3000784.0	0.0	moderate	6406_1_1_1	112.0	7.0	0.0	1.16
6410_1_1_1	6410_1_1_1	6410_1_1_1	2000684.0	2000684.0	0.0	tolerant	6410_1_1_1	114.0	6.0	0.0	1.29
6413_1_1_1	6360_1_1_1	6360_1_1_1	2000042.0	2000042.0	0.0	tolerant	6360_1_1_1	21.0	2.0	0.0	0.0
6413_1_1_1	6413_1_1_1	6360_1_1_1	2000040.0	2000042.0	2.0	tolerant	6413_1_1_1	20.0	2.0	0.0	0.0
6414_1_1_1	6414_1_1_1	6414_1_1_1	3000057.0	3000057.0	0.0	moderate	6414_1_1_1	19.0	3.0	0.0	0.0
6416_1_1_1	6416_1_1_1	6416_1_1_1	3002195.0	3002195.0	0.0	moderate	6416_1_1_1	439.0	5.0	0.0	2.39
6419_1_1_1	6419_1_1_1	6419_1_1_1	3000465.6716987034	3000465.6716987034	0.0	moderate	6419_1_1_1	78.0	6.0	2.3283012964	0.39
6427_1_1_1	6427_1_1_1	6427_1_1_1	2000099.0	2000099.0	0.0	tolerant	6427_1_1_1	33.0	3.0	0.0	0.44
6429_1_1_1	6429_1_1_1	6429_1_1_1	3001048.1693334	3001048.1693334	0.0	moderate	6429_1_1_1	210.0	5.0	1.8306666	0.56
6432_1_1_1	6432_1_1_1	6432_1_1_1	3000551.0216906727	3000551.0216906727	0.0	moderate	6432_1_1_1	79.0	7.0	1.9783093271	0.57
6436_1_1_1	6436_1_1_1	6436_1_1_1	2000753.8640790076	2000753.8640790076	0.0	tolerant	6436_1_1_1	108.0	7.0	2.1359209924	0.96
6438_1_1_1	6438_1_1_1	6438_1_1_1	3000801.2749217353	3000801.2749217353	0.0	moderate	6438_1_1_1	134.0	6.0	2.7250782648	0.64
6439_1_1_1	6439_1_1_1	6439_1_1_1	3000805.0	3000805.0	0.0	moderate	6439_1_1_1	115.0	7.0	0.0	0.87
6440_1_1_1	6440_1_1_1	6440_1_1_1	2001013.0339435136	2001013.0339435136	0.0	tolerant	6440_1_1_1	254.0	4.0	2.9660564866	1.38
6443_1_1_1	6443_1_1_1	6443_1_1_1	3000819.0	3000819.0	0.0	moderate	6443_1_1_1	117.0	7.0	0.0	0.81
6446_1_1_1	6446_1_1_1	6446_1_1_1	3000150.0	3000150.0	0.0	moderate	6446_1_1_1	25.0	6.0	0.0	0.52
6447_1_1_1	6447_1_1_1	6447_1_1_1	3000660.0	3000660.0	0.0	moderate	6447_1_1_1	110.0	6.0	0.0	0.82
6448_1_1_1	6448_1_1_1	6448_1_1_1	3000798.0	3000798.0	0.0	moderate	6448_1_1_1	114.0	7.0	0.0	0.33
6451_1_1_1	6451_1_1_1	6451_1_1_1	2000609.499648193	2000609.499648193	0.0	tolerant	6451_1_1_1	153.0	4.0	2.5003518073	1.09
6454_1_1_1	6454_1_1_1	6454_1_1_1	3000996.0	3000996.0	0.0	moderate	6454_1_1_1	166.0	6.0	0.0	0.14
6460_1_1_1	6460_1_1_1	6460_1_1_1	3001029.0	3001029.0	0.0	moderate	6460_1_1_1	147.0	7.0	0.0	0.46
6464_1_1_1	6464_1_1_1	6464_1_1_1	3000707.0	3000707.0	0.0	moderate	6464_1_1_1	101.0	7.0	0.0	0.72
6469_1_1_1	6469_1_1_1	6469_1_1_1	3000504.0	3000504.0	0.0	moderate	6469_1_1_1	72.0	7.0	0.0	1.47
6473_1_1_1	6473_1_1_1	6473_1_1_1	2000579.3222078327	2000579.3222078327	0.0	tolerant	6473_1_1_1	97.0	6.0	2.6777921673	1.52
6475_1_1_1	6475_1_1_1	6475_1_1_1	3000882.0	3000882.0	0.0	moderate	6475_1_1_1	126.0	7.0	0.0	2.66
6478_1_1_1	11034_1_1_1	11034_1_1_1	3000371.0	3000371.0	0.0	moderate	11034_1_1_1	53.0	7.0	0.0	1.14
6478_1_1_1	6826_1_1_1	11034_1_1_1	3000364.0	3000371.0	7.0	moderate	6826_1_1_1	52.0	7.0	0.0	1.47
6478_1_1_1	6478_1_1_1	11034_1_1_1	3000357.0	3000371.0	14.0	moderate	6478_1_1_1	51.0	7.0	0.0	3.34
6478_1_1_1	4281_1_1_1	11034_1_1_1	3000357.0	3000371.0	14.0	moderate	4281_1_1_1	51.0	7.0	0.0	2.55
6479_1_1_1	6479_1_1_1	6479_1_1_1	3000462.0	3000462.0	0.0	moderate	6479_1_1_1	66.0	7.0	0.0	0.21
6483_1_1_1	6483_1_1_1	6483_1_1_1	3000284.0	3000284.0	0.0	moderate	6483_1_1_1	71.0	4.0	0.0	0.0
6483_1_1_1	6481_1_1_1	6483_1_1_1	3000284.0	3000284.0	0.0	moderate	6481_1_1_1	71.0	4.0	0.0	0.0
6489_1_1_1	6489_1_1_1	6489_1_1_1	2000483.0	2000483.0	0.0	tolerant	6489_1_1_1	69.0	7.0	0.0	1.02
6489_1_1_1	27232_1_1_1	6489_1_1_1	1000196.1684153712	2000483.0	1000286.8315846288	unfiltered	27232_1_1_1	69.0	3.0	10.8315846287	1.49
6493_1_1_1	6493_1_1_1	6493_1_1_1	2000520.0	2000520.0	0.0	tolerant	6493_1_1_1	104.0	5.0	0.0	2.18
6494_1_1_1	6494_1_1_1	6494_1_1_1	2000623.3790357336	2000623.3790357336	0.0	tolerant	6494_1_1_1	125.0	5.0	1.6209642663	0.77
6500_1_1_1	6500_1_1_1	6500_1_1_1	3000470.0	3000470.0	0.0	moderate	6500_1_1_1	94.0	5.0	0.0	2.52
6500_1_1_1	11203_1_1_1	6500_1_1_1	2000481.787890536	3000470.0	999988.212109464	tolerant	11203_1_1_1	121.0	4.0	2.2121094641	1.78
6505_1_1_1	6574_1_1_1	6574_1_1_1	3000476.0	3000476.0	0.0	moderate	6574_1_1_1	68.0	7.0	0.0	0.92
6505_1_1_1	6505_1_1_1	6574_1_1_1	3000462.0	3000476.0	14.0	moderate	6505_1_1_1	66.0	7.0	0.0	1.36
6510_1_1_1	6510_1_1_1	6510_1_1_1	3000963.858679323	3000963.858679323	0.0	moderate	6510_1_1_1	138.0	7.0	2.141320677	0.61
6512_1_1_1	6512_1_1_1	6512_1_1_1	2000801.8400071329	2000801.8400071329	0.0	tolerant	6512_1_1_1	134.0	6.0	2.1599928673	1.77
6515_1_1_1	6515_1_1_1	6515_1_1_1	3001169.0	3001169.0	0.0	moderate	6515_1_1_1	167.0	7.0	0.0	1.28
6515_1_1_1	6339_1_1_1	6515_1_1_1	2000594.851177152	3001169.0	1000574.148822848	tolerant	6339_1_1_1	149.0	4.0	1.148822848	1.3
6517_1_1_1	6517_1_1_1	6517_1_1_1	3000427.0	3000427.0	0.0	moderate	6517_1_1_1	61.0	7.0	0.0	0.6
6517_1_1_1	5105_1_1_1	6517_1_1_1	3000402.0	3000427.0	25.0	moderate	5105_1_1_1	67.0	6.0	0.0	0.39
6518_1_1_1	6518_1_1_1	6518_1_1_1	3000763.0	3000763.0	0.0	moderate	6518_1_1_1	109.0	7.0	0.0	0.57
6519_1_1_1	6519_1_1_1	6519_1_1_1	3000450.0	3000450.0	0.0	moderate	6519_1_1_1	75.0	6.0	0.0	1.53
6520_1_1_1	6520_1_1_1	6520_1_1_1	3000200.0	3000200.0	0.0	moderate	6520_1_1_1	50.0	4.0	0.0	0.0
6525_1_1_1	6525_1_1_1	6525_1_1_1	3000132.0	3000132.0	0.0	moderate	6525_1_1_1	44.0	3.0	0.0	0.0
6528_1_1_1	6528_1_1_1	6528_1_1_1	2000550.0	2000550.0	0.0	tolerant	6528_1_1_1	110.0	5.0	0.0	1.88
6529_1_1_1	6529_1_1_1	6529_1_1_1	3000781.7652736367	3000781.7652736367	0.0	moderate	6529_1_1_1	112.0	7.0	2.2347263632	0.29
6530_1_1_1	6530_1_1_1	6530_1_1_1	3000140.0	3000140.0	0.0	moderate	6530_1_1_1	35.0	4.0	0.0	0.0
6536_1_1_1	6536_1_1_1	6536_1_1_1	3000595.0	3000595.0	0.0	moderate	6536_1_1_1	85.0	7.0	0.0	2.08
6538_1_1_1	6538_1_1_1	6538_1_1_1	3000728.0	3000728.0	0.0	moderate	6538_1_1_1	104.0	7.0	0.0	1.44
6540_1_1_1	6540_1_1_1	6540_1_1_1	3000992.139101412	3000992.139101412	0.0	moderate	6540_1_1_1	142.0	7.0	1.860898588	0.69
6542_1_1_1	6542_1_1_1	6542_1_1_1	3001384.0	3001384.0	0.0	moderate	6542_1_1_1	346.0	4.0	0.0	0.54
6546_1_1_1	6546_1_1_1	6546_1_1_1	3000978.0	3000978.0	0.0	moderate	6546_1_1_1	163.0	6.0	0.0	0.54
6549_1_1_1	6549_1_1_1	6549_1_1_1	3001250.0	3001250.0	0.0	moderate	6549_1_1_1	250.0	5.0	0.0	1.28
6556_1_1_1	6556_1_1_1	6556_1_1_1	3000150.0	3000150.0	0.0	moderate	6556_1_1_1	25.0	6.0	0.0	0.0
6557_1_1_1	6557_1_1_1	6557_1_1_1	2000063.0	2000063.0	0.0	tolerant	6557_1_1_1	21.0	3.0	0.0	0.0
6560_1_1_1	6560_1_1_1	6560_1_1_1	3000624.0	3000624.0	0.0	moderate	6560_1_1_1	104.0	6.0	0.0	2.18
6560_1_1_1	6553_1_1_1	6560_1_1_1	3000621.771083288	3000624.0	2.228916712105274	moderate	6553_1_1_1	104.0	6.0	2.2289167119	2.3
6560_1_1_1	4767_1_1_1	6560_1_1_1	3000412.0	3000624.0	212.0	moderate	4767_1_1_1	103.0	4.0	0.0	0.41
6560_1_1_1	6552_1_1_1	6560_1_1_1	2000518.3368160145	3000624.0	1000105.6631839855	tolerant	6552_1_1_1	104.0	5.0	1.6631839857	2.6
6561_1_1_1	6561_1_1_1	6561_1_1_1	3000069.0	3000069.0	0.0	moderate	6561_1_1_1	23.0	3.0	0.0	0.0
6565_1_1_1	6565_1_1_1	6565_1_1_1	1001176.0	1001176.0	0.0	unfiltered	6565_1_1_1	168.0	7.0	0.0	1.13
6566_1_1_1	6566_1_1_1	6566_1_1_1	2000057.0513996512	2000057.0513996512	0.0	tolerant	6566_1_1_1	30.0	2.0	2.9486003485	2.33
6570_1_1_1	6570_1_1_1	6570_1_1_1	3000872.00782186	3000872.00782186	0.0	moderate	6570_1_1_1	125.0	7.0	2.9921781403	2.73
6571_1_1_1	6571_1_1_1	6571_1_1_1	3000469.0	3000469.0	0.0	moderate	6571_1_1_1	67.0	7.0	0.0	0.15
6573_1_1_1	6573_1_1_1	6573_1_1_1	3000717.6780904233	3000717.6780904233	0.0	moderate	6573_1_1_1	120.0	6.0	2.3219095767	1.12
6576_2_1_1	6576_2_1_1	6576_2_1_1	3000120.0	3000120.0	0.0	moderate	6576_2_1_1	40.0	3.0	0.0	0.0
6577_1_1_1	6577_1_1_1	6577_1_1_1	2000633.1335420776	2000633.1335420776	0.0	tolerant	6577_1_1_1	106.0	6.0	2.8664579227	1.44
6579_1_1_1	6579_1_1_1	6579_1_1_1	3000357.0	3000357.0	0.0	moderate	6579_1_1_1	51.0	7.0	0.0	0.31
6582_1_1_1	6582_1_1_1	6582_1_1_1	2000765.288982962	2000765.288982962	0.0	tolerant	6582_1_1_1	128.0	6.0	2.711017038	1.54
6585_1_1_1	6585_1_1_1	6585_1_1_1	3000819.0	3000819.0	0.0	moderate	6585_1_1_1	117.0	7.0	0.0	2.1
6586_1_1_1	6586_1_1_1	6586_1_1_1	3000917.0	3000917.0	0.0	moderate	6586_1_1_1	131.0	7.0	0.0	7.15
6589_1_1_1	6589_1_1_1	6589_1_1_1	3000308.0	3000308.0	0.0	moderate	6589_1_1_1	44.0	7.0	0.0	3.23
6590_1_1_1	6590_1_1_1	6590_1_1_1	2000592.346421291	2000592.346421291	0.0	tolerant	6590_1_1_1	119.0	5.0	2.6535787091	2.02
6592_1_1_1	6592_1_1_1	6592_1_1_1	3000208.0	3000208.0	0.0	moderate	6592_1_1_1	52.0	4.0	0.0	0.0
6593_1_1_1	25837_1_1_1	25837_1_1_1	3000392.0	3000392.0	0.0	moderate	25837_1_1_1	56.0	7.0	0.0	1.58
6593_1_1_1	6593_1_1_1	25837_1_1_1	3000188.0	3000392.0	204.0	moderate	6593_1_1_1	47.0	4.0	0.0	0.0
6598_1_1_1	18865_1_1_1	18865_1_1_1	2000084.0	2000084.0	0.0	tolerant	18865_1_1_1	28.0	3.0	0.0	0.0
6598_1_1_1	6598_1_1_1	18865_1_1_1	2000056.0	2000084.0	28.0	tolerant	6598_1_1_1	28.0	2.0	0.0	0.0
6600_1_1_1	6600_1_1_1	6600_1_1_1	3000490.0	3000490.0	0.0	moderate	6600_1_1_1	70.0	7.0	0.0	1.34
6606_1_1_1	6606_1_1_1	6606_1_1_1	3000770.0	3000770.0	0.0	moderate	6606_1_1_1	110.0	7.0	0.0	1.16
6607_1_1_1	6607_1_1_1	6607_1_1_1	3000798.0	3000798.0	0.0	moderate	6607_1_1_1	114.0	7.0	0.0	0.76
6609_1_1_1	6609_1_1_1	6609_1_1_1	2000440.0	2000440.0	0.0	tolerant	6609_1_1_1	88.0	5.0	0.0	3.03
6615_1_1_1	6615_1_1_1	6615_1_1_1	3000803.7632227363	3000803.7632227363	0.0	moderate	6615_1_1_1	115.0	7.0	1.2367772637	0.2
6615_1_1_1	18652_1_1_1	6615_1_1_1	2000200.78753257	3000803.7632227363	1000602.9756901662	tolerant	18652_1_1_1	101.0	2.0	1.21246743	0.0
6619_1_1_1	6619_1_1_1	6619_1_1_1	3000075.0	3000075.0	0.0	moderate	6619_1_1_1	25.0	3.0	0.0	0.0
6619_1_1_1	6616_1_1_1	6619_1_1_1	3000075.0	3000075.0	0.0	moderate	6616_1_1_1	25.0	3.0	0.0	0.0
6619_1_1_1	6618_1_1_1	6619_1_1_1	2000060.0	3000075.0	1000015.0	tolerant	6618_1_1_1	30.0	2.0	0.0	0.0
6623_1_1_1	6623_1_1_1	6623_1_1_1	3000085.896907867	3000085.896907867	0.0	moderate	6623_1_1_1	29.0	3.0	1.103092133	0.0
6624_1_1_1	6624_1_1_1	6624_1_1_1	2000505.0	2000505.0	0.0	tolerant	6624_1_1_1	101.0	5.0	0.0	1.51
6626_1_1_1	6626_1_1_1	6626_1_1_1	2000906.0	2000906.0	0.0	tolerant	6626_1_1_1	151.0	6.0	0.0	1.72
6628_1_1_1	6628_1_1_1	6628_1_1_1	3000896.0	3000896.0	0.0	moderate	6628_1_1_1	224.0	4.0	0.0	1.47
6635_1_1_1	6635_1_1_1	6635_1_1_1	2000669.370931309	2000669.370931309	0.0	tolerant	6635_1_1_1	112.0	6.0	2.6290686911	1.91
6638_1_1_1	6638_1_1_1	6638_1_1_1	2000669.282608852	2000669.282608852	0.0	tolerant	6638_1_1_1	112.0	6.0	2.7173911483	2.46
6640_1_1_1	6640_1_1_1	6640_1_1_1	3000697.5121040787	3000697.5121040787	0.0	moderate	6640_1_1_1	100.0	7.0	2.4878959213	2.12
6644_1_1_1	6644_1_1_1	6644_1_1_1	3001309.0	3001309.0	0.0	moderate	6644_1_1_1	187.0	7.0	0.0	0.25
6645_1_1_1	6645_1_1_1	6645_1_1_1	3001113.0	3001113.0	0.0	moderate	6645_1_1_1	159.0	7.0	0.0	0.65
6646_1_1_1	6646_1_1_1	6646_1_1_1	3000759.6516534984	3000759.6516534984	0.0	moderate	6646_1_1_1	127.0	6.0	2.3483465017	0.32
6649_1_1_1	6649_1_1_1	6649_1_1_1	3000426.0	3000426.0	0.0	moderate	6649_1_1_1	71.0	6.0	0.0	1.21
6650_1_1_1	6808_1_1_1	6808_1_1_1	3000145.0	3000145.0	0.0	moderate	6808_1_1_1	29.0	5.0	0.0	0.0
6650_1_1_1	6650_1_1_1	6808_1_1_1	3000084.0	3000145.0	61.0	moderate	6650_1_1_1	28.0	3.0	0.0	0.0
6651_1_1_1	6651_1_1_1	6651_1_1_1	3000054.0	3000054.0	0.0	moderate	6651_1_1_1	18.0	3.0	0.0	0.0
6657_1_1_1	16745_1_1_1	16745_1_1_1	3000165.0	3000165.0	0.0	moderate	16745_1_1_1	33.0	5.0	0.0	0.0
6657_1_1_1	25574_1_1_1	16745_1_1_1	3000140.0	3000165.0	25.0	moderate	25574_1_1_1	28.0	5.0	0.0	0.0
6657_1_1_1	6657_1_1_1	16745_1_1_1	3000081.0	3000165.0	84.0	moderate	6657_1_1_1	27.0	3.0	0.0	0.0
6657_1_1_1	6656_1_1_1	16745_1_1_1	2000078.0	3000165.0	1000087.0	tolerant	6656_1_1_1	26.0	3.0	0.0	0.0
666_1_1_1	666_1_1_1	666_1_1_1	1000040.0	1000040.0	0.0	unfiltered	666_1_1_1	20.0	2.0	0.0	0.0
6679_1_1_1	6679_1_1_1	6679_1_1_1	3000378.0	3000378.0	0.0	moderate	6679_1_1_1	54.0	7.0	0.0	3.2
6679_1_1_1	6680_1_1_1	6679_1_1_1	3000342.0	3000378.0	36.0	moderate	6680_1_1_1	57.0	6.0	0.0	0.53
6681_1_1_1	6681_1_1_1	6681_1_1_1	2000120.0	2000120.0	0.0	tolerant	6681_1_1_1	40.0	3.0	0.0	0.0
6688_1_1_1	6688_1_1_1	6688_1_1_1	3001407.0	3001407.0	0.0	moderate	6688_1_1_1	201.0	7.0	0.0	0.25
6689_1_1_1	6689_1_1_1	6689_1_1_1	3000316.0	3000316.0	0.0	moderate	6689_1_1_1	79.0	4.0	0.0	0.0
6689_1_1_1	6687_1_1_1	6689_1_1_1	3000316.0	3000316.0	0.0	moderate	6687_1_1_1	79.0	4.0	0.0	0.0
668_1_1_1	668_1_1_1	668_1_1_1	1000012.0	1000012.0	0.0	unfiltered	668_1_1_1	6.0	2.0	0.0	0.0
6691_1_1_1	6691_1_1_1	6691_1_1_1	1000240.6612478154	1000240.6612478154	0.0	unfiltered	6691_1_1_1	62.0	4.0	7.3387521847	0.0
6693_1_1_1	6693_1_1_1	6693_1_1_1	3000896.0	3000896.0	0.0	moderate	6693_1_1_1	128.0	7.0	0.0	1.26
6710_1_1_1	6710_1_1_1	6710_1_1_1	3000456.0	3000456.0	0.0	moderate	6710_1_1_1	76.0	6.0	0.0	1.18
6712_1_1_1	6712_1_1_1	6712_1_1_1	3000889.0	3000889.0	0.0	moderate	6712_1_1_1	127.0	7.0	0.0	1.28
6713_1_1_1	6713_1_1_1	6713_1_1_1	3000480.0	3000480.0	0.0	moderate	6713_1_1_1	96.0	5.0	0.0	3.51
6715_1_1_1	6715_1_1_1	6715_1_1_1	2000344.0	2000344.0	0.0	tolerant	6715_1_1_1	86.0	4.0	0.0	0.0
6716_1_1_1	6716_1_1_1	6716_1_1_1	3000959.0	3000959.0	0.0	moderate	6716_1_1_1	137.0	7.0	0.0	0.27
6717_1_1_1	6717_1_1_1	6717_1_1_1	3000697.258172025	3000697.258172025	0.0	moderate	6717_1_1_1	100.0	7.0	2.7418279748	1.26
6723_1_1_1	6723_1_1_1	6723_1_1_1	1000751.0902469652	1000751.0902469652	0.0	unfiltered	6723_1_1_1	126.0	6.0	4.9097530347	1.17
6724_1_1_1	6724_1_1_1	6724_1_1_1	3000774.0	3000774.0	0.0	moderate	6724_1_1_1	129.0	6.0	0.0	1.55
6726_1_1_1	6726_1_1_1	6726_1_1_1	3001064.0	3001064.0	0.0	moderate	6726_1_1_1	152.0	7.0	0.0	1.08
6727_1_1_1	6727_1_1_1	6727_1_1_1	2000576.0	2000576.0	0.0	tolerant	6727_1_1_1	96.0	6.0	0.0	0.76
6729_1_1_1	6729_1_1_1	6729_1_1_1	3000111.0	3000111.0	0.0	moderate	6729_1_1_1	37.0	3.0	0.0	0.0
6731_1_1_1	6731_1_1_1	6731_1_1_1	3000959.0	3000959.0	0.0	moderate	6731_1_1_1	137.0	7.0	0.0	0.43
6734_1_1_1	6734_1_1_1	6734_1_1_1	2000220.0	2000220.0	0.0	tolerant	6734_1_1_1	110.0	2.0	0.0	0.0
6736_1_1_1	6736_1_1_1	6736_1_1_1	3000456.0	3000456.0	0.0	moderate	6736_1_1_1	76.0	6.0	0.0	0.65
6737_1_1_1	6737_1_1_1	6737_1_1_1	2000144.0	2000144.0	0.0	tolerant	6737_1_1_1	36.0	4.0	0.0	0.0
6738_1_1_1	6738_1_1_1	6738_1_1_1	3000803.822082553	3000803.822082553	0.0	moderate	6738_1_1_1	115.0	7.0	1.1779174469	0.45
6739_1_1_1	6739_1_1_1	6739_1_1_1	3000854.0	3000854.0	0.0	moderate	6739_1_1_1	122.0	7.0	0.0	0.76
6740_1_1_1	6740_1_1_1	6740_1_1_1	3000330.0	3000330.0	0.0	moderate	6740_1_1_1	55.0	6.0	0.0	0.78
6741_1_1_1	6741_1_1_1	6741_1_1_1	2000064.0	2000064.0	0.0	tolerant	6741_1_1_1	32.0	2.0	0.0	0.0
6743_1_3_1	6743_1_3_1	6743_1_3_1	3000350.0	3000350.0	0.0	moderate	6743_1_3_1	50.0	7.0	0.0	0.61
6744_1_1_1	6744_1_1_1	6744_1_1_1	3000861.0	3000861.0	0.0	moderate	6744_1_1_1	123.0	7.0	0.0	0.67
6745_1_1_1	6745_1_1_1	6745_1_1_1	3001104.0	3001104.0	0.0	moderate	6745_1_1_1	184.0	6.0	0.0	2.52
6746_1_1_1	6746_1_1_1	6746_1_1_1	3000504.0	3000504.0	0.0	moderate	6746_1_1_1	72.0	7.0	0.0	0.72
6751_1_1_1	6751_1_1_1	6751_1_1_1	3000602.0	3000602.0	0.0	moderate	6751_1_1_1	86.0	7.0	0.0	0.22
6752_1_1_1	6752_1_1_1	6752_1_1_1	3001539.725382425	3001539.725382425	0.0	moderate	6752_1_1_1	257.0	6.0	2.2746175751	0.76
6753_1_1_1	6753_1_1_1	6753_1_1_1	3001208.688227277	3001208.688227277	0.0	moderate	6753_1_1_1	173.0	7.0	2.3117727234	1.26
6755_1_1_1	6755_1_1_1	6755_1_1_1	3000720.0	3000720.0	0.0	moderate	6755_1_1_1	120.0	6.0	0.0	1.1
6757_1_1_1	6757_1_1_1	6757_1_1_1	3000130.0	3000130.0	0.0	moderate	6757_1_1_1	26.0	5.0	0.0	0.74
6758_1_1_1	6758_1_1_1	6758_1_1_1	3001037.211687566	3001037.211687566	0.0	moderate	6758_1_1_1	208.0	5.0	2.788312434	1.07
6759_1_1_1	6759_1_1_1	6759_1_1_1	3000966.0	3000966.0	0.0	moderate	6759_1_1_1	138.0	7.0	0.0	1.17
6761_1_1_1	6761_1_1_1	6761_1_1_1	3000613.250428484	3000613.250428484	0.0	moderate	6761_1_1_1	88.0	7.0	2.7495715161	0.73
6762_1_1_1	6762_1_1_1	6762_1_1_1	3000378.0	3000378.0	0.0	moderate	6762_1_1_1	63.0	6.0	0.0	2.2
6763_1_1_1	6763_1_1_1	6763_1_1_1	3000882.0	3000882.0	0.0	moderate	6763_1_1_1	126.0	7.0	0.0	0.34
6769_1_1_1	6769_1_1_1	6769_1_1_1	3000567.0	3000567.0	0.0	moderate	6769_1_1_1	81.0	7.0	0.0	0.97
6771_1_1_1	6771_1_1_1	6771_1_1_1	3000384.0	3000384.0	0.0	moderate	6771_1_1_1	64.0	6.0	0.0	1.92
6771_1_1_1	4207_1_1_1	6771_1_1_1	3000276.0	3000384.0	108.0	moderate	4207_1_1_1	69.0	4.0	0.0	0.0
6771_1_1_1	1743_1_1_1	6771_1_1_1	3000232.0	3000384.0	152.0	moderate	1743_1_1_1	58.0	4.0	0.0	0.0
6775_1_1_1	6774_1_1_1	6774_1_1_1	3000090.0	3000090.0	0.0	moderate	6774_1_1_1	18.0	5.0	0.0	0.0
6775_1_1_1	6775_1_1_1	6774_1_1_1	3000085.0	3000090.0	5.0	moderate	6775_1_1_1	17.0	5.0	0.0	0.0
6776_1_1_1	6776_1_1_1	6776_1_1_1	3000448.0	3000448.0	0.0	moderate	6776_1_1_1	64.0	7.0	0.0	0.59
6779_1_1_1	6629_1_1_1	6629_1_1_1	3000678.0	3000678.0	0.0	moderate	6629_1_1_1	113.0	6.0	0.0	0.93
6779_1_1_1	6779_1_1_1	6629_1_1_1	3000588.0	3000678.0	90.0	moderate	6779_1_1_1	98.0	6.0	0.0	0.93
677_1_1_1	677_1_1_1	677_1_1_1	1000046.0	1000046.0	0.0	unfiltered	677_1_1_1	23.0	2.0	0.0	0.0
6780_1_1_1	6780_1_1_1	6780_1_1_1	2000765.3096032375	2000765.3096032375	0.0	tolerant	6780_1_1_1	128.0	6.0	2.6903967623	1.21
6781_1_1_1	6781_1_1_1	6781_1_1_1	2000432.849036363	2000432.849036363	0.0	tolerant	6781_1_1_1	87.0	5.0	2.1509636371	0.66
6782_1_1_1	6782_1_1_1	6782_1_1_1	3001110.086604878	3001110.086604878	0.0	moderate	6782_1_1_1	159.0	7.0	2.9133951221	0.31
6786_1_1_1	6090_1_1_1	6090_1_1_1	3001428.0	3001428.0	0.0	moderate	6090_1_1_1	204.0	7.0	0.0	0.45
6786_1_1_1	6786_1_1_1	6090_1_1_1	3001358.0	3001428.0	70.0	moderate	6786_1_1_1	194.0	7.0	0.0	0.47
6786_1_1_1	4844_1_1_1	6090_1_1_1	3001060.0	3001428.0	368.0	moderate	4844_1_1_1	212.0	5.0	0.0	2.37
6788_1_1_1	6784_1_1_1	6784_1_1_1	2000287.321533574	2000287.321533574	0.0	tolerant	6784_1_1_1	58.0	5.0	2.678466426	1.89
6788_1_1_1	6788_1_1_1	6784_1_1_1	2000282.380987538	2000287.321533574	4.940546035999432	tolerant	6788_1_1_1	57.0	5.0	2.6190124619	1.92
6793_1_1_1	6793_1_1_1	6793_1_1_1	3000888.0	3000888.0	0.0	moderate	6793_1_1_1	148.0	6.0	0.0	0.21
6796_1_1_1	6796_1_1_1	6796_1_1_1	3000525.0	3000525.0	0.0	moderate	6796_1_1_1	105.0	5.0	0.0	0.59
6797_1_1_1	6797_1_1_1	6797_1_1_1	3000809.258691902	3000809.258691902	0.0	moderate	6797_1_1_1	116.0	7.0	2.7413080983	2.26
6799_1_1_1	6799_1_1_1	6799_1_1_1	3000697.6140495674	3000697.6140495674	0.0	moderate	6799_1_1_1	100.0	7.0	2.3859504324	0.33
6803_1_1_1	6803_1_1_1	6803_1_1_1	2000591.1628578124	2000591.1628578124	0.0	tolerant	6803_1_1_1	99.0	6.0	2.8371421876	1.39
6809_1_1_1	6809_1_1_1	6809_1_1_1	2000853.4117702136	2000853.4117702136	0.0	tolerant	6809_1_1_1	214.0	4.0	2.5882297867	1.02
6810_1_1_1	6810_1_1_1	6810_1_1_1	2001239.1654889304	2001239.1654889304	0.0	tolerant	6810_1_1_1	248.0	5.0	0.8345110695	1.54
6811_1_1_1	6811_1_1_1	6811_1_1_1	3000272.0	3000272.0	0.0	moderate	6811_1_1_1	68.0	4.0	0.0	0.0
6812_1_1_1	6812_1_1_1	6812_1_1_1	3000742.0	3000742.0	0.0	moderate	6812_1_1_1	106.0	7.0	0.0	2.54
6816_1_1_1	6816_1_1_1	6816_1_1_1	3000387.158417558	3000387.158417558	0.0	moderate	6816_1_1_1	65.0	6.0	2.841582442	0.98
6817_1_1_1	6817_1_1_1	6817_1_1_1	2000063.0	2000063.0	0.0	tolerant	6817_1_1_1	21.0	3.0	0.0	0.0
6820_1_1_1	6820_1_1_1	6820_1_1_1	2000561.0382288576	2000561.0382288576	0.0	tolerant	6820_1_1_1	94.0	6.0	2.9617711422	1.04
6822_1_1_1	6822_1_1_1	6822_1_1_1	3000371.0	3000371.0	0.0	moderate	6822_1_1_1	53.0	7.0	0.0	0.28
6824_1_1_1	6824_1_1_1	6824_1_1_1	2000510.0	2000510.0	0.0	tolerant	6824_1_1_1	85.0	6.0	0.0	2.47
6828_1_1_1	6828_1_1_1	6828_1_1_1	3000444.0	3000444.0	0.0	moderate	6828_1_1_1	111.0	4.0	0.0	0.41
6829_1_1_1	6829_1_1_1	6829_1_1_1	3000707.0	3000707.0	0.0	moderate	6829_1_1_1	101.0	7.0	0.0	1.61
6834_1_1_1	6834_1_1_1	6834_1_1_1	3000646.6025334927	3000646.6025334927	0.0	moderate	6834_1_1_1	108.0	6.0	1.3974665075	0.77
6835_1_1_1	7176_1_1_1	7176_1_1_1	3000075.0	3000075.0	0.0	moderate	7176_1_1_1	25.0	3.0	0.0	0.0
6835_1_1_1	6835_1_1_1	7176_1_1_1	3000072.0	3000075.0	3.0	moderate	6835_1_1_1	24.0	3.0	0.0	0.0
6835_1_1_1	21013_1_1_1	7176_1_1_1	3000063.0	3000075.0	12.0	moderate	21013_1_1_1	21.0	3.0	0.0	0.0
6835_1_1_1	20125_1_1_1	7176_1_1_1	3000057.0	3000075.0	18.0	moderate	20125_1_1_1	19.0	3.0	0.0	0.0
6837_1_1_1	6837_1_1_1	6837_1_1_1	3001001.0	3001001.0	0.0	moderate	6837_1_1_1	143.0	7.0	0.0	0.72
6840_1_1_1	6840_1_1_1	6840_1_1_1	3001078.0	3001078.0	0.0	moderate	6840_1_1_1	154.0	7.0	0.0	0.92
6841_1_1_1	11440_1_1_1	11440_1_1_1	3000490.0	3000490.0	0.0	moderate	11440_1_1_1	70.0	7.0	0.0	0.29
6841_1_1_1	6841_1_1_1	11440_1_1_1	3000276.0	3000490.0	214.0	moderate	6841_1_1_1	69.0	4.0	0.0	0.0
6841_1_1_1	6789_1_1_1	11440_1_1_1	2000138.4018600767	3000490.0	1000351.5981399233	tolerant	6789_1_1_1	70.0	2.0	1.5981399234	0.0
6843_1_1_1	6843_1_1_1	6843_1_1_1	3000672.0	3000672.0	0.0	moderate	6843_1_1_1	96.0	7.0	0.0	0.66
6844_1_1_1	6844_1_1_1	6844_1_1_1	3000567.0	3000567.0	0.0	moderate	6844_1_1_1	81.0	7.0	0.0	1.19
6847_1_1_1	6847_1_1_1	6847_1_1_1	3001022.0	3001022.0	0.0	moderate	6847_1_1_1	146.0	7.0	0.0	0.33
6850_1_1_1	6850_1_1_1	6850_1_1_1	3000342.0	3000342.0	0.0	moderate	6850_1_1_1	57.0	6.0	0.0	2.17
6851_1_1_1	6851_1_1_1	6851_1_1_1	2000407.463435956	2000407.463435956	0.0	tolerant	6851_1_1_1	82.0	5.0	2.5365640441	1.27
6853_1_1_1	6853_1_1_1	6853_1_1_1	3001037.792742581	3001037.792742581	0.0	moderate	6853_1_1_1	260.0	4.0	2.2072574191	1.26
6855_1_1_1	6855_1_1_1	6855_1_1_1	2000357.5198222927	2000357.5198222927	0.0	tolerant	6855_1_1_1	72.0	5.0	2.4801777072	1.09
6859_1_1_1	6859_1_1_1	6859_1_1_1	1000066.2141397372	1000066.2141397372	0.0	unfiltered	6859_1_1_1	25.0	3.0	8.7858602628	0.0
6860_1_1_1	6860_1_1_1	6860_1_1_1	3000847.0	3000847.0	0.0	moderate	6860_1_1_1	121.0	7.0	0.0	1.41
6864_1_1_1	6864_1_1_1	6864_1_1_1	2000797.9064140096	2000797.9064140096	0.0	tolerant	6864_1_1_1	160.0	5.0	2.0935859905	0.76
6865_1_1_1	6865_1_1_1	6865_1_1_1	3000282.0	3000282.0	0.0	moderate	6865_1_1_1	47.0	6.0	0.0	1.04
6866_1_1_1	6866_1_1_1	6866_1_1_1	3000847.0	3000847.0	0.0	moderate	6866_1_1_1	121.0	7.0	0.0	0.52
6867_1_1_1	6867_1_1_1	6867_1_1_1	3000219.6176850335	3000219.6176850335	0.0	moderate	6867_1_1_1	37.0	6.0	2.3823149666	0.54
6868_1_1_1	6868_1_1_1	6868_1_1_1	3000700.0	3000700.0	0.0	moderate	6868_1_1_1	100.0	7.0	0.0	0.55
6869_1_1_1	6869_1_1_1	6869_1_1_1	3000879.426465639	3000879.426465639	0.0	moderate	6869_1_1_1	126.0	7.0	2.5735343611	0.73
6873_1_1_1	6873_1_1_1	6873_1_1_1	2000575.0	2000575.0	0.0	tolerant	6873_1_1_1	115.0	5.0	0.0	0.72
6876_1_1_1	6876_1_1_1	6876_1_1_1	3000654.0	3000654.0	0.0	moderate	6876_1_1_1	109.0	6.0	0.0	1.63
6878_1_1_1	6878_1_1_1	6878_1_1_1	2000054.0	2000054.0	0.0	tolerant	6878_1_1_1	18.0	3.0	0.0	0.0
6879_1_1_1	6879_1_1_1	6879_1_1_1	3000421.524840546	3000421.524840546	0.0	moderate	6879_1_1_1	141.0	3.0	1.475159454	0.0
6882_1_1_1	6882_1_1_1	6882_1_1_1	3000448.0	3000448.0	0.0	moderate	6882_1_1_1	64.0	7.0	0.0	2.5
6883_1_1_1	6883_1_1_1	6883_1_1_1	3001404.997253521	3001404.997253521	0.0	moderate	6883_1_1_1	201.0	7.0	2.0027464789	1.53
6884_1_1_1	6884_1_1_1	6884_1_1_1	3000623.0	3000623.0	0.0	moderate	6884_1_1_1	89.0	7.0	0.0	1.91
6885_1_1_1	6885_1_1_1	6885_1_1_1	3000412.0	3000412.0	0.0	moderate	6885_1_1_1	103.0	4.0	0.0	0.0
6892_1_1_1	6892_1_1_1	6892_1_1_1	2000058.0	2000058.0	0.0	tolerant	6892_1_1_1	29.0	2.0	0.0	0.0
6893_1_1_1	6893_1_1_1	6893_1_1_1	2000712.602243476	2000712.602243476	0.0	tolerant	6893_1_1_1	143.0	5.0	2.3977565241	1.56
6894_1_1_1	34754_1_1_1	34754_1_1_1	3000683.5320964246	3000683.5320964246	0.0	moderate	34754_1_1_1	98.0	7.0	2.4679035753	1.5
6894_1_1_1	6894_1_1_1	34754_1_1_1	3000595.0	3000683.5320964246	88.5320964246057	moderate	6894_1_1_1	85.0	7.0	0.0	0.81
6894_1_1_1	51110_1_1_1	34754_1_1_1	2000152.0	3000683.5320964246	1000531.5320964246	tolerant	51110_1_1_1	76.0	2.0	0.0	0.0
6898_2_1_1	20110_1_1_1	20110_1_1_1	3000076.0	3000076.0	0.0	moderate	20110_1_1_1	19.0	4.0	0.0	0.0
6898_2_1_1	6898_2_1_1	20110_1_1_1	3000060.0	3000076.0	16.0	moderate	6898_2_1_1	20.0	3.0	0.0	0.0
6900_1_1_1	6900_1_1_1	6900_1_1_1	2000668.118815734	2000668.118815734	0.0	tolerant	6900_1_1_1	134.0	5.0	1.8811842659	0.38
6901_1_1_1	6901_1_1_1	6901_1_1_1	2000759.4156000924	2000759.4156000924	0.0	tolerant	6901_1_1_1	127.0	6.0	2.5843999076	1.16
6903_1_1_1	6903_1_1_1	6903_1_1_1	3000581.0	3000581.0	0.0	moderate	6903_1_1_1	83.0	7.0	0.0	3.92
6907_1_1_1	5536_1_1_1	5536_1_1_1	3000753.081421354	3000753.081421354	0.0	moderate	5536_1_1_1	108.0	7.0	2.9185786463	1.77
6907_1_1_1	6908_1_1_1	5536_1_1_1	3000525.0	3000753.081421354	228.08142135385424	moderate	6908_1_1_1	105.0	5.0	0.0	0.0
6907_1_1_1	4010_1_1_1	5536_1_1_1	3000400.0	3000753.081421354	353.08142135385424	moderate	4010_1_1_1	100.0	4.0	0.0	0.0
6907_1_1_1	6907_1_1_1	5536_1_1_1	3000388.0	3000753.081421354	365.08142135385424	moderate	6907_1_1_1	97.0	4.0	0.0	0.0
6907_1_1_1	6250_1_1_1	5536_1_1_1	2000384.0	3000753.081421354	1000369.0814213539	tolerant	6250_1_1_1	96.0	4.0	0.0	1.73
6910_1_1_1	6910_1_1_1	6910_1_1_1	3000774.0	3000774.0	0.0	moderate	6910_1_1_1	129.0	6.0	0.0	1.88
6917_1_1_1	6917_1_1_1	6917_1_1_1	2000540.0	2000540.0	0.0	tolerant	6917_1_1_1	108.0	5.0	0.0	0.86
6919_1_1_1	6919_1_1_1	6919_1_1_1	3000697.870166744	3000697.870166744	0.0	moderate	6919_1_1_1	100.0	7.0	2.1298332561	0.54
6923_1_1_1	6923_1_1_1	6923_1_1_1	2000867.4455253256	2000867.4455253256	0.0	tolerant	6923_1_1_1	145.0	6.0	2.5544746742	1.09
6925_1_1_1	6925_1_1_1	6925_1_1_1	3000756.0	3000756.0	0.0	moderate	6925_1_1_1	108.0	7.0	0.0	0.38
6926_1_1_1	6926_1_1_1	6926_1_1_1	2000408.6604557557	2000408.6604557557	0.0	tolerant	6926_1_1_1	82.0	5.0	1.3395442443	0.72
6928_1_1_1	6928_1_1_1	6928_1_1_1	3000777.0	3000777.0	0.0	moderate	6928_1_1_1	111.0	7.0	0.0	0.42
6929_1_1_1	6929_1_1_1	6929_1_1_1	3000546.0	3000546.0	0.0	moderate	6929_1_1_1	78.0	7.0	0.0	1.23
6930_1_1_1	6930_1_1_1	6930_1_1_1	3000714.0	3000714.0	0.0	moderate	6930_1_1_1	102.0	7.0	0.0	1.41
6932_1_1_1	6932_1_1_1	6932_1_1_1	3000875.0	3000875.0	0.0	moderate	6932_1_1_1	125.0	7.0	0.0	0.44
6934_1_1_1	6934_1_1_1	6934_1_1_1	3001022.0	3001022.0	0.0	moderate	6934_1_1_1	146.0	7.0	0.0	0.85
6938_1_1_1	6938_1_1_1	6938_1_1_1	3000760.269572151	3000760.269572151	0.0	moderate	6938_1_1_1	109.0	7.0	2.7304278491	0.73
6940_1_1_1	6940_1_1_1	6940_1_1_1	3000855.0	3000855.0	0.0	moderate	6940_1_1_1	171.0	5.0	0.0	1.05
6943_1_1_1	6943_1_1_1	6943_1_1_1	3000742.0	3000742.0	0.0	moderate	6943_1_1_1	106.0	7.0	0.0	0.29
6943_1_1_1	5094_1_1_1	6943_1_1_1	3000428.0	3000742.0	314.0	moderate	5094_1_1_1	107.0	4.0	0.0	0.0
6946_1_1_1	6946_1_1_1	6946_1_1_1	2000897.7384737595	2000897.7384737595	0.0	tolerant	6946_1_1_1	150.0	6.0	2.2615262402	1.92
6948_1_1_1	6948_1_1_1	6948_1_1_1	3000582.224192868	3000582.224192868	0.0	moderate	6948_1_1_1	117.0	5.0	2.775807132	0.7
6949_1_1_1	6949_1_1_1	6949_1_1_1	2000563.0803519185	2000563.0803519185	0.0	tolerant	6949_1_1_1	113.0	5.0	1.9196480815	1.14
6950_1_1_1	6950_1_1_1	6950_1_1_1	3000809.0013819523	3000809.0013819523	0.0	moderate	6950_1_1_1	116.0	7.0	2.9986180478	1.22
6951_1_1_1	6951_1_1_1	6951_1_1_1	2000072.0	2000072.0	0.0	tolerant	6951_1_1_1	24.0	3.0	0.0	0.0
6952_1_1_1	6952_1_1_1	6952_1_1_1	2000072.0	2000072.0	0.0	tolerant	6952_1_1_1	24.0	3.0	0.0	0.0
6954_1_1_1	6954_1_1_1	6954_1_1_1	3000054.0	3000054.0	0.0	moderate	6954_1_1_1	18.0	3.0	0.0	0.0
6955_1_1_1	6955_1_1_1	6955_1_1_1	3000560.0	3000560.0	0.0	moderate	6955_1_1_1	80.0	7.0	0.0	2.12
6957_1_1_1	6957_1_1_1	6957_1_1_1	3000637.0	3000637.0	0.0	moderate	6957_1_1_1	91.0	7.0	0.0	0.86
6960_1_1_1	6960_1_1_1	6960_1_1_1	3000714.0	3000714.0	0.0	moderate	6960_1_1_1	119.0	6.0	0.0	0.13
6964_1_1_1	6964_1_1_1	6964_1_1_1	3000896.0	3000896.0	0.0	moderate	6964_1_1_1	128.0	7.0	0.0	1.07
6969_1_1_1	6969_1_1_1	6969_1_1_1	3000364.0	3000364.0	0.0	moderate	6969_1_1_1	52.0	7.0	0.0	0.42
6971_1_1_1	6971_1_1_1	6971_1_1_1	3000882.0	3000882.0	0.0	moderate	6971_1_1_1	126.0	7.0	0.0	0.71
6973_1_1_1	6973_1_1_1	6973_1_1_1	3000816.184150958	3000816.184150958	0.0	moderate	6973_1_1_1	117.0	7.0	2.8158490418	1.63
6976_1_1_1	6976_1_1_1	6976_1_1_1	3000560.0	3000560.0	0.0	moderate	6976_1_1_1	80.0	7.0	0.0	0.56
6986_1_1_1	6986_1_1_1	6986_1_1_1	3000973.0	3000973.0	0.0	moderate	6986_1_1_1	139.0	7.0	0.0	3.0
6986_1_1_1	10318_1_1_1	6986_1_1_1	2000912.0	3000973.0	1000061.0	tolerant	10318_1_1_1	152.0	6.0	0.0	0.24
6989_1_1_1	6989_1_1_1	6989_1_1_1	3000665.0	3000665.0	0.0	moderate	6989_1_1_1	95.0	7.0	0.0	1.16
6999_1_1_1	6999_1_1_1	6999_1_1_1	3000693.0	3000693.0	0.0	moderate	6999_1_1_1	99.0	7.0	0.0	0.23
699_1_1_1	699_1_1_1	699_1_1_1	2000156.0	2000156.0	0.0	tolerant	699_1_1_1	52.0	3.0	0.0	0.0
7000_1_1_1	7000_1_1_1	7000_1_1_1	3000511.0	3000511.0	0.0	moderate	7000_1_1_1	73.0	7.0	0.0	0.72
7001_1_1_1	7001_1_1_1	7001_1_1_1	2000072.0	2000072.0	0.0	tolerant	7001_1_1_1	24.0	3.0	0.0	0.0
7004_1_1_1	7004_1_1_1	7004_1_1_1	3000973.0	3000973.0	0.0	moderate	7004_1_1_1	139.0	7.0	0.0	0.31
7005_1_1_1	6068_1_1_1	6068_1_1_1	3000140.0	3000140.0	0.0	moderate	6068_1_1_1	35.0	4.0	0.0	0.0
7005_1_1_1	5549_1_1_1	6068_1_1_1	3000140.0	3000140.0	0.0	moderate	5549_1_1_1	35.0	4.0	0.0	0.0
7005_1_1_1	5550_1_1_1	6068_1_1_1	3000140.0	3000140.0	0.0	moderate	5550_1_1_1	35.0	4.0	0.0	0.0
7005_1_1_1	7006_1_1_1	6068_1_1_1	3000102.0	3000140.0	38.0	moderate	7006_1_1_1	34.0	3.0	0.0	0.0
7005_1_1_1	7005_1_1_1	6068_1_1_1	3000099.0	3000140.0	41.0	moderate	7005_1_1_1	33.0	3.0	0.0	0.0
7005_1_1_1	25928_1_1_1	6068_1_1_1	3000093.0	3000140.0	47.0	moderate	25928_1_1_1	31.0	3.0	0.0	0.0
7005_1_1_1	4862_1_1_1	6068_1_1_1	2000102.0	3000140.0	1000038.0	tolerant	4862_1_1_1	34.0	3.0	0.0	0.0
7005_1_1_1	548_1_1_1	6068_1_1_1	2000068.0	3000140.0	1000072.0	tolerant	548_1_1_1	34.0	2.0	0.0	0.0
7010_1_1_1	7010_1_1_1	7010_1_1_1	3000141.0	3000141.0	0.0	moderate	7010_1_1_1	47.0	3.0	0.0	0.0
7014_1_1_1	7014_1_1_1	7014_1_1_1	3000798.0	3000798.0	0.0	moderate	7014_1_1_1	114.0	7.0	0.0	0.57
7019_1_1_1	7019_1_1_1	7019_1_1_1	2000550.0	2000550.0	0.0	tolerant	7019_1_1_1	110.0	5.0	0.0	2.9
7020_1_1_1	7020_1_1_1	7020_1_1_1	3000938.0	3000938.0	0.0	moderate	7020_1_1_1	134.0	7.0	0.0	0.92
7021_1_1_1	7021_1_1_1	7021_1_1_1	3001365.0	3001365.0	0.0	moderate	7021_1_1_1	195.0	7.0	0.0	1.18
7022_1_1_1	7022_1_1_1	7022_1_1_1	3001113.0	3001113.0	0.0	moderate	7022_1_1_1	159.0	7.0	0.0	0.25
7023_1_1_1	7023_1_1_1	7023_1_1_1	3001173.3794043954	3001173.3794043954	0.0	moderate	7023_1_1_1	168.0	7.0	2.6205956048	1.1
7032_1_1_1	5075_1_1_1	5075_1_1_1	3000754.1516219485	3000754.1516219485	0.0	moderate	5075_1_1_1	108.0	7.0	1.8483780516	0.52
7032_1_1_1	7032_1_1_1	5075_1_1_1	3000697.4266973124	3000754.1516219485	56.72492463607341	moderate	7032_1_1_1	100.0	7.0	2.5733026874	1.11
7032_1_1_1	2474_1_1_1	5075_1_1_1	1000004.0	3000754.1516219485	2000750.1516219485	unfiltered	2474_1_1_1	4.0	1.0	0.0	0.0
7032_1_1_1	2475_1_1_1	5075_1_1_1	1000004.0	3000754.1516219485	2000750.1516219485	unfiltered	2475_1_1_1	4.0	1.0	0.0	0.0
7036_1_1_1	7036_1_1_1	7036_1_1_1	3000354.0	3000354.0	0.0	moderate	7036_1_1_1	59.0	6.0	0.0	1.62
7049_1_1_1	7049_1_1_1	7049_1_1_1	3000104.0	3000104.0	0.0	moderate	7049_1_1_1	26.0	4.0	0.0	0.0
7050_1_1_1	11070_1_1_1	11070_1_1_1	3000104.0	3000104.0	0.0	moderate	11070_1_1_1	26.0	4.0	0.0	0.0
7050_1_1_1	7050_1_1_1	11070_1_1_1	3000063.0	3000104.0	41.0	moderate	7050_1_1_1	21.0	3.0	0.0	0.0
7050_1_1_1	11068_1_1_1	11070_1_1_1	3000063.0	3000104.0	41.0	moderate	11068_1_1_1	21.0	3.0	0.0	0.0
7050_1_1_1	5986_1_1_1	11070_1_1_1	3000063.0	3000104.0	41.0	moderate	5986_1_1_1	21.0	3.0	0.0	0.0
7050_1_1_1	4292_1_1_1	11070_1_1_1	3000063.0	3000104.0	41.0	moderate	4292_1_1_1	21.0	3.0	0.0	0.0
7050_1_1_1	5188_1_1_1	11070_1_1_1	3000063.0	3000104.0	41.0	moderate	5188_1_1_1	21.0	3.0	0.0	0.0
7050_1_1_1	7051_1_1_1	11070_1_1_1	3000063.0	3000104.0	41.0	moderate	7051_1_1_1	21.0	3.0	0.0	0.0
7053_1_1_1	18758_1_1_1	18758_1_1_1	3000767.7733771666	3000767.7733771666	0.0	moderate	18758_1_1_1	110.0	7.0	2.2266228332	0.63
7053_1_1_1	7053_1_1_1	18758_1_1_1	3000760.600703832	3000767.7733771666	7.172673334367573	moderate	7053_1_1_1	109.0	7.0	2.3992961676	0.93
7054_1_1_1	7054_1_1_1	7054_1_1_1	3000798.0	3000798.0	0.0	moderate	7054_1_1_1	114.0	7.0	0.0	0.68
7056_1_1_1	7056_1_1_1	7056_1_1_1	2000403.172065515	2000403.172065515	0.0	tolerant	7056_1_1_1	81.0	5.0	1.827934485	1.4
7057_1_1_1	7057_1_1_1	7057_1_1_1	3000329.0	3000329.0	0.0	moderate	7057_1_1_1	47.0	7.0	0.0	1.16
7059_1_1_1	7059_1_1_1	7059_1_1_1	3001281.0	3001281.0	0.0	moderate	7059_1_1_1	183.0	7.0	0.0	0.39
7063_1_1_1	7063_1_1_1	7063_1_1_1	3000840.0	3000840.0	0.0	moderate	7063_1_1_1	120.0	7.0	0.0	0.16
7065_1_1_1	7065_1_1_1	7065_1_1_1	1000096.9323289451	1000096.9323289451	0.0	unfiltered	7065_1_1_1	35.0	3.0	8.0676710547	0.0
7067_1_1_1	7067_1_1_1	7067_1_1_1	3000225.617477163	3000225.617477163	0.0	moderate	7067_1_1_1	57.0	4.0	2.3825228369	0.0
7069_1_1_1	7069_1_1_1	7069_1_1_1	3000486.0	3000486.0	0.0	moderate	7069_1_1_1	81.0	6.0	0.0	1.9
7070_1_1_1	7070_1_1_1	7070_1_1_1	3001106.0	3001106.0	0.0	moderate	7070_1_1_1	158.0	7.0	0.0	0.64
7071_1_1_1	7071_1_1_1	7071_1_1_1	2000501.639726197	2000501.639726197	0.0	tolerant	7071_1_1_1	84.0	6.0	2.3602738026	1.05
7072_1_1_1	7072_1_1_1	7072_1_1_1	3000595.0	3000595.0	0.0	moderate	7072_1_1_1	85.0	7.0	0.0	1.55
7072_1_1_1	6754_1_1_1	7072_1_1_1	3000510.0	3000595.0	85.0	moderate	6754_1_1_1	85.0	6.0	0.0	0.54
7072_1_1_1	27338_1_1_1	7072_1_1_1	3000240.0	3000595.0	355.0	moderate	27338_1_1_1	80.0	3.0	0.0	0.0
7073_1_1_1	7073_1_1_1	7073_1_1_1	3000272.0	3000272.0	0.0	moderate	7073_1_1_1	68.0	4.0	0.0	0.0
7075_1_1_1	7075_1_1_1	7075_1_1_1	3000483.0	3000483.0	0.0	moderate	7075_1_1_1	69.0	7.0	0.0	0.19
7079_1_1_1	7079_1_1_1	7079_1_1_1	3000866.341117908	3000866.341117908	0.0	moderate	7079_1_1_1	124.0	7.0	1.6588820916	0.69
7082_1_1_1	7082_1_1_1	7082_1_1_1	3000308.0	3000308.0	0.0	moderate	7082_1_1_1	44.0	7.0	0.0	3.03
7083_1_1_1	7083_1_1_1	7083_1_1_1	3000721.0	3000721.0	0.0	moderate	7083_1_1_1	103.0	7.0	0.0	3.08
7085_1_1_1	7085_1_1_1	7085_1_1_1	3000663.343296428	3000663.343296428	0.0	moderate	7085_1_1_1	95.0	7.0	1.6567035718	0.22
7086_1_1_1	7086_1_1_1	7086_1_1_1	3001064.0	3001064.0	0.0	moderate	7086_1_1_1	152.0	7.0	0.0	0.82
7088_1_1_1	7088_1_1_1	7088_1_1_1	3000694.9902004646	3000694.9902004646	0.0	moderate	7088_1_1_1	174.0	4.0	1.0097995353	0.93
7091_1_1_1	7091_1_1_1	7091_1_1_1	2000182.0	2000182.0	0.0	tolerant	7091_1_1_1	91.0	2.0	0.0	3.05
7091_1_1_1	18949_1_1_1	7091_1_1_1	1000078.8803024628	2000182.0	1000103.1196975372	unfiltered	18949_1_1_1	44.0	2.0	9.1196975371	0.0
7094_1_1_1	7094_1_1_1	7094_1_1_1	3000352.0	3000352.0	0.0	moderate	7094_1_1_1	88.0	4.0	0.0	0.0
7099_1_1_1	7099_1_1_1	7099_1_1_1	3000486.0	3000486.0	0.0	moderate	7099_1_1_1	81.0	6.0	0.0	1.43
7101_1_1_1	7101_1_1_1	7101_1_1_1	3000399.0	3000399.0	0.0	moderate	7101_1_1_1	57.0	7.0	0.0	1.84
7102_1_1_1	7102_1_1_1	7102_1_1_1	3000426.0	3000426.0	0.0	moderate	7102_1_1_1	71.0	6.0	0.0	1.17
7103_1_1_1	7103_1_1_1	7103_1_1_1	3001218.0	3001218.0	0.0	moderate	7103_1_1_1	174.0	7.0	0.0	0.75
7104_1_1_1	34026_1_1_1	34026_1_1_1	3000582.0	3000582.0	0.0	moderate	34026_1_1_1	97.0	6.0	0.0	0.62
7104_1_1_1	7104_1_1_1	34026_1_1_1	3000368.0	3000582.0	214.0	moderate	7104_1_1_1	92.0	4.0	0.0	0.0
7107_1_1_1	7107_1_1_1	7107_1_1_1	3000917.0	3000917.0	0.0	moderate	7107_1_1_1	131.0	7.0	0.0	2.39
7108_1_1_1	7108_1_1_1	7108_1_1_1	3000714.0	3000714.0	0.0	moderate	7108_1_1_1	102.0	7.0	0.0	0.75
7112_1_1_1	7112_1_1_1	7112_1_1_1	3000644.0	3000644.0	0.0	moderate	7112_1_1_1	92.0	7.0	0.0	0.34
7115_1_1_1	7115_1_1_1	7115_1_1_1	2001269.1719147768	2001269.1719147768	0.0	tolerant	7115_1_1_1	212.0	6.0	2.8280852232	1.69
7116_1_1_1	7116_1_1_1	7116_1_1_1	2000630.0	2000630.0	0.0	tolerant	7116_1_1_1	90.0	7.0	0.0	0.99
7117_1_1_1	7117_1_1_1	7117_1_1_1	3000259.0	3000259.0	0.0	moderate	7117_1_1_1	37.0	7.0	0.0	1.07
7118_1_1_1	7118_1_1_1	7118_1_1_1	3000504.0	3000504.0	0.0	moderate	7118_1_1_1	72.0	7.0	0.0	0.18
7120_1_1_1	7151_1_1_1	7151_1_1_1	3000511.0	3000511.0	0.0	moderate	7151_1_1_1	73.0	7.0	0.0	0.41
7120_1_1_1	7120_1_1_1	7151_1_1_1	3000438.0	3000511.0	73.0	moderate	7120_1_1_1	73.0	6.0	0.0	0.58
7121_1_1_1	7121_1_1_1	7121_1_1_1	3001008.0	3001008.0	0.0	moderate	7121_1_1_1	168.0	6.0	0.0	0.22
7122_1_1_1	7122_1_1_1	7122_1_1_1	3001106.0	3001106.0	0.0	moderate	7122_1_1_1	158.0	7.0	0.0	3.13
7127_1_1_1	7127_1_1_1	7127_1_1_1	3000555.3145796065	3000555.3145796065	0.0	moderate	7127_1_1_1	93.0	6.0	2.6854203936	0.98
7128_1_1_1	7128_1_1_1	7128_1_1_1	3000737.4280422945	3000737.4280422945	0.0	moderate	7128_1_1_1	185.0	4.0	2.5719577056	1.12
7130_1_1_1	7130_1_1_1	7130_1_1_1	3001285.0	3001285.0	0.0	moderate	7130_1_1_1	257.0	5.0	0.0	2.7
7133_1_1_1	7133_1_1_1	7133_1_1_1	2000230.0	2000230.0	0.0	tolerant	7133_1_1_1	115.0	2.0	0.0	0.0
7134_1_1_1	7134_1_1_1	7134_1_1_1	3000285.0	3000285.0	0.0	moderate	7134_1_1_1	57.0	5.0	0.0	0.0
7137_1_1_1	7137_1_1_1	7137_1_1_1	3000704.047289815	3000704.047289815	0.0	moderate	7137_1_1_1	101.0	7.0	2.9527101852	1.18
7140_1_1_1	7140_1_1_1	7140_1_1_1	3000388.0	3000388.0	0.0	moderate	7140_1_1_1	97.0	4.0	0.0	1.15
7140_1_1_1	5504_1_1_1	7140_1_1_1	2000726.0	3000388.0	999662.0	tolerant	5504_1_1_1	121.0	6.0	0.0	0.84
7147_1_1_1	7396_1_1_1	7396_1_1_1	3000630.0	3000630.0	0.0	moderate	7396_1_1_1	105.0	6.0	0.0	0.17
7147_1_1_1	7147_1_1_1	7396_1_1_1	3000612.0	3000630.0	18.0	moderate	7147_1_1_1	102.0	6.0	0.0	0.38
7149_1_1_1	7149_1_1_1	7149_1_1_1	1000342.8800449384	1000342.8800449384	0.0	unfiltered	7149_1_1_1	172.0	2.0	1.1199550616	0.0
7156_1_1_1	7156_1_1_1	7156_1_1_1	3000060.0	3000060.0	0.0	moderate	7156_1_1_1	20.0	3.0	0.0	0.0
7162_1_1_1	7162_1_1_1	7162_1_1_1	2000242.0	2000242.0	0.0	tolerant	7162_1_1_1	121.0	2.0	0.0	0.0
7165_1_1_1	7165_1_1_1	7165_1_1_1	3000686.0	3000686.0	0.0	moderate	7165_1_1_1	98.0	7.0	0.0	1.46
7166_1_1_1	375_1_1_1	375_1_1_1	3000141.0	3000141.0	0.0	moderate	375_1_1_1	47.0	3.0	0.0	0.0
7166_1_1_1	7166_1_1_1	375_1_1_1	3000132.0	3000141.0	9.0	moderate	7166_1_1_1	44.0	3.0	0.0	0.0
7166_1_1_1	80_1_1_1	375_1_1_1	2000132.0	3000141.0	1000009.0	tolerant	80_1_1_1	44.0	3.0	0.0	0.0
7167_1_1_1	7167_1_1_1	7167_1_1_1	3001533.0	3001533.0	0.0	moderate	7167_1_1_1	219.0	7.0	0.0	0.69
7170_1_1_1	7170_1_1_1	7170_1_1_1	3000774.0027833953	3000774.0027833953	0.0	moderate	7170_1_1_1	111.0	7.0	2.9972166046	0.73
7172_1_1_1	7172_1_1_1	7172_1_1_1	3000980.0	3000980.0	0.0	moderate	7172_1_1_1	140.0	7.0	0.0	1.36
7173_1_1_1	7173_1_1_1	7173_1_1_1	2000120.0	2000120.0	0.0	tolerant	7173_1_1_1	40.0	3.0	0.0	0.0
7173_1_1_1	7171_1_1_1	7173_1_1_1	2000120.0	2000120.0	0.0	tolerant	7171_1_1_1	40.0	3.0	0.0	0.0
7175_1_1_1	7175_1_1_1	7175_1_1_1	2000489.1819529776	2000489.1819529776	0.0	tolerant	7175_1_1_1	82.0	6.0	2.8180470221	0.47
7179_1_1_1	7179_1_1_1	7179_1_1_1	3000679.0	3000679.0	0.0	moderate	7179_1_1_1	97.0	7.0	0.0	0.87
7180_1_1_1	7180_1_1_1	7180_1_1_1	3000912.0	3000912.0	0.0	moderate	7180_1_1_1	152.0	6.0	0.0	0.3
7181_1_1_1	7181_1_1_1	7181_1_1_1	3000426.0	3000426.0	0.0	moderate	7181_1_1_1	71.0	6.0	0.0	0.24
7182_1_1_1	7182_1_1_1	7182_1_1_1	2000497.7316933095	2000497.7316933095	0.0	tolerant	7182_1_1_1	100.0	5.0	2.2683066906	2.84
7184_1_1_1	7184_1_1_1	7184_1_1_1	3000742.0	3000742.0	0.0	moderate	7184_1_1_1	106.0	7.0	0.0	2.4
7185_1_1_1	7185_1_1_1	7185_1_1_1	3000370.0	3000370.0	0.0	moderate	7185_1_1_1	74.0	5.0	0.0	0.76
7186_1_1_1	7186_1_1_1	7186_1_1_1	3000081.0	3000081.0	0.0	moderate	7186_1_1_1	27.0	3.0	0.0	0.0
7187_1_1_1	7187_1_1_1	7187_1_1_1	3000693.0	3000693.0	0.0	moderate	7187_1_1_1	99.0	7.0	0.0	3.35
7189_1_1_1	7189_1_1_1	7189_1_1_1	3001064.0	3001064.0	0.0	moderate	7189_1_1_1	152.0	7.0	0.0	0.77
7191_1_1_1	7191_1_1_1	7191_1_1_1	2000407.1514773928	2000407.1514773928	0.0	tolerant	7191_1_1_1	82.0	5.0	2.8485226073	1.1
7192_1_1_1	7192_1_1_1	7192_1_1_1	2000333.9424029237	2000333.9424029237	0.0	tolerant	7192_1_1_1	67.0	5.0	1.0575970765	1.25
7193_1_1_1	7193_1_1_1	7193_1_1_1	3000728.0	3000728.0	0.0	moderate	7193_1_1_1	104.0	7.0	0.0	0.74
7201_1_1_1	7201_1_1_1	7201_1_1_1	3000749.0	3000749.0	0.0	moderate	7201_1_1_1	107.0	7.0	0.0	0.2
7203_1_1_1	7203_1_1_1	7203_1_1_1	3000429.6064382177	3000429.6064382177	0.0	moderate	7203_1_1_1	72.0	6.0	2.3935617822	1.11
7204_1_1_1	7204_1_1_1	7204_1_1_1	3000973.0	3000973.0	0.0	moderate	7204_1_1_1	139.0	7.0	0.0	0.92
7207_1_1_1	7207_1_1_1	7207_1_1_1	3001029.0	3001029.0	0.0	moderate	7207_1_1_1	147.0	7.0	0.0	0.25
7209_1_1_1	7209_1_1_1	7209_1_1_1	3000774.450730709	3000774.450730709	0.0	moderate	7209_1_1_1	111.0	7.0	2.5492692912	1.17
7214_1_1_1	7214_1_1_1	7214_1_1_1	3000057.0	3000057.0	0.0	moderate	7214_1_1_1	19.0	3.0	0.0	0.0
7215_1_1_1	7215_1_1_1	7215_1_1_1	3000055.559244174	3000055.559244174	0.0	moderate	7215_1_1_1	19.0	3.0	1.4407558258	0.0
7216_1_1_1	15064_1_1_1	15064_1_1_1	3001200.0	3001200.0	0.0	moderate	15064_1_1_1	240.0	5.0	0.0	0.87
7216_1_1_1	7216_1_1_1	15064_1_1_1	3001025.0	3001200.0	175.0	moderate	7216_1_1_1	205.0	5.0	0.0	0.26
7216_1_1_1	15066_1_1_1	15064_1_1_1	3000873.0075531704	3001200.0	326.99244682956487	moderate	15066_1_1_1	219.0	4.0	2.9924468297	0.67
7216_1_1_1	16565_1_1_1	15064_1_1_1	1000712.0	3001200.0	2000488.0	unfiltered	16565_1_1_1	178.0	4.0	0.0	0.44
7218_1_1_1	7218_1_1_1	7218_1_1_1	2000766.263467834	2000766.263467834	0.0	tolerant	7218_1_1_1	128.0	6.0	1.7365321661	1.09
7219_1_1_1	7219_1_1_1	7219_1_1_1	2000999.437625359	2000999.437625359	0.0	tolerant	7219_1_1_1	167.0	6.0	2.5623746409	1.16
7220_1_1_1	7220_1_1_1	7220_1_1_1	3001012.0490414593	3001012.0490414593	0.0	moderate	7220_1_1_1	145.0	7.0	2.9509585406	3.15
7223_1_1_1	7223_1_1_1	7223_1_1_1	2000489.9643708323	2000489.9643708323	0.0	tolerant	7223_1_1_1	82.0	6.0	2.0356291676	0.35
7224_1_1_1	7224_1_1_1	7224_1_1_1	2000354.0	2000354.0	0.0	tolerant	7224_1_1_1	59.0	6.0	0.0	0.12
7225_1_1_1	7225_1_1_1	7225_1_1_1	2000459.447531266	2000459.447531266	0.0	tolerant	7225_1_1_1	77.0	6.0	2.5524687339	1.42
7226_1_1_1	7226_1_1_1	7226_1_1_1	2000318.0	2000318.0	0.0	tolerant	7226_1_1_1	106.0	3.0	0.0	1.14
7228_1_1_1	7228_1_1_1	7228_1_1_1	3000816.0	3000816.0	0.0	moderate	7228_1_1_1	136.0	6.0	0.0	0.46
7229_1_1_1	7229_1_1_1	7229_1_1_1	3000518.0	3000518.0	0.0	moderate	7229_1_1_1	74.0	7.0	0.0	1.34
7242_1_1_1	7242_1_1_1	7242_1_1_1	3001584.0	3001584.0	0.0	moderate	7242_1_1_1	264.0	6.0	0.0	0.13
7245_1_1_1	7245_1_1_1	7245_1_1_1	3000156.0	3000156.0	0.0	moderate	7245_1_1_1	26.0	6.0	0.0	0.0
7246_1_1_1	7246_1_1_1	7246_1_1_1	2000109.1562120249	2000109.1562120249	0.0	tolerant	7246_1_1_1	56.0	2.0	2.8437879753	2.06
7251_1_1_1	4934_1_1_1	4934_1_1_1	3000186.0	3000186.0	0.0	moderate	4934_1_1_1	31.0	6.0	0.0	0.94
7251_1_1_1	7251_1_1_1	4934_1_1_1	3000087.0	3000186.0	99.0	moderate	7251_1_1_1	29.0	3.0	0.0	0.0
7251_1_1_1	7252_1_1_1	4934_1_1_1	3000087.0	3000186.0	99.0	moderate	7252_1_1_1	29.0	3.0	0.0	0.0
7251_1_1_1	7253_1_1_1	4934_1_1_1	3000087.0	3000186.0	99.0	moderate	7253_1_1_1	29.0	3.0	0.0	0.0
7251_1_1_1	7254_1_1_1	4934_1_1_1	3000087.0	3000186.0	99.0	moderate	7254_1_1_1	29.0	3.0	0.0	0.0
7251_1_1_1	7255_1_1_1	4934_1_1_1	3000087.0	3000186.0	99.0	moderate	7255_1_1_1	29.0	3.0	0.0	0.0
7256_1_1_1	7256_1_1_1	7256_1_1_1	3000894.0504419324	3000894.0504419324	0.0	moderate	7256_1_1_1	128.0	7.0	1.9495580675	0.17
7256_1_1_1	7178_1_1_1	7256_1_1_1	3000588.0	3000894.0504419324	306.0504419323988	moderate	7178_1_1_1	98.0	6.0	0.0	0.3
7257_1_1_1	7257_1_1_1	7257_1_1_1	2000579.4855485023	2000579.4855485023	0.0	tolerant	7257_1_1_1	97.0	6.0	2.5144514975	0.94
7258_1_1_1	7258_1_1_1	7258_1_1_1	2000108.0	2000108.0	0.0	tolerant	7258_1_1_1	36.0	3.0	0.0	0.0
7259_1_1_1	7259_1_1_1	7259_1_1_1	3000700.0	3000700.0	0.0	moderate	7259_1_1_1	100.0	7.0	0.0	1.9
7260_1_1_1	7260_1_1_1	7260_1_1_1	3000616.0	3000616.0	0.0	moderate	7260_1_1_1	88.0	7.0	0.0	0.59
7261_1_1_1	7261_1_1_1	7261_1_1_1	3000574.0	3000574.0	0.0	moderate	7261_1_1_1	82.0	7.0	0.0	0.21
7262_1_1_1	7262_1_1_1	7262_1_1_1	3000256.36861164	3000256.36861164	0.0	moderate	7262_1_1_1	43.0	6.0	1.6313883601	0.0
7264_1_1_1	7264_1_1_1	7264_1_1_1	3001505.0	3001505.0	0.0	moderate	7264_1_1_1	301.0	5.0	0.0	0.74
7266_1_1_1	7266_1_1_1	7266_1_1_1	3000595.0	3000595.0	0.0	moderate	7266_1_1_1	85.0	7.0	0.0	1.4
7268_1_1_1	7268_1_1_1	7268_1_1_1	2000721.0	2000721.0	0.0	tolerant	7268_1_1_1	103.0	7.0	0.0	0.83
7269_1_1_1	7269_1_1_1	7269_1_1_1	3000931.0	3000931.0	0.0	moderate	7269_1_1_1	133.0	7.0	0.0	1.17
7270_1_1_1	7270_1_1_1	7270_1_1_1	3001036.0	3001036.0	0.0	moderate	7270_1_1_1	148.0	7.0	0.0	1.08
7274_1_1_1	7274_1_1_1	7274_1_1_1	3001012.4850253817	3001012.4850253817	0.0	moderate	7274_1_1_1	145.0	7.0	2.5149746182	1.43
7276_1_1_1	7276_1_1_1	7276_1_1_1	3000819.0	3000819.0	0.0	moderate	7276_1_1_1	117.0	7.0	0.0	0.76
7281_1_1_1	7281_1_1_1	7281_1_1_1	3000791.0	3000791.0	0.0	moderate	7281_1_1_1	113.0	7.0	0.0	0.72
7283_1_1_1	7283_1_1_1	7283_1_1_1	2000056.0	2000056.0	0.0	tolerant	7283_1_1_1	28.0	2.0	0.0	0.0
7283_1_1_1	7284_1_1_1	7283_1_1_1	1000078.1245428524	2000056.0	999977.8754571476	unfiltered	7284_1_1_1	28.0	3.0	5.8754571476	0.0
7285_1_1_1	7285_1_1_1	7285_1_1_1	3000658.0	3000658.0	0.0	moderate	7285_1_1_1	94.0	7.0	0.0	0.87
7286_1_1_1	7286_1_1_1	7286_1_1_1	3001232.0	3001232.0	0.0	moderate	7286_1_1_1	176.0	7.0	0.0	0.85
7287_1_1_1	7287_1_1_1	7287_1_1_1	3000770.0	3000770.0	0.0	moderate	7287_1_1_1	110.0	7.0	0.0	0.26
7288_1_1_1	7288_1_1_1	7288_1_1_1	3000255.6533183926	3000255.6533183926	0.0	moderate	7288_1_1_1	43.0	6.0	2.3466816074	2.04
7289_1_1_1	7289_1_1_1	7289_1_1_1	2000073.1652543745	2000073.1652543745	0.0	tolerant	7289_1_1_1	38.0	2.0	2.8347456255	0.0
7290_1_1_1	7290_1_1_1	7290_1_1_1	2000078.0	2000078.0	0.0	tolerant	7290_1_1_1	39.0	2.0	0.0	0.0
7291_1_1_1	7291_1_1_1	7291_1_1_1	3000637.0	3000637.0	0.0	moderate	7291_1_1_1	91.0	7.0	0.0	1.45
7299_1_1_1	7299_1_1_1	7299_1_1_1	3000117.0	3000117.0	0.0	moderate	7299_1_1_1	39.0	3.0	0.0	0.0
7300_1_1_1	7300_1_1_1	7300_1_1_1	3000749.0	3000749.0	0.0	moderate	7300_1_1_1	107.0	7.0	0.0	3.01
7301_1_1_1	7301_1_1_1	7301_1_1_1	3000691.2548047225	3000691.2548047225	0.0	moderate	7301_1_1_1	99.0	7.0	1.7451952773	0.28
7302_1_1_1	7302_1_1_1	7302_1_1_1	2000735.192067323	2000735.192067323	0.0	tolerant	7302_1_1_1	123.0	6.0	2.807932677	0.5
7303_1_1_1	7303_1_1_1	7303_1_1_1	3001047.142379444	3001047.142379444	0.0	moderate	7303_1_1_1	150.0	7.0	2.8576205557	1.44
7313_1_1_1	7313_1_1_1	7313_1_1_1	2000688.0	2000688.0	0.0	tolerant	7313_1_1_1	172.0	4.0	0.0	3.29
7323_1_1_1	15645_1_1_1	15645_1_1_1	3000644.0	3000644.0	0.0	moderate	15645_1_1_1	92.0	7.0	0.0	0.48
7323_1_1_1	7323_1_1_1	15645_1_1_1	3000504.0	3000644.0	140.0	moderate	7323_1_1_1	84.0	6.0	0.0	0.75
7323_1_1_1	4116_1_1_1	15645_1_1_1	3000498.0	3000644.0	146.0	moderate	4116_1_1_1	83.0	6.0	0.0	2.06
7323_1_1_1	7318_1_1_1	15645_1_1_1	3000456.0	3000644.0	188.0	moderate	7318_1_1_1	76.0	6.0	0.0	0.55
7323_1_1_1	7316_1_1_1	15645_1_1_1	3000425.0	3000644.0	219.0	moderate	7316_1_1_1	85.0	5.0	0.0	0.29
7323_1_1_1	7317_1_1_1	15645_1_1_1	3000365.0	3000644.0	279.0	moderate	7317_1_1_1	73.0	5.0	0.0	0.46
7323_1_1_1	7188_1_1_1	15645_1_1_1	2000510.0	3000644.0	1000134.0	tolerant	7188_1_1_1	85.0	6.0	0.0	0.2
7323_1_1_1	17513_1_1_1	15645_1_1_1	1000506.2635373533	3000644.0	2000137.7364626466	unfiltered	17513_1_1_1	85.0	6.0	3.7364626467	1.89
7324_1_1_1	7324_1_1_1	7324_1_1_1	3000644.0	3000644.0	0.0	moderate	7324_1_1_1	92.0	7.0	0.0	2.27
7325_1_1_1	7325_1_1_1	7325_1_1_1	3000705.0	3000705.0	0.0	moderate	7325_1_1_1	141.0	5.0	0.0	1.65
7326_1_1_1	7326_1_1_1	7326_1_1_1	3000250.0	3000250.0	0.0	moderate	7326_1_1_1	50.0	5.0	0.0	0.0
7327_1_1_1	7327_1_1_1	7327_1_1_1	3000290.0	3000290.0	0.0	moderate	7327_1_1_1	58.0	5.0	0.0	0.0
7339_1_1_1	7339_1_1_1	7339_1_1_1	2000945.1555977936	2000945.1555977936	0.0	tolerant	7339_1_1_1	158.0	6.0	2.8444022063	0.63
7340_1_1_1	7340_1_1_1	7340_1_1_1	3000460.0	3000460.0	0.0	moderate	7340_1_1_1	92.0	5.0	0.0	0.29
7340_1_1_1	15019_1_1_1	7340_1_1_1	2000351.0	3000460.0	1000109.0	tolerant	15019_1_1_1	117.0	3.0	0.0	0.25
7340_1_1_1	27570_1_1_1	7340_1_1_1	1000400.0	3000460.0	2000060.0	unfiltered	27570_1_1_1	100.0	4.0	0.0	1.14
7340_1_1_1	19754_1_1_1	7340_1_1_1	1000384.0	3000460.0	2000076.0	unfiltered	19754_1_1_1	96.0	4.0	0.0	1.46
7349_1_1_1	7349_1_1_1	7349_1_1_1	2000272.1256681967	2000272.1256681967	0.0	tolerant	7349_1_1_1	55.0	5.0	2.8743318032	2.72
7350_1_1_1	7350_1_1_1	7350_1_1_1	2000312.0	2000312.0	0.0	tolerant	7350_1_1_1	52.0	6.0	0.0	2.71
7362_1_1_1	7362_1_1_1	7362_1_1_1	2000312.276354575	2000312.276354575	0.0	tolerant	7362_1_1_1	63.0	5.0	2.7236454249	1.7
7364_1_1_1	7364_1_1_1	7364_1_1_1	3000679.0	3000679.0	0.0	moderate	7364_1_1_1	97.0	7.0	0.0	1.63
7364_1_1_1	51283_1_1_1	7364_1_1_1	3000352.0	3000679.0	327.0	moderate	51283_1_1_1	88.0	4.0	0.0	2.01
7365_1_1_1	7365_1_1_1	7365_1_1_1	3000291.3964827647	3000291.3964827647	0.0	moderate	7365_1_1_1	49.0	6.0	2.6035172353	1.13
7382_1_1_1	7382_1_1_1	7382_1_1_1	3000581.0	3000581.0	0.0	moderate	7382_1_1_1	83.0	7.0	0.0	2.29
7383_1_1_1	7383_1_1_1	7383_1_1_1	3000504.0	3000504.0	0.0	moderate	7383_1_1_1	72.0	7.0	0.0	2.34
7386_1_1_1	7386_1_1_1	7386_1_1_1	3000294.0	3000294.0	0.0	moderate	7386_1_1_1	42.0	7.0	0.0	1.69
7401_2_1_1	7401_2_1_1	7401_2_1_1	3000350.0	3000350.0	0.0	moderate	7401_2_1_1	50.0	7.0	0.0	0.47
7402_1_1_1	7402_1_1_1	7402_1_1_1	3000072.0	3000072.0	0.0	moderate	7402_1_1_1	24.0	3.0	0.0	0.0
7419_1_1_1	7419_1_1_1	7419_1_1_1	3000613.6130520236	3000613.6130520236	0.0	moderate	7419_1_1_1	88.0	7.0	2.3869479762	0.49
7421_1_1_1	7421_1_1_1	7421_1_1_1	3000434.0	3000434.0	0.0	moderate	7421_1_1_1	62.0	7.0	0.0	1.07
7421_1_1_1	7420_1_1_1	7421_1_1_1	3000434.0	3000434.0	0.0	moderate	7420_1_1_1	62.0	7.0	0.0	0.75
7426_1_1_1	7426_1_1_1	7426_1_1_1	2000606.3333021612	2000606.3333021612	0.0	tolerant	7426_1_1_1	203.0	3.0	2.6666978387	0.0
754_1_1_1	754_1_1_1	754_1_1_1	2000040.0	2000040.0	0.0	tolerant	754_1_1_1	20.0	2.0	0.0	0.0
780_1_1_1	780_1_1_1	780_1_1_1	3000099.0	3000099.0	0.0	moderate	780_1_1_1	33.0	3.0	0.0	0.0
810_1_1_1	810_1_1_1	810_1_1_1	3000076.339535393	3000076.339535393	0.0	moderate	810_1_1_1	26.0	3.0	1.6604646072	0.0
81_1_1_1	81_1_1_1	81_1_1_1	2000036.0	2000036.0	0.0	tolerant	81_1_1_1	18.0	2.0	0.0	0.0
821_1_1_1	821_1_1_1	821_1_1_1	1000015.0	1000015.0	0.0	unfiltered	821_1_1_1	5.0	3.0	0.0	0.0
822_1_1_1	822_1_1_1	822_1_1_1	1000006.0	1000006.0	0.0	unfiltered	822_1_1_1	3.0	2.0	0.0	0.0
86_1_1_1	86_1_1_1	86_1_1_1	1000033.0	1000033.0	0.0	unfiltered	86_1_1_1	11.0	3.0	0.0	0.0
915_1_1_1	17603_1_1_1	17603_1_1_1	3000972.0	3000972.0	0.0	moderate	17603_1_1_1	162.0	6.0	0.0	0.42
915_1_1_1	17604_1_1_1	17603_1_1_1	3000810.0	3000972.0	162.0	moderate	17604_1_1_1	162.0	5.0	0.0	0.0
915_1_1_1	915_1_1_1	17603_1_1_1	3000636.0	3000972.0	336.0	moderate	915_1_1_1	159.0	4.0	0.0	0.0
916_1_1_1	26821_1_1_1	26821_1_1_1	3000612.0	3000612.0	0.0	moderate	26821_1_1_1	102.0	6.0	0.0	0.33
916_1_1_1	17013_1_1_1	26821_1_1_1	3000384.0	3000612.0	228.0	moderate	17013_1_1_1	96.0	4.0	0.0	0.35
916_1_1_1	916_1_1_1	26821_1_1_1	3000291.0	3000612.0	321.0	moderate	916_1_1_1	97.0	3.0	0.0	0.0
916_1_1_1	2113_1_1_1	26821_1_1_1	1000119.2576359606	3000612.0	2000492.7423640394	unfiltered	2113_1_1_1	43.0	3.0	9.7423640394	0.0
979_1_1_1	979_1_1_1	979_1_1_1	3000237.0	3000237.0	0.0	moderate	979_1_1_1	79.0	3.0	0.0	0.0
