cluster_repr	member	best_repr	member_quality	best_repr_quality	quality_diff_vs_mmseqs	member_tier	member_ID	n_bb_pos	n_bb_types	max_potenci_off	max_lacs_off
10004_1_1_1	10004_1_1_1	10004_1_1_1	3001316.0	3001316.0	0.0	moderate	10004_1_1_1	188.0	7.0	0.0	0.49
10005_1_1_1	10005_1_1_1	10005_1_1_1	3000364.0	3000364.0	0.0	moderate	10005_1_1_1	52.0	7.0	0.0	1.83
10006_1_1_1	10006_1_1_1	10006_1_1_1	3000756.0	3000756.0	0.0	moderate	10006_1_1_1	108.0	7.0	0.0	1.2
10009_1_1_1	10009_1_1_1	10009_1_1_1	3000462.0	3000462.0	0.0	moderate	10009_1_1_1	66.0	7.0	0.0	0.52
10023_1_1_1	10023_1_1_1	10023_1_1_1	3001767.5146466903	3001767.5146466903	0.0	moderate	10023_1_1_1	295.0	6.0	2.4853533095	0.53
10024_1_1_1	7320_1_1_1	7320_1_1_1	3000490.0	3000490.0	0.0	moderate	7320_1_1_1	70.0	7.0	0.0	3.54
10024_1_1_1	10024_1_1_1	7320_1_1_1	3000420.0	3000490.0	70.0	moderate	10024_1_1_1	70.0	6.0	0.0	1.09
10025_1_1_1	10025_1_1_1	10025_1_1_1	4000679.0	4000679.0	0.0	strict	10025_1_1_1	97.0	7.0	0.0	0.29
10026_1_1_1	10026_1_1_1	10026_1_1_1	3000865.637355816	3000865.637355816	0.0	moderate	10026_1_1_1	124.0	7.0	2.3626441841	0.53
10028_1_1_1	10028_1_1_1	10028_1_1_1	4000301.0	4000301.0	0.0	strict	10028_1_1_1	43.0	7.0	0.0	1.42
10031_1_1_1	10031_1_1_1	10031_1_1_1	3000854.0	3000854.0	0.0	moderate	10031_1_1_1	122.0	7.0	0.0	0.79
10032_1_1_1	10032_1_1_1	10032_1_1_1	3000837.3107868712	3000837.3107868712	0.0	moderate	10032_1_1_1	120.0	7.0	2.6892131286	0.6
10033_1_1_1	10033_1_1_1	10033_1_1_1	3000607.0372417597	3000607.0372417597	0.0	moderate	10033_1_1_1	87.0	7.0	1.9627582405	0.26
10034_1_1_1	10034_1_1_1	10034_1_1_1	3000942.8518471755	3000942.8518471755	0.0	moderate	10034_1_1_1	135.0	7.0	2.1481528244	0.75
10035_1_1_1	10035_1_1_1	10035_1_1_1	3001019.1779699726	3001019.1779699726	0.0	moderate	10035_1_1_1	146.0	7.0	2.8220300276	0.9
10036_1_1_1	10036_1_1_1	10036_1_1_1	3001040.3452384886	3001040.3452384886	0.0	moderate	10036_1_1_1	149.0	7.0	2.6547615114	0.76
10037_1_1_1	10037_1_1_1	10037_1_1_1	3000690.108174009	3000690.108174009	0.0	moderate	10037_1_1_1	99.0	7.0	2.8918259914	0.69
10041_1_1_1	10041_1_1_1	10041_1_1_1	3000816.55014069	3000816.55014069	0.0	moderate	10041_1_1_1	117.0	7.0	2.4498593098	0.96
10043_1_1_1	10043_1_1_1	10043_1_1_1	3000676.5284112506	3000676.5284112506	0.0	moderate	10043_1_1_1	97.0	7.0	2.4715887495	1.27
10044_1_1_1	10044_1_1_1	10044_1_1_1	3000494.4812926673	3000494.4812926673	0.0	moderate	10044_1_1_1	71.0	7.0	2.5187073327	1.15
10046_1_1_1	10046_1_1_1	10046_1_1_1	3000742.0	3000742.0	0.0	moderate	10046_1_1_1	106.0	7.0	0.0	1.62
10049_1_1_1	10049_1_1_1	10049_1_1_1	3000676.2330190702	3000676.2330190702	0.0	moderate	10049_1_1_1	97.0	7.0	2.7669809299	0.73
10050_1_1_1	10050_1_1_1	10050_1_1_1	3000602.0	3000602.0	0.0	moderate	10050_1_1_1	86.0	7.0	0.0	1.25
10053_1_1_1	10053_1_1_1	10053_1_1_1	3002350.0	3002350.0	0.0	moderate	10053_1_1_1	470.0	5.0	0.0	2.74
10054_1_1_1	10054_1_1_1	10054_1_1_1	3000609.0	3000609.0	0.0	moderate	10054_1_1_1	87.0	7.0	0.0	0.92
10055_1_1_1	10055_1_1_1	10055_1_1_1	3001033.4802090735	3001033.4802090735	0.0	moderate	10055_1_1_1	148.0	7.0	2.5197909263	0.91
10056_1_1_1	10056_1_1_1	10056_1_1_1	3000655.4312114455	3000655.4312114455	0.0	moderate	10056_1_1_1	94.0	7.0	2.5687885544	0.42
10058_1_1_1	10058_1_1_1	10058_1_1_1	3000700.0	3000700.0	0.0	moderate	10058_1_1_1	100.0	7.0	0.0	0.2
10060_1_1_1	10060_1_1_1	10060_1_1_1	3000662.176668406	3000662.176668406	0.0	moderate	10060_1_1_1	95.0	7.0	2.8233315941	1.07
10065_1_1_1	10065_1_1_1	10065_1_1_1	3000637.0	3000637.0	0.0	moderate	10065_1_1_1	91.0	7.0	0.0	0.33
10067_1_1_1	10067_1_1_1	10067_1_1_1	3000770.0	3000770.0	0.0	moderate	10067_1_1_1	110.0	7.0	0.0	2.74
10068_1_1_1	10068_1_1_1	10068_1_1_1	3000966.0	3000966.0	0.0	moderate	10068_1_1_1	138.0	7.0	0.0	0.63
10070_1_1_1	10070_1_1_1	10070_1_1_1	3000637.0	3000637.0	0.0	moderate	10070_1_1_1	91.0	7.0	0.0	0.54
10072_1_1_1	10072_1_1_1	10072_1_1_1	3000602.0	3000602.0	0.0	moderate	10072_1_1_1	86.0	7.0	0.0	1.44
10073_1_1_1	10073_1_1_1	10073_1_1_1	3000924.0	3000924.0	0.0	moderate	10073_1_1_1	132.0	7.0	0.0	1.24
10074_1_1_1	10074_1_1_1	10074_1_1_1	3000882.0	3000882.0	0.0	moderate	10074_1_1_1	126.0	7.0	0.0	0.85
10076_1_1_1	10076_1_1_1	10076_1_1_1	3000865.373026708	3000865.373026708	0.0	moderate	10076_1_1_1	124.0	7.0	2.6269732919	0.38
10078_1_1_1	10078_1_1_1	10078_1_1_1	3000885.0	3000885.0	0.0	moderate	10078_1_1_1	177.0	5.0	0.0	1.31
10080_1_1_1	10080_1_1_1	10080_1_1_1	3000896.0	3000896.0	0.0	moderate	10080_1_1_1	128.0	7.0	0.0	0.45
10086_1_1_1	10086_1_1_1	10086_1_1_1	3000672.0	3000672.0	0.0	moderate	10086_1_1_1	96.0	7.0	0.0	0.23
10087_1_1_1	10087_1_1_1	10087_1_1_1	3000539.0	3000539.0	0.0	moderate	10087_1_1_1	77.0	7.0	0.0	0.78
10089_1_1_1	10089_1_1_1	10089_1_1_1	3001070.051974016	3001070.051974016	0.0	moderate	10089_1_1_1	153.0	7.0	0.9480259839	0.69
10091_1_1_1	10091_1_1_1	10091_1_1_1	3000637.0	3000637.0	0.0	moderate	10091_1_1_1	91.0	7.0	0.0	1.27
10092_1_1_1	10092_1_1_1	10092_1_1_1	3000826.0	3000826.0	0.0	moderate	10092_1_1_1	118.0	7.0	0.0	0.42
10093_1_1_1	10094_1_1_1	10094_1_1_1	3000714.0	3000714.0	0.0	moderate	10094_1_1_1	102.0	7.0	0.0	0.26
10093_1_1_1	10093_1_1_1	10094_1_1_1	3000676.808983388	3000714.0	37.1910166121088	moderate	10093_1_1_1	97.0	7.0	2.1910166119	0.6
10095_1_1_1	10095_1_1_1	10095_1_1_1	4000560.0	4000560.0	0.0	strict	10095_1_1_1	80.0	7.0	0.0	1.67
10096_1_1_1	10096_1_1_1	10096_1_1_1	3000850.0	3000850.0	0.0	moderate	10096_1_1_1	170.0	5.0	0.0	2.0
10097_1_1_1	10097_1_1_1	10097_1_1_1	3000684.4921579896	3000684.4921579896	0.0	moderate	10097_1_1_1	98.0	7.0	1.5078420105	1.15
10097_1_1_1	6152_1_1_1	10097_1_1_1	3000658.0	3000684.4921579896	26.49215798964724	moderate	6152_1_1_1	94.0	7.0	0.0	1.01
10099_1_1_1	10099_1_1_1	10099_1_1_1	3000803.258210738	3000803.258210738	0.0	moderate	10099_1_1_1	115.0	7.0	1.7417892618	0.47
10101_1_1_1	10101_1_1_1	10101_1_1_1	3000854.0	3000854.0	0.0	moderate	10101_1_1_1	122.0	7.0	0.0	0.47
10105_1_1_1	10105_1_1_1	10105_1_1_1	3000560.0	3000560.0	0.0	moderate	10105_1_1_1	80.0	7.0	0.0	0.42
10106_1_1_1	10106_1_1_1	10106_1_1_1	3000669.3386702444	3000669.3386702444	0.0	moderate	10106_1_1_1	96.0	7.0	2.6613297555	1.23
10107_1_1_1	10107_1_1_1	10107_1_1_1	3000791.0	3000791.0	0.0	moderate	10107_1_1_1	113.0	7.0	0.0	0.19
10113_1_1_1	10113_1_1_1	10113_1_1_1	3000879.002141356	3000879.002141356	0.0	moderate	10113_1_1_1	126.0	7.0	2.997858644	0.8
10114_1_1_1	10114_1_1_1	10114_1_1_1	3000802.1676381435	3000802.1676381435	0.0	moderate	10114_1_1_1	115.0	7.0	2.8323618565	0.93
10115_1_1_1	10115_1_1_1	10115_1_1_1	3000896.0	3000896.0	0.0	moderate	10115_1_1_1	128.0	7.0	0.0	0.56
10119_1_1_1	10119_1_1_1	10119_1_1_1	3000564.315625828	3000564.315625828	0.0	moderate	10119_1_1_1	81.0	7.0	2.684374172	0.79
10121_1_1_1	10121_1_1_1	10121_1_1_1	3000753.468982166	3000753.468982166	0.0	moderate	10121_1_1_1	108.0	7.0	2.5310178339	1.09
10123_1_1_1	10123_1_1_1	10123_1_1_1	4000651.0	4000651.0	0.0	strict	10123_1_1_1	93.0	7.0	0.0	0.57
10123_1_1_1	18478_1_1_1	10123_1_1_1	4000651.0	4000651.0	0.0	strict	18478_1_1_1	93.0	7.0	0.0	0.72
10123_1_1_1	5902_1_1_1	10123_1_1_1	3000690.5668518357	4000651.0	999960.4331481643	moderate	5902_1_1_1	99.0	7.0	2.4331481644	0.3
10123_1_1_1	18878_1_1_1	10123_1_1_1	3000651.0	4000651.0	1000000.0	moderate	18878_1_1_1	93.0	7.0	0.0	0.72
10125_1_1_1	10125_1_1_1	10125_1_1_1	3000851.3395124036	3000851.3395124036	0.0	moderate	10125_1_1_1	122.0	7.0	2.6604875963	0.89
10126_1_1_1	10126_1_1_1	10126_1_1_1	3000809.334164101	3000809.334164101	0.0	moderate	10126_1_1_1	116.0	7.0	2.6658358989	0.71
10127_1_1_1	10127_1_1_1	10127_1_1_1	3000669.4093077467	3000669.4093077467	0.0	moderate	10127_1_1_1	96.0	7.0	2.5906922535	0.99
10128_1_1_1	10128_1_1_1	10128_1_1_1	3000837.308674965	3000837.308674965	0.0	moderate	10128_1_1_1	120.0	7.0	2.6913250348	0.55
10129_1_1_1	10129_1_1_1	10129_1_1_1	4000805.0	4000805.0	0.0	strict	10129_1_1_1	115.0	7.0	0.0	0.63
10130_1_1_1	10130_1_1_1	10130_1_1_1	3000732.210330948	3000732.210330948	0.0	moderate	10130_1_1_1	105.0	7.0	2.7896690519	0.74
10138_1_1_1	10138_1_1_1	10138_1_1_1	3000581.0	3000581.0	0.0	moderate	10138_1_1_1	83.0	7.0	0.0	0.53
10139_1_1_1	10139_1_1_1	10139_1_1_1	3000755.0	3000755.0	0.0	moderate	10139_1_1_1	151.0	5.0	0.0	0.44
10141_1_1_1	10141_1_1_1	10141_1_1_1	4000875.0	4000875.0	0.0	strict	10141_1_1_1	125.0	7.0	0.0	0.81
10147_1_1_1	10147_1_1_1	10147_1_1_1	4000840.0	4000840.0	0.0	strict	10147_1_1_1	120.0	7.0	0.0	0.26
10149_1_1_1	10149_1_1_1	10149_1_1_1	4000805.0	4000805.0	0.0	strict	10149_1_1_1	115.0	7.0	0.0	0.18
10149_1_1_1	11143_1_1_1	10149_1_1_1	4000798.0	4000805.0	7.0	strict	11143_1_1_1	114.0	7.0	0.0	2.46
10150_1_1_1	10150_1_1_1	10150_1_1_1	3000382.855873584	3000382.855873584	0.0	moderate	10150_1_1_1	55.0	7.0	2.1441264162	0.39
10161_1_1_1	10161_1_1_1	10161_1_1_1	4000686.0	4000686.0	0.0	strict	10161_1_1_1	98.0	7.0	0.0	1.32
10163_1_1_1	10163_1_1_1	10163_1_1_1	4000665.0	4000665.0	0.0	strict	10163_1_1_1	95.0	7.0	0.0	1.72
10164_1_1_1	10164_1_1_1	10164_1_1_1	4000994.0	4000994.0	0.0	strict	10164_1_1_1	142.0	7.0	0.0	0.7
10165_1_1_1	10165_1_1_1	10165_1_1_1	3001047.4565321477	3001047.4565321477	0.0	moderate	10165_1_1_1	150.0	7.0	2.5434678523	1.31
10193_1_1_1	10193_1_1_1	10193_1_1_1	4000448.0	4000448.0	0.0	strict	10193_1_1_1	64.0	7.0	0.0	0.44
10213_1_1_1	10213_1_1_1	10213_1_1_1	3000600.064536239	3000600.064536239	0.0	moderate	10213_1_1_1	86.0	7.0	1.935463761	0.19
10214_1_1_1	10214_1_1_1	10214_1_1_1	3000382.3747778772	3000382.3747778772	0.0	moderate	10214_1_1_1	55.0	7.0	2.6252221228	0.79
10237_1_1_1	10237_1_1_1	10237_1_1_1	3001159.073293521	3001159.073293521	0.0	moderate	10237_1_1_1	166.0	7.0	2.9267064787	1.0
10242_1_1_1	10242_1_1_1	10242_1_1_1	3000760.250126141	3000760.250126141	0.0	moderate	10242_1_1_1	109.0	7.0	2.749873859	0.94
10248_1_1_1	10248_1_1_1	10248_1_1_1	4000511.0	4000511.0	0.0	strict	10248_1_1_1	73.0	7.0	0.0	0.52
10250_1_1_1	10250_1_1_1	10250_1_1_1	4000987.0	4000987.0	0.0	strict	10250_1_1_1	141.0	7.0	0.0	0.28
10251_1_1_1	10251_1_1_1	10251_1_1_1	4000854.0	4000854.0	0.0	strict	10251_1_1_1	122.0	7.0	0.0	0.44
10253_1_1_1	10312_1_1_1	10312_1_1_1	4000854.0	4000854.0	0.0	strict	10312_1_1_1	122.0	7.0	0.0	1.13
10253_1_1_1	10253_1_1_1	10312_1_1_1	4000819.0	4000854.0	35.0	strict	10253_1_1_1	117.0	7.0	0.0	1.22
10255_1_1_1	10255_1_1_1	10255_1_1_1	3000711.143261777	3000711.143261777	0.0	moderate	10255_1_1_1	102.0	7.0	2.856738223	0.73
10256_1_1_1	10256_1_1_1	10256_1_1_1	4000693.0	4000693.0	0.0	strict	10256_1_1_1	99.0	7.0	0.0	0.58
10260_1_1_1	10260_1_1_1	10260_1_1_1	4000686.0	4000686.0	0.0	strict	10260_1_1_1	98.0	7.0	0.0	2.82
10261_1_1_1	10261_1_1_1	10261_1_1_1	3000459.603205128	3000459.603205128	0.0	moderate	10261_1_1_1	66.0	7.0	2.3967948718	0.65
10262_1_1_1	10262_1_1_1	10262_1_1_1	4000672.0	4000672.0	0.0	strict	10262_1_1_1	96.0	7.0	0.0	1.13
10263_1_1_1	10263_1_1_1	10263_1_1_1	4000721.0	4000721.0	0.0	strict	10263_1_1_1	103.0	7.0	0.0	0.74
10264_1_1_1	10264_1_1_1	10264_1_1_1	4001111.0917287376	4001111.0917287376	0.0	strict	10264_1_1_1	159.0	7.0	1.9082712622	0.79
10264_1_1_1	7312_1_1_1	10264_1_1_1	3000952.0	4001111.0917287376	1000159.0917287376	moderate	7312_1_1_1	136.0	7.0	0.0	0.92
10267_1_1_1	18824_1_1_1	18824_1_1_1	4000798.0	4000798.0	0.0	strict	18824_1_1_1	114.0	7.0	0.0	0.61
10267_1_1_1	10267_1_1_1	18824_1_1_1	4000756.0	4000798.0	42.0	strict	10267_1_1_1	108.0	7.0	0.0	0.59
10269_1_1_1	10269_1_1_1	10269_1_1_1	4000406.0	4000406.0	0.0	strict	10269_1_1_1	58.0	7.0	0.0	1.43
10270_1_1_1	10270_1_1_1	10270_1_1_1	4000796.129697241	4000796.129697241	0.0	strict	10270_1_1_1	114.0	7.0	1.8703027593	0.45
10271_1_1_1	10271_1_1_1	10271_1_1_1	4000686.0	4000686.0	0.0	strict	10271_1_1_1	98.0	7.0	0.0	1.23
10273_1_1_1	10273_1_1_1	10273_1_1_1	4000581.0	4000581.0	0.0	strict	10273_1_1_1	83.0	7.0	0.0	2.82
10274_1_1_1	10274_1_1_1	10274_1_1_1	4000693.0	4000693.0	0.0	strict	10274_1_1_1	99.0	7.0	0.0	0.76
10275_1_1_1	10275_1_1_1	10275_1_1_1	4000609.0	4000609.0	0.0	strict	10275_1_1_1	87.0	7.0	0.0	0.6
10286_1_1_1	10286_1_1_1	10286_1_1_1	3000501.6148734987	3000501.6148734987	0.0	moderate	10286_1_1_1	72.0	7.0	2.3851265014	1.02
10297_1_1_1	10297_1_1_1	10297_1_1_1	3000403.261554542	3000403.261554542	0.0	moderate	10297_1_1_1	58.0	7.0	2.738445458	0.75
10299_1_1_1	10299_1_1_1	10299_1_1_1	4000728.0	4000728.0	0.0	strict	10299_1_1_1	104.0	7.0	0.0	0.47
10314_1_1_1	10314_1_1_1	10314_1_1_1	4000798.0	4000798.0	0.0	strict	10314_1_1_1	114.0	7.0	0.0	0.42
10319_1_1_1	10319_1_1_1	10319_1_1_1	4000763.0	4000763.0	0.0	strict	10319_1_1_1	109.0	7.0	0.0	0.64
10322_1_1_1	10330_1_1_1	10330_1_1_1	4000735.0	4000735.0	0.0	strict	10330_1_1_1	105.0	7.0	0.0	1.75
10322_1_1_1	10334_1_1_1	10330_1_1_1	4000733.5900460454	4000735.0	1.4099539546296	strict	10334_1_1_1	105.0	7.0	1.4099539545	1.39
10322_1_1_1	10322_1_1_1	10330_1_1_1	4000686.0	4000735.0	49.0	strict	10322_1_1_1	98.0	7.0	0.0	1.41
10322_1_1_1	10146_1_1_1	10330_1_1_1	4000686.0	4000735.0	49.0	strict	10146_1_1_1	98.0	7.0	0.0	1.25
10323_1_1_1	10323_1_1_1	10323_1_1_1	4000707.0	4000707.0	0.0	strict	10323_1_1_1	101.0	7.0	0.0	2.49
10324_1_1_1	10324_1_1_1	10324_1_1_1	4000651.0	4000651.0	0.0	strict	10324_1_1_1	93.0	7.0	0.0	2.67
10325_1_1_1	10325_1_1_1	10325_1_1_1	3000693.0	3000693.0	0.0	moderate	10325_1_1_1	99.0	7.0	0.0	1.06
10327_1_1_1	10327_1_1_1	10327_1_1_1	4000770.0	4000770.0	0.0	strict	10327_1_1_1	110.0	7.0	0.0	1.59
10329_1_1_1	10329_1_1_1	10329_1_1_1	4000609.0	4000609.0	0.0	strict	10329_1_1_1	87.0	7.0	0.0	1.97
10332_1_1_1	10332_1_1_1	10332_1_1_1	4000721.0	4000721.0	0.0	strict	10332_1_1_1	103.0	7.0	0.0	1.64
10332_1_1_1	10162_1_1_1	10332_1_1_1	3000774.0699165175	4000721.0	999946.9300834825	moderate	10162_1_1_1	111.0	7.0	2.9300834824	1.41
10332_1_1_1	15777_1_1_1	10332_1_1_1	3000679.0	4000721.0	1000042.0	moderate	15777_1_1_1	97.0	7.0	0.0	3.21
10333_1_1_1	10333_1_1_1	10333_1_1_1	4000819.0	4000819.0	0.0	strict	10333_1_1_1	117.0	7.0	0.0	1.29
10335_1_1_1	10335_1_1_1	10335_1_1_1	4000707.0	4000707.0	0.0	strict	10335_1_1_1	101.0	7.0	0.0	2.18
10336_1_1_1	10336_1_1_1	10336_1_1_1	4001181.052531304	4001181.052531304	0.0	strict	10336_1_1_1	169.0	7.0	1.947468696	0.31
10338_1_1_1	10338_1_1_1	10338_1_1_1	4000364.0	4000364.0	0.0	strict	10338_1_1_1	52.0	7.0	0.0	0.36
1071_1_1_1	1071_1_1_1	1071_1_1_1	3000117.0	3000117.0	0.0	moderate	1071_1_1_1	39.0	3.0	0.0	0.0
11000_1_1_1	11000_1_1_1	11000_1_1_1	4000172.0	4000172.0	0.0	strict	11000_1_1_1	43.0	4.0	0.0	2.29
11009_1_1_1	11009_1_1_1	11009_1_1_1	3000669.472005679	3000669.472005679	0.0	moderate	11009_1_1_1	96.0	7.0	2.5279943212	0.76
11017_1_1_1	11017_1_1_1	11017_1_1_1	3000634.7990433997	3000634.7990433997	0.0	moderate	11017_1_1_1	91.0	7.0	2.2009566004	0.93
11018_1_1_1	18119_1_1_1	18119_1_1_1	4000448.0	4000448.0	0.0	strict	18119_1_1_1	64.0	7.0	0.0	0.66
11018_1_1_1	11018_1_1_1	18119_1_1_1	4000434.0	4000448.0	14.0	strict	11018_1_1_1	62.0	7.0	0.0	3.12
11024_1_1_1	11024_1_1_1	11024_1_1_1	3000455.0	3000455.0	0.0	moderate	11024_1_1_1	65.0	7.0	0.0	1.03
11024_1_1_1	15378_1_1_1	11024_1_1_1	3000441.0	3000455.0	14.0	moderate	15378_1_1_1	63.0	7.0	0.0	0.97
11026_1_1_1	11026_1_1_1	11026_1_1_1	3000476.0	3000476.0	0.0	moderate	11026_1_1_1	68.0	7.0	0.0	0.64
11030_2_1_1	11030_2_1_1	11030_2_1_1	3000753.759238701	3000753.759238701	0.0	moderate	11030_2_1_1	108.0	7.0	2.240761299	0.51
11032_1_1_1	11033_1_1_1	11033_1_1_1	3000635.368520045	3000635.368520045	0.0	moderate	11033_1_1_1	91.0	7.0	1.6314799549	0.64
11032_1_1_1	11032_1_1_1	11033_1_1_1	3000627.4898621025	3000635.368520045	7.878657942637801	moderate	11032_1_1_1	90.0	7.0	2.5101378975	0.85
11037_1_1_1	11037_1_1_1	11037_1_1_1	4000434.0	4000434.0	0.0	strict	11037_1_1_1	62.0	7.0	0.0	2.43
11037_1_1_1	16207_1_1_1	11037_1_1_1	4000402.0	4000434.0	32.0	strict	16207_1_1_1	67.0	6.0	0.0	3.78
11042_1_1_1	11042_1_1_1	11042_1_1_1	4000609.0	4000609.0	0.0	strict	11042_1_1_1	87.0	7.0	0.0	0.61
11054_1_1_1	11054_1_1_1	11054_1_1_1	3000104.0	3000104.0	0.0	moderate	11054_1_1_1	26.0	4.0	0.0	0.0
11057_1_1_1	11057_1_1_1	11057_1_1_1	4000904.101553515	4000904.101553515	0.0	strict	11057_1_1_1	151.0	6.0	1.8984464844	0.66
11060_1_1_1	11060_1_1_1	11060_1_1_1	4000666.0	4000666.0	0.0	strict	11060_1_1_1	111.0	6.0	0.0	1.29
11063_1_1_1	11063_1_1_1	11063_1_1_1	3000560.0	3000560.0	0.0	moderate	11063_1_1_1	80.0	7.0	0.0	0.63
11065_1_1_1	11065_1_1_1	11065_1_1_1	4000749.0	4000749.0	0.0	strict	11065_1_1_1	107.0	7.0	0.0	0.41
11067_1_1_1	11067_1_1_1	11067_1_1_1	3000995.0	3000995.0	0.0	moderate	11067_1_1_1	199.0	5.0	0.0	1.22
11075_1_1_1	11075_1_1_1	11075_1_1_1	4000456.0	4000456.0	0.0	strict	11075_1_1_1	76.0	6.0	0.0	1.08
11076_1_1_1	7248_1_1_1	7248_1_1_1	3000998.20804088	3000998.20804088	0.0	moderate	7248_1_1_1	143.0	7.0	2.7919591199	1.45
11076_1_1_1	11076_1_1_1	7248_1_1_1	3000921.30416068	3000998.20804088	76.90388019988313	moderate	11076_1_1_1	132.0	7.0	2.69583932	0.93
11077_1_1_1	11077_1_1_1	11077_1_1_1	4000558.0	4000558.0	0.0	strict	11077_1_1_1	93.0	6.0	0.0	3.11
11078_1_1_1	15356_1_1_1	15356_1_1_1	3001076.9504391328	3001076.9504391328	0.0	moderate	15356_1_1_1	154.0	7.0	1.0495608674	0.46
11078_1_1_1	11078_1_1_1	15356_1_1_1	3000828.0	3001076.9504391328	248.95043913275003	moderate	11078_1_1_1	138.0	6.0	0.0	0.48
11083_1_1_1	11083_1_1_1	11083_1_1_1	4001134.0	4001134.0	0.0	strict	11083_1_1_1	162.0	7.0	0.0	0.42
11083_1_1_1	7081_1_1_1	11083_1_1_1	3001134.0	4001134.0	1000000.0	moderate	7081_1_1_1	162.0	7.0	0.0	0.38
11085_1_1_1	11085_1_1_1	11085_1_1_1	3000763.0	3000763.0	0.0	moderate	11085_1_1_1	109.0	7.0	0.0	2.38
11085_1_1_1	7058_1_1_1	11085_1_1_1	3000763.0	3000763.0	0.0	moderate	7058_1_1_1	109.0	7.0	0.0	0.34
11088_1_1_1	11088_1_1_1	11088_1_1_1	4000735.0	4000735.0	0.0	strict	11088_1_1_1	105.0	7.0	0.0	0.49
11089_1_1_1	11089_1_1_1	11089_1_1_1	4000784.0	4000784.0	0.0	strict	11089_1_1_1	112.0	7.0	0.0	0.82
11089_1_1_1	10317_1_1_1	11089_1_1_1	3000823.138654504	4000784.0	999960.861345496	moderate	10317_1_1_1	118.0	7.0	2.861345496	0.39
11091_1_1_1	11091_1_1_1	11091_1_1_1	4000742.0	4000742.0	0.0	strict	11091_1_1_1	106.0	7.0	0.0	1.72
11092_1_1_1	11092_1_1_1	11092_1_1_1	4000651.0	4000651.0	0.0	strict	11092_1_1_1	93.0	7.0	0.0	0.79
11095_1_1_1	11095_1_1_1	11095_1_1_1	3000942.404367919	3000942.404367919	0.0	moderate	11095_1_1_1	135.0	7.0	2.5956320811	1.03
11096_1_1_1	11096_1_1_1	11096_1_1_1	4000735.0	4000735.0	0.0	strict	11096_1_1_1	105.0	7.0	0.0	0.53
11096_1_1_1	11119_1_1_1	11096_1_1_1	3000788.1514882725	4000735.0	999946.8485117275	moderate	11119_1_1_1	113.0	7.0	2.8485117273	0.74
11098_1_1_1	11098_1_1_1	11098_1_1_1	4000763.0	4000763.0	0.0	strict	11098_1_1_1	109.0	7.0	0.0	0.78
11098_1_1_1	11111_1_1_1	11098_1_1_1	3000788.130362947	4000763.0	999974.869637053	moderate	11111_1_1_1	113.0	7.0	2.8696370531	0.92
11099_1_1_1	11099_1_1_1	11099_1_1_1	4000742.0	4000742.0	0.0	strict	11099_1_1_1	106.0	7.0	0.0	0.3
11099_1_1_1	11112_1_1_1	11099_1_1_1	3000788.358100675	4000742.0	999953.641899325	moderate	11112_1_1_1	113.0	7.0	2.6418993249	0.41
11103_1_1_1	11103_1_1_1	11103_1_1_1	4000700.0	4000700.0	0.0	strict	11103_1_1_1	100.0	7.0	0.0	1.39
11104_1_1_1	11101_1_1_1	11101_1_1_1	4000966.0	4000966.0	0.0	strict	11101_1_1_1	138.0	7.0	0.0	1.67
11104_1_1_1	11104_1_1_1	11101_1_1_1	4000791.0	4000966.0	175.0	strict	11104_1_1_1	113.0	7.0	0.0	0.45
11104_1_1_1	6308_1_1_1	11101_1_1_1	3000660.0	4000966.0	1000306.0	moderate	6308_1_1_1	110.0	6.0	0.0	0.81
11105_1_1_1	11105_1_1_1	11105_1_1_1	4000917.0	4000917.0	0.0	strict	11105_1_1_1	131.0	7.0	0.0	0.64
11106_1_1_1	11106_1_1_1	11106_1_1_1	3000851.30900824	3000851.30900824	0.0	moderate	11106_1_1_1	122.0	7.0	2.6909917602	1.02
11107_1_1_1	11107_1_1_1	11107_1_1_1	4000791.0	4000791.0	0.0	strict	11107_1_1_1	113.0	7.0	0.0	1.29
11108_1_1_1	11108_1_1_1	11108_1_1_1	3000865.933692109	3000865.933692109	0.0	moderate	11108_1_1_1	124.0	7.0	2.0663078911	0.55
11110_1_1_1	11110_1_1_1	11110_1_1_1	4000693.0	4000693.0	0.0	strict	11110_1_1_1	99.0	7.0	0.0	0.8
11113_1_1_1	11113_1_1_1	11113_1_1_1	4000854.0	4000854.0	0.0	strict	11113_1_1_1	122.0	7.0	0.0	0.55
11114_1_1_1	11114_1_1_1	11114_1_1_1	4000798.0	4000798.0	0.0	strict	11114_1_1_1	114.0	7.0	0.0	1.51
11114_1_1_1	4302_1_1_1	11114_1_1_1	3000791.0	4000798.0	1000007.0	moderate	4302_1_1_1	113.0	7.0	0.0	1.28
11116_1_1_1	11116_1_1_1	11116_1_1_1	3000872.8669499108	3000872.8669499108	0.0	moderate	11116_1_1_1	125.0	7.0	2.1330500894	0.72
11118_1_1_1	11118_1_1_1	11118_1_1_1	4000728.0	4000728.0	0.0	strict	11118_1_1_1	104.0	7.0	0.0	0.59
11120_1_1_1	11120_1_1_1	11120_1_1_1	3000872.3369633276	3000872.3369633276	0.0	moderate	11120_1_1_1	125.0	7.0	2.6630366726	0.5
11122_1_1_1	11122_1_1_1	11122_1_1_1	4000965.127131021	4000965.127131021	0.0	strict	11122_1_1_1	138.0	7.0	0.8728689787	0.15
11123_1_1_1	11123_1_1_1	11123_1_1_1	3000501.6844307748	3000501.6844307748	0.0	moderate	11123_1_1_1	72.0	7.0	2.3155692252	0.69
11124_1_1_1	11124_1_1_1	11124_1_1_1	4000882.0	4000882.0	0.0	strict	11124_1_1_1	126.0	7.0	0.0	2.26
11125_1_1_1	11125_1_1_1	11125_1_1_1	4000686.0	4000686.0	0.0	strict	11125_1_1_1	98.0	7.0	0.0	2.96
11127_1_1_1	11127_1_1_1	11127_1_1_1	4000798.0	4000798.0	0.0	strict	11127_1_1_1	114.0	7.0	0.0	2.9
11128_1_1_1	11128_1_1_1	11128_1_1_1	4000784.0	4000784.0	0.0	strict	11128_1_1_1	112.0	7.0	0.0	2.77
11129_1_1_1	11129_1_1_1	11129_1_1_1	4000812.0	4000812.0	0.0	strict	11129_1_1_1	116.0	7.0	0.0	2.28
11129_1_1_1	17192_1_1_1	11129_1_1_1	3000819.0	4000812.0	999993.0	moderate	17192_1_1_1	117.0	7.0	0.0	0.25
11133_1_1_1	10030_1_1_1	10030_1_1_1	3000840.0	3000840.0	0.0	moderate	10030_1_1_1	120.0	7.0	0.0	0.55
11133_1_1_1	11133_1_1_1	10030_1_1_1	3000816.4044871796	3000840.0	23.595512820407748	moderate	11133_1_1_1	117.0	7.0	2.5955128205	2.45
11134_1_1_1	11134_1_1_1	11134_1_1_1	3000501.1120154364	3000501.1120154364	0.0	moderate	11134_1_1_1	72.0	7.0	2.8879845636	2.18
11135_1_1_1	11135_1_1_1	11135_1_1_1	4000602.0	4000602.0	0.0	strict	11135_1_1_1	86.0	7.0	0.0	2.34
11137_1_1_1	11137_1_1_1	11137_1_1_1	4000630.0	4000630.0	0.0	strict	11137_1_1_1	90.0	7.0	0.0	2.11
11138_1_1_1	11138_1_1_1	11138_1_1_1	4000630.0	4000630.0	0.0	strict	11138_1_1_1	90.0	7.0	0.0	2.29
11141_1_1_1	11141_1_1_1	11141_1_1_1	4000959.0	4000959.0	0.0	strict	11141_1_1_1	137.0	7.0	0.0	2.29
11144_1_1_1	11144_1_1_1	11144_1_1_1	4000635.7322950526	4000635.7322950526	0.0	strict	11144_1_1_1	91.0	7.0	1.2677049476	0.15
11145_1_1_1	11145_1_1_1	11145_1_1_1	4000777.0	4000777.0	0.0	strict	11145_1_1_1	111.0	7.0	0.0	2.83
11148_1_1_1	11148_1_1_1	11148_1_1_1	4000784.0	4000784.0	0.0	strict	11148_1_1_1	112.0	7.0	0.0	2.95
11150_1_1_1	11150_1_1_1	11150_1_1_1	3000308.0	3000308.0	0.0	moderate	11150_1_1_1	44.0	7.0	0.0	0.27
11154_1_1_1	11154_1_1_1	11154_1_1_1	4000434.0	4000434.0	0.0	strict	11154_1_1_1	62.0	7.0	0.0	0.7
11158_1_1_1	11158_1_1_1	11158_1_1_1	4000504.0	4000504.0	0.0	strict	11158_1_1_1	72.0	7.0	0.0	0.33
11158_1_1_1	5036_1_1_1	11158_1_1_1	3000280.0	4000504.0	1000224.0	moderate	5036_1_1_1	70.0	4.0	0.0	0.0
11158_1_1_1	51311_1_1_1	11158_1_1_1	3000220.0	4000504.0	1000284.0	moderate	51311_1_1_1	55.0	4.0	0.0	0.0
11160_1_1_1	11160_1_1_1	11160_1_1_1	4000572.6682190113	4000572.6682190113	0.0	strict	11160_1_1_1	82.0	7.0	1.3317809889	0.14
11175_1_1_1	11175_1_1_1	11175_1_1_1	4001128.0	4001128.0	0.0	strict	11175_1_1_1	188.0	6.0	0.0	2.46
11182_1_1_1	11182_1_1_1	11182_1_1_1	4000819.0	4000819.0	0.0	strict	11182_1_1_1	117.0	7.0	0.0	1.19
11183_1_1_1	11183_1_1_1	11183_1_1_1	3000837.6241558325	3000837.6241558325	0.0	moderate	11183_1_1_1	120.0	7.0	2.3758441676	0.87
11192_1_1_1	11192_1_1_1	11192_1_1_1	3000704.4240195015	3000704.4240195015	0.0	moderate	11192_1_1_1	101.0	7.0	2.5759804984	1.87
11214_1_1_1	11214_1_1_1	11214_1_1_1	4000511.0	4000511.0	0.0	strict	11214_1_1_1	73.0	7.0	0.0	2.92
11222_1_1_1	11222_1_1_1	11222_1_1_1	3000501.8019975624	3000501.8019975624	0.0	moderate	11222_1_1_1	72.0	7.0	2.1980024377	3.15
11229_1_1_1	11229_1_1_1	11229_1_1_1	4000686.0	4000686.0	0.0	strict	11229_1_1_1	98.0	7.0	0.0	2.63
11231_1_1_1	11231_1_1_1	11231_1_1_1	4000672.0	4000672.0	0.0	strict	11231_1_1_1	96.0	7.0	0.0	1.43
11232_1_1_1	11232_1_1_1	11232_1_1_1	4000742.0	4000742.0	0.0	strict	11232_1_1_1	106.0	7.0	0.0	1.58
11244_1_1_1	11244_1_1_1	11244_1_1_1	4000385.0	4000385.0	0.0	strict	11244_1_1_1	55.0	7.0	0.0	0.58
11246_1_1_1	11246_1_1_1	11246_1_1_1	4000826.0	4000826.0	0.0	strict	11246_1_1_1	118.0	7.0	0.0	1.56
11247_1_1_1	11247_1_1_1	11247_1_1_1	4000966.0	4000966.0	0.0	strict	11247_1_1_1	138.0	7.0	0.0	1.68
11250_1_1_1	11250_1_1_1	11250_1_1_1	4000432.0	4000432.0	0.0	strict	11250_1_1_1	72.0	6.0	0.0	1.81
11254_1_1_1	11254_1_1_1	11254_1_1_1	4000650.1369170984	4000650.1369170984	0.0	strict	11254_1_1_1	93.0	7.0	0.8630829016	1.0
11255_1_1_1	11255_1_1_1	11255_1_1_1	4000812.0	4000812.0	0.0	strict	11255_1_1_1	116.0	7.0	0.0	2.32
11257_1_1_1	11257_1_1_1	11257_1_1_1	3000746.2619478633	3000746.2619478633	0.0	moderate	11257_1_1_1	107.0	7.0	2.7380521366	0.79
11257_1_1_1	7095_1_1_1	11257_1_1_1	3000714.0	3000746.2619478633	32.2619478632696	moderate	7095_1_1_1	102.0	7.0	0.0	0.88
11258_1_1_1	11258_1_1_1	11258_1_1_1	4000707.0	4000707.0	0.0	strict	11258_1_1_1	101.0	7.0	0.0	0.94
11258_1_1_1	6337_1_1_1	11258_1_1_1	3000693.0	4000707.0	1000014.0	moderate	6337_1_1_1	99.0	7.0	0.0	0.92
11260_1_1_1	11260_1_1_1	11260_1_1_1	4000385.0	4000385.0	0.0	strict	11260_1_1_1	55.0	7.0	0.0	0.42
11262_1_1_1	11262_1_1_1	11262_1_1_1	4000581.0	4000581.0	0.0	strict	11262_1_1_1	83.0	7.0	0.0	1.98
11262_1_1_1	16390_1_1_1	11262_1_1_1	3000546.0	4000581.0	1000035.0	moderate	16390_1_1_1	78.0	7.0	0.0	2.95
11263_1_1_1	11263_1_1_1	11263_1_1_1	4000539.0	4000539.0	0.0	strict	11263_1_1_1	77.0	7.0	0.0	1.36
11264_1_1_1	11264_1_1_1	11264_1_1_1	4000721.0	4000721.0	0.0	strict	11264_1_1_1	103.0	7.0	0.0	0.27
11265_1_1_1	11265_1_1_1	11265_1_1_1	4000546.0	4000546.0	0.0	strict	11265_1_1_1	78.0	7.0	0.0	1.04
11266_1_1_1	11266_1_1_1	11266_1_1_1	4000553.0	4000553.0	0.0	strict	11266_1_1_1	79.0	7.0	0.0	0.61
11268_1_1_1	11268_1_1_1	11268_1_1_1	4000707.0	4000707.0	0.0	strict	11268_1_1_1	101.0	7.0	0.0	1.17
11269_1_1_1	11269_1_1_1	11269_1_1_1	3000466.7616474745	3000466.7616474745	0.0	moderate	11269_1_1_1	67.0	7.0	2.2383525254	1.19
11271_1_1_1	11271_1_1_1	11271_1_1_1	4000322.0	4000322.0	0.0	strict	11271_1_1_1	46.0	7.0	0.0	0.93
11272_1_1_1	11272_1_1_1	11272_1_1_1	4000581.0	4000581.0	0.0	strict	11272_1_1_1	83.0	7.0	0.0	0.37
11273_1_1_1	11273_1_1_1	11273_1_1_1	4000364.0	4000364.0	0.0	strict	11273_1_1_1	52.0	7.0	0.0	0.53
11274_1_1_1	11274_1_1_1	11274_1_1_1	4000420.0	4000420.0	0.0	strict	11274_1_1_1	60.0	7.0	0.0	0.69
11275_1_1_1	11275_1_1_1	11275_1_1_1	3000669.0408591432	3000669.0408591432	0.0	moderate	11275_1_1_1	96.0	7.0	2.9591408566	1.32
11277_1_1_1	11277_1_1_1	11277_1_1_1	3000774.178533095	3000774.178533095	0.0	moderate	11277_1_1_1	111.0	7.0	2.8214669052	0.52
11278_1_1_1	11278_1_1_1	11278_1_1_1	4000455.0	4000455.0	0.0	strict	11278_1_1_1	65.0	7.0	0.0	0.47
11279_1_1_1	11279_1_1_1	11279_1_1_1	4000525.0	4000525.0	0.0	strict	11279_1_1_1	75.0	7.0	0.0	0.62
11280_1_1_1	11280_1_1_1	11280_1_1_1	4000567.0	4000567.0	0.0	strict	11280_1_1_1	81.0	7.0	0.0	0.69
11281_1_1_1	11281_1_1_1	11281_1_1_1	4000698.284698308	4000698.284698308	0.0	strict	11281_1_1_1	100.0	7.0	1.715301692	0.42
11282_1_1_1	11282_1_1_1	11282_1_1_1	4000371.0	4000371.0	0.0	strict	11282_1_1_1	53.0	7.0	0.0	0.36
11283_1_1_1	11283_1_1_1	11283_1_1_1	4000614.41337023	4000614.41337023	0.0	strict	11283_1_1_1	88.0	7.0	1.5866297704	0.7
11284_1_1_1	11284_1_1_1	11284_1_1_1	4000420.0	4000420.0	0.0	strict	11284_1_1_1	60.0	7.0	0.0	0.33
11285_1_1_1	11285_1_1_1	11285_1_1_1	4000595.0	4000595.0	0.0	strict	11285_1_1_1	85.0	7.0	0.0	0.25
11286_1_1_1	11286_1_1_1	11286_1_1_1	3000662.457332698	3000662.457332698	0.0	moderate	11286_1_1_1	95.0	7.0	2.542667302	0.78
11290_1_1_1	11290_1_1_1	11290_1_1_1	4000679.0	4000679.0	0.0	strict	11290_1_1_1	97.0	7.0	0.0	0.54
11291_1_1_1	11291_1_1_1	11291_1_1_1	4000707.0	4000707.0	0.0	strict	11291_1_1_1	101.0	7.0	0.0	0.82
11292_1_1_1	11292_1_1_1	11292_1_1_1	3000725.7668713136	3000725.7668713136	0.0	moderate	11292_1_1_1	104.0	7.0	2.2331286866	0.55
11295_1_1_1	11295_1_1_1	11295_1_1_1	4000980.0	4000980.0	0.0	strict	11295_1_1_1	140.0	7.0	0.0	1.63
11297_1_1_1	11297_1_1_1	11297_1_1_1	4000411.6574672046	4000411.6574672046	0.0	strict	11297_1_1_1	59.0	7.0	1.3425327952	0.98
11297_1_1_1	17402_1_1_1	11297_1_1_1	3000382.6690271148	4000411.6574672046	1000028.9884400899	moderate	17402_1_1_1	64.0	6.0	1.3309728854	1.14
11300_1_1_1	11300_1_1_1	11300_1_1_1	3000431.202632079	3000431.202632079	0.0	moderate	11300_1_1_1	62.0	7.0	2.7973679209	0.3
11301_1_1_1	11301_1_1_1	11301_1_1_1	4000371.0	4000371.0	0.0	strict	11301_1_1_1	53.0	7.0	0.0	0.71
11304_1_1_1	11304_1_1_1	11304_1_1_1	4000777.0	4000777.0	0.0	strict	11304_1_1_1	111.0	7.0	0.0	0.7
11310_1_1_1	11310_1_1_1	11310_1_1_1	3000732.1810659124	3000732.1810659124	0.0	moderate	11310_1_1_1	105.0	7.0	2.8189340876	0.22
11311_1_1_1	11311_1_1_1	11311_1_1_1	4000980.0	4000980.0	0.0	strict	11311_1_1_1	140.0	7.0	0.0	0.59
11311_1_1_1	18466_1_1_1	11311_1_1_1	3000924.0	4000980.0	1000056.0	moderate	18466_1_1_1	132.0	7.0	0.0	0.52
11311_1_1_1	18467_1_1_1	11311_1_1_1	3000924.0	4000980.0	1000056.0	moderate	18467_1_1_1	132.0	7.0	0.0	0.48
11311_1_1_1	5522_1_1_1	11311_1_1_1	3000822.0	4000980.0	1000158.0	moderate	5522_1_1_1	137.0	6.0	0.0	0.45
11318_1_1_1	11318_1_1_1	11318_1_1_1	3000434.0	3000434.0	0.0	moderate	11318_1_1_1	62.0	7.0	0.0	1.48
11320_1_1_1	11320_1_1_1	11320_1_1_1	4000735.0	4000735.0	0.0	strict	11320_1_1_1	105.0	7.0	0.0	1.38
11322_1_1_1	11322_1_1_1	11322_1_1_1	3000487.5373657453	3000487.5373657453	0.0	moderate	11322_1_1_1	70.0	7.0	2.4626342549	1.18
11330_1_1_1	7351_1_1_1	7351_1_1_1	4001013.6030036905	4001013.6030036905	0.0	strict	7351_1_1_1	145.0	7.0	1.3969963095	2.59
11330_1_1_1	11330_1_1_1	7351_1_1_1	4000973.0	4001013.6030036905	40.60300369048491	strict	11330_1_1_1	139.0	7.0	0.0	0.76
11334_1_1_1	11334_1_1_1	11334_1_1_1	4000756.0	4000756.0	0.0	strict	11334_1_1_1	108.0	7.0	0.0	0.19
11346_1_1_1	11346_1_1_1	11346_1_1_1	4000301.0	4000301.0	0.0	strict	11346_1_1_1	43.0	7.0	0.0	1.4
11346_1_1_1	17237_1_1_1	11346_1_1_1	3000148.0	4000301.0	1000153.0	moderate	17237_1_1_1	37.0	4.0	0.0	0.0
11348_1_1_1	11348_1_1_1	11348_1_1_1	4001155.0	4001155.0	0.0	strict	11348_1_1_1	165.0	7.0	0.0	0.77
11351_1_1_1	11351_1_1_1	11351_1_1_1	4001127.0	4001127.0	0.0	strict	11351_1_1_1	161.0	7.0	0.0	0.58
11355_1_1_1	11355_1_1_1	11355_1_1_1	3000473.1143066287	3000473.1143066287	0.0	moderate	11355_1_1_1	68.0	7.0	2.8856933711	0.82
11370_1_1_1	19063_1_1_1	19063_1_1_1	4000430.0	4000430.0	0.0	strict	19063_1_1_1	86.0	5.0	0.0	10.23
11370_1_1_1	11370_1_1_1	19063_1_1_1	4000420.0	4000430.0	10.0	strict	11370_1_1_1	84.0	5.0	0.0	0.52
11370_1_1_1	11372_1_1_1	19063_1_1_1	3000497.747094088	4000430.0	999932.2529059122	moderate	11372_1_1_1	100.0	5.0	2.2529059119	0.72
11370_1_1_1	11373_1_1_1	19063_1_1_1	3000497.6107962774	4000430.0	999932.3892037226	moderate	11373_1_1_1	100.0	5.0	2.3892037226	0.78
11370_1_1_1	11371_1_1_1	19063_1_1_1	3000492.8355804016	4000430.0	999937.1644195984	moderate	11371_1_1_1	99.0	5.0	2.1644195985	0.77
11376_1_1_1	11376_1_1_1	11376_1_1_1	3000753.587148795	3000753.587148795	0.0	moderate	11376_1_1_1	108.0	7.0	2.4128512049	0.84
11390_1_1_1	11390_1_1_1	11390_1_1_1	3000683.3569184337	3000683.3569184337	0.0	moderate	11390_1_1_1	98.0	7.0	2.6430815663	0.47
11397_1_1_1	11397_1_1_1	11397_1_1_1	4000686.0	4000686.0	0.0	strict	11397_1_1_1	98.0	7.0	0.0	0.62
11399_1_1_1	34766_1_1_1	34766_1_1_1	4000831.066064294	4000831.066064294	0.0	strict	34766_1_1_1	119.0	7.0	1.933935706	0.62
11399_1_1_1	11399_1_1_1	34766_1_1_1	4000637.0	4000831.066064294	194.06606429396197	strict	11399_1_1_1	91.0	7.0	0.0	0.39
11399_1_1_1	6178_1_1_1	34766_1_1_1	3000641.426780018	4000831.066064294	1000189.6392842759	moderate	6178_1_1_1	92.0	7.0	2.5732199822	2.36
11402_1_1_1	11402_1_1_1	11402_1_1_1	4000434.0	4000434.0	0.0	strict	11402_1_1_1	62.0	7.0	0.0	1.54
11417_1_1_1	11417_1_1_1	11417_1_1_1	4000594.4542977703	4000594.4542977703	0.0	strict	11417_1_1_1	85.0	7.0	0.5457022292	0.46
11417_1_1_1	4227_1_1_1	11417_1_1_1	3000532.0	4000594.4542977703	1000062.4542977703	moderate	4227_1_1_1	76.0	7.0	0.0	0.15
11417_1_1_1	52736_1_1_1	11417_1_1_1	3000428.460434523	4000594.4542977703	1000165.9938632473	moderate	52736_1_1_1	86.0	5.0	1.5395654769	4.42
11417_1_1_1	17825_1_1_1	11417_1_1_1	3000420.0	4000594.4542977703	1000174.4542977703	moderate	17825_1_1_1	70.0	6.0	0.0	0.11
11419_1_1_1	11419_1_1_1	11419_1_1_1	3000189.0	3000189.0	0.0	moderate	11419_1_1_1	27.0	7.0	0.0	0.79
11422_1_1_1	11422_1_1_1	11422_1_1_1	3000963.893121934	3000963.893121934	0.0	moderate	11422_1_1_1	138.0	7.0	2.1068780662	0.68
11423_1_1_1	11423_1_1_1	11423_1_1_1	3001145.345284841	3001145.345284841	0.0	moderate	11423_1_1_1	164.0	7.0	2.6547151594	1.28
11424_1_1_1	11424_1_1_1	11424_1_1_1	3000644.0	3000644.0	0.0	moderate	11424_1_1_1	92.0	7.0	0.0	1.54
11425_1_1_1	11425_1_1_1	11425_1_1_1	3000777.0	3000777.0	0.0	moderate	11425_1_1_1	111.0	7.0	0.0	2.8
11427_1_1_1	11427_1_1_1	11427_1_1_1	3000826.0	3000826.0	0.0	moderate	11427_1_1_1	118.0	7.0	0.0	0.44
11428_1_1_1	11428_1_1_1	11428_1_1_1	4000388.0	4000388.0	0.0	strict	11428_1_1_1	97.0	4.0	0.0	0.0
11428_1_1_1	4011_1_1_1	11428_1_1_1	3000400.0	4000388.0	999988.0	moderate	4011_1_1_1	100.0	4.0	0.0	0.0
11436_1_1_1	11434_1_1_1	11434_1_1_1	3000890.0	3000890.0	0.0	moderate	11434_1_1_1	178.0	5.0	0.0	2.19
11436_1_1_1	11436_1_1_1	11434_1_1_1	3000724.0	3000890.0	166.0	moderate	11436_1_1_1	181.0	4.0	0.0	0.22
11442_1_1_1	11442_1_1_1	11442_1_1_1	3000810.0	3000810.0	0.0	moderate	11442_1_1_1	162.0	5.0	0.0	1.29
11451_1_1_1	11451_1_1_1	11451_1_1_1	4000972.0	4000972.0	0.0	strict	11451_1_1_1	162.0	6.0	0.0	1.25
11451_1_1_1	4037_1_1_1	11451_1_1_1	3000820.0	4000972.0	1000152.0	moderate	4037_1_1_1	164.0	5.0	0.0	0.0
11452_1_1_1	11452_1_1_1	11452_1_1_1	3000301.0	3000301.0	0.0	moderate	11452_1_1_1	43.0	7.0	0.0	0.91
11453_1_1_1	11453_1_1_1	11453_1_1_1	4000252.0	4000252.0	0.0	strict	11453_1_1_1	63.0	4.0	0.0	1.19
11456_1_1_1	11456_1_1_1	11456_1_1_1	4000623.0	4000623.0	0.0	strict	11456_1_1_1	89.0	7.0	0.0	1.45
11457_1_1_1	11457_1_1_1	11457_1_1_1	3000760.420423358	3000760.420423358	0.0	moderate	11457_1_1_1	109.0	7.0	2.5795766419	0.44
11458_1_1_1	11458_1_1_1	11458_1_1_1	4000609.0	4000609.0	0.0	strict	11458_1_1_1	87.0	7.0	0.0	0.51
11466_1_1_1	11466_1_1_1	11466_1_1_1	3001010.0	3001010.0	0.0	moderate	11466_1_1_1	202.0	5.0	0.0	0.2
11466_1_1_1	11441_1_1_1	11466_1_1_1	3001005.0	3001010.0	5.0	moderate	11441_1_1_1	201.0	5.0	0.0	0.21
11467_1_1_1	11467_1_1_1	11467_1_1_1	3000970.0	3000970.0	0.0	moderate	11467_1_1_1	194.0	5.0	0.0	0.2
11470_1_1_1	11470_1_1_1	11470_1_1_1	3001020.0	3001020.0	0.0	moderate	11470_1_1_1	204.0	5.0	0.0	0.48
11473_1_1_1	11473_1_1_1	11473_1_1_1	3000623.0	3000623.0	0.0	moderate	11473_1_1_1	89.0	7.0	0.0	1.04
11490_1_1_1	11490_1_1_1	11490_1_1_1	4000822.0	4000822.0	0.0	strict	11490_1_1_1	137.0	6.0	0.0	2.56
11490_1_1_1	11495_1_1_1	11490_1_1_1	4000804.0	4000822.0	18.0	strict	11495_1_1_1	134.0	6.0	0.0	1.69
11494_1_1_1	11494_1_1_1	11494_1_1_1	3000925.0	3000925.0	0.0	moderate	11494_1_1_1	185.0	5.0	0.0	0.14
11494_1_1_1	11493_1_1_1	11494_1_1_1	3000845.0	3000925.0	80.0	moderate	11493_1_1_1	169.0	5.0	0.0	0.19
11500_1_1_1	11500_1_1_1	11500_1_1_1	3000670.18041068	3000670.18041068	0.0	moderate	11500_1_1_1	96.0	7.0	1.81958932	1.0
11501_1_1_1	11501_1_1_1	11501_1_1_1	3000616.0	3000616.0	0.0	moderate	11501_1_1_1	88.0	7.0	0.0	1.46
11506_1_1_1	11506_1_1_1	11506_1_1_1	3002176.1664098497	3002176.1664098497	0.0	moderate	11506_1_1_1	363.0	6.0	1.8335901502	1.07
11507_1_1_1	11507_1_1_1	11507_1_1_1	4001078.0	4001078.0	0.0	strict	11507_1_1_1	154.0	7.0	0.0	0.71
11511_1_1_1	11511_1_1_1	11511_1_1_1	4000408.2114379583	4000408.2114379583	0.0	strict	11511_1_1_1	82.0	5.0	1.7885620414	1.15
11513_1_1_1	11592_1_1_1	11592_1_1_1	3000903.0	3000903.0	0.0	moderate	11592_1_1_1	129.0	7.0	0.0	0.76
11513_1_1_1	11513_1_1_1	11592_1_1_1	3000590.0	3000903.0	313.0	moderate	11513_1_1_1	118.0	5.0	0.0	1.09
11516_1_1_1	11516_1_1_1	11516_1_1_1	4000966.0	4000966.0	0.0	strict	11516_1_1_1	138.0	7.0	0.0	1.33
11524_1_1_1	11524_1_1_1	11524_1_1_1	3000069.0	3000069.0	0.0	moderate	11524_1_1_1	23.0	3.0	0.0	0.0
11525_1_1_1	11525_1_1_1	11525_1_1_1	4000672.0	4000672.0	0.0	strict	11525_1_1_1	96.0	7.0	0.0	0.15
11527_1_1_1	11527_1_1_1	11527_1_1_1	4000495.0	4000495.0	0.0	strict	11527_1_1_1	99.0	5.0	0.0	2.5
11531_1_1_1	11531_1_1_1	11531_1_1_1	3000721.0	3000721.0	0.0	moderate	11531_1_1_1	103.0	7.0	0.0	1.14
11532_1_1_1	11532_1_1_1	11532_1_1_1	4000588.0	4000588.0	0.0	strict	11532_1_1_1	84.0	7.0	0.0	1.05
11532_1_1_1	4079_1_1_1	11532_1_1_1	3000486.0	4000588.0	1000102.0	moderate	4079_1_1_1	81.0	6.0	0.0	0.35
11540_1_1_1	11540_1_1_1	11540_1_1_1	3000382.044250927	3000382.044250927	0.0	moderate	11540_1_1_1	64.0	6.0	1.9557490732	0.87
11542_1_1_1	11542_1_1_1	11542_1_1_1	3000287.332651546	3000287.332651546	0.0	moderate	11542_1_1_1	58.0	5.0	2.6673484538	2.94
11545_1_1_1	11545_1_1_1	11545_1_1_1	3000507.593458408	3000507.593458408	0.0	moderate	11545_1_1_1	102.0	5.0	2.406541592	0.99
11546_1_1_1	11546_1_1_1	11546_1_1_1	3001075.4825253766	3001075.4825253766	0.0	moderate	11546_1_1_1	154.0	7.0	2.5174746233	0.21
11548_1_1_1	11548_1_1_1	11548_1_1_1	3000462.0	3000462.0	0.0	moderate	11548_1_1_1	66.0	7.0	0.0	1.04
11549_1_1_1	11549_1_1_1	11549_1_1_1	3000627.835466025	3000627.835466025	0.0	moderate	11549_1_1_1	90.0	7.0	2.1645339753	0.39
11555_1_1_1	11555_1_1_1	11555_1_1_1	4000469.0	4000469.0	0.0	strict	11555_1_1_1	67.0	7.0	0.0	1.0
11561_1_1_1	11561_1_1_1	11561_1_1_1	4000826.0	4000826.0	0.0	strict	11561_1_1_1	118.0	7.0	0.0	0.4
11561_1_1_1	4908_1_1_1	11561_1_1_1	3000798.0	4000826.0	1000028.0	moderate	4908_1_1_1	114.0	7.0	0.0	1.82
11572_1_1_1	11142_1_1_1	11142_1_1_1	4000819.0	4000819.0	0.0	strict	11142_1_1_1	117.0	7.0	0.0	2.82
11572_1_1_1	11572_1_1_1	11142_1_1_1	4000684.0	4000819.0	135.0	strict	11572_1_1_1	114.0	6.0	0.0	0.81
11573_1_1_1	11573_1_1_1	11573_1_1_1	4000749.0	4000749.0	0.0	strict	11573_1_1_1	107.0	7.0	0.0	0.8
11573_1_1_1	5461_2_1_1	11573_1_1_1	3000684.0	4000749.0	1000065.0	moderate	5461_2_1_1	114.0	6.0	0.0	0.98
11593_1_1_1	11593_1_1_1	11593_1_1_1	3000482.155396069	3000482.155396069	0.0	moderate	11593_1_1_1	97.0	5.0	2.8446039309	1.33
11595_1_1_1	11595_1_1_1	11595_1_1_1	4000360.0	4000360.0	0.0	strict	11595_1_1_1	60.0	6.0	0.0	0.36
11601_1_1_1	11601_1_1_1	11601_1_1_1	3000600.0	3000600.0	0.0	moderate	11601_1_1_1	100.0	6.0	0.0	0.59
11605_1_1_1	11605_1_1_1	11605_1_1_1	3000529.4476728416	3000529.4476728416	0.0	moderate	11605_1_1_1	76.0	7.0	2.5523271584	1.44
12000_1_1_1	12000_1_1_1	12000_1_1_1	3001160.0	3001160.0	0.0	moderate	12000_1_1_1	232.0	5.0	0.0	0.32
12002_1_1_1	12002_1_1_1	12002_1_1_1	3000235.0	3000235.0	0.0	moderate	12002_1_1_1	47.0	5.0	0.0	3.09
12010_1_1_1	12010_1_1_1	12010_1_1_1	4000485.0	4000485.0	0.0	strict	12010_1_1_1	97.0	5.0	0.0	0.17
12010_1_1_1	12011_1_1_1	12010_1_1_1	3000450.0	4000485.0	1000035.0	moderate	12011_1_1_1	90.0	5.0	0.0	0.33
12018_1_1_1	12018_1_1_1	12018_1_1_1	3000576.0	3000576.0	0.0	moderate	12018_1_1_1	144.0	4.0	0.0	1.34
1201_1_1_1	1201_1_1_1	1201_1_1_1	3000072.0	3000072.0	0.0	moderate	1201_1_1_1	24.0	3.0	0.0	0.0
12024_1_1_1	12024_1_1_1	12024_1_1_1	3001029.0	3001029.0	0.0	moderate	12024_1_1_1	147.0	7.0	0.0	1.16
12032_1_1_1	51403_1_1_1	51403_1_1_1	4000882.0	4000882.0	0.0	strict	51403_1_1_1	126.0	7.0	0.0	0.35
12032_1_1_1	51404_1_1_1	51403_1_1_1	4000875.0	4000882.0	7.0	strict	51404_1_1_1	125.0	7.0	0.0	0.32
12032_1_1_1	12032_1_1_1	51403_1_1_1	4000805.0	4000882.0	77.0	strict	12032_1_1_1	115.0	7.0	0.0	0.4
12032_1_1_1	27539_1_1_1	51403_1_1_1	4000392.0	4000882.0	490.0	strict	27539_1_1_1	98.0	4.0	0.0	0.43
12032_1_1_1	27541_1_1_1	51403_1_1_1	3000465.0	4000882.0	1000417.0	moderate	27541_1_1_1	93.0	5.0	0.0	0.48
12040_1_1_1	12040_1_1_1	12040_1_1_1	4001160.0	4001160.0	0.0	strict	12040_1_1_1	232.0	5.0	0.0	0.58
1207_1_1_1	294_1_1_1	294_1_1_1	3000237.0	3000237.0	0.0	moderate	294_1_1_1	79.0	3.0	0.0	0.0
1207_1_1_1	295_1_1_1	294_1_1_1	3000237.0	3000237.0	0.0	moderate	295_1_1_1	79.0	3.0	0.0	0.0
1207_1_1_1	1207_1_1_1	294_1_1_1	3000231.0	3000237.0	6.0	moderate	1207_1_1_1	77.0	3.0	0.0	0.0
1207_1_1_1	1208_1_1_1	294_1_1_1	3000231.0	3000237.0	6.0	moderate	1208_1_1_1	77.0	3.0	0.0	0.0
1209_1_1_1	18043_1_1_1	18043_1_1_1	3000185.0	3000185.0	0.0	moderate	18043_1_1_1	37.0	5.0	0.0	0.04
1209_1_1_1	18146_1_1_1	18043_1_1_1	3000126.0	3000185.0	59.0	moderate	18146_1_1_1	42.0	3.0	0.0	0.0
1209_1_1_1	1209_1_1_1	18043_1_1_1	3000114.0	3000185.0	71.0	moderate	1209_1_1_1	38.0	3.0	0.0	0.0
1209_1_1_1	3456_1_1_1	18043_1_1_1	3000114.0	3000185.0	71.0	moderate	3456_1_1_1	38.0	3.0	0.0	0.0
1333_1_1_1	1333_1_1_1	1333_1_1_1	3000234.0	3000234.0	0.0	moderate	1333_1_1_1	78.0	3.0	0.0	0.0
1336_1_1_1	1336_1_1_1	1336_1_1_1	3000084.0	3000084.0	0.0	moderate	1336_1_1_1	28.0	3.0	0.0	0.0
1343_1_1_1	1343_1_1_1	1343_1_1_1	3000057.0	3000057.0	0.0	moderate	1343_1_1_1	19.0	3.0	0.0	0.0
1374_1_1_1	1374_1_1_1	1374_1_1_1	3000108.0	3000108.0	0.0	moderate	1374_1_1_1	36.0	3.0	0.0	0.0
1379_1_1_1	1379_1_1_1	1379_1_1_1	3000405.0	3000405.0	0.0	moderate	1379_1_1_1	135.0	3.0	0.0	0.0
1474_1_1_1	1474_1_1_1	1474_1_1_1	3000123.0	3000123.0	0.0	moderate	1474_1_1_1	41.0	3.0	0.0	0.0
1478_1_1_1	1478_1_1_1	1478_1_1_1	3000204.0	3000204.0	0.0	moderate	1478_1_1_1	68.0	3.0	0.0	0.0
1480_1_1_1	1480_1_1_1	1480_1_1_1	3000162.0	3000162.0	0.0	moderate	1480_1_1_1	54.0	3.0	0.0	0.0
1495_1_1_1	1495_1_1_1	1495_1_1_1	3000207.0	3000207.0	0.0	moderate	1495_1_1_1	69.0	3.0	0.0	0.0
1497_1_1_1	1497_1_1_1	1497_1_1_1	3000084.0	3000084.0	0.0	moderate	1497_1_1_1	28.0	3.0	0.0	0.0
15003_1_1_1	15466_1_1_1	15466_1_1_1	3000306.0	3000306.0	0.0	moderate	15466_1_1_1	51.0	6.0	0.0	0.73
15003_1_1_1	15003_1_1_1	15466_1_1_1	3000300.0	3000306.0	6.0	moderate	15003_1_1_1	50.0	6.0	0.0	0.73
15007_1_1_1	15007_1_1_1	15007_1_1_1	4000616.0	4000616.0	0.0	strict	15007_1_1_1	88.0	7.0	0.0	1.14
15007_1_1_1	19233_1_1_1	15007_1_1_1	3000679.0	4000616.0	999937.0	moderate	19233_1_1_1	97.0	7.0	0.0	0.89
15007_1_1_1	4437_1_1_1	15007_1_1_1	3000658.0	4000616.0	999958.0	moderate	4437_1_1_1	94.0	7.0	0.0	0.8
15011_1_1_1	15008_1_1_1	15008_1_1_1	4000896.0	4000896.0	0.0	strict	15008_1_1_1	128.0	7.0	0.0	1.92
15011_1_1_1	15011_1_1_1	15008_1_1_1	4000889.0	4000896.0	7.0	strict	15011_1_1_1	127.0	7.0	0.0	1.96
15011_1_1_1	15010_1_1_1	15008_1_1_1	4000882.0	4000896.0	14.0	strict	15010_1_1_1	126.0	7.0	0.0	2.35
15011_1_1_1	15009_1_1_1	15008_1_1_1	4000882.0	4000896.0	14.0	strict	15009_1_1_1	126.0	7.0	0.0	2.03
15011_1_1_1	5899_1_1_1	15008_1_1_1	3000732.0	4000896.0	1000164.0	moderate	5899_1_1_1	122.0	6.0	0.0	0.71
15012_1_1_1	15012_1_1_1	15012_1_1_1	3000539.0	3000539.0	0.0	moderate	15012_1_1_1	77.0	7.0	0.0	1.85
15021_1_1_1	15021_1_1_1	15021_1_1_1	3000420.0	3000420.0	0.0	moderate	15021_1_1_1	60.0	7.0	0.0	0.66
15036_1_1_1	15036_1_1_1	15036_1_1_1	4000665.0	4000665.0	0.0	strict	15036_1_1_1	95.0	7.0	0.0	1.04
15036_1_1_1	7243_1_1_1	15036_1_1_1	3000630.0	4000665.0	1000035.0	moderate	7243_1_1_1	90.0	7.0	0.0	0.82
15036_1_1_1	5565_1_1_1	15036_1_1_1	3000623.0	4000665.0	1000042.0	moderate	5565_1_1_1	89.0	7.0	0.0	1.02
15036_1_1_1	15037_1_1_1	15036_1_1_1	3000255.0	4000665.0	1000410.0	moderate	15037_1_1_1	85.0	3.0	0.0	0.0
15038_1_1_1	15038_1_1_1	15038_1_1_1	4000882.0	4000882.0	0.0	strict	15038_1_1_1	126.0	7.0	0.0	1.22
15038_1_1_1	16260_1_1_1	15038_1_1_1	3000868.0	4000882.0	1000014.0	moderate	16260_1_1_1	124.0	7.0	0.0	2.35
15046_1_1_1	15046_1_1_1	15046_1_1_1	4000700.0	4000700.0	0.0	strict	15046_1_1_1	100.0	7.0	0.0	2.97
15050_1_1_1	15050_1_1_1	15050_1_1_1	3000063.0	3000063.0	0.0	moderate	15050_1_1_1	21.0	3.0	0.0	0.0
15050_1_1_1	20098_1_1_1	15050_1_1_1	3000060.0	3000063.0	3.0	moderate	20098_1_1_1	20.0	3.0	0.0	0.0
15050_1_1_1	20095_1_1_1	15050_1_1_1	3000057.0	3000063.0	6.0	moderate	20095_1_1_1	19.0	3.0	0.0	0.0
15053_1_1_1	15053_1_1_1	15053_1_1_1	3000063.0	3000063.0	0.0	moderate	15053_1_1_1	21.0	3.0	0.0	0.0
15053_1_1_1	15052_1_1_1	15053_1_1_1	3000063.0	3000063.0	0.0	moderate	15052_1_1_1	21.0	3.0	0.0	0.0
15057_1_1_1	15057_1_1_1	15057_1_1_1	4000749.0	4000749.0	0.0	strict	15057_1_1_1	107.0	7.0	0.0	0.25
15057_1_1_1	50146_1_1_1	15057_1_1_1	3000336.0	4000749.0	1000413.0	moderate	50146_1_1_1	84.0	4.0	0.0	0.66
15057_1_1_1	50149_1_1_1	15057_1_1_1	3000316.0	4000749.0	1000433.0	moderate	50149_1_1_1	79.0	4.0	0.0	0.9
15058_1_1_1	15058_1_1_1	15058_1_1_1	3000183.0	3000183.0	0.0	moderate	15058_1_1_1	61.0	3.0	0.0	0.0
15061_1_1_1	15061_1_1_1	15061_1_1_1	3001260.0	3001260.0	0.0	moderate	15061_1_1_1	180.0	7.0	0.0	0.61
15068_1_1_1	15068_1_1_1	15068_1_1_1	3000054.0	3000054.0	0.0	moderate	15068_1_1_1	18.0	3.0	0.0	0.0
15071_1_1_1	15070_1_1_1	15070_1_1_1	4001025.0	4001025.0	0.0	strict	15070_1_1_1	205.0	5.0	0.0	2.78
15071_1_1_1	15071_1_1_1	15070_1_1_1	4000985.0	4001025.0	40.0	strict	15071_1_1_1	197.0	5.0	0.0	2.66
15082_1_1_1	6134_1_1_1	6134_1_1_1	3000714.0	3000714.0	0.0	moderate	6134_1_1_1	102.0	7.0	0.0	3.8
15082_1_1_1	15082_1_1_1	6134_1_1_1	3000516.0	3000714.0	198.0	moderate	15082_1_1_1	129.0	4.0	0.0	1.55
15082_1_1_1	5284_1_1_1	6134_1_1_1	3000516.0	3000714.0	198.0	moderate	5284_1_1_1	129.0	4.0	0.0	0.0
15082_1_1_1	5285_1_1_1	6134_1_1_1	3000516.0	3000714.0	198.0	moderate	5285_1_1_1	129.0	4.0	0.0	0.0
15085_1_1_1	15085_1_1_1	15085_1_1_1	3000441.0	3000441.0	0.0	moderate	15085_1_1_1	63.0	7.0	0.0	0.76
15087_1_1_1	15087_1_1_1	15087_1_1_1	4000320.0	4000320.0	0.0	strict	15087_1_1_1	80.0	4.0	0.0	0.0
15087_1_1_1	5698_1_1_1	15087_1_1_1	3000320.0	4000320.0	1000000.0	moderate	5698_1_1_1	80.0	4.0	0.0	0.0
15087_1_1_1	51395_1_1_1	15087_1_1_1	3000285.655419423	4000320.0	1000034.3445805772	moderate	51395_1_1_1	72.0	4.0	2.344580577	0.22
15088_1_1_1	15088_1_1_1	15088_1_1_1	3000618.0	3000618.0	0.0	moderate	15088_1_1_1	103.0	6.0	0.0	1.33
15090_1_1_1	15090_1_1_1	15090_1_1_1	3000553.0	3000553.0	0.0	moderate	15090_1_1_1	79.0	7.0	0.0	0.24
15091_1_1_1	15091_1_1_1	15091_1_1_1	4001272.0	4001272.0	0.0	strict	15091_1_1_1	212.0	6.0	0.0	1.76
15091_1_1_1	15093_1_1_1	15091_1_1_1	4000938.0367141487	4001272.0	333.9632858512923	strict	15093_1_1_1	235.0	4.0	1.9632858512	1.38
15091_1_1_1	17717_1_1_1	15091_1_1_1	3001272.0	4001272.0	1000000.0	moderate	17717_1_1_1	212.0	6.0	0.0	1.31
15094_1_1_1	15094_1_1_1	15094_1_1_1	4000770.0	4000770.0	0.0	strict	15094_1_1_1	110.0	7.0	0.0	1.25
15101_1_1_1	15190_1_1_1	15190_1_1_1	4000616.0	4000616.0	0.0	strict	15190_1_1_1	88.0	7.0	0.0	3.12
15101_1_1_1	15101_1_1_1	15190_1_1_1	4000498.0	4000616.0	118.0	strict	15101_1_1_1	83.0	6.0	0.0	2.07
15102_1_1_1	15102_1_1_1	15102_1_1_1	3000872.5161235505	3000872.5161235505	0.0	moderate	15102_1_1_1	125.0	7.0	2.4838764495	0.61
15102_1_1_1	27640_1_1_1	15102_1_1_1	3000608.532631832	3000872.5161235505	263.9834917183034	moderate	27640_1_1_1	122.0	5.0	1.4673681679	2.59
15105_1_1_1	15105_1_1_1	15105_1_1_1	3000385.0	3000385.0	0.0	moderate	15105_1_1_1	55.0	7.0	0.0	0.25
15106_1_1_1	15106_1_1_1	15106_1_1_1	3000364.0	3000364.0	0.0	moderate	15106_1_1_1	52.0	7.0	0.0	0.26
15111_1_1_1	15111_1_1_1	15111_1_1_1	3000246.0	3000246.0	0.0	moderate	15111_1_1_1	41.0	6.0	0.0	0.41
15127_1_1_1	15127_1_1_1	15127_1_1_1	3000906.0	3000906.0	0.0	moderate	15127_1_1_1	151.0	6.0	0.0	0.77
15132_1_1_1	15132_1_1_1	15132_1_1_1	4000700.0	4000700.0	0.0	strict	15132_1_1_1	100.0	7.0	0.0	1.87
15132_1_1_1	19404_1_1_1	15132_1_1_1	3000784.0	4000700.0	999916.0	moderate	19404_1_1_1	112.0	7.0	0.0	1.77
15132_1_1_1	25664_1_1_1	15132_1_1_1	3000528.0	4000700.0	1000172.0	moderate	25664_1_1_1	88.0	6.0	0.0	3.01
15134_1_1_1	15134_1_1_1	15134_1_1_1	4000679.0	4000679.0	0.0	strict	15134_1_1_1	97.0	7.0	0.0	2.4
15137_1_1_1	16555_1_1_1	16555_1_1_1	4000516.0	4000516.0	0.0	strict	16555_1_1_1	86.0	6.0	0.0	0.84
15137_1_1_1	15137_1_1_1	16555_1_1_1	4000324.0	4000516.0	192.0	strict	15137_1_1_1	81.0	4.0	0.0	0.0
15139_1_1_1	15139_1_1_1	15139_1_1_1	4000763.0	4000763.0	0.0	strict	15139_1_1_1	109.0	7.0	0.0	0.74
15148_1_1_1	15148_1_1_1	15148_1_1_1	4000710.4635891262	4000710.4635891262	0.0	strict	15148_1_1_1	178.0	4.0	1.5364108731	2.58
15150_1_1_1	15150_1_1_1	15150_1_1_1	4000567.0	4000567.0	0.0	strict	15150_1_1_1	81.0	7.0	0.0	1.51
15152_1_1_1	15152_1_1_1	15152_1_1_1	4000616.0	4000616.0	0.0	strict	15152_1_1_1	88.0	7.0	0.0	5.02
15158_1_1_1	15158_1_1_1	15158_1_1_1	3002034.366706464	3002034.366706464	0.0	moderate	15158_1_1_1	291.0	7.0	2.6332935362	0.93
15164_1_1_1	15164_1_1_1	15164_1_1_1	3001887.758478682	3001887.758478682	0.0	moderate	15164_1_1_1	378.0	5.0	2.2415213178	2.82
15167_1_1_1	15167_1_1_1	15167_1_1_1	3000959.0	3000959.0	0.0	moderate	15167_1_1_1	137.0	7.0	0.0	0.92
15171_1_1_1	15171_1_1_1	15171_1_1_1	3000060.0	3000060.0	0.0	moderate	15171_1_1_1	20.0	3.0	0.0	0.0
15172_1_1_1	15172_1_1_1	15172_1_1_1	3000542.0065260017	3000542.0065260017	0.0	moderate	15172_1_1_1	109.0	5.0	2.9934739983	0.86
15178_1_1_1	15178_1_1_1	15178_1_1_1	3000994.0	3000994.0	0.0	moderate	15178_1_1_1	142.0	7.0	0.0	2.56
15178_1_1_1	7106_1_1_1	15178_1_1_1	3000924.0	3000994.0	70.0	moderate	7106_1_1_1	132.0	7.0	0.0	0.67
1517_1_1_1	1517_1_1_1	1517_1_1_1	3000123.0	3000123.0	0.0	moderate	1517_1_1_1	41.0	3.0	0.0	0.0
15189_1_1_1	15189_1_1_1	15189_1_1_1	3000763.0	3000763.0	0.0	moderate	15189_1_1_1	109.0	7.0	0.0	0.78
15193_1_1_1	15193_1_1_1	15193_1_1_1	3000823.2557996036	3000823.2557996036	0.0	moderate	15193_1_1_1	118.0	7.0	2.7442003965	1.57
15197_1_1_1	15197_1_1_1	15197_1_1_1	4001085.0	4001085.0	0.0	strict	15197_1_1_1	155.0	7.0	0.0	0.33
15200_1_1_1	15200_1_1_1	15200_1_1_1	4000826.0	4000826.0	0.0	strict	15200_1_1_1	118.0	7.0	0.0	2.9
15203_1_1_1	15203_1_1_1	15203_1_1_1	4000546.0	4000546.0	0.0	strict	15203_1_1_1	78.0	7.0	0.0	0.44
15204_1_1_1	15204_1_1_1	15204_1_1_1	3000728.0	3000728.0	0.0	moderate	15204_1_1_1	104.0	7.0	0.0	0.89
15207_1_1_1	15207_1_1_1	15207_1_1_1	4001211.0	4001211.0	0.0	strict	15207_1_1_1	173.0	7.0	0.0	1.36
15210_1_1_1	15210_1_1_1	15210_1_1_1	4000658.0	4000658.0	0.0	strict	15210_1_1_1	94.0	7.0	0.0	0.64
15217_1_1_1	15217_1_1_1	15217_1_1_1	3000591.3663178245	3000591.3663178245	0.0	moderate	15217_1_1_1	99.0	6.0	2.6336821754	1.34
15221_1_1_1	15221_1_1_1	15221_1_1_1	3000105.0	3000105.0	0.0	moderate	15221_1_1_1	35.0	3.0	0.0	0.0
15222_1_1_1	15222_1_1_1	15222_1_1_1	3000730.0	3000730.0	0.0	moderate	15222_1_1_1	146.0	5.0	0.0	1.93
15229_1_1_1	15229_1_1_1	15229_1_1_1	3000378.0	3000378.0	0.0	moderate	15229_1_1_1	126.0	3.0	0.0	0.0
15231_1_1_1	15231_1_1_1	15231_1_1_1	3000252.0	3000252.0	0.0	moderate	15231_1_1_1	42.0	6.0	0.0	2.06
15240_1_1_1	15240_1_1_1	15240_1_1_1	3000744.0	3000744.0	0.0	moderate	15240_1_1_1	124.0	6.0	0.0	0.61
15242_1_1_1	15242_1_1_1	15242_1_1_1	4000910.0	4000910.0	0.0	strict	15242_1_1_1	130.0	7.0	0.0	1.49
15245_1_1_1	15000_1_1_1	15000_1_1_1	3000224.0	3000224.0	0.0	moderate	15000_1_1_1	32.0	7.0	0.0	0.0
15245_1_1_1	5966_1_1_1	15000_1_1_1	3000105.0	3000224.0	119.0	moderate	5966_1_1_1	35.0	3.0	0.0	0.0
15245_1_1_1	15245_1_1_1	15000_1_1_1	3000102.0	3000224.0	122.0	moderate	15245_1_1_1	34.0	3.0	0.0	0.0
15245_1_1_1	11519_1_1_1	15000_1_1_1	3000102.0	3000224.0	122.0	moderate	11519_1_1_1	34.0	3.0	0.0	0.0
15245_1_1_1	5965_1_1_1	15000_1_1_1	3000102.0	3000224.0	122.0	moderate	5965_1_1_1	34.0	3.0	0.0	0.0
15245_1_1_1	5964_1_1_1	15000_1_1_1	3000102.0	3000224.0	122.0	moderate	5964_1_1_1	34.0	3.0	0.0	0.0
15246_1_1_1	15246_1_1_1	15246_1_1_1	3000658.0	3000658.0	0.0	moderate	15246_1_1_1	94.0	7.0	0.0	1.31
15247_1_1_1	15247_1_1_1	15247_1_1_1	4001078.0	4001078.0	0.0	strict	15247_1_1_1	154.0	7.0	0.0	1.59
15248_1_1_1	15248_1_1_1	15248_1_1_1	3001225.0	3001225.0	0.0	moderate	15248_1_1_1	245.0	5.0	0.0	0.36
15252_1_1_1	15252_1_1_1	15252_1_1_1	3000447.3115357426	3000447.3115357426	0.0	moderate	15252_1_1_1	75.0	6.0	2.6884642574	2.16
15256_1_1_1	15256_1_1_1	15256_1_1_1	3000980.0	3000980.0	0.0	moderate	15256_1_1_1	140.0	7.0	0.0	0.47
15264_1_1_1	15264_1_1_1	15264_1_1_1	4000800.0	4000800.0	0.0	strict	15264_1_1_1	200.0	4.0	0.0	0.59
15265_1_1_1	15265_1_1_1	15265_1_1_1	3000889.0	3000889.0	0.0	moderate	15265_1_1_1	127.0	7.0	0.0	0.23
15268_1_1_1	15268_1_1_1	15268_1_1_1	3000462.0	3000462.0	0.0	moderate	15268_1_1_1	77.0	6.0	0.0	0.34
15271_1_1_1	15271_1_1_1	15271_1_1_1	4000315.0	4000315.0	0.0	strict	15271_1_1_1	45.0	7.0	0.0	0.21
15278_1_1_1	15278_1_1_1	15278_1_1_1	3000805.0	3000805.0	0.0	moderate	15278_1_1_1	161.0	5.0	0.0	0.32
15278_1_1_1	15277_1_1_1	15278_1_1_1	3000730.0	3000805.0	75.0	moderate	15277_1_1_1	146.0	5.0	0.0	0.71
15280_1_1_1	15280_1_1_1	15280_1_1_1	3000973.0	3000973.0	0.0	moderate	15280_1_1_1	139.0	7.0	0.0	0.39
15286_1_1_1	15286_1_1_1	15286_1_1_1	3000189.0	3000189.0	0.0	moderate	15286_1_1_1	63.0	3.0	0.0	0.0
15295_1_1_1	15295_1_1_1	15295_1_1_1	4001078.0	4001078.0	0.0	strict	15295_1_1_1	154.0	7.0	0.0	0.52
15295_1_1_1	7007_1_1_1	15295_1_1_1	3001132.3343090853	4001078.0	999945.6656909147	moderate	7007_1_1_1	162.0	7.0	1.6656909149	0.92
15306_1_1_1	15306_1_1_1	15306_1_1_1	4000774.0	4000774.0	0.0	strict	15306_1_1_1	129.0	6.0	0.0	0.71
15306_1_1_1	50023_1_1_1	15306_1_1_1	4000516.0	4000774.0	258.0	strict	50023_1_1_1	129.0	4.0	0.0	0.81
15312_1_1_1	15312_1_1_1	15312_1_1_1	3001015.0	3001015.0	0.0	moderate	15312_1_1_1	145.0	7.0	0.0	0.85
15314_1_1_1	15314_1_1_1	15314_1_1_1	4000532.0	4000532.0	0.0	strict	15314_1_1_1	76.0	7.0	0.0	1.48
15317_1_1_1	15456_1_1_1	15456_1_1_1	3000539.0	3000539.0	0.0	moderate	15456_1_1_1	77.0	7.0	0.0	0.91
15317_1_1_1	15317_1_1_1	15456_1_1_1	3000518.0	3000539.0	21.0	moderate	15317_1_1_1	74.0	7.0	0.0	0.71
15318_1_1_1	15318_1_1_1	15318_1_1_1	3000120.0	3000120.0	0.0	moderate	15318_1_1_1	40.0	3.0	0.0	0.0
15322_1_1_1	15322_1_1_1	15322_1_1_1	3001124.8030160265	3001124.8030160265	0.0	moderate	15322_1_1_1	161.0	7.0	2.1969839736	1.45
15323_1_1_1	15323_1_1_1	15323_1_1_1	3000120.0	3000120.0	0.0	moderate	15323_1_1_1	40.0	3.0	0.0	0.0
15326_1_1_1	15326_1_1_1	15326_1_1_1	3000660.0	3000660.0	0.0	moderate	15326_1_1_1	132.0	5.0	0.0	0.2
15327_1_1_1	15327_1_1_1	15327_1_1_1	4000693.0	4000693.0	0.0	strict	15327_1_1_1	99.0	7.0	0.0	0.48
15329_1_1_1	15329_1_1_1	15329_1_1_1	3001229.4082854623	3001229.4082854623	0.0	moderate	15329_1_1_1	176.0	7.0	2.5917145377	1.17
15332_1_1_1	15332_1_1_1	15332_1_1_1	4000595.0	4000595.0	0.0	strict	15332_1_1_1	85.0	7.0	0.0	1.96
15334_1_1_1	15334_1_1_1	15334_1_1_1	4000714.0	4000714.0	0.0	strict	15334_1_1_1	119.0	6.0	0.0	0.97
15341_1_1_1	15341_1_1_1	15341_1_1_1	4000372.0	4000372.0	0.0	strict	15341_1_1_1	62.0	6.0	0.0	1.99
15347_1_1_1	15347_1_1_1	15347_1_1_1	3000539.0	3000539.0	0.0	moderate	15347_1_1_1	77.0	7.0	0.0	1.19
15349_1_1_1	15349_1_1_1	15349_1_1_1	3000413.0	3000413.0	0.0	moderate	15349_1_1_1	59.0	7.0	0.0	0.91
15350_1_1_1	15350_1_1_1	15350_1_1_1	3000450.0	3000450.0	0.0	moderate	15350_1_1_1	75.0	6.0	0.0	1.16
15358_1_1_1	15358_1_1_1	15358_1_1_1	3000522.0	3000522.0	0.0	moderate	15358_1_1_1	87.0	6.0	0.0	0.48
15369_1_1_1	15369_1_1_1	15369_1_1_1	4001701.0	4001701.0	0.0	strict	15369_1_1_1	243.0	7.0	0.0	0.19
15371_1_1_1	15371_1_1_1	15371_1_1_1	4000602.0	4000602.0	0.0	strict	15371_1_1_1	86.0	7.0	0.0	1.0
15372_1_1_1	15372_1_1_1	15372_1_1_1	3000511.0	3000511.0	0.0	moderate	15372_1_1_1	73.0	7.0	0.0	1.0
15381_1_1_1	15381_1_1_1	15381_1_1_1	3000504.0	3000504.0	0.0	moderate	15381_1_1_1	84.0	6.0	0.0	1.98
15383_1_1_1	15383_1_1_1	15383_1_1_1	3001008.0	3001008.0	0.0	moderate	15383_1_1_1	144.0	7.0	0.0	0.39
15389_1_1_1	15389_1_1_1	15389_1_1_1	3000088.0	3000088.0	0.0	moderate	15389_1_1_1	22.0	4.0	0.0	0.0
15401_1_1_1	15401_1_1_1	15401_1_1_1	4000868.0	4000868.0	0.0	strict	15401_1_1_1	124.0	7.0	0.0	1.26
15404_1_1_1	15404_1_1_1	15404_1_1_1	4000518.0	4000518.0	0.0	strict	15404_1_1_1	74.0	7.0	0.0	4.04
15406_1_1_1	15406_1_1_1	15406_1_1_1	3000529.865541156	3000529.865541156	0.0	moderate	15406_1_1_1	76.0	7.0	2.1344588443	0.64
15412_1_1_1	7249_1_1_1	7249_1_1_1	3000942.8993693083	3000942.8993693083	0.0	moderate	7249_1_1_1	135.0	7.0	2.1006306917	0.3
15412_1_1_1	15412_1_1_1	7249_1_1_1	3000917.0	3000942.8993693083	25.899369308259338	moderate	15412_1_1_1	131.0	7.0	0.0	0.75
15426_1_1_1	30604_1_1_1	30604_1_1_1	4001275.0	4001275.0	0.0	strict	30604_1_1_1	255.0	5.0	0.0	1.14
15426_1_1_1	15426_1_1_1	30604_1_1_1	4001205.0	4001275.0	70.0	strict	15426_1_1_1	241.0	5.0	0.0	0.69
15438_1_1_1	15438_1_1_1	15438_1_1_1	3000432.0	3000432.0	0.0	moderate	15438_1_1_1	72.0	6.0	0.0	1.4
15439_1_1_1	15439_1_1_1	15439_1_1_1	3000168.0	3000168.0	0.0	moderate	15439_1_1_1	56.0	3.0	0.0	0.0
15442_1_1_1	15442_1_1_1	15442_1_1_1	3000522.4557983903	3000522.4557983903	0.0	moderate	15442_1_1_1	75.0	7.0	2.5442016095	0.59
15444_1_1_1	15444_1_1_1	15444_1_1_1	4000833.0	4000833.0	0.0	strict	15444_1_1_1	119.0	7.0	0.0	1.15
15449_1_1_1	15449_1_1_1	15449_1_1_1	3000513.3831444103	3000513.3831444103	0.0	moderate	15449_1_1_1	86.0	6.0	2.6168555895	0.53
15451_1_1_1	15451_1_1_1	15451_1_1_1	3000609.0	3000609.0	0.0	moderate	15451_1_1_1	87.0	7.0	0.0	1.34
15459_1_1_1	15459_1_1_1	15459_1_1_1	3000504.0	3000504.0	0.0	moderate	15459_1_1_1	72.0	7.0	0.0	0.94
15468_1_1_1	15468_1_1_1	15468_1_1_1	3000497.0	3000497.0	0.0	moderate	15468_1_1_1	71.0	7.0	0.0	0.73
15471_1_1_1	15471_1_1_1	15471_1_1_1	3000725.0425027236	3000725.0425027236	0.0	moderate	15471_1_1_1	104.0	7.0	2.9574972763	1.53
15477_1_1_1	15477_1_1_1	15477_1_1_1	3000490.0	3000490.0	0.0	moderate	15477_1_1_1	70.0	7.0	0.0	0.35
15479_1_1_1	15479_1_1_1	15479_1_1_1	3000473.2125521763	3000473.2125521763	0.0	moderate	15479_1_1_1	68.0	7.0	2.7874478235	1.29
15485_1_1_1	15485_1_1_1	15485_1_1_1	3000444.0	3000444.0	0.0	moderate	15485_1_1_1	74.0	6.0	0.0	5.77
15487_1_1_1	15487_1_1_1	15487_1_1_1	3000468.0	3000468.0	0.0	moderate	15487_1_1_1	78.0	6.0	0.0	2.44
15503_1_1_1	15503_1_1_1	15503_1_1_1	4000440.0	4000440.0	0.0	strict	15503_1_1_1	110.0	4.0	0.0	0.0
15508_1_1_1	5067_1_1_1	5067_1_1_1	3000474.0	3000474.0	0.0	moderate	5067_1_1_1	79.0	6.0	0.0	0.43
15508_1_1_1	15508_1_1_1	5067_1_1_1	3000304.0	3000474.0	170.0	moderate	15508_1_1_1	76.0	4.0	0.0	0.0
15514_1_1_1	15514_1_1_1	15514_1_1_1	3001070.0	3001070.0	0.0	moderate	15514_1_1_1	214.0	5.0	0.0	1.62
15517_1_1_1	15517_1_1_1	15517_1_1_1	4000749.0	4000749.0	0.0	strict	15517_1_1_1	107.0	7.0	0.0	0.71
15517_1_1_1	16617_1_1_1	15517_1_1_1	3000742.0	4000749.0	1000007.0	moderate	16617_1_1_1	106.0	7.0	0.0	0.44
15517_1_1_1	18113_1_1_1	15517_1_1_1	3000742.0	4000749.0	1000007.0	moderate	18113_1_1_1	106.0	7.0	0.0	0.75
15517_1_1_1	16945_1_1_1	15517_1_1_1	3000742.0	4000749.0	1000007.0	moderate	16945_1_1_1	106.0	7.0	0.0	0.33
15517_1_1_1	7322_1_1_1	15517_1_1_1	3000742.0	4000749.0	1000007.0	moderate	7322_1_1_1	106.0	7.0	0.0	0.54
15519_1_1_1	15519_1_1_1	15519_1_1_1	3000907.099972908	3000907.099972908	0.0	moderate	15519_1_1_1	182.0	5.0	2.9000270921	1.38
15522_1_1_1	15522_1_1_1	15522_1_1_1	3000057.0	3000057.0	0.0	moderate	15522_1_1_1	19.0	3.0	0.0	0.0
15524_1_1_1	15524_1_1_1	15524_1_1_1	3000212.0	3000212.0	0.0	moderate	15524_1_1_1	53.0	4.0	0.0	0.0
15528_1_1_1	15528_1_1_1	15528_1_1_1	3000851.016976004	3000851.016976004	0.0	moderate	15528_1_1_1	122.0	7.0	2.983023996	1.28
15529_1_1_1	15529_1_1_1	15529_1_1_1	4000280.0	4000280.0	0.0	strict	15529_1_1_1	70.0	4.0	0.0	0.55
15530_1_1_1	15530_1_1_1	15530_1_1_1	4000896.0	4000896.0	0.0	strict	15530_1_1_1	128.0	7.0	0.0	0.59
15531_1_1_1	15531_1_1_1	15531_1_1_1	4000868.0	4000868.0	0.0	strict	15531_1_1_1	124.0	7.0	0.0	0.42
15534_1_1_1	15534_1_1_1	15534_1_1_1	3000375.139264466	3000375.139264466	0.0	moderate	15534_1_1_1	54.0	7.0	2.8607355341	1.05
1553_1_1_1	1553_1_1_1	1553_1_1_1	3000108.0	3000108.0	0.0	moderate	1553_1_1_1	36.0	3.0	0.0	0.0
15540_1_1_1	15540_1_1_1	15540_1_1_1	4000756.0	4000756.0	0.0	strict	15540_1_1_1	108.0	7.0	0.0	3.08
15547_1_1_1	15547_1_1_1	15547_1_1_1	4000469.0	4000469.0	0.0	strict	15547_1_1_1	67.0	7.0	0.0	0.72
15548_1_1_1	15548_1_1_1	15548_1_1_1	4000480.0	4000480.0	0.0	strict	15548_1_1_1	96.0	5.0	0.0	0.22
15548_1_1_1	4827_1_1_1	15548_1_1_1	3000665.0	4000480.0	999815.0	moderate	4827_1_1_1	95.0	7.0	0.0	2.02
15548_1_1_1	4828_1_1_1	15548_1_1_1	3000665.0	4000480.0	999815.0	moderate	4828_1_1_1	95.0	7.0	0.0	2.12
15549_1_1_1	15549_1_1_1	15549_1_1_1	3000588.0	3000588.0	0.0	moderate	15549_1_1_1	84.0	7.0	0.0	0.75
15550_1_1_1	15550_1_1_1	15550_1_1_1	3000315.0	3000315.0	0.0	moderate	15550_1_1_1	45.0	7.0	0.0	1.22
15559_1_1_1	15559_1_1_1	15559_1_1_1	3000140.0	3000140.0	0.0	moderate	15559_1_1_1	28.0	5.0	0.0	0.0
15560_1_1_1	15560_1_1_1	15560_1_1_1	4000959.0	4000959.0	0.0	strict	15560_1_1_1	137.0	7.0	0.0	1.15
15560_1_1_1	17414_1_1_1	15560_1_1_1	4000822.0	4000959.0	137.0	strict	17414_1_1_1	137.0	6.0	0.0	1.16
15564_1_1_1	4146_1_1_1	4146_1_1_1	3000539.0	3000539.0	0.0	moderate	4146_1_1_1	77.0	7.0	0.0	0.88
15564_1_1_1	5326_1_1_1	4146_1_1_1	3000539.0	3000539.0	0.0	moderate	5326_1_1_1	77.0	7.0	0.0	0.77
15564_1_1_1	15564_1_1_1	4146_1_1_1	3000462.0	3000539.0	77.0	moderate	15564_1_1_1	77.0	6.0	0.0	0.87
15566_1_1_1	15566_1_1_1	15566_1_1_1	4000606.0	4000606.0	0.0	strict	15566_1_1_1	101.0	6.0	0.0	0.25
15567_1_1_1	15567_1_1_1	15567_1_1_1	3000672.0	3000672.0	0.0	moderate	15567_1_1_1	96.0	7.0	0.0	0.76
15574_1_1_1	15574_1_1_1	15574_1_1_1	3001054.0343527724	3001054.0343527724	0.0	moderate	15574_1_1_1	151.0	7.0	2.9656472278	0.27
15576_1_1_1	15576_1_1_1	15576_1_1_1	3000518.0	3000518.0	0.0	moderate	15576_1_1_1	74.0	7.0	0.0	1.82
15577_1_1_1	15577_1_1_1	15577_1_1_1	3000676.2912469963	3000676.2912469963	0.0	moderate	15577_1_1_1	97.0	7.0	2.7087530039	0.99
15580_1_1_1	15580_1_1_1	15580_1_1_1	3000100.0	3000100.0	0.0	moderate	15580_1_1_1	20.0	5.0	0.0	0.0
15584_1_1_1	15584_1_1_1	15584_1_1_1	3000984.0512312553	3000984.0512312553	0.0	moderate	15584_1_1_1	141.0	7.0	2.9487687449	1.04
15585_1_1_1	15585_1_1_1	15585_1_1_1	3000704.64017378	3000704.64017378	0.0	moderate	15585_1_1_1	101.0	7.0	2.3598262203	0.94
15587_1_1_1	15587_1_1_1	15587_1_1_1	4000707.0	4000707.0	0.0	strict	15587_1_1_1	101.0	7.0	0.0	0.99
15591_1_1_1	11443_1_1_1	11443_1_1_1	3000357.0	3000357.0	0.0	moderate	11443_1_1_1	51.0	7.0	0.0	3.01
15591_1_1_1	15591_1_1_1	11443_1_1_1	3000350.0	3000357.0	7.0	moderate	15591_1_1_1	50.0	7.0	0.0	1.2
15595_1_1_1	15595_1_1_1	15595_1_1_1	4001006.781266621	4001006.781266621	0.0	strict	15595_1_1_1	144.0	7.0	1.2187333793	0.2
15598_1_1_1	15598_1_1_1	15598_1_1_1	4000972.0	4000972.0	0.0	strict	15598_1_1_1	162.0	6.0	0.0	0.14
15598_1_1_1	16518_1_1_1	15598_1_1_1	4000970.540859488	4000972.0	1.4591405121609569	strict	16518_1_1_1	162.0	6.0	1.4591405123	1.12
15599_1_1_1	15599_1_1_1	15599_1_1_1	4000678.0	4000678.0	0.0	strict	15599_1_1_1	113.0	6.0	0.0	0.48
15603_1_1_1	15603_1_1_1	15603_1_1_1	4000896.0	4000896.0	0.0	strict	15603_1_1_1	128.0	7.0	0.0	0.58
15604_1_1_1	15604_1_1_1	15604_1_1_1	3000420.0	3000420.0	0.0	moderate	15604_1_1_1	60.0	7.0	0.0	1.64
15607_1_1_1	15607_1_1_1	15607_1_1_1	4001764.0	4001764.0	0.0	strict	15607_1_1_1	294.0	6.0	0.0	0.96
15609_1_1_1	15609_1_1_1	15609_1_1_1	3000351.7446332737	3000351.7446332737	0.0	moderate	15609_1_1_1	59.0	6.0	2.2553667263	1.85
15612_1_1_1	15612_1_1_1	15612_1_1_1	3000122.941375898	3000122.941375898	0.0	moderate	15612_1_1_1	25.0	5.0	2.058624102	0.0
15615_1_1_1	15615_1_1_1	15615_1_1_1	4001232.0	4001232.0	0.0	strict	15615_1_1_1	176.0	7.0	0.0	0.83
15616_1_1_1	15616_1_1_1	15616_1_1_1	3000865.0174510805	3000865.0174510805	0.0	moderate	15616_1_1_1	124.0	7.0	2.9825489194	1.1
15626_1_1_1	15626_1_1_1	15626_1_1_1	3000680.0	3000680.0	0.0	moderate	15626_1_1_1	170.0	4.0	0.0	1.57
15641_1_1_1	15641_1_1_1	15641_1_1_1	3000064.6552012265	3000064.6552012265	0.0	moderate	15641_1_1_1	22.0	3.0	1.3447987735	0.0
15642_1_1_1	15642_1_1_1	15642_1_1_1	3000847.0	3000847.0	0.0	moderate	15642_1_1_1	121.0	7.0	0.0	1.53
15651_1_1_1	15651_1_1_1	15651_1_1_1	3001125.6424252936	3001125.6424252936	0.0	moderate	15651_1_1_1	188.0	6.0	2.3575747063	0.66
15655_1_1_1	15655_1_1_1	15655_1_1_1	4000504.0	4000504.0	0.0	strict	15655_1_1_1	72.0	7.0	0.0	1.6
15661_1_1_1	15661_1_1_1	15661_1_1_1	4000756.0	4000756.0	0.0	strict	15661_1_1_1	108.0	7.0	0.0	1.14
15673_1_1_1	15673_1_1_1	15673_1_1_1	3000576.0	3000576.0	0.0	moderate	15673_1_1_1	96.0	6.0	0.0	1.03
15674_1_1_1	15674_1_1_1	15674_1_1_1	3000378.0	3000378.0	0.0	moderate	15674_1_1_1	54.0	7.0	0.0	1.28
15678_1_1_1	15678_1_1_1	15678_1_1_1	4000609.0	4000609.0	0.0	strict	15678_1_1_1	87.0	7.0	0.0	0.57
15678_1_1_1	5844_1_1_1	15678_1_1_1	3000602.0	4000609.0	1000007.0	moderate	5844_1_1_1	86.0	7.0	0.0	0.89
15679_1_1_1	15679_1_1_1	15679_1_1_1	3000534.0	3000534.0	0.0	moderate	15679_1_1_1	89.0	6.0	0.0	1.58
15682_1_1_1	15682_1_1_1	15682_1_1_1	3000398.082381917	3000398.082381917	0.0	moderate	15682_1_1_1	57.0	7.0	0.9176180828	0.96
15688_1_1_1	15688_1_1_1	15688_1_1_1	4000648.0	4000648.0	0.0	strict	15688_1_1_1	108.0	6.0	0.0	1.23
15689_1_1_1	15689_1_1_1	15689_1_1_1	3000585.022117041	3000585.022117041	0.0	moderate	15689_1_1_1	98.0	6.0	2.977882959	0.98
15698_1_1_1	25875_1_1_1	25875_1_1_1	4000483.0	4000483.0	0.0	strict	25875_1_1_1	69.0	7.0	0.0	0.58
15698_1_1_1	15698_1_1_1	25875_1_1_1	4000408.0	4000483.0	75.0	strict	15698_1_1_1	68.0	6.0	0.0	0.34
15698_1_1_1	18323_1_1_1	25875_1_1_1	3000483.0	4000483.0	1000000.0	moderate	18323_1_1_1	69.0	7.0	0.0	1.1
15703_1_1_1	15703_1_1_1	15703_1_1_1	3000440.0	3000440.0	0.0	moderate	15703_1_1_1	110.0	4.0	0.0	0.09
15708_2_1_1	15708_2_1_1	15708_2_1_1	3000117.0	3000117.0	0.0	moderate	15708_2_1_1	39.0	3.0	0.0	0.0
15710_1_1_1	15710_1_1_1	15710_1_1_1	3000390.0	3000390.0	0.0	moderate	15710_1_1_1	65.0	6.0	0.0	0.2
15717_1_1_1	15717_1_1_1	15717_1_1_1	3001141.0	3001141.0	0.0	moderate	15717_1_1_1	163.0	7.0	0.0	0.97
15721_1_1_1	15721_1_1_1	15721_1_1_1	3000420.0	3000420.0	0.0	moderate	15721_1_1_1	60.0	7.0	0.0	0.83
15723_1_1_1	15723_1_1_1	15723_1_1_1	4000798.0	4000798.0	0.0	strict	15723_1_1_1	114.0	7.0	0.0	3.06
15723_1_1_1	50334_1_1_1	15723_1_1_1	3000577.4010153715	4000798.0	1000220.5989846285	moderate	50334_1_1_1	116.0	5.0	2.5989846286	2.95
15726_1_1_1	15726_1_1_1	15726_1_1_1	4001116.0	4001116.0	0.0	strict	15726_1_1_1	186.0	6.0	0.0	0.13
15728_1_1_1	15728_1_1_1	15728_1_1_1	3000252.0	3000252.0	0.0	moderate	15728_1_1_1	36.0	7.0	0.0	1.79
15739_1_1_1	15739_1_1_1	15739_1_1_1	3000348.0	3000348.0	0.0	moderate	15739_1_1_1	58.0	6.0	0.0	0.49
15740_1_1_1	15740_1_1_1	15740_1_1_1	3000980.0	3000980.0	0.0	moderate	15740_1_1_1	140.0	7.0	0.0	0.13
15742_1_1_1	15742_1_1_1	15742_1_1_1	3000228.0	3000228.0	0.0	moderate	15742_1_1_1	57.0	4.0	0.0	0.0
15744_1_1_1	15744_1_1_1	15744_1_1_1	3001185.5190064693	3001185.5190064693	0.0	moderate	15744_1_1_1	297.0	4.0	2.4809935305	1.53
15748_1_1_1	15748_1_1_1	15748_1_1_1	3000060.0	3000060.0	0.0	moderate	15748_1_1_1	20.0	3.0	0.0	0.0
15750_1_1_1	15750_1_1_1	15750_1_1_1	4000574.0	4000574.0	0.0	strict	15750_1_1_1	82.0	7.0	0.0	0.34
15753_1_1_1	15753_1_1_1	15753_1_1_1	3000132.0	3000132.0	0.0	moderate	15753_1_1_1	44.0	3.0	0.0	0.0
15756_1_1_1	15756_1_1_1	15756_1_1_1	3000348.0	3000348.0	0.0	moderate	15756_1_1_1	87.0	4.0	0.0	1.19
15758_1_1_1	15758_1_1_1	15758_1_1_1	3000364.0	3000364.0	0.0	moderate	15758_1_1_1	91.0	4.0	0.0	1.3
15759_1_1_1	15759_1_1_1	15759_1_1_1	3000364.0	3000364.0	0.0	moderate	15759_1_1_1	91.0	4.0	0.0	0.91
15761_1_1_1	15761_1_1_1	15761_1_1_1	3000371.0	3000371.0	0.0	moderate	15761_1_1_1	53.0	7.0	0.0	0.93
15770_2_1_1	15770_2_1_1	15770_2_1_1	3000273.0	3000273.0	0.0	moderate	15770_2_1_1	91.0	3.0	0.0	0.0
15775_1_1_1	15775_1_1_1	15775_1_1_1	3000527.746725121	3000527.746725121	0.0	moderate	15775_1_1_1	106.0	5.0	2.253274879	1.01
15779_1_1_1	15779_1_1_1	15779_1_1_1	4000540.0	4000540.0	0.0	strict	15779_1_1_1	108.0	5.0	0.0	0.18
15782_1_1_1	15782_1_1_1	15782_1_1_1	4000763.0	4000763.0	0.0	strict	15782_1_1_1	109.0	7.0	0.0	2.21
15782_1_1_1	6725_1_1_1	15782_1_1_1	3000749.0	4000763.0	1000014.0	moderate	6725_1_1_1	107.0	7.0	0.0	2.96
15782_1_1_1	7087_1_1_1	15782_1_1_1	3000679.0	4000763.0	1000084.0	moderate	7087_1_1_1	97.0	7.0	0.0	2.17
15787_1_1_1	15787_1_1_1	15787_1_1_1	4000610.0	4000610.0	0.0	strict	15787_1_1_1	122.0	5.0	0.0	1.56
15795_1_1_1	15795_1_1_1	15795_1_1_1	4000733.0062966854	4000733.0062966854	0.0	strict	15795_1_1_1	105.0	7.0	1.9937033144	0.59
15802_1_1_1	15802_1_1_1	15802_1_1_1	3000893.206858645	3000893.206858645	0.0	moderate	15802_1_1_1	128.0	7.0	2.793141355	1.69
15805_1_1_1	15805_1_1_1	15805_1_1_1	4000714.0	4000714.0	0.0	strict	15805_1_1_1	102.0	7.0	0.0	1.18
15806_1_1_1	15806_1_1_1	15806_1_1_1	3000288.0	3000288.0	0.0	moderate	15806_1_1_1	72.0	4.0	0.0	0.0
15808_1_1_1	15808_1_1_1	15808_1_1_1	4000763.0	4000763.0	0.0	strict	15808_1_1_1	109.0	7.0	0.0	0.32
15810_1_1_1	15810_1_1_1	15810_1_1_1	3000851.0915785767	3000851.0915785767	0.0	moderate	15810_1_1_1	122.0	7.0	2.9084214235	1.11
15813_1_1_1	15813_1_1_1	15813_1_1_1	4000805.0	4000805.0	0.0	strict	15813_1_1_1	115.0	7.0	0.0	1.94
15816_1_1_1	15816_1_1_1	15816_1_1_1	4000707.0	4000707.0	0.0	strict	15816_1_1_1	101.0	7.0	0.0	0.54
15817_1_1_1	15817_1_1_1	15817_1_1_1	4000469.0	4000469.0	0.0	strict	15817_1_1_1	67.0	7.0	0.0	0.37
15817_1_1_1	18657_1_1_1	15817_1_1_1	4000455.0	4000469.0	14.0	strict	18657_1_1_1	65.0	7.0	0.0	1.19
15817_1_1_1	27120_1_1_1	15817_1_1_1	4000360.0	4000469.0	109.0	strict	27120_1_1_1	72.0	5.0	0.0	1.09
15817_1_1_1	4199_1_1_1	15817_1_1_1	3000282.169521611	4000469.0	1000186.8304783888	moderate	4199_1_1_1	71.0	4.0	1.8304783888	0.0
15819_1_1_1	15819_1_1_1	15819_1_1_1	4000735.0	4000735.0	0.0	strict	15819_1_1_1	105.0	7.0	0.0	0.86
15821_1_1_1	15821_1_1_1	15821_1_1_1	3000504.0	3000504.0	0.0	moderate	15821_1_1_1	72.0	7.0	0.0	1.05
15822_1_1_1	15822_1_1_1	15822_1_1_1	4000497.0	4000497.0	0.0	strict	15822_1_1_1	71.0	7.0	0.0	0.42
15823_1_1_1	15823_1_1_1	15823_1_1_1	4000847.0	4000847.0	0.0	strict	15823_1_1_1	121.0	7.0	0.0	1.58
15827_1_1_1	1710_1_1_1	1710_1_1_1	3000069.0	3000069.0	0.0	moderate	1710_1_1_1	23.0	3.0	0.0	0.0
15827_1_1_1	15827_1_1_1	1710_1_1_1	3000064.3804638325	3000069.0	4.619536167476326	moderate	15827_1_1_1	22.0	3.0	1.6195361674	0.0
15828_1_1_1	15828_1_1_1	15828_1_1_1	4000510.0	4000510.0	0.0	strict	15828_1_1_1	85.0	6.0	0.0	0.43
15835_1_1_1	15835_1_1_1	15835_1_1_1	3001232.0	3001232.0	0.0	moderate	15835_1_1_1	176.0	7.0	0.0	0.31
15836_1_1_1	15836_1_1_1	15836_1_1_1	3000627.087662104	3000627.087662104	0.0	moderate	15836_1_1_1	90.0	7.0	2.9123378961	1.17
15840_1_1_1	15840_1_1_1	15840_1_1_1	3000396.543806148	3000396.543806148	0.0	moderate	15840_1_1_1	57.0	7.0	2.4561938516	0.88
15844_1_1_1	15844_1_1_1	15844_1_1_1	4000511.0	4000511.0	0.0	strict	15844_1_1_1	73.0	7.0	0.0	1.59
15846_1_1_1	15846_1_1_1	15846_1_1_1	4000700.0	4000700.0	0.0	strict	15846_1_1_1	100.0	7.0	0.0	0.52
15847_1_1_1	15847_1_1_1	15847_1_1_1	4000637.0	4000637.0	0.0	strict	15847_1_1_1	91.0	7.0	0.0	0.41
15850_1_1_1	15850_1_1_1	15850_1_1_1	4000707.0	4000707.0	0.0	strict	15850_1_1_1	101.0	7.0	0.0	0.43
15853_3_1_1	15853_3_1_1	15853_3_1_1	3000550.0514583136	3000550.0514583136	0.0	moderate	15853_3_1_1	138.0	4.0	1.9485416864	0.0
15863_1_1_1	15863_1_1_1	15863_1_1_1	4000264.0	4000264.0	0.0	strict	15863_1_1_1	66.0	4.0	0.0	0.0
15863_1_1_1	17765_1_1_1	15863_1_1_1	3000198.0	4000264.0	1000066.0	moderate	17765_1_1_1	66.0	3.0	0.0	0.0
15864_1_1_1	15864_1_1_1	15864_1_1_1	3000777.0	3000777.0	0.0	moderate	15864_1_1_1	111.0	7.0	0.0	0.32
15876_1_1_1	15876_1_1_1	15876_1_1_1	3000175.0	3000175.0	0.0	moderate	15876_1_1_1	35.0	5.0	0.0	0.44
15880_1_1_1	15880_1_1_1	15880_1_1_1	3000234.0	3000234.0	0.0	moderate	15880_1_1_1	39.0	6.0	0.0	0.91
15885_1_1_1	15885_1_1_1	15885_1_1_1	3000404.0	3000404.0	0.0	moderate	15885_1_1_1	101.0	4.0	0.0	1.73
15893_1_1_1	15893_1_1_1	15893_1_1_1	4001176.0	4001176.0	0.0	strict	15893_1_1_1	168.0	7.0	0.0	1.42
15895_1_1_1	15895_1_1_1	15895_1_1_1	4000826.0	4000826.0	0.0	strict	15895_1_1_1	118.0	7.0	0.0	2.13
15899_1_1_1	15899_1_1_1	15899_1_1_1	3000514.473051258	3000514.473051258	0.0	moderate	15899_1_1_1	129.0	4.0	1.5269487421	0.32
15900_1_1_1	15900_1_1_1	15900_1_1_1	3000105.0	3000105.0	0.0	moderate	15900_1_1_1	35.0	3.0	0.0	0.0
15902_1_1_1	15902_1_1_1	15902_1_1_1	3000728.0	3000728.0	0.0	moderate	15902_1_1_1	104.0	7.0	0.0	1.27
15911_1_1_1	15911_1_1_1	15911_1_1_1	4000696.0	4000696.0	0.0	strict	15911_1_1_1	174.0	4.0	0.0	1.86
15914_1_1_1	15914_1_1_1	15914_1_1_1	4000861.0	4000861.0	0.0	strict	15914_1_1_1	123.0	7.0	0.0	0.37
15916_1_1_1	15916_1_1_1	15916_1_1_1	3000420.0	3000420.0	0.0	moderate	15916_1_1_1	60.0	7.0	0.0	0.24
15921_1_1_1	15921_1_1_1	15921_1_1_1	3000538.176104528	3000538.176104528	0.0	moderate	15921_1_1_1	108.0	5.0	1.8238954722	0.54
15925_1_1_1	15925_1_1_1	15925_1_1_1	4001323.0	4001323.0	0.0	strict	15925_1_1_1	189.0	7.0	0.0	2.27
15928_1_1_1	15928_1_1_1	15928_1_1_1	4000784.0	4000784.0	0.0	strict	15928_1_1_1	112.0	7.0	0.0	0.55
15928_1_1_1	6597_1_1_1	15928_1_1_1	3000819.0	4000784.0	999965.0	moderate	6597_1_1_1	117.0	7.0	0.0	1.48
15932_1_1_1	15932_1_1_1	15932_1_1_1	3001523.3973138016	3001523.3973138016	0.0	moderate	15932_1_1_1	218.0	7.0	2.6026861986	0.74
15933_1_1_1	15933_1_1_1	15933_1_1_1	3000469.0	3000469.0	0.0	moderate	15933_1_1_1	67.0	7.0	0.0	0.49
15942_1_1_1	15942_1_1_1	15942_1_1_1	4000558.0	4000558.0	0.0	strict	15942_1_1_1	93.0	6.0	0.0	0.65
15942_1_1_1	26316_1_1_1	15942_1_1_1	3000470.0	4000558.0	1000088.0	moderate	26316_1_1_1	94.0	5.0	0.0	0.26
15942_1_1_1	51392_1_1_1	15942_1_1_1	3000288.0	4000558.0	1000270.0	moderate	51392_1_1_1	72.0	4.0	0.0	1.38
15943_1_1_1	15943_1_1_1	15943_1_1_1	4000798.0	4000798.0	0.0	strict	15943_1_1_1	114.0	7.0	0.0	0.35
15943_1_1_1	15791_1_1_1	15943_1_1_1	3000784.0	4000798.0	1000014.0	moderate	15791_1_1_1	112.0	7.0	0.0	0.26
15946_1_1_1	31194_1_1_1	31194_1_1_1	3000105.0	3000105.0	0.0	moderate	31194_1_1_1	35.0	3.0	0.0	0.0
15946_1_1_1	15946_1_1_1	31194_1_1_1	3000081.0	3000105.0	24.0	moderate	15946_1_1_1	27.0	3.0	0.0	0.0
15951_1_1_1	15951_1_1_1	15951_1_1_1	3000135.0	3000135.0	0.0	moderate	15951_1_1_1	27.0	5.0	0.0	0.01
15953_1_1_1	15953_1_1_1	15953_1_1_1	4000348.0	4000348.0	0.0	strict	15953_1_1_1	87.0	4.0	0.0	1.53
15953_1_1_1	4305_1_1_1	15953_1_1_1	3000528.0	4000348.0	999820.0	moderate	4305_1_1_1	88.0	6.0	0.0	1.82
15953_1_1_1	4912_1_1_1	15953_1_1_1	3000522.0	4000348.0	999826.0	moderate	4912_1_1_1	87.0	6.0	0.0	1.82
15953_1_1_1	15076_1_1_1	15953_1_1_1	3000261.0	4000348.0	1000087.0	moderate	15076_1_1_1	87.0	3.0	0.0	0.0
15958_1_1_1	15958_1_1_1	15958_1_1_1	3000789.2432358465	3000789.2432358465	0.0	moderate	15958_1_1_1	132.0	6.0	2.7567641536	1.57
15961_1_1_1	15961_1_1_1	15961_1_1_1	3001250.1898370115	3001250.1898370115	0.0	moderate	15961_1_1_1	179.0	7.0	2.8101629885	1.13
15964_1_1_1	15964_1_1_1	15964_1_1_1	4001043.0	4001043.0	0.0	strict	15964_1_1_1	149.0	7.0	0.0	0.19
15966_1_1_1	15966_1_1_1	15966_1_1_1	4000865.0	4000865.0	0.0	strict	15966_1_1_1	173.0	5.0	0.0	0.45
15970_1_1_1	15971_1_1_1	15971_1_1_1	3000609.0	3000609.0	0.0	moderate	15971_1_1_1	87.0	7.0	0.0	1.95
15970_1_1_1	15970_1_1_1	15971_1_1_1	3000553.0	3000609.0	56.0	moderate	15970_1_1_1	79.0	7.0	0.0	1.31
15975_1_1_1	15975_1_1_1	15975_1_1_1	3000735.0	3000735.0	0.0	moderate	15975_1_1_1	105.0	7.0	0.0	0.09
15977_1_1_1	15977_1_1_1	15977_1_1_1	3000774.4835803877	3000774.4835803877	0.0	moderate	15977_1_1_1	111.0	7.0	2.5164196123	0.83
15981_1_1_1	15981_1_1_1	15981_1_1_1	4001036.0	4001036.0	0.0	strict	15981_1_1_1	148.0	7.0	0.0	0.14
15987_1_1_1	15987_1_1_1	15987_1_1_1	3000159.0	3000159.0	0.0	moderate	15987_1_1_1	53.0	3.0	0.0	0.0
15988_1_1_1	15988_1_1_1	15988_1_1_1	4000606.0	4000606.0	0.0	strict	15988_1_1_1	101.0	6.0	0.0	0.61
15989_1_1_1	15989_1_1_1	15989_1_1_1	4000735.0	4000735.0	0.0	strict	15989_1_1_1	105.0	7.0	0.0	0.43
15990_1_1_1	15990_1_1_1	15990_1_1_1	4000444.0	4000444.0	0.0	strict	15990_1_1_1	74.0	6.0	0.0	0.69
15991_1_1_1	15991_1_1_1	15991_1_1_1	4000768.0	4000768.0	0.0	strict	15991_1_1_1	128.0	6.0	0.0	0.65
15995_1_1_1	15995_1_1_1	15995_1_1_1	3000546.0	3000546.0	0.0	moderate	15995_1_1_1	78.0	7.0	0.0	2.8
15996_1_1_1	15996_1_1_1	15996_1_1_1	3001029.0	3001029.0	0.0	moderate	15996_1_1_1	147.0	7.0	0.0	0.63
15997_1_1_1	15997_1_1_1	15997_1_1_1	4000408.0	4000408.0	0.0	strict	15997_1_1_1	68.0	6.0	0.0	1.01
15998_1_1_1	15998_1_1_1	15998_1_1_1	3000390.0	3000390.0	0.0	moderate	15998_1_1_1	130.0	3.0	0.0	0.0
16000_1_1_1	34045_2_1_1	34045_2_1_1	3000357.0	3000357.0	0.0	moderate	34045_2_1_1	51.0	7.0	0.0	1.14
16000_1_1_1	16000_1_1_1	34045_2_1_1	3000123.0	3000357.0	234.0	moderate	16000_1_1_1	41.0	3.0	0.0	0.0
16001_1_1_1	16001_1_1_1	16001_1_1_1	4000735.0	4000735.0	0.0	strict	16001_1_1_1	105.0	7.0	0.0	0.53
16003_1_1_1	18417_1_1_1	18417_1_1_1	3001698.416088415	3001698.416088415	0.0	moderate	18417_1_1_1	243.0	7.0	2.5839115853	0.96
16003_1_1_1	16003_1_1_1	18417_1_1_1	3000782.2410672945	3001698.416088415	916.1750211203471	moderate	16003_1_1_1	157.0	5.0	2.7589327056	1.43
16005_1_1_1	16005_1_1_1	16005_1_1_1	3000273.0	3000273.0	0.0	moderate	16005_1_1_1	39.0	7.0	0.0	4.59
16006_1_1_1	16006_1_1_1	16006_1_1_1	4000609.0	4000609.0	0.0	strict	16006_1_1_1	87.0	7.0	0.0	1.89
16007_1_1_1	16007_1_1_1	16007_1_1_1	4000854.0	4000854.0	0.0	strict	16007_1_1_1	122.0	7.0	0.0	0.54
16007_1_1_1	7271_1_1_1	16007_1_1_1	3000868.0	4000854.0	999986.0	moderate	7271_1_1_1	124.0	7.0	0.0	0.63
16012_1_1_1	16012_1_1_1	16012_1_1_1	3000231.0	3000231.0	0.0	moderate	16012_1_1_1	33.0	7.0	0.0	0.97
16018_1_1_1	16018_1_1_1	16018_1_1_1	3000384.0	3000384.0	0.0	moderate	16018_1_1_1	128.0	3.0	0.0	0.0
16021_1_1_1	16021_1_1_1	16021_1_1_1	3001575.0	3001575.0	0.0	moderate	16021_1_1_1	225.0	7.0	0.0	1.13
16028_1_1_1	16028_1_1_1	16028_1_1_1	3000072.0	3000072.0	0.0	moderate	16028_1_1_1	24.0	3.0	0.0	0.0
16029_1_1_1	16029_1_1_1	16029_1_1_1	3000578.101354846	3000578.101354846	0.0	moderate	16029_1_1_1	83.0	7.0	2.8986451543	1.25
16030_1_1_1	16030_1_1_1	16030_1_1_1	3000678.0	3000678.0	0.0	moderate	16030_1_1_1	113.0	6.0	0.0	0.1
16032_1_1_1	16031_1_1_1	16031_1_1_1	3000718.2583146	3000718.2583146	0.0	moderate	16031_1_1_1	103.0	7.0	2.7416853997	2.36
16032_1_1_1	16032_1_1_1	16031_1_1_1	3000627.5391397625	3000718.2583146	90.71917483769357	moderate	16032_1_1_1	105.0	6.0	2.4608602375	0.13
16039_1_1_1	16039_1_1_1	16039_1_1_1	4000564.0	4000564.0	0.0	strict	16039_1_1_1	141.0	4.0	0.0	0.0
16040_1_1_1	4371_1_1_1	4371_1_1_1	3000721.0	3000721.0	0.0	moderate	4371_1_1_1	103.0	7.0	0.0	1.1
16040_1_1_1	16040_1_1_1	4371_1_1_1	3000408.0	3000721.0	313.0	moderate	16040_1_1_1	102.0	4.0	0.0	0.0
16042_1_1_1	16042_1_1_1	16042_1_1_1	4000768.0	4000768.0	0.0	strict	16042_1_1_1	128.0	6.0	0.0	3.08
16042_1_1_1	27113_1_1_1	16042_1_1_1	3000620.0	4000768.0	1000148.0	moderate	27113_1_1_1	124.0	5.0	0.0	2.54
16042_1_1_1	27096_1_1_1	16042_1_1_1	3000468.0	4000768.0	1000300.0	moderate	27096_1_1_1	117.0	4.0	0.0	0.0
16043_1_1_1	16043_1_1_1	16043_1_1_1	4000875.0	4000875.0	0.0	strict	16043_1_1_1	125.0	7.0	0.0	2.94
16043_1_1_1	6365_1_1_1	16043_1_1_1	3000846.0	4000875.0	1000029.0	moderate	6365_1_1_1	141.0	6.0	0.0	1.11
16043_1_1_1	6369_1_1_1	16043_1_1_1	3000816.0	4000875.0	1000059.0	moderate	6369_1_1_1	136.0	6.0	0.0	0.57
16045_1_1_1	16045_1_1_1	16045_1_1_1	3000662.2047757334	3000662.2047757334	0.0	moderate	16045_1_1_1	95.0	7.0	2.7952242666	2.35
16057_1_1_1	16057_1_1_1	16057_1_1_1	4000665.0	4000665.0	0.0	strict	16057_1_1_1	95.0	7.0	0.0	2.57
16064_1_1_1	16064_1_1_1	16064_1_1_1	4000651.0	4000651.0	0.0	strict	16064_1_1_1	93.0	7.0	0.0	0.17
16066_1_1_1	16066_1_1_1	16066_1_1_1	4000658.0	4000658.0	0.0	strict	16066_1_1_1	94.0	7.0	0.0	0.5
16069_1_1_1	16069_1_1_1	16069_1_1_1	3000421.668829135	3000421.668829135	0.0	moderate	16069_1_1_1	106.0	4.0	2.3311708648	0.86
16083_1_1_1	16083_1_1_1	16083_1_1_1	4000707.0	4000707.0	0.0	strict	16083_1_1_1	101.0	7.0	0.0	0.15
16084_1_1_1	16084_1_1_1	16084_1_1_1	3000564.0	3000564.0	0.0	moderate	16084_1_1_1	94.0	6.0	0.0	0.17
16087_1_1_1	34170_1_1_1	34170_1_1_1	3000385.0	3000385.0	0.0	moderate	34170_1_1_1	55.0	7.0	0.0	0.53
16087_1_1_1	16087_1_1_1	34170_1_1_1	3000265.0	3000385.0	120.0	moderate	16087_1_1_1	53.0	5.0	0.0	0.0
16089_1_1_1	16089_1_1_1	16089_1_1_1	3000879.760045191	3000879.760045191	0.0	moderate	16089_1_1_1	126.0	7.0	2.239954809	0.64
16090_1_1_1	16090_1_1_1	16090_1_1_1	4000100.0	4000100.0	0.0	strict	16090_1_1_1	25.0	4.0	0.0	0.0
16093_1_1_1	16093_1_1_1	16093_1_1_1	4000810.0	4000810.0	0.0	strict	16093_1_1_1	135.0	6.0	0.0	0.2
16096_1_1_1	16096_1_1_1	16096_1_1_1	3000609.0	3000609.0	0.0	moderate	16096_1_1_1	87.0	7.0	0.0	2.16
16097_1_1_1	16097_1_1_1	16097_1_1_1	4000960.0	4000960.0	0.0	strict	16097_1_1_1	160.0	6.0	0.0	0.26
16098_1_1_1	16098_1_1_1	16098_1_1_1	4001015.0	4001015.0	0.0	strict	16098_1_1_1	145.0	7.0	0.0	0.37
16102_1_1_1	16102_1_1_1	16102_1_1_1	4000784.0	4000784.0	0.0	strict	16102_1_1_1	112.0	7.0	0.0	0.71
16104_1_1_1	34069_1_1_1	34069_1_1_1	3000208.7766174707	3000208.7766174707	0.0	moderate	34069_1_1_1	35.0	6.0	1.2233825292	0.0
16104_1_1_1	16104_1_1_1	34069_1_1_1	3000140.0	3000208.7766174707	68.77661747066304	moderate	16104_1_1_1	35.0	4.0	0.0	0.0
16104_1_1_1	16314_1_1_1	34069_1_1_1	3000102.0	3000208.7766174707	106.77661747066304	moderate	16314_1_1_1	34.0	3.0	0.0	0.0
16107_1_1_1	16107_1_1_1	16107_1_1_1	3001096.2491755923	3001096.2491755923	0.0	moderate	16107_1_1_1	157.0	7.0	2.7508244076	0.65
16109_1_1_1	16109_1_1_1	16109_1_1_1	3000532.0	3000532.0	0.0	moderate	16109_1_1_1	76.0	7.0	0.0	1.53
16110_1_1_1	16110_1_1_1	16110_1_1_1	3000405.668865972	3000405.668865972	0.0	moderate	16110_1_1_1	68.0	6.0	2.3311340277	0.72
16112_1_1_1	16112_1_1_1	16112_1_1_1	3000078.0	3000078.0	0.0	moderate	16112_1_1_1	26.0	3.0	0.0	0.0
16113_1_1_1	16113_1_1_1	16113_1_1_1	3000666.0	3000666.0	0.0	moderate	16113_1_1_1	111.0	6.0	0.0	0.25
16114_1_1_1	16114_1_1_1	16114_1_1_1	4000648.0	4000648.0	0.0	strict	16114_1_1_1	108.0	6.0	0.0	2.59
16118_1_1_1	16118_1_1_1	16118_1_1_1	3000634.1533859456	3000634.1533859456	0.0	moderate	16118_1_1_1	91.0	7.0	2.8466140546	1.22
16122_1_1_1	16122_1_1_1	16122_1_1_1	3000130.0	3000130.0	0.0	moderate	16122_1_1_1	26.0	5.0	0.0	0.87
16123_1_1_1	18788_1_1_1	18788_1_1_1	4000931.0	4000931.0	0.0	strict	18788_1_1_1	133.0	7.0	0.0	0.78
16123_1_1_1	16123_1_1_1	18788_1_1_1	4000516.0	4000931.0	415.0	strict	16123_1_1_1	129.0	4.0	0.0	0.38
16123_1_1_1	15357_1_1_1	18788_1_1_1	3001033.176600887	4000931.0	999897.823399113	moderate	15357_1_1_1	148.0	7.0	2.8233991124	1.16
16123_1_1_1	4052_1_1_1	18788_1_1_1	3000994.0	4000931.0	999937.0	moderate	4052_1_1_1	142.0	7.0	0.0	2.05
16123_1_1_1	16585_1_1_1	18788_1_1_1	3000952.0	4000931.0	999979.0	moderate	16585_1_1_1	136.0	7.0	0.0	0.87
16123_1_1_1	1875_1_1_1	18788_1_1_1	3000620.0	4000931.0	1000311.0	moderate	1875_1_1_1	124.0	5.0	0.0	1.25
16123_1_1_1	6251_1_1_1	18788_1_1_1	3000438.0	4000931.0	1000493.0	moderate	6251_1_1_1	73.0	6.0	0.0	2.79
16124_1_1_1	16124_1_1_1	16124_1_1_1	3001134.0	3001134.0	0.0	moderate	16124_1_1_1	162.0	7.0	0.0	0.18
16129_1_1_1	25945_1_1_1	25945_1_1_1	3000714.0	3000714.0	0.0	moderate	25945_1_1_1	102.0	7.0	0.0	0.48
16129_1_1_1	16129_1_1_1	25945_1_1_1	3000672.0	3000714.0	42.0	moderate	16129_1_1_1	96.0	7.0	0.0	0.7
16133_1_1_1	16133_1_1_1	16133_1_1_1	3000344.0	3000344.0	0.0	moderate	16133_1_1_1	86.0	4.0	0.0	0.34
16135_1_1_1	16135_1_1_1	16135_1_1_1	3000707.0	3000707.0	0.0	moderate	16135_1_1_1	101.0	7.0	0.0	0.35
16136_1_1_1	16150_1_1_1	16150_1_1_1	3000264.0	3000264.0	0.0	moderate	16150_1_1_1	44.0	6.0	0.0	0.41
16136_1_1_1	16136_1_1_1	16150_1_1_1	3000258.0	3000264.0	6.0	moderate	16136_1_1_1	43.0	6.0	0.0	0.65
16136_1_1_1	16151_1_1_1	16150_1_1_1	3000252.0	3000264.0	12.0	moderate	16151_1_1_1	42.0	6.0	0.0	0.7
16136_1_1_1	16152_1_1_1	16150_1_1_1	3000252.0	3000264.0	12.0	moderate	16152_1_1_1	42.0	6.0	0.0	0.78
16136_1_1_1	5410_1_1_1	16150_1_1_1	3000117.0	3000264.0	147.0	moderate	5410_1_1_1	39.0	3.0	0.0	0.0
16139_1_1_1	16139_1_1_1	16139_1_1_1	3000420.0	3000420.0	0.0	moderate	16139_1_1_1	60.0	7.0	0.0	4.36
16147_1_1_1	16147_1_1_1	16147_1_1_1	3000721.0	3000721.0	0.0	moderate	16147_1_1_1	103.0	7.0	0.0	1.21
16154_1_1_1	16154_1_1_1	16154_1_1_1	4000721.0	4000721.0	0.0	strict	16154_1_1_1	103.0	7.0	0.0	1.17
16155_1_1_1	16155_1_1_1	16155_1_1_1	4000637.0	4000637.0	0.0	strict	16155_1_1_1	91.0	7.0	0.0	1.31
16156_1_1_1	16156_1_1_1	16156_1_1_1	3000315.0	3000315.0	0.0	moderate	16156_1_1_1	45.0	7.0	0.0	1.54
16157_1_1_1	16157_1_1_1	16157_1_1_1	3000511.0	3000511.0	0.0	moderate	16157_1_1_1	73.0	7.0	0.0	2.79
16159_1_1_1	16159_1_1_1	16159_1_1_1	3000186.6956728655	3000186.6956728655	0.0	moderate	16159_1_1_1	47.0	4.0	1.3043271345	0.0
16159_1_1_1	15552_1_1_1	16159_1_1_1	3000182.568943142	3000186.6956728655	4.126729723531753	moderate	15552_1_1_1	46.0	4.0	1.4310568581	0.0
16161_1_1_1	16161_1_1_1	16161_1_1_1	4000618.0	4000618.0	0.0	strict	16161_1_1_1	103.0	6.0	0.0	0.25
16162_1_1_1	16162_1_1_1	16162_1_1_1	3000217.884034552	3000217.884034552	0.0	moderate	16162_1_1_1	55.0	4.0	2.1159654477	0.0
16167_1_1_1	16167_1_1_1	16167_1_1_1	3000325.0	3000325.0	0.0	moderate	16167_1_1_1	65.0	5.0	0.0	0.49
16175_1_1_1	16175_1_1_1	16175_1_1_1	3000861.0	3000861.0	0.0	moderate	16175_1_1_1	123.0	7.0	0.0	1.04
16176_1_1_1	16176_1_1_1	16176_1_1_1	3000402.0	3000402.0	0.0	moderate	16176_1_1_1	67.0	6.0	0.0	0.53
16186_1_1_1	16186_1_1_1	16186_1_1_1	3000840.0	3000840.0	0.0	moderate	16186_1_1_1	120.0	7.0	0.0	0.22
16206_1_1_1	16206_1_1_1	16206_1_1_1	3000609.0	3000609.0	0.0	moderate	16206_1_1_1	87.0	7.0	0.0	0.34
16211_1_1_1	16211_1_1_1	16211_1_1_1	4000384.0	4000384.0	0.0	strict	16211_1_1_1	96.0	4.0	0.0	0.0
16213_1_1_1	16213_1_1_1	16213_1_1_1	3001143.074800396	3001143.074800396	0.0	moderate	16213_1_1_1	191.0	6.0	2.9251996042	0.97
16216_1_1_1	16216_1_1_1	16216_1_1_1	4000624.0	4000624.0	0.0	strict	16216_1_1_1	104.0	6.0	0.0	0.19
16233_1_1_1	16233_1_1_1	16233_1_1_1	3000826.0	3000826.0	0.0	moderate	16233_1_1_1	118.0	7.0	0.0	0.88
16236_1_1_1	16236_1_1_1	16236_1_1_1	4000777.0	4000777.0	0.0	strict	16236_1_1_1	111.0	7.0	0.0	1.31
16236_1_1_1	11405_1_1_1	16236_1_1_1	3000746.199053369	4000777.0	1000030.800946631	moderate	11405_1_1_1	107.0	7.0	2.8009466309	0.77
16240_1_1_1	16240_1_1_1	16240_1_1_1	3001092.0	3001092.0	0.0	moderate	16240_1_1_1	156.0	7.0	0.0	0.4
16246_1_1_1	16246_1_1_1	16246_1_1_1	3000492.0	3000492.0	0.0	moderate	16246_1_1_1	82.0	6.0	0.0	0.83
16249_1_1_1	16249_1_1_1	16249_1_1_1	3000963.071343385	3000963.071343385	0.0	moderate	16249_1_1_1	138.0	7.0	2.9286566147	0.94
16251_1_1_1	16251_1_1_1	16251_1_1_1	4000728.0	4000728.0	0.0	strict	16251_1_1_1	104.0	7.0	0.0	0.89
16259_1_1_1	16259_1_1_1	16259_1_1_1	3000206.675125384	3000206.675125384	0.0	moderate	16259_1_1_1	52.0	4.0	1.3248746161	0.0
16261_1_1_1	16261_1_1_1	16261_1_1_1	3000528.0	3000528.0	0.0	moderate	16261_1_1_1	88.0	6.0	0.0	0.35
16262_1_1_1	16262_1_1_1	16262_1_1_1	3000462.0	3000462.0	0.0	moderate	16262_1_1_1	77.0	6.0	0.0	0.54
16267_1_1_1	16267_1_1_1	16267_1_1_1	4000936.0022593625	4000936.0022593625	0.0	strict	16267_1_1_1	134.0	7.0	1.9977406376	0.31
16268_1_1_1	16268_1_1_1	16268_1_1_1	3000090.0	3000090.0	0.0	moderate	16268_1_1_1	30.0	3.0	0.0	0.0
16272_1_1_1	16272_1_1_1	16272_1_1_1	4000707.0	4000707.0	0.0	strict	16272_1_1_1	101.0	7.0	0.0	0.55
16279_1_1_1	16279_1_1_1	16279_1_1_1	3001140.0	3001140.0	0.0	moderate	16279_1_1_1	228.0	5.0	0.0	0.83
16293_1_1_1	16293_1_1_1	16293_1_1_1	4000345.0	4000345.0	0.0	strict	16293_1_1_1	69.0	5.0	0.0	0.5
16295_1_1_1	16295_1_1_1	16295_1_1_1	3000186.0	3000186.0	0.0	moderate	16295_1_1_1	31.0	6.0	0.0	0.4
16297_1_1_1	16297_1_1_1	16297_1_1_1	4000868.0	4000868.0	0.0	strict	16297_1_1_1	124.0	7.0	0.0	0.68
16298_1_1_1	16298_1_1_1	16298_1_1_1	3000739.739512988	3000739.739512988	0.0	moderate	16298_1_1_1	106.0	7.0	2.2604870119	0.65
16299_1_1_1	16299_1_1_1	16299_1_1_1	4000490.0	4000490.0	0.0	strict	16299_1_1_1	98.0	5.0	0.0	0.8
16312_1_1_1	16312_1_1_1	16312_1_1_1	4000684.0	4000684.0	0.0	strict	16312_1_1_1	114.0	6.0	0.0	0.54
16316_1_1_1	16316_1_1_1	16316_1_1_1	3000788.9481940237	3000788.9481940237	0.0	moderate	16316_1_1_1	113.0	7.0	2.0518059764	0.13
16317_1_1_1	16317_1_1_1	16317_1_1_1	3000933.794161004	3000933.794161004	0.0	moderate	16317_1_1_1	156.0	6.0	2.2058389959	0.33
16319_1_1_1	16319_1_1_1	16319_1_1_1	3000406.0	3000406.0	0.0	moderate	16319_1_1_1	58.0	7.0	0.0	0.81
16320_1_1_1	16320_1_1_1	16320_1_1_1	4000623.0	4000623.0	0.0	strict	16320_1_1_1	89.0	7.0	0.0	0.85
16322_1_1_1	16322_1_1_1	16322_1_1_1	3000712.0	3000712.0	0.0	moderate	16322_1_1_1	178.0	4.0	0.0	1.77
16329_1_1_1	16329_1_1_1	16329_1_1_1	3001183.0	3001183.0	0.0	moderate	16329_1_1_1	169.0	7.0	0.0	0.51
16332_1_1_1	16332_1_1_1	16332_1_1_1	3000072.0	3000072.0	0.0	moderate	16332_1_1_1	24.0	3.0	0.0	0.0
16332_1_1_1	6827_1_1_1	16332_1_1_1	3000069.0	3000072.0	3.0	moderate	6827_1_1_1	23.0	3.0	0.0	0.0
16336_1_1_1	16336_1_1_1	16336_1_1_1	4000738.0	4000738.0	0.0	strict	16336_1_1_1	123.0	6.0	0.0	0.67
16338_1_1_1	16338_1_1_1	16338_1_1_1	4000588.0	4000588.0	0.0	strict	16338_1_1_1	84.0	7.0	0.0	0.92
16339_1_1_1	16339_1_1_1	16339_1_1_1	4000630.0	4000630.0	0.0	strict	16339_1_1_1	105.0	6.0	0.0	0.76
16341_1_1_1	16341_1_1_1	16341_1_1_1	3000757.170760487	3000757.170760487	0.0	moderate	16341_1_1_1	152.0	5.0	2.8292395127	1.19
16349_1_1_1	16349_1_1_1	16349_1_1_1	3000928.9118503565	3000928.9118503565	0.0	moderate	16349_1_1_1	133.0	7.0	2.0881496434	1.19
16350_1_1_1	16350_1_1_1	16350_1_1_1	4000295.0	4000295.0	0.0	strict	16350_1_1_1	59.0	5.0	0.0	0.2
16352_1_1_1	16352_1_1_1	16352_1_1_1	3000641.013386526	3000641.013386526	0.0	moderate	16352_1_1_1	92.0	7.0	2.9866134739	1.12
16354_1_1_1	16354_1_1_1	16354_1_1_1	4000350.0	4000350.0	0.0	strict	16354_1_1_1	50.0	7.0	0.0	1.56
16355_1_1_1	16355_1_1_1	16355_1_1_1	3000525.0	3000525.0	0.0	moderate	16355_1_1_1	75.0	7.0	0.0	1.84
16365_1_1_1	16365_1_1_1	16365_1_1_1	4000896.0	4000896.0	0.0	strict	16365_1_1_1	128.0	7.0	0.0	1.21
16368_1_1_1	16368_1_1_1	16368_1_1_1	3000728.0	3000728.0	0.0	moderate	16368_1_1_1	104.0	7.0	0.0	0.44
16370_1_1_1	16370_1_1_1	16370_1_1_1	4000735.0	4000735.0	0.0	strict	16370_1_1_1	105.0	7.0	0.0	1.31
16371_1_1_1	16371_1_1_1	16371_1_1_1	3000840.0	3000840.0	0.0	moderate	16371_1_1_1	140.0	6.0	0.0	0.46
16373_1_1_1	16373_1_1_1	16373_1_1_1	4000684.0	4000684.0	0.0	strict	16373_1_1_1	114.0	6.0	0.0	0.13
16377_1_1_1	16377_1_1_1	16377_1_1_1	4000476.0	4000476.0	0.0	strict	16377_1_1_1	68.0	7.0	0.0	1.01
16379_1_1_1	16379_1_1_1	16379_1_1_1	4000994.0	4000994.0	0.0	strict	16379_1_1_1	142.0	7.0	0.0	0.95
16380_1_1_1	16380_1_1_1	16380_1_1_1	4000882.0	4000882.0	0.0	strict	16380_1_1_1	147.0	6.0	0.0	0.9
16382_1_1_1	16382_1_1_1	16382_1_1_1	3000872.6009970168	3000872.6009970168	0.0	moderate	16382_1_1_1	125.0	7.0	2.3990029833	0.91
16385_1_1_1	16385_1_1_1	16385_1_1_1	4000749.0	4000749.0	0.0	strict	16385_1_1_1	107.0	7.0	0.0	1.55
16386_1_1_1	16386_1_1_1	16386_1_1_1	3000445.072197364	3000445.072197364	0.0	moderate	16386_1_1_1	64.0	7.0	2.9278026356	1.2
16387_1_1_1	25165_1_1_1	25165_1_1_1	3000581.0	3000581.0	0.0	moderate	25165_1_1_1	83.0	7.0	0.0	0.77
16387_1_1_1	16387_1_1_1	25165_1_1_1	3000553.0	3000581.0	28.0	moderate	16387_1_1_1	79.0	7.0	0.0	0.97
16389_1_1_1	16389_1_1_1	16389_1_1_1	4000624.0	4000624.0	0.0	strict	16389_1_1_1	104.0	6.0	0.0	0.99
16395_1_1_1	16395_1_1_1	16395_1_1_1	3001180.0	3001180.0	0.0	moderate	16395_1_1_1	295.0	4.0	0.0	1.0
16396_1_1_1	16396_1_1_1	16396_1_1_1	3000781.5375209837	3000781.5375209837	0.0	moderate	16396_1_1_1	112.0	7.0	2.4624790165	0.31
16403_1_1_1	16403_1_1_1	16403_1_1_1	4000609.0	4000609.0	0.0	strict	16403_1_1_1	87.0	7.0	0.0	0.88
16403_1_1_1	16264_1_1_1	16403_1_1_1	4000540.0	4000609.0	69.0	strict	16264_1_1_1	90.0	6.0	0.0	1.42
16403_1_1_1	4225_1_1_1	16403_1_1_1	3000324.0	4000609.0	1000285.0	moderate	4225_1_1_1	81.0	4.0	0.0	0.0
16403_1_1_1	4850_1_1_1	16403_1_1_1	3000320.0	4000609.0	1000289.0	moderate	4850_1_1_1	80.0	4.0	0.0	0.0
16428_1_1_1	16428_1_1_1	16428_1_1_1	4000966.0	4000966.0	0.0	strict	16428_1_1_1	138.0	7.0	0.0	0.24
16430_1_2_1	16430_1_2_1	16430_1_2_1	3001015.0	3001015.0	0.0	moderate	16430_1_2_1	203.0	5.0	0.0	0.96
16439_1_1_1	16439_1_1_1	16439_1_1_1	4000826.0	4000826.0	0.0	strict	16439_1_1_1	118.0	7.0	0.0	0.88
16444_1_1_1	16444_1_1_1	16444_1_1_1	4001057.0	4001057.0	0.0	strict	16444_1_1_1	151.0	7.0	0.0	1.06
16446_1_1_1	16446_1_1_1	16446_1_1_1	4001316.0	4001316.0	0.0	strict	16446_1_1_1	188.0	7.0	0.0	0.28
16446_1_1_1	16334_1_1_1	16446_1_1_1	4001274.0	4001316.0	42.0	strict	16334_1_1_1	182.0	7.0	0.0	0.61
16446_1_1_1	18627_1_1_1	16446_1_1_1	4001258.687025805	4001316.0	57.31297419499606	strict	18627_1_1_1	180.0	7.0	1.312974195	0.23
16447_1_1_1	16447_1_1_1	16447_1_1_1	4001815.0	4001815.0	0.0	strict	16447_1_1_1	363.0	5.0	0.0	0.73
16468_1_1_1	16468_1_1_1	16468_1_1_1	4000273.0	4000273.0	0.0	strict	16468_1_1_1	39.0	7.0	0.0	0.52
16468_1_1_1	5495_1_1_1	16468_1_1_1	3000111.0	4000273.0	1000162.0	moderate	5495_1_1_1	37.0	3.0	0.0	0.0
16476_1_1_1	16476_1_1_1	16476_1_1_1	3000819.0	3000819.0	0.0	moderate	16476_1_1_1	117.0	7.0	0.0	0.6
16477_1_1_1	16477_1_1_1	16477_1_1_1	3000081.0	3000081.0	0.0	moderate	16477_1_1_1	27.0	3.0	0.0	0.0
16478_1_1_1	16478_1_1_1	16478_1_1_1	3000711.390014684	3000711.390014684	0.0	moderate	16478_1_1_1	102.0	7.0	2.6099853162	1.18
16484_1_1_1	16484_1_1_1	16484_1_1_1	3000306.0	3000306.0	0.0	moderate	16484_1_1_1	51.0	6.0	0.0	2.8
16486_1_1_1	16486_1_1_1	16486_1_1_1	4000574.0	4000574.0	0.0	strict	16486_1_1_1	82.0	7.0	0.0	1.39
16494_1_1_1	16494_1_1_1	16494_1_1_1	3000390.0	3000390.0	0.0	moderate	16494_1_1_1	130.0	3.0	0.0	0.0
16498_1_1_1	16498_1_1_1	16498_1_1_1	4000721.0	4000721.0	0.0	strict	16498_1_1_1	103.0	7.0	0.0	0.53
16504_1_1_1	16504_1_1_1	16504_1_1_1	3000114.0	3000114.0	0.0	moderate	16504_1_1_1	38.0	3.0	0.0	0.0
16516_1_1_1	16516_1_1_1	16516_1_1_1	3001317.440914818	3001317.440914818	0.0	moderate	16516_1_1_1	264.0	5.0	2.5590851821	1.18
16517_1_1_1	16517_1_1_1	16517_1_1_1	4000826.0	4000826.0	0.0	strict	16517_1_1_1	118.0	7.0	0.0	1.0
16521_1_1_1	16521_1_1_1	16521_1_1_1	4000560.0	4000560.0	0.0	strict	16521_1_1_1	80.0	7.0	0.0	0.63
16523_1_1_1	16523_1_1_1	16523_1_1_1	3001200.0	3001200.0	0.0	moderate	16523_1_1_1	200.0	6.0	0.0	0.36
16534_1_1_1	16534_1_1_1	16534_1_1_1	3000549.121362666	3000549.121362666	0.0	moderate	16534_1_1_1	92.0	6.0	2.878637334	0.26
16536_1_1_1	16536_1_1_1	16536_1_1_1	4000966.0	4000966.0	0.0	strict	16536_1_1_1	138.0	7.0	0.0	0.93
16538_1_1_1	16538_1_1_1	16538_1_1_1	3001152.9677055995	3001152.9677055995	0.0	moderate	16538_1_1_1	165.0	7.0	2.0322944005	0.37
16544_1_1_1	16544_1_1_1	16544_1_1_1	3000378.0	3000378.0	0.0	moderate	16544_1_1_1	54.0	7.0	0.0	2.61
16545_1_1_1	16545_1_1_1	16545_1_1_1	4000532.0	4000532.0	0.0	strict	16545_1_1_1	76.0	7.0	0.0	0.85
16549_1_1_1	30725_1_1_1	30725_1_1_1	4000616.0	4000616.0	0.0	strict	30725_1_1_1	88.0	7.0	0.0	0.64
16549_1_1_1	16549_1_1_1	30725_1_1_1	4000539.0	4000616.0	77.0	strict	16549_1_1_1	77.0	7.0	0.0	2.51
16550_1_1_1	16550_1_1_1	16550_1_1_1	3000072.0	3000072.0	0.0	moderate	16550_1_1_1	24.0	3.0	0.0	0.0
16557_1_1_1	16557_1_1_1	16557_1_1_1	4000497.076915676	4000497.076915676	0.0	strict	16557_1_1_1	83.0	6.0	0.9230843239	0.37
16558_1_1_1	16558_1_1_1	16558_1_1_1	3000886.3389166044	3000886.3389166044	0.0	moderate	16558_1_1_1	127.0	7.0	2.6610833954	1.77
16560_1_1_1	16560_1_1_1	16560_1_1_1	3000641.744804573	3000641.744804573	0.0	moderate	16560_1_1_1	92.0	7.0	2.2551954274	0.22
16567_1_1_1	16567_1_1_1	16567_1_1_1	3000402.0	3000402.0	0.0	moderate	16567_1_1_1	67.0	6.0	0.0	1.92
16568_1_1_1	16568_1_1_1	16568_1_1_1	4000623.0	4000623.0	0.0	strict	16568_1_1_1	89.0	7.0	0.0	0.67
16570_1_1_1	16570_1_1_1	16570_1_1_1	3000637.0	3000637.0	0.0	moderate	16570_1_1_1	91.0	7.0	0.0	1.45
16571_1_1_1	16571_1_1_1	16571_1_1_1	4000686.0	4000686.0	0.0	strict	16571_1_1_1	98.0	7.0	0.0	0.56
16578_1_1_1	16578_1_1_1	16578_1_1_1	4000780.0	4000780.0	0.0	strict	16578_1_1_1	130.0	6.0	0.0	0.71
16588_1_1_1	16588_1_1_1	16588_1_1_1	3000655.0	3000655.0	0.0	moderate	16588_1_1_1	131.0	5.0	0.0	0.55
16591_1_1_1	16591_1_1_1	16591_1_1_1	4000368.0	4000368.0	0.0	strict	16591_1_1_1	92.0	4.0	0.0	0.0
16598_1_1_1	6838_1_1_1	6838_1_1_1	4001340.0	4001340.0	0.0	strict	6838_1_1_1	268.0	5.0	0.0	0.19
16598_1_1_1	15917_1_1_1	6838_1_1_1	4001315.0	4001340.0	25.0	strict	15917_1_1_1	263.0	5.0	0.0	0.78
16598_1_1_1	16598_1_1_1	6838_1_1_1	4001220.0	4001340.0	120.0	strict	16598_1_1_1	244.0	5.0	0.0	0.25
16598_1_1_1	26586_1_1_1	6838_1_1_1	4001036.0	4001340.0	304.0	strict	26586_1_1_1	259.0	4.0	0.0	0.17
16598_1_1_1	26590_1_1_1	6838_1_1_1	4000980.0	4001340.0	360.0	strict	26590_1_1_1	245.0	4.0	0.0	0.31
16598_1_1_1	7236_1_1_1	6838_1_1_1	3001305.0	4001340.0	1000035.0	moderate	7236_1_1_1	261.0	5.0	0.0	0.25
16598_1_1_1	6024_1_1_1	6838_1_1_1	3001305.0	4001340.0	1000035.0	moderate	6024_1_1_1	261.0	5.0	0.0	0.4
16598_1_1_1	6357_1_1_1	6838_1_1_1	3001305.0	4001340.0	1000035.0	moderate	6357_1_1_1	261.0	5.0	0.0	0.25
16598_1_1_1	7237_1_1_1	6838_1_1_1	3000783.0	4001340.0	1000557.0	moderate	7237_1_1_1	261.0	3.0	0.0	0.0
16598_1_1_1	7238_1_1_1	6838_1_1_1	3000783.0	4001340.0	1000557.0	moderate	7238_1_1_1	261.0	3.0	0.0	0.0
16598_1_1_1	7239_1_1_1	6838_1_1_1	3000783.0	4001340.0	1000557.0	moderate	7239_1_1_1	261.0	3.0	0.0	0.0
16606_1_1_1	16463_1_1_1	16463_1_1_1	4000770.0	4000770.0	0.0	strict	16463_1_1_1	110.0	7.0	0.0	2.93
16606_1_1_1	16606_1_1_1	16463_1_1_1	4000749.0	4000770.0	21.0	strict	16606_1_1_1	107.0	7.0	0.0	2.29
16606_1_1_1	16607_1_2_1	16463_1_1_1	4000749.0	4000770.0	21.0	strict	16607_1_2_1	107.0	7.0	0.0	2.6
16606_1_1_1	53420_1_1_1	16463_1_1_1	3000540.0	4000770.0	1000230.0	moderate	53420_1_1_1	90.0	6.0	0.0	2.83
16608_1_1_1	16608_1_1_1	16608_1_1_1	3000501.4563281685	3000501.4563281685	0.0	moderate	16608_1_1_1	84.0	6.0	2.5436718313	0.38
16613_1_1_1	16613_1_1_1	16613_1_1_1	4001170.0	4001170.0	0.0	strict	16613_1_1_1	195.0	6.0	0.0	0.83
16618_1_1_1	16618_1_1_1	16618_1_1_1	4000497.0	4000497.0	0.0	strict	16618_1_1_1	71.0	7.0	0.0	3.48
16621_1_1_1	16621_1_1_1	16621_1_1_1	3000502.0808488335	3000502.0808488335	0.0	moderate	16621_1_1_1	101.0	5.0	2.9191511664	3.27
16621_1_1_1	16602_1_1_1	16621_1_1_1	3000497.666741025	3000502.0808488335	4.414107808377594	moderate	16602_1_1_1	100.0	5.0	2.3332589748	0.95
16623_1_1_1	16623_1_1_1	16623_1_1_1	3000498.0	3000498.0	0.0	moderate	16623_1_1_1	83.0	6.0	0.0	0.2
16624_1_1_1	16624_1_1_1	16624_1_1_1	3000602.0	3000602.0	0.0	moderate	16624_1_1_1	86.0	7.0	0.0	0.39
16628_1_1_1	16628_1_1_1	16628_1_1_1	3000956.9143578564	3000956.9143578564	0.0	moderate	16628_1_1_1	137.0	7.0	2.0856421437	0.15
16630_1_1_1	16630_1_1_1	16630_1_1_1	3001211.0	3001211.0	0.0	moderate	16630_1_1_1	173.0	7.0	0.0	0.49
16630_1_1_1	15927_1_1_1	16630_1_1_1	3001044.0	3001211.0	167.0	moderate	15927_1_1_1	174.0	6.0	0.0	0.64
16630_1_1_1	16362_1_1_1	16630_1_1_1	3001020.0	3001211.0	191.0	moderate	16362_1_1_1	170.0	6.0	0.0	0.49
16635_1_1_1	16635_1_1_1	16635_1_1_1	4000665.0	4000665.0	0.0	strict	16635_1_1_1	95.0	7.0	0.0	0.21
16637_1_1_1	16637_1_1_1	16637_1_1_1	3000879.6857937695	3000879.6857937695	0.0	moderate	16637_1_1_1	126.0	7.0	2.3142062304	0.96
1663_1_1_1	1663_1_1_1	1663_1_1_1	3000609.541792168	3000609.541792168	0.0	moderate	1663_1_1_1	153.0	4.0	2.4582078323	0.0
16640_1_1_1	16640_1_1_1	16640_1_1_1	3000462.0	3000462.0	0.0	moderate	16640_1_1_1	77.0	6.0	0.0	0.4
16641_1_1_1	16641_1_1_1	16641_1_1_1	4000295.0	4000295.0	0.0	strict	16641_1_1_1	59.0	5.0	0.0	1.2
16643_1_1_1	16643_1_1_1	16643_1_1_1	4000370.598107972	4000370.598107972	0.0	strict	16643_1_1_1	62.0	6.0	1.4018920283	0.81
16646_1_1_1	16646_1_1_1	16646_1_1_1	3001208.6356948987	3001208.6356948987	0.0	moderate	16646_1_1_1	173.0	7.0	2.3643051013	0.5
16647_1_1_1	16647_1_1_1	16647_1_1_1	4000483.0	4000483.0	0.0	strict	16647_1_1_1	69.0	7.0	0.0	1.14
16647_1_1_1	16592_1_1_1	16647_1_1_1	3000294.0	4000483.0	1000189.0	moderate	16592_1_1_1	49.0	6.0	0.0	0.62
16648_1_1_1	16648_1_1_1	16648_1_1_1	4000805.0	4000805.0	0.0	strict	16648_1_1_1	115.0	7.0	0.0	0.82
16649_1_1_1	16649_1_1_1	16649_1_1_1	4000385.0	4000385.0	0.0	strict	16649_1_1_1	55.0	7.0	0.0	0.86
16652_1_1_1	16652_1_1_1	16652_1_1_1	4000567.0	4000567.0	0.0	strict	16652_1_1_1	81.0	7.0	0.0	0.24
16662_1_1_1	16662_1_1_1	16662_1_1_1	4000648.0	4000648.0	0.0	strict	16662_1_1_1	108.0	6.0	0.0	0.44
16664_1_1_1	16664_1_1_1	16664_1_1_1	3000775.0	3000775.0	0.0	moderate	16664_1_1_1	155.0	5.0	0.0	0.0
16666_1_1_1	16666_1_1_1	16666_1_1_1	3000476.0	3000476.0	0.0	moderate	16666_1_1_1	68.0	7.0	0.0	0.7
16667_1_1_1	16667_1_1_1	16667_1_1_1	3000343.0	3000343.0	0.0	moderate	16667_1_1_1	49.0	7.0	0.0	0.4
16676_1_1_1	16676_1_1_1	16676_1_1_1	4000446.885339124	4000446.885339124	0.0	strict	16676_1_1_1	64.0	7.0	1.1146608761	0.67
16684_1_1_1	16684_1_1_1	16684_1_1_1	3000609.0	3000609.0	0.0	moderate	16684_1_1_1	87.0	7.0	0.0	1.26
16685_1_1_1	16685_1_1_1	16685_1_1_1	4001032.0	4001032.0	0.0	strict	16685_1_1_1	172.0	6.0	0.0	2.25
16690_1_1_1	16690_1_1_1	16690_1_1_1	4000855.0	4000855.0	0.0	strict	16690_1_1_1	171.0	5.0	0.0	0.09
16691_1_1_1	16691_1_1_1	16691_1_1_1	3000642.0	3000642.0	0.0	moderate	16691_1_1_1	107.0	6.0	0.0	0.66
16696_1_1_1	16696_1_1_1	16696_1_1_1	3000213.0014316607	3000213.0014316607	0.0	moderate	16696_1_1_1	36.0	6.0	2.9985683392	1.38
16699_1_1_1	16699_1_1_1	16699_1_1_1	3000078.0	3000078.0	0.0	moderate	16699_1_1_1	26.0	3.0	0.0	0.0
16710_1_1_1	16710_1_1_1	16710_1_1_1	4000265.0	4000265.0	0.0	strict	16710_1_1_1	53.0	5.0	0.0	0.57
16712_1_1_1	16712_1_1_1	16712_1_1_1	3000749.0	3000749.0	0.0	moderate	16712_1_1_1	107.0	7.0	0.0	3.12
16719_1_1_1	16719_1_1_1	16719_1_1_1	3000525.0	3000525.0	0.0	moderate	16719_1_1_1	75.0	7.0	0.0	2.43
16729_1_1_1	16729_1_1_1	16729_1_1_1	3001470.0	3001470.0	0.0	moderate	16729_1_1_1	294.0	5.0	0.0	1.59
16731_1_1_1	16731_1_1_1	16731_1_1_1	4000847.0	4000847.0	0.0	strict	16731_1_1_1	121.0	7.0	0.0	0.93
16732_1_1_1	16732_1_1_1	16732_1_1_1	3000938.0	3000938.0	0.0	moderate	16732_1_1_1	134.0	7.0	0.0	1.32
16733_1_1_1	16733_1_1_1	16733_1_1_1	3000924.0	3000924.0	0.0	moderate	16733_1_1_1	132.0	7.0	0.0	0.75
16734_1_1_1	16734_1_1_1	16734_1_1_1	3000931.0	3000931.0	0.0	moderate	16734_1_1_1	133.0	7.0	0.0	0.74
16735_1_1_1	16735_1_1_1	16735_1_1_1	3000462.3624513317	3000462.3624513317	0.0	moderate	16735_1_1_1	93.0	5.0	2.6375486682	0.8
16739_1_1_1	16739_1_1_1	16739_1_1_1	3000266.0	3000266.0	0.0	moderate	16739_1_1_1	38.0	7.0	0.0	1.74
1673_1_1_1	1673_1_1_1	1673_1_1_1	3000656.0	3000656.0	0.0	moderate	1673_1_1_1	164.0	4.0	0.0	0.0
1673_1_1_1	16593_1_1_1	1673_1_1_1	3000612.0	3000656.0	44.0	moderate	16593_1_1_1	102.0	6.0	0.0	0.0
16746_1_1_1	16746_1_1_1	16746_1_1_1	4000805.0	4000805.0	0.0	strict	16746_1_1_1	115.0	7.0	0.0	1.52
1675_1_1_1	1675_1_1_1	1675_1_1_1	3000186.0	3000186.0	0.0	moderate	1675_1_1_1	62.0	3.0	0.0	0.0
16766_1_1_1	16766_1_1_1	16766_1_1_1	4000581.0	4000581.0	0.0	strict	16766_1_1_1	83.0	7.0	0.0	0.36
16766_1_1_1	11252_1_1_1	16766_1_1_1	4000534.0	4000581.0	47.0	strict	11252_1_1_1	89.0	6.0	0.0	0.35
16767_1_1_1	16767_1_1_1	16767_1_1_1	3000889.0	3000889.0	0.0	moderate	16767_1_1_1	127.0	7.0	0.0	0.86
16769_1_1_1	16769_1_1_1	16769_1_1_1	3000093.0	3000093.0	0.0	moderate	16769_1_1_1	31.0	3.0	0.0	0.0
16773_1_1_1	16773_1_1_1	16773_1_1_1	3001015.0	3001015.0	0.0	moderate	16773_1_1_1	145.0	7.0	0.0	0.89
16774_1_1_1	16774_1_1_1	16774_1_1_1	4000693.0	4000693.0	0.0	strict	16774_1_1_1	99.0	7.0	0.0	0.18
16774_1_1_1	18016_1_1_1	16774_1_1_1	3000767.589300646	4000693.0	999925.410699354	moderate	18016_1_1_1	110.0	7.0	2.4106993539	0.41
16776_1_1_1	16776_1_1_1	16776_1_1_1	4000378.0	4000378.0	0.0	strict	16776_1_1_1	63.0	6.0	0.0	0.97
16779_1_1_1	16779_1_1_1	16779_1_1_1	3000788.247040435	3000788.247040435	0.0	moderate	16779_1_1_1	113.0	7.0	2.7529595647	1.38
16781_1_1_1	11013_1_1_1	11013_1_1_1	4000774.0	4000774.0	0.0	strict	11013_1_1_1	129.0	6.0	0.0	0.81
16781_1_1_1	16781_1_1_1	11013_1_1_1	4000620.0	4000774.0	154.0	strict	16781_1_1_1	124.0	5.0	0.0	0.34
16782_1_1_1	16782_1_1_1	16782_1_1_1	4000805.0	4000805.0	0.0	strict	16782_1_1_1	115.0	7.0	0.0	1.42
16791_1_1_1	16791_1_1_1	16791_1_1_1	4000448.0	4000448.0	0.0	strict	16791_1_1_1	64.0	7.0	0.0	0.26
16794_1_1_1	16794_1_1_1	16794_1_1_1	4000456.0	4000456.0	0.0	strict	16794_1_1_1	76.0	6.0	0.0	1.01
16795_1_1_1	16795_1_1_1	16795_1_1_1	3000432.0	3000432.0	0.0	moderate	16795_1_1_1	72.0	6.0	0.0	0.95
16800_1_1_1	16798_1_1_1	16798_1_1_1	3000537.010120247	3000537.010120247	0.0	moderate	16798_1_1_1	108.0	5.0	2.9898797532	1.54
16800_1_1_1	16800_1_1_1	16798_1_1_1	3000437.0025795186	3000537.010120247	100.0075407284312	moderate	16800_1_1_1	88.0	5.0	2.9974204815	0.76
16801_1_1_1	16801_1_1_1	16801_1_1_1	3000518.0	3000518.0	0.0	moderate	16801_1_1_1	74.0	7.0	0.0	2.34
16802_1_1_1	16802_1_1_1	16802_1_1_1	3000550.062249169	3000550.062249169	0.0	moderate	16802_1_1_1	79.0	7.0	2.9377508306	0.45
16806_1_1_1	16806_1_1_1	16806_1_1_1	3000850.0	3000850.0	0.0	moderate	16806_1_1_1	170.0	5.0	0.0	1.06
16808_1_1_1	16808_1_1_1	16808_1_1_1	3000371.0	3000371.0	0.0	moderate	16808_1_1_1	53.0	7.0	0.0	0.33
16810_1_1_1	16810_1_1_1	16810_1_1_1	3001057.0	3001057.0	0.0	moderate	16810_1_1_1	151.0	7.0	0.0	0.9
16811_1_1_1	16811_1_1_1	16811_1_1_1	3001022.0	3001022.0	0.0	moderate	16811_1_1_1	146.0	7.0	0.0	0.35
16832_1_1_1	16832_1_1_1	16832_1_1_1	4001027.3098715935	4001027.3098715935	0.0	strict	16832_1_1_1	147.0	7.0	1.6901284065	1.29
16833_1_1_1	16833_1_1_1	16833_1_1_1	3001086.0	3001086.0	0.0	moderate	16833_1_1_1	181.0	6.0	0.0	1.41
16835_1_1_1	16835_1_1_1	16835_1_1_1	4000798.0	4000798.0	0.0	strict	16835_1_1_1	114.0	7.0	0.0	0.41
16835_1_1_1	27924_1_1_1	16835_1_1_1	4000396.0	4000798.0	402.0	strict	27924_1_1_1	99.0	4.0	0.0	1.32
16835_1_1_1	5058_1_1_1	16835_1_1_1	3000798.0	4000798.0	1000000.0	moderate	5058_1_1_1	114.0	7.0	0.0	0.61
16835_1_1_1	16120_1_1_1	16835_1_1_1	3000770.0	4000798.0	1000028.0	moderate	16120_1_1_1	110.0	7.0	0.0	0.61
16835_1_1_1	5064_1_1_1	16835_1_1_1	3000700.0	4000798.0	1000098.0	moderate	5064_1_1_1	100.0	7.0	0.0	0.7
16835_1_1_1	18827_1_1_1	16835_1_1_1	3000684.0	4000798.0	1000114.0	moderate	18827_1_1_1	114.0	6.0	0.0	0.65
16835_1_1_1	6610_1_1_1	16835_1_1_1	3000618.0	4000798.0	1000180.0	moderate	6610_1_1_1	103.0	6.0	0.0	0.28
16835_1_1_1	5128_1_1_1	16835_1_1_1	3000606.0	4000798.0	1000192.0	moderate	5128_1_1_1	101.0	6.0	0.0	0.33
16837_1_1_1	16837_1_1_1	16837_1_1_1	4000880.0	4000880.0	0.0	strict	16837_1_1_1	176.0	5.0	0.0	1.05
16839_1_1_1	16839_1_1_1	16839_1_1_1	3000599.485981744	3000599.485981744	0.0	moderate	16839_1_1_1	86.0	7.0	2.5140182557	1.16
16848_1_1_1	16848_1_1_1	16848_1_1_1	4000468.0	4000468.0	0.0	strict	16848_1_1_1	78.0	6.0	0.0	1.03
16857_1_1_1	16857_1_1_1	16857_1_1_1	3000126.0	3000126.0	0.0	moderate	16857_1_1_1	42.0	3.0	0.0	0.0
16868_1_1_1	16868_1_1_1	16868_1_1_1	4000854.0	4000854.0	0.0	strict	16868_1_1_1	122.0	7.0	0.0	0.64
16874_1_1_1	16874_1_1_1	16874_1_1_1	4001141.0	4001141.0	0.0	strict	16874_1_1_1	163.0	7.0	0.0	1.41
16874_1_1_1	36532_1_1_1	16874_1_1_1	3001166.444450616	4001141.0	999974.5555493841	moderate	36532_1_1_1	167.0	7.0	2.5555493843	0.61
16874_1_1_1	11062_1_1_1	16874_1_1_1	3000966.0	4001141.0	1000175.0	moderate	11062_1_1_1	161.0	6.0	0.0	1.2
16874_1_1_1	10137_1_1_1	16874_1_1_1	3000726.0	4001141.0	1000415.0	moderate	10137_1_1_1	121.0	6.0	0.0	1.89
16879_1_1_1	16879_1_1_1	16879_1_1_1	4000784.0	4000784.0	0.0	strict	16879_1_1_1	112.0	7.0	0.0	1.32
16884_1_1_1	16884_1_1_1	16884_1_1_1	3000665.0	3000665.0	0.0	moderate	16884_1_1_1	95.0	7.0	0.0	5.69
16887_1_1_1	16887_1_1_1	16887_1_1_1	4000750.0	4000750.0	0.0	strict	16887_1_1_1	125.0	6.0	0.0	2.5
16887_1_1_1	16888_1_1_1	16887_1_1_1	3000756.0	4000750.0	999994.0	moderate	16888_1_1_1	126.0	6.0	0.0	2.48
16890_1_1_1	16890_1_1_1	16890_1_1_1	4000287.0	4000287.0	0.0	strict	16890_1_1_1	41.0	7.0	0.0	0.64
16892_1_1_1	16892_1_1_1	16892_1_1_1	3000114.0	3000114.0	0.0	moderate	16892_1_1_1	38.0	3.0	0.0	0.0
16897_1_1_1	16897_1_1_1	16897_1_1_1	4000658.0	4000658.0	0.0	strict	16897_1_1_1	94.0	7.0	0.0	0.64
16899_1_1_1	16899_1_1_1	16899_1_1_1	4000553.0	4000553.0	0.0	strict	16899_1_1_1	79.0	7.0	0.0	0.86
16899_1_1_1	17805_1_1_1	16899_1_1_1	4000553.0	4000553.0	0.0	strict	17805_1_1_1	79.0	7.0	0.0	1.07
16905_1_1_1	16905_1_1_1	16905_1_1_1	3000819.0	3000819.0	0.0	moderate	16905_1_1_1	117.0	7.0	0.0	0.29
16914_1_1_1	16914_1_1_1	16914_1_1_1	3000560.0	3000560.0	0.0	moderate	16914_1_1_1	80.0	7.0	0.0	0.46
16917_1_1_1	16917_1_1_1	16917_1_1_1	3000677.650903596	3000677.650903596	0.0	moderate	16917_1_1_1	170.0	4.0	2.3490964037	0.76
16919_1_1_1	16919_1_1_1	16919_1_1_1	4001430.0	4001430.0	0.0	strict	16919_1_1_1	286.0	5.0	0.0	0.87
16922_1_1_1	16922_1_1_1	16922_1_1_1	3000505.0	3000505.0	0.0	moderate	16922_1_1_1	101.0	5.0	0.0	0.84
16926_1_1_1	16926_1_1_1	16926_1_1_1	4000516.0	4000516.0	0.0	strict	16926_1_1_1	86.0	6.0	0.0	1.12
16926_1_1_1	16424_1_1_1	16926_1_1_1	3000635.171860779	4000516.0	999880.8281392208	moderate	16424_1_1_1	91.0	7.0	1.828139221	0.78
16927_1_1_1	16927_1_1_1	16927_1_1_1	3000655.256452816	3000655.256452816	0.0	moderate	16927_1_1_1	94.0	7.0	2.7435471839	1.32
16934_1_1_1	17031_1_1_1	17031_1_1_1	4001015.0	4001015.0	0.0	strict	17031_1_1_1	145.0	7.0	0.0	0.31
16934_1_1_1	16934_1_1_1	17031_1_1_1	4001001.0	4001015.0	14.0	strict	16934_1_1_1	143.0	7.0	0.0	0.21
16937_1_1_1	16937_1_1_1	16937_1_1_1	4001225.0	4001225.0	0.0	strict	16937_1_1_1	245.0	5.0	0.0	1.25
16942_1_1_1	16942_1_1_1	16942_1_1_1	4000875.0	4000875.0	0.0	strict	16942_1_1_1	125.0	7.0	0.0	1.14
16943_1_1_1	16943_1_1_1	16943_1_1_1	3000096.0	3000096.0	0.0	moderate	16943_1_1_1	32.0	3.0	0.0	0.0
16943_1_1_1	16182_1_1_1	16943_1_1_1	3000096.0	3000096.0	0.0	moderate	16182_1_1_1	32.0	3.0	0.0	0.0
16944_1_1_1	16944_1_1_1	16944_1_1_1	4000434.0	4000434.0	0.0	strict	16944_1_1_1	62.0	7.0	0.0	0.85
16948_1_1_1	16948_1_1_1	16948_1_1_1	3000868.0	3000868.0	0.0	moderate	16948_1_1_1	124.0	7.0	0.0	4.09
16957_2_1_1	16957_2_1_1	16957_2_1_1	3000864.0	3000864.0	0.0	moderate	16957_2_1_1	144.0	6.0	0.0	0.53
16959_1_1_1	16959_1_1_1	16959_1_1_1	4000955.0	4000955.0	0.0	strict	16959_1_1_1	191.0	5.0	0.0	0.69
16961_1_1_1	16961_1_1_1	16961_1_1_1	3000448.0	3000448.0	0.0	moderate	16961_1_1_1	64.0	7.0	0.0	1.27
16966_1_1_1	16966_1_1_1	16966_1_1_1	3000602.0	3000602.0	0.0	moderate	16966_1_1_1	86.0	7.0	0.0	0.82
16969_1_1_1	16969_1_1_1	16969_1_1_1	4000273.0	4000273.0	0.0	strict	16969_1_1_1	39.0	7.0	0.0	0.32
16971_1_1_1	16971_1_1_1	16971_1_1_1	4001265.0526561183	4001265.0526561183	0.0	strict	16971_1_1_1	181.0	7.0	1.9473438816	1.01
16977_1_1_1	16977_1_1_1	16977_1_1_1	4000847.0	4000847.0	0.0	strict	16977_1_1_1	121.0	7.0	0.0	0.59
16979_1_1_1	16979_1_1_1	16979_1_1_1	4000742.0	4000742.0	0.0	strict	16979_1_1_1	106.0	7.0	0.0	0.22
16981_1_1_1	16981_1_1_1	16981_1_1_1	4000498.0	4000498.0	0.0	strict	16981_1_1_1	83.0	6.0	0.0	1.36
16981_1_1_1	50337_1_1_1	16981_1_1_1	3000574.0	4000498.0	999924.0	moderate	50337_1_1_1	82.0	7.0	0.0	1.49
16982_1_1_1	16982_1_1_1	16982_1_1_1	4001415.0	4001415.0	0.0	strict	16982_1_1_1	283.0	5.0	0.0	0.74
16986_1_1_1	16986_1_1_1	16986_1_1_1	3000423.5802201624	3000423.5802201624	0.0	moderate	16986_1_1_1	71.0	6.0	2.4197798378	3.02
16989_1_1_1	16989_1_1_1	16989_1_1_1	3000560.0	3000560.0	0.0	moderate	16989_1_1_1	80.0	7.0	0.0	0.61
16992_1_1_1	6783_1_1_1	6783_1_1_1	3001306.6708694613	3001306.6708694613	0.0	moderate	6783_1_1_1	187.0	7.0	2.3291305389	0.96
16992_1_1_1	16992_1_1_1	6783_1_1_1	3001295.0	3001306.6708694613	11.670869461260736	moderate	16992_1_1_1	185.0	7.0	0.0	1.58
16992_1_1_1	17382_1_1_1	6783_1_1_1	3001288.0	3001306.6708694613	18.670869461260736	moderate	17382_1_1_1	184.0	7.0	0.0	1.56
17001_1_1_1	17001_1_1_1	17001_1_1_1	3000147.6958712977	3000147.6958712977	0.0	moderate	17001_1_1_1	50.0	3.0	2.3041287022	0.0
17002_1_1_1	17002_1_1_1	17002_1_1_1	4000581.0	4000581.0	0.0	strict	17002_1_1_1	83.0	7.0	0.0	0.41
17003_1_1_1	17003_1_1_1	17003_1_1_1	3000112.3672637553	3000112.3672637553	0.0	moderate	17003_1_1_1	38.0	3.0	1.6327362446	0.0
17005_1_1_1	17005_1_1_1	17005_1_1_1	4000924.0	4000924.0	0.0	strict	17005_1_1_1	132.0	7.0	0.0	0.4
17006_1_1_1	17006_1_1_1	17006_1_1_1	3000791.0	3000791.0	0.0	moderate	17006_1_1_1	113.0	7.0	0.0	1.52
17007_1_1_1	17007_1_1_1	17007_1_1_1	3000714.0	3000714.0	0.0	moderate	17007_1_1_1	102.0	7.0	0.0	0.75
17009_1_1_1	17009_1_1_1	17009_1_1_1	3000348.5113897114	3000348.5113897114	0.0	moderate	17009_1_1_1	70.0	5.0	1.4886102887	0.7
1700_1_1_1	17661_1_1_1	17661_1_1_1	3000069.0	3000069.0	0.0	moderate	17661_1_1_1	23.0	3.0	0.0	0.0
1700_1_1_1	17662_1_1_1	17661_1_1_1	3000066.0	3000069.0	3.0	moderate	17662_1_1_1	22.0	3.0	0.0	0.0
1700_1_1_1	1700_1_1_1	17661_1_1_1	3000057.0	3000069.0	12.0	moderate	1700_1_1_1	19.0	3.0	0.0	0.0
1700_1_1_1	1867_1_1_1	17661_1_1_1	3000057.0	3000069.0	12.0	moderate	1867_1_1_1	19.0	3.0	0.0	0.0
17011_1_1_1	17011_1_1_1	17011_1_1_1	3000170.0	3000170.0	0.0	moderate	17011_1_1_1	34.0	5.0	0.0	0.85
17014_1_1_1	17014_1_1_1	17014_1_1_1	3000788.7991069746	3000788.7991069746	0.0	moderate	17014_1_1_1	113.0	7.0	2.2008930256	0.8
17017_1_1_1	17017_1_1_1	17017_1_1_1	3000581.0	3000581.0	0.0	moderate	17017_1_1_1	83.0	7.0	0.0	1.59
17018_1_1_1	17018_1_1_1	17018_1_1_1	4000637.0	4000637.0	0.0	strict	17018_1_1_1	91.0	7.0	0.0	0.68
17020_1_1_1	17020_1_1_1	17020_1_1_1	3000627.368141594	3000627.368141594	0.0	moderate	17020_1_1_1	90.0	7.0	2.6318584062	0.92
17022_1_1_1	17022_1_1_1	17022_1_1_1	3000859.812084448	3000859.812084448	0.0	moderate	17022_1_1_1	123.0	7.0	1.187915552	0.66
17025_1_1_1	17025_1_1_1	17025_1_1_1	3000497.0	3000497.0	0.0	moderate	17025_1_1_1	71.0	7.0	0.0	0.54
17026_1_1_1	17026_1_1_1	17026_1_1_1	3000532.0	3000532.0	0.0	moderate	17026_1_1_1	76.0	7.0	0.0	0.59
17027_1_1_1	17027_1_1_1	17027_1_1_1	3000360.0	3000360.0	0.0	moderate	17027_1_1_1	72.0	5.0	0.0	0.0
17028_1_1_1	17028_1_1_1	17028_1_1_1	4000623.0	4000623.0	0.0	strict	17028_1_1_1	89.0	7.0	0.0	1.0
17033_1_1_1	17033_1_1_1	17033_1_1_1	4000486.0	4000486.0	0.0	strict	17033_1_1_1	81.0	6.0	0.0	0.86
17035_1_1_1	17035_1_1_1	17035_1_1_1	4000392.0	4000392.0	0.0	strict	17035_1_1_1	56.0	7.0	0.0	0.2
17036_1_1_1	17036_1_1_1	17036_1_1_1	3000480.0	3000480.0	0.0	moderate	17036_1_1_1	80.0	6.0	0.0	0.65
17039_1_1_1	17039_1_1_1	17039_1_1_1	3000756.0	3000756.0	0.0	moderate	17039_1_1_1	108.0	7.0	0.0	1.79
17045_1_1_1	17045_1_1_1	17045_1_1_1	4001022.0	4001022.0	0.0	strict	17045_1_1_1	146.0	7.0	0.0	0.57
17050_1_1_1	17050_1_1_1	17050_1_1_1	3000399.067547704	3000399.067547704	0.0	moderate	17050_1_1_1	67.0	6.0	2.9324522958	0.49
17063_1_1_1	16466_1_1_1	16466_1_1_1	3000332.0	3000332.0	0.0	moderate	16466_1_1_1	83.0	4.0	0.0	0.0
17063_1_1_1	17062_1_1_1	16466_1_1_1	3000324.0	3000332.0	8.0	moderate	17062_1_1_1	81.0	4.0	0.0	0.0
17063_1_1_1	17063_1_1_1	16466_1_1_1	3000308.0	3000332.0	24.0	moderate	17063_1_1_1	77.0	4.0	0.0	0.0
17065_1_1_1	17065_1_1_1	17065_1_1_1	4000938.648915363	4000938.648915363	0.0	strict	17065_1_1_1	188.0	5.0	1.3510846367	0.36
17066_1_1_1	18994_1_1_1	18994_1_1_1	4000959.0	4000959.0	0.0	strict	18994_1_1_1	137.0	7.0	0.0	1.23
17066_1_1_1	17066_1_1_1	18994_1_1_1	4000931.0	4000959.0	28.0	strict	17066_1_1_1	133.0	7.0	0.0	0.87
17066_1_1_1	16928_1_1_1	18994_1_1_1	4000931.0	4000959.0	28.0	strict	16928_1_1_1	133.0	7.0	0.0	0.87
17066_1_1_1	16946_1_1_1	18994_1_1_1	3000928.1515923445	4000959.0	1000030.8484076555	moderate	16946_1_1_1	133.0	7.0	2.8484076557	0.81
17070_1_1_1	17070_1_1_1	17070_1_1_1	4000936.0	4000936.0	0.0	strict	17070_1_1_1	156.0	6.0	0.0	1.04
17075_1_1_1	17075_1_1_1	17075_1_1_1	3000515.5395468096	3000515.5395468096	0.0	moderate	17075_1_1_1	74.0	7.0	2.4604531902	1.04
17077_1_1_1	17074_1_1_1	17074_1_1_1	4000903.0	4000903.0	0.0	strict	17074_1_1_1	129.0	7.0	0.0	1.74
17077_1_1_1	17077_1_1_1	17074_1_1_1	4000875.0	4000903.0	28.0	strict	17077_1_1_1	125.0	7.0	0.0	1.54
17077_1_1_1	25243_1_1_1	17074_1_1_1	3000896.0	4000903.0	1000007.0	moderate	25243_1_1_1	128.0	7.0	0.0	1.48
17086_1_1_1	17086_1_1_1	17086_1_1_1	3000096.0	3000096.0	0.0	moderate	17086_1_1_1	32.0	3.0	0.0	0.0
17089_1_1_1	17089_1_1_1	17089_1_1_1	3000497.0	3000497.0	0.0	moderate	17089_1_1_1	71.0	7.0	0.0	0.83
17092_1_1_1	17092_1_1_1	17092_1_1_1	4000504.0	4000504.0	0.0	strict	17092_1_1_1	72.0	7.0	0.0	0.37
17104_1_1_1	17104_1_1_1	17104_1_1_1	4000486.0	4000486.0	0.0	strict	17104_1_1_1	81.0	6.0	0.0	0.11
17105_1_1_1	17105_1_1_1	17105_1_1_1	4000636.0	4000636.0	0.0	strict	17105_1_1_1	106.0	6.0	0.0	0.91
17125_1_1_1	17125_1_1_1	17125_1_1_1	3001057.0	3001057.0	0.0	moderate	17125_1_1_1	151.0	7.0	0.0	1.98
17131_1_1_1	50353_1_1_1	50353_1_1_1	4000938.0	4000938.0	0.0	strict	50353_1_1_1	134.0	7.0	0.0	0.52
17131_1_1_1	18261_1_1_1	50353_1_1_1	4000931.0	4000938.0	7.0	strict	18261_1_1_1	133.0	7.0	0.0	0.75
17131_1_1_1	50972_1_1_1	50353_1_1_1	4000924.0	4000938.0	14.0	strict	50972_1_1_1	132.0	7.0	0.0	0.44
17131_1_1_1	17131_1_1_1	50353_1_1_1	4000903.0	4000938.0	35.0	strict	17131_1_1_1	129.0	7.0	0.0	0.52
17131_1_1_1	18262_1_1_1	50353_1_1_1	4000798.0	4000938.0	140.0	strict	18262_1_1_1	133.0	6.0	0.0	0.92
17131_1_1_1	27683_1_1_1	50353_1_1_1	3000931.0	4000938.0	1000007.0	moderate	27683_1_1_1	133.0	7.0	0.0	0.88
17137_1_1_1	17137_1_1_1	17137_1_1_1	4000735.0	4000735.0	0.0	strict	17137_1_1_1	105.0	7.0	0.0	0.35
17137_1_1_1	19943_1_1_1	17137_1_1_1	4000630.0	4000735.0	105.0	strict	19943_1_1_1	105.0	6.0	0.0	0.56
17137_1_1_1	25085_1_1_1	17137_1_1_1	3000742.0	4000735.0	999993.0	moderate	25085_1_1_1	106.0	7.0	0.0	0.24
17139_1_1_1	17139_1_1_1	17139_1_1_1	4001106.0	4001106.0	0.0	strict	17139_1_1_1	158.0	7.0	0.0	0.89
17141_1_1_1	17141_1_1_1	17141_1_1_1	3000335.0	3000335.0	0.0	moderate	17141_1_1_1	67.0	5.0	0.0	1.33
17149_1_1_1	17149_1_1_1	17149_1_1_1	4000448.0	4000448.0	0.0	strict	17149_1_1_1	64.0	7.0	0.0	0.0
17149_1_1_1	26955_1_1_1	17149_1_1_1	3000300.0	4000448.0	1000148.0	moderate	26955_1_1_1	60.0	5.0	0.0	1.62
17149_1_1_1	26954_1_1_1	17149_1_1_1	3000295.0	4000448.0	1000153.0	moderate	26954_1_1_1	59.0	5.0	0.0	1.37
17149_1_1_1	3433_1_1_1	17149_1_1_1	3000244.0	4000448.0	1000204.0	moderate	3433_1_1_1	61.0	4.0	0.0	0.0
17150_1_1_1	17150_1_1_1	17150_1_1_1	3000735.0	3000735.0	0.0	moderate	17150_1_1_1	105.0	7.0	0.0	0.29
17152_1_1_1	17152_1_1_1	17152_1_1_1	3000105.0	3000105.0	0.0	moderate	17152_1_1_1	35.0	3.0	0.0	0.0
17160_1_1_1	19984_1_1_1	19984_1_1_1	3001190.0	3001190.0	0.0	moderate	19984_1_1_1	170.0	7.0	0.0	1.01
17160_1_1_1	17160_1_1_1	19984_1_1_1	3001176.0	3001190.0	14.0	moderate	17160_1_1_1	168.0	7.0	0.0	1.25
17165_1_1_1	17165_1_1_1	17165_1_1_1	4000686.0	4000686.0	0.0	strict	17165_1_1_1	98.0	7.0	0.0	1.73
17165_1_1_1	25809_1_1_1	17165_1_1_1	4000686.0	4000686.0	0.0	strict	25809_1_1_1	98.0	7.0	0.0	1.62
17165_1_1_1	50302_1_1_1	17165_1_1_1	4000672.0	4000686.0	14.0	strict	50302_1_1_1	96.0	7.0	0.0	2.55
17165_1_1_1	17166_1_1_1	17165_1_1_1	4000644.0	4000686.0	42.0	strict	17166_1_1_1	92.0	7.0	0.0	1.76
17165_1_1_1	5783_1_1_1	17165_1_1_1	3000291.0	4000686.0	1000395.0	moderate	5783_1_1_1	97.0	3.0	0.0	0.0
17165_1_1_1	3078_1_1_1	17165_1_1_1	3000291.0	4000686.0	1000395.0	moderate	3078_1_1_1	97.0	3.0	0.0	0.0
17165_1_1_1	5782_1_1_1	17165_1_1_1	3000285.0	4000686.0	1000401.0	moderate	5782_1_1_1	95.0	3.0	0.0	0.0
17165_1_1_1	5784_1_1_1	17165_1_1_1	3000261.0	4000686.0	1000425.0	moderate	5784_1_1_1	87.0	3.0	0.0	0.0
17169_1_1_1	17169_1_1_1	17169_1_1_1	3000477.1379540516	3000477.1379540516	0.0	moderate	17169_1_1_1	80.0	6.0	2.8620459484	0.17
17170_1_1_1	17170_1_1_1	17170_1_1_1	3000826.0	3000826.0	0.0	moderate	17170_1_1_1	118.0	7.0	0.0	0.47
17173_1_1_1	17173_1_1_1	17173_1_1_1	3000744.0	3000744.0	0.0	moderate	17173_1_1_1	124.0	6.0	0.0	2.32
17191_1_1_1	17191_1_1_1	17191_1_1_1	3001120.0	3001120.0	0.0	moderate	17191_1_1_1	160.0	7.0	0.0	0.84
17194_1_1_1	17194_1_1_1	17194_1_1_1	3000084.0	3000084.0	0.0	moderate	17194_1_1_1	28.0	3.0	0.0	0.0
17196_1_1_1	17196_1_1_1	17196_1_1_1	4000483.0	4000483.0	0.0	strict	17196_1_1_1	69.0	7.0	0.0	1.44
17199_1_1_1	17199_1_1_1	17199_1_1_1	3000641.343684802	3000641.343684802	0.0	moderate	17199_1_1_1	92.0	7.0	2.6563151987	1.0
17201_1_1_1	17201_1_1_1	17201_1_1_1	3000500.0	3000500.0	0.0	moderate	17201_1_1_1	125.0	4.0	0.0	1.74
17202_1_1_1	17202_1_1_1	17202_1_1_1	3001344.0	3001344.0	0.0	moderate	17202_1_1_1	192.0	7.0	0.0	0.53
17204_1_1_1	17204_1_1_1	17204_1_1_1	4000382.8901079153	4000382.8901079153	0.0	strict	17204_1_1_1	64.0	6.0	1.1098920849	0.84
17206_1_1_1	17206_1_1_1	17206_1_1_1	4000455.0	4000455.0	0.0	strict	17206_1_1_1	65.0	7.0	0.0	0.59
17206_1_1_1	6718_1_1_1	17206_1_1_1	3000462.0	4000455.0	999993.0	moderate	6718_1_1_1	66.0	7.0	0.0	0.55
17206_1_1_1	5968_1_1_1	17206_1_1_1	3000462.0	4000455.0	999993.0	moderate	5968_1_1_1	66.0	7.0	0.0	1.6
17211_1_1_1	17211_1_1_1	17211_1_1_1	3000903.0	3000903.0	0.0	moderate	17211_1_1_1	129.0	7.0	0.0	1.25
17212_1_1_1	17212_1_1_1	17212_1_1_1	4000665.0	4000665.0	0.0	strict	17212_1_1_1	95.0	7.0	0.0	0.67
17227_1_1_1	17227_1_1_1	17227_1_1_1	3000093.0	3000093.0	0.0	moderate	17227_1_1_1	31.0	3.0	0.0	0.0
17227_1_1_1	30459_1_1_1	17227_1_1_1	3000090.0	3000093.0	3.0	moderate	30459_1_1_1	30.0	3.0	0.0	0.0
17227_1_1_1	18513_1_1_1	17227_1_1_1	3000087.0	3000093.0	6.0	moderate	18513_1_1_1	29.0	3.0	0.0	0.0
17227_1_1_1	30460_1_1_1	17227_1_1_1	3000087.0	3000093.0	6.0	moderate	30460_1_1_1	29.0	3.0	0.0	0.0
17227_1_1_1	30461_1_1_1	17227_1_1_1	3000087.0	3000093.0	6.0	moderate	30461_1_1_1	29.0	3.0	0.0	0.0
17227_1_1_1	30462_1_1_1	17227_1_1_1	3000087.0	3000093.0	6.0	moderate	30462_1_1_1	29.0	3.0	0.0	0.0
17227_1_1_1	30463_1_1_1	17227_1_1_1	3000087.0	3000093.0	6.0	moderate	30463_1_1_1	29.0	3.0	0.0	0.0
17227_1_1_1	30464_1_1_1	17227_1_1_1	3000087.0	3000093.0	6.0	moderate	30464_1_1_1	29.0	3.0	0.0	0.0
17227_1_1_1	30465_1_1_1	17227_1_1_1	3000087.0	3000093.0	6.0	moderate	30465_1_1_1	29.0	3.0	0.0	0.0
17227_1_1_1	30466_1_1_1	17227_1_1_1	3000087.0	3000093.0	6.0	moderate	30466_1_1_1	29.0	3.0	0.0	0.0
17227_1_1_1	30467_1_1_1	17227_1_1_1	3000087.0	3000093.0	6.0	moderate	30467_1_1_1	29.0	3.0	0.0	0.0
17227_1_1_1	30468_1_1_1	17227_1_1_1	3000087.0	3000093.0	6.0	moderate	30468_1_1_1	29.0	3.0	0.0	0.0
17227_1_1_1	30719_1_1_1	17227_1_1_1	3000087.0	3000093.0	6.0	moderate	30719_1_1_1	29.0	3.0	0.0	0.0
17227_1_1_1	30454_1_1_1	17227_1_1_1	3000084.0	3000093.0	9.0	moderate	30454_1_1_1	28.0	3.0	0.0	0.0
17233_1_1_1	17233_1_1_1	17233_1_1_1	3000578.104019734	3000578.104019734	0.0	moderate	17233_1_1_1	83.0	7.0	2.8959802659	0.69
17238_1_1_1	17238_1_1_1	17238_1_1_1	3000339.734764575	3000339.734764575	0.0	moderate	17238_1_1_1	57.0	6.0	2.2652354248	0.43
17240_1_1_1	16907_1_1_1	16907_1_1_1	3000161.0	3000161.0	0.0	moderate	16907_1_1_1	23.0	7.0	0.0	0.0
17240_1_1_1	18617_1_1_1	16907_1_1_1	3000088.0	3000161.0	73.0	moderate	18617_1_1_1	22.0	4.0	0.0	0.0
17240_1_1_1	17240_1_1_1	16907_1_1_1	3000057.0	3000161.0	104.0	moderate	17240_1_1_1	19.0	3.0	0.0	0.0
17240_1_1_1	15390_1_1_1	16907_1_1_1	3000057.0	3000161.0	104.0	moderate	15390_1_1_1	19.0	3.0	0.0	0.0
17250_1_1_1	17250_1_1_1	17250_1_1_1	3001939.0	3001939.0	0.0	moderate	17250_1_1_1	277.0	7.0	0.0	0.17
17251_1_1_1	17251_1_1_1	17251_1_1_1	3001334.1290023294	3001334.1290023294	0.0	moderate	17251_1_1_1	191.0	7.0	2.8709976705	1.79
17252_1_1_1	17252_1_1_1	17252_1_1_1	3000138.0	3000138.0	0.0	moderate	17252_1_1_1	46.0	3.0	0.0	0.0
17256_1_1_1	17256_1_1_1	17256_1_1_1	3000066.0	3000066.0	0.0	moderate	17256_1_1_1	22.0	3.0	0.0	0.0
17257_1_1_1	17257_1_1_1	17257_1_1_1	3000816.851511263	3000816.851511263	0.0	moderate	17257_1_1_1	117.0	7.0	2.148488737	0.79
17258_1_1_1	17258_1_1_1	17258_1_1_1	3000928.6567600537	3000928.6567600537	0.0	moderate	17258_1_1_1	133.0	7.0	2.3432399463	1.15
17266_1_1_1	17266_1_1_1	17266_1_1_1	4000560.0	4000560.0	0.0	strict	17266_1_1_1	80.0	7.0	0.0	0.51
17272_1_1_1	17272_1_1_1	17272_1_1_1	3000792.0	3000792.0	0.0	moderate	17272_1_1_1	132.0	6.0	0.0	0.52
17275_1_1_1	17275_1_1_1	17275_1_1_1	4000903.0	4000903.0	0.0	strict	17275_1_1_1	129.0	7.0	0.0	0.28
17276_1_1_1	17276_1_1_1	17276_1_1_1	3000510.0	3000510.0	0.0	moderate	17276_1_1_1	85.0	6.0	0.0	1.55
17277_1_1_1	17277_1_1_1	17277_1_1_1	4001008.0	4001008.0	0.0	strict	17277_1_1_1	144.0	7.0	0.0	1.63
17278_1_1_1	17278_1_1_1	17278_1_1_1	4000798.0	4000798.0	0.0	strict	17278_1_1_1	114.0	7.0	0.0	0.51
17279_1_1_1	17279_1_1_1	17279_1_1_1	3001211.0	3001211.0	0.0	moderate	17279_1_1_1	173.0	7.0	0.0	1.42
17280_1_1_1	17280_1_1_1	17280_1_1_1	3000917.0	3000917.0	0.0	moderate	17280_1_1_1	131.0	7.0	0.0	0.33
17287_1_1_1	17110_1_1_1	17110_1_1_1	3001029.0	3001029.0	0.0	moderate	17110_1_1_1	147.0	7.0	0.0	0.65
17287_1_1_1	7131_1_1_1	17110_1_1_1	3001022.0	3001029.0	7.0	moderate	7131_1_1_1	146.0	7.0	0.0	1.09
17287_1_1_1	17134_1_1_1	17110_1_1_1	3001022.0	3001029.0	7.0	moderate	17134_1_1_1	146.0	7.0	0.0	0.68
17287_1_1_1	19153_1_1_1	17110_1_1_1	3000980.0	3001029.0	49.0	moderate	19153_1_1_1	140.0	7.0	0.0	1.01
17287_1_1_1	17128_1_1_1	17110_1_1_1	3000973.0	3001029.0	56.0	moderate	17128_1_1_1	139.0	7.0	0.0	0.86
17287_1_1_1	17287_1_1_1	17110_1_1_1	3000966.0	3001029.0	63.0	moderate	17287_1_1_1	138.0	7.0	0.0	2.18
17288_1_1_1	17288_1_1_1	17288_1_1_1	3000833.0	3000833.0	0.0	moderate	17288_1_1_1	119.0	7.0	0.0	0.58
17301_1_1_1	17301_1_1_1	17301_1_1_1	3000204.0	3000204.0	0.0	moderate	17301_1_1_1	51.0	4.0	0.0	0.0
17305_1_1_1	17305_1_1_1	17305_1_1_1	4000693.0	4000693.0	0.0	strict	17305_1_1_1	99.0	7.0	0.0	2.39
17306_1_1_1	17306_1_1_1	17306_1_1_1	4000742.0	4000742.0	0.0	strict	17306_1_1_1	106.0	7.0	0.0	0.47
17313_1_1_1	17313_1_1_1	17313_1_1_1	4000453.389178762	4000453.389178762	0.0	strict	17313_1_1_1	91.0	5.0	1.6108212375	0.77
17314_1_1_1	17314_1_1_1	17314_1_1_1	4000777.0	4000777.0	0.0	strict	17314_1_1_1	111.0	7.0	0.0	0.16
17314_1_1_1	16472_1_1_1	17314_1_1_1	3000696.0	4000777.0	1000081.0	moderate	16472_1_1_1	116.0	6.0	0.0	0.44
17318_1_1_1	17318_1_1_1	17318_1_1_1	3000907.3043941096	3000907.3043941096	0.0	moderate	17318_1_1_1	130.0	7.0	2.6956058904	0.49
17319_1_1_1	17319_1_1_1	17319_1_1_1	4000840.0	4000840.0	0.0	strict	17319_1_1_1	120.0	7.0	0.0	0.4
17324_1_1_1	17324_1_1_1	17324_1_1_1	3000704.0053868215	3000704.0053868215	0.0	moderate	17324_1_1_1	101.0	7.0	2.9946131785	0.35
17327_1_1_1	17327_1_1_1	17327_1_1_1	3001596.0	3001596.0	0.0	moderate	17327_1_1_1	228.0	7.0	0.0	0.6
17358_1_1_1	17358_1_1_1	17358_1_1_1	4000522.0	4000522.0	0.0	strict	17358_1_1_1	87.0	6.0	0.0	1.32
17362_1_1_1	17362_1_1_1	17362_1_1_1	3000980.0	3000980.0	0.0	moderate	17362_1_1_1	196.0	5.0	0.0	0.61
17363_1_1_1	17363_1_1_1	17363_1_1_1	4001155.0	4001155.0	0.0	strict	17363_1_1_1	165.0	7.0	0.0	0.92
17368_1_1_1	17368_1_1_1	17368_1_1_1	4000742.0	4000742.0	0.0	strict	17368_1_1_1	106.0	7.0	0.0	0.81
17368_1_1_1	25081_1_1_1	17368_1_1_1	3000768.176838298	4000742.0	999973.8231617021	moderate	25081_1_1_1	110.0	7.0	1.8231617022	1.05
17368_1_1_1	6503_1_1_1	17368_1_1_1	3000728.0	4000742.0	1000014.0	moderate	6503_1_1_1	104.0	7.0	0.0	0.77
17371_1_1_1	17371_1_1_1	17371_1_1_1	3000511.0	3000511.0	0.0	moderate	17371_1_1_1	73.0	7.0	0.0	0.33
17374_1_1_1	15557_1_1_1	15557_1_1_1	4001001.0	4001001.0	0.0	strict	15557_1_1_1	143.0	7.0	0.0	0.9
17374_1_1_1	17374_1_1_1	15557_1_1_1	4000945.0	4001001.0	56.0	strict	17374_1_1_1	135.0	7.0	0.0	1.19
17388_1_1_1	17388_1_1_1	17388_1_1_1	3000735.0	3000735.0	0.0	moderate	17388_1_1_1	105.0	7.0	0.0	3.28
17389_1_1_1	17389_1_1_1	17389_1_1_1	3000960.0	3000960.0	0.0	moderate	17389_1_1_1	160.0	6.0	0.0	0.21
17390_1_1_1	17390_1_1_1	17390_1_1_1	3000942.0	3000942.0	0.0	moderate	17390_1_1_1	157.0	6.0	0.0	1.67
17403_1_1_1	17403_1_1_1	17403_1_1_1	4000978.586093261	4000978.586093261	0.0	strict	17403_1_1_1	140.0	7.0	1.4139067394	0.63
17405_1_1_1	17405_1_1_1	17405_1_1_1	4000728.0	4000728.0	0.0	strict	17405_1_1_1	104.0	7.0	0.0	0.68
17410_1_1_1	17410_1_1_1	17410_1_1_1	3000980.0	3000980.0	0.0	moderate	17410_1_1_1	196.0	5.0	0.0	1.76
17411_1_1_1	17411_1_1_1	17411_1_1_1	3000342.120114285	3000342.120114285	0.0	moderate	17411_1_1_1	86.0	4.0	1.8798857149	0.67
17418_1_1_1	17418_1_1_1	17418_1_1_1	3001095.4001586195	3001095.4001586195	0.0	moderate	17418_1_1_1	183.0	6.0	2.5998413805	0.29
17420_1_1_1	17420_1_1_1	17420_1_1_1	4000966.0	4000966.0	0.0	strict	17420_1_1_1	138.0	7.0	0.0	1.27
17424_1_1_1	17424_1_1_1	17424_1_1_1	3000301.0	3000301.0	0.0	moderate	17424_1_1_1	43.0	7.0	0.0	0.45
17427_1_1_1	17427_1_1_1	17427_1_1_1	3000260.0	3000260.0	0.0	moderate	17427_1_1_1	65.0	4.0	0.0	0.73
17429_1_1_1	17429_1_1_1	17429_1_1_1	4000826.0	4000826.0	0.0	strict	17429_1_1_1	118.0	7.0	0.0	0.66
17429_1_1_1	17207_1_1_1	17429_1_1_1	3000959.0	4000826.0	999867.0	moderate	17207_1_1_1	137.0	7.0	0.0	0.52
17431_1_1_1	17431_1_1_1	17431_1_1_1	4000693.0	4000693.0	0.0	strict	17431_1_1_1	99.0	7.0	0.0	1.48
17433_1_1_1	17433_1_1_1	17433_1_1_1	4000205.0	4000205.0	0.0	strict	17433_1_1_1	41.0	5.0	0.0	0.44
17433_1_1_1	34892_1_1_1	17433_1_1_1	3000204.0	4000205.0	1000001.0	moderate	34892_1_1_1	34.0	6.0	0.0	0.31
17434_1_1_1	17434_1_1_1	17434_1_1_1	3000291.598605093	3000291.598605093	0.0	moderate	17434_1_1_1	42.0	7.0	2.4013949069	0.26
17444_1_1_1	17444_1_1_1	17444_1_1_1	4000130.0	4000130.0	0.0	strict	17444_1_1_1	26.0	5.0	0.0	0.43
17447_1_1_1	16840_1_1_1	16840_1_1_1	4001162.0	4001162.0	0.0	strict	16840_1_1_1	166.0	7.0	0.0	0.79
17447_1_1_1	17447_1_1_1	16840_1_1_1	4001155.0	4001162.0	7.0	strict	17447_1_1_1	165.0	7.0	0.0	1.37
17447_1_1_1	4340_1_1_1	16840_1_1_1	3001113.0	4001162.0	1000049.0	moderate	4340_1_1_1	159.0	7.0	0.0	0.97
17448_1_1_1	17448_1_1_1	17448_1_1_1	3000739.273954642	3000739.273954642	0.0	moderate	17448_1_1_1	106.0	7.0	2.7260453582	0.22
17467_1_1_1	17467_1_1_1	17467_1_1_1	3000861.0	3000861.0	0.0	moderate	17467_1_1_1	123.0	7.0	0.0	1.31
17474_1_1_1	17474_1_1_1	17474_1_1_1	4000684.0	4000684.0	0.0	strict	17474_1_1_1	114.0	6.0	0.0	0.95
17478_1_1_1	17478_1_1_1	17478_1_1_1	3000388.5463804407	3000388.5463804407	0.0	moderate	17478_1_1_1	130.0	3.0	1.4536195592	0.0
17481_1_1_1	17481_1_1_1	17481_1_1_1	3001064.0	3001064.0	0.0	moderate	17481_1_1_1	152.0	7.0	0.0	1.81
17484_1_1_1	17484_1_1_1	17484_1_1_1	3000410.510444467	3000410.510444467	0.0	moderate	17484_1_1_1	59.0	7.0	2.4895555332	0.85
17487_1_1_1	17487_1_1_1	17487_1_1_1	3000723.05316492	3000723.05316492	0.0	moderate	17487_1_1_1	121.0	6.0	2.9468350801	1.49
17488_1_1_1	17488_1_1_1	17488_1_1_1	3000266.0	3000266.0	0.0	moderate	17488_1_1_1	38.0	7.0	0.0	0.72
17489_1_1_1	17489_1_1_1	17489_1_1_1	3000340.0	3000340.0	0.0	moderate	17489_1_1_1	68.0	5.0	0.0	0.0
17490_1_1_1	17490_1_1_1	17490_1_1_1	3000763.0	3000763.0	0.0	moderate	17490_1_1_1	109.0	7.0	0.0	0.25
17492_1_1_1	17492_1_1_1	17492_1_1_1	3000189.0	3000189.0	0.0	moderate	17492_1_1_1	27.0	7.0	0.0	0.0
17493_1_1_1	17493_1_1_1	17493_1_1_1	3000990.0	3000990.0	0.0	moderate	17493_1_1_1	165.0	6.0	0.0	1.14
17495_1_1_1	17495_1_1_1	17495_1_1_1	3000162.0	3000162.0	0.0	moderate	17495_1_1_1	27.0	6.0	0.0	0.0
17497_1_1_1	17497_1_1_1	17497_1_1_1	4000763.0	4000763.0	0.0	strict	17497_1_1_1	109.0	7.0	0.0	0.32
17501_1_1_1	17501_1_1_1	17501_1_1_1	4001309.0	4001309.0	0.0	strict	17501_1_1_1	187.0	7.0	0.0	0.43
17502_1_1_1	34517_1_1_1	34517_1_1_1	3000788.726929868	3000788.726929868	0.0	moderate	34517_1_1_1	113.0	7.0	2.2730701321	0.6
17502_1_1_1	17502_1_1_1	34517_1_1_1	3000693.0	3000788.726929868	95.7269298681058	moderate	17502_1_1_1	99.0	7.0	0.0	0.51
17503_1_1_1	17503_1_1_1	17503_1_1_1	3000875.0	3000875.0	0.0	moderate	17503_1_1_1	175.0	5.0	0.0	1.24
17505_1_1_1	17505_1_1_1	17505_1_1_1	3000672.0	3000672.0	0.0	moderate	17505_1_1_1	96.0	7.0	0.0	1.03
17507_1_1_1	17507_1_1_1	17507_1_1_1	4000930.0	4000930.0	0.0	strict	17507_1_1_1	186.0	5.0	0.0	0.61
17507_1_1_1	27943_1_1_1	17507_1_1_1	3000925.0	4000930.0	1000005.0	moderate	27943_1_1_1	185.0	5.0	0.0	0.43
17507_1_1_1	27947_1_1_1	17507_1_1_1	3000920.0	4000930.0	1000010.0	moderate	27947_1_1_1	184.0	5.0	0.0	0.38
17508_1_1_1	17508_1_1_1	17508_1_1_1	3000616.0	3000616.0	0.0	moderate	17508_1_1_1	88.0	7.0	0.0	0.4
17512_1_1_1	17512_1_1_1	17512_1_1_1	3000959.0	3000959.0	0.0	moderate	17512_1_1_1	137.0	7.0	0.0	2.44
17514_1_1_1	17514_1_1_1	17514_1_1_1	3000195.0	3000195.0	0.0	moderate	17514_1_1_1	39.0	5.0	0.0	0.9
17519_1_1_1	17519_1_1_1	17519_1_1_1	3000714.0	3000714.0	0.0	moderate	17519_1_1_1	102.0	7.0	0.0	1.39
17519_1_1_1	17518_1_1_1	17519_1_1_1	3000714.0	3000714.0	0.0	moderate	17518_1_1_1	102.0	7.0	0.0	1.43
17524_1_1_1	17524_1_1_1	17524_1_1_1	3001036.0	3001036.0	0.0	moderate	17524_1_1_1	148.0	7.0	0.0	0.32
17528_1_1_1	17528_1_1_1	17528_1_1_1	3000108.0	3000108.0	0.0	moderate	17528_1_1_1	36.0	3.0	0.0	0.0
17530_1_1_1	17530_1_1_1	17530_1_1_1	4001071.0	4001071.0	0.0	strict	17530_1_1_1	153.0	7.0	0.0	1.0
17534_1_1_1	17534_1_1_1	17534_1_1_1	3000879.0346899503	3000879.0346899503	0.0	moderate	17534_1_1_1	126.0	7.0	2.9653100498	0.84
17537_1_1_1	17537_1_1_1	17537_1_1_1	3000105.0	3000105.0	0.0	moderate	17537_1_1_1	35.0	3.0	0.0	0.0
17546_1_1_1	17546_1_1_1	17546_1_1_1	3001127.0	3001127.0	0.0	moderate	17546_1_1_1	161.0	7.0	0.0	1.02
17549_1_1_1	17549_1_1_1	17549_1_1_1	3000940.0	3000940.0	0.0	moderate	17549_1_1_1	188.0	5.0	0.0	0.0
17553_1_1_1	17553_1_1_1	17553_1_1_1	3000602.0	3000602.0	0.0	moderate	17553_1_1_1	86.0	7.0	0.0	0.85
17554_1_1_1	17554_1_1_1	17554_1_1_1	3000741.975997587	3000741.975997587	0.0	moderate	17554_1_1_1	124.0	6.0	2.0240024127	0.54
17555_1_1_1	17555_1_1_1	17555_1_1_1	3000684.0	3000684.0	0.0	moderate	17555_1_1_1	171.0	4.0	0.0	0.87
17578_1_1_1	17579_1_1_1	17579_1_1_1	4000812.0	4000812.0	0.0	strict	17579_1_1_1	116.0	7.0	0.0	0.38
17578_1_1_1	17578_1_1_1	17579_1_1_1	4000805.0	4000812.0	7.0	strict	17578_1_1_1	115.0	7.0	0.0	0.62
1757_1_1_1	1757_1_1_1	1757_1_1_1	3000108.0	3000108.0	0.0	moderate	1757_1_1_1	36.0	3.0	0.0	0.0
17584_1_1_1	17584_1_1_1	17584_1_1_1	3000102.0	3000102.0	0.0	moderate	17584_1_1_1	17.0	6.0	0.0	0.0
17585_1_1_1	17585_1_1_1	17585_1_1_1	3000879.275991369	3000879.275991369	0.0	moderate	17585_1_1_1	126.0	7.0	2.724008631	0.5
17586_1_1_1	17586_1_1_1	17586_1_1_1	3000686.0	3000686.0	0.0	moderate	17586_1_1_1	98.0	7.0	0.0	3.0
17588_1_1_1	17588_1_1_1	17588_1_1_1	3000711.255527467	3000711.255527467	0.0	moderate	17588_1_1_1	102.0	7.0	2.7444725332	1.11
17589_1_1_1	17589_1_1_1	17589_1_1_1	3000430.0	3000430.0	0.0	moderate	17589_1_1_1	86.0	5.0	0.0	0.56
17590_1_1_1	17590_1_1_1	17590_1_1_1	3000470.0	3000470.0	0.0	moderate	17590_1_1_1	94.0	5.0	0.0	1.89
17596_1_1_1	17596_1_1_1	17596_1_1_1	3000805.0	3000805.0	0.0	moderate	17596_1_1_1	115.0	7.0	0.0	2.39
17597_1_1_1	17597_1_1_1	17597_1_1_1	4001673.0	4001673.0	0.0	strict	17597_1_1_1	239.0	7.0	0.0	0.33
17600_1_1_1	17600_1_1_1	17600_1_1_1	3000693.0	3000693.0	0.0	moderate	17600_1_1_1	99.0	7.0	0.0	1.28
17606_1_1_1	17606_1_1_1	17606_1_1_1	4000511.0	4000511.0	0.0	strict	17606_1_1_1	73.0	7.0	0.0	1.56
17607_1_1_1	17607_1_1_1	17607_1_1_1	4000805.0	4000805.0	0.0	strict	17607_1_1_1	115.0	7.0	0.0	1.83
17608_1_1_1	17608_1_1_1	17608_1_1_1	3001820.0	3001820.0	0.0	moderate	17608_1_1_1	260.0	7.0	0.0	0.32
17611_1_1_1	17809_1_1_1	17809_1_1_1	4000973.0	4000973.0	0.0	strict	17809_1_1_1	139.0	7.0	0.0	0.99
17611_1_1_1	17611_1_1_1	17809_1_1_1	4000959.0	4000973.0	14.0	strict	17611_1_1_1	137.0	7.0	0.0	1.14
17612_1_1_1	17612_1_1_1	17612_1_1_1	3000763.0	3000763.0	0.0	moderate	17612_1_1_1	109.0	7.0	0.0	0.8
17620_1_1_1	17620_1_1_1	17620_1_1_1	4000693.0	4000693.0	0.0	strict	17620_1_1_1	99.0	7.0	0.0	0.56
17620_1_1_1	5943_1_1_1	17620_1_1_1	3000770.0	4000693.0	999923.0	moderate	5943_1_1_1	110.0	7.0	0.0	2.92
17622_1_1_1	17622_1_1_1	17622_1_1_1	4001281.0	4001281.0	0.0	strict	17622_1_1_1	183.0	7.0	0.0	0.56
17627_1_1_1	52385_1_1_1	52385_1_1_1	3000469.0	3000469.0	0.0	moderate	52385_1_1_1	67.0	7.0	0.0	0.59
17627_1_1_1	17627_1_1_1	52385_1_1_1	3000426.0	3000469.0	43.0	moderate	17627_1_1_1	71.0	6.0	0.0	0.54
17633_1_1_1	17633_1_1_1	17633_1_1_1	4001545.438671572	4001545.438671572	0.0	strict	17633_1_1_1	221.0	7.0	1.5613284284	0.44
17637_1_1_1	17636_1_1_1	17636_1_1_1	3000812.0	3000812.0	0.0	moderate	17636_1_1_1	116.0	7.0	0.0	2.29
17637_1_1_1	17637_1_1_1	17636_1_1_1	3000594.0	3000812.0	218.0	moderate	17637_1_1_1	99.0	6.0	0.0	2.35
17646_1_1_1	17646_1_1_1	17646_1_1_1	4001190.0	4001190.0	0.0	strict	17646_1_1_1	170.0	7.0	0.0	0.57
17651_1_1_1	17651_1_1_1	17651_1_1_1	4000786.0	4000786.0	0.0	strict	17651_1_1_1	131.0	6.0	0.0	1.03
17651_1_1_1	7132_1_1_1	17651_1_1_1	3000620.0	4000786.0	1000166.0	moderate	7132_1_1_1	124.0	5.0	0.0	0.42
17664_1_1_1	17664_1_1_1	17664_1_1_1	3000144.2532756296	3000144.2532756296	0.0	moderate	17664_1_1_1	21.0	7.0	2.7467243704	0.0
17667_1_1_1	17667_1_1_1	17667_1_1_1	4000525.0	4000525.0	0.0	strict	17667_1_1_1	75.0	7.0	0.0	1.92
17668_1_1_1	17668_1_1_1	17668_1_1_1	3000725.5009993645	3000725.5009993645	0.0	moderate	17668_1_1_1	104.0	7.0	2.4990006353	1.07
17670_1_1_1	17670_1_1_1	17670_1_1_1	3001162.0	3001162.0	0.0	moderate	17670_1_1_1	166.0	7.0	0.0	0.4
17673_1_1_1	17673_1_1_1	17673_1_1_1	3000522.7153813955	3000522.7153813955	0.0	moderate	17673_1_1_1	75.0	7.0	2.2846186044	1.05
17681_1_1_1	17681_1_1_1	17681_1_1_1	3000204.0	3000204.0	0.0	moderate	17681_1_1_1	34.0	6.0	0.0	0.25
17683_1_1_1	4046_1_1_1	4046_1_1_1	3000901.3337005153	3000901.3337005153	0.0	moderate	4046_1_1_1	129.0	7.0	1.6662994845	0.15
17683_1_1_1	17683_1_1_1	4046_1_1_1	3000796.1504108026	3000901.3337005153	105.1832897127606	moderate	17683_1_1_1	114.0	7.0	1.8495891974	0.88
17686_1_1_1	17686_1_1_1	17686_1_1_1	4001190.0	4001190.0	0.0	strict	17686_1_1_1	170.0	7.0	0.0	0.44
17688_1_1_1	17688_1_1_1	17688_1_1_1	4001008.0	4001008.0	0.0	strict	17688_1_1_1	144.0	7.0	0.0	0.35
17689_1_1_1	17689_1_1_1	17689_1_1_1	3000216.0	3000216.0	0.0	moderate	17689_1_1_1	54.0	4.0	0.0	0.0
17690_1_1_1	17690_1_1_1	17690_1_1_1	3000231.7771953335	3000231.7771953335	0.0	moderate	17690_1_1_1	39.0	6.0	2.2228046666	2.12
17690_1_1_1	19174_1_1_1	17690_1_1_1	3000182.9901211914	3000231.7771953335	48.78707414213568	moderate	19174_1_1_1	46.0	4.0	1.0098788087	0.29
17694_1_1_1	17694_1_1_1	17694_1_1_1	4000994.0	4000994.0	0.0	strict	17694_1_1_1	142.0	7.0	0.0	1.38
17695_1_1_1	17695_1_1_1	17695_1_1_1	3000715.0	3000715.0	0.0	moderate	17695_1_1_1	143.0	5.0	0.0	1.78
17701_1_1_1	17701_1_1_1	17701_1_1_1	4001197.0	4001197.0	0.0	strict	17701_1_1_1	171.0	7.0	0.0	0.62
17703_1_1_1	17703_1_1_1	17703_1_1_1	3001207.132536843	3001207.132536843	0.0	moderate	17703_1_1_1	242.0	5.0	2.867463157	1.62
17705_1_1_1	17705_1_1_1	17705_1_1_1	3000568.188235895	3000568.188235895	0.0	moderate	17705_1_1_1	95.0	6.0	1.8117641053	2.48
17713_1_1_1	17713_1_1_1	17713_1_1_1	4000805.0	4000805.0	0.0	strict	17713_1_1_1	115.0	7.0	0.0	1.94
17723_1_1_1	17723_1_1_1	17723_1_1_1	4001008.0	4001008.0	0.0	strict	17723_1_1_1	144.0	7.0	0.0	1.33
17736_1_1_1	17736_1_1_1	17736_1_1_1	4001190.0	4001190.0	0.0	strict	17736_1_1_1	170.0	7.0	0.0	1.16
17738_1_1_1	17738_1_1_1	17738_1_1_1	3001617.0	3001617.0	0.0	moderate	17738_1_1_1	231.0	7.0	0.0	0.53
17738_1_1_1	19264_1_1_1	17738_1_1_1	3001123.385172304	3001617.0	493.6148276957683	moderate	19264_1_1_1	225.0	5.0	1.614827696	1.02
17738_1_1_1	19261_1_1_1	17738_1_1_1	3000988.0782273426	3001617.0	628.9217726574279	moderate	19261_1_1_1	198.0	5.0	1.9217726572	1.22
17743_1_1_1	17743_1_1_1	17743_1_1_1	3000458.2798162536	3000458.2798162536	0.0	moderate	17743_1_1_1	92.0	5.0	1.7201837463	0.17
17745_1_1_1	17745_1_1_1	17745_1_1_1	3001064.0	3001064.0	0.0	moderate	17745_1_1_1	152.0	7.0	0.0	0.44
17747_1_1_1	17747_1_1_1	17747_1_1_1	3001078.0	3001078.0	0.0	moderate	17747_1_1_1	154.0	7.0	0.0	0.48
17748_1_1_1	17748_1_1_1	17748_1_1_1	3001125.0	3001125.0	0.0	moderate	17748_1_1_1	225.0	5.0	0.0	0.48
17752_1_1_1	17752_1_1_1	17752_1_1_1	3000770.0	3000770.0	0.0	moderate	17752_1_1_1	110.0	7.0	0.0	0.87
17753_1_1_1	17753_1_1_1	17753_1_1_1	3000355.43796113	3000355.43796113	0.0	moderate	17753_1_1_1	51.0	7.0	1.5620388702	0.17
17755_1_1_1	17755_1_1_1	17755_1_1_1	3000903.0	3000903.0	0.0	moderate	17755_1_1_1	129.0	7.0	0.0	0.7
17766_1_1_1	17766_1_1_1	17766_1_1_1	4000630.0	4000630.0	0.0	strict	17766_1_1_1	90.0	7.0	0.0	3.02
17768_1_1_1	17768_1_1_1	17768_1_1_1	4000690.0	4000690.0	0.0	strict	17768_1_1_1	115.0	6.0	0.0	1.45
17773_1_1_1	17773_1_1_1	17773_1_1_1	3001037.03544905	3001037.03544905	0.0	moderate	17773_1_1_1	208.0	5.0	2.9645509499	1.22
17776_1_1_1	17775_1_1_1	17775_1_1_1	4000749.0	4000749.0	0.0	strict	17775_1_1_1	107.0	7.0	0.0	0.53
17776_1_1_1	17776_1_1_1	17775_1_1_1	4000700.0	4000749.0	49.0	strict	17776_1_1_1	100.0	7.0	0.0	0.47
17777_1_1_1	17777_1_1_1	17777_1_1_1	4000612.0	4000612.0	0.0	strict	17777_1_1_1	102.0	6.0	0.0	2.95
17781_1_1_1	17781_1_1_1	17781_1_1_1	3001075.0	3001075.0	0.0	moderate	17781_1_1_1	215.0	5.0	0.0	2.95
17782_1_1_1	17782_1_1_1	17782_1_1_1	3000576.0	3000576.0	0.0	moderate	17782_1_1_1	144.0	4.0	0.0	3.16
17783_1_1_1	17783_1_1_1	17783_1_1_1	3000693.0	3000693.0	0.0	moderate	17783_1_1_1	99.0	7.0	0.0	0.43
17792_1_1_1	17792_1_1_1	17792_1_1_1	3000228.0	3000228.0	0.0	moderate	17792_1_1_1	38.0	6.0	0.0	2.64
17798_1_1_1	17798_1_1_1	17798_1_1_1	3000102.0	3000102.0	0.0	moderate	17798_1_1_1	34.0	3.0	0.0	0.0
17798_1_1_1	17797_1_1_1	17798_1_1_1	3000102.0	3000102.0	0.0	moderate	17797_1_1_1	34.0	3.0	0.0	0.0
17799_1_1_1	17799_1_1_1	17799_1_1_1	3000854.0	3000854.0	0.0	moderate	17799_1_1_1	122.0	7.0	0.0	3.3
17804_1_1_1	17804_1_1_1	17804_1_1_1	4001725.0	4001725.0	0.0	strict	17804_1_1_1	345.0	5.0	0.0	0.55
17811_1_1_1	17811_1_1_1	17811_1_1_1	4001274.0	4001274.0	0.0	strict	17811_1_1_1	182.0	7.0	0.0	0.18
17811_1_1_1	7055_1_1_1	17811_1_1_1	3001267.0	4001274.0	1000007.0	moderate	7055_1_1_1	181.0	7.0	0.0	0.22
17816_1_1_1	17816_1_1_1	17816_1_1_1	3000192.0	3000192.0	0.0	moderate	17816_1_1_1	64.0	3.0	0.0	0.0
17823_1_1_1	17823_1_1_1	17823_1_1_1	3000117.0	3000117.0	0.0	moderate	17823_1_1_1	39.0	3.0	0.0	0.0
17827_1_1_1	17827_1_1_1	17827_1_1_1	4000693.0	4000693.0	0.0	strict	17827_1_1_1	99.0	7.0	0.0	1.01
17827_1_1_1	16163_1_1_1	17827_1_1_1	3000697.161355909	4000693.0	999995.838644091	moderate	16163_1_1_1	100.0	7.0	2.8386440909	1.22
17828_1_1_1	17828_1_1_1	17828_1_1_1	4000616.0	4000616.0	0.0	strict	17828_1_1_1	88.0	7.0	0.0	0.41
17832_1_1_1	17832_1_1_1	17832_1_1_1	3000466.087702478	3000466.087702478	0.0	moderate	17832_1_1_1	67.0	7.0	2.9122975227	2.93
17835_1_1_1	17835_1_1_1	17835_1_1_1	3000532.0	3000532.0	0.0	moderate	17835_1_1_1	76.0	7.0	0.0	0.74
17841_1_1_1	17841_1_1_1	17841_1_1_1	4000378.0	4000378.0	0.0	strict	17841_1_1_1	54.0	7.0	0.0	1.07
17841_1_1_1	16117_1_1_1	17841_1_1_1	4000378.0	4000378.0	0.0	strict	16117_1_1_1	54.0	7.0	0.0	1.29
17841_1_1_1	15537_1_1_1	17841_1_1_1	4000378.0	4000378.0	0.0	strict	15537_1_1_1	54.0	7.0	0.0	1.64
17841_1_1_1	15535_1_1_1	17841_1_1_1	4000378.0	4000378.0	0.0	strict	15535_1_1_1	54.0	7.0	0.0	0.18
17841_1_1_1	17839_1_1_1	17841_1_1_1	4000378.0	4000378.0	0.0	strict	17839_1_1_1	54.0	7.0	0.0	0.52
17841_1_1_1	17840_1_1_1	17841_1_1_1	4000378.0	4000378.0	0.0	strict	17840_1_1_1	54.0	7.0	0.0	1.27
17841_1_1_1	16116_1_1_1	17841_1_1_1	4000378.0	4000378.0	0.0	strict	16116_1_1_1	54.0	7.0	0.0	0.7
17841_1_1_1	17843_1_1_1	17841_1_1_1	4000306.0	4000378.0	72.0	strict	17843_1_1_1	51.0	6.0	0.0	0.0
17856_1_2_1	17856_1_2_1	17856_1_2_1	3000285.6683152914	3000285.6683152914	0.0	moderate	17856_1_2_1	72.0	4.0	2.3316847087	0.0
17862_1_1_1	17862_1_1_1	17862_1_1_1	3000522.521537726	3000522.521537726	0.0	moderate	17862_1_1_1	75.0	7.0	2.478462274	1.0
17863_1_1_1	16237_1_1_1	16237_1_1_1	4001757.0	4001757.0	0.0	strict	16237_1_1_1	251.0	7.0	0.0	2.52
17863_1_1_1	17863_1_1_1	16237_1_1_1	4001743.0	4001757.0	14.0	strict	17863_1_1_1	249.0	7.0	0.0	2.08
17864_1_1_1	17864_1_1_1	17864_1_1_1	4000609.0	4000609.0	0.0	strict	17864_1_1_1	87.0	7.0	0.0	2.03
17864_1_1_1	16103_1_1_1	17864_1_1_1	4000595.0	4000609.0	14.0	strict	16103_1_1_1	85.0	7.0	0.0	2.36
17865_1_1_1	17865_1_1_1	17865_1_1_1	4000838.025982013	4000838.025982013	0.0	strict	17865_1_1_1	120.0	7.0	1.9740179871	0.49
17867_1_1_1	17867_1_1_1	17867_1_1_1	3000603.0104813264	3000603.0104813264	0.0	moderate	17867_1_1_1	101.0	6.0	2.9895186738	0.89
17888_1_1_1	17888_1_1_1	17888_1_1_1	3000087.675597703	3000087.675597703	0.0	moderate	17888_1_1_1	30.0	3.0	2.3244022967	0.0
17890_1_1_1	17890_1_1_1	17890_1_1_1	3001022.0	3001022.0	0.0	moderate	17890_1_1_1	146.0	7.0	0.0	1.65
17899_1_1_1	17899_1_1_1	17899_1_1_1	3001369.001250411	3001369.001250411	0.0	moderate	17899_1_1_1	196.0	7.0	2.9987495893	0.64
17900_1_1_1	17900_1_1_1	17900_1_1_1	3000882.0	3000882.0	0.0	moderate	17900_1_1_1	126.0	7.0	0.0	0.82
17905_1_1_1	17905_1_1_1	17905_1_1_1	4000791.0	4000791.0	0.0	strict	17905_1_1_1	113.0	7.0	0.0	2.09
17906_1_1_1	17906_1_1_1	17906_1_1_1	3000669.667884922	3000669.667884922	0.0	moderate	17906_1_1_1	96.0	7.0	2.332115078	0.51
17908_1_1_1	17908_1_1_1	17908_1_1_1	3000072.0	3000072.0	0.0	moderate	17908_1_1_1	24.0	3.0	0.0	0.0
17909_1_1_1	17909_1_1_1	17909_1_1_1	4001248.0	4001248.0	0.0	strict	17909_1_1_1	208.0	6.0	0.0	1.14
17911_1_1_1	17911_1_1_1	17911_1_1_1	3000705.6239005667	3000705.6239005667	0.0	moderate	17911_1_1_1	118.0	6.0	2.3760994335	0.15
17913_1_1_1	17912_1_1_1	17912_1_1_1	4000441.0	4000441.0	0.0	strict	17912_1_1_1	63.0	7.0	0.0	1.53
17913_1_1_1	17913_1_1_1	17912_1_1_1	4000372.0	4000441.0	69.0	strict	17913_1_1_1	62.0	6.0	0.0	0.92
17916_1_1_1	17916_1_1_1	17916_1_1_1	3000543.437871045	3000543.437871045	0.0	moderate	17916_1_1_1	91.0	6.0	2.5621289549	0.26
17917_1_1_1	17917_1_1_1	17917_1_1_1	4000360.0	4000360.0	0.0	strict	17917_1_1_1	60.0	6.0	0.0	0.74
17923_1_1_1	30561_1_1_1	30561_1_1_1	3000315.0	3000315.0	0.0	moderate	30561_1_1_1	45.0	7.0	0.0	0.51
17923_1_1_1	17923_1_1_1	30561_1_1_1	3000258.0	3000315.0	57.0	moderate	17923_1_1_1	43.0	6.0	0.0	0.0
17923_1_1_1	7092_1_1_1	30561_1_1_1	3000135.0	3000315.0	180.0	moderate	7092_1_1_1	45.0	3.0	0.0	0.0
17924_1_1_1	17924_1_1_1	17924_1_1_1	3000148.0	3000148.0	0.0	moderate	17924_1_1_1	37.0	4.0	0.0	0.0
17927_1_1_1	17927_1_1_1	17927_1_1_1	3001022.0	3001022.0	0.0	moderate	17927_1_1_1	146.0	7.0	0.0	0.77
17928_1_1_1	17928_1_1_1	17928_1_1_1	3000078.0	3000078.0	0.0	moderate	17928_1_1_1	26.0	3.0	0.0	0.0
17934_1_1_1	17934_1_1_1	17934_1_1_1	4001008.0	4001008.0	0.0	strict	17934_1_1_1	144.0	7.0	0.0	0.42
17934_1_1_1	17428_1_1_1	17934_1_1_1	3001015.0	4001008.0	999993.0	moderate	17428_1_1_1	145.0	7.0	0.0	0.37
17935_1_1_1	17935_1_1_1	17935_1_1_1	3001110.0	3001110.0	0.0	moderate	17935_1_1_1	185.0	6.0	0.0	0.45
17943_1_1_1	17943_1_1_1	17943_1_1_1	3000872.3429837795	3000872.3429837795	0.0	moderate	17943_1_1_1	125.0	7.0	2.6570162204	0.24
17950_1_1_1	17950_1_1_1	17950_1_1_1	4000434.0	4000434.0	0.0	strict	17950_1_1_1	62.0	7.0	0.0	0.59
17952_1_1_1	17952_1_1_1	17952_1_1_1	4000684.0	4000684.0	0.0	strict	17952_1_1_1	114.0	6.0	0.0	0.6
17953_1_1_1	17953_1_1_1	17953_1_1_1	3001218.0	3001218.0	0.0	moderate	17953_1_1_1	174.0	7.0	0.0	0.65
17953_1_1_1	6620_1_1_1	17953_1_1_1	3001176.0	3001218.0	42.0	moderate	6620_1_1_1	168.0	7.0	0.0	0.82
17953_1_1_1	7231_1_1_1	17953_1_1_1	3001089.2755515804	3001218.0	128.7244484196417	moderate	7231_1_1_1	182.0	6.0	2.7244484198	0.64
17953_1_1_1	50917_1_1_1	17953_1_1_1	3001001.0	3001218.0	217.0	moderate	50917_1_1_1	143.0	7.0	0.0	0.52
17958_1_1_1	17958_1_1_1	17958_1_1_1	3000245.0	3000245.0	0.0	moderate	17958_1_1_1	35.0	7.0	0.0	0.33
17958_1_1_1	17955_1_1_1	17958_1_1_1	3000245.0	3000245.0	0.0	moderate	17955_1_1_1	35.0	7.0	0.0	0.19
17959_1_1_1	17959_1_1_1	17959_1_1_1	3000879.9603904923	3000879.9603904923	0.0	moderate	17959_1_1_1	126.0	7.0	2.0396095077	0.74
17964_1_1_1	17996_1_1_1	17996_1_1_1	3000388.0	3000388.0	0.0	moderate	17996_1_1_1	97.0	4.0	0.0	1.64
17964_1_1_1	17964_1_1_1	17996_1_1_1	3000380.0	3000388.0	8.0	moderate	17964_1_1_1	95.0	4.0	0.0	1.13
17964_1_1_1	17994_1_1_1	17996_1_1_1	3000376.0	3000388.0	12.0	moderate	17994_1_1_1	94.0	4.0	0.0	0.93
17964_1_1_1	18138_1_1_1	17996_1_1_1	3000376.0	3000388.0	12.0	moderate	18138_1_1_1	94.0	4.0	0.0	0.66
17964_1_1_1	5967_1_1_1	17996_1_1_1	3000372.0	3000388.0	16.0	moderate	5967_1_1_1	93.0	4.0	0.0	0.63
17965_1_1_1	17965_1_1_1	17965_1_1_1	3000721.0	3000721.0	0.0	moderate	17965_1_1_1	103.0	7.0	0.0	0.92
17966_1_1_1	17966_1_1_1	17966_1_1_1	4000222.0	4000222.0	0.0	strict	17966_1_1_1	37.0	6.0	0.0	0.43
17971_1_1_1	17971_1_1_1	17971_1_1_1	3000585.1049321736	3000585.1049321736	0.0	moderate	17971_1_1_1	84.0	7.0	2.8950678265	0.83
17978_1_1_1	17978_1_1_1	17978_1_1_1	3000651.0	3000651.0	0.0	moderate	17978_1_1_1	93.0	7.0	0.0	1.33
17985_1_1_1	17985_1_1_1	17985_1_1_1	3000066.0	3000066.0	0.0	moderate	17985_1_1_1	22.0	3.0	0.0	0.0
17989_1_1_1	17989_1_1_1	17989_1_1_1	3000746.571943827	3000746.571943827	0.0	moderate	17989_1_1_1	107.0	7.0	2.4280561732	1.08
17990_1_1_1	17990_1_1_1	17990_1_1_1	3000076.0	3000076.0	0.0	moderate	17990_1_1_1	19.0	4.0	0.0	0.0
17992_1_1_1	17992_1_1_1	17992_1_1_1	3000774.0	3000774.0	0.0	moderate	17992_1_1_1	129.0	6.0	0.0	0.31
17993_1_1_1	17993_1_1_1	17993_1_1_1	4000546.0	4000546.0	0.0	strict	17993_1_1_1	78.0	7.0	0.0	0.76
18001_1_1_1	18001_1_1_1	18001_1_1_1	3001106.0	3001106.0	0.0	moderate	18001_1_1_1	158.0	7.0	0.0	0.9
18003_1_1_1	18003_1_1_1	18003_1_1_1	4000805.0	4000805.0	0.0	strict	18003_1_1_1	115.0	7.0	0.0	0.14
18010_1_1_1	18010_1_1_1	18010_1_1_1	3000329.0	3000329.0	0.0	moderate	18010_1_1_1	47.0	7.0	0.0	0.46
18011_1_1_1	18011_1_1_1	18011_1_1_1	3001495.7997254855	3001495.7997254855	0.0	moderate	18011_1_1_1	214.0	7.0	2.2002745146	0.19
18014_1_1_1	18014_1_1_1	18014_1_1_1	3000051.9629216366	3000051.9629216366	0.0	moderate	18014_1_1_1	18.0	3.0	2.0370783634	0.0
18019_1_1_1	18019_1_1_1	18019_1_1_1	3000186.0	3000186.0	0.0	moderate	18019_1_1_1	31.0	6.0	0.0	0.0
18020_1_1_1	18020_1_1_1	18020_1_1_1	3000930.0	3000930.0	0.0	moderate	18020_1_1_1	186.0	5.0	0.0	0.77
18022_1_1_1	18022_1_1_1	18022_1_1_1	3000069.0	3000069.0	0.0	moderate	18022_1_1_1	23.0	3.0	0.0	0.0
18039_1_1_1	15694_1_1_1	15694_1_1_1	4001190.0	4001190.0	0.0	strict	15694_1_1_1	170.0	7.0	0.0	0.94
18039_1_1_1	18039_1_1_1	15694_1_1_1	4001113.0	4001190.0	77.0	strict	18039_1_1_1	159.0	7.0	0.0	0.77
18044_1_1_1	18044_1_1_1	18044_1_1_1	4001582.0	4001582.0	0.0	strict	18044_1_1_1	226.0	7.0	0.0	0.32
18044_1_1_1	15741_1_1_1	18044_1_1_1	4001255.0	4001582.0	327.0	strict	15741_1_1_1	251.0	5.0	0.0	1.45
18045_1_1_1	18045_1_1_1	18045_1_1_1	4000966.0	4000966.0	0.0	strict	18045_1_1_1	161.0	6.0	0.0	0.24
18051_1_1_1	18051_1_1_1	18051_1_1_1	3000378.0	3000378.0	0.0	moderate	18051_1_1_1	54.0	7.0	0.0	0.66
18080_1_1_1	18080_1_1_1	18080_1_1_1	3000246.0	3000246.0	0.0	moderate	18080_1_1_1	41.0	6.0	0.0	2.4
18081_1_1_1	18081_1_1_1	18081_1_1_1	4000833.0	4000833.0	0.0	strict	18081_1_1_1	119.0	7.0	0.0	2.69
18089_1_1_1	17866_1_1_1	17866_1_1_1	4000651.0	4000651.0	0.0	strict	17866_1_1_1	93.0	7.0	0.0	0.57
18089_1_1_1	18087_1_1_1	17866_1_1_1	4000637.0	4000651.0	14.0	strict	18087_1_1_1	91.0	7.0	0.0	0.61
18089_1_1_1	17857_1_1_1	17866_1_1_1	4000637.0	4000651.0	14.0	strict	17857_1_1_1	91.0	7.0	0.0	0.57
18089_1_1_1	18089_1_1_1	17866_1_1_1	4000546.0	4000651.0	105.0	strict	18089_1_1_1	91.0	6.0	0.0	0.34
18089_1_1_1	5127_1_1_1	17866_1_1_1	3000728.0	4000651.0	999923.0	moderate	5127_1_1_1	104.0	7.0	0.0	0.9
18089_1_1_1	5103_1_1_1	17866_1_1_1	3000637.0	4000651.0	1000014.0	moderate	5103_1_1_1	91.0	7.0	0.0	0.57
18089_1_1_1	4892_1_1_1	17866_1_1_1	3000552.0	4000651.0	1000099.0	moderate	4892_1_1_1	92.0	6.0	0.0	1.08
18089_1_1_1	4285_1_1_1	17866_1_1_1	3000552.0	4000651.0	1000099.0	moderate	4285_1_1_1	92.0	6.0	0.0	0.86
18089_1_1_1	18088_1_1_1	17866_1_1_1	3000540.0	4000651.0	1000111.0	moderate	18088_1_1_1	90.0	6.0	0.0	0.41
18089_1_1_1	4001_1_1_1	17866_1_1_1	3000511.0	4000651.0	1000140.0	moderate	4001_1_1_1	73.0	7.0	0.0	0.94
18098_1_1_1	18098_1_1_1	18098_1_1_1	3000690.7040173644	3000690.7040173644	0.0	moderate	18098_1_1_1	99.0	7.0	2.2959826358	0.43
18105_2_1_1	18105_2_1_1	18105_2_1_1	3000051.0	3000051.0	0.0	moderate	18105_2_1_1	17.0	3.0	0.0	0.0
18105_2_1_1	18104_1_1_1	18105_2_1_1	3000048.8370274724	3000051.0	2.1629725275561213	moderate	18104_1_1_1	17.0	3.0	2.1629725275	0.0
18107_1_1_1	18107_1_1_1	18107_1_1_1	3000564.0	3000564.0	0.0	moderate	18107_1_1_1	94.0	6.0	0.0	0.75
18112_1_1_1	18112_1_1_1	18112_1_1_1	3001078.0	3001078.0	0.0	moderate	18112_1_1_1	154.0	7.0	0.0	0.73
18114_1_1_1	18114_1_1_1	18114_1_1_1	3000126.0	3000126.0	0.0	moderate	18114_1_1_1	21.0	6.0	0.0	0.0
18115_1_1_1	18115_1_1_1	18115_1_1_1	3000511.0	3000511.0	0.0	moderate	18115_1_1_1	73.0	7.0	0.0	0.35
18118_1_1_1	18118_1_1_1	18118_1_1_1	4000612.0	4000612.0	0.0	strict	18118_1_1_1	102.0	6.0	0.0	2.56
18121_1_1_1	18121_1_1_1	18121_1_1_1	4000476.0	4000476.0	0.0	strict	18121_1_1_1	68.0	7.0	0.0	2.7
18124_1_1_1	18124_1_1_1	18124_1_1_1	4000511.0	4000511.0	0.0	strict	18124_1_1_1	73.0	7.0	0.0	0.76
18130_1_1_1	18130_1_1_1	18130_1_1_1	4000756.0	4000756.0	0.0	strict	18130_1_1_1	108.0	7.0	0.0	1.32
18132_1_1_1	18132_1_1_1	18132_1_1_1	3000497.0	3000497.0	0.0	moderate	18132_1_1_1	71.0	7.0	0.0	1.69
18132_1_1_1	16177_1_1_1	18132_1_1_1	3000432.0	3000497.0	65.0	moderate	16177_1_1_1	72.0	6.0	0.0	0.72
18133_1_1_1	18133_1_1_1	18133_1_1_1	4001379.0	4001379.0	0.0	strict	18133_1_1_1	197.0	7.0	0.0	2.02
18133_1_1_1	52487_1_1_1	18133_1_1_1	3001302.0	4001379.0	1000077.0	moderate	52487_1_1_1	186.0	7.0	0.0	1.42
18134_1_1_1	18134_1_1_1	18134_1_1_1	3000462.0	3000462.0	0.0	moderate	18134_1_1_1	77.0	6.0	0.0	2.47
18134_1_1_1	16137_1_1_1	18134_1_1_1	3000434.0	3000462.0	28.0	moderate	16137_1_1_1	62.0	7.0	0.0	0.43
18141_1_1_1	18141_1_1_1	18141_1_1_1	3000200.0	3000200.0	0.0	moderate	18141_1_1_1	40.0	5.0	0.0	0.0
18145_1_1_1	18145_1_1_1	18145_1_1_1	3000539.0	3000539.0	0.0	moderate	18145_1_1_1	77.0	7.0	0.0	1.93
18147_1_1_1	18147_1_1_1	18147_1_1_1	3000712.432638913	3000712.432638913	0.0	moderate	18147_1_1_1	143.0	5.0	2.5673610872	0.84
18148_1_1_1	18148_1_1_1	18148_1_1_1	3000046.0010423996	3000046.0010423996	0.0	moderate	18148_1_1_1	16.0	3.0	1.9989576003	0.0
1814_1_1_1	1814_1_1_1	1814_1_1_1	3000054.0	3000054.0	0.0	moderate	1814_1_1_1	18.0	3.0	0.0	0.0
18153_1_1_1	18153_1_1_1	18153_1_1_1	4000390.0	4000390.0	0.0	strict	18153_1_1_1	65.0	6.0	0.0	0.33
18154_1_1_1	18154_1_1_1	18154_1_1_1	4000994.0	4000994.0	0.0	strict	18154_1_1_1	142.0	7.0	0.0	1.09
18154_1_1_1	19151_1_1_1	18154_1_1_1	3000994.0	4000994.0	1000000.0	moderate	19151_1_1_1	142.0	7.0	0.0	1.13
18155_1_1_1	18155_1_1_1	18155_1_1_1	3000742.0	3000742.0	0.0	moderate	18155_1_1_1	106.0	7.0	0.0	2.09
18156_1_1_1	18156_1_1_1	18156_1_1_1	3000630.0	3000630.0	0.0	moderate	18156_1_1_1	90.0	7.0	0.0	0.95
18157_1_1_1	18157_1_1_1	18157_1_1_1	3000547.484849776	3000547.484849776	0.0	moderate	18157_1_1_1	110.0	5.0	2.5151502237	1.06
18158_1_1_1	18158_1_1_1	18158_1_1_1	3000490.0	3000490.0	0.0	moderate	18158_1_1_1	70.0	7.0	0.0	0.44
18166_1_1_1	18166_1_1_1	18166_1_1_1	3000915.5183561556	3000915.5183561556	0.0	moderate	18166_1_1_1	131.0	7.0	1.4816438443	0.34
18166_1_1_1	26920_1_1_1	18166_1_1_1	3000504.0	3000915.5183561556	411.5183561556041	moderate	26920_1_1_1	126.0	4.0	0.0	0.33
18171_1_1_1	18171_1_1_1	18171_1_1_1	3000420.0	3000420.0	0.0	moderate	18171_1_1_1	60.0	7.0	0.0	0.86
18180_1_1_1	18180_1_1_1	18180_1_1_1	3001274.0	3001274.0	0.0	moderate	18180_1_1_1	182.0	7.0	0.0	0.97
18181_1_1_1	18181_1_1_1	18181_1_1_1	3000462.0	3000462.0	0.0	moderate	18181_1_1_1	66.0	7.0	0.0	1.29
18183_1_1_1	18183_1_1_1	18183_1_1_1	3000770.0	3000770.0	0.0	moderate	18183_1_1_1	110.0	7.0	0.0	1.08
18186_1_1_1	18186_1_1_1	18186_1_1_1	3000431.8961375947	3000431.8961375947	0.0	moderate	18186_1_1_1	62.0	7.0	2.1038624055	1.15
18187_1_1_1	18187_1_1_1	18187_1_1_1	3000508.55963802	3000508.55963802	0.0	moderate	18187_1_1_1	73.0	7.0	2.4403619797	1.15
18188_1_1_1	18188_1_1_1	18188_1_1_1	3001050.0	3001050.0	0.0	moderate	18188_1_1_1	150.0	7.0	0.0	1.67
18189_1_1_1	18189_1_1_1	18189_1_1_1	3000455.0	3000455.0	0.0	moderate	18189_1_1_1	65.0	7.0	0.0	3.04
18193_1_1_1	18193_1_1_1	18193_1_1_1	4000476.0	4000476.0	0.0	strict	18193_1_1_1	68.0	7.0	0.0	1.25
18196_1_1_1	18196_1_1_1	18196_1_1_1	4000819.0	4000819.0	0.0	strict	18196_1_1_1	117.0	7.0	0.0	1.8
18210_1_1_1	18210_1_1_1	18210_1_1_1	3000882.0	3000882.0	0.0	moderate	18210_1_1_1	126.0	7.0	0.0	0.68
18211_1_1_1	18211_1_1_1	18211_1_1_1	3001243.567888555	3001243.567888555	0.0	moderate	18211_1_1_1	178.0	7.0	2.4321114448	0.72
18214_1_1_1	18214_1_1_1	18214_1_1_1	3000410.0071959146	3000410.0071959146	0.0	moderate	18214_1_1_1	59.0	7.0	2.9928040854	0.95
18215_1_1_1	18215_1_1_1	18215_1_1_1	3001288.0	3001288.0	0.0	moderate	18215_1_1_1	184.0	7.0	0.0	0.61
18217_1_1_1	18217_1_1_1	18217_1_1_1	3000497.0	3000497.0	0.0	moderate	18217_1_1_1	71.0	7.0	0.0	3.13
18218_1_1_1	18218_1_1_1	18218_1_1_1	4000672.0	4000672.0	0.0	strict	18218_1_1_1	96.0	7.0	0.0	3.31
18221_1_1_1	18221_1_1_1	18221_1_1_1	4000749.0	4000749.0	0.0	strict	18221_1_1_1	107.0	7.0	0.0	0.53
18222_1_1_1	18222_1_1_1	18222_1_1_1	4000634.56804251	4000634.56804251	0.0	strict	18222_1_1_1	106.0	6.0	1.4319574896	0.8
18223_1_1_1	18223_1_1_1	18223_1_1_1	4000749.0	4000749.0	0.0	strict	18223_1_1_1	107.0	7.0	0.0	0.42
18223_1_1_1	18219_1_1_1	18223_1_1_1	3000676.8275708617	4000749.0	1000072.1724291383	moderate	18219_1_1_1	97.0	7.0	2.1724291383	2.8
18227_1_1_1	18227_1_1_1	18227_1_1_1	3000434.0	3000434.0	0.0	moderate	18227_1_1_1	62.0	7.0	0.0	0.55
18235_1_1_1	18235_1_1_1	18235_1_1_1	4000868.0	4000868.0	0.0	strict	18235_1_1_1	124.0	7.0	0.0	1.01
18237_1_1_1	18237_1_1_1	18237_1_1_1	3000378.0	3000378.0	0.0	moderate	18237_1_1_1	54.0	7.0	0.0	1.38
18242_1_1_1	18242_1_1_1	18242_1_1_1	4000700.0	4000700.0	0.0	strict	18242_1_1_1	100.0	7.0	0.0	0.16
18246_1_1_1	18246_1_1_1	18246_1_1_1	3001615.0	3001615.0	0.0	moderate	18246_1_1_1	323.0	5.0	0.0	1.53
18249_1_1_1	18249_1_1_1	18249_1_1_1	4001190.0	4001190.0	0.0	strict	18249_1_1_1	170.0	7.0	0.0	1.42
18253_1_1_1	18253_1_1_1	18253_1_1_1	4001064.0	4001064.0	0.0	strict	18253_1_1_1	152.0	7.0	0.0	0.35
18255_1_1_1	18255_1_1_1	18255_1_1_1	3000599.0185992843	3000599.0185992843	0.0	moderate	18255_1_1_1	86.0	7.0	2.9814007156	0.77
18257_1_1_1	18257_1_1_1	18257_1_1_1	4000925.0	4000925.0	0.0	strict	18257_1_1_1	185.0	5.0	0.0	2.35
18260_1_1_1	18260_1_1_1	18260_1_1_1	4000791.0	4000791.0	0.0	strict	18260_1_1_1	113.0	7.0	0.0	0.91
18267_1_1_1	18267_1_1_1	18267_1_1_1	4001540.0	4001540.0	0.0	strict	18267_1_1_1	308.0	5.0	0.0	2.1
18268_1_1_1	18268_1_1_1	18268_1_1_1	3000447.544404398	3000447.544404398	0.0	moderate	18268_1_1_1	75.0	6.0	2.4555956017	1.06
18277_1_1_1	18277_1_1_1	18277_1_1_1	4001022.0	4001022.0	0.0	strict	18277_1_1_1	146.0	7.0	0.0	1.24
18280_1_1_1	18280_1_1_1	18280_1_1_1	3000442.089724693	3000442.089724693	0.0	moderate	18280_1_1_1	89.0	5.0	2.9102753071	1.05
18283_1_1_1	18283_1_1_1	18283_1_1_1	3000616.0	3000616.0	0.0	moderate	18283_1_1_1	88.0	7.0	0.0	1.08
18290_1_1_1	18290_1_1_1	18290_1_1_1	3000819.0	3000819.0	0.0	moderate	18290_1_1_1	117.0	7.0	0.0	0.48
18291_1_1_1	18291_1_1_1	18291_1_1_1	3000855.0	3000855.0	0.0	moderate	18291_1_1_1	171.0	5.0	0.0	0.28
18291_1_1_1	18293_1_1_1	18291_1_1_1	3000855.0	3000855.0	0.0	moderate	18293_1_1_1	171.0	5.0	0.0	0.31
18291_1_1_1	18294_1_1_1	18291_1_1_1	3000855.0	3000855.0	0.0	moderate	18294_1_1_1	171.0	5.0	0.0	0.27
18291_1_1_1	18295_1_1_1	18291_1_1_1	3000850.0	3000855.0	5.0	moderate	18295_1_1_1	170.0	5.0	0.0	0.35
18292_1_1_1	18292_1_1_1	18292_1_1_1	4000777.0	4000777.0	0.0	strict	18292_1_1_1	111.0	7.0	0.0	2.98
18297_1_1_1	18297_1_1_1	18297_1_1_1	4000609.0	4000609.0	0.0	strict	18297_1_1_1	87.0	7.0	0.0	0.49
18298_1_1_1	18298_1_1_1	18298_1_1_1	3000990.0	3000990.0	0.0	moderate	18298_1_1_1	165.0	6.0	0.0	1.1
18299_1_1_1	18299_1_1_1	18299_1_1_1	4000462.0	4000462.0	0.0	strict	18299_1_1_1	66.0	7.0	0.0	1.05
18301_1_1_1	18301_1_1_1	18301_1_1_1	4000490.0	4000490.0	0.0	strict	18301_1_1_1	70.0	7.0	0.0	1.05
18301_1_1_1	6130_1_1_1	18301_1_1_1	3000518.0	4000490.0	999972.0	moderate	6130_1_1_1	74.0	7.0	0.0	2.86
18301_1_1_1	6022_1_1_1	18301_1_1_1	3000292.0	4000490.0	1000198.0	moderate	6022_1_1_1	73.0	4.0	0.0	0.0
18303_1_1_1	18303_1_1_1	18303_1_1_1	3001761.793899403	3001761.793899403	0.0	moderate	18303_1_1_1	252.0	7.0	2.206100597	0.57
18309_1_1_1	18309_1_1_1	18309_1_1_1	3000394.45308812	3000394.45308812	0.0	moderate	18309_1_1_1	99.0	4.0	1.5469118797	0.3
18313_1_1_1	18313_1_1_1	18313_1_1_1	4000952.0	4000952.0	0.0	strict	18313_1_1_1	136.0	7.0	0.0	0.22
18316_1_1_1	18316_1_1_1	18316_1_1_1	3000552.0	3000552.0	0.0	moderate	18316_1_1_1	92.0	6.0	0.0	0.5
18318_1_1_1	18318_1_1_1	18318_1_1_1	3000553.0	3000553.0	0.0	moderate	18318_1_1_1	79.0	7.0	0.0	0.52
18320_1_1_1	18320_1_1_1	18320_1_1_1	3001176.0	3001176.0	0.0	moderate	18320_1_1_1	168.0	7.0	0.0	1.26
18324_1_1_1	18324_1_1_1	18324_1_1_1	3001032.338691312	3001032.338691312	0.0	moderate	18324_1_1_1	207.0	5.0	2.6613086883	1.88
18328_1_1_1	18328_1_1_1	18328_1_1_1	4000490.0	4000490.0	0.0	strict	18328_1_1_1	70.0	7.0	0.0	0.54
18332_1_1_1	18332_1_1_1	18332_1_1_1	3000511.0	3000511.0	0.0	moderate	18332_1_1_1	73.0	7.0	0.0	0.28
18334_1_1_1	18334_1_1_1	18334_1_1_1	4000234.0	4000234.0	0.0	strict	18334_1_1_1	39.0	6.0	0.0	0.0
18338_1_1_1	18338_1_1_1	18338_1_1_1	4000693.0	4000693.0	0.0	strict	18338_1_1_1	99.0	7.0	0.0	1.31
18339_1_1_1	18339_1_1_1	18339_1_1_1	3001800.0	3001800.0	0.0	moderate	18339_1_1_1	360.0	5.0	0.0	0.49
18341_1_1_1	18341_1_1_1	18341_1_1_1	4000539.0	4000539.0	0.0	strict	18341_1_1_1	77.0	7.0	0.0	0.14
18345_1_1_1	18345_1_1_1	18345_1_1_1	3000225.0	3000225.0	0.0	moderate	18345_1_1_1	45.0	5.0	0.0	0.0
18346_1_1_1	18346_1_1_1	18346_1_1_1	4000756.0	4000756.0	0.0	strict	18346_1_1_1	126.0	6.0	0.0	0.24
18348_1_1_1	18348_1_1_1	18348_1_1_1	4000625.0	4000625.0	0.0	strict	18348_1_1_1	125.0	5.0	0.0	1.96
18350_1_1_1	18350_1_1_1	18350_1_1_1	3000081.0	3000081.0	0.0	moderate	18350_1_1_1	27.0	3.0	0.0	0.0
18351_1_1_1	18351_1_1_1	18351_1_1_1	4000546.0	4000546.0	0.0	strict	18351_1_1_1	78.0	7.0	0.0	1.07
18353_1_1_1	18353_1_1_1	18353_1_1_1	4001048.0	4001048.0	0.0	strict	18353_1_1_1	262.0	4.0	0.0	0.53
18355_1_1_1	18355_1_1_1	18355_1_1_1	4000551.046776638	4000551.046776638	0.0	strict	18355_1_1_1	79.0	7.0	1.9532233623	2.59
18356_1_1_1	18356_1_1_1	18356_1_1_1	4001141.0	4001141.0	0.0	strict	18356_1_1_1	163.0	7.0	0.0	0.34
18358_1_1_1	18358_1_1_1	18358_1_1_1	3000188.0	3000188.0	0.0	moderate	18358_1_1_1	47.0	4.0	0.0	0.0
18363_1_1_1	18363_1_1_1	18363_1_1_1	3000132.0	3000132.0	0.0	moderate	18363_1_1_1	22.0	6.0	0.0	0.0
18364_1_1_1	18364_1_1_1	18364_1_1_1	4000738.0	4000738.0	0.0	strict	18364_1_1_1	123.0	6.0	0.0	2.69
18373_1_1_1	25003_1_1_1	25003_1_1_1	4001330.0	4001330.0	0.0	strict	25003_1_1_1	266.0	5.0	0.0	0.2
18373_1_1_1	19976_1_1_1	25003_1_1_1	4001270.0	4001330.0	60.0	strict	19976_1_1_1	254.0	5.0	0.0	0.21
18373_1_1_1	18373_1_1_1	25003_1_1_1	4000912.0	4001330.0	418.0	strict	18373_1_1_1	228.0	4.0	0.0	3.13
18373_1_1_1	16673_1_1_1	25003_1_1_1	3001325.0	4001330.0	1000005.0	moderate	16673_1_1_1	265.0	5.0	0.0	0.74
18375_1_1_1	18375_1_1_1	18375_1_1_1	4000770.0	4000770.0	0.0	strict	18375_1_1_1	110.0	7.0	0.0	1.15
18376_1_1_1	18376_1_1_1	18376_1_1_1	3000715.0	3000715.0	0.0	moderate	18376_1_1_1	143.0	5.0	0.0	0.3
18387_1_1_1	18387_1_1_1	18387_1_1_1	4001022.0	4001022.0	0.0	strict	18387_1_1_1	146.0	7.0	0.0	0.9
18392_1_1_1	28080_1_1_1	28080_1_1_1	3001495.0	3001495.0	0.0	moderate	28080_1_1_1	299.0	5.0	0.0	0.5
18392_1_1_1	28079_1_1_1	28080_1_1_1	3001490.0	3001495.0	5.0	moderate	28079_1_1_1	298.0	5.0	0.0	0.55
18392_1_1_1	50695_1_1_1	28080_1_1_1	3001470.0	3001495.0	25.0	moderate	50695_1_1_1	294.0	5.0	0.0	0.68
18392_1_1_1	18392_1_1_1	28080_1_1_1	3001425.0	3001495.0	70.0	moderate	18392_1_1_1	285.0	5.0	0.0	0.57
18394_1_1_1	18394_1_1_1	18394_1_1_1	3001012.062596537	3001012.062596537	0.0	moderate	18394_1_1_1	145.0	7.0	2.9374034627	0.92
18398_1_1_1	18398_1_1_1	18398_1_1_1	4000672.0	4000672.0	0.0	strict	18398_1_1_1	96.0	7.0	0.0	0.56
18399_1_1_1	18399_1_1_1	18399_1_1_1	4000462.0	4000462.0	0.0	strict	18399_1_1_1	77.0	6.0	0.0	0.91
18399_1_1_1	36012_1_1_1	18399_1_1_1	4000462.0	4000462.0	0.0	strict	36012_1_1_1	77.0	6.0	0.0	0.92
18405_1_1_1	18405_1_1_1	18405_1_1_1	3000090.0	3000090.0	0.0	moderate	18405_1_1_1	18.0	5.0	0.0	0.0
18409_1_1_1	18409_1_1_1	18409_1_1_1	3000081.0	3000081.0	0.0	moderate	18409_1_1_1	27.0	3.0	0.0	0.0
18411_1_1_1	18411_1_1_1	18411_1_1_1	4001064.0	4001064.0	0.0	strict	18411_1_1_1	152.0	7.0	0.0	0.45
18412_1_1_1	18412_1_1_1	18412_1_1_1	3000765.2594742877	3000765.2594742877	0.0	moderate	18412_1_1_1	128.0	6.0	2.7405257124	0.87
18415_1_1_1	18415_1_1_1	18415_1_1_1	3001029.0	3001029.0	0.0	moderate	18415_1_1_1	147.0	7.0	0.0	0.35
18420_1_1_1	18420_1_1_1	18420_1_1_1	3000063.0	3000063.0	0.0	moderate	18420_1_1_1	21.0	3.0	0.0	0.0
18421_1_1_1	18421_1_1_1	18421_1_1_1	4001038.010259392	4001038.010259392	0.0	strict	18421_1_1_1	208.0	5.0	1.9897406082	0.86
18421_1_1_1	18815_1_1_1	18421_1_1_1	3001122.9039730164	4001038.010259392	999915.1062863758	moderate	18815_1_1_1	225.0	5.0	2.0960269834	1.5
18440_1_1_1	18440_1_1_1	18440_1_1_1	3000115.0	3000115.0	0.0	moderate	18440_1_1_1	23.0	5.0	0.0	0.0
18443_1_1_1	18443_1_1_1	18443_1_1_1	3000868.0	3000868.0	0.0	moderate	18443_1_1_1	124.0	7.0	0.0	1.02
18449_1_1_1	18449_1_1_1	18449_1_1_1	3000231.0	3000231.0	0.0	moderate	18449_1_1_1	33.0	7.0	0.0	3.68
18455_1_1_1	18455_1_1_1	18455_1_1_1	3000637.0	3000637.0	0.0	moderate	18455_1_1_1	91.0	7.0	0.0	0.79
18455_1_1_1	18431_1_1_1	18455_1_1_1	3000603.0109231854	3000637.0	33.989076814614236	moderate	18431_1_1_1	101.0	6.0	2.9890768147	0.58
18463_1_1_1	18463_1_1_1	18463_1_1_1	3000234.0	3000234.0	0.0	moderate	18463_1_1_1	39.0	6.0	0.0	0.0
18468_1_1_1	18468_1_1_1	18468_1_1_1	4000593.041343264	4000593.041343264	0.0	strict	18468_1_1_1	85.0	7.0	1.958656736	0.36
18469_1_1_1	17175_1_1_1	17175_1_1_1	3000560.0	3000560.0	0.0	moderate	17175_1_1_1	80.0	7.0	0.0	0.66
18469_1_1_1	18469_1_1_1	17175_1_1_1	3000511.0	3000560.0	49.0	moderate	18469_1_1_1	73.0	7.0	0.0	0.34
18472_1_1_1	18472_1_1_1	18472_1_1_1	3000502.2305689165	3000502.2305689165	0.0	moderate	18472_1_1_1	101.0	5.0	2.7694310834	1.27
18485_1_1_1	18485_1_1_1	18485_1_1_1	3000756.0	3000756.0	0.0	moderate	18485_1_1_1	108.0	7.0	0.0	0.41
18487_1_1_1	18487_1_1_1	18487_1_1_1	3000654.0	3000654.0	0.0	moderate	18487_1_1_1	109.0	6.0	0.0	1.05
18488_1_1_1	18488_1_1_1	18488_1_1_1	3000802.333085784	3000802.333085784	0.0	moderate	18488_1_1_1	115.0	7.0	2.6669142163	1.23
18489_1_1_1	18489_1_1_1	18489_1_1_1	3000672.0	3000672.0	0.0	moderate	18489_1_1_1	96.0	7.0	0.0	0.73
18491_1_1_1	18491_1_1_1	18491_1_1_1	3000180.0	3000180.0	0.0	moderate	18491_1_1_1	60.0	3.0	0.0	0.0
18492_1_1_1	18492_1_1_1	18492_1_1_1	3000434.0	3000434.0	0.0	moderate	18492_1_1_1	62.0	7.0	0.0	0.61
18495_1_1_1	18495_1_1_1	18495_1_1_1	3000437.6323462194	3000437.6323462194	0.0	moderate	18495_1_1_1	110.0	4.0	2.3676537808	0.0
18504_1_1_1	18504_1_1_1	18504_1_1_1	4000931.0	4000931.0	0.0	strict	18504_1_1_1	133.0	7.0	0.0	1.07
18511_1_1_1	18511_1_1_1	18511_1_1_1	3000553.0	3000553.0	0.0	moderate	18511_1_1_1	79.0	7.0	0.0	3.25
18517_1_1_1	18517_1_1_1	18517_1_1_1	3001530.686509941	3001530.686509941	0.0	moderate	18517_1_1_1	219.0	7.0	2.3134900594	0.5
18519_1_1_1	18519_1_1_1	18519_1_1_1	4000090.0	4000090.0	0.0	strict	18519_1_1_1	18.0	5.0	0.0	0.0
18530_1_1_1	18530_1_1_1	18530_1_1_1	3000889.0	3000889.0	0.0	moderate	18530_1_1_1	127.0	7.0	0.0	1.04
18533_1_1_1	18533_1_1_1	18533_1_1_1	4000966.0	4000966.0	0.0	strict	18533_1_1_1	161.0	6.0	0.0	0.49
18533_1_1_1	6722_1_1_1	18533_1_1_1	3000800.0	4000966.0	1000166.0	moderate	6722_1_1_1	160.0	5.0	0.0	0.56
18535_1_1_1	18535_1_1_1	18535_1_1_1	4000616.0	4000616.0	0.0	strict	18535_1_1_1	88.0	7.0	0.0	0.61
18538_1_1_1	18538_1_1_1	18538_1_1_1	3000105.0	3000105.0	0.0	moderate	18538_1_1_1	21.0	5.0	0.0	0.0
18539_1_1_1	18539_1_1_1	18539_1_1_1	4000816.0	4000816.0	0.0	strict	18539_1_1_1	136.0	6.0	0.0	0.36
18540_1_1_1	25762_1_1_1	25762_1_1_1	3000901.057328776	3000901.057328776	0.0	moderate	25762_1_1_1	129.0	7.0	1.942671224	1.55
18540_1_1_1	18540_1_1_1	25762_1_1_1	3000711.2634565705	3000901.057328776	189.79387220554054	moderate	18540_1_1_1	119.0	6.0	2.7365434296	1.16
18540_1_1_1	18541_1_1_1	25762_1_1_1	3000693.643243084	3000901.057328776	207.41408569179475	moderate	18541_1_1_1	116.0	6.0	2.3567569157	0.94
18542_1_1_1	18542_1_1_1	18542_1_1_1	3000112.0	3000112.0	0.0	moderate	18542_1_1_1	28.0	4.0	0.0	0.0
18548_1_1_1	18548_1_1_1	18548_1_1_1	4000966.0	4000966.0	0.0	strict	18548_1_1_1	138.0	7.0	0.0	0.79
18560_1_1_1	19077_1_1_1	19077_1_1_1	3000851.6484069163	3000851.6484069163	0.0	moderate	19077_1_1_1	122.0	7.0	2.3515930836	1.04
18560_1_1_1	18560_1_1_1	19077_1_1_1	3000767.547409225	3000851.6484069163	84.10099769150838	moderate	18560_1_1_1	110.0	7.0	2.452590775	1.14
18562_1_1_1	18562_1_1_1	18562_1_1_1	4000567.0	4000567.0	0.0	strict	18562_1_1_1	81.0	7.0	0.0	0.69
18563_1_1_1	18563_1_1_1	18563_1_1_1	3000623.0	3000623.0	0.0	moderate	18563_1_1_1	89.0	7.0	0.0	2.01
18565_1_1_1	18565_1_1_1	18565_1_1_1	4000602.0	4000602.0	0.0	strict	18565_1_1_1	86.0	7.0	0.0	0.5
18568_1_1_1	18568_1_1_1	18568_1_1_1	3000190.0	3000190.0	0.0	moderate	18568_1_1_1	38.0	5.0	0.0	0.54
18569_1_1_1	18569_1_1_1	18569_1_1_1	4000791.0	4000791.0	0.0	strict	18569_1_1_1	113.0	7.0	0.0	0.93
18571_1_1_1	18571_1_1_1	18571_1_1_1	3000525.0	3000525.0	0.0	moderate	18571_1_1_1	75.0	7.0	0.0	0.5
18574_1_1_1	18574_1_1_1	18574_1_1_1	4001253.0	4001253.0	0.0	strict	18574_1_1_1	179.0	7.0	0.0	0.96
18574_1_1_1	18575_1_1_1	18574_1_1_1	4001253.0	4001253.0	0.0	strict	18575_1_1_1	179.0	7.0	0.0	1.23
18574_1_1_1	17647_1_1_1	18574_1_1_1	3000750.0	4001253.0	1000503.0	moderate	17647_1_1_1	150.0	5.0	0.0	1.56
18576_1_1_1	18576_1_1_1	18576_1_1_1	3000530.0	3000530.0	0.0	moderate	18576_1_1_1	106.0	5.0	0.0	2.3
18581_1_1_1	18581_1_1_1	18581_1_1_1	3000343.0	3000343.0	0.0	moderate	18581_1_1_1	49.0	7.0	0.0	0.78
18588_1_1_1	18588_1_1_1	18588_1_1_1	3001570.0	3001570.0	0.0	moderate	18588_1_1_1	314.0	5.0	0.0	0.88
18589_1_1_1	18589_1_1_1	18589_1_1_1	3000651.0	3000651.0	0.0	moderate	18589_1_1_1	93.0	7.0	0.0	0.42
18598_1_1_1	18598_1_1_1	18598_1_1_1	3000505.0	3000505.0	0.0	moderate	18598_1_1_1	101.0	5.0	0.0	0.58
18599_1_1_1	18599_1_1_1	18599_1_1_1	4000875.0	4000875.0	0.0	strict	18599_1_1_1	125.0	7.0	0.0	0.8
18600_2_1_1	18600_2_1_1	18600_2_1_1	4000238.0	4000238.0	0.0	strict	18600_2_1_1	34.0	7.0	0.0	1.12
18601_1_1_1	18601_1_1_1	18601_1_1_1	3001120.0	3001120.0	0.0	moderate	18601_1_1_1	280.0	4.0	0.0	2.18
18604_1_1_1	18604_1_1_1	18604_1_1_1	4000868.0	4000868.0	0.0	strict	18604_1_1_1	124.0	7.0	0.0	0.75
18606_1_1_1	18606_1_1_1	18606_1_1_1	4000462.0	4000462.0	0.0	strict	18606_1_1_1	77.0	6.0	0.0	1.23
18607_1_1_1	18607_1_1_1	18607_1_1_1	4000539.0	4000539.0	0.0	strict	18607_1_1_1	77.0	7.0	0.0	1.23
18612_1_1_1	18612_1_1_1	18612_1_1_1	3000915.9692740855	3000915.9692740855	0.0	moderate	18612_1_1_1	153.0	6.0	2.0307259147	1.22
18613_1_1_1	18613_1_1_1	18613_1_1_1	4001014.0	4001014.0	0.0	strict	18613_1_1_1	169.0	6.0	0.0	1.51
18613_1_1_1	52671_1_1_1	18613_1_1_1	3001278.641352157	4001014.0	999735.3586478429	moderate	52671_1_1_1	183.0	7.0	2.3586478428	0.86
18618_1_1_1	18618_1_1_1	18618_1_1_1	3000108.0	3000108.0	0.0	moderate	18618_1_1_1	18.0	6.0	0.0	0.0
18620_1_1_1	18620_1_1_1	18620_1_1_1	3000676.6458559227	3000676.6458559227	0.0	moderate	18620_1_1_1	97.0	7.0	2.3541440774	0.7
18621_1_1_1	18621_1_1_1	18621_1_1_1	4000609.0	4000609.0	0.0	strict	18621_1_1_1	87.0	7.0	0.0	1.1
18624_1_1_1	18624_1_1_1	18624_1_1_1	4000777.0	4000777.0	0.0	strict	18624_1_1_1	111.0	7.0	0.0	0.26
18628_1_1_1	18628_1_1_1	18628_1_1_1	3001008.0	3001008.0	0.0	moderate	18628_1_1_1	144.0	7.0	0.0	1.1
18634_1_1_1	18634_1_1_1	18634_1_1_1	3000301.0	3000301.0	0.0	moderate	18634_1_1_1	43.0	7.0	0.0	0.92
18636_1_1_1	18636_1_1_1	18636_1_1_1	4000896.0	4000896.0	0.0	strict	18636_1_1_1	128.0	7.0	0.0	0.55
18637_2_1_1	18637_2_1_1	18637_2_1_1	4001092.0	4001092.0	0.0	strict	18637_2_1_1	156.0	7.0	0.0	0.63
18647_1_1_1	18647_1_1_1	18647_1_1_1	4001512.0	4001512.0	0.0	strict	18647_1_1_1	216.0	7.0	0.0	1.11
18653_1_1_1	18653_1_1_1	18653_1_1_1	3000952.0	3000952.0	0.0	moderate	18653_1_1_1	136.0	7.0	0.0	2.12
18655_1_1_1	18655_1_1_1	18655_1_1_1	3000120.0	3000120.0	0.0	moderate	18655_1_1_1	30.0	4.0	0.0	0.0
18662_1_1_1	18662_1_1_1	18662_1_1_1	3000406.0	3000406.0	0.0	moderate	18662_1_1_1	58.0	7.0	0.0	0.3
18665_1_1_1	18665_1_1_1	18665_1_1_1	4000600.0	4000600.0	0.0	strict	18665_1_1_1	120.0	5.0	0.0	2.98
18668_1_1_1	18668_1_1_1	18668_1_1_1	4000380.0	4000380.0	0.0	strict	18668_1_1_1	76.0	5.0	0.0	0.27
18669_1_1_1	18342_1_1_1	18342_1_1_1	3000613.5105215977	3000613.5105215977	0.0	moderate	18342_1_1_1	88.0	7.0	2.4894784025	0.96
18669_1_1_1	18669_1_1_1	18342_1_1_1	3000474.0	3000613.5105215977	139.5105215976946	moderate	18669_1_1_1	79.0	6.0	0.0	1.54
18670_1_1_1	18670_1_1_1	18670_1_1_1	3000483.0	3000483.0	0.0	moderate	18670_1_1_1	69.0	7.0	0.0	0.72
18672_1_1_1	18672_1_1_1	18672_1_1_1	3000690.677008788	3000690.677008788	0.0	moderate	18672_1_1_1	99.0	7.0	2.3229912119	0.98
18673_1_1_1	18673_1_1_1	18673_1_1_1	3000753.502062214	3000753.502062214	0.0	moderate	18673_1_1_1	108.0	7.0	2.4979377857	0.75
18676_1_1_1	18676_1_1_1	18676_1_1_1	3000460.8278308725	3000460.8278308725	0.0	moderate	18676_1_1_1	77.0	6.0	1.1721691276	0.44
18681_1_1_1	18681_1_1_1	18681_1_1_1	3001086.0	3001086.0	0.0	moderate	18681_1_1_1	181.0	6.0	0.0	0.18
18684_1_1_1	5264_1_1_1	5264_1_1_1	3000129.0	3000129.0	0.0	moderate	5264_1_1_1	43.0	3.0	0.0	0.0
18684_1_1_1	18684_1_1_1	5264_1_1_1	3000087.0	3000129.0	42.0	moderate	18684_1_1_1	29.0	3.0	0.0	0.0
18691_1_1_1	18691_1_1_1	18691_1_1_1	4000448.0	4000448.0	0.0	strict	18691_1_1_1	112.0	4.0	0.0	0.13
18692_1_1_1	18692_1_1_1	18692_1_1_1	4000518.0	4000518.0	0.0	strict	18692_1_1_1	74.0	7.0	0.0	1.75
1869_1_1_1	1869_1_1_1	1869_1_1_1	3000232.2130961665	3000232.2130961665	0.0	moderate	1869_1_1_1	78.0	3.0	1.7869038333	0.0
18701_1_1_1	18701_1_1_1	18701_1_1_1	4001036.0	4001036.0	0.0	strict	18701_1_1_1	148.0	7.0	0.0	0.51
18704_1_1_1	18704_1_1_1	18704_1_1_1	4000585.0	4000585.0	0.0	strict	18704_1_1_1	117.0	5.0	0.0	2.46
18707_1_1_1	18707_1_1_1	18707_1_1_1	4000498.0	4000498.0	0.0	strict	18707_1_1_1	83.0	6.0	0.0	0.42
18711_1_1_1	18711_1_1_1	18711_1_1_1	4000582.0	4000582.0	0.0	strict	18711_1_1_1	97.0	6.0	0.0	0.48
18712_1_1_1	18712_1_1_1	18712_1_1_1	3000834.0	3000834.0	0.0	moderate	18712_1_1_1	139.0	6.0	0.0	0.85
18717_1_1_1	18717_1_1_1	18717_1_1_1	3000896.0	3000896.0	0.0	moderate	18717_1_1_1	128.0	7.0	0.0	0.42
18725_1_1_1	18725_1_1_1	18725_1_1_1	3000571.4951427975	3000571.4951427975	0.0	moderate	18725_1_1_1	82.0	7.0	2.5048572024	2.75
18728_1_1_1	18728_1_1_1	18728_1_1_1	3001264.0930234096	3001264.0930234096	0.0	moderate	18728_1_1_1	181.0	7.0	2.9069765904	1.06
18729_1_1_1	26004_1_1_1	26004_1_1_1	4000238.0	4000238.0	0.0	strict	26004_1_1_1	34.0	7.0	0.0	0.73
18729_1_1_1	18729_1_1_1	26004_1_1_1	4000210.0	4000238.0	28.0	strict	18729_1_1_1	30.0	7.0	0.0	0.0
18734_1_1_1	18734_1_1_1	18734_1_1_1	4000588.0	4000588.0	0.0	strict	18734_1_1_1	98.0	6.0	0.0	2.25
18738_1_1_1	18738_1_1_1	18738_1_1_1	3001115.0	3001115.0	0.0	moderate	18738_1_1_1	223.0	5.0	0.0	0.81
18748_1_1_1	18748_1_1_1	18748_1_1_1	3000280.0	3000280.0	0.0	moderate	18748_1_1_1	56.0	5.0	0.0	0.89
18753_1_1_1	18753_1_1_1	18753_1_1_1	4000448.0	4000448.0	0.0	strict	18753_1_1_1	64.0	7.0	0.0	0.49
18756_1_1_1	18760_1_1_1	18760_1_1_1	3000609.651951193	3000609.651951193	0.0	moderate	18760_1_1_1	204.0	3.0	2.3480488071	0.0
18756_1_1_1	18756_1_1_1	18760_1_1_1	3000486.0	3000609.651951193	123.65195119287819	moderate	18756_1_1_1	162.0	3.0	0.0	0.0
18756_1_1_1	18759_1_1_1	18760_1_1_1	3000442.3459842727	3000609.651951193	167.30596692021936	moderate	18759_1_1_1	148.0	3.0	1.6540157275	0.0
18761_1_1_1	18761_1_1_1	18761_1_1_1	4000910.0	4000910.0	0.0	strict	18761_1_1_1	130.0	7.0	0.0	0.78
18761_1_1_1	10235_1_1_1	18761_1_1_1	3000893.1355868615	4000910.0	1000016.8644131385	moderate	10235_1_1_1	128.0	7.0	2.8644131385	1.02
18763_1_1_1	18763_1_1_1	18763_1_1_1	3000287.0	3000287.0	0.0	moderate	18763_1_1_1	41.0	7.0	0.0	0.89
18765_1_1_1	18765_1_1_1	18765_1_1_1	3000662.1671801284	3000662.1671801284	0.0	moderate	18765_1_1_1	95.0	7.0	2.8328198716	0.77
18766_1_1_1	18766_1_1_1	18766_1_1_1	3000135.0	3000135.0	0.0	moderate	18766_1_1_1	27.0	5.0	0.0	0.0
18769_1_1_1	18769_1_1_1	18769_1_1_1	3000120.0	3000120.0	0.0	moderate	18769_1_1_1	24.0	5.0	0.0	0.7
18770_1_1_1	18770_1_1_1	18770_1_1_1	3000329.0	3000329.0	0.0	moderate	18770_1_1_1	47.0	7.0	0.0	0.0
18770_1_1_1	18771_1_1_1	18770_1_1_1	3000176.0	3000329.0	153.0	moderate	18771_1_1_1	44.0	4.0	0.0	0.0
18772_1_1_1	18772_1_1_1	18772_1_1_1	4000410.0	4000410.0	0.0	strict	18772_1_1_1	82.0	5.0	0.0	0.37
18774_1_1_1	18774_1_1_1	18774_1_1_1	3001117.755062243	3001117.755062243	0.0	moderate	18774_1_1_1	224.0	5.0	2.2449377564	0.65
18779_1_1_1	18779_1_1_1	18779_1_1_1	4001165.0	4001165.0	0.0	strict	18779_1_1_1	233.0	5.0	0.0	0.65
18782_1_1_1	18782_1_1_1	18782_1_1_1	4000350.0	4000350.0	0.0	strict	18782_1_1_1	50.0	7.0	0.0	2.36
18783_1_1_1	18783_1_1_1	18783_1_1_1	3000175.0	3000175.0	0.0	moderate	18783_1_1_1	35.0	5.0	0.0	0.0
18783_1_1_1	18300_1_1_1	18783_1_1_1	3000175.0	3000175.0	0.0	moderate	18300_1_1_1	35.0	5.0	0.0	0.0
18783_1_1_1	18784_1_1_1	18783_1_1_1	3000165.0	3000175.0	10.0	moderate	18784_1_1_1	33.0	5.0	0.0	0.0
18783_1_1_1	25598_1_1_1	18783_1_1_1	3000155.0	3000175.0	20.0	moderate	25598_1_1_1	31.0	5.0	0.0	0.0
18783_1_1_1	18965_1_1_1	18783_1_1_1	3000155.0	3000175.0	20.0	moderate	18965_1_1_1	31.0	5.0	0.0	0.0
18783_1_1_1	25653_1_1_1	18783_1_1_1	3000150.0	3000175.0	25.0	moderate	25653_1_1_1	30.0	5.0	0.0	0.0
18786_1_1_1	18785_1_1_1	18785_1_1_1	3000449.627683591	3000449.627683591	0.0	moderate	18785_1_1_1	113.0	4.0	2.372316409	1.41
18786_1_1_1	18786_1_1_1	18785_1_1_1	3000449.5010633445	3000449.627683591	0.12662024656310678	moderate	18786_1_1_1	113.0	4.0	2.4989366553	1.41
18791_1_1_1	18791_1_1_1	18791_1_1_1	3001267.7915798435	3001267.7915798435	0.0	moderate	18791_1_1_1	254.0	5.0	2.2084201565	1.37
18794_1_1_1	18794_1_1_1	18794_1_1_1	4000441.0	4000441.0	0.0	strict	18794_1_1_1	63.0	7.0	0.0	0.68
18796_1_1_1	4936_1_1_1	4936_1_1_1	3000730.0	3000730.0	0.0	moderate	4936_1_1_1	146.0	5.0	0.0	1.14
18796_1_1_1	18796_1_1_1	4936_1_1_1	3000700.0	3000730.0	30.0	moderate	18796_1_1_1	140.0	5.0	0.0	1.21
18796_1_1_1	27315_1_1_1	4936_1_1_1	3000417.0	3000730.0	313.0	moderate	27315_1_1_1	139.0	3.0	0.0	0.0
18799_1_1_1	18798_1_1_1	18798_1_1_1	3001143.9456561483	3001143.9456561483	0.0	moderate	18798_1_1_1	229.0	5.0	1.0543438516	0.91
18799_1_1_1	18799_1_1_1	18798_1_1_1	3001040.0	3001143.9456561483	103.94565614825115	moderate	18799_1_1_1	208.0	5.0	0.0	0.79
18801_1_1_1	18801_1_1_1	18801_1_1_1	4000637.0	4000637.0	0.0	strict	18801_1_1_1	91.0	7.0	0.0	2.43
18807_1_1_1	18807_1_1_1	18807_1_1_1	3000817.6966734817	3000817.6966734817	0.0	moderate	18807_1_1_1	164.0	5.0	2.3033265184	0.89
18811_1_1_1	18811_1_1_1	18811_1_1_1	4000630.0	4000630.0	0.0	strict	18811_1_1_1	105.0	6.0	0.0	0.92
18817_1_1_1	18817_1_1_1	18817_1_1_1	4000805.0	4000805.0	0.0	strict	18817_1_1_1	115.0	7.0	0.0	0.93
18819_1_1_1	18819_1_1_1	18819_1_1_1	4000553.0	4000553.0	0.0	strict	18819_1_1_1	79.0	7.0	0.0	0.39
18822_1_1_1	18822_1_1_1	18822_1_1_1	3000130.0	3000130.0	0.0	moderate	18822_1_1_1	26.0	5.0	0.0	0.0
18823_1_1_1	18823_1_1_1	18823_1_1_1	3000872.5712369024	3000872.5712369024	0.0	moderate	18823_1_1_1	125.0	7.0	2.4287630974	1.33
18829_1_1_1	18829_1_1_1	18829_1_1_1	4000400.0	4000400.0	0.0	strict	18829_1_1_1	100.0	4.0	0.0	0.0
18830_1_1_1	18830_1_1_1	18830_1_1_1	3000063.0	3000063.0	0.0	moderate	18830_1_1_1	21.0	3.0	0.0	0.0
18832_1_1_1	18832_1_1_1	18832_1_1_1	3000426.0	3000426.0	0.0	moderate	18832_1_1_1	71.0	6.0	0.0	0.38
18841_1_1_1	18841_1_1_1	18841_1_1_1	3000480.136280808	3000480.136280808	0.0	moderate	18841_1_1_1	69.0	7.0	2.863719192	1.01
18843_1_1_1	18843_1_1_1	18843_1_1_1	3000935.8530627303	3000935.8530627303	0.0	moderate	18843_1_1_1	134.0	7.0	2.1469372696	0.98
18845_1_1_1	25885_1_1_1	25885_1_1_1	3000711.2137038517	3000711.2137038517	0.0	moderate	25885_1_1_1	102.0	7.0	2.7862961481	0.44
18845_1_1_1	18845_1_1_1	25885_1_1_1	3000665.0	3000711.2137038517	46.2137038516812	moderate	18845_1_1_1	95.0	7.0	0.0	0.52
18853_1_1_1	18853_1_1_1	18853_1_1_1	3001664.3213483854	3001664.3213483854	0.0	moderate	18853_1_1_1	238.0	7.0	1.6786516145	1.09
18854_1_1_1	18854_1_1_1	18854_1_1_1	4000440.0	4000440.0	0.0	strict	18854_1_1_1	88.0	5.0	0.0	0.67
18854_1_1_1	16033_1_1_1	18854_1_1_1	3000630.0	4000440.0	999810.0	moderate	16033_1_1_1	90.0	7.0	0.0	1.77
18854_1_1_1	4430_1_1_1	18854_1_1_1	3000528.0	4000440.0	999912.0	moderate	4430_1_1_1	88.0	6.0	0.0	0.44
1885_1_1_1	1885_1_1_1	1885_1_1_1	3000114.0	3000114.0	0.0	moderate	1885_1_1_1	38.0	3.0	0.0	0.0
1886_1_1_1	1886_1_1_1	1886_1_1_1	3000066.0	3000066.0	0.0	moderate	1886_1_1_1	22.0	3.0	0.0	0.0
18879_1_1_1	18879_1_1_1	18879_1_1_1	3000072.0	3000072.0	0.0	moderate	18879_1_1_1	18.0	4.0	0.0	0.0
18879_1_1_1	18809_1_1_1	18879_1_1_1	3000060.0	3000072.0	12.0	moderate	18809_1_1_1	20.0	3.0	0.0	0.0
18880_1_1_1	18880_1_1_1	18880_1_1_1	3000578.132012496	3000578.132012496	0.0	moderate	18880_1_1_1	83.0	7.0	2.8679875036	0.87
18882_1_1_1	18882_1_1_1	18882_1_1_1	4001148.0	4001148.0	0.0	strict	18882_1_1_1	164.0	7.0	0.0	0.86
18883_1_1_1	18883_1_1_1	18883_1_1_1	3001162.0	3001162.0	0.0	moderate	18883_1_1_1	166.0	7.0	0.0	0.54
18887_1_1_1	18887_1_1_1	18887_1_1_1	4000728.0	4000728.0	0.0	strict	18887_1_1_1	104.0	7.0	0.0	1.05
18895_1_1_1	18895_1_1_1	18895_1_1_1	3000956.0982720004	3000956.0982720004	0.0	moderate	18895_1_1_1	137.0	7.0	2.9017279994	1.48
18896_1_1_1	18896_1_1_1	18896_1_1_1	3000392.0	3000392.0	0.0	moderate	18896_1_1_1	56.0	7.0	0.0	3.25
18899_1_1_1	18899_1_1_1	18899_1_1_1	3000868.0	3000868.0	0.0	moderate	18899_1_1_1	124.0	7.0	0.0	0.26
18904_1_1_1	18904_1_1_1	18904_1_1_1	4000876.0	4000876.0	0.0	strict	18904_1_1_1	146.0	6.0	0.0	1.2
18908_1_1_1	18908_1_1_1	18908_1_1_1	3000805.0	3000805.0	0.0	moderate	18908_1_1_1	115.0	7.0	0.0	1.59
18910_1_1_1	18910_1_1_1	18910_1_1_1	3000360.0	3000360.0	0.0	moderate	18910_1_1_1	60.0	6.0	0.0	0.35
18917_1_1_1	18917_1_1_1	18917_1_1_1	3000476.0	3000476.0	0.0	moderate	18917_1_1_1	68.0	7.0	0.0	0.34
18920_1_1_1	18920_1_1_1	18920_1_1_1	4000420.0	4000420.0	0.0	strict	18920_1_1_1	60.0	7.0	0.0	0.93
18922_1_1_1	18922_1_1_1	18922_1_1_1	3000847.0	3000847.0	0.0	moderate	18922_1_1_1	121.0	7.0	0.0	1.53
18926_1_1_1	18926_1_1_1	18926_1_1_1	3000090.0	3000090.0	0.0	moderate	18926_1_1_1	30.0	3.0	0.0	0.0
18933_1_1_1	18933_1_1_1	18933_1_1_1	4000765.0	4000765.0	0.0	strict	18933_1_1_1	153.0	5.0	0.0	1.18
18939_1_1_1	18939_1_1_1	18939_1_1_1	4000301.0	4000301.0	0.0	strict	18939_1_1_1	43.0	7.0	0.0	2.01
18941_1_1_1	18941_1_1_1	18941_1_1_1	3001074.0	3001074.0	0.0	moderate	18941_1_1_1	179.0	6.0	0.0	0.47
18945_1_1_1	18945_1_1_1	18945_1_1_1	3000350.0	3000350.0	0.0	moderate	18945_1_1_1	50.0	7.0	0.0	0.88
18946_1_1_1	18946_1_1_1	18946_1_1_1	3000252.0	3000252.0	0.0	moderate	18946_1_1_1	36.0	7.0	0.0	0.0
18954_1_1_1	18954_1_1_1	18954_1_1_1	4000550.1381227584	4000550.1381227584	0.0	strict	18954_1_1_1	92.0	6.0	1.8618772415	2.41
18961_1_1_1	18961_1_1_1	18961_1_1_1	3000644.0	3000644.0	0.0	moderate	18961_1_1_1	92.0	7.0	0.0	0.53
18966_1_1_1	25969_1_1_1	25969_1_1_1	4000819.0	4000819.0	0.0	strict	25969_1_1_1	117.0	7.0	0.0	0.4
18966_1_1_1	18966_1_1_1	25969_1_1_1	4000735.0	4000819.0	84.0	strict	18966_1_1_1	105.0	7.0	0.0	0.58
18986_1_1_1	18986_1_1_1	18986_1_1_1	4000593.4867687263	4000593.4867687263	0.0	strict	18986_1_1_1	85.0	7.0	1.5132312734	0.84
18987_1_1_1	18987_1_1_1	18987_1_1_1	3000777.0	3000777.0	0.0	moderate	18987_1_1_1	111.0	7.0	0.0	0.69
18988_1_1_1	18988_1_1_1	18988_1_1_1	3000855.0	3000855.0	0.0	moderate	18988_1_1_1	171.0	5.0	0.0	0.4
18989_1_1_1	18989_1_1_1	18989_1_1_1	3001099.0	3001099.0	0.0	moderate	18989_1_1_1	157.0	7.0	0.0	1.12
18993_1_1_1	18993_1_1_1	18993_1_1_1	3000655.0	3000655.0	0.0	moderate	18993_1_1_1	131.0	5.0	0.0	0.9
18999_1_1_1	18999_1_1_1	18999_1_1_1	3000081.0	3000081.0	0.0	moderate	18999_1_1_1	27.0	3.0	0.0	0.0
19000_1_1_1	19000_1_1_1	19000_1_1_1	3000553.0	3000553.0	0.0	moderate	19000_1_1_1	79.0	7.0	0.0	0.27
19002_1_1_1	19002_1_1_1	19002_1_1_1	3000508.038754443	3000508.038754443	0.0	moderate	19002_1_1_1	73.0	7.0	2.9612455566	0.95
19006_1_1_1	19006_1_1_1	19006_1_1_1	4000784.0	4000784.0	0.0	strict	19006_1_1_1	112.0	7.0	0.0	0.51
19007_1_1_1	19007_1_1_1	19007_1_1_1	4000672.0	4000672.0	0.0	strict	19007_1_1_1	96.0	7.0	0.0	1.49
19010_1_1_1	19010_1_1_1	19010_1_1_1	3000885.0	3000885.0	0.0	moderate	19010_1_1_1	177.0	5.0	0.0	1.54
19012_1_1_1	19012_1_1_1	19012_1_1_1	4000582.0	4000582.0	0.0	strict	19012_1_1_1	97.0	6.0	0.0	2.53
19014_1_1_1	19014_1_1_1	19014_1_1_1	3000742.0	3000742.0	0.0	moderate	19014_1_1_1	106.0	7.0	0.0	0.15
19023_1_1_1	19023_1_1_1	19023_1_1_1	3000529.1090160953	3000529.1090160953	0.0	moderate	19023_1_1_1	76.0	7.0	2.8909839047	0.79
19027_1_1_1	19027_1_1_1	19027_1_1_1	3000378.0	3000378.0	0.0	moderate	19027_1_1_1	54.0	7.0	0.0	1.5
19028_1_1_1	19028_1_1_1	19028_1_1_1	3000410.0	3000410.0	0.0	moderate	19028_1_1_1	82.0	5.0	0.0	0.17
19034_1_1_1	19034_1_1_1	19034_1_1_1	4000618.0	4000618.0	0.0	strict	19034_1_1_1	103.0	6.0	0.0	2.35
19041_1_1_1	19041_1_1_1	19041_1_1_1	3000245.0	3000245.0	0.0	moderate	19041_1_1_1	35.0	7.0	0.0	0.6
19041_1_1_1	19531_1_1_1	19041_1_1_1	3000245.0	3000245.0	0.0	moderate	19531_1_1_1	35.0	7.0	0.0	0.59
19041_1_1_1	19532_1_1_1	19041_1_1_1	3000245.0	3000245.0	0.0	moderate	19532_1_1_1	35.0	7.0	0.0	0.7
19042_1_1_1	19042_1_1_1	19042_1_1_1	4000896.0	4000896.0	0.0	strict	19042_1_1_1	128.0	7.0	0.0	0.33
19044_1_1_1	19044_1_1_1	19044_1_1_1	4000658.0	4000658.0	0.0	strict	19044_1_1_1	94.0	7.0	0.0	0.8
19055_1_1_1	19055_1_1_1	19055_1_1_1	4000468.231049787	4000468.231049787	0.0	strict	19055_1_1_1	94.0	5.0	1.7689502134	4.07
19055_1_1_1	16165_1_1_1	19055_1_1_1	3000467.12698151	4000468.231049787	1000001.1040682769	moderate	16165_1_1_1	94.0	5.0	2.8730184901	1.3
19055_1_1_1	27270_1_1_1	19055_1_1_1	3000462.0209194603	4000468.231049787	1000006.2101303264	moderate	27270_1_1_1	93.0	5.0	2.9790805398	1.35
19056_1_1_1	19056_1_1_1	19056_1_1_1	4000852.0	4000852.0	0.0	strict	19056_1_1_1	142.0	6.0	0.0	0.75
19057_1_1_1	19057_1_1_1	19057_1_1_1	3000057.0	3000057.0	0.0	moderate	19057_1_1_1	19.0	3.0	0.0	0.0
19057_1_1_1	18915_1_1_1	19057_1_1_1	3000057.0	3000057.0	0.0	moderate	18915_1_1_1	19.0	3.0	0.0	0.0
19067_1_1_1	19067_1_1_1	19067_1_1_1	4001428.0	4001428.0	0.0	strict	19067_1_1_1	204.0	7.0	0.0	0.33
19068_1_1_1	19068_1_1_1	19068_1_1_1	3000606.976042183	3000606.976042183	0.0	moderate	19068_1_1_1	87.0	7.0	2.0239578167	0.93
19078_1_1_1	19078_1_1_1	19078_1_1_1	3001188.6115037473	3001188.6115037473	0.0	moderate	19078_1_1_1	170.0	7.0	1.3884962526	1.13
19085_1_1_1	19085_1_1_1	19085_1_1_1	3000228.0	3000228.0	0.0	moderate	19085_1_1_1	38.0	6.0	0.0	0.0
19088_1_1_1	19088_1_1_1	19088_1_1_1	3000684.0	3000684.0	0.0	moderate	19088_1_1_1	171.0	4.0	0.0	0.0
19095_1_1_1	19095_1_1_1	19095_1_1_1	4000805.0	4000805.0	0.0	strict	19095_1_1_1	115.0	7.0	0.0	0.8
19095_1_1_1	50523_1_1_1	19095_1_1_1	3000847.0	4000805.0	999958.0	moderate	50523_1_1_1	121.0	7.0	0.0	0.5
19101_1_1_1	19094_1_1_1	19094_1_1_1	3000126.0	3000126.0	0.0	moderate	19094_1_1_1	42.0	3.0	0.0	0.0
19101_1_1_1	19101_1_1_1	19094_1_1_1	3000123.0	3000126.0	3.0	moderate	19101_1_1_1	41.0	3.0	0.0	0.0
19106_1_1_1	19106_1_1_1	19106_1_1_1	3001096.2519546687	3001096.2519546687	0.0	moderate	19106_1_1_1	157.0	7.0	2.7480453314	0.24
19107_1_1_1	19107_1_1_1	19107_1_1_1	4001594.0904438426	4001594.0904438426	0.0	strict	19107_1_1_1	228.0	7.0	1.9095561574	0.37
19110_1_1_1	19110_1_1_1	19110_1_1_1	4000588.0	4000588.0	0.0	strict	19110_1_1_1	84.0	7.0	0.0	0.93
19110_1_1_1	16681_1_1_1	19110_1_1_1	3000567.0	4000588.0	1000021.0	moderate	16681_1_1_1	81.0	7.0	0.0	0.37
19111_1_1_1	19111_1_1_1	19111_1_1_1	3001047.1093984046	3001047.1093984046	0.0	moderate	19111_1_1_1	150.0	7.0	2.8906015956	1.17
1911_1_1_1	1500_1_1_1	1500_1_1_1	3000084.0	3000084.0	0.0	moderate	1500_1_1_1	28.0	3.0	0.0	0.0
1911_1_1_1	1911_1_1_1	1500_1_1_1	3000081.0	3000084.0	3.0	moderate	1911_1_1_1	27.0	3.0	0.0	0.0
19125_1_1_1	19125_1_1_1	19125_1_1_1	3000565.0	3000565.0	0.0	moderate	19125_1_1_1	113.0	5.0	0.0	2.82
19126_1_1_1	19126_1_1_1	19126_1_1_1	3001029.0	3001029.0	0.0	moderate	19126_1_1_1	147.0	7.0	0.0	0.32
19139_1_1_1	19139_1_1_1	19139_1_1_1	3000880.0	3000880.0	0.0	moderate	19139_1_1_1	176.0	5.0	0.0	0.55
19143_1_1_1	19143_1_1_1	19143_1_1_1	3001472.433797742	3001472.433797742	0.0	moderate	19143_1_1_1	295.0	5.0	2.5662022581	0.28
19148_1_1_1	19148_1_1_1	19148_1_1_1	4000313.185676521	4000313.185676521	0.0	strict	19148_1_1_1	45.0	7.0	1.8143234788	0.79
19149_1_1_1	19149_1_1_1	19149_1_1_1	4000308.0	4000308.0	0.0	strict	19149_1_1_1	44.0	7.0	0.0	1.25
19156_1_1_1	19156_1_1_1	19156_1_1_1	3001008.0	3001008.0	0.0	moderate	19156_1_1_1	144.0	7.0	0.0	2.73
19162_1_1_1	19162_1_1_1	19162_1_1_1	4000366.0	4000366.0	0.0	strict	19162_1_1_1	61.0	6.0	0.0	0.37
19169_1_1_1	19169_1_1_1	19169_1_1_1	3001043.0	3001043.0	0.0	moderate	19169_1_1_1	149.0	7.0	0.0	0.57
19181_1_1_1	19181_1_1_1	19181_1_1_1	3000264.0	3000264.0	0.0	moderate	19181_1_1_1	66.0	4.0	0.0	0.0
19184_1_1_1	19184_1_1_1	19184_1_1_1	3000072.0	3000072.0	0.0	moderate	19184_1_1_1	24.0	3.0	0.0	0.0
19186_1_1_1	19186_1_1_1	19186_1_1_1	4000231.0	4000231.0	0.0	strict	19186_1_1_1	33.0	7.0	0.0	2.49
19193_1_1_1	19193_1_1_1	19193_1_1_1	4000427.0	4000427.0	0.0	strict	19193_1_1_1	61.0	7.0	0.0	2.27
19198_1_1_1	19198_1_1_1	19198_1_1_1	4000402.0	4000402.0	0.0	strict	19198_1_1_1	67.0	6.0	0.0	2.02
19203_1_1_1	19203_1_1_1	19203_1_1_1	4000528.0	4000528.0	0.0	strict	19203_1_1_1	88.0	6.0	0.0	2.58
19203_1_1_1	25779_1_1_1	19203_1_1_1	3000276.0	4000528.0	1000252.0	moderate	25779_1_1_1	69.0	4.0	0.0	0.13
19207_1_1_1	19207_1_1_1	19207_1_1_1	4001060.0	4001060.0	0.0	strict	19207_1_1_1	212.0	5.0	0.0	0.7
19211_1_1_1	19211_1_1_1	19211_1_1_1	4000280.0	4000280.0	0.0	strict	19211_1_1_1	70.0	4.0	0.0	0.0
19211_1_1_1	19212_1_1_1	19211_1_1_1	4000280.0	4000280.0	0.0	strict	19212_1_1_1	70.0	4.0	0.0	0.0
19211_1_1_1	19210_1_1_1	19211_1_1_1	4000268.0	4000280.0	12.0	strict	19210_1_1_1	67.0	4.0	0.0	0.0
19211_1_1_1	17963_1_1_1	19211_1_1_1	4000264.0	4000280.0	16.0	strict	17963_1_1_1	66.0	4.0	0.0	0.0
19211_1_1_1	51072_1_1_1	19211_1_1_1	3000490.0	4000280.0	999790.0	moderate	51072_1_1_1	70.0	7.0	0.0	0.35
19211_1_1_1	19947_1_1_1	19211_1_1_1	3000486.0	4000280.0	999794.0	moderate	19947_1_1_1	81.0	6.0	0.0	0.66
19211_1_1_1	5117_1_1_1	19211_1_1_1	3000268.0	4000280.0	1000012.0	moderate	5117_1_1_1	67.0	4.0	0.0	0.0
19211_1_1_1	7399_1_1_1	19211_1_1_1	3000264.0	4000280.0	1000016.0	moderate	7399_1_1_1	66.0	4.0	0.0	0.0
19211_1_1_1	7400_1_1_1	19211_1_1_1	3000264.0	4000280.0	1000016.0	moderate	7400_1_1_1	66.0	4.0	0.0	0.0
19211_1_1_1	5948_1_1_1	19211_1_1_1	3000264.0	4000280.0	1000016.0	moderate	5948_1_1_1	66.0	4.0	0.0	0.0
19211_1_1_1	5949_1_1_1	19211_1_1_1	3000264.0	4000280.0	1000016.0	moderate	5949_1_1_1	66.0	4.0	0.0	0.0
19211_1_1_1	5346_1_1_1	19211_1_1_1	3000213.0	4000280.0	1000067.0	moderate	5346_1_1_1	71.0	3.0	0.0	0.0
19216_1_1_1	19216_1_1_1	19216_1_1_1	3000140.0	3000140.0	0.0	moderate	19216_1_1_1	35.0	4.0	0.0	0.0
19217_1_1_1	19217_1_1_1	19217_1_1_1	3000474.0	3000474.0	0.0	moderate	19217_1_1_1	79.0	6.0	0.0	0.3
19219_1_1_1	19219_1_1_1	19219_1_1_1	3002681.0	3002681.0	0.0	moderate	19219_1_1_1	383.0	7.0	0.0	0.99
19220_1_1_1	19220_1_1_1	19220_1_1_1	4001106.0	4001106.0	0.0	strict	19220_1_1_1	158.0	7.0	0.0	0.27
19221_1_1_1	19221_1_1_1	19221_1_1_1	4001211.0	4001211.0	0.0	strict	19221_1_1_1	173.0	7.0	0.0	0.75
19225_1_1_1	19225_1_1_1	19225_1_1_1	4000816.0	4000816.0	0.0	strict	19225_1_1_1	136.0	6.0	0.0	1.35
19234_1_1_1	19234_1_1_1	19234_1_1_1	3000582.0	3000582.0	0.0	moderate	19234_1_1_1	97.0	6.0	0.0	0.63
19235_1_1_1	19235_1_1_1	19235_1_1_1	4000994.0	4000994.0	0.0	strict	19235_1_1_1	142.0	7.0	0.0	1.46
19239_1_1_1	4330_1_1_1	4330_1_1_1	3001326.0	3001326.0	0.0	moderate	4330_1_1_1	221.0	6.0	0.0	0.0
19239_1_1_1	19239_1_1_1	4330_1_1_1	3000940.0	3001326.0	386.0	moderate	19239_1_1_1	188.0	5.0	0.0	3.53
19242_1_1_1	19242_1_1_1	19242_1_1_1	4001195.0	4001195.0	0.0	strict	19242_1_1_1	239.0	5.0	0.0	0.64
19242_1_1_1	16205_1_1_1	19242_1_1_1	3001575.0	4001195.0	999620.0	moderate	16205_1_1_1	225.0	7.0	0.0	2.77
19243_1_1_1	19243_1_1_1	19243_1_1_1	3000727.9982896065	3000727.9982896065	0.0	moderate	19243_1_1_1	146.0	5.0	2.0017103935	0.74
19244_1_1_1	19244_1_1_1	19244_1_1_1	4000500.0	4000500.0	0.0	strict	19244_1_1_1	100.0	5.0	0.0	0.23
19249_1_1_1	19249_1_1_1	19249_1_1_1	4000216.0	4000216.0	0.0	strict	19249_1_1_1	54.0	4.0	0.0	0.0
19249_1_1_1	30680_1_1_1	19249_1_1_1	3000318.0	4000216.0	999898.0	moderate	30680_1_1_1	53.0	6.0	0.0	1.27
19251_1_1_1	19251_1_1_1	19251_1_1_1	4000366.0	4000366.0	0.0	strict	19251_1_1_1	61.0	6.0	0.0	1.42
19252_1_1_1	19252_1_1_1	19252_1_1_1	4000516.0	4000516.0	0.0	strict	19252_1_1_1	86.0	6.0	0.0	0.32
19267_1_1_1	19267_1_1_1	19267_1_1_1	4000912.0	4000912.0	0.0	strict	19267_1_1_1	152.0	6.0	0.0	0.21
19269_1_1_1	19269_1_1_1	19269_1_1_1	3000187.770696955	3000187.770696955	0.0	moderate	19269_1_1_1	38.0	5.0	2.2293030452	0.62
19270_1_1_1	19270_1_1_1	19270_1_1_1	3000777.0	3000777.0	0.0	moderate	19270_1_1_1	111.0	7.0	0.0	1.22
19274_1_1_1	19274_1_1_1	19274_1_1_1	3000518.0	3000518.0	0.0	moderate	19274_1_1_1	74.0	7.0	0.0	0.41
19282_1_1_1	19282_1_1_1	19282_1_1_1	3000957.2347082645	3000957.2347082645	0.0	moderate	19282_1_1_1	137.0	7.0	1.7652917356	0.58
19285_1_1_1	19285_1_1_1	19285_1_1_1	4000402.0	4000402.0	0.0	strict	19285_1_1_1	67.0	6.0	0.0	1.13
19293_1_1_1	19061_1_1_1	19061_1_1_1	3000553.0	3000553.0	0.0	moderate	19061_1_1_1	79.0	7.0	0.0	1.19
19293_1_1_1	19293_1_1_1	19061_1_1_1	3000546.0	3000553.0	7.0	moderate	19293_1_1_1	78.0	7.0	0.0	1.07
19298_1_1_1	19298_1_1_1	19298_1_1_1	3000546.0	3000546.0	0.0	moderate	19298_1_1_1	91.0	6.0	0.0	0.4
19299_1_1_1	19299_1_1_1	19299_1_1_1	3000557.0724038733	3000557.0724038733	0.0	moderate	19299_1_1_1	80.0	7.0	2.9275961266	0.58
19302_1_1_1	19302_1_1_1	19302_1_1_1	4000959.0	4000959.0	0.0	strict	19302_1_1_1	137.0	7.0	0.0	0.94
19303_1_1_1	19303_1_1_1	19303_1_1_1	4000360.0	4000360.0	0.0	strict	19303_1_1_1	60.0	6.0	0.0	0.36
19308_1_1_1	19308_1_1_1	19308_1_1_1	3000542.5040653604	3000542.5040653604	0.0	moderate	19308_1_1_1	109.0	5.0	2.4959346394	2.62
19308_1_1_1	18567_1_1_1	19308_1_1_1	3000542.1949176937	3000542.5040653604	0.3091476666741073	moderate	18567_1_1_1	109.0	5.0	2.8050823061	0.89
19311_1_1_1	19311_1_1_1	19311_1_1_1	3000825.0	3000825.0	0.0	moderate	19311_1_1_1	165.0	5.0	0.0	0.77
19314_1_1_1	10079_1_1_1	10079_1_1_1	3000714.0	3000714.0	0.0	moderate	10079_1_1_1	102.0	7.0	0.0	0.35
19314_1_1_1	19314_1_1_1	10079_1_1_1	3000693.0	3000714.0	21.0	moderate	19314_1_1_1	99.0	7.0	0.0	0.39
19327_1_1_1	19327_1_1_1	19327_1_1_1	3000511.0	3000511.0	0.0	moderate	19327_1_1_1	73.0	7.0	0.0	0.25
19330_1_1_1	19330_1_1_1	19330_1_1_1	4000492.0	4000492.0	0.0	strict	19330_1_1_1	123.0	4.0	0.0	1.36
19339_1_1_1	19339_1_1_1	19339_1_1_1	4000655.0	4000655.0	0.0	strict	19339_1_1_1	131.0	5.0	0.0	0.59
19340_1_1_1	19340_1_1_1	19340_1_1_1	4000642.0	4000642.0	0.0	strict	19340_1_1_1	107.0	6.0	0.0	0.6
19342_1_1_1	19342_1_1_1	19342_1_1_1	4000144.0	4000144.0	0.0	strict	19342_1_1_1	24.0	6.0	0.0	0.0
19342_1_1_1	25273_1_1_1	19342_1_1_1	3000066.0	4000144.0	1000078.0	moderate	25273_1_1_1	22.0	3.0	0.0	0.0
19354_1_1_1	19354_1_1_1	19354_1_1_1	3000882.0	3000882.0	0.0	moderate	19354_1_1_1	126.0	7.0	0.0	1.12
19362_1_1_1	19362_1_1_1	19362_1_1_1	3000553.0	3000553.0	0.0	moderate	19362_1_1_1	79.0	7.0	0.0	0.26
19369_1_1_1	19369_1_1_1	19369_1_1_1	4000365.0	4000365.0	0.0	strict	19369_1_1_1	73.0	5.0	0.0	1.45
19369_1_1_1	4581_1_1_1	19369_1_1_1	3000292.0	4000365.0	1000073.0	moderate	4581_1_1_1	73.0	4.0	0.0	0.0
19369_1_1_1	390_1_1_1	19369_1_1_1	3000228.0	4000365.0	1000137.0	moderate	390_1_1_1	76.0	3.0	0.0	0.0
19369_1_1_1	326_1_1_1	19369_1_1_1	3000222.0	4000365.0	1000143.0	moderate	326_1_1_1	74.0	3.0	0.0	0.0
19369_1_1_1	247_1_1_1	19369_1_1_1	3000222.0	4000365.0	1000143.0	moderate	247_1_1_1	74.0	3.0	0.0	0.0
19369_1_1_1	5207_1_1_1	19369_1_1_1	3000222.0	4000365.0	1000143.0	moderate	5207_1_1_1	74.0	3.0	0.0	0.0
19379_1_1_1	19379_1_1_1	19379_1_1_1	3000945.0	3000945.0	0.0	moderate	19379_1_1_1	135.0	7.0	0.0	0.24
19379_1_1_1	18096_1_1_1	19379_1_1_1	3000935.1069333516	3000945.0	9.89306664839387	moderate	18096_1_1_1	134.0	7.0	2.8930666485	0.3
19379_1_1_1	18093_1_1_1	19379_1_1_1	3000922.136586919	3000945.0	22.863413081038743	moderate	18093_1_1_1	132.0	7.0	1.863413081	0.26
19383_1_1_1	19383_1_1_1	19383_1_1_1	3000364.0	3000364.0	0.0	moderate	19383_1_1_1	52.0	7.0	0.0	1.97
19383_1_1_1	19052_1_1_1	19383_1_1_1	3000364.0	3000364.0	0.0	moderate	19052_1_1_1	52.0	7.0	0.0	2.09
19390_1_1_1	19390_1_1_1	19390_1_1_1	3000360.0	3000360.0	0.0	moderate	19390_1_1_1	60.0	6.0	0.0	1.39
19392_1_1_1	19392_1_1_1	19392_1_1_1	4000798.0	4000798.0	0.0	strict	19392_1_1_1	114.0	7.0	0.0	0.7
19396_1_1_1	19396_1_1_1	19396_1_1_1	4000175.0	4000175.0	0.0	strict	19396_1_1_1	25.0	7.0	0.0	0.0
19396_1_1_1	30987_1_1_1	19396_1_1_1	3000078.0	4000175.0	1000097.0	moderate	30987_1_1_1	26.0	3.0	0.0	0.0
19419_1_1_1	19419_1_1_1	19419_1_1_1	4000840.0	4000840.0	0.0	strict	19419_1_1_1	120.0	7.0	0.0	0.4
19428_1_1_1	19428_1_1_1	19428_1_1_1	3000469.0	3000469.0	0.0	moderate	19428_1_1_1	67.0	7.0	0.0	1.65
19438_1_1_1	19438_1_1_1	19438_1_1_1	3000873.4633618644	3000873.4633618644	0.0	moderate	19438_1_1_1	146.0	6.0	2.5366381354	1.01
19443_1_1_1	19443_1_1_1	19443_1_1_1	3000595.0	3000595.0	0.0	moderate	19443_1_1_1	119.0	5.0	0.0	1.42
19444_1_1_1	19444_1_1_1	19444_1_1_1	3000336.0	3000336.0	0.0	moderate	19444_1_1_1	56.0	6.0	0.0	0.3
19444_1_1_1	19439_1_1_1	19444_1_1_1	3000336.0	3000336.0	0.0	moderate	19439_1_1_1	56.0	6.0	0.0	0.14
19450_1_1_1	19450_1_1_1	19450_1_1_1	3000210.0	3000210.0	0.0	moderate	19450_1_1_1	35.0	6.0	0.0	0.27
19451_1_1_1	19451_1_1_1	19451_1_1_1	3000249.8041022075	3000249.8041022075	0.0	moderate	19451_1_1_1	63.0	4.0	2.1958977925	0.96
19459_1_1_1	19459_1_1_1	19459_1_1_1	3000847.0	3000847.0	0.0	moderate	19459_1_1_1	121.0	7.0	0.0	1.93
19460_1_1_1	19460_1_1_1	19460_1_1_1	3000343.0	3000343.0	0.0	moderate	19460_1_1_1	49.0	7.0	0.0	0.47
19461_1_1_1	19461_1_1_1	19461_1_1_1	4000644.0	4000644.0	0.0	strict	19461_1_1_1	92.0	7.0	0.0	1.07
19461_1_1_1	19463_1_1_1	19461_1_1_1	4000644.0	4000644.0	0.0	strict	19463_1_1_1	92.0	7.0	0.0	0.94
19464_1_1_1	19464_1_1_1	19464_1_1_1	3000378.0	3000378.0	0.0	moderate	19464_1_1_1	54.0	7.0	0.0	1.48
19466_1_1_1	19466_1_1_1	19466_1_1_1	3000756.0	3000756.0	0.0	moderate	19466_1_1_1	108.0	7.0	0.0	0.31
19466_1_1_1	19418_1_1_1	19466_1_1_1	3000550.0	3000756.0	206.0	moderate	19418_1_1_1	110.0	5.0	0.0	0.0
19479_1_1_1	19479_1_1_1	19479_1_1_1	3000510.0	3000510.0	0.0	moderate	19479_1_1_1	85.0	6.0	0.0	0.34
19483_1_1_1	19487_1_1_1	19487_1_1_1	3000336.0	3000336.0	0.0	moderate	19487_1_1_1	48.0	7.0	0.0	0.46
19483_1_1_1	19488_1_1_1	19487_1_1_1	3000315.0	3000336.0	21.0	moderate	19488_1_1_1	45.0	7.0	0.0	0.65
19483_1_1_1	19483_1_1_1	19487_1_1_1	3000308.0	3000336.0	28.0	moderate	19483_1_1_1	44.0	7.0	0.0	0.52
19484_1_1_1	19484_1_1_1	19484_1_1_1	3000162.0	3000162.0	0.0	moderate	19484_1_1_1	54.0	3.0	0.0	0.0
19490_1_1_1	19490_1_1_1	19490_1_1_1	4000990.0	4000990.0	0.0	strict	19490_1_1_1	198.0	5.0	0.0	1.58
19494_1_1_1	19499_1_1_1	19499_1_1_1	3000682.592131797	3000682.592131797	0.0	moderate	19499_1_1_1	114.0	6.0	1.4078682028	0.21
19494_1_1_1	19500_1_1_1	19499_1_1_1	3000627.973756701	3000682.592131797	54.618375096004456	moderate	19500_1_1_1	105.0	6.0	2.0262432988	0.27
19494_1_1_1	19494_1_1_1	19499_1_1_1	3000621.6323642666	3000682.592131797	60.95976753067225	moderate	19494_1_1_1	104.0	6.0	2.3676357336	0.6
19495_1_1_1	19495_1_1_1	19495_1_1_1	3000950.0	3000950.0	0.0	moderate	19495_1_1_1	190.0	5.0	0.0	1.31
19496_1_1_1	19496_1_1_1	19496_1_1_1	3001430.0	3001430.0	0.0	moderate	19496_1_1_1	286.0	5.0	0.0	1.38
19497_1_1_1	19497_1_1_1	19497_1_1_1	3000728.0	3000728.0	0.0	moderate	19497_1_1_1	104.0	7.0	0.0	0.92
19502_1_1_1	19502_1_1_1	19502_1_1_1	3000522.0	3000522.0	0.0	moderate	19502_1_1_1	87.0	6.0	0.0	0.65
19503_1_1_1	19503_1_1_1	19503_1_1_1	3000081.0	3000081.0	0.0	moderate	19503_1_1_1	27.0	3.0	0.0	0.0
19504_1_1_1	19504_1_1_1	19504_1_1_1	3000108.0	3000108.0	0.0	moderate	19504_1_1_1	36.0	3.0	0.0	0.0
19505_1_1_1	19505_1_1_1	19505_1_1_1	3000075.0	3000075.0	0.0	moderate	19505_1_1_1	25.0	3.0	0.0	0.0
19517_2_1_1	19517_2_1_1	19517_2_1_1	3000170.0	3000170.0	0.0	moderate	19517_2_1_1	34.0	5.0	0.0	0.56
19523_1_1_1	19523_1_1_1	19523_1_1_1	3000721.0	3000721.0	0.0	moderate	19523_1_1_1	103.0	7.0	0.0	0.91
19525_1_1_1	19525_1_1_1	19525_1_1_1	4000588.0	4000588.0	0.0	strict	19525_1_1_1	84.0	7.0	0.0	0.98
19525_1_1_1	52245_1_1_1	19525_1_1_1	3000443.579623396	4000588.0	1000144.420376604	moderate	52245_1_1_1	89.0	5.0	1.4203766041	2.83
19526_1_1_1	19526_1_1_1	19526_1_1_1	4000812.0	4000812.0	0.0	strict	19526_1_1_1	116.0	7.0	0.0	0.17
19530_1_1_1	19530_1_1_1	19530_1_1_1	4000714.0	4000714.0	0.0	strict	19530_1_1_1	119.0	6.0	0.0	2.72
19533_1_1_1	19533_1_1_1	19533_1_1_1	3000525.0	3000525.0	0.0	moderate	19533_1_1_1	75.0	7.0	0.0	0.91
19536_1_1_1	19536_1_1_1	19536_1_1_1	4000581.0	4000581.0	0.0	strict	19536_1_1_1	83.0	7.0	0.0	0.61
19553_1_1_1	19553_1_1_1	19553_1_1_1	3000469.0	3000469.0	0.0	moderate	19553_1_1_1	67.0	7.0	0.0	2.67
19558_1_1_1	19558_1_1_1	19558_1_1_1	4001270.0	4001270.0	0.0	strict	19558_1_1_1	254.0	5.0	0.0	1.65
19561_1_1_1	19561_1_1_1	19561_1_1_1	3000722.051147059	3000722.051147059	0.0	moderate	19561_1_1_1	145.0	5.0	2.9488529409	1.05
19568_1_1_1	19568_1_1_1	19568_1_1_1	4000350.0	4000350.0	0.0	strict	19568_1_1_1	50.0	7.0	0.0	0.24
19569_1_1_1	19569_1_1_1	19569_1_1_1	3000721.0	3000721.0	0.0	moderate	19569_1_1_1	103.0	7.0	0.0	0.66
19576_1_1_1	19576_1_1_1	19576_1_1_1	3000495.0	3000495.0	0.0	moderate	19576_1_1_1	99.0	5.0	0.0	0.57
19579_1_1_1	19579_1_1_1	19579_1_1_1	3000844.009635713	3000844.009635713	0.0	moderate	19579_1_1_1	121.0	7.0	2.9903642869	0.3
19581_1_1_1	19581_1_1_1	19581_1_1_1	4000125.0	4000125.0	0.0	strict	19581_1_1_1	25.0	5.0	0.0	0.63
19584_1_1_1	19584_1_1_1	19584_1_1_1	4000475.0	4000475.0	0.0	strict	19584_1_1_1	95.0	5.0	0.0	0.31
19596_1_1_1	19596_1_1_1	19596_1_1_1	3000471.334421349	3000471.334421349	0.0	moderate	19596_1_1_1	79.0	6.0	2.6655786506	2.96
19605_1_1_1	19605_1_1_1	19605_1_1_1	3000441.0	3000441.0	0.0	moderate	19605_1_1_1	63.0	7.0	0.0	3.72
19606_1_1_1	19606_1_1_1	19606_1_1_1	3000300.0	3000300.0	0.0	moderate	19606_1_1_1	50.0	6.0	0.0	1.27
19611_1_1_1	50464_1_1_1	50464_1_1_1	3000162.0	3000162.0	0.0	moderate	50464_1_1_1	27.0	6.0	0.0	0.0
19611_1_1_1	19611_1_1_1	50464_1_1_1	3000155.0	3000162.0	7.0	moderate	19611_1_1_1	31.0	5.0	0.0	0.0
19611_1_1_1	16074_1_1_1	50464_1_1_1	3000081.0	3000162.0	81.0	moderate	16074_1_1_1	27.0	3.0	0.0	0.0
19611_1_1_1	16235_1_1_1	50464_1_1_1	3000081.0	3000162.0	81.0	moderate	16235_1_1_1	27.0	3.0	0.0	0.0
19611_1_1_1	18506_1_1_1	50464_1_1_1	3000081.0	3000162.0	81.0	moderate	18506_1_1_1	27.0	3.0	0.0	0.0
19614_1_2_1	19614_1_2_1	19614_1_2_1	3000473.699090529	3000473.699090529	0.0	moderate	19614_1_2_1	68.0	7.0	2.3009094714	1.24
19615_1_1_1	19615_1_1_1	19615_1_1_1	4001488.0	4001488.0	0.0	strict	19615_1_1_1	248.0	6.0	0.0	0.33
19615_1_1_1	19743_1_1_1	19615_1_1_1	4001250.0	4001488.0	238.0	strict	19743_1_1_1	250.0	5.0	0.0	0.48
19615_1_1_1	6074_1_1_1	19615_1_1_1	3001285.0	4001488.0	1000203.0	moderate	6074_1_1_1	257.0	5.0	0.0	0.71
19618_1_1_1	19618_1_1_1	19618_1_1_1	3000728.0	3000728.0	0.0	moderate	19618_1_1_1	104.0	7.0	0.0	0.37
19621_1_1_1	19621_1_1_1	19621_1_1_1	4000938.0	4000938.0	0.0	strict	19621_1_1_1	134.0	7.0	0.0	0.31
19624_1_1_1	19624_1_1_1	19624_1_1_1	4000604.0	4000604.0	0.0	strict	19624_1_1_1	151.0	4.0	0.0	0.0
19624_1_1_1	4879_1_1_1	19624_1_1_1	3001015.0	4000604.0	999589.0	moderate	4879_1_1_1	145.0	7.0	0.0	1.29
19625_1_1_1	19625_1_1_1	19625_1_1_1	4000826.0	4000826.0	0.0	strict	19625_1_1_1	118.0	7.0	0.0	0.99
19628_1_1_1	19628_1_1_1	19628_1_1_1	4000504.0	4000504.0	0.0	strict	19628_1_1_1	72.0	7.0	0.0	0.37
19632_1_1_1	19632_1_1_1	19632_1_1_1	4000426.0	4000426.0	0.0	strict	19632_1_1_1	71.0	6.0	0.0	0.75
19635_1_1_1	19635_1_1_1	19635_1_1_1	4000602.0	4000602.0	0.0	strict	19635_1_1_1	86.0	7.0	0.0	0.15
19637_1_1_1	19637_1_1_1	19637_1_1_1	4000865.0	4000865.0	0.0	strict	19637_1_1_1	173.0	5.0	0.0	1.11
19642_1_1_1	19642_1_1_1	19642_1_1_1	3000651.0	3000651.0	0.0	moderate	19642_1_1_1	93.0	7.0	0.0	0.9
19646_1_1_1	19646_1_1_1	19646_1_1_1	3000558.0	3000558.0	0.0	moderate	19646_1_1_1	93.0	6.0	0.0	0.32
19660_1_1_1	19660_1_1_1	19660_1_1_1	4000385.0	4000385.0	0.0	strict	19660_1_1_1	55.0	7.0	0.0	0.43
19666_1_1_1	19666_1_1_1	19666_1_1_1	3000385.0	3000385.0	0.0	moderate	19666_1_1_1	55.0	7.0	0.0	0.88
19667_1_1_1	19667_1_1_1	19667_1_1_1	3000420.0	3000420.0	0.0	moderate	19667_1_1_1	60.0	7.0	0.0	0.67
19667_1_1_1	51433_1_1_1	19667_1_1_1	3000300.0	3000420.0	120.0	moderate	51433_1_1_1	60.0	5.0	0.0	1.64
19673_1_1_1	19673_1_1_1	19673_1_1_1	3000273.0	3000273.0	0.0	moderate	19673_1_1_1	39.0	7.0	0.0	0.4
19681_1_1_1	19681_1_1_1	19681_1_1_1	3001243.00954661	3001243.00954661	0.0	moderate	19681_1_1_1	178.0	7.0	2.99045339	1.33
19687_1_1_1	19687_1_1_1	19687_1_1_1	4000888.0	4000888.0	0.0	strict	19687_1_1_1	148.0	6.0	0.0	0.4
19693_1_2_1	19693_1_2_1	19693_1_2_1	3000203.0	3000203.0	0.0	moderate	19693_1_2_1	29.0	7.0	0.0	0.0
19707_1_1_1	19707_1_1_1	19707_1_1_1	3000613.5379340714	3000613.5379340714	0.0	moderate	19707_1_1_1	88.0	7.0	2.4620659284	0.81
19710_1_1_1	19710_1_1_1	19710_1_1_1	4000420.0	4000420.0	0.0	strict	19710_1_1_1	60.0	7.0	0.0	0.72
19713_1_1_1	17720_1_1_1	17720_1_1_1	4000427.0	4000427.0	0.0	strict	17720_1_1_1	61.0	7.0	0.0	0.59
19713_1_1_1	19713_1_1_1	17720_1_1_1	4000366.0	4000427.0	61.0	strict	19713_1_1_1	61.0	6.0	0.0	1.08
19715_1_1_1	19715_1_1_1	19715_1_1_1	3000924.0	3000924.0	0.0	moderate	19715_1_1_1	132.0	7.0	0.0	1.22
19719_1_1_1	19719_1_1_1	19719_1_1_1	4001064.0	4001064.0	0.0	strict	19719_1_1_1	152.0	7.0	0.0	0.73
19732_1_1_1	19732_1_1_1	19732_1_1_1	4000658.0	4000658.0	0.0	strict	19732_1_1_1	94.0	7.0	0.0	0.21
19735_1_1_1	19735_1_1_1	19735_1_1_1	3001278.2368322704	3001278.2368322704	0.0	moderate	19735_1_1_1	183.0	7.0	2.7631677297	0.53
19746_1_1_1	19746_1_1_1	19746_1_1_1	3000150.0	3000150.0	0.0	moderate	19746_1_1_1	50.0	3.0	0.0	0.0
19749_1_1_1	19749_1_1_1	19749_1_1_1	3000693.0	3000693.0	0.0	moderate	19749_1_1_1	99.0	7.0	0.0	0.33
19753_1_1_1	19753_1_1_1	19753_1_1_1	4001428.0	4001428.0	0.0	strict	19753_1_1_1	204.0	7.0	0.0	0.56
19757_1_1_1	19758_1_1_1	19758_1_1_1	4000875.0	4000875.0	0.0	strict	19758_1_1_1	125.0	7.0	0.0	0.39
19757_1_1_1	19757_1_1_1	19758_1_1_1	4000826.0	4000875.0	49.0	strict	19757_1_1_1	118.0	7.0	0.0	0.63
19764_1_1_1	19764_1_1_1	19764_1_1_1	3000224.0	3000224.0	0.0	moderate	19764_1_1_1	32.0	7.0	0.0	0.42
19765_1_1_1	19765_1_1_1	19765_1_1_1	3000069.0	3000069.0	0.0	moderate	19765_1_1_1	23.0	3.0	0.0	0.0
19770_1_1_1	19770_1_1_1	19770_1_1_1	3001078.0	3001078.0	0.0	moderate	19770_1_1_1	154.0	7.0	0.0	0.56
19775_1_1_1	19775_1_1_1	19775_1_1_1	4001254.0	4001254.0	0.0	strict	19775_1_1_1	209.0	6.0	0.0	3.07
19777_1_1_1	19777_1_1_1	19777_1_1_1	4001074.0	4001074.0	0.0	strict	19777_1_1_1	179.0	6.0	0.0	3.02
19779_1_2_1	19779_1_2_1	19779_1_2_1	3000476.0	3000476.0	0.0	moderate	19779_1_2_1	68.0	7.0	0.0	0.62
19779_1_2_1	27276_1_1_1	19779_1_2_1	3000417.9494423303	3000476.0	58.05055766971782	moderate	27276_1_1_1	84.0	5.0	2.0505576697	0.75
19783_1_1_1	19783_1_1_1	19783_1_1_1	3000693.0	3000693.0	0.0	moderate	19783_1_1_1	99.0	7.0	0.0	2.48
19799_1_1_1	19799_1_1_1	19799_1_1_1	4000357.0	4000357.0	0.0	strict	19799_1_1_1	51.0	7.0	0.0	0.97
19800_1_1_1	19800_1_1_1	19800_1_1_1	4000392.0	4000392.0	0.0	strict	19800_1_1_1	56.0	7.0	0.0	0.92
19801_1_1_1	17286_1_1_1	17286_1_1_1	4001006.338058739	4001006.338058739	0.0	strict	17286_1_1_1	144.0	7.0	1.6619412612	0.15
19801_1_1_1	19801_1_1_1	17286_1_1_1	4000957.160089705	4001006.338058739	49.17796903382987	strict	19801_1_1_1	137.0	7.0	1.8399102948	0.12
19803_1_1_1	19803_1_1_1	19803_1_1_1	4001568.0	4001568.0	0.0	strict	19803_1_1_1	224.0	7.0	0.0	0.77
19807_1_1_1	19807_1_1_1	19807_1_1_1	4000876.0	4000876.0	0.0	strict	19807_1_1_1	146.0	6.0	0.0	2.46
19807_1_1_1	19806_1_1_1	19807_1_1_1	3000909.2802109	4000876.0	999966.7197890999	moderate	19806_1_1_1	152.0	6.0	2.7197891001	0.26
19811_1_1_1	19811_1_1_1	19811_1_1_1	4000462.0	4000462.0	0.0	strict	19811_1_1_1	77.0	6.0	0.0	0.9
19813_1_1_1	15421_1_1_1	15421_1_1_1	3000144.0	3000144.0	0.0	moderate	15421_1_1_1	36.0	4.0	0.0	0.0
19813_1_1_1	19813_1_1_1	15421_1_1_1	3000105.0	3000144.0	39.0	moderate	19813_1_1_1	35.0	3.0	0.0	0.0
19813_1_1_1	19810_1_1_1	15421_1_1_1	3000105.0	3000144.0	39.0	moderate	19810_1_1_1	35.0	3.0	0.0	0.0
19818_2_1_1	19818_2_1_1	19818_2_1_1	3000894.0	3000894.0	0.0	moderate	19818_2_1_1	149.0	6.0	0.0	1.18
19821_1_1_1	19821_1_1_1	19821_1_1_1	3000375.0	3000375.0	0.0	moderate	19821_1_1_1	75.0	5.0	0.0	0.0
19833_1_1_1	19833_1_1_1	19833_1_1_1	3000168.0	3000168.0	0.0	moderate	19833_1_1_1	28.0	6.0	0.0	0.0
19840_1_1_1	19841_1_1_1	19841_1_1_1	4000378.0	4000378.0	0.0	strict	19841_1_1_1	63.0	6.0	0.0	0.39
19840_1_1_1	19840_1_1_1	19841_1_1_1	4000372.0	4000378.0	6.0	strict	19840_1_1_1	62.0	6.0	0.0	0.41
19842_1_1_1	19842_1_1_1	19842_1_1_1	3001337.0	3001337.0	0.0	moderate	19842_1_1_1	191.0	7.0	0.0	0.88
19844_1_1_1	19844_1_1_1	19844_1_1_1	3000436.0	3000436.0	0.0	moderate	19844_1_1_1	109.0	4.0	0.0	0.23
19845_1_1_1	19845_1_1_1	19845_1_1_1	3000392.0	3000392.0	0.0	moderate	19845_1_1_1	56.0	7.0	0.0	3.03
19848_1_1_1	19848_1_1_1	19848_1_1_1	4000775.7969810474	4000775.7969810474	0.0	strict	19848_1_1_1	111.0	7.0	1.2030189524	0.47
19859_1_1_1	19859_1_1_1	19859_1_1_1	4000204.0	4000204.0	0.0	strict	19859_1_1_1	34.0	6.0	0.0	0.0
19860_1_1_1	19860_1_1_1	19860_1_1_1	4000523.7052384503	4000523.7052384503	0.0	strict	19860_1_1_1	75.0	7.0	1.2947615498	0.97
19866_1_1_1	19866_1_1_1	19866_1_1_1	3001202.0672926027	3001202.0672926027	0.0	moderate	19866_1_1_1	172.0	7.0	1.9327073971	0.73
19869_1_1_1	19869_1_1_1	19869_1_1_1	4000468.0	4000468.0	0.0	strict	19869_1_1_1	78.0	6.0	0.0	0.46
19872_1_1_1	19872_1_1_1	19872_1_1_1	4000714.0	4000714.0	0.0	strict	19872_1_1_1	119.0	6.0	0.0	0.61
19876_1_1_1	19876_1_1_1	19876_1_1_1	3000840.0	3000840.0	0.0	moderate	19876_1_1_1	120.0	7.0	0.0	1.36
19879_1_1_1	19879_1_1_1	19879_1_1_1	3000360.0	3000360.0	0.0	moderate	19879_1_1_1	60.0	6.0	0.0	1.73
19880_4_1_1	19880_4_1_1	19880_4_1_1	3000330.0	3000330.0	0.0	moderate	19880_4_1_1	55.0	6.0	0.0	1.01
19881_1_1_1	19714_1_1_1	19714_1_1_1	4000635.2343702377	4000635.2343702377	0.0	strict	19714_1_1_1	91.0	7.0	1.7656297621	1.35
19881_1_1_1	19881_1_1_1	19714_1_1_1	4000628.2561167423	4000635.2343702377	6.97825349541381	strict	19881_1_1_1	90.0	7.0	1.7438832571	1.26
19891_1_1_1	19977_1_1_1	19977_1_1_1	3001054.620294167	3001054.620294167	0.0	moderate	19977_1_1_1	151.0	7.0	2.3797058327	0.26
19891_1_1_1	19891_1_1_1	19977_1_1_1	3000854.0	3001054.620294167	200.62029416719452	moderate	19891_1_1_1	122.0	7.0	0.0	0.23
19893_1_1_1	19893_1_1_1	19893_1_1_1	4000581.0	4000581.0	0.0	strict	19893_1_1_1	83.0	7.0	0.0	0.8
19893_1_1_1	12041_1_1_1	19893_1_1_1	4000516.0	4000581.0	65.0	strict	12041_1_1_1	86.0	6.0	0.0	1.65
19901_1_1_1	19901_1_1_1	19901_1_1_1	3000162.0	3000162.0	0.0	moderate	19901_1_1_1	27.0	6.0	0.0	2.9
19902_1_1_1	19902_1_1_1	19902_1_1_1	3000114.0	3000114.0	0.0	moderate	19902_1_1_1	19.0	6.0	0.0	0.0
19907_1_1_1	19907_1_1_1	19907_1_1_1	3000696.0	3000696.0	0.0	moderate	19907_1_1_1	116.0	6.0	0.0	1.29
1991_1_1_1	1991_1_1_1	1991_1_1_1	3000153.0	3000153.0	0.0	moderate	1991_1_1_1	51.0	3.0	0.0	0.0
19922_1_1_1	19922_1_1_1	19922_1_1_1	3000345.0	3000345.0	0.0	moderate	19922_1_1_1	69.0	5.0	0.0	0.91
19926_1_1_1	19926_1_1_1	19926_1_1_1	3000470.0	3000470.0	0.0	moderate	19926_1_1_1	94.0	5.0	0.0	0.31
19927_1_1_1	25132_1_1_1	25132_1_1_1	4001064.0	4001064.0	0.0	strict	25132_1_1_1	152.0	7.0	0.0	0.23
19927_1_1_1	27158_1_1_1	25132_1_1_1	4001057.0	4001064.0	7.0	strict	27158_1_1_1	151.0	7.0	0.0	0.34
19927_1_1_1	30043_1_1_1	25132_1_1_1	4001057.0	4001064.0	7.0	strict	30043_1_1_1	151.0	7.0	0.0	0.93
19927_1_1_1	19927_1_1_1	25132_1_1_1	4001050.0	4001064.0	14.0	strict	19927_1_1_1	150.0	7.0	0.0	0.93
19928_1_1_1	19928_1_1_1	19928_1_1_1	4001113.0	4001113.0	0.0	strict	19928_1_1_1	159.0	7.0	0.0	1.28
19942_1_1_1	19942_1_1_1	19942_1_1_1	3000644.0	3000644.0	0.0	moderate	19942_1_1_1	92.0	7.0	0.0	2.2
19952_1_1_1	19952_1_1_1	19952_1_1_1	4001498.0	4001498.0	0.0	strict	19952_1_1_1	214.0	7.0	0.0	1.38
19955_1_1_1	19955_1_1_1	19955_1_1_1	3000970.335684704	3000970.335684704	0.0	moderate	19955_1_1_1	139.0	7.0	2.664315296	0.72
19966_1_1_1	19966_1_1_1	19966_1_1_1	3000405.0162770837	3000405.0162770837	0.0	moderate	19966_1_1_1	68.0	6.0	2.9837229162	0.5
19967_1_1_1	19967_1_1_1	19967_1_1_1	3000718.381494151	3000718.381494151	0.0	moderate	19967_1_1_1	103.0	7.0	2.6185058491	0.11
19970_1_1_1	19970_1_1_1	19970_1_1_1	3000372.0	3000372.0	0.0	moderate	19970_1_1_1	62.0	6.0	0.0	0.46
19974_1_1_1	19974_1_1_1	19974_1_1_1	4000994.0	4000994.0	0.0	strict	19974_1_1_1	142.0	7.0	0.0	0.46
19987_1_1_1	19987_1_1_1	19987_1_1_1	3000504.0	3000504.0	0.0	moderate	19987_1_1_1	72.0	7.0	0.0	3.6
19988_1_1_1	19988_1_1_1	19988_1_1_1	4000784.0	4000784.0	0.0	strict	19988_1_1_1	112.0	7.0	0.0	0.53
19993_1_1_1	19993_1_1_1	19993_1_1_1	3000445.439363236	3000445.439363236	0.0	moderate	19993_1_1_1	64.0	7.0	2.5606367641	2.16
19994_1_1_1	19994_1_1_1	19994_1_1_1	4000300.0	4000300.0	0.0	strict	19994_1_1_1	60.0	5.0	0.0	0.0
20026_1_1_1	20026_1_1_1	20026_1_1_1	3000054.0	3000054.0	0.0	moderate	20026_1_1_1	18.0	3.0	0.0	0.0
20075_1_1_1	20075_1_1_1	20075_1_1_1	3000057.0	3000057.0	0.0	moderate	20075_1_1_1	19.0	3.0	0.0	0.0
20076_1_1_1	20076_1_1_1	20076_1_1_1	3000054.0	3000054.0	0.0	moderate	20076_1_1_1	18.0	3.0	0.0	0.0
20078_1_1_1	20078_1_1_1	20078_1_1_1	3000060.0	3000060.0	0.0	moderate	20078_1_1_1	20.0	3.0	0.0	0.0
20102_1_1_1	20102_1_1_1	20102_1_1_1	3000054.0	3000054.0	0.0	moderate	20102_1_1_1	18.0	3.0	0.0	0.0
20119_1_1_1	20119_1_1_1	20119_1_1_1	3000063.0	3000063.0	0.0	moderate	20119_1_1_1	21.0	3.0	0.0	0.0
2039_1_1_1	2039_1_1_1	2039_1_1_1	3000252.0	3000252.0	0.0	moderate	2039_1_1_1	84.0	3.0	0.0	0.0
2059_1_1_1	2059_1_1_1	2059_1_1_1	3000312.0	3000312.0	0.0	moderate	2059_1_1_1	104.0	3.0	0.0	0.0
2065_1_1_1	25830_1_1_1	25830_1_1_1	3000651.0	3000651.0	0.0	moderate	25830_1_1_1	93.0	7.0	0.0	2.74
2065_1_1_1	27637_1_1_1	25830_1_1_1	3000395.0	3000651.0	256.0	moderate	27637_1_1_1	79.0	5.0	0.0	2.78
2065_1_1_1	4917_2_1_1	25830_1_1_1	3000267.0	3000651.0	384.0	moderate	4917_2_1_1	89.0	3.0	0.0	0.0
2065_1_1_1	2065_1_1_1	25830_1_1_1	3000264.0	3000651.0	387.0	moderate	2065_1_1_1	88.0	3.0	0.0	0.0
21098_1_1_1	21098_1_1_1	21098_1_1_1	3000126.0	3000126.0	0.0	moderate	21098_1_1_1	21.0	6.0	0.0	0.0
21099_1_1_1	21099_1_1_1	21099_1_1_1	3000126.0	3000126.0	0.0	moderate	21099_1_1_1	21.0	6.0	0.0	0.0
21100_1_1_1	21100_1_1_1	21100_1_1_1	3000114.0	3000114.0	0.0	moderate	21100_1_1_1	19.0	6.0	0.0	0.0
2151_1_1_1	2151_1_1_1	2151_1_1_1	3000249.0	3000249.0	0.0	moderate	2151_1_1_1	83.0	3.0	0.0	0.0
2192_1_1_1	2192_1_1_1	2192_1_1_1	3000129.0	3000129.0	0.0	moderate	2192_1_1_1	43.0	3.0	0.0	0.0
2206_1_1_1	2206_1_1_1	2206_1_1_1	3000141.0	3000141.0	0.0	moderate	2206_1_1_1	47.0	3.0	0.0	0.0
2217_1_1_1	2217_1_1_1	2217_1_1_1	3000111.0	3000111.0	0.0	moderate	2217_1_1_1	37.0	3.0	0.0	0.0
2223_1_1_1	2223_1_1_1	2223_1_1_1	3000099.0	3000099.0	0.0	moderate	2223_1_1_1	33.0	3.0	0.0	0.0
2224_1_1_1	2224_1_1_1	2224_1_1_1	3000258.0	3000258.0	0.0	moderate	2224_1_1_1	86.0	3.0	0.0	0.0
2249_1_1_1	2249_1_1_1	2249_1_1_1	3000153.0	3000153.0	0.0	moderate	2249_1_1_1	51.0	3.0	0.0	0.0
2278_1_1_1	2278_1_1_1	2278_1_1_1	3000255.0	3000255.0	0.0	moderate	2278_1_1_1	85.0	3.0	0.0	0.0
2281_1_1_1	2281_1_1_1	2281_1_1_1	3000276.0	3000276.0	0.0	moderate	2281_1_1_1	92.0	3.0	0.0	0.0
2371_1_1_1	2371_1_1_1	2371_1_1_1	3000332.0	3000332.0	0.0	moderate	2371_1_1_1	83.0	4.0	0.0	0.0
2384_1_1_1	2384_1_1_1	2384_1_1_1	3000300.0	3000300.0	0.0	moderate	2384_1_1_1	100.0	3.0	0.0	0.0
2410_1_1_1	11569_1_1_1	11569_1_1_1	3000875.0	3000875.0	0.0	moderate	11569_1_1_1	125.0	7.0	0.0	0.19
2410_1_1_1	15945_1_1_1	11569_1_1_1	3000657.136036531	3000875.0	217.86396346893162	moderate	15945_1_1_1	110.0	6.0	2.8639634689	0.86
2410_1_1_1	2410_1_1_1	11569_1_1_1	3000455.0	3000875.0	420.0	moderate	2410_1_1_1	91.0	5.0	0.0	2.18
248_1_1_1	248_1_1_1	248_1_1_1	3000069.0	3000069.0	0.0	moderate	248_1_1_1	23.0	3.0	0.0	0.0
249_1_1_1	249_1_1_1	249_1_1_1	3000090.0	3000090.0	0.0	moderate	249_1_1_1	30.0	3.0	0.0	0.0
249_1_1_1	1539_1_1_1	249_1_1_1	3000090.0	3000090.0	0.0	moderate	1539_1_1_1	30.0	3.0	0.0	0.0
25001_1_1_1	25001_1_1_1	25001_1_1_1	3001001.0	3001001.0	0.0	moderate	25001_1_1_1	143.0	7.0	0.0	1.45
25001_1_1_1	16748_1_1_1	25001_1_1_1	3001001.0	3001001.0	0.0	moderate	16748_1_1_1	143.0	7.0	0.0	2.21
25002_1_1_1	25002_1_1_1	25002_1_1_1	3000585.7932943534	3000585.7932943534	0.0	moderate	25002_1_1_1	84.0	7.0	2.2067056464	1.08
25010_1_1_1	25007_1_1_1	25007_1_1_1	4000644.0	4000644.0	0.0	strict	25007_1_1_1	92.0	7.0	0.0	1.16
25010_1_1_1	25010_1_1_1	25007_1_1_1	4000552.0	4000644.0	92.0	strict	25010_1_1_1	92.0	6.0	0.0	1.09
25018_1_1_1	25018_1_1_1	25018_1_1_1	3000728.0	3000728.0	0.0	moderate	25018_1_1_1	104.0	7.0	0.0	1.42
25020_1_1_1	18092_1_1_1	18092_1_1_1	4001015.0	4001015.0	0.0	strict	18092_1_1_1	145.0	7.0	0.0	1.07
25020_1_1_1	17822_1_1_1	18092_1_1_1	4000852.0	4001015.0	163.0	strict	17822_1_1_1	142.0	6.0	0.0	1.58
25020_1_1_1	25020_1_1_1	18092_1_1_1	4000834.0	4001015.0	181.0	strict	25020_1_1_1	139.0	6.0	0.0	1.81
25020_1_1_1	25016_1_1_1	18092_1_1_1	4000834.0	4001015.0	181.0	strict	25016_1_1_1	139.0	6.0	0.0	1.95
25021_1_1_1	25021_1_1_1	25021_1_1_1	4000830.0	4000830.0	0.0	strict	25021_1_1_1	166.0	5.0	0.0	0.65
25023_1_1_1	25023_1_1_1	25023_1_1_1	3000292.0	3000292.0	0.0	moderate	25023_1_1_1	73.0	4.0	0.0	0.0
25024_1_1_1	25024_1_1_1	25024_1_1_1	4000702.0	4000702.0	0.0	strict	25024_1_1_1	117.0	6.0	0.0	0.0
25025_1_1_1	25025_1_1_1	25025_1_1_1	3000820.0	3000820.0	0.0	moderate	25025_1_1_1	164.0	5.0	0.0	0.39
25026_1_1_1	25026_1_1_1	25026_1_1_1	4000900.0	4000900.0	0.0	strict	25026_1_1_1	150.0	6.0	0.0	2.39
25029_1_1_1	25029_1_1_1	25029_1_1_1	3000825.0	3000825.0	0.0	moderate	25029_1_1_1	165.0	5.0	0.0	0.56
25036_1_1_1	25036_1_1_1	25036_1_1_1	4000340.0	4000340.0	0.0	strict	25036_1_1_1	85.0	4.0	0.0	0.0
25037_1_1_1	25037_1_1_1	25037_1_1_1	4000378.0	4000378.0	0.0	strict	25037_1_1_1	63.0	6.0	0.0	0.65
25038_1_1_1	25038_1_1_1	25038_1_1_1	3000615.409689905	3000615.409689905	0.0	moderate	25038_1_1_1	103.0	6.0	2.590310095	0.81
25040_1_1_1	25040_1_1_1	25040_1_1_1	4001266.0	4001266.0	0.0	strict	25040_1_1_1	211.0	6.0	0.0	2.56
25050_1_1_1	25050_1_1_1	25050_1_1_1	3000165.0	3000165.0	0.0	moderate	25050_1_1_1	33.0	5.0	0.0	0.0
25059_1_1_1	25059_1_1_1	25059_1_1_1	4000490.0	4000490.0	0.0	strict	25059_1_1_1	70.0	7.0	0.0	1.18
25064_2_1_1	25064_2_1_1	25064_2_1_1	4000375.0	4000375.0	0.0	strict	25064_2_1_1	75.0	5.0	0.0	0.2
25067_1_1_1	25067_1_1_1	25067_1_1_1	3000763.0	3000763.0	0.0	moderate	25067_1_1_1	109.0	7.0	0.0	1.52
25077_1_1_1	25077_1_1_1	25077_1_1_1	4000658.6102739633	4000658.6102739633	0.0	strict	25077_1_1_1	132.0	5.0	1.3897260366	0.93
25079_1_1_1	25396_1_1_1	25396_1_1_1	4000322.0	4000322.0	0.0	strict	25396_1_1_1	46.0	7.0	0.0	0.34
25079_1_1_1	25079_1_1_1	25396_1_1_1	4000276.0	4000322.0	46.0	strict	25079_1_1_1	46.0	6.0	0.0	0.37
25083_1_1_1	25083_1_1_1	25083_1_1_1	3000490.0	3000490.0	0.0	moderate	25083_1_1_1	70.0	7.0	0.0	1.06
25084_1_1_1	25084_1_1_1	25084_1_1_1	3000302.0687136115	3000302.0687136115	0.0	moderate	25084_1_1_1	61.0	5.0	2.9312863886	1.15
25087_1_1_1	34029_1_1_1	34029_1_1_1	3000858.3601892707	3000858.3601892707	0.0	moderate	34029_1_1_1	123.0	7.0	2.6398107291	0.39
25087_1_1_1	25087_1_1_1	34029_1_1_1	3000840.0	3000858.3601892707	18.36018927069381	moderate	25087_1_1_1	120.0	7.0	0.0	0.39
25087_1_1_1	25411_1_1_1	34029_1_1_1	3000729.6888153395	3000858.3601892707	128.6713739312254	moderate	25411_1_1_1	122.0	6.0	2.3111846605	0.4
25088_1_1_1	25803_1_1_1	25803_1_1_1	4000588.0	4000588.0	0.0	strict	25803_1_1_1	84.0	7.0	0.0	2.97
25088_1_1_1	25088_1_1_1	25803_1_1_1	4000539.0	4000588.0	49.0	strict	25088_1_1_1	77.0	7.0	0.0	2.39
25096_1_1_1	25096_1_1_1	25096_1_1_1	3000114.0	3000114.0	0.0	moderate	25096_1_1_1	38.0	3.0	0.0	0.0
25113_1_1_1	25113_1_1_1	25113_1_1_1	4002142.0	4002142.0	0.0	strict	25113_1_1_1	306.0	7.0	0.0	1.36
25124_1_1_1	25124_1_1_1	25124_1_1_1	4000854.0	4000854.0	0.0	strict	25124_1_1_1	122.0	7.0	0.0	0.7
25128_1_1_1	25128_1_1_1	25128_1_1_1	3000084.0	3000084.0	0.0	moderate	25128_1_1_1	28.0	3.0	0.0	0.0
25129_1_1_1	25129_1_1_1	25129_1_1_1	3000072.0	3000072.0	0.0	moderate	25129_1_1_1	24.0	3.0	0.0	0.0
25134_1_1_1	17253_1_1_1	17253_1_1_1	3000072.0	3000072.0	0.0	moderate	17253_1_1_1	18.0	4.0	0.0	0.0
25134_1_1_1	15282_1_1_1	17253_1_1_1	3000051.0	3000072.0	21.0	moderate	15282_1_1_1	17.0	3.0	0.0	0.0
25134_1_1_1	15284_1_1_1	17253_1_1_1	3000051.0	3000072.0	21.0	moderate	15284_1_1_1	17.0	3.0	0.0	0.0
25134_1_1_1	15285_1_1_1	17253_1_1_1	3000051.0	3000072.0	21.0	moderate	15285_1_1_1	17.0	3.0	0.0	0.0
25134_1_1_1	15287_1_1_1	17253_1_1_1	3000051.0	3000072.0	21.0	moderate	15287_1_1_1	17.0	3.0	0.0	0.0
25134_1_1_1	15291_1_1_1	17253_1_1_1	3000051.0	3000072.0	21.0	moderate	15291_1_1_1	17.0	3.0	0.0	0.0
25134_1_1_1	15292_1_1_1	17253_1_1_1	3000051.0	3000072.0	21.0	moderate	15292_1_1_1	17.0	3.0	0.0	0.0
25134_1_1_1	25134_1_1_1	17253_1_1_1	3000045.0	3000072.0	27.0	moderate	25134_1_1_1	15.0	3.0	0.0	0.0
25139_1_1_1	25139_1_1_1	25139_1_1_1	4000749.0	4000749.0	0.0	strict	25139_1_1_1	107.0	7.0	0.0	0.42
25140_1_1_1	25140_1_1_1	25140_1_1_1	3000513.3550861133	3000513.3550861133	0.0	moderate	25140_1_1_1	86.0	6.0	2.6449138868	0.98
25147_1_1_1	25147_1_1_1	25147_1_1_1	3000522.122654593	3000522.122654593	0.0	moderate	25147_1_1_1	75.0	7.0	2.8773454067	0.88
25148_1_1_1	25148_1_1_1	25148_1_1_1	4000840.0	4000840.0	0.0	strict	25148_1_1_1	120.0	7.0	0.0	0.63
25155_1_1_1	25155_1_1_1	25155_1_1_1	3001134.0	3001134.0	0.0	moderate	25155_1_1_1	162.0	7.0	0.0	0.28
25157_1_1_1	25157_1_1_1	25157_1_1_1	3001134.0	3001134.0	0.0	moderate	25157_1_1_1	162.0	7.0	0.0	2.61
25157_1_1_1	25156_1_1_1	25157_1_1_1	3000966.0	3001134.0	168.0	moderate	25156_1_1_1	161.0	6.0	0.0	0.27
25158_1_1_1	25158_1_1_1	25158_1_1_1	4000469.0	4000469.0	0.0	strict	25158_1_1_1	67.0	7.0	0.0	0.51
25159_1_1_1	25159_1_1_1	25159_1_1_1	4000749.0	4000749.0	0.0	strict	25159_1_1_1	107.0	7.0	0.0	0.3
25159_1_1_1	31231_1_1_1	25159_1_1_1	3000728.0	4000749.0	1000021.0	moderate	31231_1_1_1	104.0	7.0	0.0	0.21
25166_1_1_1	25166_1_1_1	25166_1_1_1	4000735.0	4000735.0	0.0	strict	25166_1_1_1	105.0	7.0	0.0	2.65
25167_1_1_1	19910_1_1_1	19910_1_1_1	3000665.0	3000665.0	0.0	moderate	19910_1_1_1	95.0	7.0	0.0	1.65
25167_1_1_1	25167_1_1_1	19910_1_1_1	3000460.0	3000665.0	205.0	moderate	25167_1_1_1	92.0	5.0	0.0	1.56
25168_1_1_1	25168_1_1_1	25168_1_1_1	4000805.0	4000805.0	0.0	strict	25168_1_1_1	115.0	7.0	0.0	1.0
25173_1_1_1	25173_1_1_1	25173_1_1_1	3000240.0	3000240.0	0.0	moderate	25173_1_1_1	48.0	5.0	0.0	0.65
25175_1_1_1	25175_1_1_1	25175_1_1_1	4000749.0	4000749.0	0.0	strict	25175_1_1_1	107.0	7.0	0.0	1.31
25177_1_1_1	25177_1_1_1	25177_1_1_1	4000490.0	4000490.0	0.0	strict	25177_1_1_1	70.0	7.0	0.0	0.62
25177_1_1_1	4126_1_1_1	25177_1_1_1	3000483.0	4000490.0	1000007.0	moderate	4126_1_1_1	69.0	7.0	0.0	2.25
25179_1_1_1	25179_1_1_1	25179_1_1_1	4000320.20510776	4000320.20510776	0.0	strict	25179_1_1_1	46.0	7.0	1.79489224	0.74
25179_1_1_1	25180_1_1_1	25179_1_1_1	3000319.472482996	4000320.20510776	1000000.7326247641	moderate	25180_1_1_1	46.0	7.0	2.5275170039	0.54
25182_1_1_1	25183_1_1_1	25183_1_1_1	3000622.43841821	3000622.43841821	0.0	moderate	25183_1_1_1	125.0	5.0	2.5615817898	1.42
25182_1_1_1	25182_1_1_1	25183_1_1_1	3000602.8668950815	3000622.43841821	19.57152312854305	moderate	25182_1_1_1	121.0	5.0	2.1331049185	1.15
25195_1_1_1	25195_1_1_1	25195_1_1_1	3000879.350805009	3000879.350805009	0.0	moderate	25195_1_1_1	126.0	7.0	2.6491949911	0.19
25197_1_1_1	25197_1_1_1	25197_1_1_1	3001572.0	3001572.0	0.0	moderate	25197_1_1_1	393.0	4.0	0.0	0.0
25214_1_1_1	25214_1_1_1	25214_1_1_1	4000455.0	4000455.0	0.0	strict	25214_1_1_1	65.0	7.0	0.0	0.73
25219_1_1_1	25219_1_1_1	25219_1_1_1	4000336.0	4000336.0	0.0	strict	25219_1_1_1	48.0	7.0	0.0	2.75
25223_1_1_1	25223_1_1_1	25223_1_1_1	3000308.0	3000308.0	0.0	moderate	25223_1_1_1	44.0	7.0	0.0	0.66
25223_1_1_1	25283_1_1_1	25223_1_1_1	3000135.0	3000308.0	173.0	moderate	25283_1_1_1	45.0	3.0	0.0	0.0
25237_1_1_1	4986_1_1_1	4986_1_1_1	3001795.0	3001795.0	0.0	moderate	4986_1_1_1	359.0	5.0	0.0	0.8
25237_1_1_1	25237_1_1_1	4986_1_1_1	3001780.0	3001795.0	15.0	moderate	25237_1_1_1	356.0	5.0	0.0	0.7
25239_1_1_1	25239_1_1_1	25239_1_1_1	4001309.0	4001309.0	0.0	strict	25239_1_1_1	187.0	7.0	0.0	1.42
25240_1_1_1	25240_1_1_1	25240_1_1_1	4001022.0	4001022.0	0.0	strict	25240_1_1_1	146.0	7.0	0.0	0.48
25241_1_1_1	25241_1_1_1	25241_1_1_1	4000553.0	4000553.0	0.0	strict	25241_1_1_1	79.0	7.0	0.0	0.73
25254_1_1_1	25254_1_1_1	25254_1_1_1	3000075.0	3000075.0	0.0	moderate	25254_1_1_1	25.0	3.0	0.0	0.0
25266_1_1_1	25266_1_1_1	25266_1_1_1	3001152.3818741795	3001152.3818741795	0.0	moderate	25266_1_1_1	165.0	7.0	2.6181258204	2.18
25268_1_1_1	25268_1_1_1	25268_1_1_1	4000144.0	4000144.0	0.0	strict	25268_1_1_1	24.0	6.0	0.0	0.01
25268_1_1_1	25270_1_1_1	25268_1_1_1	4000144.0	4000144.0	0.0	strict	25270_1_1_1	24.0	6.0	0.0	0.24
25276_1_1_1	25276_1_1_1	25276_1_1_1	3000294.0	3000294.0	0.0	moderate	25276_1_1_1	42.0	7.0	0.0	0.92
25277_1_1_1	25277_1_1_1	25277_1_1_1	3000644.0	3000644.0	0.0	moderate	25277_1_1_1	92.0	7.0	0.0	0.5
2527_1_1_1	2527_1_1_1	2527_1_1_1	3000066.0	3000066.0	0.0	moderate	2527_1_1_1	22.0	3.0	0.0	0.0
25280_1_1_1	25280_1_1_1	25280_1_1_1	3000361.686666622	3000361.686666622	0.0	moderate	25280_1_1_1	52.0	7.0	2.3133333786	2.02
25281_1_1_1	25281_1_1_1	25281_1_1_1	4000596.0	4000596.0	0.0	strict	25281_1_1_1	149.0	4.0	0.0	0.6
25289_1_1_1	25289_1_1_1	25289_1_1_1	4000148.0	4000148.0	0.0	strict	25289_1_1_1	37.0	4.0	0.0	2.49
25289_1_1_1	34396_1_1_1	25289_1_1_1	3000195.0	4000148.0	999953.0	moderate	34396_1_1_1	39.0	5.0	0.0	3.74
25289_1_1_1	17159_1_1_1	25289_1_1_1	3000136.0	4000148.0	1000012.0	moderate	17159_1_1_1	34.0	4.0	0.0	0.0
25293_1_1_1	25293_1_1_1	25293_1_1_1	3000162.0	3000162.0	0.0	moderate	25293_1_1_1	27.0	6.0	0.0	0.0
25294_1_1_1	25294_1_1_1	25294_1_1_1	4000678.0	4000678.0	0.0	strict	25294_1_1_1	113.0	6.0	0.0	2.54
25297_1_1_1	25297_1_1_1	25297_1_1_1	3000076.0	3000076.0	0.0	moderate	25297_1_1_1	19.0	4.0	0.0	0.0
25298_1_1_1	25298_1_1_1	25298_1_1_1	4000315.0	4000315.0	0.0	strict	25298_1_1_1	45.0	7.0	0.0	1.36
25299_1_1_1	25299_1_1_1	25299_1_1_1	3000662.449310132	3000662.449310132	0.0	moderate	25299_1_1_1	95.0	7.0	2.550689868	0.88
25302_1_1_1	25302_1_1_1	25302_1_1_1	3000245.0	3000245.0	0.0	moderate	25302_1_1_1	35.0	7.0	0.0	1.52
25308_1_1_1	25308_1_1_1	25308_1_1_1	4000665.0	4000665.0	0.0	strict	25308_1_1_1	95.0	7.0	0.0	1.24
25314_1_1_1	6721_1_1_1	6721_1_1_1	3000168.0	3000168.0	0.0	moderate	6721_1_1_1	28.0	6.0	0.0	1.11
25314_1_1_1	25315_1_1_1	6721_1_1_1	3000090.0	3000168.0	78.0	moderate	25315_1_1_1	30.0	3.0	0.0	0.0
25314_1_1_1	25314_1_1_1	6721_1_1_1	3000078.0	3000168.0	90.0	moderate	25314_1_1_1	26.0	3.0	0.0	0.0
25314_1_1_1	25313_1_1_1	6721_1_1_1	3000078.0	3000168.0	90.0	moderate	25313_1_1_1	26.0	3.0	0.0	0.0
25324_1_1_1	25306_1_1_1	25306_1_1_1	3000917.0	3000917.0	0.0	moderate	25306_1_1_1	131.0	7.0	0.0	0.58
25324_1_1_1	25324_1_1_1	25306_1_1_1	3000910.0	3000917.0	7.0	moderate	25324_1_1_1	130.0	7.0	0.0	0.58
25326_1_1_1	25326_1_1_1	25326_1_1_1	4000666.0	4000666.0	0.0	strict	25326_1_1_1	111.0	6.0	0.0	0.38
25328_1_1_1	25328_1_1_1	25328_1_1_1	4000440.0	4000440.0	0.0	strict	25328_1_1_1	88.0	5.0	0.0	0.32
25328_1_1_1	25329_1_1_1	25328_1_1_1	4000440.0	4000440.0	0.0	strict	25329_1_1_1	88.0	5.0	0.0	0.92
25328_1_1_1	4047_1_1_1	25328_1_1_1	3000616.0	4000440.0	999824.0	moderate	4047_1_1_1	88.0	7.0	0.0	1.91
25333_1_1_1	15429_1_1_1	15429_1_1_1	4000875.0	4000875.0	0.0	strict	15429_1_1_1	125.0	7.0	0.0	4.46
25333_1_1_1	25333_1_1_1	15429_1_1_1	4000532.0	4000875.0	343.0	strict	25333_1_1_1	133.0	4.0	0.0	2.61
25333_1_1_1	17303_1_1_1	15429_1_1_1	4000496.0	4000875.0	379.0	strict	17303_1_1_1	124.0	4.0	0.0	0.0
25333_1_1_1	30477_1_1_1	15429_1_1_1	3000768.0	4000875.0	1000107.0	moderate	30477_1_1_1	128.0	6.0	0.0	0.34
25333_1_1_1	27129_1_1_1	15429_1_1_1	3000504.0	4000875.0	1000371.0	moderate	27129_1_1_1	126.0	4.0	0.0	2.94
25333_1_1_1	27510_1_1_1	15429_1_1_1	3000500.0	4000875.0	1000375.0	moderate	27510_1_1_1	125.0	4.0	0.0	0.31
25350_1_1_1	25350_1_1_1	25350_1_1_1	4001020.3295573993	4001020.3295573993	0.0	strict	25350_1_1_1	146.0	7.0	1.6704426008	0.44
25354_1_1_1	25354_1_1_1	25354_1_1_1	4000406.0	4000406.0	0.0	strict	25354_1_1_1	58.0	7.0	0.0	0.67
25356_1_1_1	25356_1_1_1	25356_1_1_1	3000877.5458865194	3000877.5458865194	0.0	moderate	25356_1_1_1	176.0	5.0	2.4541134808	1.17
25367_1_1_1	25367_1_1_1	25367_1_1_1	3000790.0	3000790.0	0.0	moderate	25367_1_1_1	158.0	5.0	0.0	0.61
25368_1_1_1	25368_1_1_1	25368_1_1_1	4001270.0	4001270.0	0.0	strict	25368_1_1_1	254.0	5.0	0.0	0.81
25371_1_1_1	25371_1_1_1	25371_1_1_1	3001036.0	3001036.0	0.0	moderate	25371_1_1_1	148.0	7.0	0.0	0.61
25372_1_1_1	25372_1_1_1	25372_1_1_1	3000588.0	3000588.0	0.0	moderate	25372_1_1_1	84.0	7.0	0.0	1.25
25380_1_1_1	25380_1_1_1	25380_1_1_1	4000560.0	4000560.0	0.0	strict	25380_1_1_1	80.0	7.0	0.0	0.09
25381_1_1_1	25381_1_1_1	25381_1_1_1	3001302.0	3001302.0	0.0	moderate	25381_1_1_1	186.0	7.0	0.0	1.53
25382_1_1_1	25382_1_1_1	25382_1_1_1	3000504.0	3000504.0	0.0	moderate	25382_1_1_1	84.0	6.0	0.0	0.22
25385_1_1_1	36161_1_1_1	36161_1_1_1	3001187.2149858777	3001187.2149858777	0.0	moderate	36161_1_1_1	170.0	7.0	2.7850141223	0.92
25385_1_1_1	25385_1_1_1	36161_1_1_1	3001187.213145039	3001187.2149858777	0.001840838696807623	moderate	25385_1_1_1	170.0	7.0	2.7868549608	0.91
25385_1_1_1	27395_1_1_1	36161_1_1_1	3000870.0	3001187.2149858777	317.2149858777411	moderate	27395_1_1_1	145.0	6.0	0.0	1.73
25391_1_1_1	25391_1_1_1	25391_1_1_1	3001215.036251997	3001215.036251997	0.0	moderate	25391_1_1_1	174.0	7.0	2.963748003	0.36
25395_1_1_1	25395_1_1_1	25395_1_1_1	3000728.0	3000728.0	0.0	moderate	25395_1_1_1	104.0	7.0	0.0	0.31
25397_1_1_1	25397_1_1_1	25397_1_1_1	4000882.0	4000882.0	0.0	strict	25397_1_1_1	126.0	7.0	0.0	0.5
25400_1_1_1	25400_1_1_1	25400_1_1_1	3000896.0	3000896.0	0.0	moderate	25400_1_1_1	128.0	7.0	0.0	1.86
25401_1_1_1	25401_1_1_1	25401_1_1_1	3000732.657485839	3000732.657485839	0.0	moderate	25401_1_1_1	105.0	7.0	2.3425141607	1.22
25402_1_1_1	25402_1_1_1	25402_1_1_1	3001138.0294511514	3001138.0294511514	0.0	moderate	25402_1_1_1	163.0	7.0	2.9705488487	1.04
25403_1_1_1	25403_1_1_1	25403_1_1_1	3001525.0	3001525.0	0.0	moderate	25403_1_1_1	305.0	5.0	0.0	0.77
25404_1_1_1	25404_1_1_1	25404_1_1_1	4000420.0	4000420.0	0.0	strict	25404_1_1_1	60.0	7.0	0.0	0.51
25417_1_1_1	25417_1_1_1	25417_1_1_1	3001075.2655947725	3001075.2655947725	0.0	moderate	25417_1_1_1	154.0	7.0	2.7344052275	1.3
25424_1_1_1	25424_1_1_1	25424_1_1_1	3000087.0	3000087.0	0.0	moderate	25424_1_1_1	29.0	3.0	0.0	0.0
25428_1_1_1	25428_1_1_1	25428_1_1_1	4000581.0	4000581.0	0.0	strict	25428_1_1_1	83.0	7.0	0.0	2.89
25432_1_1_1	25432_1_1_1	25432_1_1_1	4001785.0	4001785.0	0.0	strict	25432_1_1_1	255.0	7.0	0.0	0.65
25447_1_1_1	25447_1_1_1	25447_1_1_1	3000528.0	3000528.0	0.0	moderate	25447_1_1_1	88.0	6.0	0.0	0.69
25448_1_1_1	25448_1_1_1	25448_1_1_1	4000826.0	4000826.0	0.0	strict	25448_1_1_1	118.0	7.0	0.0	0.99
25448_1_1_1	16883_1_1_1	25448_1_1_1	3000844.0299880737	4000826.0	999981.9700119263	moderate	16883_1_1_1	121.0	7.0	2.9700119261	1.02
25449_1_1_1	25449_1_1_1	25449_1_1_1	4000609.0	4000609.0	0.0	strict	25449_1_1_1	87.0	7.0	0.0	1.03
25451_1_1_1	25451_1_1_1	25451_1_1_1	3000644.0	3000644.0	0.0	moderate	25451_1_1_1	92.0	7.0	0.0	1.4
25452_1_1_1	25452_1_1_1	25452_1_1_1	3000195.0	3000195.0	0.0	moderate	25452_1_1_1	39.0	5.0	0.0	0.29
25454_1_1_1	25454_1_1_1	25454_1_1_1	3000539.0	3000539.0	0.0	moderate	25454_1_1_1	77.0	7.0	0.0	0.44
25461_1_1_1	25461_1_1_1	25461_1_1_1	3000508.1360590653	3000508.1360590653	0.0	moderate	25461_1_1_1	73.0	7.0	2.8639409346	1.23
25463_1_1_1	25462_1_1_1	25462_1_1_1	3000695.0	3000695.0	0.0	moderate	25462_1_1_1	139.0	5.0	0.0	0.7
25463_1_1_1	25463_1_1_1	25462_1_1_1	3000690.0	3000695.0	5.0	moderate	25463_1_1_1	138.0	5.0	0.0	1.2
25464_1_1_1	25464_1_1_1	25464_1_1_1	4000476.0	4000476.0	0.0	strict	25464_1_1_1	68.0	7.0	0.0	0.47
25464_1_1_1	16253_1_1_1	25464_1_1_1	3000392.0	4000476.0	1000084.0	moderate	16253_1_1_1	56.0	7.0	0.0	0.32
2546_1_1_1	2546_1_1_1	2546_1_1_1	3000147.0	3000147.0	0.0	moderate	2546_1_1_1	49.0	3.0	0.0	0.0
25473_1_1_1	25473_1_1_1	25473_1_1_1	3000655.1673141355	3000655.1673141355	0.0	moderate	25473_1_1_1	94.0	7.0	2.8326858643	0.6
25476_1_1_1	25476_1_1_1	25476_1_1_1	3001012.240950362	3001012.240950362	0.0	moderate	25476_1_1_1	145.0	7.0	2.7590496387	1.28
25481_1_1_1	25481_1_1_1	25481_1_1_1	3000456.0	3000456.0	0.0	moderate	25481_1_1_1	114.0	4.0	0.0	2.49
25497_1_1_1	25497_1_1_1	25497_1_1_1	3000613.1345885256	3000613.1345885256	0.0	moderate	25497_1_1_1	88.0	7.0	2.8654114746	0.21
25499_1_1_1	25496_1_1_1	25496_1_1_1	4000693.0	4000693.0	0.0	strict	25496_1_1_1	99.0	7.0	0.0	1.06
25499_1_1_1	25499_1_1_1	25496_1_1_1	4000588.0	4000693.0	105.0	strict	25499_1_1_1	98.0	6.0	0.0	1.23
25508_1_1_1	25508_1_1_1	25508_1_1_1	3000599.653128101	3000599.653128101	0.0	moderate	25508_1_1_1	86.0	7.0	2.3468718989	0.2
25510_1_1_1	25510_1_1_1	25510_1_1_1	3000651.0	3000651.0	0.0	moderate	25510_1_1_1	93.0	7.0	0.0	0.32
25515_1_1_1	25515_1_1_1	25515_1_1_1	4000686.0	4000686.0	0.0	strict	25515_1_1_1	98.0	7.0	0.0	0.72
25515_1_1_1	25514_1_1_1	25515_1_1_1	3000686.0	4000686.0	1000000.0	moderate	25514_1_1_1	98.0	7.0	0.0	0.12
25516_1_1_1	25516_1_1_1	25516_1_1_1	3000100.0	3000100.0	0.0	moderate	25516_1_1_1	20.0	5.0	0.0	0.0
25532_1_1_1	25532_1_1_1	25532_1_1_1	3001817.518307611	3001817.518307611	0.0	moderate	25532_1_1_1	364.0	5.0	2.4816923891	1.54
25542_1_1_1	25542_1_1_1	25542_1_1_1	3000403.325255507	3000403.325255507	0.0	moderate	25542_1_1_1	58.0	7.0	2.674744493	2.48
25544_1_1_1	25544_1_1_1	25544_1_1_1	3000557.410885723	3000557.410885723	0.0	moderate	25544_1_1_1	80.0	7.0	2.5891142772	2.62
25557_1_1_1	25557_1_1_1	25557_1_1_1	4000775.0	4000775.0	0.0	strict	25557_1_1_1	155.0	5.0	0.0	0.65
25562_1_1_1	25562_1_1_1	25562_1_1_1	3001215.2204237916	3001215.2204237916	0.0	moderate	25562_1_1_1	174.0	7.0	2.7795762083	1.21
25565_1_1_1	25565_1_1_1	25565_1_1_1	3000746.5064458526	3000746.5064458526	0.0	moderate	25565_1_1_1	107.0	7.0	2.4935541476	0.31
25567_1_1_1	25567_1_1_1	25567_1_1_1	4000959.0	4000959.0	0.0	strict	25567_1_1_1	137.0	7.0	0.0	2.88
25570_1_1_1	25570_1_1_1	25570_1_1_1	3000168.0	3000168.0	0.0	moderate	25570_1_1_1	28.0	6.0	0.0	0.44
25577_1_1_1	6801_1_1_1	6801_1_1_1	3000649.2425210015	3000649.2425210015	0.0	moderate	6801_1_1_1	93.0	7.0	1.7574789987	2.87
25577_1_1_1	25577_1_1_1	6801_1_1_1	3000641.093231864	3000649.2425210015	8.149289137683809	moderate	25577_1_1_1	92.0	7.0	2.906768136	0.62
25577_1_1_1	11267_1_1_1	6801_1_1_1	3000634.8071581195	3000649.2425210015	14.435362881980836	moderate	11267_1_1_1	91.0	7.0	2.1928418803	0.33
25577_1_1_1	36007_1_1_1	6801_1_1_1	3000634.127481347	3000649.2425210015	15.11503965454176	moderate	36007_1_1_1	91.0	7.0	2.8725186532	0.39
25577_1_1_1	50142_1_1_1	6801_1_1_1	3000455.0	3000649.2425210015	194.2425210014917	moderate	50142_1_1_1	91.0	5.0	0.0	0.81
25587_1_1_1	25587_1_1_1	25587_1_1_1	4000707.0	4000707.0	0.0	strict	25587_1_1_1	101.0	7.0	0.0	0.2
25590_1_1_1	25590_1_1_1	25590_1_1_1	4001092.0	4001092.0	0.0	strict	25590_1_1_1	156.0	7.0	0.0	0.38
25590_1_1_1	34383_1_1_1	25590_1_1_1	4001092.0	4001092.0	0.0	strict	34383_1_1_1	156.0	7.0	0.0	0.86
25590_1_1_1	34281_1_1_1	25590_1_1_1	4000980.0	4001092.0	112.0	strict	34281_1_1_1	140.0	7.0	0.0	0.25
25590_1_1_1	4417_1_1_1	25590_1_1_1	3001092.0	4001092.0	1000000.0	moderate	4417_1_1_1	156.0	7.0	0.0	1.58
25590_1_1_1	52772_1_1_1	25590_1_1_1	3001092.0	4001092.0	1000000.0	moderate	52772_1_1_1	156.0	7.0	0.0	0.54
25590_1_1_1	5605_1_1_1	25590_1_1_1	3001085.0	4001092.0	1000007.0	moderate	5605_1_1_1	155.0	7.0	0.0	0.81
25590_1_1_1	50811_1_1_1	25590_1_1_1	3001078.0	4001092.0	1000014.0	moderate	50811_1_1_1	154.0	7.0	0.0	0.61
25590_1_1_1	4671_1_1_1	25590_1_1_1	3001071.0	4001092.0	1000021.0	moderate	4671_1_1_1	153.0	7.0	0.0	0.76
25590_1_1_1	5490_1_1_1	25590_1_1_1	3001071.0	4001092.0	1000021.0	moderate	5490_1_1_1	153.0	7.0	0.0	0.72
25590_1_1_1	27965_1_1_1	25590_1_1_1	3001071.0	4001092.0	1000021.0	moderate	27965_1_1_1	153.0	7.0	0.0	0.27
25590_1_1_1	25968_1_1_1	25590_1_1_1	3001071.0	4001092.0	1000021.0	moderate	25968_1_1_1	153.0	7.0	0.0	0.55
25590_1_1_1	27961_1_1_1	25590_1_1_1	3001064.0	4001092.0	1000028.0	moderate	27961_1_1_1	152.0	7.0	0.0	0.22
25590_1_1_1	27967_1_1_1	25590_1_1_1	3001064.0	4001092.0	1000028.0	moderate	27967_1_1_1	152.0	7.0	0.0	0.22
25590_1_1_1	27040_1_1_1	25590_1_1_1	3001064.0	4001092.0	1000028.0	moderate	27040_1_1_1	152.0	7.0	0.0	0.65
25590_1_1_1	50812_1_1_1	25590_1_1_1	3001064.0	4001092.0	1000028.0	moderate	50812_1_1_1	152.0	7.0	0.0	0.56
25590_1_1_1	18281_1_1_1	25590_1_1_1	3001057.0	4001092.0	1000035.0	moderate	18281_1_1_1	151.0	7.0	0.0	0.76
25590_1_1_1	27687_1_1_1	25590_1_1_1	3001050.0	4001092.0	1000042.0	moderate	27687_1_1_1	150.0	7.0	0.0	0.8
25590_1_1_1	28016_1_1_1	25590_1_1_1	3001015.0	4001092.0	1000077.0	moderate	28016_1_1_1	145.0	7.0	0.0	0.19
25610_1_1_1	25610_1_1_1	25610_1_1_1	3000090.0	3000090.0	0.0	moderate	25610_1_1_1	30.0	3.0	0.0	0.0
25612_1_1_1	25612_1_1_1	25612_1_1_1	3000490.0	3000490.0	0.0	moderate	25612_1_1_1	70.0	7.0	0.0	1.1
25618_1_1_1	25618_1_1_1	25618_1_1_1	4000368.0	4000368.0	0.0	strict	25618_1_1_1	92.0	4.0	0.0	0.35
25627_1_1_1	25627_1_1_1	25627_1_1_1	3000623.0	3000623.0	0.0	moderate	25627_1_1_1	89.0	7.0	0.0	0.32
25636_1_1_1	25636_1_1_1	25636_1_1_1	4000384.0	4000384.0	0.0	strict	25636_1_1_1	64.0	6.0	0.0	0.4
25638_1_1_1	25638_1_1_1	25638_1_1_1	4000742.0	4000742.0	0.0	strict	25638_1_1_1	106.0	7.0	0.0	0.47
25645_1_1_1	30374_1_1_1	30374_1_1_1	4000609.0	4000609.0	0.0	strict	30374_1_1_1	87.0	7.0	0.0	2.07
25645_1_1_1	25527_1_1_1	30374_1_1_1	4000609.0	4000609.0	0.0	strict	25527_1_1_1	87.0	7.0	0.0	1.87
25645_1_1_1	25645_1_1_1	30374_1_1_1	4000540.0	4000609.0	69.0	strict	25645_1_1_1	90.0	6.0	0.0	2.19
25645_1_1_1	27046_1_1_1	30374_1_1_1	4000510.0	4000609.0	99.0	strict	27046_1_1_1	85.0	6.0	0.0	1.71
25645_1_1_1	28034_1_1_1	30374_1_1_1	3000338.01348862	4000609.0	1000270.98651138	moderate	28034_1_1_1	85.0	4.0	1.9865113798	0.0
25650_1_1_1	25650_1_1_1	25650_1_1_1	3000602.0	3000602.0	0.0	moderate	25650_1_1_1	86.0	7.0	0.0	0.78
25657_1_1_1	25657_1_1_1	25657_1_1_1	3000594.0	3000594.0	0.0	moderate	25657_1_1_1	99.0	6.0	0.0	0.66
25658_1_1_1	25658_1_1_1	25658_1_1_1	3001166.0065974696	3001166.0065974696	0.0	moderate	25658_1_1_1	167.0	7.0	2.9934025305	1.03
25662_1_1_1	25662_1_1_1	25662_1_1_1	3000651.0	3000651.0	0.0	moderate	25662_1_1_1	93.0	7.0	0.0	1.34
25665_1_1_1	25665_1_1_1	25665_1_1_1	4001162.032939432	4001162.032939432	0.0	strict	25665_1_1_1	194.0	6.0	1.9670605676	1.96
25668_1_1_1	25659_1_1_1	25659_1_1_1	4000322.0	4000322.0	0.0	strict	25659_1_1_1	46.0	7.0	0.0	3.01
25668_1_1_1	25668_1_1_1	25659_1_1_1	4000301.0	4000322.0	21.0	strict	25668_1_1_1	43.0	7.0	0.0	0.96
25684_3_1_1	25684_3_1_1	25684_3_1_1	3000142.7681361283	3000142.7681361283	0.0	moderate	25684_3_1_1	36.0	4.0	1.2318638718	0.0
25685_1_1_1	25685_1_1_1	25685_1_1_1	4001002.0	4001002.0	0.0	strict	25685_1_1_1	167.0	6.0	0.0	0.32
25690_1_1_1	25690_1_1_1	25690_1_1_1	3000914.0495938472	3000914.0495938472	0.0	moderate	25690_1_1_1	131.0	7.0	2.9504061526	1.36
25691_1_1_1	25691_1_1_1	25691_1_1_1	4000212.0	4000212.0	0.0	strict	25691_1_1_1	53.0	4.0	0.0	0.0
25691_1_1_1	4864_1_1_1	25691_1_1_1	3000196.0	4000212.0	1000016.0	moderate	4864_1_1_1	49.0	4.0	0.0	0.0
25691_1_1_1	146_1_1_1	25691_1_1_1	3000165.0	4000212.0	1000047.0	moderate	146_1_1_1	55.0	3.0	0.0	0.0
25691_1_1_1	5519_1_1_1	25691_1_1_1	3000162.0	4000212.0	1000050.0	moderate	5519_1_1_1	54.0	3.0	0.0	0.0
25691_1_1_1	5469_1_1_1	25691_1_1_1	3000156.0	4000212.0	1000056.0	moderate	5469_1_1_1	52.0	3.0	0.0	0.0
25691_1_1_1	5470_1_1_1	25691_1_1_1	3000156.0	4000212.0	1000056.0	moderate	5470_1_1_1	52.0	3.0	0.0	0.0
25692_1_1_1	25692_1_1_1	25692_1_1_1	3000552.0	3000552.0	0.0	moderate	25692_1_1_1	138.0	4.0	0.0	0.0
25698_1_1_1	25697_1_1_1	25697_1_1_1	4001065.0	4001065.0	0.0	strict	25697_1_1_1	213.0	5.0	0.0	1.08
25698_1_1_1	25698_1_1_1	25697_1_1_1	4000816.0	4001065.0	249.0	strict	25698_1_1_1	204.0	4.0	0.0	0.0
25698_1_1_1	25696_1_1_1	25697_1_1_1	3001055.0	4001065.0	1000010.0	moderate	25696_1_1_1	211.0	5.0	0.0	0.95
25698_1_1_1	16367_1_1_1	25697_1_1_1	3001050.0	4001065.0	1000015.0	moderate	16367_1_1_1	210.0	5.0	0.0	1.68
25698_1_1_1	16393_1_1_1	25697_1_1_1	3000525.0	4001065.0	1000540.0	moderate	16393_1_1_1	175.0	3.0	0.0	0.0
25699_1_1_1	25699_1_1_1	25699_1_1_1	3000140.0	3000140.0	0.0	moderate	25699_1_1_1	28.0	5.0	0.0	0.22
25705_1_1_1	25705_1_1_1	25705_1_1_1	3001115.0	3001115.0	0.0	moderate	25705_1_1_1	223.0	5.0	0.0	0.6
25712_1_1_1	25712_1_1_1	25712_1_1_1	4001477.0	4001477.0	0.0	strict	25712_1_1_1	211.0	7.0	0.0	0.28
25718_1_1_1	25718_1_1_1	25718_1_1_1	3000322.0	3000322.0	0.0	moderate	25718_1_1_1	46.0	7.0	0.0	0.87
25720_1_1_1	25720_1_1_1	25720_1_1_1	3000385.0	3000385.0	0.0	moderate	25720_1_1_1	55.0	7.0	0.0	0.28
25721_1_1_1	25721_1_1_1	25721_1_1_1	3000270.3783907415	3000270.3783907415	0.0	moderate	25721_1_1_1	39.0	7.0	2.6216092583	0.51
25722_1_1_1	25722_1_1_1	25722_1_1_1	3000192.0	3000192.0	0.0	moderate	25722_1_1_1	48.0	4.0	0.0	0.0
25725_1_1_1	36041_1_1_1	36041_1_1_1	3000078.0	3000078.0	0.0	moderate	36041_1_1_1	26.0	3.0	0.0	0.0
25725_1_1_1	25725_1_1_1	36041_1_1_1	3000075.0	3000078.0	3.0	moderate	25725_1_1_1	25.0	3.0	0.0	0.0
25728_1_1_1	25728_1_1_1	25728_1_1_1	4000800.0	4000800.0	0.0	strict	25728_1_1_1	160.0	5.0	0.0	0.33
25740_1_1_1	25740_1_1_1	25740_1_1_1	3000613.610342086	3000613.610342086	0.0	moderate	25740_1_1_1	88.0	7.0	2.3896579142	0.86
25743_1_1_1	25743_1_1_1	25743_1_1_1	3000723.007973174	3000723.007973174	0.0	moderate	25743_1_1_1	121.0	6.0	2.992026826	0.31
25748_1_1_1	25748_1_1_1	25748_1_1_1	3000864.0	3000864.0	0.0	moderate	25748_1_1_1	144.0	6.0	0.0	1.92
25750_1_1_1	25750_1_1_1	25750_1_1_1	3000429.334618901	3000429.334618901	0.0	moderate	25750_1_1_1	72.0	6.0	2.6653810993	3.53
25754_1_1_1	25754_1_1_1	25754_1_1_1	3000105.0	3000105.0	0.0	moderate	25754_1_1_1	21.0	5.0	0.0	0.0
25755_1_1_1	18710_1_1_1	18710_1_1_1	3000357.0	3000357.0	0.0	moderate	18710_1_1_1	51.0	7.0	0.0	1.21
25755_1_1_1	25755_1_1_1	18710_1_1_1	3000324.0	3000357.0	33.0	moderate	25755_1_1_1	54.0	6.0	0.0	0.47
25755_1_1_1	25753_1_1_1	18710_1_1_1	3000306.0	3000357.0	51.0	moderate	25753_1_1_1	51.0	6.0	0.0	1.08
25755_1_1_1	4067_4_1_1	18710_1_1_1	3000156.0	3000357.0	201.0	moderate	4067_4_1_1	52.0	3.0	0.0	0.0
25755_1_1_1	5296_1_1_1	18710_1_1_1	3000150.0	3000357.0	207.0	moderate	5296_1_1_1	50.0	3.0	0.0	0.0
25755_1_1_1	5724_1_1_1	18710_1_1_1	3000150.0	3000357.0	207.0	moderate	5724_1_1_1	50.0	3.0	0.0	0.0
25755_1_1_1	5725_1_1_1	18710_1_1_1	3000150.0	3000357.0	207.0	moderate	5725_1_1_1	50.0	3.0	0.0	0.0
25755_1_1_1	5726_1_1_1	18710_1_1_1	3000150.0	3000357.0	207.0	moderate	5726_1_1_1	50.0	3.0	0.0	0.0
25755_1_1_1	5727_1_1_1	18710_1_1_1	3000150.0	3000357.0	207.0	moderate	5727_1_1_1	50.0	3.0	0.0	0.0
25755_1_1_1	5728_1_1_1	18710_1_1_1	3000150.0	3000357.0	207.0	moderate	5728_1_1_1	50.0	3.0	0.0	0.0
25760_1_1_1	25760_1_1_1	25760_1_1_1	4001155.0	4001155.0	0.0	strict	25760_1_1_1	165.0	7.0	0.0	3.01
25761_1_1_1	25761_1_1_1	25761_1_1_1	4000648.0	4000648.0	0.0	strict	25761_1_1_1	108.0	6.0	0.0	2.64
25770_1_1_1	25770_1_1_1	25770_1_1_1	3000977.49020592	3000977.49020592	0.0	moderate	25770_1_1_1	140.0	7.0	2.5097940803	0.86
25771_1_1_1	25771_1_1_1	25771_1_1_1	3000105.55160713	3000105.55160713	0.0	moderate	25771_1_1_1	36.0	3.0	2.4483928699	0.0
25772_1_1_1	25772_1_1_1	25772_1_1_1	3000165.0	3000165.0	0.0	moderate	25772_1_1_1	55.0	3.0	0.0	0.0
25774_1_1_1	25774_1_1_1	25774_1_1_1	3000210.0	3000210.0	0.0	moderate	25774_1_1_1	30.0	7.0	0.0	0.0
25778_1_1_1	25778_1_1_1	25778_1_1_1	3000518.0	3000518.0	0.0	moderate	25778_1_1_1	74.0	7.0	0.0	0.62
25782_1_1_1	25782_1_1_1	25782_1_1_1	3000090.0	3000090.0	0.0	moderate	25782_1_1_1	18.0	5.0	0.0	0.0
25783_1_1_1	25783_1_1_1	25783_1_1_1	3000110.0	3000110.0	0.0	moderate	25783_1_1_1	22.0	5.0	0.0	0.0
25786_1_1_1	30199_1_1_1	30199_1_1_1	3000546.0	3000546.0	0.0	moderate	30199_1_1_1	78.0	7.0	0.0	0.1
25786_1_1_1	25786_1_1_1	30199_1_1_1	3000539.0	3000546.0	7.0	moderate	25786_1_1_1	77.0	7.0	0.0	0.1
25789_1_1_1	25789_1_1_1	25789_1_1_1	4000336.0	4000336.0	0.0	strict	25789_1_1_1	48.0	7.0	0.0	1.87
25790_1_1_1	25790_1_1_1	25790_1_1_1	4000469.0	4000469.0	0.0	strict	25790_1_1_1	67.0	7.0	0.0	0.52
25792_1_1_1	25792_1_1_1	25792_1_1_1	4000464.0	4000464.0	0.0	strict	25792_1_1_1	116.0	4.0	0.0	2.97
25798_1_1_1	25798_1_1_1	25798_1_1_1	4001001.0	4001001.0	0.0	strict	25798_1_1_1	143.0	7.0	0.0	2.27
25801_1_1_1	25801_1_1_1	25801_1_1_1	4000567.0	4000567.0	0.0	strict	25801_1_1_1	81.0	7.0	0.0	1.2
25802_1_1_1	25802_1_1_1	25802_1_1_1	3000966.0	3000966.0	0.0	moderate	25802_1_1_1	138.0	7.0	0.0	0.49
25804_1_1_1	25804_1_1_1	25804_1_1_1	3000174.0	3000174.0	0.0	moderate	25804_1_1_1	29.0	6.0	0.0	0.0
25805_1_1_1	25805_1_1_1	25805_1_1_1	4000896.0	4000896.0	0.0	strict	25805_1_1_1	128.0	7.0	0.0	0.73
25806_1_1_1	25806_1_1_1	25806_1_1_1	4000245.0	4000245.0	0.0	strict	25806_1_1_1	35.0	7.0	0.0	1.03
25816_1_1_1	25816_1_1_1	25816_1_1_1	4000618.0	4000618.0	0.0	strict	25816_1_1_1	103.0	6.0	0.0	1.52
25818_1_1_1	25818_1_1_1	25818_1_1_1	3000312.375085774	3000312.375085774	0.0	moderate	25818_1_1_1	45.0	7.0	2.6249142262	0.64
25819_1_1_1	25600_1_1_1	25600_1_1_1	4000564.0	4000564.0	0.0	strict	25600_1_1_1	94.0	6.0	0.0	0.79
25819_1_1_1	25819_1_1_1	25600_1_1_1	4000540.0	4000564.0	24.0	strict	25819_1_1_1	90.0	6.0	0.0	0.79
25827_1_1_1	25827_1_1_1	25827_1_1_1	4000518.0	4000518.0	0.0	strict	25827_1_1_1	74.0	7.0	0.0	1.98
25834_1_1_1	25834_1_1_1	25834_1_1_1	3001194.21791522	3001194.21791522	0.0	moderate	25834_1_1_1	171.0	7.0	2.7820847799	1.29
25836_1_1_1	25836_1_1_1	25836_1_1_1	3000336.0	3000336.0	0.0	moderate	25836_1_1_1	56.0	6.0	0.0	2.49
25838_1_1_1	25838_1_1_1	25838_1_1_1	3000387.000004568	3000387.000004568	0.0	moderate	25838_1_1_1	78.0	5.0	2.9999954319	1.41
25845_1_1_1	25845_1_1_1	25845_1_1_1	3000102.0	3000102.0	0.0	moderate	25845_1_1_1	34.0	3.0	0.0	0.0
25845_1_1_1	25844_1_1_1	25845_1_1_1	3000102.0	3000102.0	0.0	moderate	25844_1_1_1	34.0	3.0	0.0	0.0
25845_1_1_1	17956_1_1_1	25845_1_1_1	3000084.0	3000102.0	18.0	moderate	17956_1_1_1	28.0	3.0	0.0	0.0
25846_1_1_1	25846_1_1_1	25846_1_1_1	3000057.0	3000057.0	0.0	moderate	25846_1_1_1	19.0	3.0	0.0	0.0
25848_1_1_1	25848_1_1_1	25848_1_1_1	3000504.0	3000504.0	0.0	moderate	25848_1_1_1	72.0	7.0	0.0	0.68
25853_1_1_1	25853_1_1_1	25853_1_1_1	3000518.0	3000518.0	0.0	moderate	25853_1_1_1	74.0	7.0	0.0	1.2
25856_1_1_1	31199_1_1_1	31199_1_1_1	4000490.0	4000490.0	0.0	strict	31199_1_1_1	70.0	7.0	0.0	2.72
25856_1_1_1	25856_1_1_1	31199_1_1_1	4000469.0	4000490.0	21.0	strict	25856_1_1_1	67.0	7.0	0.0	0.72
25856_1_1_1	27349_1_1_1	31199_1_1_1	3000518.0	4000490.0	999972.0	moderate	27349_1_1_1	74.0	7.0	0.0	0.75
25856_1_1_1	26649_1_1_1	31199_1_1_1	3000497.0	4000490.0	999993.0	moderate	26649_1_1_1	71.0	7.0	0.0	0.81
25856_1_1_1	25656_1_1_1	31199_1_1_1	3000476.0	4000490.0	1000014.0	moderate	25656_1_1_1	68.0	7.0	0.0	0.92
25857_1_1_1	25858_1_1_1	25858_1_1_1	3000153.0	3000153.0	0.0	moderate	25858_1_1_1	51.0	3.0	0.0	0.0
25857_1_1_1	25857_1_1_1	25858_1_1_1	3000147.0	3000153.0	6.0	moderate	25857_1_1_1	49.0	3.0	0.0	0.0
25863_2_1_1	25863_2_1_1	25863_2_1_1	3000697.2469059327	3000697.2469059327	0.0	moderate	25863_2_1_1	140.0	5.0	2.7530940675	1.25
25872_1_1_1	25872_1_1_1	25872_1_1_1	3000259.0	3000259.0	0.0	moderate	25872_1_1_1	37.0	7.0	0.0	2.75
25880_1_1_1	25880_1_1_1	25880_1_1_1	4000428.374545018	4000428.374545018	0.0	strict	25880_1_1_1	86.0	5.0	1.6254549817	0.53
25886_1_1_1	25886_1_1_1	25886_1_1_1	4000609.0	4000609.0	0.0	strict	25886_1_1_1	87.0	7.0	0.0	0.15
25887_1_1_1	25887_1_1_1	25887_1_1_1	3000518.0	3000518.0	0.0	moderate	25887_1_1_1	74.0	7.0	0.0	0.82
25896_1_1_1	25896_1_1_1	25896_1_1_1	4000780.0	4000780.0	0.0	strict	25896_1_1_1	156.0	5.0	0.0	0.46
25904_1_1_1	25904_1_1_1	25904_1_1_1	4001016.0	4001016.0	0.0	strict	25904_1_1_1	254.0	4.0	0.0	0.0
25904_1_1_1	27048_1_1_1	25904_1_1_1	3001785.0	4001016.0	999231.0	moderate	27048_1_1_1	255.0	7.0	0.0	0.57
25905_1_1_1	25905_1_1_1	25905_1_1_1	3000651.0748116486	3000651.0748116486	0.0	moderate	25905_1_1_1	109.0	6.0	2.9251883516	0.96
25912_1_1_1	25912_1_1_1	25912_1_1_1	3000669.6370745455	3000669.6370745455	0.0	moderate	25912_1_1_1	96.0	7.0	2.3629254543	1.07
25918_1_1_1	25918_1_1_1	25918_1_1_1	4000887.824242107	4000887.824242107	0.0	strict	25918_1_1_1	127.0	7.0	1.1757578923	1.2
25922_1_1_1	25922_1_1_1	25922_1_1_1	3000120.0	3000120.0	0.0	moderate	25922_1_1_1	40.0	3.0	0.0	0.0
25924_1_1_1	25924_1_1_1	25924_1_1_1	4000518.0	4000518.0	0.0	strict	25924_1_1_1	74.0	7.0	0.0	2.73
25924_1_1_1	16256_1_1_1	25924_1_1_1	3000426.0	4000518.0	1000092.0	moderate	16256_1_1_1	71.0	6.0	0.0	1.04
25929_1_1_1	25929_1_1_1	25929_1_1_1	4000104.0	4000104.0	0.0	strict	25929_1_1_1	26.0	4.0	0.0	0.0
25930_1_1_1	25930_1_1_1	25930_1_1_1	4000104.0	4000104.0	0.0	strict	25930_1_1_1	26.0	4.0	0.0	0.0
25935_1_1_1	25935_1_1_1	25935_1_1_1	3000284.134565304	3000284.134565304	0.0	moderate	25935_1_1_1	41.0	7.0	2.865434696	0.6
25939_1_1_1	25939_1_1_1	25939_1_1_1	3000093.0	3000093.0	0.0	moderate	25939_1_1_1	31.0	3.0	0.0	0.0
25944_1_1_1	25944_1_1_1	25944_1_1_1	4000679.0	4000679.0	0.0	strict	25944_1_1_1	97.0	7.0	0.0	0.25
25952_1_1_1	25952_1_1_1	25952_1_1_1	4000440.0	4000440.0	0.0	strict	25952_1_1_1	88.0	5.0	0.0	1.84
25956_1_1_1	25956_1_1_1	25956_1_1_1	3000726.160681131	3000726.160681131	0.0	moderate	25956_1_1_1	104.0	7.0	1.8393188691	0.51
25970_1_1_1	25970_1_1_1	25970_1_1_1	4000811.0392497666	4000811.0392497666	0.0	strict	25970_1_1_1	116.0	7.0	0.9607502333	2.7
25975_1_1_1	25975_1_1_1	25975_1_1_1	3000791.0	3000791.0	0.0	moderate	25975_1_1_1	113.0	7.0	0.0	0.69
25976_1_1_1	25976_1_1_1	25976_1_1_1	4000644.0	4000644.0	0.0	strict	25976_1_1_1	92.0	7.0	0.0	0.77
25983_1_1_1	25983_1_1_1	25983_1_1_1	4000630.0	4000630.0	0.0	strict	25983_1_1_1	105.0	6.0	0.0	1.64
25993_1_1_1	27170_1_1_1	27170_1_1_1	4001218.0	4001218.0	0.0	strict	27170_1_1_1	174.0	7.0	0.0	1.35
25993_1_1_1	16173_1_1_1	27170_1_1_1	4001211.0	4001218.0	7.0	strict	16173_1_1_1	173.0	7.0	0.0	1.08
25993_1_1_1	25993_1_1_1	27170_1_1_1	4001197.0	4001218.0	21.0	strict	25993_1_1_1	171.0	7.0	0.0	1.15
25993_1_1_1	18953_1_1_1	27170_1_1_1	4001190.0	4001218.0	28.0	strict	18953_1_1_1	170.0	7.0	0.0	0.51
25993_1_1_1	6253_1_1_1	27170_1_1_1	3001211.0	4001218.0	1000007.0	moderate	6253_1_1_1	173.0	7.0	0.0	0.89
25993_1_1_1	17576_1_1_1	27170_1_1_1	3001204.0	4001218.0	1000014.0	moderate	17576_1_1_1	172.0	7.0	0.0	0.89
25993_1_1_1	17582_1_1_1	27170_1_1_1	3001183.0	4001218.0	1000035.0	moderate	17582_1_1_1	169.0	7.0	0.0	0.9
25994_1_1_1	25994_1_1_1	25994_1_1_1	4000702.0	4000702.0	0.0	strict	25994_1_1_1	117.0	6.0	0.0	0.85
26001_1_1_1	26001_1_1_1	26001_1_1_1	3000378.0	3000378.0	0.0	moderate	26001_1_1_1	54.0	7.0	0.0	0.7
26010_1_1_1	26010_1_1_1	26010_1_1_1	4001134.0	4001134.0	0.0	strict	26010_1_1_1	162.0	7.0	0.0	0.97
26011_1_1_1	26011_1_1_1	26011_1_1_1	4000910.0	4000910.0	0.0	strict	26011_1_1_1	130.0	7.0	0.0	0.62
26022_1_1_1	26022_1_1_1	26022_1_1_1	4000595.0	4000595.0	0.0	strict	26022_1_1_1	85.0	7.0	0.0	1.06
26025_1_1_1	26025_1_1_1	26025_1_1_1	3000725.5684810393	3000725.5684810393	0.0	moderate	26025_1_1_1	104.0	7.0	2.4315189607	1.09
26034_1_1_1	26034_1_1_1	26034_1_1_1	4000170.0	4000170.0	0.0	strict	26034_1_1_1	34.0	5.0	0.0	0.15
26037_1_1_1	26038_1_1_1	26038_1_1_1	3000066.0	3000066.0	0.0	moderate	26038_1_1_1	22.0	3.0	0.0	0.0
26037_1_1_1	26037_1_1_1	26038_1_1_1	3000057.0	3000066.0	9.0	moderate	26037_1_1_1	19.0	3.0	0.0	0.0
26037_1_1_1	26036_1_1_1	26038_1_1_1	3000057.0	3000066.0	9.0	moderate	26036_1_1_1	19.0	3.0	0.0	0.0
26040_1_1_1	26040_1_1_1	26040_1_1_1	3000066.0	3000066.0	0.0	moderate	26040_1_1_1	22.0	3.0	0.0	0.0
26044_1_1_1	26044_1_1_1	26044_1_1_1	3001085.0	3001085.0	0.0	moderate	26044_1_1_1	217.0	5.0	0.0	2.92
26046_1_1_1	26046_1_1_1	26046_1_1_1	4000252.0	4000252.0	0.0	strict	26046_1_1_1	36.0	7.0	0.0	0.0
26052_1_1_1	26052_1_1_1	26052_1_1_1	3000893.4866352165	3000893.4866352165	0.0	moderate	26052_1_1_1	128.0	7.0	2.5133647837	1.28
26053_1_1_1	26053_1_1_1	26053_1_1_1	4000742.0	4000742.0	0.0	strict	26053_1_1_1	106.0	7.0	0.0	1.35
26054_1_1_1	26054_1_1_1	26054_1_1_1	3000188.0	3000188.0	0.0	moderate	26054_1_1_1	47.0	4.0	0.0	0.0
26056_1_1_1	26056_1_1_1	26056_1_1_1	3000066.0	3000066.0	0.0	moderate	26056_1_1_1	22.0	3.0	0.0	0.0
26058_1_1_1	26058_1_1_1	26058_1_1_1	4000492.0	4000492.0	0.0	strict	26058_1_1_1	123.0	4.0	0.0	0.0
26061_1_1_1	26061_1_1_1	26061_1_1_1	3000826.0	3000826.0	0.0	moderate	26061_1_1_1	118.0	7.0	0.0	0.7
26063_1_1_1	26063_1_1_1	26063_1_1_1	4000184.0	4000184.0	0.0	strict	26063_1_1_1	46.0	4.0	0.0	0.0
26068_1_1_1	26068_1_1_1	26068_1_1_1	4000576.0	4000576.0	0.0	strict	26068_1_1_1	96.0	6.0	0.0	1.85
26309_1_1_1	26309_1_1_1	26309_1_1_1	4000690.0	4000690.0	0.0	strict	26309_1_1_1	138.0	5.0	0.0	0.68
26312_1_1_1	26312_1_1_1	26312_1_1_1	4000602.0	4000602.0	0.0	strict	26312_1_1_1	86.0	7.0	0.0	0.43
26315_1_1_1	26315_1_1_1	26315_1_1_1	3000138.0	3000138.0	0.0	moderate	26315_1_1_1	46.0	3.0	0.0	0.0
26317_1_1_1	26317_1_1_1	26317_1_1_1	3000507.309375558	3000507.309375558	0.0	moderate	26317_1_1_1	102.0	5.0	2.690624442	1.15
26318_1_1_1	26318_1_1_1	26318_1_1_1	3000746.013438706	3000746.013438706	0.0	moderate	26318_1_1_1	187.0	4.0	1.9865612947	0.52
26321_1_1_1	26321_1_1_1	26321_1_1_1	3000240.0	3000240.0	0.0	moderate	26321_1_1_1	48.0	5.0	0.0	2.2
26322_1_1_1	26322_1_1_1	26322_1_1_1	4000500.0	4000500.0	0.0	strict	26322_1_1_1	100.0	5.0	0.0	2.82
26328_1_1_1	26328_1_1_1	26328_1_1_1	3000510.0	3000510.0	0.0	moderate	26328_1_1_1	102.0	5.0	0.0	1.11
26345_1_1_1	26345_1_1_1	26345_1_1_1	3000593.1634622114	3000593.1634622114	0.0	moderate	26345_1_1_1	119.0	5.0	1.8365377888	0.86
26517_1_1_1	26517_1_1_1	26517_1_1_1	4000642.0	4000642.0	0.0	strict	26517_1_1_1	107.0	6.0	0.0	0.41
26518_1_1_1	26518_1_1_1	26518_1_1_1	4000882.0	4000882.0	0.0	strict	26518_1_1_1	126.0	7.0	0.0	1.75
26527_1_1_1	26527_1_1_1	26527_1_1_1	4000420.0	4000420.0	0.0	strict	26527_1_1_1	84.0	5.0	0.0	0.36
26530_1_1_1	26530_1_1_1	26530_1_1_1	3001138.477784006	3001138.477784006	0.0	moderate	26530_1_1_1	163.0	7.0	2.5222159943	0.99
26534_1_1_1	26534_1_1_1	26534_1_1_1	4000868.0	4000868.0	0.0	strict	26534_1_1_1	124.0	7.0	0.0	0.98
26551_1_1_1	26551_1_1_1	26551_1_1_1	4000985.0	4000985.0	0.0	strict	26551_1_1_1	197.0	5.0	0.0	1.12
26551_1_1_1	5700_1_1_1	26551_1_1_1	3001335.056147269	4000985.0	999649.943852731	moderate	5700_1_1_1	223.0	6.0	2.9438527311	1.07
26551_1_1_1	51753_1_1_1	26551_1_1_1	3000960.0	4000985.0	1000025.0	moderate	51753_1_1_1	192.0	5.0	0.0	1.5
26553_1_1_1	26553_1_1_1	26553_1_1_1	4000789.1438407768	4000789.1438407768	0.0	strict	26553_1_1_1	113.0	7.0	1.8561592232	0.4
26554_1_1_1	26554_1_1_1	26554_1_1_1	3000319.504328968	3000319.504328968	0.0	moderate	26554_1_1_1	46.0	7.0	2.4956710322	0.32
26562_1_1_1	26562_1_1_1	26562_1_1_1	4000276.0	4000276.0	0.0	strict	26562_1_1_1	46.0	6.0	0.0	0.77
26565_1_1_1	26565_1_1_1	26565_1_1_1	3000238.3380604833	3000238.3380604833	0.0	moderate	26565_1_1_1	48.0	5.0	1.6619395165	0.85
26569_1_1_1	26569_1_1_1	26569_1_1_1	4001155.0	4001155.0	0.0	strict	26569_1_1_1	231.0	5.0	0.0	2.01
26574_1_1_1	26574_1_1_1	26574_1_1_1	4000460.0	4000460.0	0.0	strict	26574_1_1_1	92.0	5.0	0.0	2.16
26579_1_1_1	26579_1_1_1	26579_1_1_1	3000662.7346249227	3000662.7346249227	0.0	moderate	26579_1_1_1	95.0	7.0	2.2653750771	0.89
26580_1_1_1	26580_1_1_1	26580_1_1_1	3001127.0	3001127.0	0.0	moderate	26580_1_1_1	161.0	7.0	0.0	1.2
26589_1_1_1	26589_1_1_1	26589_1_1_1	4001360.0	4001360.0	0.0	strict	26589_1_1_1	272.0	5.0	0.0	0.95
26592_1_1_1	26592_1_1_1	26592_1_1_1	4000240.0	4000240.0	0.0	strict	26592_1_1_1	60.0	4.0	0.0	0.24
26593_1_1_1	26593_1_1_1	26593_1_1_1	4000686.0	4000686.0	0.0	strict	26593_1_1_1	98.0	7.0	0.0	1.4
26594_1_1_1	26594_1_1_1	26594_1_1_1	3000250.0	3000250.0	0.0	moderate	26594_1_1_1	50.0	5.0	0.0	0.81
26608_1_1_1	26608_1_1_1	26608_1_1_1	3001087.165436881	3001087.165436881	0.0	moderate	26608_1_1_1	218.0	5.0	2.8345631189	0.66
26615_1_1_1	26615_1_1_1	26615_1_1_1	3000982.573523365	3000982.573523365	0.0	moderate	26615_1_1_1	197.0	5.0	2.4264766351	1.3
26618_1_1_1	26618_1_1_1	26618_1_1_1	3000819.0	3000819.0	0.0	moderate	26618_1_1_1	117.0	7.0	0.0	0.37
26619_1_1_1	26619_1_1_1	26619_1_1_1	4000540.0	4000540.0	0.0	strict	26619_1_1_1	108.0	5.0	0.0	2.41
26619_1_1_1	16170_1_1_1	26619_1_1_1	3000300.0	4000540.0	1000240.0	moderate	16170_1_1_1	100.0	3.0	0.0	0.0
26624_1_1_1	26624_1_1_1	26624_1_1_1	3000372.7605380276	3000372.7605380276	0.0	moderate	26624_1_1_1	75.0	5.0	2.2394619724	0.68
26631_1_1_1	26631_1_1_1	26631_1_1_1	4000695.0	4000695.0	0.0	strict	26631_1_1_1	139.0	5.0	0.0	0.71
26638_1_1_1	26638_1_1_1	26638_1_1_1	4001127.0	4001127.0	0.0	strict	26638_1_1_1	161.0	7.0	0.0	0.64
26642_1_1_1	26642_1_1_1	26642_1_1_1	4000973.2169170985	4000973.2169170985	0.0	strict	26642_1_1_1	195.0	5.0	1.7830829016	2.16
26643_1_1_1	26643_1_1_1	26643_1_1_1	3000573.7198311854	3000573.7198311854	0.0	moderate	26643_1_1_1	96.0	6.0	2.2801688147	1.08
26646_1_1_1	26646_1_1_1	26646_1_1_1	4000885.0	4000885.0	0.0	strict	26646_1_1_1	177.0	5.0	0.0	1.13
26647_1_1_1	26647_1_1_1	26647_1_1_1	4000996.0	4000996.0	0.0	strict	26647_1_1_1	166.0	6.0	0.0	2.97
26650_1_1_1	26650_1_1_1	26650_1_1_1	4000399.0	4000399.0	0.0	strict	26650_1_1_1	57.0	7.0	0.0	1.76
26654_1_1_1	26654_1_1_1	26654_1_1_1	3000512.0747799794	3000512.0747799794	0.0	moderate	26654_1_1_1	103.0	5.0	2.9252200207	1.17
26657_1_1_1	26657_1_1_1	26657_1_1_1	4001141.0	4001141.0	0.0	strict	26657_1_1_1	163.0	7.0	0.0	1.78
26657_1_1_1	50970_1_1_1	26657_1_1_1	3000885.0	4001141.0	1000256.0	moderate	50970_1_1_1	177.0	5.0	0.0	1.52
26658_1_1_1	26658_1_1_1	26658_1_1_1	3000780.0	3000780.0	0.0	moderate	26658_1_1_1	156.0	5.0	0.0	0.42
26661_1_1_1	6226_1_1_1	6226_1_1_1	3000889.0	3000889.0	0.0	moderate	6226_1_1_1	127.0	7.0	0.0	0.75
26661_1_1_1	26661_1_1_1	6226_1_1_1	3000882.0	3000889.0	7.0	moderate	26661_1_1_1	126.0	7.0	0.0	0.56
26693_1_1_1	26693_1_1_1	26693_1_1_1	3000545.0	3000545.0	0.0	moderate	26693_1_1_1	109.0	5.0	0.0	0.51
26698_1_1_1	17715_1_1_1	17715_1_1_1	4000322.0	4000322.0	0.0	strict	17715_1_1_1	46.0	7.0	0.0	1.67
26698_1_1_1	25349_1_1_1	17715_1_1_1	4000287.0	4000322.0	35.0	strict	25349_1_1_1	41.0	7.0	0.0	0.71
26698_1_1_1	26698_1_1_1	17715_1_1_1	4000222.0	4000322.0	100.0	strict	26698_1_1_1	37.0	6.0	0.0	1.6
26698_1_1_1	25864_1_1_1	17715_1_1_1	4000210.0	4000322.0	112.0	strict	25864_1_1_1	35.0	6.0	0.0	2.1
26698_1_1_1	25866_1_1_1	17715_1_1_1	4000204.0	4000322.0	118.0	strict	25866_1_1_1	34.0	6.0	0.0	3.16
26698_1_1_1	50021_1_1_1	17715_1_1_1	4000132.0	4000322.0	190.0	strict	50021_1_1_1	33.0	4.0	0.0	2.49
26698_1_1_1	52114_1_1_1	17715_1_1_1	3000192.0	4000322.0	1000130.0	moderate	52114_1_1_1	32.0	6.0	0.0	1.92
26698_1_1_1	6459_1_1_1	17715_1_1_1	3000140.0	4000322.0	1000182.0	moderate	6459_1_1_1	35.0	4.0	0.0	2.29
26698_1_1_1	15159_1_1_1	17715_1_1_1	3000102.0	4000322.0	1000220.0	moderate	15159_1_1_1	34.0	3.0	0.0	0.0
26703_1_1_1	26703_1_1_1	26703_1_1_1	3000385.0	3000385.0	0.0	moderate	26703_1_1_1	77.0	5.0	0.0	1.14
26705_1_1_1	26705_1_1_1	26705_1_1_1	3000635.0	3000635.0	0.0	moderate	26705_1_1_1	127.0	5.0	0.0	0.55
26709_1_1_1	26709_1_1_1	26709_1_1_1	3000524.0	3000524.0	0.0	moderate	26709_1_1_1	131.0	4.0	0.0	0.59
26722_1_1_1	26722_1_1_1	26722_1_1_1	3001587.885924866	3001587.885924866	0.0	moderate	26722_1_1_1	265.0	6.0	2.1140751342	0.49
26723_1_1_1	26723_1_1_1	26723_1_1_1	4000700.0	4000700.0	0.0	strict	26723_1_1_1	100.0	7.0	0.0	0.66
26725_1_1_1	26725_1_1_1	26725_1_1_1	3000609.0	3000609.0	0.0	moderate	26725_1_1_1	87.0	7.0	0.0	3.68
26726_1_1_1	27087_1_1_1	27087_1_1_1	4000400.0	4000400.0	0.0	strict	27087_1_1_1	80.0	5.0	0.0	1.66
26726_1_1_1	26726_1_1_1	27087_1_1_1	4000364.0	4000400.0	36.0	strict	26726_1_1_1	91.0	4.0	0.0	0.99
26727_1_1_1	26727_1_1_1	26727_1_1_1	3000557.4968887516	3000557.4968887516	0.0	moderate	26727_1_1_1	112.0	5.0	2.5031112486	1.32
26730_1_1_1	15693_1_1_1	15693_1_1_1	3001040.612873967	3001040.612873967	0.0	moderate	15693_1_1_1	149.0	7.0	2.387126033	0.94
26730_1_1_1	26730_1_1_1	15693_1_1_1	3000732.2924151323	3001040.612873967	308.3204588345252	moderate	26730_1_1_1	147.0	5.0	2.7075848678	0.82
26733_1_1_1	26733_1_1_1	26733_1_1_1	3001532.3675786224	3001532.3675786224	0.0	moderate	26733_1_1_1	307.0	5.0	2.6324213774	1.1
26733_1_1_1	6468_1_1_1	26733_1_1_1	3001235.0	3001532.3675786224	297.3675786224194	moderate	6468_1_1_1	247.0	5.0	0.0	0.88
26733_1_1_1	17471_1_1_1	26733_1_1_1	3001216.0	3001532.3675786224	316.3675786224194	moderate	17471_1_1_1	304.0	4.0	0.0	0.67
26733_1_1_1	27273_1_1_1	26733_1_1_1	3001172.0	3001532.3675786224	360.3675786224194	moderate	27273_1_1_1	293.0	4.0	0.0	0.66
26733_1_1_1	17940_1_1_1	26733_1_1_1	3001115.0	3001532.3675786224	417.3675786224194	moderate	17940_1_1_1	223.0	5.0	0.0	0.91
26735_1_1_1	26735_1_1_1	26735_1_1_1	3000565.0	3000565.0	0.0	moderate	26735_1_1_1	113.0	5.0	0.0	1.73
26738_1_1_1	26738_1_1_1	26738_1_1_1	3000742.0	3000742.0	0.0	moderate	26738_1_1_1	106.0	7.0	0.0	2.29
26740_1_1_1	26740_1_1_1	26740_1_1_1	3001887.377698842	3001887.377698842	0.0	moderate	26740_1_1_1	270.0	7.0	2.6223011579	1.18
26744_1_1_1	26744_1_1_1	26744_1_1_1	3001155.0	3001155.0	0.0	moderate	26744_1_1_1	231.0	5.0	0.0	0.83
26746_1_1_1	26746_1_1_1	26746_1_1_1	4001525.0	4001525.0	0.0	strict	26746_1_1_1	305.0	5.0	0.0	1.26
26759_1_1_1	26972_1_1_1	26972_1_1_1	4001193.1279325206	4001193.1279325206	0.0	strict	26972_1_1_1	239.0	5.0	1.8720674793	1.73
26759_1_1_1	26759_1_1_1	26972_1_1_1	4001030.0	4001193.1279325206	163.12793252058327	strict	26759_1_1_1	206.0	5.0	0.0	1.83
26760_1_1_1	26760_1_1_1	26760_1_1_1	3000736.325417517	3000736.325417517	0.0	moderate	26760_1_1_1	123.0	6.0	1.6745824829	0.19
26761_1_1_1	26761_1_1_1	26761_1_1_1	4000815.0	4000815.0	0.0	strict	26761_1_1_1	163.0	5.0	0.0	1.63
26761_1_1_1	5352_1_1_1	26761_1_1_1	3001428.0	4000815.0	999387.0	moderate	5352_1_1_1	204.0	7.0	0.0	1.74
26761_1_1_1	52152_1_1_1	26761_1_1_1	3000885.0	4000815.0	999930.0	moderate	52152_1_1_1	177.0	5.0	0.0	2.48
26761_1_1_1	52153_1_1_1	26761_1_1_1	3000795.0	4000815.0	1000020.0	moderate	52153_1_1_1	159.0	5.0	0.0	3.28
26761_1_1_1	4704_1_1_1	26761_1_1_1	3000728.0	4000815.0	1000087.0	moderate	4704_1_1_1	182.0	4.0	0.0	4.23
26761_1_1_1	52566_1_1_1	26761_1_1_1	3000549.0	4000815.0	1000266.0	moderate	52566_1_1_1	183.0	3.0	0.0	0.0
26761_1_1_1	52559_1_1_1	26761_1_1_1	3000546.0	4000815.0	1000269.0	moderate	52559_1_1_1	182.0	3.0	0.0	0.0
26761_1_1_1	52560_1_1_1	26761_1_1_1	3000546.0	4000815.0	1000269.0	moderate	52560_1_1_1	182.0	3.0	0.0	0.0
26771_1_1_1	26771_1_1_1	26771_1_1_1	3000406.0	3000406.0	0.0	moderate	26771_1_1_1	58.0	7.0	0.0	0.09
26773_1_1_1	26773_1_1_1	26773_1_1_1	4000744.0	4000744.0	0.0	strict	26773_1_1_1	124.0	6.0	0.0	0.27
26774_1_1_1	26774_1_1_1	26774_1_1_1	4001092.0	4001092.0	0.0	strict	26774_1_1_1	156.0	7.0	0.0	0.43
26779_1_1_1	26779_1_1_1	26779_1_1_1	3000797.6084760483	3000797.6084760483	0.0	moderate	26779_1_1_1	160.0	5.0	2.3915239517	0.35
26780_1_1_1	26780_1_1_1	26780_1_1_1	4001099.0	4001099.0	0.0	strict	26780_1_1_1	157.0	7.0	0.0	1.16
26785_1_1_1	26785_1_1_1	26785_1_1_1	4000340.0	4000340.0	0.0	strict	26785_1_1_1	68.0	5.0	0.0	0.35
26789_1_1_1	26789_1_1_1	26789_1_1_1	3000819.0	3000819.0	0.0	moderate	26789_1_1_1	117.0	7.0	0.0	1.02
26792_1_1_1	26792_1_1_1	26792_1_1_1	3000344.0	3000344.0	0.0	moderate	26792_1_1_1	86.0	4.0	0.0	4.59
26800_1_1_1	26800_1_1_1	26800_1_1_1	3000959.0	3000959.0	0.0	moderate	26800_1_1_1	137.0	7.0	0.0	0.46
26801_1_1_1	26801_1_1_1	26801_1_1_1	4001168.099176791	4001168.099176791	0.0	strict	26801_1_1_1	195.0	6.0	1.9008232092	0.59
26806_1_1_1	26806_1_1_1	26806_1_1_1	3000655.0	3000655.0	0.0	moderate	26806_1_1_1	131.0	5.0	0.0	0.52
26809_1_1_1	26809_1_1_1	26809_1_1_1	3000410.3272603387	3000410.3272603387	0.0	moderate	26809_1_1_1	59.0	7.0	2.6727396613	0.85
26818_1_1_1	26818_1_1_1	26818_1_1_1	3000896.0	3000896.0	0.0	moderate	26818_1_1_1	128.0	7.0	0.0	2.8
26823_2_1_1	26823_2_1_1	26823_2_1_1	3000732.0820307126	3000732.0820307126	0.0	moderate	26823_2_1_1	147.0	5.0	2.9179692875	1.59
26823_2_1_1	27750_1_1_1	26823_2_1_1	3000581.1296760244	3000732.0820307126	150.95235468819737	moderate	27750_1_1_1	146.0	4.0	2.8703239755	1.3
26823_2_1_1	26829_1_1_1	26823_2_1_1	3000581.03836182	3000732.0820307126	151.04366889270023	moderate	26829_1_1_1	146.0	4.0	2.9616381802	1.36
26833_1_1_1	26833_1_1_1	26833_1_1_1	3001212.4046660196	3001212.4046660196	0.0	moderate	26833_1_1_1	243.0	5.0	2.5953339804	1.78
26834_1_1_1	26834_1_1_1	26834_1_1_1	3000782.9060483444	3000782.9060483444	0.0	moderate	26834_1_1_1	157.0	5.0	2.0939516557	1.07
26835_1_1_1	19223_1_1_1	19223_1_1_1	4001064.0	4001064.0	0.0	strict	19223_1_1_1	266.0	4.0	0.0	1.2
26835_1_1_1	26832_1_1_1	19223_1_1_1	4001052.0	4001064.0	12.0	strict	26832_1_1_1	263.0	4.0	0.0	1.12
26835_1_1_1	26835_1_1_1	19223_1_1_1	4001020.0	4001064.0	44.0	strict	26835_1_1_1	255.0	4.0	0.0	1.15
26835_1_1_1	26836_1_1_1	19223_1_1_1	4001008.0	4001064.0	56.0	strict	26836_1_1_1	252.0	4.0	0.0	0.9
26835_1_1_1	26837_1_1_1	19223_1_1_1	4001004.0	4001064.0	60.0	strict	26837_1_1_1	251.0	4.0	0.0	1.06
26835_1_1_1	26814_1_1_1	19223_1_1_1	4000940.0	4001064.0	124.0	strict	26814_1_1_1	235.0	4.0	0.0	1.07
26835_1_1_1	50913_1_1_1	19223_1_1_1	3001060.0	4001064.0	1000004.0	moderate	50913_1_1_1	265.0	4.0	0.0	1.26
26835_1_1_1	50903_1_1_1	19223_1_1_1	3001047.656681965	4001064.0	1000016.3433180349	moderate	50903_1_1_1	210.0	5.0	2.3433180351	1.41
26839_1_1_1	26839_1_1_1	26839_1_1_1	3000459.326539856	3000459.326539856	0.0	moderate	26839_1_1_1	66.0	7.0	2.673460144	0.89
26840_1_1_1	26840_1_1_1	26840_1_1_1	4000987.0	4000987.0	0.0	strict	26840_1_1_1	141.0	7.0	0.0	0.14
26846_1_1_1	26846_1_1_1	26846_1_1_1	4001213.2909897864	4001213.2909897864	0.0	strict	26846_1_1_1	243.0	5.0	1.7090102137	0.53
26853_1_1_1	26853_1_1_1	26853_1_1_1	3000840.0	3000840.0	0.0	moderate	26853_1_1_1	140.0	6.0	0.0	0.69
26855_1_1_1	26855_1_1_1	26855_1_1_1	3001208.389185976	3001208.389185976	0.0	moderate	26855_1_1_1	173.0	7.0	2.6108140243	1.31
26857_1_1_1	26857_1_1_1	26857_1_1_1	3000912.306110629	3000912.306110629	0.0	moderate	26857_1_1_1	183.0	5.0	2.6938893712	0.51
26860_1_1_1	26860_1_1_1	26860_1_1_1	4000390.0	4000390.0	0.0	strict	26860_1_1_1	78.0	5.0	0.0	0.95
26862_1_1_1	26862_1_1_1	26862_1_1_1	3000069.0	3000069.0	0.0	moderate	26862_1_1_1	23.0	3.0	0.0	0.0
26863_1_1_1	26863_1_1_1	26863_1_1_1	3000384.0	3000384.0	0.0	moderate	26863_1_1_1	96.0	4.0	0.0	0.77
26870_1_1_1	26870_1_1_1	26870_1_1_1	3000564.3140422106	3000564.3140422106	0.0	moderate	26870_1_1_1	81.0	7.0	2.6859577895	0.42
26871_1_1_1	26871_1_1_1	26871_1_1_1	3002317.0	3002317.0	0.0	moderate	26871_1_1_1	331.0	7.0	0.0	0.54
26871_1_1_1	26564_3_1_1	26871_1_1_1	3002135.0	3002317.0	182.0	moderate	26564_3_1_1	305.0	7.0	0.0	0.56
26877_1_1_1	19731_1_1_1	19731_1_1_1	4001337.0	4001337.0	0.0	strict	19731_1_1_1	191.0	7.0	0.0	0.81
26877_1_1_1	17404_1_1_1	19731_1_1_1	4001330.0	4001337.0	7.0	strict	17404_1_1_1	190.0	7.0	0.0	3.78
26877_1_1_1	26877_1_1_1	19731_1_1_1	4000960.0	4001337.0	377.0	strict	26877_1_1_1	192.0	5.0	0.0	0.89
26877_1_1_1	26878_1_1_1	19731_1_1_1	4000960.0	4001337.0	377.0	strict	26878_1_1_1	192.0	5.0	0.0	0.77
26877_1_1_1	26876_1_1_1	19731_1_1_1	4000950.0	4001337.0	387.0	strict	26876_1_1_1	190.0	5.0	0.0	0.89
26882_1_1_1	26882_1_1_1	26882_1_1_1	3000099.0	3000099.0	0.0	moderate	26882_1_1_1	33.0	3.0	0.0	0.0
26884_1_1_1	15458_1_1_1	15458_1_1_1	4000623.0	4000623.0	0.0	strict	15458_1_1_1	89.0	7.0	0.0	0.82
26884_1_1_1	26884_1_1_1	15458_1_1_1	4000430.0	4000623.0	193.0	strict	26884_1_1_1	86.0	5.0	0.0	2.66
26901_1_1_1	26901_1_1_1	26901_1_1_1	4000686.0	4000686.0	0.0	strict	26901_1_1_1	98.0	7.0	0.0	0.63
26906_1_1_1	26906_1_1_1	26906_1_1_1	3000477.17105479	3000477.17105479	0.0	moderate	26906_1_1_1	80.0	6.0	2.82894521	1.2
26907_1_1_1	26907_1_1_1	26907_1_1_1	3000567.0	3000567.0	0.0	moderate	26907_1_1_1	81.0	7.0	0.0	1.6
26914_1_1_1	26914_1_1_1	26914_1_1_1	3000070.0754457847	3000070.0754457847	0.0	moderate	26914_1_1_1	18.0	4.0	1.9245542152	0.0
26923_1_1_1	26923_1_1_1	26923_1_1_1	3000996.0	3000996.0	0.0	moderate	26923_1_1_1	249.0	4.0	0.0	1.6
26929_1_1_1	26929_1_1_1	26929_1_1_1	4000525.0	4000525.0	0.0	strict	26929_1_1_1	105.0	5.0	0.0	0.28
26932_1_1_1	26932_1_1_1	26932_1_1_1	3000758.558365306	3000758.558365306	0.0	moderate	26932_1_1_1	152.0	5.0	1.4416346943	1.09
26942_2_1_1	26942_2_1_1	26942_2_1_1	4000609.0	4000609.0	0.0	strict	26942_2_1_1	87.0	7.0	0.0	0.49
26942_2_1_1	51341_1_1_1	26942_2_1_1	4000435.0	4000609.0	174.0	strict	51341_1_1_1	87.0	5.0	0.0	1.88
26944_1_1_1	26944_1_1_1	26944_1_1_1	3000455.0	3000455.0	0.0	moderate	26944_1_1_1	91.0	5.0	0.0	0.81
26944_1_1_1	26943_1_1_1	26944_1_1_1	3000455.0	3000455.0	0.0	moderate	26943_1_1_1	91.0	5.0	0.0	0.8
26945_1_1_1	26945_1_1_1	26945_1_1_1	3000480.0	3000480.0	0.0	moderate	26945_1_1_1	120.0	4.0	0.0	2.13
26945_1_1_1	27548_1_1_1	26945_1_1_1	3000408.0	3000480.0	72.0	moderate	27548_1_1_1	102.0	4.0	0.0	3.22
26952_1_1_1	26952_1_1_1	26952_1_1_1	3001177.223315545	3001177.223315545	0.0	moderate	26952_1_1_1	236.0	5.0	2.7766844553	0.31
26958_1_1_1	26958_1_1_1	26958_1_1_1	3001012.435271499	3001012.435271499	0.0	moderate	26958_1_1_1	203.0	5.0	2.5647285009	1.15
26963_1_1_1	26963_1_1_1	26963_1_1_1	3000669.751220131	3000669.751220131	0.0	moderate	26963_1_1_1	112.0	6.0	2.2487798692	1.25
26966_1_1_1	26966_1_1_1	26966_1_1_1	4000460.0	4000460.0	0.0	strict	26966_1_1_1	92.0	5.0	0.0	1.27
26967_1_1_1	26765_1_1_1	26765_1_1_1	3001075.2144159866	3001075.2144159866	0.0	moderate	26765_1_1_1	154.0	7.0	2.7855840134	0.95
26967_1_1_1	26967_1_1_1	26765_1_1_1	3000722.4393154597	3001075.2144159866	352.7751005268656	moderate	26967_1_1_1	145.0	5.0	2.5606845404	0.58
26969_1_1_1	26969_1_1_1	26969_1_1_1	3000745.0	3000745.0	0.0	moderate	26969_1_1_1	149.0	5.0	0.0	0.54
26974_1_1_1	26974_1_1_1	26974_1_1_1	3001330.0	3001330.0	0.0	moderate	26974_1_1_1	266.0	5.0	0.0	0.59
26985_1_1_1	26985_1_1_1	26985_1_1_1	4000875.0	4000875.0	0.0	strict	26985_1_1_1	125.0	7.0	0.0	2.88
26986_1_1_1	25703_1_1_1	25703_1_1_1	4000707.0	4000707.0	0.0	strict	25703_1_1_1	101.0	7.0	0.0	1.25
26986_1_1_1	26986_1_1_1	25703_1_1_1	4000700.0	4000707.0	7.0	strict	26986_1_1_1	100.0	7.0	0.0	0.67
26986_1_1_1	6913_1_1_1	25703_1_1_1	3000714.0	4000707.0	999993.0	moderate	6913_1_1_1	102.0	7.0	0.0	2.33
26986_1_1_1	6442_1_1_1	25703_1_1_1	3000714.0	4000707.0	999993.0	moderate	6442_1_1_1	102.0	7.0	0.0	1.11
26989_1_1_1	26989_1_1_1	26989_1_1_1	3001225.0	3001225.0	0.0	moderate	26989_1_1_1	245.0	5.0	0.0	0.39
26993_1_1_1	26992_1_1_1	26992_1_1_1	3000966.0	3000966.0	0.0	moderate	26992_1_1_1	138.0	7.0	0.0	2.72
26993_1_1_1	26993_1_1_1	26992_1_1_1	3000959.0	3000966.0	7.0	moderate	26993_1_1_1	137.0	7.0	0.0	2.83
27015_1_1_1	27015_1_1_1	27015_1_1_1	3000517.4434778173	3000517.4434778173	0.0	moderate	27015_1_1_1	130.0	4.0	2.5565221827	0.8
27023_1_1_1	27023_1_1_1	27023_1_1_1	3000357.396019678	3000357.396019678	0.0	moderate	27023_1_1_1	72.0	5.0	2.603980322	1.58
27024_1_1_1	27024_1_1_1	27024_1_1_1	3000537.648469489	3000537.648469489	0.0	moderate	27024_1_1_1	108.0	5.0	2.3515305108	1.5
27029_1_1_1	27029_1_1_1	27029_1_1_1	3000620.0	3000620.0	0.0	moderate	27029_1_1_1	124.0	5.0	0.0	0.76
27041_1_1_1	27041_1_1_1	27041_1_1_1	3000516.0	3000516.0	0.0	moderate	27041_1_1_1	86.0	6.0	0.0	0.18
27042_1_1_1	27042_1_1_1	27042_1_1_1	3000472.0	3000472.0	0.0	moderate	27042_1_1_1	118.0	4.0	0.0	0.0
27044_1_1_1	27044_1_1_1	27044_1_1_1	3000690.0	3000690.0	0.0	moderate	27044_1_1_1	138.0	5.0	0.0	0.94
27049_1_1_1	27049_1_1_1	27049_1_1_1	4000715.0	4000715.0	0.0	strict	27049_1_1_1	143.0	5.0	0.0	0.29
27049_1_1_1	5222_1_1_1	27049_1_1_1	3000994.0	4000715.0	999721.0	moderate	5222_1_1_1	142.0	7.0	0.0	2.49
27049_1_1_1	53146_1_1_1	27049_1_1_1	3000432.0	4000715.0	1000283.0	moderate	53146_1_1_1	144.0	3.0	0.0	0.0
27055_1_1_1	27055_1_1_1	27055_1_1_1	4000516.0	4000516.0	0.0	strict	27055_1_1_1	86.0	6.0	0.0	2.29
27055_1_1_1	18017_1_1_1	27055_1_1_1	3000602.0	4000516.0	999914.0	moderate	18017_1_1_1	86.0	7.0	0.0	0.35
27062_1_1_1	27062_1_1_1	27062_1_1_1	4000791.0	4000791.0	0.0	strict	27062_1_1_1	113.0	7.0	0.0	1.58
27064_1_1_1	27064_1_1_1	27064_1_1_1	3000735.0	3000735.0	0.0	moderate	27064_1_1_1	105.0	7.0	0.0	2.49
27067_1_1_1	27067_1_1_1	27067_1_1_1	3001330.0	3001330.0	0.0	moderate	27067_1_1_1	266.0	5.0	0.0	0.37
27067_1_1_1	27888_1_1_1	27067_1_1_1	3000783.0	3001330.0	547.0	moderate	27888_1_1_1	261.0	3.0	0.0	0.0
27067_1_1_1	50566_1_1_1	27067_1_1_1	3000783.0	3001330.0	547.0	moderate	50566_1_1_1	261.0	3.0	0.0	0.0
27067_1_1_1	51702_1_1_1	27067_1_1_1	3000783.0	3001330.0	547.0	moderate	51702_1_1_1	261.0	3.0	0.0	0.0
27067_1_1_1	50563_1_1_1	27067_1_1_1	3000777.0	3001330.0	553.0	moderate	50563_1_1_1	259.0	3.0	0.0	0.0
27070_1_1_1	27070_1_1_1	27070_1_1_1	3001097.4761143564	3001097.4761143564	0.0	moderate	27070_1_1_1	220.0	5.0	2.5238856436	1.31
27071_1_1_1	27071_1_1_1	27071_1_1_1	3000435.7498486377	3000435.7498486377	0.0	moderate	27071_1_1_1	73.0	6.0	2.2501513623	0.29
27079_1_1_1	27079_1_1_1	27079_1_1_1	4000472.0	4000472.0	0.0	strict	27079_1_1_1	118.0	4.0	0.0	2.07
27080_1_1_1	27080_1_1_1	27080_1_1_1	4001205.0	4001205.0	0.0	strict	27080_1_1_1	241.0	5.0	0.0	2.03
27081_1_1_1	27081_1_1_1	27081_1_1_1	4000971.529842253	4000971.529842253	0.0	strict	27081_1_1_1	139.0	7.0	1.4701577472	0.76
27086_1_1_1	27086_1_1_1	27086_1_1_1	4000348.0	4000348.0	0.0	strict	27086_1_1_1	58.0	6.0	0.0	2.54
27086_1_1_1	34039_1_1_1	27086_1_1_1	3000413.0	4000348.0	999935.0	moderate	34039_1_1_1	59.0	7.0	0.0	3.2
27086_1_1_1	34392_1_1_1	27086_1_1_1	3000348.0	4000348.0	1000000.0	moderate	34392_1_1_1	58.0	6.0	0.0	2.38
27086_1_1_1	4966_1_1_1	27086_1_1_1	3000232.0	4000348.0	1000116.0	moderate	4966_1_1_1	58.0	4.0	0.0	0.0
27086_1_1_1	15309_1_1_1	27086_1_1_1	3000174.0	4000348.0	1000174.0	moderate	15309_1_1_1	58.0	3.0	0.0	0.0
27086_1_1_1	4419_1_1_1	27086_1_1_1	3000174.0	4000348.0	1000174.0	moderate	4419_1_1_1	58.0	3.0	0.0	0.0
27091_1_1_1	27091_1_1_1	27091_1_1_1	3000960.0	3000960.0	0.0	moderate	27091_1_1_1	240.0	4.0	0.0	2.36
27093_1_1_1	27093_1_1_1	27093_1_1_1	3000515.1200277847	3000515.1200277847	0.0	moderate	27093_1_1_1	74.0	7.0	2.8799722154	0.26
27098_1_1_1	27097_1_1_1	27097_1_1_1	4000651.0	4000651.0	0.0	strict	27097_1_1_1	93.0	7.0	0.0	1.26
27098_1_1_1	27098_1_1_1	27097_1_1_1	4000644.0	4000651.0	7.0	strict	27098_1_1_1	92.0	7.0	0.0	1.13
27107_1_1_1	27107_1_1_1	27107_1_1_1	3000250.0	3000250.0	0.0	moderate	27107_1_1_1	50.0	5.0	0.0	0.42
27108_1_1_1	27108_1_1_1	27108_1_1_1	3000244.0	3000244.0	0.0	moderate	27108_1_1_1	61.0	4.0	0.0	1.27
27111_1_1_1	27111_1_1_1	27111_1_1_1	4000428.0	4000428.0	0.0	strict	27111_1_1_1	107.0	4.0	0.0	0.0
27121_1_1_1	15680_1_1_1	15680_1_1_1	3001656.0	3001656.0	0.0	moderate	15680_1_1_1	276.0	6.0	0.0	1.7
27121_1_1_1	19046_1_1_1	15680_1_1_1	3000948.0	3001656.0	708.0	moderate	19046_1_1_1	237.0	4.0	0.0	1.44
27121_1_1_1	27121_1_1_1	15680_1_1_1	3000945.9709940725	3001656.0	710.0290059274994	moderate	27121_1_1_1	237.0	4.0	2.0290059276	3.32
27127_1_1_1	27127_1_1_1	27127_1_1_1	4000395.0	4000395.0	0.0	strict	27127_1_1_1	79.0	5.0	0.0	0.64
27131_1_1_1	27131_1_1_1	27131_1_1_1	3000707.59545319	3000707.59545319	0.0	moderate	27131_1_1_1	142.0	5.0	2.4045468098	0.62
27134_2_1_1	27134_2_1_1	27134_2_1_1	3000205.9106928483	3000205.9106928483	0.0	moderate	27134_2_1_1	52.0	4.0	2.0893071518	1.08
27135_1_1_1	27135_1_1_1	27135_1_1_1	3001180.0	3001180.0	0.0	moderate	27135_1_1_1	236.0	5.0	0.0	0.0
27139_1_1_1	27139_1_1_1	27139_1_1_1	3000504.0	3000504.0	0.0	moderate	27139_1_1_1	84.0	6.0	0.0	1.33
27141_1_1_1	27141_1_1_1	27141_1_1_1	4000560.0	4000560.0	0.0	strict	27141_1_1_1	80.0	7.0	0.0	0.22
27148_1_1_1	27148_1_1_1	27148_1_1_1	3000539.0	3000539.0	0.0	moderate	27148_1_1_1	77.0	7.0	0.0	1.46
27148_1_1_1	27143_1_1_1	27148_1_1_1	3000539.0	3000539.0	0.0	moderate	27143_1_1_1	77.0	7.0	0.0	1.14
27151_1_1_1	27151_1_1_1	27151_1_1_1	3001372.0	3001372.0	0.0	moderate	27151_1_1_1	196.0	7.0	0.0	0.23
27162_1_1_1	27162_1_1_1	27162_1_1_1	4000819.0	4000819.0	0.0	strict	27162_1_1_1	117.0	7.0	0.0	1.13
27162_1_1_1	27793_1_1_1	27162_1_1_1	4000585.0	4000819.0	234.0	strict	27793_1_1_1	117.0	5.0	0.0	1.13
27162_1_1_1	5939_1_1_1	27162_1_1_1	3000744.0	4000819.0	1000075.0	moderate	5939_1_1_1	124.0	6.0	0.0	1.24
27165_1_1_1	27165_1_1_1	27165_1_1_1	4001176.0	4001176.0	0.0	strict	27165_1_1_1	168.0	7.0	0.0	0.39
27165_1_1_1	5794_1_1_1	27165_1_1_1	3001162.0	4001176.0	1000014.0	moderate	5794_1_1_1	166.0	7.0	0.0	0.7
27166_1_1_1	27166_1_1_1	27166_1_1_1	3000339.173804637	3000339.173804637	0.0	moderate	27166_1_1_1	57.0	6.0	2.826195363	0.42
27169_1_1_1	27169_1_1_1	27169_1_1_1	3000420.0	3000420.0	0.0	moderate	27169_1_1_1	60.0	7.0	0.0	1.72
27169_1_1_1	11589_1_1_1	27169_1_1_1	3000337.351504956	3000420.0	82.64849504409358	moderate	11589_1_1_1	85.0	4.0	2.6484950439	1.34
27179_1_1_1	27179_1_1_1	27179_1_1_1	3000886.2892921823	3000886.2892921823	0.0	moderate	27179_1_1_1	127.0	7.0	2.7107078175	0.74
27180_1_1_1	27180_1_1_1	27180_1_1_1	3000990.0	3000990.0	0.0	moderate	27180_1_1_1	165.0	6.0	0.0	1.33
27189_1_1_1	27189_1_1_1	27189_1_1_1	4000756.0	4000756.0	0.0	strict	27189_1_1_1	126.0	6.0	0.0	0.38
27196_1_1_1	27196_1_1_1	27196_1_1_1	3000477.2715084692	3000477.2715084692	0.0	moderate	27196_1_1_1	96.0	5.0	2.7284915307	0.5
27197_1_1_1	27197_1_1_1	27197_1_1_1	3000616.0	3000616.0	0.0	moderate	27197_1_1_1	88.0	7.0	0.0	2.86
27203_1_1_1	27203_1_1_1	27203_1_1_1	3000272.0	3000272.0	0.0	moderate	27203_1_1_1	68.0	4.0	0.0	1.49
27209_1_1_1	27209_1_1_1	27209_1_1_1	4000993.187362444	4000993.187362444	0.0	strict	27209_1_1_1	199.0	5.0	1.8126375562	0.91
27210_1_1_1	27210_1_1_1	27210_1_1_1	4000560.0	4000560.0	0.0	strict	27210_1_1_1	112.0	5.0	0.0	2.61
27211_1_1_1	27211_1_1_1	27211_1_1_1	4001794.0	4001794.0	0.0	strict	27211_1_1_1	299.0	6.0	0.0	0.53
27234_1_1_1	27234_1_1_1	27234_1_1_1	3000945.0	3000945.0	0.0	moderate	27234_1_1_1	135.0	7.0	0.0	0.34
27235_1_1_1	27235_1_1_1	27235_1_1_1	3000970.20885467	3000970.20885467	0.0	moderate	27235_1_1_1	139.0	7.0	2.7911453298	2.26
27239_5_5_1	30456_1_1_1	30456_1_1_1	3001348.0	3001348.0	0.0	moderate	30456_1_1_1	337.0	4.0	0.0	0.0
27239_5_5_1	27239_5_5_1	30456_1_1_1	3001156.0	3001348.0	192.0	moderate	27239_5_5_1	289.0	4.0	0.0	1.31
27240_1_1_1	27240_1_1_1	27240_1_1_1	4000560.0	4000560.0	0.0	strict	27240_1_1_1	80.0	7.0	0.0	0.43
27241_1_1_1	27241_1_1_1	27241_1_1_1	4000620.0	4000620.0	0.0	strict	27241_1_1_1	124.0	5.0	0.0	0.75
27241_1_1_1	16016_1_1_1	27241_1_1_1	3000732.0	4000620.0	999888.0	moderate	16016_1_1_1	122.0	6.0	0.0	0.28
27247_1_1_1	27247_1_1_1	27247_1_1_1	4000465.0	4000465.0	0.0	strict	27247_1_1_1	93.0	5.0	0.0	2.94
27247_1_1_1	4222_1_1_1	27247_1_1_1	3000360.0	4000465.0	1000105.0	moderate	4222_1_1_1	90.0	4.0	0.0	0.0
27247_1_1_1	4633_1_1_1	27247_1_1_1	3000264.0	4000465.0	1000201.0	moderate	4633_1_1_1	88.0	3.0	0.0	0.0
27262_1_1_1	27262_1_1_1	27262_1_1_1	3000669.165244811	3000669.165244811	0.0	moderate	27262_1_1_1	96.0	7.0	2.8347551888	1.1
27266_1_1_1	27266_1_1_1	27266_1_1_1	3000610.0	3000610.0	0.0	moderate	27266_1_1_1	122.0	5.0	0.0	1.57
27267_1_1_1	27267_1_1_1	27267_1_1_1	3000893.9616341223	3000893.9616341223	0.0	moderate	27267_1_1_1	224.0	4.0	2.0383658778	0.0
27275_1_1_1	27275_1_1_1	27275_1_1_1	4000808.9194465154	4000808.9194465154	0.0	strict	27275_1_1_1	162.0	5.0	1.0805534848	0.81
27277_1_1_1	27277_1_1_1	27277_1_1_1	3000364.0	3000364.0	0.0	moderate	27277_1_1_1	52.0	7.0	0.0	3.22
27281_1_1_1	27279_1_1_1	27279_1_1_1	4001060.0	4001060.0	0.0	strict	27279_1_1_1	212.0	5.0	0.0	2.47
27281_1_1_1	27281_1_1_1	27279_1_1_1	4001035.0	4001060.0	25.0	strict	27281_1_1_1	207.0	5.0	0.0	2.51
27281_1_1_1	26601_1_1_1	27279_1_1_1	4001030.0	4001060.0	30.0	strict	26601_1_1_1	206.0	5.0	0.0	3.06
27281_1_1_1	27280_1_1_1	27279_1_1_1	4001020.0	4001060.0	40.0	strict	27280_1_1_1	204.0	5.0	0.0	2.51
27281_1_1_1	27278_1_1_1	27279_1_1_1	4001005.0	4001060.0	55.0	strict	27278_1_1_1	201.0	5.0	0.0	2.49
27281_1_1_1	26600_1_1_1	27279_1_1_1	4000985.0	4001060.0	75.0	strict	26600_1_1_1	197.0	5.0	0.0	2.53
27281_1_1_1	26602_1_1_1	27279_1_1_1	4000955.0	4001060.0	105.0	strict	26602_1_1_1	191.0	5.0	0.0	2.43
27287_1_1_1	27287_1_1_1	27287_1_1_1	4000664.0	4000664.0	0.0	strict	27287_1_1_1	166.0	4.0	0.0	0.33
27288_1_1_1	27288_1_1_1	27288_1_1_1	3000320.0	3000320.0	0.0	moderate	27288_1_1_1	64.0	5.0	0.0	0.45
27307_1_1_1	27307_1_1_1	27307_1_1_1	3000798.0	3000798.0	0.0	moderate	27307_1_1_1	114.0	7.0	0.0	0.14
27313_1_1_1	27313_1_1_1	27313_1_1_1	4001182.0	4001182.0	0.0	strict	27313_1_1_1	197.0	6.0	0.0	0.16
27314_1_1_1	27314_1_1_1	27314_1_1_1	3001395.0	3001395.0	0.0	moderate	27314_1_1_1	279.0	5.0	0.0	0.46
27321_1_1_1	27321_1_1_1	27321_1_1_1	3000613.227098354	3000613.227098354	0.0	moderate	27321_1_1_1	88.0	7.0	2.7729016458	0.72
27333_1_1_1	27333_1_1_1	27333_1_1_1	3000217.094184232	3000217.094184232	0.0	moderate	27333_1_1_1	44.0	5.0	2.9058157679	0.8
27336_1_1_1	27336_1_1_1	27336_1_1_1	3000169.088751587	3000169.088751587	0.0	moderate	27336_1_1_1	43.0	4.0	2.9112484129	1.58
27347_1_1_1	27347_1_1_1	27347_1_1_1	4000524.0	4000524.0	0.0	strict	27347_1_1_1	131.0	4.0	0.0	0.5
27359_1_1_1	27359_1_1_1	27359_1_1_1	3000147.0	3000147.0	0.0	moderate	27359_1_1_1	49.0	3.0	0.0	0.0
27380_1_1_1	27380_1_1_1	27380_1_1_1	3001277.4137426824	3001277.4137426824	0.0	moderate	27380_1_1_1	320.0	4.0	2.5862573176	1.15
27381_1_1_1	25267_1_1_1	25267_1_1_1	4000975.0	4000975.0	0.0	strict	25267_1_1_1	195.0	5.0	0.0	2.04
27381_1_1_1	27381_1_1_1	25267_1_1_1	4000696.0	4000975.0	279.0	strict	27381_1_1_1	174.0	4.0	0.0	0.99
27394_1_1_1	27394_1_1_1	27394_1_1_1	3000717.7769032307	3000717.7769032307	0.0	moderate	27394_1_1_1	144.0	5.0	2.2230967691	1.15
27398_1_1_1	27398_1_1_1	27398_1_1_1	3000687.42936295	3000687.42936295	0.0	moderate	27398_1_1_1	138.0	5.0	2.5706370503	0.7
27400_1_1_1	27400_1_1_1	27400_1_1_1	4000887.144280389	4000887.144280389	0.0	strict	27400_1_1_1	127.0	7.0	1.8557196109	0.57
27403_1_1_1	27403_1_1_1	27403_1_1_1	3001372.1925039515	3001372.1925039515	0.0	moderate	27403_1_1_1	275.0	5.0	2.8074960485	0.61
27403_1_1_1	27160_1_1_1	27403_1_1_1	3001357.19037808	3001372.1925039515	15.002125871367753	moderate	27160_1_1_1	272.0	5.0	2.8096219197	0.64
27405_1_1_1	27405_1_1_1	27405_1_1_1	4000553.0	4000553.0	0.0	strict	27405_1_1_1	79.0	7.0	0.0	0.44
27405_1_1_1	30457_1_1_1	27405_1_1_1	3000546.0	4000553.0	1000007.0	moderate	30457_1_1_1	78.0	7.0	0.0	0.44
27408_1_1_1	27408_1_1_1	27408_1_1_1	3000444.0	3000444.0	0.0	moderate	27408_1_1_1	111.0	4.0	0.0	0.65
27424_1_1_1	27424_1_1_1	27424_1_1_1	4000504.0	4000504.0	0.0	strict	27424_1_1_1	72.0	7.0	0.0	0.6
27429_1_1_1	27429_1_1_1	27429_1_1_1	4000610.0	4000610.0	0.0	strict	27429_1_1_1	122.0	5.0	0.0	0.0
27429_1_1_1	27430_1_1_1	27429_1_1_1	4000610.0	4000610.0	0.0	strict	27430_1_1_1	122.0	5.0	0.0	0.0
27436_1_1_1	27436_1_1_1	27436_1_1_1	3000459.1868928024	3000459.1868928024	0.0	moderate	27436_1_1_1	66.0	7.0	2.8131071976	1.41
27438_1_1_1	27438_1_1_1	27438_1_1_1	3000372.0	3000372.0	0.0	moderate	27438_1_1_1	93.0	4.0	0.0	0.68
27439_1_1_1	27439_1_1_1	27439_1_1_1	3000770.0	3000770.0	0.0	moderate	27439_1_1_1	110.0	7.0	0.0	1.59
27445_1_1_1	27445_1_1_1	27445_1_1_1	3001375.0	3001375.0	0.0	moderate	27445_1_1_1	275.0	5.0	0.0	1.53
27448_1_1_1	27448_1_1_1	27448_1_1_1	3000834.0	3000834.0	0.0	moderate	27448_1_1_1	139.0	6.0	0.0	0.65
27449_1_1_1	27450_1_1_1	27450_1_1_1	4000305.0	4000305.0	0.0	strict	27450_1_1_1	61.0	5.0	0.0	1.07
27449_1_1_1	27451_1_1_1	27450_1_1_1	4000305.0	4000305.0	0.0	strict	27451_1_1_1	61.0	5.0	0.0	0.89
27449_1_1_1	27449_1_1_1	27450_1_1_1	4000244.0	4000305.0	61.0	strict	27449_1_1_1	61.0	4.0	0.0	0.0
27449_1_1_1	4072_1_1_1	27450_1_1_1	3000280.0	4000305.0	1000025.0	moderate	4072_1_1_1	56.0	5.0	0.0	0.7
27453_1_1_1	27453_1_1_1	27453_1_1_1	3000823.7769672787	3000823.7769672787	0.0	moderate	27453_1_1_1	118.0	7.0	2.2230327211	0.19
27455_1_1_1	15177_1_1_1	15177_1_1_1	3000618.0	3000618.0	0.0	moderate	15177_1_1_1	103.0	6.0	0.0	1.15
27455_1_1_1	27455_1_1_1	15177_1_1_1	3000600.0	3000618.0	18.0	moderate	27455_1_1_1	100.0	6.0	0.0	0.13
27458_1_1_1	27458_1_1_1	27458_1_1_1	4000868.0	4000868.0	0.0	strict	27458_1_1_1	124.0	7.0	0.0	1.0
27462_1_1_1	27462_1_1_1	27462_1_1_1	4001344.0	4001344.0	0.0	strict	27462_1_1_1	192.0	7.0	0.0	0.97
27462_1_1_1	52642_1_1_1	27462_1_1_1	4000776.0	4001344.0	568.0	strict	52642_1_1_1	194.0	4.0	0.0	0.81
27467_1_1_1	27467_1_1_1	27467_1_1_1	4000498.0	4000498.0	0.0	strict	27467_1_1_1	83.0	6.0	0.0	1.69
27473_1_1_1	27473_1_1_1	27473_1_1_1	4000468.0	4000468.0	0.0	strict	27473_1_1_1	78.0	6.0	0.0	0.44
27477_1_1_1	27477_1_1_1	27477_1_1_1	4000833.0	4000833.0	0.0	strict	27477_1_1_1	119.0	7.0	0.0	0.48
27477_1_1_1	27511_1_1_1	27477_1_1_1	4000484.0	4000833.0	349.0	strict	27511_1_1_1	121.0	4.0	0.0	0.69
27477_1_1_1	27508_1_1_1	27477_1_1_1	4000476.0	4000833.0	357.0	strict	27508_1_1_1	119.0	4.0	0.0	2.36
27481_1_1_1	27481_1_1_1	27481_1_1_1	4000777.0	4000777.0	0.0	strict	27481_1_1_1	111.0	7.0	0.0	1.01
27483_1_1_1	27483_1_1_1	27483_1_1_1	3000707.0299187517	3000707.0299187517	0.0	moderate	27483_1_1_1	142.0	5.0	2.9700812485	1.27
27488_1_1_1	27488_1_1_1	27488_1_1_1	3000959.0	3000959.0	0.0	moderate	27488_1_1_1	137.0	7.0	0.0	1.13
27491_1_1_1	27492_1_1_1	27492_1_1_1	3000102.0	3000102.0	0.0	moderate	27492_1_1_1	34.0	3.0	0.0	0.0
27491_1_1_1	27491_1_1_1	27492_1_1_1	3000096.0	3000102.0	6.0	moderate	27491_1_1_1	32.0	3.0	0.0	0.0
27491_1_1_1	6880_1_1_1	27492_1_1_1	3000092.0	3000102.0	10.0	moderate	6880_1_1_1	23.0	4.0	0.0	0.0
27497_1_1_1	27497_1_1_1	27497_1_1_1	4000721.0	4000721.0	0.0	strict	27497_1_1_1	103.0	7.0	0.0	1.93
27498_1_1_1	27498_1_1_1	27498_1_1_1	4000784.0	4000784.0	0.0	strict	27498_1_1_1	112.0	7.0	0.0	0.34
27498_1_1_1	51237_1_1_1	27498_1_1_1	4000560.0	4000784.0	224.0	strict	51237_1_1_1	112.0	5.0	0.0	0.33
27498_1_1_1	53374_1_1_1	27498_1_1_1	4000444.0	4000784.0	340.0	strict	53374_1_1_1	111.0	4.0	0.0	0.28
274_1_1_1	346_1_1_1	346_1_1_1	3000303.0	3000303.0	0.0	moderate	346_1_1_1	101.0	3.0	0.0	0.0
274_1_1_1	274_1_1_1	346_1_1_1	3000300.0	3000303.0	3.0	moderate	274_1_1_1	100.0	3.0	0.0	0.0
274_1_1_1	1171_1_1_1	346_1_1_1	3000294.0	3000303.0	9.0	moderate	1171_1_1_1	98.0	3.0	0.0	0.0
27503_1_1_1	27503_1_1_1	27503_1_1_1	3001141.0	3001141.0	0.0	moderate	27503_1_1_1	163.0	7.0	0.0	2.37
27512_1_1_1	51725_1_1_1	51725_1_1_1	4000518.0	4000518.0	0.0	strict	51725_1_1_1	74.0	7.0	0.0	2.46
27512_1_1_1	11505_1_1_1	51725_1_1_1	4000518.0	4000518.0	0.0	strict	11505_1_1_1	74.0	7.0	0.0	1.28
27512_1_1_1	30693_1_1_1	51725_1_1_1	4000518.0	4000518.0	0.0	strict	30693_1_1_1	74.0	7.0	0.0	0.66
27512_1_1_1	16228_1_1_1	51725_1_1_1	4000518.0	4000518.0	0.0	strict	16228_1_1_1	74.0	7.0	0.0	0.45
27512_1_1_1	19670_1_1_1	51725_1_1_1	4000511.0	4000518.0	7.0	strict	19670_1_1_1	73.0	7.0	0.0	0.62
27512_1_1_1	50330_1_1_1	51725_1_1_1	4000511.0	4000518.0	7.0	strict	50330_1_1_1	73.0	7.0	0.0	0.78
27512_1_1_1	25972_1_1_1	51725_1_1_1	4000511.0	4000518.0	7.0	strict	25972_1_1_1	73.0	7.0	0.0	2.98
27512_1_1_1	26783_1_1_1	51725_1_1_1	4000390.0	4000518.0	128.0	strict	26783_1_1_1	78.0	5.0	0.0	0.63
27512_1_1_1	27512_1_1_1	51725_1_1_1	4000292.0	4000518.0	226.0	strict	27512_1_1_1	73.0	4.0	0.0	0.91
27512_1_1_1	53268_1_1_1	51725_1_1_1	4000292.0	4000518.0	226.0	strict	53268_1_1_1	73.0	4.0	0.0	0.0
27512_1_1_1	18831_1_1_1	51725_1_1_1	3000532.0	4000518.0	999986.0	moderate	18831_1_1_1	76.0	7.0	0.0	0.9
27512_1_1_1	34351_1_1_1	51725_1_1_1	3000525.0	4000518.0	999993.0	moderate	34351_1_1_1	75.0	7.0	0.0	0.6
27512_1_1_1	51721_1_1_1	51725_1_1_1	3000511.0	4000518.0	1000007.0	moderate	51721_1_1_1	73.0	7.0	0.0	2.47
27512_1_1_1	52529_1_1_1	51725_1_1_1	3000511.0	4000518.0	1000007.0	moderate	52529_1_1_1	73.0	7.0	0.0	0.24
27512_1_1_1	36082_1_1_1	51725_1_1_1	3000504.0	4000518.0	1000014.0	moderate	36082_1_1_1	72.0	7.0	0.0	0.72
27512_1_1_1	4493_1_1_1	51725_1_1_1	3000444.0	4000518.0	1000074.0	moderate	4493_1_1_1	74.0	6.0	0.0	1.39
27512_1_1_1	4663_1_1_1	51725_1_1_1	3000444.0	4000518.0	1000074.0	moderate	4663_1_1_1	74.0	6.0	0.0	1.2
27512_1_1_1	27356_1_1_1	51725_1_1_1	3000438.0	4000518.0	1000080.0	moderate	27356_1_1_1	73.0	6.0	0.0	0.0
27512_1_1_1	4769_1_1_1	51725_1_1_1	3000420.0	4000518.0	1000098.0	moderate	4769_1_1_1	70.0	6.0	0.0	0.46
27512_1_1_1	27172_1_1_1	51725_1_1_1	3000380.0	4000518.0	1000138.0	moderate	27172_1_1_1	76.0	5.0	0.0	0.65
27512_1_1_1	50467_1_1_1	51725_1_1_1	3000276.0	4000518.0	1000242.0	moderate	50467_1_1_1	69.0	4.0	0.0	0.0
27512_1_1_1	51463_1_1_1	51725_1_1_1	3000231.0	4000518.0	1000287.0	moderate	51463_1_1_1	77.0	3.0	0.0	0.0
27512_1_1_1	51457_1_1_1	51725_1_1_1	3000219.0	4000518.0	1000299.0	moderate	51457_1_1_1	73.0	3.0	0.0	0.0
27512_1_1_1	51458_1_1_1	51725_1_1_1	3000219.0	4000518.0	1000299.0	moderate	51458_1_1_1	73.0	3.0	0.0	0.0
27512_1_1_1	51459_1_1_1	51725_1_1_1	3000219.0	4000518.0	1000299.0	moderate	51459_1_1_1	73.0	3.0	0.0	0.0
27512_1_1_1	6458_1_1_1	51725_1_1_1	3000219.0	4000518.0	1000299.0	moderate	6458_1_1_1	73.0	3.0	0.0	0.0
27523_1_1_1	27523_1_1_1	27523_1_1_1	4000630.0	4000630.0	0.0	strict	27523_1_1_1	105.0	6.0	0.0	0.67
27524_1_1_1	27524_1_1_1	27524_1_1_1	4000602.0	4000602.0	0.0	strict	27524_1_1_1	86.0	7.0	0.0	1.51
27525_1_1_1	27525_1_1_1	27525_1_1_1	3000385.0	3000385.0	0.0	moderate	27525_1_1_1	77.0	5.0	0.0	1.88
27527_1_1_1	27527_1_1_1	27527_1_1_1	4000316.0	4000316.0	0.0	strict	27527_1_1_1	79.0	4.0	0.0	3.16
27527_1_1_1	19397_1_1_1	27527_1_1_1	3000208.0	4000316.0	1000108.0	moderate	19397_1_1_1	52.0	4.0	0.0	0.0
27528_1_1_1	27528_1_1_1	27528_1_1_1	3001435.0	3001435.0	0.0	moderate	27528_1_1_1	287.0	5.0	0.0	1.28
27531_1_1_1	27531_1_1_1	27531_1_1_1	4000745.0	4000745.0	0.0	strict	27531_1_1_1	149.0	5.0	0.0	0.59
27532_1_1_1	27532_1_1_1	27532_1_1_1	4000707.0	4000707.0	0.0	strict	27532_1_1_1	101.0	7.0	0.0	1.44
27543_1_1_1	27543_1_1_1	27543_1_1_1	4000315.0	4000315.0	0.0	strict	27543_1_1_1	63.0	5.0	0.0	3.13
27546_1_1_1	15757_1_1_1	15757_1_1_1	3000924.0	3000924.0	0.0	moderate	15757_1_1_1	132.0	7.0	0.0	0.27
27546_1_1_1	27544_1_1_1	15757_1_1_1	3000520.0	3000924.0	404.0	moderate	27544_1_1_1	130.0	4.0	0.0	0.2
27546_1_1_1	27542_1_1_1	15757_1_1_1	3000516.0	3000924.0	408.0	moderate	27542_1_1_1	129.0	4.0	0.0	0.45
27546_1_1_1	27546_1_1_1	15757_1_1_1	3000508.0	3000924.0	416.0	moderate	27546_1_1_1	127.0	4.0	0.0	0.14
27546_1_1_1	26531_1_1_1	15757_1_1_1	3000504.0	3000924.0	420.0	moderate	26531_1_1_1	126.0	4.0	0.0	0.19
27546_1_1_1	27545_1_1_1	15757_1_1_1	3000500.0	3000924.0	424.0	moderate	27545_1_1_1	125.0	4.0	0.0	0.27
27563_1_1_1	27563_1_1_1	27563_1_1_1	4000995.0	4000995.0	0.0	strict	27563_1_1_1	199.0	5.0	0.0	0.63
27563_1_1_1	26348_1_1_1	27563_1_1_1	3000866.3931169333	4000995.0	1000128.6068830667	moderate	26348_1_1_1	217.0	4.0	1.6068830665	0.84
27563_1_1_1	25231_1_1_1	27563_1_1_1	3000768.0	4000995.0	1000227.0	moderate	25231_1_1_1	192.0	4.0	0.0	0.49
27578_1_1_1	27578_1_1_1	27578_1_1_1	3001516.5510012605	3001516.5510012605	0.0	moderate	27578_1_1_1	217.0	7.0	2.4489987397	0.46
27579_1_1_1	5305_1_1_1	5305_1_1_1	3000960.0	3000960.0	0.0	moderate	5305_1_1_1	160.0	6.0	0.0	2.13
27579_1_1_1	27579_1_1_1	5305_1_1_1	3000483.0	3000960.0	477.0	moderate	27579_1_1_1	161.0	3.0	0.0	0.0
27580_1_1_1	27580_1_1_1	27580_1_1_1	3000260.0	3000260.0	0.0	moderate	27580_1_1_1	52.0	5.0	0.0	2.9
27584_1_1_1	50592_1_1_1	50592_1_1_1	3000360.0	3000360.0	0.0	moderate	50592_1_1_1	90.0	4.0	0.0	0.77
27584_1_1_1	27585_1_1_1	50592_1_1_1	3000320.0	3000360.0	40.0	moderate	27585_1_1_1	80.0	4.0	0.0	2.86
27584_1_1_1	27584_1_1_1	50592_1_1_1	3000316.0	3000360.0	44.0	moderate	27584_1_1_1	79.0	4.0	0.0	2.73
27593_1_1_1	27593_1_1_1	27593_1_1_1	4000840.0	4000840.0	0.0	strict	27593_1_1_1	120.0	7.0	0.0	0.99
27595_1_1_1	27595_1_1_1	27595_1_1_1	3000749.0	3000749.0	0.0	moderate	27595_1_1_1	107.0	7.0	0.0	0.88
27598_1_1_1	27598_1_1_1	27598_1_1_1	4000475.0	4000475.0	0.0	strict	27598_1_1_1	95.0	5.0	0.0	0.46
275_1_1_1	275_1_1_1	275_1_1_1	3000138.0	3000138.0	0.0	moderate	275_1_1_1	46.0	3.0	0.0	0.0
275_1_1_1	300_1_1_1	275_1_1_1	3000135.0	3000138.0	3.0	moderate	300_1_1_1	45.0	3.0	0.0	0.0
275_1_1_1	63_1_1_1	275_1_1_1	3000129.0	3000138.0	9.0	moderate	63_1_1_1	43.0	3.0	0.0	0.0
27601_1_1_1	27601_1_1_1	27601_1_1_1	3000493.136043801	3000493.136043801	0.0	moderate	27601_1_1_1	124.0	4.0	2.8639561988	2.51
27608_1_1_1	27608_1_1_1	27608_1_1_1	3001089.0087508187	3001089.0087508187	0.0	moderate	27608_1_1_1	156.0	7.0	2.9912491813	2.31
27609_1_1_1	27609_1_1_1	27609_1_1_1	3000435.0	3000435.0	0.0	moderate	27609_1_1_1	87.0	5.0	0.0	1.03
27610_1_1_1	27610_1_1_1	27610_1_1_1	4000616.0	4000616.0	0.0	strict	27610_1_1_1	88.0	7.0	0.0	1.06
27611_1_1_1	27611_1_1_1	27611_1_1_1	3000155.0	3000155.0	0.0	moderate	27611_1_1_1	31.0	5.0	0.0	0.0
27613_1_1_1	27613_1_1_1	27613_1_1_1	3000755.0	3000755.0	0.0	moderate	27613_1_1_1	151.0	5.0	0.0	0.97
27614_1_1_1	27614_1_1_1	27614_1_1_1	3000828.0	3000828.0	0.0	moderate	27614_1_1_1	138.0	6.0	0.0	0.57
27616_1_1_1	10277_1_1_1	10277_1_1_1	4000469.0	4000469.0	0.0	strict	10277_1_1_1	67.0	7.0	0.0	1.08
27616_1_1_1	15695_1_1_1	10277_1_1_1	4000406.0	4000469.0	63.0	strict	15695_1_1_1	58.0	7.0	0.0	1.34
27616_1_1_1	27616_1_1_1	10277_1_1_1	4000204.0	4000469.0	265.0	strict	27616_1_1_1	51.0	4.0	0.0	1.17
27617_1_1_1	27617_1_1_1	27617_1_1_1	3001315.0	3001315.0	0.0	moderate	27617_1_1_1	263.0	5.0	0.0	0.46
27619_1_1_1	27619_1_1_1	27619_1_1_1	3001132.959972781	3001132.959972781	0.0	moderate	27619_1_1_1	227.0	5.0	2.0400272191	1.09
27622_1_1_1	27622_1_1_1	27622_1_1_1	3000578.50918479	3000578.50918479	0.0	moderate	27622_1_1_1	83.0	7.0	2.4908152101	2.55
27622_1_1_1	27621_1_1_1	27622_1_1_1	3000437.961762618	3000578.50918479	140.54742217203602	moderate	27621_1_1_1	88.0	5.0	2.0382373824	2.55
27622_1_1_1	52266_1_1_1	27622_1_1_1	3000350.0	3000578.50918479	228.50918478984386	moderate	52266_1_1_1	70.0	5.0	0.0	0.68
27623_1_1_1	27623_1_1_1	27623_1_1_1	3000742.0	3000742.0	0.0	moderate	27623_1_1_1	106.0	7.0	0.0	0.27
27624_1_1_1	27624_1_1_1	27624_1_1_1	3000678.0	3000678.0	0.0	moderate	27624_1_1_1	113.0	6.0	0.0	0.41
27627_1_1_1	27627_1_1_1	27627_1_1_1	3000997.4496149886	3000997.4496149886	0.0	moderate	27627_1_1_1	200.0	5.0	2.5503850112	1.1
27628_1_1_1	27628_1_1_1	27628_1_1_1	4000220.0	4000220.0	0.0	strict	27628_1_1_1	44.0	5.0	0.0	0.37
27636_1_1_1	27636_1_1_1	27636_1_1_1	3000614.269050202	3000614.269050202	0.0	moderate	27636_1_1_1	154.0	4.0	1.7309497983	0.86
27641_1_1_1	27641_1_1_1	27641_1_1_1	3001098.188924489	3001098.188924489	0.0	moderate	27641_1_1_1	220.0	5.0	1.8110755107	0.48
27642_1_1_1	27642_1_1_1	27642_1_1_1	3000832.924901452	3000832.924901452	0.0	moderate	27642_1_1_1	167.0	5.0	2.0750985481	0.26
27643_1_1_1	27643_1_1_1	27643_1_1_1	4000735.0	4000735.0	0.0	strict	27643_1_1_1	105.0	7.0	0.0	1.78
27645_1_1_1	27645_1_1_1	27645_1_1_1	3000460.0	3000460.0	0.0	moderate	27645_1_1_1	92.0	5.0	0.0	1.02
27651_1_1_1	27651_1_1_1	27651_1_1_1	3000453.3716953825	3000453.3716953825	0.0	moderate	27651_1_1_1	114.0	4.0	2.6283046176	0.88
27653_1_1_1	27653_1_1_1	27653_1_1_1	3000570.0	3000570.0	0.0	moderate	27653_1_1_1	95.0	6.0	0.0	0.0
27659_1_1_1	27659_1_1_1	27659_1_1_1	3000460.0	3000460.0	0.0	moderate	27659_1_1_1	115.0	4.0	0.0	0.19
27666_1_1_1	27666_1_1_1	27666_1_1_1	4001014.0	4001014.0	0.0	strict	27666_1_1_1	169.0	6.0	0.0	0.83
27674_1_1_1	27674_1_1_1	27674_1_1_1	3000247.9632782266	3000247.9632782266	0.0	moderate	27674_1_1_1	50.0	5.0	2.0367217736	0.86
27688_1_1_1	27688_1_1_1	27688_1_1_1	4001057.0	4001057.0	0.0	strict	27688_1_1_1	151.0	7.0	0.0	1.33
27690_1_1_1	27690_1_1_1	27690_1_1_1	4000868.0	4000868.0	0.0	strict	27690_1_1_1	124.0	7.0	0.0	1.56
27691_1_1_1	27691_1_1_1	27691_1_1_1	3001667.9474472604	3001667.9474472604	0.0	moderate	27691_1_1_1	334.0	5.0	2.0525527397	0.83
27705_1_1_1	27705_1_1_1	27705_1_1_1	3001215.8884427436	3001215.8884427436	0.0	moderate	27705_1_1_1	174.0	7.0	2.1115572562	1.02
27706_1_1_1	27706_1_1_1	27706_1_1_1	3000457.3540872014	3000457.3540872014	0.0	moderate	27706_1_1_1	92.0	5.0	2.6459127986	0.45
27707_1_1_1	27707_1_1_1	27707_1_1_1	3000424.0	3000424.0	0.0	moderate	27707_1_1_1	106.0	4.0	0.0	0.0
27708_1_1_1	27708_1_1_1	27708_1_1_1	3000632.6765049663	3000632.6765049663	0.0	moderate	27708_1_1_1	127.0	5.0	2.3234950335	0.79
27724_1_1_1	27724_1_1_1	27724_1_1_1	4000480.0	4000480.0	0.0	strict	27724_1_1_1	120.0	4.0	0.0	0.61
27729_1_1_1	27729_1_1_1	27729_1_1_1	3001057.0	3001057.0	0.0	moderate	27729_1_1_1	151.0	7.0	0.0	0.59
27732_1_1_1	28037_1_1_1	28037_1_1_1	4000777.0	4000777.0	0.0	strict	28037_1_1_1	111.0	7.0	0.0	1.27
27732_1_1_1	27732_1_1_1	28037_1_1_1	4000763.0	4000777.0	14.0	strict	27732_1_1_1	109.0	7.0	0.0	1.71
27732_1_1_1	28038_1_1_1	28037_1_1_1	4000763.0	4000777.0	14.0	strict	28038_1_1_1	109.0	7.0	0.0	1.75
27732_1_1_1	19241_1_1_1	28037_1_1_1	4000735.0	4000777.0	42.0	strict	19241_1_1_1	105.0	7.0	0.0	1.52
27732_1_1_1	27734_1_1_1	28037_1_1_1	4000728.0	4000777.0	49.0	strict	27734_1_1_1	104.0	7.0	0.0	1.28
27732_1_1_1	19787_1_1_1	28037_1_1_1	4000720.0	4000777.0	57.0	strict	19787_1_1_1	120.0	6.0	0.0	0.43
27732_1_1_1	16406_1_1_1	28037_1_1_1	4000678.0	4000777.0	99.0	strict	16406_1_1_1	113.0	6.0	0.0	1.62
27732_1_1_1	19324_1_1_1	28037_1_1_1	4000630.0	4000777.0	147.0	strict	19324_1_1_1	105.0	6.0	0.0	0.84
27732_1_1_1	19788_1_1_1	28037_1_1_1	4000585.0	4000777.0	192.0	strict	19788_1_1_1	117.0	5.0	0.0	0.46
27732_1_1_1	18278_1_1_1	28037_1_1_1	3000742.0	4000777.0	1000035.0	moderate	18278_1_1_1	106.0	7.0	0.0	1.68
27743_1_1_1	27742_1_1_1	27742_1_1_1	3000581.2146664034	3000581.2146664034	0.0	moderate	27742_1_1_1	146.0	4.0	2.7853335968	2.84
27743_1_1_1	27743_1_1_1	27742_1_1_1	3000522.3109760224	3000581.2146664034	58.903690380975604	moderate	27743_1_1_1	131.0	4.0	1.6890239774	2.66
27744_1_1_1	27744_1_1_1	27744_1_1_1	3001250.210345856	3001250.210345856	0.0	moderate	27744_1_1_1	179.0	7.0	2.7896541443	1.28
27757_1_1_1	27757_1_1_1	27757_1_1_1	3000515.0	3000515.0	0.0	moderate	27757_1_1_1	103.0	5.0	0.0	1.09
27761_1_1_1	27761_1_1_1	27761_1_1_1	4000825.0	4000825.0	0.0	strict	27761_1_1_1	165.0	5.0	0.0	1.21
27767_1_1_1	27767_1_1_1	27767_1_1_1	4000525.0	4000525.0	0.0	strict	27767_1_1_1	75.0	7.0	0.0	0.38
27771_1_1_1	27771_1_1_1	27771_1_1_1	3000502.249545441	3000502.249545441	0.0	moderate	27771_1_1_1	101.0	5.0	2.7504545592	0.74
27774_1_1_1	27774_1_1_1	27774_1_1_1	3001245.0	3001245.0	0.0	moderate	27774_1_1_1	249.0	5.0	0.0	3.86
27781_1_1_1	27781_1_1_1	27781_1_1_1	4000672.0	4000672.0	0.0	strict	27781_1_1_1	96.0	7.0	0.0	0.35
27785_1_1_1	27785_1_1_1	27785_1_1_1	4001013.204969812	4001013.204969812	0.0	strict	27785_1_1_1	145.0	7.0	1.7950301878	0.31
27795_1_1_1	27795_1_1_1	27795_1_1_1	4001405.0	4001405.0	0.0	strict	27795_1_1_1	281.0	5.0	0.0	1.23
27817_1_1_1	27814_1_1_1	27814_1_1_1	3000192.0	3000192.0	0.0	moderate	27814_1_1_1	64.0	3.0	0.0	0.0
27817_1_1_1	27817_1_1_1	27814_1_1_1	3000180.0	3000192.0	12.0	moderate	27817_1_1_1	60.0	3.0	0.0	0.0
27820_1_1_1	27820_1_1_1	27820_1_1_1	3000225.0	3000225.0	0.0	moderate	27820_1_1_1	75.0	3.0	0.0	0.0
27820_1_1_1	27818_1_1_1	27820_1_1_1	3000183.0	3000225.0	42.0	moderate	27818_1_1_1	61.0	3.0	0.0	0.0
27821_1_1_1	27821_1_1_1	27821_1_1_1	3000177.0	3000177.0	0.0	moderate	27821_1_1_1	59.0	3.0	0.0	0.0
27834_1_1_1	27834_1_1_1	27834_1_1_1	3000435.0	3000435.0	0.0	moderate	27834_1_1_1	87.0	5.0	0.0	2.99
27838_1_1_1	27838_1_1_1	27838_1_1_1	3000712.8405638547	3000712.8405638547	0.0	moderate	27838_1_1_1	143.0	5.0	2.1594361454	1.4
27847_1_1_1	27847_1_1_1	27847_1_1_1	4000678.014686218	4000678.014686218	0.0	strict	27847_1_1_1	136.0	5.0	1.9853137818	1.21
27850_1_1_1	27850_1_1_1	27850_1_1_1	4000296.0	4000296.0	0.0	strict	27850_1_1_1	74.0	4.0	0.0	2.88
27851_1_1_1	27851_1_1_1	27851_1_1_1	4001158.0	4001158.0	0.0	strict	27851_1_1_1	193.0	6.0	0.0	0.85
27852_1_1_1	27852_1_1_1	27852_1_1_1	3000994.0	3000994.0	0.0	moderate	27852_1_1_1	142.0	7.0	0.0	0.34
27856_1_1_1	27856_1_1_1	27856_1_1_1	4000861.0	4000861.0	0.0	strict	27856_1_1_1	123.0	7.0	0.0	0.59
27870_1_1_1	27870_1_1_1	27870_1_1_1	3000915.0	3000915.0	0.0	moderate	27870_1_1_1	183.0	5.0	0.0	0.27
27904_1_1_1	27904_1_1_1	27904_1_1_1	4000615.0	4000615.0	0.0	strict	27904_1_1_1	123.0	5.0	0.0	0.36
27914_1_1_1	27914_1_1_1	27914_1_1_1	3000933.368987145	3000933.368987145	0.0	moderate	27914_1_1_1	187.0	5.0	1.631012855	1.11
27917_1_1_1	27917_1_1_1	27917_1_1_1	3000711.72374352	3000711.72374352	0.0	moderate	27917_1_1_1	102.0	7.0	2.27625648	0.31
27925_1_1_1	27925_1_1_1	27925_1_1_1	4000861.0	4000861.0	0.0	strict	27925_1_1_1	123.0	7.0	0.0	1.41
27928_1_1_1	27928_1_1_1	27928_1_1_1	3000060.0	3000060.0	0.0	moderate	27928_1_1_1	20.0	3.0	0.0	0.0
27934_1_1_1	27934_1_1_1	27934_1_1_1	4000830.0	4000830.0	0.0	strict	27934_1_1_1	166.0	5.0	0.0	1.88
27945_1_1_1	27945_1_1_1	27945_1_1_1	4000610.0	4000610.0	0.0	strict	27945_1_1_1	122.0	5.0	0.0	1.94
27945_1_1_1	4186_1_1_1	27945_1_1_1	3000903.0	4000610.0	999707.0	moderate	4186_1_1_1	129.0	7.0	0.0	3.28
27945_1_1_1	19271_1_1_1	27945_1_1_1	3000685.0	4000610.0	999925.0	moderate	19271_1_1_1	137.0	5.0	0.0	1.31
27950_1_1_1	27950_1_1_1	27950_1_1_1	3000830.0	3000830.0	0.0	moderate	27950_1_1_1	166.0	5.0	0.0	1.46
27952_1_1_1	30293_1_1_1	30293_1_1_1	4000511.0	4000511.0	0.0	strict	30293_1_1_1	73.0	7.0	0.0	0.19
27952_1_1_1	18190_1_1_1	30293_1_1_1	4000414.0	4000511.0	97.0	strict	18190_1_1_1	69.0	6.0	0.0	2.41
27952_1_1_1	50168_1_1_1	30293_1_1_1	4000365.0	4000511.0	146.0	strict	50168_1_1_1	73.0	5.0	0.0	1.55
27952_1_1_1	27952_1_1_1	30293_1_1_1	4000252.0	4000511.0	259.0	strict	27952_1_1_1	63.0	4.0	0.0	0.31
27952_1_1_1	51996_1_1_1	30293_1_1_1	3000280.0	4000511.0	1000231.0	moderate	51996_1_1_1	70.0	4.0	0.0	0.55
27968_1_1_1	27968_1_1_1	27968_1_1_1	3000567.0	3000567.0	0.0	moderate	27968_1_1_1	189.0	3.0	0.0	0.0
27977_1_1_1	27977_1_1_1	27977_1_1_1	3000798.0	3000798.0	0.0	moderate	27977_1_1_1	114.0	7.0	0.0	0.5
27983_1_1_1	27983_1_1_1	27983_1_1_1	3000602.441075727	3000602.441075727	0.0	moderate	27983_1_1_1	121.0	5.0	2.5589242733	0.71
27989_1_1_1	27989_1_1_1	27989_1_1_1	4001708.0	4001708.0	0.0	strict	27989_1_1_1	244.0	7.0	0.0	0.3
28014_1_1_1	28014_1_1_1	28014_1_1_1	3001029.0	3001029.0	0.0	moderate	28014_1_1_1	147.0	7.0	0.0	1.1
28017_1_1_1	28017_1_1_1	28017_1_1_1	4000154.996988688	4000154.996988688	0.0	strict	28017_1_1_1	26.0	6.0	1.0030113123	0.0
28031_1_1_1	28031_1_1_1	28031_1_1_1	3000144.0	3000144.0	0.0	moderate	28031_1_1_1	24.0	6.0	0.0	0.0
28032_1_1_1	28032_1_1_1	28032_1_1_1	4000798.0	4000798.0	0.0	strict	28032_1_1_1	114.0	7.0	0.0	1.15
28039_1_1_1	28039_1_1_1	28039_1_1_1	4000275.0	4000275.0	0.0	strict	28039_1_1_1	55.0	5.0	0.0	1.24
28040_1_1_1	28040_1_1_1	28040_1_1_1	4000330.0	4000330.0	0.0	strict	28040_1_1_1	66.0	5.0	0.0	1.16
28043_1_1_1	28043_1_1_1	28043_1_1_1	3000585.0	3000585.0	0.0	moderate	28043_1_1_1	117.0	5.0	0.0	0.32
28048_1_1_1	28048_1_1_1	28048_1_1_1	3000670.6065069884	3000670.6065069884	0.0	moderate	28048_1_1_1	112.0	6.0	1.3934930114	0.8
28055_1_1_1	28055_1_1_1	28055_1_1_1	3000860.0	3000860.0	0.0	moderate	28055_1_1_1	172.0	5.0	0.0	1.15
28056_1_1_1	28056_1_1_1	28056_1_1_1	3001420.0	3001420.0	0.0	moderate	28056_1_1_1	284.0	5.0	0.0	0.61
28060_1_1_1	28060_1_1_1	28060_1_1_1	4000315.0	4000315.0	0.0	strict	28060_1_1_1	63.0	5.0	0.0	1.14
28065_1_1_1	28065_1_1_1	28065_1_1_1	4000922.889755021	4000922.889755021	0.0	strict	28065_1_1_1	231.0	4.0	1.1102449798	0.0
28092_1_1_1	25630_1_1_1	25630_1_1_1	4000637.0	4000637.0	0.0	strict	25630_1_1_1	91.0	7.0	0.0	0.46
28092_1_1_1	28092_1_1_1	25630_1_1_1	4000630.0	4000637.0	7.0	strict	28092_1_1_1	90.0	7.0	0.0	1.05
28092_1_1_1	26970_1_1_1	25630_1_1_1	3000637.0	4000637.0	1000000.0	moderate	26970_1_1_1	91.0	7.0	0.0	0.9
28092_1_1_1	16294_1_1_1	25630_1_1_1	3000222.0	4000637.0	1000415.0	moderate	16294_1_1_1	74.0	3.0	0.0	0.0
28099_1_1_1	28099_1_1_1	28099_1_1_1	3000837.875419396	3000837.875419396	0.0	moderate	28099_1_1_1	120.0	7.0	2.1245806042	2.56
28101_1_1_1	28101_1_1_1	28101_1_1_1	3000903.0	3000903.0	0.0	moderate	28101_1_1_1	129.0	7.0	0.0	0.26
28105_1_1_1	28105_1_1_1	28105_1_1_1	4000623.4545376254	4000623.4545376254	0.0	strict	28105_1_1_1	125.0	5.0	1.5454623747	1.46
28106_1_1_1	27949_1_1_1	27949_1_1_1	3000756.0	3000756.0	0.0	moderate	27949_1_1_1	108.0	7.0	0.0	0.47
28106_1_1_1	28106_1_1_1	27949_1_1_1	3000520.0	3000756.0	236.0	moderate	28106_1_1_1	104.0	5.0	0.0	0.59
28109_1_1_1	25441_1_1_1	25441_1_1_1	4000795.0	4000795.0	0.0	strict	25441_1_1_1	159.0	5.0	0.0	1.44
28109_1_1_1	27592_1_1_1	25441_1_1_1	4000790.0	4000795.0	5.0	strict	27592_1_1_1	158.0	5.0	0.0	3.4
28109_1_1_1	27591_1_1_1	25441_1_1_1	4000785.0	4000795.0	10.0	strict	27591_1_1_1	157.0	5.0	0.0	3.48
28109_1_1_1	28109_1_1_1	25441_1_1_1	4000780.0	4000795.0	15.0	strict	28109_1_1_1	156.0	5.0	0.0	3.34
28117_1_1_1	28117_1_1_1	28117_1_1_1	4000637.0	4000637.0	0.0	strict	28117_1_1_1	91.0	7.0	0.0	2.08
28117_1_1_1	11400_1_1_1	28117_1_1_1	4000602.0	4000637.0	35.0	strict	11400_1_1_1	86.0	7.0	0.0	0.92
28117_1_1_1	19792_1_1_1	28117_1_1_1	3000630.0	4000637.0	1000007.0	moderate	19792_1_1_1	90.0	7.0	0.0	2.78
28117_1_1_1	50804_1_1_1	28117_1_1_1	3000574.0	4000637.0	1000063.0	moderate	50804_1_1_1	82.0	7.0	0.0	1.33
28131_1_1_1	28131_1_1_1	28131_1_1_1	4000847.0	4000847.0	0.0	strict	28131_1_1_1	121.0	7.0	0.0	1.65
28132_1_1_1	28132_1_1_1	28132_1_1_1	4000819.0	4000819.0	0.0	strict	28132_1_1_1	117.0	7.0	0.0	2.9
28135_1_1_1	28135_1_1_1	28135_1_1_1	3000303.0705527156	3000303.0705527156	0.0	moderate	28135_1_1_1	76.0	4.0	0.9294472846	0.0
2868_1_1_1	2868_1_1_1	2868_1_1_1	3000306.0	3000306.0	0.0	moderate	2868_1_1_1	102.0	3.0	0.0	0.0
298_1_1_1	298_1_1_1	298_1_1_1	3000096.0	3000096.0	0.0	moderate	298_1_1_1	32.0	3.0	0.0	0.0
2999_1_1_1	2999_1_1_1	2999_1_1_1	3000231.0	3000231.0	0.0	moderate	2999_1_1_1	77.0	3.0	0.0	0.0
2999_1_1_1	2219_1_1_1	2999_1_1_1	3000195.0	3000231.0	36.0	moderate	2219_1_1_1	65.0	3.0	0.0	0.0
30000_1_1_1	30000_1_1_1	30000_1_1_1	4000910.0	4000910.0	0.0	strict	30000_1_1_1	130.0	7.0	0.0	1.83
30005_1_1_1	19815_1_1_1	19815_1_1_1	4000322.0	4000322.0	0.0	strict	19815_1_1_1	46.0	7.0	0.0	1.37
30005_1_1_1	30005_1_1_1	19815_1_1_1	4000315.0	4000322.0	7.0	strict	30005_1_1_1	45.0	7.0	0.0	1.37
30007_1_1_1	34301_1_1_1	34301_1_1_1	4000693.0	4000693.0	0.0	strict	34301_1_1_1	99.0	7.0	0.0	0.16
30007_1_1_1	34299_1_1_1	34301_1_1_1	4000679.0	4000693.0	14.0	strict	34299_1_1_1	97.0	7.0	0.0	0.39
30007_1_1_1	30007_1_1_1	34301_1_1_1	4000637.0	4000693.0	56.0	strict	30007_1_1_1	91.0	7.0	0.0	2.39
30013_1_1_1	30013_1_1_1	30013_1_1_1	3000069.0	3000069.0	0.0	moderate	30013_1_1_1	23.0	3.0	0.0	0.0
30023_1_1_1	30023_1_1_1	30023_1_1_1	4000868.0	4000868.0	0.0	strict	30023_1_1_1	124.0	7.0	0.0	0.29
30031_1_1_1	30031_1_1_1	30031_1_1_1	4000378.0	4000378.0	0.0	strict	30031_1_1_1	54.0	7.0	0.0	0.41
30034_1_1_1	30034_1_1_1	30034_1_1_1	4000798.0	4000798.0	0.0	strict	30034_1_1_1	114.0	7.0	0.0	0.34
30039_1_1_1	19552_1_1_1	19552_1_1_1	3000460.1583699505	3000460.1583699505	0.0	moderate	19552_1_1_1	66.0	7.0	1.8416300493	1.08
30039_1_1_1	30039_1_1_1	19552_1_1_1	3000390.0	3000460.1583699505	70.15836995048448	moderate	30039_1_1_1	65.0	6.0	0.0	1.1
30040_1_1_1	30040_1_1_1	30040_1_1_1	4000518.0	4000518.0	0.0	strict	30040_1_1_1	74.0	7.0	0.0	1.87
30047_1_1_1	30047_1_1_1	30047_1_1_1	4000567.0	4000567.0	0.0	strict	30047_1_1_1	81.0	7.0	0.0	0.89
30047_1_1_1	17030_1_1_1	30047_1_1_1	3000588.0	4000567.0	999979.0	moderate	17030_1_1_1	84.0	7.0	0.0	1.17
30060_1_1_1	30060_1_1_1	30060_1_1_1	3000054.0	3000054.0	0.0	moderate	30060_1_1_1	18.0	3.0	0.0	0.0
30060_1_1_1	30059_1_1_1	30060_1_1_1	3000054.0	3000054.0	0.0	moderate	30059_1_1_1	18.0	3.0	0.0	0.0
30067_1_1_1	30067_1_1_1	30067_1_1_1	3000198.0	3000198.0	0.0	moderate	30067_1_1_1	33.0	6.0	0.0	0.0
30069_1_1_1	30069_1_1_1	30069_1_1_1	3000210.0	3000210.0	0.0	moderate	30069_1_1_1	35.0	6.0	0.0	0.0
30072_1_1_1	30072_1_1_1	30072_1_1_1	4000400.0	4000400.0	0.0	strict	30072_1_1_1	80.0	5.0	0.0	0.63
30074_1_2_1	30074_1_2_1	30074_1_2_1	3000834.0	3000834.0	0.0	moderate	30074_1_2_1	139.0	6.0	0.0	1.14
30079_1_1_1	30079_1_1_1	30079_1_1_1	4000644.0	4000644.0	0.0	strict	30079_1_1_1	92.0	7.0	0.0	1.72
30087_1_1_1	30087_1_1_1	30087_1_1_1	3001092.0	3001092.0	0.0	moderate	30087_1_1_1	156.0	7.0	0.0	0.9
30091_1_1_1	30091_1_1_1	30091_1_1_1	3000718.022812314	3000718.022812314	0.0	moderate	30091_1_1_1	103.0	7.0	2.9771876863	0.82
30091_1_1_1	25622_1_1_1	30091_1_1_1	3000425.0	3000718.022812314	293.02281231386587	moderate	25622_1_1_1	85.0	5.0	0.0	0.87
30091_1_1_1	25626_1_1_1	30091_1_1_1	3000375.0	3000718.022812314	343.02281231386587	moderate	25626_1_1_1	75.0	5.0	0.0	0.93
30091_1_1_1	25620_1_1_1	30091_1_1_1	3000350.0	3000718.022812314	368.02281231386587	moderate	25620_1_1_1	70.0	5.0	0.0	0.49
30092_1_1_1	30092_1_1_1	30092_1_1_1	4000803.631613455	4000803.631613455	0.0	strict	30092_1_1_1	115.0	7.0	1.368386545	1.38
30097_1_1_1	30097_1_1_1	30097_1_1_1	3000669.3951720716	3000669.3951720716	0.0	moderate	30097_1_1_1	96.0	7.0	2.6048279285	0.66
30100_1_1_1	30100_1_1_1	30100_1_1_1	3000942.646904548	3000942.646904548	0.0	moderate	30100_1_1_1	135.0	7.0	2.3530954519	2.81
30101_1_1_1	30101_1_1_1	30101_1_1_1	3001152.0082639065	3001152.0082639065	0.0	moderate	30101_1_1_1	165.0	7.0	2.9917360934	0.66
30102_1_1_1	30102_1_1_1	30102_1_1_1	4000798.0	4000798.0	0.0	strict	30102_1_1_1	114.0	7.0	0.0	0.27
30106_1_1_1	30106_1_1_1	30106_1_1_1	3000060.0	3000060.0	0.0	moderate	30106_1_1_1	20.0	3.0	0.0	0.0
30109_1_1_1	30109_1_1_1	30109_1_1_1	3000057.0	3000057.0	0.0	moderate	30109_1_1_1	19.0	3.0	0.0	0.0
30118_1_1_1	30118_1_1_1	30118_1_1_1	4000784.0	4000784.0	0.0	strict	30118_1_1_1	112.0	7.0	0.0	0.83
30123_1_1_1	30123_1_1_1	30123_1_1_1	3000102.94199574	3000102.94199574	0.0	moderate	30123_1_1_1	21.0	5.0	2.0580042602	0.0
30123_1_1_1	30120_1_1_1	30123_1_1_1	3000102.8333797585	3000102.94199574	0.10861598141491413	moderate	30120_1_1_1	21.0	5.0	2.1666202414	0.0
30123_1_1_1	30119_1_1_1	30123_1_1_1	3000102.4732126277	3000102.94199574	0.4687831122428179	moderate	30119_1_1_1	21.0	5.0	2.5267873723	0.0
30124_1_1_1	30124_1_1_1	30124_1_1_1	3000120.0	3000120.0	0.0	moderate	30124_1_1_1	20.0	6.0	0.0	0.0
30126_1_1_1	30126_1_1_1	30126_1_1_1	3000823.2915089857	3000823.2915089857	0.0	moderate	30126_1_1_1	118.0	7.0	2.7084910142	1.35
30129_1_1_1	30129_1_1_1	30129_1_1_1	4000553.0	4000553.0	0.0	strict	30129_1_1_1	79.0	7.0	0.0	2.05
30135_1_1_1	30135_1_1_1	30135_1_1_1	3000697.007600414	3000697.007600414	0.0	moderate	30135_1_1_1	100.0	7.0	2.9923995857	0.68
30137_1_1_1	30137_1_1_1	30137_1_1_1	3000497.0	3000497.0	0.0	moderate	30137_1_1_1	71.0	7.0	0.0	0.81
30149_1_1_1	30149_1_1_1	30149_1_1_1	3000238.0	3000238.0	0.0	moderate	30149_1_1_1	34.0	7.0	0.0	1.81
30153_1_1_1	30153_1_1_1	30153_1_1_1	4000644.0	4000644.0	0.0	strict	30153_1_1_1	92.0	7.0	0.0	0.29
30154_1_1_1	30154_1_1_1	30154_1_1_1	4000560.0	4000560.0	0.0	strict	30154_1_1_1	80.0	7.0	0.0	0.69
30157_1_1_1	30157_1_1_1	30157_1_1_1	4000581.0	4000581.0	0.0	strict	30157_1_1_1	83.0	7.0	0.0	0.27
30161_1_1_1	30161_1_1_1	30161_1_1_1	4000812.0	4000812.0	0.0	strict	30161_1_1_1	116.0	7.0	0.0	0.72
30170_1_1_1	30170_1_1_1	30170_1_1_1	4000095.0	4000095.0	0.0	strict	30170_1_1_1	19.0	5.0	0.0	0.0
30171_1_1_1	30171_1_1_1	30171_1_1_1	4000486.0	4000486.0	0.0	strict	30171_1_1_1	81.0	6.0	0.0	0.63
30180_1_1_1	30180_1_1_1	30180_1_1_1	3000198.0	3000198.0	0.0	moderate	30180_1_1_1	33.0	6.0	0.0	0.0
30181_1_1_1	30181_1_1_1	30181_1_1_1	4000116.0	4000116.0	0.0	strict	30181_1_1_1	29.0	4.0	0.0	0.0
30181_1_1_1	52977_1_1_1	30181_1_1_1	3000174.0	4000116.0	999942.0	moderate	52977_1_1_1	29.0	6.0	0.0	0.13
30181_1_1_1	34554_1_1_1	30181_1_1_1	3000162.0	4000116.0	999954.0	moderate	34554_1_1_1	27.0	6.0	0.0	0.0
30181_1_1_1	30411_1_1_1	30181_1_1_1	3000069.0	4000116.0	1000047.0	moderate	30411_1_1_1	23.0	3.0	0.0	0.0
30181_1_1_1	30413_1_1_1	30181_1_1_1	3000060.0	4000116.0	1000056.0	moderate	30413_1_1_1	20.0	3.0	0.0	0.0
30185_1_1_1	30185_1_1_1	30185_1_1_1	4000624.0	4000624.0	0.0	strict	30185_1_1_1	104.0	6.0	0.0	0.43
30192_1_1_1	30192_1_1_1	30192_1_1_1	3000403.613003497	3000403.613003497	0.0	moderate	30192_1_1_1	58.0	7.0	2.3869965029	0.41
30193_1_1_1	30193_1_1_1	30193_1_1_1	3000469.0	3000469.0	0.0	moderate	30193_1_1_1	67.0	7.0	0.0	1.61
30194_1_1_1	30194_1_1_1	30194_1_1_1	3000315.0	3000315.0	0.0	moderate	30194_1_1_1	45.0	7.0	0.0	2.0
30195_1_1_1	30195_1_1_1	30195_1_1_1	4000846.0	4000846.0	0.0	strict	30195_1_1_1	141.0	6.0	0.0	2.68
30195_1_1_1	50750_1_1_1	30195_1_1_1	4000730.0	4000846.0	116.0	strict	50750_1_1_1	146.0	5.0	0.0	0.62
30195_1_1_1	25120_1_1_1	30195_1_1_1	3001110.8577106674	4000846.0	999735.1422893326	moderate	25120_1_1_1	159.0	7.0	2.1422893324	0.55
30195_1_1_1	34497_1_1_1	30195_1_1_1	3001022.0	4000846.0	999824.0	moderate	34497_1_1_1	146.0	7.0	0.0	0.56
30195_1_1_1	27692_1_1_1	30195_1_1_1	3000945.0	4000846.0	999901.0	moderate	27692_1_1_1	135.0	7.0	0.0	0.49
30195_1_1_1	547_1_1_1	30195_1_1_1	3000730.0	4000846.0	1000116.0	moderate	547_1_1_1	146.0	5.0	0.0	0.0
30195_1_1_1	6707_1_1_1	30195_1_1_1	3000725.0	4000846.0	1000121.0	moderate	6707_1_1_1	145.0	5.0	0.0	0.56
30197_1_1_1	5496_1_1_1	5496_1_1_1	3000532.0	3000532.0	0.0	moderate	5496_1_1_1	76.0	7.0	0.0	0.76
30197_1_1_1	30197_1_1_1	5496_1_1_1	3000511.0	3000532.0	21.0	moderate	30197_1_1_1	73.0	7.0	0.0	1.12
30197_1_1_1	5500_1_1_1	5496_1_1_1	3000450.0	3000532.0	82.0	moderate	5500_1_1_1	75.0	6.0	0.0	1.72
30200_1_1_1	30200_1_1_1	30200_1_1_1	4000503.443294331	4000503.443294331	0.0	strict	30200_1_1_1	101.0	5.0	1.5567056691	0.74
30201_1_1_1	30201_1_1_1	30201_1_1_1	4000756.0	4000756.0	0.0	strict	30201_1_1_1	108.0	7.0	0.0	2.23
30204_1_1_1	30204_1_1_1	30204_1_1_1	3000182.0	3000182.0	0.0	moderate	30204_1_1_1	26.0	7.0	0.0	0.76
30205_1_1_1	30205_1_1_1	30205_1_1_1	4000761.5862032	4000761.5862032	0.0	strict	30205_1_1_1	109.0	7.0	1.4137968	0.67
30209_1_1_1	30209_1_1_1	30209_1_1_1	3000798.0	3000798.0	0.0	moderate	30209_1_1_1	114.0	7.0	0.0	0.3
30213_1_1_1	30213_1_1_1	30213_1_1_1	3000144.0	3000144.0	0.0	moderate	30213_1_1_1	24.0	6.0	0.0	0.31
30213_1_1_1	30212_1_1_1	30213_1_1_1	3000132.0	3000144.0	12.0	moderate	30212_1_1_1	22.0	6.0	0.0	0.0
30213_1_1_1	30214_1_1_1	30213_1_1_1	3000126.0	3000144.0	18.0	moderate	30214_1_1_1	21.0	6.0	0.0	0.0
30232_1_1_1	31225_1_1_1	31225_1_1_1	3000132.0	3000132.0	0.0	moderate	31225_1_1_1	22.0	6.0	0.0	0.0
30232_1_1_1	31227_1_1_1	31225_1_1_1	3000132.0	3000132.0	0.0	moderate	31227_1_1_1	22.0	6.0	0.0	0.0
30232_1_1_1	30233_1_1_1	31225_1_1_1	3000124.9074858613	3000132.0	7.092514138668776	moderate	30233_1_1_1	21.0	6.0	1.0925141388	0.0
30232_1_1_1	30232_1_1_1	31225_1_1_1	3000105.0	3000132.0	27.0	moderate	30232_1_1_1	21.0	5.0	0.0	0.0
30235_1_1_1	30235_1_1_1	30235_1_1_1	3000162.0	3000162.0	0.0	moderate	30235_1_1_1	27.0	6.0	0.0	0.49
30236_1_1_1	30236_1_1_1	30236_1_1_1	3000186.0	3000186.0	0.0	moderate	30236_1_1_1	31.0	6.0	0.0	0.37
30237_1_1_1	30237_1_1_1	30237_1_1_1	3000851.3287826707	3000851.3287826707	0.0	moderate	30237_1_1_1	122.0	7.0	2.6712173293	0.16
30239_1_1_1	30239_1_1_1	30239_1_1_1	3000354.0	3000354.0	0.0	moderate	30239_1_1_1	59.0	6.0	0.0	0.51
30240_1_1_1	30240_1_1_1	30240_1_1_1	4000280.0	4000280.0	0.0	strict	30240_1_1_1	40.0	7.0	0.0	0.59
30242_1_1_1	30242_1_1_1	30242_1_1_1	3000203.0	3000203.0	0.0	moderate	30242_1_1_1	29.0	7.0	0.0	1.91
30246_1_1_1	30246_1_1_1	30246_1_1_1	4000889.0	4000889.0	0.0	strict	30246_1_1_1	127.0	7.0	0.0	0.52
30247_1_1_1	30247_1_1_1	30247_1_1_1	4000525.0	4000525.0	0.0	strict	30247_1_1_1	75.0	7.0	0.0	2.26
30256_1_1_1	30256_1_1_1	30256_1_1_1	4000122.1799871847	4000122.1799871847	0.0	strict	30256_1_1_1	31.0	4.0	1.8200128152	0.0
30263_1_1_1	30263_1_1_1	30263_1_1_1	3000076.0	3000076.0	0.0	moderate	30263_1_1_1	19.0	4.0	0.0	0.0
30271_1_1_1	30271_1_1_1	30271_1_1_1	3000264.122756398	3000264.122756398	0.0	moderate	30271_1_1_1	38.0	7.0	1.8772436026	1.42
30281_1_1_1	30281_1_1_1	30281_1_1_1	3000120.0	3000120.0	0.0	moderate	30281_1_1_1	20.0	6.0	0.0	0.0
30289_1_1_1	30289_1_1_1	30289_1_1_1	4000427.0	4000427.0	0.0	strict	30289_1_1_1	61.0	7.0	0.0	0.83
30296_1_1_1	30296_1_1_1	30296_1_1_1	4000455.0	4000455.0	0.0	strict	30296_1_1_1	65.0	7.0	0.0	2.26
30301_1_1_1	30301_1_1_1	30301_1_1_1	3000599.2483672174	3000599.2483672174	0.0	moderate	30301_1_1_1	86.0	7.0	2.7516327827	1.43
30303_1_1_1	30303_1_1_1	30303_1_1_1	3000733.4358817353	3000733.4358817353	0.0	moderate	30303_1_1_1	105.0	7.0	1.5641182646	0.98
30310_1_1_1	30310_1_1_1	30310_1_1_1	4000427.0	4000427.0	0.0	strict	30310_1_1_1	61.0	7.0	0.0	0.37
30310_1_1_1	30309_1_1_1	30310_1_1_1	3000473.32165092	4000427.0	999953.67834908	moderate	30309_1_1_1	68.0	7.0	2.6783490798	0.79
30312_1_1_1	30312_1_1_1	30312_1_1_1	4000273.0	4000273.0	0.0	strict	30312_1_1_1	39.0	7.0	0.0	1.81
30314_1_1_1	30314_1_1_1	30314_1_1_1	4000378.0	4000378.0	0.0	strict	30314_1_1_1	54.0	7.0	0.0	0.42
30314_1_1_1	18654_1_1_1	30314_1_1_1	4000324.0	4000378.0	54.0	strict	18654_1_1_1	54.0	6.0	0.0	0.39
30315_1_1_1	30315_1_1_1	30315_1_1_1	3000108.0	3000108.0	0.0	moderate	30315_1_1_1	27.0	4.0	0.0	0.0
30320_1_1_1	30320_1_1_1	30320_1_1_1	3000180.0	3000180.0	0.0	moderate	30320_1_1_1	36.0	5.0	0.0	0.0
30321_1_1_1	30321_1_1_1	30321_1_1_1	4000861.0	4000861.0	0.0	strict	30321_1_1_1	123.0	7.0	0.0	1.11
30322_1_1_1	30322_1_1_1	30322_1_1_1	3001164.0	3001164.0	0.0	moderate	30322_1_1_1	194.0	6.0	0.0	1.21
30325_1_1_1	30325_1_1_1	30325_1_1_1	4000858.0	4000858.0	0.0	strict	30325_1_1_1	143.0	6.0	0.0	1.83
30326_1_1_1	30326_1_1_1	30326_1_1_1	4001470.0	4001470.0	0.0	strict	30326_1_1_1	245.0	6.0	0.0	0.22
30326_1_1_1	27833_1_1_1	30326_1_1_1	3001205.0	4001470.0	1000265.0	moderate	27833_1_1_1	241.0	5.0	0.0	1.02
30330_1_1_1	30330_1_1_1	30330_1_1_1	3000627.2825067085	3000627.2825067085	0.0	moderate	30330_1_1_1	90.0	7.0	2.7174932916	0.92
30331_1_1_1	30331_1_1_1	30331_1_1_1	3001670.2268287702	3001670.2268287702	0.0	moderate	30331_1_1_1	239.0	7.0	2.7731712297	1.27
30339_1_1_1	30339_1_1_1	30339_1_1_1	3000123.0	3000123.0	0.0	moderate	30339_1_1_1	41.0	3.0	0.0	0.0
30352_1_1_1	30352_1_1_1	30352_1_1_1	3000504.0	3000504.0	0.0	moderate	30352_1_1_1	72.0	7.0	0.0	0.21
30354_1_1_1	30351_1_1_1	30351_1_1_1	3000096.0	3000096.0	0.0	moderate	30351_1_1_1	32.0	3.0	0.0	0.0
30354_1_1_1	30354_1_1_1	30351_1_1_1	3000093.0	3000096.0	3.0	moderate	30354_1_1_1	31.0	3.0	0.0	0.0
30379_1_1_1	30379_1_1_1	30379_1_1_1	4000376.121854808	4000376.121854808	0.0	strict	30379_1_1_1	54.0	7.0	1.8781451919	1.01
30390_1_1_1	30390_1_1_1	30390_1_1_1	3000382.3773586345	3000382.3773586345	0.0	moderate	30390_1_1_1	55.0	7.0	2.6226413654	0.82
30391_1_1_1	30391_1_1_1	30391_1_1_1	3000522.0823837817	3000522.0823837817	0.0	moderate	30391_1_1_1	75.0	7.0	2.9176162184	1.01
30396_1_1_1	30396_1_1_1	30396_1_1_1	3000088.0	3000088.0	0.0	moderate	30396_1_1_1	22.0	4.0	0.0	0.0
30399_1_1_1	30399_1_1_1	30399_1_1_1	4000735.0	4000735.0	0.0	strict	30399_1_1_1	105.0	7.0	0.0	1.42
30404_1_1_1	30404_1_1_1	30404_1_1_1	4000595.0	4000595.0	0.0	strict	30404_1_1_1	85.0	7.0	0.0	0.52
30406_1_1_1	30406_1_1_1	30406_1_1_1	3000180.0	3000180.0	0.0	moderate	30406_1_1_1	30.0	6.0	0.0	0.0
30418_1_1_1	30418_1_1_1	30418_1_1_1	4000714.0	4000714.0	0.0	strict	30418_1_1_1	102.0	7.0	0.0	1.64
30421_1_1_1	30421_1_1_1	30421_1_1_1	4001029.0	4001029.0	0.0	strict	30421_1_1_1	147.0	7.0	0.0	0.52
30422_1_1_1	30422_1_1_1	30422_1_1_1	4000216.0	4000216.0	0.0	strict	30422_1_1_1	54.0	4.0	0.0	0.0
30423_1_1_1	30423_1_1_1	30423_1_1_1	4000936.0	4000936.0	0.0	strict	30423_1_1_1	156.0	6.0	0.0	0.38
30444_1_1_1	30444_1_1_1	30444_1_1_1	4000866.055352443	4000866.055352443	0.0	strict	30444_1_1_1	124.0	7.0	1.9446475569	0.75
30450_1_1_1	30450_1_1_1	30450_1_1_1	4001344.0	4001344.0	0.0	strict	30450_1_1_1	192.0	7.0	0.0	1.72
30458_1_1_1	30458_1_1_1	30458_1_1_1	4001078.0	4001078.0	0.0	strict	30458_1_1_1	154.0	7.0	0.0	0.44
30458_1_1_1	25135_1_1_1	30458_1_1_1	4001071.0	4001078.0	7.0	strict	25135_1_1_1	153.0	7.0	0.0	0.42
30458_1_1_1	34526_1_1_1	30458_1_1_1	4000924.0	4001078.0	154.0	strict	34526_1_1_1	154.0	6.0	0.0	0.55
30458_1_1_1	51061_1_1_1	30458_1_1_1	4000612.0	4001078.0	466.0	strict	51061_1_1_1	153.0	4.0	0.0	2.56
30469_1_1_1	30469_1_1_1	30469_1_1_1	4000721.0	4000721.0	0.0	strict	30469_1_1_1	103.0	7.0	0.0	3.71
30469_1_1_1	10085_1_1_1	30469_1_1_1	3000679.0	4000721.0	1000042.0	moderate	10085_1_1_1	97.0	7.0	0.0	0.34
30481_1_1_1	30481_1_1_1	30481_1_1_1	4000144.0	4000144.0	0.0	strict	30481_1_1_1	24.0	6.0	0.0	1.11
30483_1_1_1	30483_1_1_1	30483_1_1_1	3000108.0	3000108.0	0.0	moderate	30483_1_1_1	18.0	6.0	0.0	0.0
30494_1_1_1	30494_1_1_1	30494_1_1_1	4000426.0	4000426.0	0.0	strict	30494_1_1_1	71.0	6.0	0.0	0.56
30495_1_1_1	30495_1_1_1	30495_1_1_1	4000450.0	4000450.0	0.0	strict	30495_1_1_1	75.0	6.0	0.0	2.33
30504_1_1_1	30504_1_1_1	30504_1_1_1	4000574.0	4000574.0	0.0	strict	30504_1_1_1	82.0	7.0	0.0	1.11
30505_1_1_1	30505_1_1_1	30505_1_1_1	3000606.2772473814	3000606.2772473814	0.0	moderate	30505_1_1_1	87.0	7.0	2.7227526188	1.16
30513_1_1_1	30513_1_1_1	30513_1_1_1	4000306.4695137655	4000306.4695137655	0.0	strict	30513_1_1_1	44.0	7.0	1.5304862346	0.47
30516_1_1_1	30516_1_1_1	30516_1_1_1	3000108.0	3000108.0	0.0	moderate	30516_1_1_1	18.0	6.0	0.0	0.0
30517_1_1_1	30517_1_1_1	30517_1_1_1	3001008.0	3001008.0	0.0	moderate	30517_1_1_1	144.0	7.0	0.0	0.35
30520_1_1_1	30520_1_1_1	30520_1_1_1	3000180.0	3000180.0	0.0	moderate	30520_1_1_1	30.0	6.0	0.0	0.0
30525_1_1_1	30525_1_1_1	30525_1_1_1	4000217.0	4000217.0	0.0	strict	30525_1_1_1	31.0	7.0	0.0	0.0
30525_1_1_1	19205_1_1_1	30525_1_1_1	4000217.0	4000217.0	0.0	strict	19205_1_1_1	31.0	7.0	0.0	0.0
30525_1_1_1	199_1_1_1	30525_1_1_1	3000081.0	4000217.0	1000136.0	moderate	199_1_1_1	27.0	3.0	0.0	0.0
30525_1_1_1	4246_1_1_1	30525_1_1_1	3000081.0	4000217.0	1000136.0	moderate	4246_1_1_1	27.0	3.0	0.0	0.0
30527_1_1_1	30527_1_1_1	30527_1_1_1	4000510.0	4000510.0	0.0	strict	30527_1_1_1	85.0	6.0	0.0	1.97
30551_1_1_1	30551_1_1_1	30551_1_1_1	4000852.0	4000852.0	0.0	strict	30551_1_1_1	142.0	6.0	0.0	0.7
30554_1_1_1	30554_1_1_1	30554_1_1_1	4000136.0	4000136.0	0.0	strict	30554_1_1_1	34.0	4.0	0.0	0.0
30554_1_1_1	30553_1_1_1	30554_1_1_1	4000132.0	4000136.0	4.0	strict	30553_1_1_1	33.0	4.0	0.0	0.0
30555_1_1_1	30555_1_1_1	30555_1_1_1	4000210.0	4000210.0	0.0	strict	30555_1_1_1	30.0	7.0	0.0	0.0
30556_1_1_1	30556_1_1_1	30556_1_1_1	4000516.882920548	4000516.882920548	0.0	strict	30556_1_1_1	74.0	7.0	1.1170794518	0.54
30559_1_1_1	30559_1_1_1	30559_1_1_1	4000399.0	4000399.0	0.0	strict	30559_1_1_1	57.0	7.0	0.0	0.67
30565_1_1_1	30565_1_1_1	30565_1_1_1	3000375.009436172	3000375.009436172	0.0	moderate	30565_1_1_1	54.0	7.0	2.990563828	1.55
30566_1_1_1	30566_1_1_1	30566_1_1_1	3000066.0	3000066.0	0.0	moderate	30566_1_1_1	22.0	3.0	0.0	0.0
30567_1_1_1	30567_1_1_1	30567_1_1_1	3000147.0	3000147.0	0.0	moderate	30567_1_1_1	49.0	3.0	0.0	0.0
30568_1_1_1	30568_1_1_1	30568_1_1_1	3000075.0	3000075.0	0.0	moderate	30568_1_1_1	25.0	3.0	0.0	0.0
30569_1_1_1	30569_1_1_1	30569_1_1_1	4001153.066146865	4001153.066146865	0.0	strict	30569_1_1_1	165.0	7.0	1.9338531348	0.55
30573_1_1_1	30574_1_3_1	30574_1_3_1	4000564.0	4000564.0	0.0	strict	30574_1_3_1	94.0	6.0	0.0	2.59
30573_1_1_1	30573_1_1_1	30574_1_3_1	4000546.0	4000564.0	18.0	strict	30573_1_1_1	91.0	6.0	0.0	1.1
30575_1_1_1	30575_1_1_1	30575_1_1_1	3000816.3656679606	3000816.3656679606	0.0	moderate	30575_1_1_1	117.0	7.0	2.6343320392	1.81
30579_1_1_1	30579_1_1_1	30579_1_1_1	3000282.0	3000282.0	0.0	moderate	30579_1_1_1	47.0	6.0	0.0	0.0
30580_1_1_1	30580_1_1_1	30580_1_1_1	3000270.0	3000270.0	0.0	moderate	30580_1_1_1	45.0	6.0	0.0	0.33
30583_1_1_1	30583_1_1_1	30583_1_1_1	4000510.0	4000510.0	0.0	strict	30583_1_1_1	102.0	5.0	0.0	1.17
30588_1_1_1	30588_1_1_1	30588_1_1_1	3000069.0	3000069.0	0.0	moderate	30588_1_1_1	23.0	3.0	0.0	0.0
30597_1_1_1	30597_1_1_1	30597_1_1_1	3000155.0	3000155.0	0.0	moderate	30597_1_1_1	31.0	5.0	0.0	3.48
30603_1_1_1	30603_1_1_1	30603_1_1_1	3000350.0	3000350.0	0.0	moderate	30603_1_1_1	50.0	7.0	0.0	1.27
30613_1_1_1	30613_1_1_1	30613_1_1_1	3000440.0	3000440.0	0.0	moderate	30613_1_1_1	88.0	5.0	0.0	0.25
30625_1_1_1	30625_1_1_1	30625_1_1_1	3000078.0	3000078.0	0.0	moderate	30625_1_1_1	26.0	3.0	0.0	0.0
30626_1_1_1	30626_1_1_1	30626_1_1_1	3000155.0	3000155.0	0.0	moderate	30626_1_1_1	31.0	5.0	0.0	0.0
30627_1_1_1	30627_1_1_1	30627_1_1_1	4000602.0	4000602.0	0.0	strict	30627_1_1_1	86.0	7.0	0.0	1.66
30637_1_1_1	30637_1_1_1	30637_1_1_1	4000700.0	4000700.0	0.0	strict	30637_1_1_1	140.0	5.0	0.0	1.91
30646_1_1_1	30646_1_1_1	30646_1_1_1	3000176.0	3000176.0	0.0	moderate	30646_1_1_1	44.0	4.0	0.0	2.43
30647_1_1_1	30647_1_1_1	30647_1_1_1	3000192.0	3000192.0	0.0	moderate	30647_1_1_1	32.0	6.0	0.0	0.34
30648_1_1_1	30648_1_1_1	30648_1_1_1	3000210.0	3000210.0	0.0	moderate	30648_1_1_1	35.0	6.0	0.0	0.67
30651_1_1_1	30651_1_1_1	30651_1_1_1	3000093.0	3000093.0	0.0	moderate	30651_1_1_1	31.0	3.0	0.0	0.0
30652_1_1_1	30652_1_1_1	30652_1_1_1	4000520.0	4000520.0	0.0	strict	30652_1_1_1	104.0	5.0	0.0	0.85
30652_1_1_1	5774_1_1_1	30652_1_1_1	3000721.0	4000520.0	999799.0	moderate	5774_1_1_1	103.0	7.0	0.0	1.49
30652_1_1_1	30653_1_1_1	30652_1_1_1	3000497.762694816	4000520.0	1000022.2373051839	moderate	30653_1_1_1	100.0	5.0	2.2373051838	0.79
30656_1_1_1	30656_1_1_1	30656_1_1_1	3000872.4292509756	3000872.4292509756	0.0	moderate	30656_1_1_1	175.0	5.0	2.5707490242	0.89
30660_1_1_1	30660_1_1_1	30660_1_1_1	3000238.0	3000238.0	0.0	moderate	30660_1_1_1	34.0	7.0	0.0	1.2
30661_1_1_1	16921_1_1_1	16921_1_1_1	4000623.0	4000623.0	0.0	strict	16921_1_1_1	89.0	7.0	0.0	1.44
30661_1_1_1	30662_1_1_1	16921_1_1_1	4000480.0	4000623.0	143.0	strict	30662_1_1_1	80.0	6.0	0.0	1.85
30661_1_1_1	30661_1_1_1	16921_1_1_1	4000474.0	4000623.0	149.0	strict	30661_1_1_1	79.0	6.0	0.0	1.28
30663_1_1_1	30663_1_1_1	30663_1_1_1	3000265.0	3000265.0	0.0	moderate	30663_1_1_1	53.0	5.0	0.0	1.21
30676_1_1_1	30676_1_1_1	30676_1_1_1	4000854.0	4000854.0	0.0	strict	30676_1_1_1	122.0	7.0	0.0	0.36
30677_1_1_1	30677_1_1_1	30677_1_1_1	4000924.0	4000924.0	0.0	strict	30677_1_1_1	132.0	7.0	0.0	1.03
30682_1_1_1	30682_1_1_1	30682_1_1_1	4000336.0	4000336.0	0.0	strict	30682_1_1_1	48.0	7.0	0.0	1.37
30684_1_1_1	30684_1_1_1	30684_1_1_1	3000427.0	3000427.0	0.0	moderate	30684_1_1_1	61.0	7.0	0.0	1.6
30691_1_1_1	30691_1_1_1	30691_1_1_1	3000735.0	3000735.0	0.0	moderate	30691_1_1_1	105.0	7.0	0.0	0.67
30696_1_1_1	30696_1_1_1	30696_1_1_1	4000798.0	4000798.0	0.0	strict	30696_1_1_1	114.0	7.0	0.0	0.89
30703_1_1_1	30704_1_1_1	30704_1_1_1	4001232.0	4001232.0	0.0	strict	30704_1_1_1	176.0	7.0	0.0	1.56
30703_1_1_1	30703_1_1_1	30704_1_1_1	4001057.0	4001232.0	175.0	strict	30703_1_1_1	151.0	7.0	0.0	1.4
30707_1_1_1	30707_1_1_1	30707_1_1_1	4000624.0	4000624.0	0.0	strict	30707_1_1_1	104.0	6.0	0.0	1.42
30707_1_1_1	30708_1_1_1	30707_1_1_1	4000618.0	4000624.0	6.0	strict	30708_1_1_1	103.0	6.0	0.0	0.79
30707_1_1_1	30706_1_1_1	30707_1_1_1	4000618.0	4000624.0	6.0	strict	30706_1_1_1	103.0	6.0	0.0	0.29
30722_1_1_1	30722_1_1_1	30722_1_1_1	4001022.0	4001022.0	0.0	strict	30722_1_1_1	146.0	7.0	0.0	0.41
30722_1_1_1	30861_1_1_1	30722_1_1_1	3001194.563326233	4001022.0	999827.4366737669	moderate	30861_1_1_1	171.0	7.0	2.4366737671	0.5
30722_1_1_1	34539_1_1_1	30722_1_1_1	3001041.1419612314	4001022.0	999980.8580387686	moderate	34539_1_1_1	149.0	7.0	1.8580387685	0.59
30740_1_1_1	30740_1_1_1	30740_1_1_1	4000812.0	4000812.0	0.0	strict	30740_1_1_1	116.0	7.0	0.0	1.52
30740_1_1_1	30739_1_1_1	30740_1_1_1	4000812.0	4000812.0	0.0	strict	30739_1_1_1	116.0	7.0	0.0	0.87
30740_1_1_1	25573_1_1_1	30740_1_1_1	3000903.0	4000812.0	999909.0	moderate	25573_1_1_1	129.0	7.0	0.0	2.47
30746_1_1_1	30746_1_1_1	30746_1_1_1	3000120.0	3000120.0	0.0	moderate	30746_1_1_1	24.0	5.0	0.0	0.0
30750_1_1_1	30750_1_1_1	30750_1_1_1	3000132.0	3000132.0	0.0	moderate	30750_1_1_1	22.0	6.0	0.0	0.0
30753_1_1_1	30753_1_1_1	30753_1_1_1	4000590.0	4000590.0	0.0	strict	30753_1_1_1	118.0	5.0	0.0	1.35
30756_1_1_1	30756_1_1_1	30756_1_1_1	4000790.3193423175	4000790.3193423175	0.0	strict	30756_1_1_1	132.0	6.0	1.6806576826	1.0
30757_1_1_1	30757_1_1_1	30757_1_1_1	3000132.0	3000132.0	0.0	moderate	30757_1_1_1	22.0	6.0	0.0	0.0
30757_1_1_1	27316_1_1_1	30757_1_1_1	3000120.0	3000132.0	12.0	moderate	27316_1_1_1	24.0	5.0	0.0	0.0
30767_1_1_1	30767_1_1_1	30767_1_1_1	3000200.0	3000200.0	0.0	moderate	30767_1_1_1	40.0	5.0	0.0	0.32
30768_1_1_1	30768_1_1_1	30768_1_1_1	3000483.0	3000483.0	0.0	moderate	30768_1_1_1	69.0	7.0	0.0	1.51
30773_1_1_1	30773_1_1_1	30773_1_1_1	3000802.3431281643	3000802.3431281643	0.0	moderate	30773_1_1_1	115.0	7.0	2.6568718356	1.3
30782_1_1_1	30782_1_1_1	30782_1_1_1	4000607.675230481	4000607.675230481	0.0	strict	30782_1_1_1	87.0	7.0	1.3247695186	0.72
30782_1_1_1	15125_1_1_1	30782_1_1_1	3000599.92476207	4000607.675230481	1000007.750468411	moderate	15125_1_1_1	86.0	7.0	2.0752379294	0.51
30783_1_1_1	30783_1_1_1	30783_1_1_1	3000300.0	3000300.0	0.0	moderate	30783_1_1_1	50.0	6.0	0.0	0.22
30784_1_1_1	30784_1_1_1	30784_1_1_1	3000264.0	3000264.0	0.0	moderate	30784_1_1_1	44.0	6.0	0.0	0.16
30802_1_1_1	30802_1_1_1	30802_1_1_1	4000780.0	4000780.0	0.0	strict	30802_1_1_1	130.0	6.0	0.0	1.15
30813_1_1_1	30813_1_1_1	30813_1_1_1	3000162.0	3000162.0	0.0	moderate	30813_1_1_1	27.0	6.0	0.0	0.0
30813_1_1_1	30470_1_1_1	30813_1_1_1	3000162.0	3000162.0	0.0	moderate	30470_1_1_1	27.0	6.0	0.0	0.0
30813_1_1_1	16073_1_1_1	30813_1_1_1	3000084.0	3000162.0	78.0	moderate	16073_1_1_1	28.0	3.0	0.0	0.0
30813_1_1_1	19304_1_1_1	30813_1_1_1	3000081.0	3000162.0	81.0	moderate	19304_1_1_1	27.0	3.0	0.0	0.0
30813_1_1_1	17531_1_1_1	30813_1_1_1	3000081.0	3000162.0	81.0	moderate	17531_1_1_1	27.0	3.0	0.0	0.0
30814_1_1_1	30814_1_1_1	30814_1_1_1	3000816.0	3000816.0	0.0	moderate	30814_1_1_1	136.0	6.0	0.0	1.02
30821_1_1_1	30821_1_1_1	30821_1_1_1	4001036.0	4001036.0	0.0	strict	30821_1_1_1	148.0	7.0	0.0	1.36
30827_1_1_1	30827_1_1_1	30827_1_1_1	3000156.0	3000156.0	0.0	moderate	30827_1_1_1	26.0	6.0	0.0	0.0
30834_1_1_1	30834_1_1_1	30834_1_1_1	4000198.0	4000198.0	0.0	strict	30834_1_1_1	33.0	6.0	0.0	1.07
30842_1_1_1	30842_1_1_1	30842_1_1_1	4000076.0	4000076.0	0.0	strict	30842_1_1_1	19.0	4.0	0.0	0.0
30844_1_1_1	30844_1_1_1	30844_1_1_1	3000455.0	3000455.0	0.0	moderate	30844_1_1_1	65.0	7.0	0.0	1.37
30846_1_1_1	30846_1_1_1	30846_1_1_1	3000135.0	3000135.0	0.0	moderate	30846_1_1_1	45.0	3.0	0.0	0.0
30846_1_1_1	30847_1_1_1	30846_1_1_1	3000123.0	3000135.0	12.0	moderate	30847_1_1_1	41.0	3.0	0.0	0.0
30850_1_1_1	30850_1_1_1	30850_1_1_1	3000529.6202542335	3000529.6202542335	0.0	moderate	30850_1_1_1	76.0	7.0	2.3797457663	0.19
30855_1_1_1	30856_1_1_1	30856_1_1_1	3000704.0	3000704.0	0.0	moderate	30856_1_1_1	176.0	4.0	0.0	0.0
30855_1_1_1	30855_1_1_1	30856_1_1_1	3000636.0	3000704.0	68.0	moderate	30855_1_1_1	159.0	4.0	0.0	0.0
30857_1_1_1	30857_1_1_1	30857_1_1_1	3000315.0	3000315.0	0.0	moderate	30857_1_1_1	45.0	7.0	0.0	1.26
30858_1_1_1	30858_1_1_1	30858_1_1_1	3000448.0	3000448.0	0.0	moderate	30858_1_1_1	64.0	7.0	0.0	0.4
30866_1_1_1	30866_1_1_1	30866_1_1_1	3000281.6103242445	3000281.6103242445	0.0	moderate	30866_1_1_1	71.0	4.0	2.3896757555	0.94
30867_1_1_1	30867_1_1_1	30867_1_1_1	3000497.0	3000497.0	0.0	moderate	30867_1_1_1	71.0	7.0	0.0	0.89
30869_1_1_1	30869_1_1_1	30869_1_1_1	4000252.0	4000252.0	0.0	strict	30869_1_1_1	42.0	6.0	0.0	0.36
30871_1_1_1	30871_1_1_1	30871_1_1_1	4000240.0	4000240.0	0.0	strict	30871_1_1_1	40.0	6.0	0.0	0.1
30875_1_1_1	30875_1_1_1	30875_1_1_1	4000318.0	4000318.0	0.0	strict	30875_1_1_1	53.0	6.0	0.0	1.1
30876_1_1_1	30876_1_1_1	30876_1_1_1	3000210.0	3000210.0	0.0	moderate	30876_1_1_1	35.0	6.0	0.0	0.53
30878_1_1_1	30878_1_1_1	30878_1_1_1	3000138.0	3000138.0	0.0	moderate	30878_1_1_1	46.0	3.0	0.0	0.0
30890_1_1_1	30890_1_1_1	30890_1_1_1	4000672.0	4000672.0	0.0	strict	30890_1_1_1	96.0	7.0	0.0	0.96
30891_1_1_1	30891_1_1_1	30891_1_1_1	3000095.0	3000095.0	0.0	moderate	30891_1_1_1	19.0	5.0	0.0	0.0
30900_1_1_1	30900_1_1_1	30900_1_1_1	3000072.0	3000072.0	0.0	moderate	30900_1_1_1	24.0	3.0	0.0	0.0
30903_1_1_1	30903_1_1_1	30903_1_1_1	3000138.0	3000138.0	0.0	moderate	30903_1_1_1	23.0	6.0	0.0	1.55
30910_1_1_1	30910_1_1_1	30910_1_1_1	4002052.0	4002052.0	0.0	strict	30910_1_1_1	342.0	6.0	0.0	1.13
30911_1_1_1	30911_1_1_1	30911_1_1_1	3000417.837776719	3000417.837776719	0.0	moderate	30911_1_1_1	70.0	6.0	2.1622232811	1.31
30926_1_1_1	30926_1_1_1	30926_1_1_1	4001022.0	4001022.0	0.0	strict	30926_1_1_1	146.0	7.0	0.0	0.63
30933_1_1_1	30933_1_1_1	30933_1_1_1	3000180.0	3000180.0	0.0	moderate	30933_1_1_1	30.0	6.0	0.0	0.0
30933_1_1_1	30934_1_1_1	30933_1_1_1	3000174.0	3000180.0	6.0	moderate	30934_1_1_1	29.0	6.0	0.0	0.0
30933_1_1_1	17731_1_1_1	30933_1_1_1	3000090.0	3000180.0	90.0	moderate	17731_1_1_1	30.0	3.0	0.0	0.0
30933_1_1_1	17733_1_1_1	30933_1_1_1	3000090.0	3000180.0	90.0	moderate	17733_1_1_1	30.0	3.0	0.0	0.0
30933_1_1_1	6264_1_1_1	30933_1_1_1	3000090.0	3000180.0	90.0	moderate	6264_1_1_1	30.0	3.0	0.0	0.0
30939_1_1_1	30939_1_1_1	30939_1_1_1	3001817.6403744067	3001817.6403744067	0.0	moderate	30939_1_1_1	260.0	7.0	2.3596255934	0.46
30943_1_1_1	30943_1_1_1	30943_1_1_1	4002996.0	4002996.0	0.0	strict	30943_1_1_1	428.0	7.0	0.0	0.59
30943_1_1_1	51105_1_1_1	30943_1_1_1	3001424.0	4002996.0	1001572.0	moderate	51105_1_1_1	356.0	4.0	0.0	0.0
30944_1_1_1	30944_1_1_1	30944_1_1_1	3000536.960945133	3000536.960945133	0.0	moderate	30944_1_1_1	77.0	7.0	2.0390548668	1.19
30951_1_1_1	6455_1_1_1	6455_1_1_1	3000308.0	3000308.0	0.0	moderate	6455_1_1_1	44.0	7.0	0.0	0.27
30951_1_1_1	30951_1_1_1	6455_1_1_1	3000240.0	3000308.0	68.0	moderate	30951_1_1_1	40.0	6.0	0.0	1.95
30951_1_1_1	34671_1_1_1	6455_1_1_1	3000132.0	3000308.0	176.0	moderate	34671_1_1_1	44.0	3.0	0.0	0.0
30951_1_1_1	4509_1_1_1	6455_1_1_1	3000129.0	3000308.0	179.0	moderate	4509_1_1_1	43.0	3.0	0.0	0.0
30951_1_1_1	55_1_1_1	6455_1_1_1	3000129.0	3000308.0	179.0	moderate	55_1_1_1	43.0	3.0	0.0	0.0
30952_1_1_1	30952_1_1_1	30952_1_1_1	3000145.0	3000145.0	0.0	moderate	30952_1_1_1	29.0	5.0	0.0	0.0
30952_1_1_1	30409_1_1_1	30952_1_1_1	3000145.0	3000145.0	0.0	moderate	30409_1_1_1	29.0	5.0	0.0	0.0
30959_1_1_1	30959_1_1_1	30959_1_1_1	4000700.0	4000700.0	0.0	strict	30959_1_1_1	100.0	7.0	0.0	1.31
30959_1_1_1	5971_1_1_1	30959_1_1_1	3000732.221113675	4000700.0	999967.7788863252	moderate	5971_1_1_1	105.0	7.0	2.7788863252	1.56
30959_1_1_1	6800_1_1_1	30959_1_1_1	3000690.4514498897	4000700.0	1000009.5485501103	moderate	6800_1_1_1	99.0	7.0	2.5485501102	1.36
30959_1_1_1	6309_1_1_1	30959_1_1_1	3000665.0	4000700.0	1000035.0	moderate	6309_1_1_1	95.0	7.0	0.0	2.15
30960_1_1_1	30960_1_1_1	30960_1_1_1	3000774.242651573	3000774.242651573	0.0	moderate	30960_1_1_1	111.0	7.0	2.7573484272	1.13
30968_1_1_1	30968_1_1_1	30968_1_1_1	4000887.110724095	4000887.110724095	0.0	strict	30968_1_1_1	127.0	7.0	1.8892759054	0.61
30968_1_1_1	30288_1_1_1	30968_1_1_1	3000824.4543112423	4000887.110724095	1000062.6564128525	moderate	30288_1_1_1	118.0	7.0	1.5456887575	0.19
30969_1_1_1	30969_1_1_1	30969_1_1_1	4000539.0	4000539.0	0.0	strict	30969_1_1_1	77.0	7.0	0.0	0.6
30975_1_1_1	30975_1_1_1	30975_1_1_1	3000083.6780640315	3000083.6780640315	0.0	moderate	30975_1_1_1	17.0	5.0	1.3219359683	0.0
30977_1_1_1	25832_1_1_1	25832_1_1_1	4001253.0	4001253.0	0.0	strict	25832_1_1_1	179.0	7.0	0.0	0.46
30977_1_1_1	27159_1_1_1	25832_1_1_1	4001197.0	4001253.0	56.0	strict	27159_1_1_1	171.0	7.0	0.0	0.22
30977_1_1_1	27265_1_1_1	25832_1_1_1	4001141.0	4001253.0	112.0	strict	27265_1_1_1	163.0	7.0	0.0	0.73
30977_1_1_1	19432_1_1_1	25832_1_1_1	4001032.0	4001253.0	221.0	strict	19432_1_1_1	172.0	6.0	0.0	0.47
30977_1_1_1	30977_1_1_1	25832_1_1_1	4000978.0	4001253.0	275.0	strict	30977_1_1_1	163.0	6.0	0.0	0.27
30977_1_1_1	25341_1_1_1	25832_1_1_1	4000752.0	4001253.0	501.0	strict	25341_1_1_1	188.0	4.0	0.0	0.67
30977_1_1_1	27218_1_1_1	25832_1_1_1	4000652.0	4001253.0	601.0	strict	27218_1_1_1	163.0	4.0	0.0	0.77
30977_1_1_1	27217_1_1_1	25832_1_1_1	4000652.0	4001253.0	601.0	strict	27217_1_1_1	163.0	4.0	0.0	0.78
30977_1_1_1	18312_1_1_1	25832_1_1_1	3001148.0	4001253.0	1000105.0	moderate	18312_1_1_1	164.0	7.0	0.0	0.35
30977_1_1_1	27620_1_1_1	25832_1_1_1	3000984.0	4001253.0	1000269.0	moderate	27620_1_1_1	164.0	6.0	0.0	0.39
30977_1_1_1	7310_1_1_1	25832_1_1_1	3000960.0	4001253.0	1000293.0	moderate	7310_1_1_1	160.0	6.0	0.0	0.3
30977_1_1_1	15505_1_1_1	25832_1_1_1	3000910.0	4001253.0	1000343.0	moderate	15505_1_1_1	182.0	5.0	0.0	0.43
30977_1_1_1	52661_1_1_1	25832_1_1_1	3000810.0	4001253.0	1000443.0	moderate	52661_1_1_1	162.0	5.0	0.0	3.02
30977_1_1_1	12014_1_1_1	25832_1_1_1	3000664.0	4001253.0	1000589.0	moderate	12014_1_1_1	166.0	4.0	0.0	0.56
30985_1_1_1	30985_1_1_1	30985_1_1_1	4000742.0	4000742.0	0.0	strict	30985_1_1_1	106.0	7.0	0.0	0.58
30993_1_1_1	30993_1_1_1	30993_1_1_1	3000879.3811584106	3000879.3811584106	0.0	moderate	30993_1_1_1	126.0	7.0	2.6188415896	0.37
31010_1_1_1	31010_1_1_1	31010_1_1_1	3000204.0	3000204.0	0.0	moderate	31010_1_1_1	34.0	6.0	0.0	0.08
31011_1_1_1	31011_1_1_1	31011_1_1_1	3000504.0	3000504.0	0.0	moderate	31011_1_1_1	72.0	7.0	0.0	0.78
31014_1_1_1	31016_1_1_1	31016_1_1_1	4000348.0	4000348.0	0.0	strict	31016_1_1_1	58.0	6.0	0.0	1.87
31014_1_1_1	31014_1_1_1	31016_1_1_1	4000324.0	4000348.0	24.0	strict	31014_1_1_1	54.0	6.0	0.0	1.02
31015_1_1_1	31013_1_1_1	31013_1_1_1	4000329.0	4000329.0	0.0	strict	31013_1_1_1	47.0	7.0	0.0	1.52
31015_1_1_1	31015_1_1_1	31013_1_1_1	4000273.0	4000329.0	56.0	strict	31015_1_1_1	39.0	7.0	0.0	0.88
31017_1_1_1	31017_1_1_1	31017_1_1_1	4000413.0	4000413.0	0.0	strict	31017_1_1_1	59.0	7.0	0.0	1.11
31018_1_1_1	31018_1_1_1	31018_1_1_1	4000420.0	4000420.0	0.0	strict	31018_1_1_1	60.0	7.0	0.0	1.02
31032_1_1_1	31032_1_1_1	31032_1_1_1	3000087.0	3000087.0	0.0	moderate	31032_1_1_1	29.0	3.0	0.0	0.0
31033_1_1_1	30974_1_1_1	30974_1_1_1	3000350.0	3000350.0	0.0	moderate	30974_1_1_1	50.0	7.0	0.0	0.79
31033_1_1_1	31033_1_1_1	30974_1_1_1	3000301.0	3000350.0	49.0	moderate	31033_1_1_1	43.0	7.0	0.0	0.56
31033_1_1_1	30249_1_1_1	30974_1_1_1	3000294.0	3000350.0	56.0	moderate	30249_1_1_1	42.0	7.0	0.0	0.49
31036_1_1_1	31036_1_1_1	31036_1_1_1	3000081.0	3000081.0	0.0	moderate	31036_1_1_1	27.0	3.0	0.0	0.0
31037_1_1_1	31037_1_1_1	31037_1_1_1	3000060.0	3000060.0	0.0	moderate	31037_1_1_1	20.0	3.0	0.0	0.0
31040_1_1_1	31040_1_1_1	31040_1_1_1	4000492.0	4000492.0	0.0	strict	31040_1_1_1	82.0	6.0	0.0	0.3
31060_1_1_1	31060_1_1_1	31060_1_1_1	3000781.551277044	3000781.551277044	0.0	moderate	31060_1_1_1	112.0	7.0	2.4487229561	1.02
31073_1_1_1	31073_1_1_1	31073_1_1_1	3000180.0	3000180.0	0.0	moderate	31073_1_1_1	30.0	6.0	0.0	0.0
31079_1_1_1	31079_1_1_1	31079_1_1_1	3000185.0	3000185.0	0.0	moderate	31079_1_1_1	37.0	5.0	0.0	0.0
31081_1_1_1	31082_1_1_1	31082_1_1_1	3000329.0	3000329.0	0.0	moderate	31082_1_1_1	47.0	7.0	0.0	1.51
31081_1_1_1	30241_1_1_1	31082_1_1_1	3000329.0	3000329.0	0.0	moderate	30241_1_1_1	47.0	7.0	0.0	2.66
31081_1_1_1	31081_1_1_1	31082_1_1_1	3000315.0	3000329.0	14.0	moderate	31081_1_1_1	45.0	7.0	0.0	1.41
31084_1_1_1	31084_1_1_1	31084_1_1_1	3000308.0	3000308.0	0.0	moderate	31084_1_1_1	44.0	7.0	0.0	1.12
31086_1_1_1	31086_1_1_1	31086_1_1_1	3000084.0	3000084.0	0.0	moderate	31086_1_1_1	28.0	3.0	0.0	0.0
31092_1_1_1	31092_1_1_1	31092_1_1_1	3000095.0	3000095.0	0.0	moderate	31092_1_1_1	19.0	5.0	0.0	0.0
31093_1_1_1	31093_1_1_1	31093_1_1_1	3000095.0	3000095.0	0.0	moderate	31093_1_1_1	19.0	5.0	0.0	0.0
31103_1_1_1	31103_1_1_1	31103_1_1_1	4000686.0	4000686.0	0.0	strict	31103_1_1_1	98.0	7.0	0.0	1.16
31107_1_1_1	31107_1_1_1	31107_1_1_1	4000504.0	4000504.0	0.0	strict	31107_1_1_1	84.0	6.0	0.0	0.56
31108_1_1_1	27519_1_1_1	27519_1_1_1	4000868.0	4000868.0	0.0	strict	27519_1_1_1	124.0	7.0	0.0	1.15
31108_1_1_1	31108_1_1_1	27519_1_1_1	4000854.0	4000868.0	14.0	strict	31108_1_1_1	122.0	7.0	0.0	1.76
31108_1_1_1	27518_1_1_1	27519_1_1_1	4000833.0	4000868.0	35.0	strict	27518_1_1_1	119.0	7.0	0.0	1.06
31108_1_1_1	52557_1_1_1	27519_1_1_1	4000819.0	4000868.0	49.0	strict	52557_1_1_1	117.0	7.0	0.0	1.65
31108_1_1_1	26936_1_1_1	27519_1_1_1	4000756.0	4000868.0	112.0	strict	26936_1_1_1	126.0	6.0	0.0	1.08
31108_1_1_1	26937_1_1_1	27519_1_1_1	4000756.0	4000868.0	112.0	strict	26937_1_1_1	126.0	6.0	0.0	0.88
31108_1_1_1	31020_1_1_1	27519_1_1_1	4000678.0	4000868.0	190.0	strict	31020_1_1_1	113.0	6.0	0.0	1.63
31108_1_1_1	50808_1_1_1	27519_1_1_1	3000882.0	4000868.0	999986.0	moderate	50808_1_1_1	126.0	7.0	0.0	1.2
31108_1_1_1	16305_1_1_1	27519_1_1_1	3000875.0	4000868.0	999993.0	moderate	16305_1_1_1	125.0	7.0	0.0	0.89
31108_1_1_1	18837_1_1_1	27519_1_1_1	3000840.0	4000868.0	1000028.0	moderate	18837_1_1_1	120.0	7.0	0.0	2.06
31108_1_1_1	4969_1_1_1	27519_1_1_1	3000783.8705148273	4000868.0	1000084.1294851727	moderate	4969_1_1_1	131.0	6.0	2.1294851728	1.66
31108_1_1_1	16586_1_1_1	27519_1_1_1	3000408.0	4000868.0	1000460.0	moderate	16586_1_1_1	102.0	4.0	0.0	1.67
31108_1_1_1	4628_1_1_1	27519_1_1_1	3000339.0	4000868.0	1000529.0	moderate	4628_1_1_1	113.0	3.0	0.0	0.0
31111_1_1_1	31111_1_1_1	31111_1_1_1	3000186.0	3000186.0	0.0	moderate	31111_1_1_1	31.0	6.0	0.0	0.32
31113_1_1_1	31113_1_1_1	31113_1_1_1	4000240.0	4000240.0	0.0	strict	31113_1_1_1	40.0	6.0	0.0	0.64
31120_1_1_1	31120_1_1_1	31120_1_1_1	4000234.0	4000234.0	0.0	strict	31120_1_1_1	39.0	6.0	0.0	0.22
31126_1_1_1	31126_1_1_1	31126_1_1_1	3000126.0	3000126.0	0.0	moderate	31126_1_1_1	21.0	6.0	0.0	0.0
31129_1_1_1	31128_1_1_1	31128_1_1_1	3000156.0	3000156.0	0.0	moderate	31128_1_1_1	26.0	6.0	0.0	0.0
31129_1_1_1	31129_1_1_1	31128_1_1_1	3000125.0	3000156.0	31.0	moderate	31129_1_1_1	25.0	5.0	0.0	0.0
31136_1_1_1	31136_1_1_1	31136_1_1_1	4000495.0	4000495.0	0.0	strict	31136_1_1_1	99.0	5.0	0.0	1.68
31137_1_1_1	31137_1_1_1	31137_1_1_1	4000490.0	4000490.0	0.0	strict	31137_1_1_1	98.0	5.0	0.0	0.81
31143_1_1_1	31142_1_1_1	31142_1_1_1	3000129.0	3000129.0	0.0	moderate	31142_1_1_1	43.0	3.0	0.0	0.0
31143_1_1_1	31141_1_1_1	31142_1_1_1	3000129.0	3000129.0	0.0	moderate	31141_1_1_1	43.0	3.0	0.0	0.0
31143_1_1_1	17547_1_1_1	31142_1_1_1	3000126.0	3000129.0	3.0	moderate	17547_1_1_1	42.0	3.0	0.0	0.0
31143_1_1_1	31143_1_1_1	31142_1_1_1	3000114.0	3000129.0	15.0	moderate	31143_1_1_1	38.0	3.0	0.0	0.0
31145_1_1_1	31145_1_1_1	31145_1_1_1	3000060.0	3000060.0	0.0	moderate	31145_1_1_1	20.0	3.0	0.0	0.0
31145_1_1_1	30851_1_1_1	31145_1_1_1	3000060.0	3000060.0	0.0	moderate	30851_1_1_1	20.0	3.0	0.0	0.0
31146_1_1_1	31146_1_1_1	31146_1_1_1	3000108.0	3000108.0	0.0	moderate	31146_1_1_1	18.0	6.0	0.0	0.0
31157_1_1_1	25634_1_1_1	25634_1_1_1	3000350.0	3000350.0	0.0	moderate	25634_1_1_1	50.0	7.0	0.0	0.65
31157_1_1_1	19623_1_1_1	25634_1_1_1	3000324.0	3000350.0	26.0	moderate	19623_1_1_1	54.0	6.0	0.0	0.35
31157_1_1_1	31157_1_1_1	25634_1_1_1	3000138.0	3000350.0	212.0	moderate	31157_1_1_1	46.0	3.0	0.0	0.0
31180_1_1_1	31180_1_1_1	31180_1_1_1	4000714.0	4000714.0	0.0	strict	31180_1_1_1	102.0	7.0	0.0	0.31
31184_1_1_1	31186_1_1_1	31186_1_1_1	4000534.0	4000534.0	0.0	strict	31186_1_1_1	89.0	6.0	0.0	0.23
31184_1_1_1	31185_1_1_1	31186_1_1_1	4000534.0	4000534.0	0.0	strict	31185_1_1_1	89.0	6.0	0.0	0.36
31184_1_1_1	31184_1_1_1	31186_1_1_1	4000528.0	4000534.0	6.0	strict	31184_1_1_1	88.0	6.0	0.0	0.23
31184_1_1_1	4232_2_1_1	31186_1_1_1	3000528.0	4000534.0	1000006.0	moderate	4232_2_1_1	88.0	6.0	0.0	11.32
31205_1_1_1	31205_1_1_1	31205_1_1_1	4000420.0	4000420.0	0.0	strict	31205_1_1_1	60.0	7.0	0.0	0.37
31214_1_1_1	31214_1_1_1	31214_1_1_1	3000190.0	3000190.0	0.0	moderate	31214_1_1_1	38.0	5.0	0.0	0.64
31215_1_1_1	31215_1_1_1	31215_1_1_1	3000180.0	3000180.0	0.0	moderate	31215_1_1_1	36.0	5.0	0.0	1.69
31235_1_1_1	31235_1_1_1	31235_1_1_1	3000099.0	3000099.0	0.0	moderate	31235_1_1_1	33.0	3.0	0.0	0.0
31237_1_1_1	5859_1_1_1	5859_1_1_1	3000114.0	3000114.0	0.0	moderate	5859_1_1_1	19.0	6.0	0.0	0.0
31237_1_1_1	31236_1_1_1	5859_1_1_1	3000108.0	3000114.0	6.0	moderate	31236_1_1_1	18.0	6.0	0.0	0.0
31237_1_1_1	31237_1_1_1	5859_1_1_1	3000072.0	3000114.0	42.0	moderate	31237_1_1_1	18.0	4.0	0.0	0.0
31237_1_1_1	21000_1_1_1	5859_1_1_1	3000057.0	3000114.0	57.0	moderate	21000_1_1_1	19.0	3.0	0.0	0.0
31237_1_1_1	19865_1_1_1	5859_1_1_1	3000057.0	3000114.0	57.0	moderate	19865_1_1_1	19.0	3.0	0.0	0.0
321_1_1_1	321_1_1_1	321_1_1_1	3000099.0	3000099.0	0.0	moderate	321_1_1_1	33.0	3.0	0.0	0.0
3322_1_1_1	3322_1_1_1	3322_1_1_1	3000200.0	3000200.0	0.0	moderate	3322_1_1_1	50.0	4.0	0.0	0.0
34000_1_1_1	15654_1_1_1	15654_1_1_1	3000467.7349223015	3000467.7349223015	0.0	moderate	15654_1_1_1	67.0	7.0	1.2650776984	0.39
34000_1_1_1	34000_1_1_1	15654_1_1_1	3000390.0	3000467.7349223015	77.73492230148986	moderate	34000_1_1_1	65.0	6.0	0.0	0.27
34000_1_1_1	4069_1_1_1	15654_1_1_1	3000321.5775154866	3000467.7349223015	146.15740681486204	moderate	4069_1_1_1	81.0	4.0	2.4224845136	0.0
34004_1_1_1	34004_1_1_1	34004_1_1_1	3000525.0	3000525.0	0.0	moderate	34004_1_1_1	75.0	7.0	0.0	1.18
34005_1_1_1	34005_1_1_1	34005_1_1_1	3000599.372740293	3000599.372740293	0.0	moderate	34005_1_1_1	86.0	7.0	2.6272597072	1.5
34005_1_1_1	30042_1_1_1	34005_1_1_1	3000519.165074083	3000599.372740293	80.20766620989889	moderate	30042_1_1_1	87.0	6.0	2.8349259169	1.7
34006_1_1_1	34006_1_1_1	34006_1_1_1	3000210.0	3000210.0	0.0	moderate	34006_1_1_1	35.0	6.0	0.0	0.67
34011_1_1_1	34011_1_1_1	34011_1_1_1	4000165.0	4000165.0	0.0	strict	34011_1_1_1	33.0	5.0	0.0	1.03
34014_1_1_1	34014_1_1_1	34014_1_1_1	3000270.0	3000270.0	0.0	moderate	34014_1_1_1	45.0	6.0	0.0	0.13
34018_1_1_1	34018_1_1_1	34018_1_1_1	3000676.8488250123	3000676.8488250123	0.0	moderate	34018_1_1_1	97.0	7.0	2.1511749878	0.63
34022_1_1_1	26552_1_1_1	26552_1_1_1	4001085.0	4001085.0	0.0	strict	26552_1_1_1	155.0	7.0	0.0	1.31
34022_1_1_1	34022_1_1_1	26552_1_1_1	4001078.0	4001085.0	7.0	strict	34022_1_1_1	154.0	7.0	0.0	1.31
34024_1_1_1	34024_1_1_1	34024_1_1_1	3000455.0	3000455.0	0.0	moderate	34024_1_1_1	65.0	7.0	0.0	0.17
34037_1_1_1	34037_1_1_1	34037_1_1_1	4000810.2870478034	4000810.2870478034	0.0	strict	34037_1_1_1	116.0	7.0	1.7129521964	0.74
34037_1_1_1	34515_1_2_1	34037_1_1_1	3000690.0	4000810.2870478034	1000120.2870478034	moderate	34515_1_2_1	115.0	6.0	0.0	0.61
34042_1_1_1	34042_1_1_1	34042_1_1_1	3001008.0	3001008.0	0.0	moderate	34042_1_1_1	144.0	7.0	0.0	1.87
34047_1_1_1	34047_1_1_1	34047_1_1_1	4000511.0	4000511.0	0.0	strict	34047_1_1_1	73.0	7.0	0.0	0.69
34049_1_1_1	34049_1_1_1	34049_1_1_1	4000480.0	4000480.0	0.0	strict	34049_1_1_1	96.0	5.0	0.0	0.41
34050_1_1_1	34050_1_1_1	34050_1_1_1	4000696.0	4000696.0	0.0	strict	34050_1_1_1	174.0	4.0	0.0	0.0
34055_1_1_1	34055_1_1_1	34055_1_1_1	3000277.3801788427	3000277.3801788427	0.0	moderate	34055_1_1_1	70.0	4.0	2.6198211573	0.0
34059_1_1_1	17430_1_2_1	17430_1_2_1	3000133.0	3000133.0	0.0	moderate	17430_1_2_1	19.0	7.0	0.0	0.0
34059_1_1_1	34059_1_1_1	17430_1_2_1	3000114.0	3000133.0	19.0	moderate	34059_1_1_1	19.0	6.0	0.0	0.0
34068_1_1_1	34068_1_1_1	34068_1_1_1	4000434.0	4000434.0	0.0	strict	34068_1_1_1	62.0	7.0	0.0	0.2
34073_1_1_1	34073_1_1_1	34073_1_1_1	4000408.0	4000408.0	0.0	strict	34073_1_1_1	68.0	6.0	0.0	0.98
34085_1_1_1	34085_1_1_1	34085_1_1_1	3000690.0084715383	3000690.0084715383	0.0	moderate	34085_1_1_1	99.0	7.0	2.9915284618	0.32
34089_1_1_1	34089_1_1_1	34089_1_1_1	4000502.0778445327	4000502.0778445327	0.0	strict	34089_1_1_1	72.0	7.0	1.9221554672	0.84
34095_1_1_1	17475_1_1_1	17475_1_1_1	4000478.711900251	4000478.711900251	0.0	strict	17475_1_1_1	80.0	6.0	1.2880997486	0.12
34095_1_1_1	34095_1_1_1	17475_1_1_1	4000360.0	4000478.711900251	118.71190025098622	strict	34095_1_1_1	60.0	6.0	0.0	0.37
34095_1_1_1	6002_1_1_1	17475_1_1_1	3000504.0	4000478.711900251	999974.711900251	moderate	6002_1_1_1	72.0	7.0	0.0	0.96
34101_1_1_1	34101_1_1_1	34101_1_1_1	4001510.210267816	4001510.210267816	0.0	strict	34101_1_1_1	216.0	7.0	1.7897321843	0.33
34106_1_1_1	34106_1_1_1	34106_1_1_1	4000553.0	4000553.0	0.0	strict	34106_1_1_1	79.0	7.0	0.0	1.05
34109_1_1_1	34109_1_1_1	34109_1_1_1	4000231.0	4000231.0	0.0	strict	34109_1_1_1	33.0	7.0	0.0	0.97
34112_1_1_1	34112_1_1_1	34112_1_1_1	4000460.839996168	4000460.839996168	0.0	strict	34112_1_1_1	66.0	7.0	1.1600038314	0.25
34112_1_1_1	34477_1_1_1	34112_1_1_1	3000487.867047354	4000460.839996168	999972.9729488138	moderate	34477_1_1_1	70.0	7.0	2.132952646	0.78
34112_1_1_1	34490_1_1_1	34112_1_1_1	3000480.4371657064	4000460.839996168	999980.4028304615	moderate	34490_1_1_1	69.0	7.0	2.5628342934	0.3
34113_1_1_1	34113_1_1_1	34113_1_1_1	3000336.0	3000336.0	0.0	moderate	34113_1_1_1	48.0	7.0	0.0	1.36
34113_1_1_1	30854_1_1_1	34113_1_1_1	3000336.0	3000336.0	0.0	moderate	30854_1_1_1	48.0	7.0	0.0	0.76
34115_1_1_1	34115_1_1_1	34115_1_1_1	3001078.0	3001078.0	0.0	moderate	34115_1_1_1	154.0	7.0	0.0	0.39
34120_1_1_1	34120_1_1_1	34120_1_1_1	3000413.0	3000413.0	0.0	moderate	34120_1_1_1	59.0	7.0	0.0	1.21
34123_1_1_1	34123_1_1_1	34123_1_1_1	4000372.0	4000372.0	0.0	strict	34123_1_1_1	62.0	6.0	0.0	0.4
34124_1_1_1	34124_1_1_1	34124_1_1_1	4000480.0	4000480.0	0.0	strict	34124_1_1_1	80.0	6.0	0.0	0.31
34133_1_1_1	34133_1_1_1	34133_1_1_1	3000192.0	3000192.0	0.0	moderate	34133_1_1_1	32.0	6.0	0.0	0.46
34133_1_1_1	34132_1_1_1	34133_1_1_1	3000192.0	3000192.0	0.0	moderate	34132_1_1_1	32.0	6.0	0.0	0.76
34139_1_1_1	34139_1_1_1	34139_1_1_1	4000721.0	4000721.0	0.0	strict	34139_1_1_1	103.0	7.0	0.0	1.55
34140_1_1_1	34140_1_1_1	34140_1_1_1	4001050.0	4001050.0	0.0	strict	34140_1_1_1	175.0	6.0	0.0	0.52
34140_1_1_1	19232_1_1_1	34140_1_1_1	3000369.0	4001050.0	1000681.0	moderate	19232_1_1_1	123.0	3.0	0.0	0.0
34141_1_1_1	34143_1_1_1	34143_1_1_1	3000620.0009024227	3000620.0009024227	0.0	moderate	34143_1_1_1	89.0	7.0	2.9990975772	1.33
34141_1_1_1	34141_1_1_1	34143_1_1_1	3000543.228727219	3000620.0009024227	76.77217520354316	moderate	34141_1_1_1	78.0	7.0	2.771272781	1.06
34144_1_1_1	34144_1_1_1	34144_1_1_1	4000630.0	4000630.0	0.0	strict	34144_1_1_1	90.0	7.0	0.0	1.19
34151_1_1_1	34151_1_1_1	34151_1_1_1	4000413.0	4000413.0	0.0	strict	34151_1_1_1	59.0	7.0	0.0	0.6
34151_1_1_1	27302_1_1_1	34151_1_1_1	3000335.0	4000413.0	1000078.0	moderate	27302_1_1_1	67.0	5.0	0.0	0.6
34155_1_1_1	34155_1_1_1	34155_1_1_1	4000938.0	4000938.0	0.0	strict	34155_1_1_1	134.0	7.0	0.0	0.52
34163_1_1_1	34163_1_1_1	34163_1_1_1	4000385.0	4000385.0	0.0	strict	34163_1_1_1	77.0	5.0	0.0	0.34
34169_1_1_1	34169_1_1_1	34169_1_1_1	3000756.0	3000756.0	0.0	moderate	34169_1_1_1	108.0	7.0	0.0	1.77
34176_1_1_1	34176_1_1_1	34176_1_1_1	3000655.7303937636	3000655.7303937636	0.0	moderate	34176_1_1_1	94.0	7.0	2.2696062366	1.51
34178_1_1_1	34178_1_1_1	34178_1_1_1	3000343.0	3000343.0	0.0	moderate	34178_1_1_1	49.0	7.0	0.0	1.66
34182_1_1_1	34182_1_1_1	34182_1_1_1	3001425.27277126	3001425.27277126	0.0	moderate	34182_1_1_1	204.0	7.0	2.7272287399	1.28
34191_1_1_1	34191_1_1_1	34191_1_1_1	3000474.8955922066	3000474.8955922066	0.0	moderate	34191_1_1_1	68.0	7.0	1.1044077934	0.78
34191_1_1_1	18371_1_1_1	34191_1_1_1	3000328.6950011775	3000474.8955922066	146.20059102913365	moderate	18371_1_1_1	66.0	5.0	1.3049988224	2.75
34194_1_1_1	34193_1_1_1	34193_1_1_1	3000427.0	3000427.0	0.0	moderate	34193_1_1_1	61.0	7.0	0.0	0.56
34194_1_1_1	34194_1_1_1	34193_1_1_1	3000420.0	3000427.0	7.0	moderate	34194_1_1_1	60.0	7.0	0.0	3.82
34202_1_1_1	34202_1_1_1	34202_1_1_1	4000812.0	4000812.0	0.0	strict	34202_1_1_1	116.0	7.0	0.0	1.47
34202_1_1_1	34216_1_1_1	34202_1_1_1	4000812.0	4000812.0	0.0	strict	34216_1_1_1	116.0	7.0	0.0	1.77
34218_1_1_1	34218_1_1_1	34218_1_1_1	4001085.0	4001085.0	0.0	strict	34218_1_1_1	155.0	7.0	0.0	1.01
34220_1_1_1	34220_1_1_1	34220_1_1_1	3000501.3645324153	3000501.3645324153	0.0	moderate	34220_1_1_1	84.0	6.0	2.6354675848	1.61
34229_1_1_1	34229_1_1_1	34229_1_1_1	4000588.0	4000588.0	0.0	strict	34229_1_1_1	84.0	7.0	0.0	0.69
34235_1_1_1	34235_1_1_1	34235_1_1_1	4000679.0	4000679.0	0.0	strict	34235_1_1_1	97.0	7.0	0.0	0.82
34239_1_1_1	34239_1_1_1	34239_1_1_1	3000276.0	3000276.0	0.0	moderate	34239_1_1_1	46.0	6.0	0.0	0.36
34243_1_1_1	34243_1_1_1	34243_1_1_1	4000581.0	4000581.0	0.0	strict	34243_1_1_1	83.0	7.0	0.0	2.01
34246_1_1_1	34246_1_1_1	34246_1_1_1	4000672.0	4000672.0	0.0	strict	34246_1_1_1	96.0	7.0	0.0	1.92
34253_1_1_1	34253_1_1_1	34253_1_1_1	3000066.0	3000066.0	0.0	moderate	34253_1_1_1	22.0	3.0	0.0	0.0
34253_1_1_1	34250_1_1_1	34253_1_1_1	3000066.0	3000066.0	0.0	moderate	34250_1_1_1	22.0	3.0	0.0	0.0
34256_1_1_1	34256_1_1_1	34256_1_1_1	4000910.0	4000910.0	0.0	strict	34256_1_1_1	130.0	7.0	0.0	0.57
34268_1_1_1	34268_1_1_1	34268_1_1_1	3000140.0	3000140.0	0.0	moderate	34268_1_1_1	35.0	4.0	0.0	0.0
34270_1_1_1	34270_1_1_1	34270_1_1_1	3000110.3719291957	3000110.3719291957	0.0	moderate	34270_1_1_1	28.0	4.0	1.6280708041	0.0
34278_1_1_1	34278_1_1_1	34278_1_1_1	3000150.0	3000150.0	0.0	moderate	34278_1_1_1	25.0	6.0	0.0	0.0
34279_1_1_1	34279_1_1_1	34279_1_1_1	3000144.0	3000144.0	0.0	moderate	34279_1_1_1	24.0	6.0	0.0	0.0
34285_1_1_1	34285_1_1_1	34285_1_1_1	3001085.0	3001085.0	0.0	moderate	34285_1_1_1	155.0	7.0	0.0	0.48
34286_1_1_1	34286_1_1_1	34286_1_1_1	3000567.0	3000567.0	0.0	moderate	34286_1_1_1	81.0	7.0	0.0	0.41
34286_1_1_1	34175_1_1_1	34286_1_1_1	3000532.0	3000567.0	35.0	moderate	34175_1_1_1	76.0	7.0	0.0	0.4
34292_1_1_1	34292_1_1_1	34292_1_1_1	3000342.0	3000342.0	0.0	moderate	34292_1_1_1	57.0	6.0	0.0	0.43
34294_1_1_1	34294_1_1_1	34294_1_1_1	3000830.5355701386	3000830.5355701386	0.0	moderate	34294_1_1_1	119.0	7.0	2.4644298615	1.03
34298_1_1_1	34298_1_1_1	34298_1_1_1	4000395.183294728	4000395.183294728	0.0	strict	34298_1_1_1	66.0	6.0	0.8167052719	0.0
34300_1_1_1	34300_1_1_1	34300_1_1_1	4001281.0	4001281.0	0.0	strict	34300_1_1_1	183.0	7.0	0.0	0.39
34309_1_1_1	34309_1_1_1	34309_1_1_1	3000138.0	3000138.0	0.0	moderate	34309_1_1_1	23.0	6.0	0.0	0.0
34309_1_1_1	15025_1_1_1	34309_1_1_1	3000069.0	3000138.0	69.0	moderate	15025_1_1_1	23.0	3.0	0.0	0.0
34322_1_1_1	34322_1_1_1	34322_1_1_1	4000125.0	4000125.0	0.0	strict	34322_1_1_1	25.0	5.0	0.0	0.0
34322_1_1_1	34639_1_1_1	34322_1_1_1	3000075.0	4000125.0	1000050.0	moderate	34639_1_1_1	25.0	3.0	0.0	0.0
34325_1_1_1	34325_1_1_1	34325_1_1_1	4000777.0	4000777.0	0.0	strict	34325_1_1_1	111.0	7.0	0.0	1.63
34326_1_1_1	34326_1_1_1	34326_1_1_1	3001796.0831546416	3001796.0831546416	0.0	moderate	34326_1_1_1	257.0	7.0	2.9168453584	1.13
34329_1_1_1	34329_1_1_1	34329_1_1_1	4000861.0	4000861.0	0.0	strict	34329_1_1_1	123.0	7.0	0.0	2.84
34334_1_1_1	34334_1_1_1	34334_1_1_1	4000406.0	4000406.0	0.0	strict	34334_1_1_1	58.0	7.0	0.0	0.49
34335_1_1_1	34335_1_1_1	34335_1_1_1	4000182.0	4000182.0	0.0	strict	34335_1_1_1	26.0	7.0	0.0	0.0
34336_1_1_1	34336_1_1_1	34336_1_1_1	3001287.222741058	3001287.222741058	0.0	moderate	34336_1_1_1	215.0	6.0	2.777258942	1.07
34341_1_1_1	34341_1_1_1	34341_1_1_1	3000798.0	3000798.0	0.0	moderate	34341_1_1_1	114.0	7.0	0.0	1.59
34344_1_1_1	34344_1_1_1	34344_1_1_1	4000693.0	4000693.0	0.0	strict	34344_1_1_1	99.0	7.0	0.0	0.66
34345_1_1_1	34345_1_1_1	34345_1_1_1	3000288.0	3000288.0	0.0	moderate	34345_1_1_1	48.0	6.0	0.0	2.71
34348_1_1_1	34348_1_1_1	34348_1_1_1	3000228.0	3000228.0	0.0	moderate	34348_1_1_1	38.0	6.0	0.0	2.55
34349_1_1_1	34349_1_1_1	34349_1_1_1	3000240.0	3000240.0	0.0	moderate	34349_1_1_1	40.0	6.0	0.0	2.86
34350_1_1_1	34350_1_1_1	34350_1_1_1	3000320.0	3000320.0	0.0	moderate	34350_1_1_1	80.0	4.0	0.0	0.0
34352_1_1_1	34352_1_1_1	34352_1_1_1	4001001.0	4001001.0	0.0	strict	34352_1_1_1	143.0	7.0	0.0	0.84
34358_1_1_1	16831_1_1_1	16831_1_1_1	4000357.0	4000357.0	0.0	strict	16831_1_1_1	51.0	7.0	0.0	2.09
34358_1_1_1	34358_1_1_1	16831_1_1_1	4000188.0	4000357.0	169.0	strict	34358_1_1_1	47.0	4.0	0.0	0.0
34358_1_1_1	34359_1_1_1	16831_1_1_1	4000188.0	4000357.0	169.0	strict	34359_1_1_1	47.0	4.0	0.0	0.0
34361_1_1_1	34361_1_1_1	34361_1_1_1	4000720.0	4000720.0	0.0	strict	34361_1_1_1	120.0	6.0	0.0	0.84
34365_1_1_1	34365_1_1_1	34365_1_1_1	3001232.0	3001232.0	0.0	moderate	34365_1_1_1	176.0	7.0	0.0	1.2
3436_1_1_1	3436_1_1_1	3436_1_1_1	3000090.0	3000090.0	0.0	moderate	3436_1_1_1	30.0	3.0	0.0	0.0
34393_1_1_1	34393_1_1_1	34393_1_1_1	4000537.1676748777	4000537.1676748777	0.0	strict	34393_1_1_1	77.0	7.0	1.8323251225	0.18
34399_1_1_1	34399_1_1_1	34399_1_1_1	4000826.0	4000826.0	0.0	strict	34399_1_1_1	118.0	7.0	0.0	1.09
34405_1_1_1	34405_1_1_1	34405_1_1_1	3000066.0	3000066.0	0.0	moderate	34405_1_1_1	22.0	3.0	0.0	0.0
34405_1_1_1	34404_1_1_1	34405_1_1_1	3000060.0	3000066.0	6.0	moderate	34404_1_1_1	20.0	3.0	0.0	0.0
34407_1_1_1	34407_1_1_1	34407_1_1_1	3000739.335751189	3000739.335751189	0.0	moderate	34407_1_1_1	106.0	7.0	2.6642488112	1.61
34407_1_1_1	6988_1_1_1	34407_1_1_1	3000714.0	3000739.335751189	25.335751188918948	moderate	6988_1_1_1	102.0	7.0	0.0	1.4
34407_1_1_1	52047_1_1_1	34407_1_1_1	3000697.754858032	3000739.335751189	41.58089315705001	moderate	52047_1_1_1	100.0	7.0	2.2451419681	1.31
3440_1_1_1	3440_1_1_1	3440_1_1_1	3000508.0	3000508.0	0.0	moderate	3440_1_1_1	127.0	4.0	0.0	0.0
34412_1_1_1	34412_1_1_1	34412_1_1_1	3000066.0	3000066.0	0.0	moderate	34412_1_1_1	22.0	3.0	0.0	0.0
34416_1_1_1	34410_1_1_1	34410_1_1_1	3000072.0	3000072.0	0.0	moderate	34410_1_1_1	24.0	3.0	0.0	0.0
34416_1_1_1	34416_1_1_1	34410_1_1_1	3000066.0	3000072.0	6.0	moderate	34416_1_1_1	22.0	3.0	0.0	0.0
34416_1_1_1	34411_1_1_1	34410_1_1_1	3000054.0	3000072.0	18.0	moderate	34411_1_1_1	18.0	3.0	0.0	0.0
34417_1_1_1	34417_1_1_1	34417_1_1_1	3000156.0	3000156.0	0.0	moderate	34417_1_1_1	26.0	6.0	0.0	0.0
34418_1_1_1	6428_1_1_1	6428_1_1_1	3000114.0	3000114.0	0.0	moderate	6428_1_1_1	38.0	3.0	0.0	0.0
34418_1_1_1	34418_1_1_1	6428_1_1_1	3000096.0	3000114.0	18.0	moderate	34418_1_1_1	32.0	3.0	0.0	0.0
34419_1_1_1	34419_1_1_1	34419_1_1_1	3000447.1275288663	3000447.1275288663	0.0	moderate	34419_1_1_1	90.0	5.0	2.8724711335	0.25
34429_1_1_1	34429_1_1_1	34429_1_1_1	3000767.004300026	3000767.004300026	0.0	moderate	34429_1_1_1	110.0	7.0	2.9956999737	1.24
34437_1_1_1	34437_1_1_1	34437_1_1_1	3000329.0	3000329.0	0.0	moderate	34437_1_1_1	47.0	7.0	0.0	0.72
34439_1_1_1	34439_1_1_1	34439_1_1_1	3000497.0	3000497.0	0.0	moderate	34439_1_1_1	71.0	7.0	0.0	1.14
34442_1_1_1	34442_1_1_1	34442_1_1_1	4000588.0	4000588.0	0.0	strict	34442_1_1_1	84.0	7.0	0.0	0.3
34443_1_1_1	34443_1_1_1	34443_1_1_1	3000963.062482417	3000963.062482417	0.0	moderate	34443_1_1_1	138.0	7.0	2.9375175831	0.59
34446_1_1_1	34446_1_1_1	34446_1_1_1	3000299.1255577356	3000299.1255577356	0.0	moderate	34446_1_1_1	43.0	7.0	1.8744422646	1.31
34447_1_2_1	34447_1_2_1	34447_1_2_1	3000434.0	3000434.0	0.0	moderate	34447_1_2_1	62.0	7.0	0.0	0.58
34449_1_1_1	34449_1_1_1	34449_1_1_1	4000546.0	4000546.0	0.0	strict	34449_1_1_1	78.0	7.0	0.0	0.55
34452_1_1_1	34452_1_1_1	34452_1_1_1	3000819.0	3000819.0	0.0	moderate	34452_1_1_1	117.0	7.0	0.0	0.26
34453_1_1_1	30598_1_1_1	30598_1_1_1	4000448.0	4000448.0	0.0	strict	30598_1_1_1	64.0	7.0	0.0	2.73
34453_1_1_1	34453_1_1_1	30598_1_1_1	4000366.0	4000448.0	82.0	strict	34453_1_1_1	61.0	6.0	0.0	0.0
34453_1_1_1	34771_1_1_1	30598_1_1_1	3000441.0	4000448.0	1000007.0	moderate	34771_1_1_1	63.0	7.0	0.0	0.52
34453_1_1_1	4853_1_1_1	30598_1_1_1	3000198.0	4000448.0	1000250.0	moderate	4853_1_1_1	66.0	3.0	0.0	0.0
34453_1_1_1	17988_1_1_1	30598_1_1_1	3000192.0	4000448.0	1000256.0	moderate	17988_1_1_1	64.0	3.0	0.0	0.0
34453_1_1_1	7330_1_1_1	30598_1_1_1	3000186.0	4000448.0	1000262.0	moderate	7330_1_1_1	62.0	3.0	0.0	0.0
34453_1_1_1	2283_1_1_1	30598_1_1_1	3000183.0	4000448.0	1000265.0	moderate	2283_1_1_1	61.0	3.0	0.0	0.0
34459_1_1_1	34459_1_1_1	34459_1_1_1	4000430.2299708542	4000430.2299708542	0.0	strict	34459_1_1_1	72.0	6.0	1.7700291451	0.93
34462_1_1_1	34462_1_1_1	34462_1_1_1	4000504.0	4000504.0	0.0	strict	34462_1_1_1	72.0	7.0	0.0	0.55
34463_1_1_1	34463_1_1_1	34463_1_1_1	4000618.0	4000618.0	0.0	strict	34463_1_1_1	103.0	6.0	0.0	0.2
34464_1_1_1	34464_1_1_1	34464_1_1_1	3000665.0	3000665.0	0.0	moderate	34464_1_1_1	95.0	7.0	0.0	1.14
34468_1_1_1	34468_1_1_1	34468_1_1_1	3000434.0	3000434.0	0.0	moderate	34468_1_1_1	62.0	7.0	0.0	0.6
34469_1_1_1	34469_1_1_1	34469_1_1_1	3000448.0	3000448.0	0.0	moderate	34469_1_1_1	64.0	7.0	0.0	0.86
34473_1_1_1	34473_1_1_1	34473_1_1_1	3000944.039882728	3000944.039882728	0.0	moderate	34473_1_1_1	135.0	7.0	0.9601172722	0.33
34480_1_1_1	34480_1_1_1	34480_1_1_1	3000753.370667818	3000753.370667818	0.0	moderate	34480_1_1_1	108.0	7.0	2.6293321819	0.27
34481_1_1_1	34481_1_1_1	34481_1_1_1	4000441.0	4000441.0	0.0	strict	34481_1_1_1	63.0	7.0	0.0	2.79
34485_1_1_1	34486_1_1_1	34486_1_1_1	3000240.0	3000240.0	0.0	moderate	34486_1_1_1	40.0	6.0	0.0	0.38
34485_1_1_1	34485_1_1_1	34486_1_1_1	3000228.0	3000240.0	12.0	moderate	34485_1_1_1	38.0	6.0	0.0	0.0
34488_1_1_1	34488_1_1_1	34488_1_1_1	3000679.0	3000679.0	0.0	moderate	34488_1_1_1	97.0	7.0	0.0	0.88
34489_1_1_1	34489_1_1_1	34489_1_1_1	3001064.0	3001064.0	0.0	moderate	34489_1_1_1	152.0	7.0	0.0	0.82
34492_1_1_1	34492_1_1_1	34492_1_1_1	3001159.627041125	3001159.627041125	0.0	moderate	34492_1_1_1	166.0	7.0	2.3729588746	0.67
3449_1_1_1	3449_1_1_1	3449_1_1_1	3000096.0	3000096.0	0.0	moderate	3449_1_1_1	32.0	3.0	0.0	0.0
34512_1_1_1	34512_1_1_1	34512_1_1_1	3000214.4667212567	3000214.4667212567	0.0	moderate	34512_1_1_1	31.0	7.0	2.5332787434	0.82
34519_1_1_1	34519_1_1_1	34519_1_1_1	3000413.0	3000413.0	0.0	moderate	34519_1_1_1	59.0	7.0	0.0	1.08
34520_1_1_1	34520_1_1_1	34520_1_1_1	3000427.0	3000427.0	0.0	moderate	34520_1_1_1	61.0	7.0	0.0	1.42
34522_1_1_1	34522_1_1_1	34522_1_1_1	3000812.0	3000812.0	0.0	moderate	34522_1_1_1	116.0	7.0	0.0	0.24
34532_1_1_1	34532_1_1_1	34532_1_1_1	3000574.0	3000574.0	0.0	moderate	34532_1_1_1	82.0	7.0	0.0	2.76
34535_1_1_1	34535_1_1_1	34535_1_1_1	3000546.0	3000546.0	0.0	moderate	34535_1_1_1	78.0	7.0	0.0	0.42
34536_1_1_1	34536_1_1_1	34536_1_1_1	3000607.4146162616	3000607.4146162616	0.0	moderate	34536_1_1_1	87.0	7.0	1.5853837385	0.21
34537_1_1_1	34537_1_1_1	34537_1_1_1	3000623.0	3000623.0	0.0	moderate	34537_1_1_1	89.0	7.0	0.0	0.93
34540_1_1_1	34540_1_1_1	34540_1_1_1	3000609.0	3000609.0	0.0	moderate	34540_1_1_1	87.0	7.0	0.0	0.34
34541_1_1_1	34541_1_1_1	34541_1_1_1	3000705.172945889	3000705.172945889	0.0	moderate	34541_1_1_1	101.0	7.0	1.8270541108	0.8
34548_1_1_1	34548_1_1_1	34548_1_1_1	3000560.0	3000560.0	0.0	moderate	34548_1_1_1	80.0	7.0	0.0	3.19
34549_1_1_1	34549_1_1_1	34549_1_1_1	4001197.0	4001197.0	0.0	strict	34549_1_1_1	171.0	7.0	0.0	0.64
34550_1_1_1	34550_1_1_1	34550_1_1_1	4000896.0	4000896.0	0.0	strict	34550_1_1_1	128.0	7.0	0.0	0.75
34552_1_1_1	34552_1_1_1	34552_1_1_1	4001225.0	4001225.0	0.0	strict	34552_1_1_1	175.0	7.0	0.0	1.32
34555_1_1_1	34555_1_1_1	34555_1_1_1	4000474.0	4000474.0	0.0	strict	34555_1_1_1	79.0	6.0	0.0	2.49
34557_1_1_1	34557_1_1_1	34557_1_1_1	3000508.326817614	3000508.326817614	0.0	moderate	34557_1_1_1	73.0	7.0	2.6731823858	0.2
34585_1_1_1	34585_1_1_1	34585_1_1_1	3000973.0	3000973.0	0.0	moderate	34585_1_1_1	139.0	7.0	0.0	1.37
34586_1_1_1	34586_1_1_1	34586_1_1_1	4000868.0	4000868.0	0.0	strict	34586_1_1_1	124.0	7.0	0.0	0.54
34589_1_1_1	34589_1_1_1	34589_1_1_1	4001120.0	4001120.0	0.0	strict	34589_1_1_1	160.0	7.0	0.0	1.14
34598_1_1_1	34598_1_1_1	34598_1_1_1	3000501.6206009025	3000501.6206009025	0.0	moderate	34598_1_1_1	84.0	6.0	2.3793990977	0.78
34606_1_1_1	34606_1_1_1	34606_1_1_1	3000654.0	3000654.0	0.0	moderate	34606_1_1_1	109.0	6.0	0.0	0.67
34607_1_1_1	34607_1_1_1	34607_1_1_1	3000426.0	3000426.0	0.0	moderate	34607_1_1_1	71.0	6.0	0.0	2.53
34610_1_1_1	34610_1_1_1	34610_1_1_1	4001097.272658832	4001097.272658832	0.0	strict	34610_1_1_1	157.0	7.0	1.7273411678	0.64
34613_1_1_1	34613_1_1_1	34613_1_1_1	4000812.0	4000812.0	0.0	strict	34613_1_1_1	116.0	7.0	0.0	0.51
34614_1_1_1	34044_1_1_1	34044_1_1_1	3000336.0	3000336.0	0.0	moderate	34044_1_1_1	48.0	7.0	0.0	0.45
34614_1_1_1	34614_1_1_1	34044_1_1_1	3000282.0	3000336.0	54.0	moderate	34614_1_1_1	47.0	6.0	0.0	0.66
34617_1_1_1	18735_1_1_1	18735_1_1_1	3000564.9689483503	3000564.9689483503	0.0	moderate	18735_1_1_1	81.0	7.0	2.0310516496	0.43
34617_1_1_1	16998_1_1_1	18735_1_1_1	3000477.733566654	3000564.9689483503	87.23538169637322	moderate	16998_1_1_1	80.0	6.0	2.2664333459	0.48
34617_1_1_1	34617_1_1_1	18735_1_1_1	3000453.0145296203	3000564.9689483503	111.95441872999072	moderate	34617_1_1_1	65.0	7.0	1.9854703799	0.12
34621_1_1_1	34621_1_1_1	34621_1_1_1	4000096.0	4000096.0	0.0	strict	34621_1_1_1	24.0	4.0	0.0	0.0
34630_1_1_1	34630_1_1_1	34630_1_1_1	4000637.0	4000637.0	0.0	strict	34630_1_1_1	91.0	7.0	0.0	1.63
34633_1_1_1	34633_1_1_1	34633_1_1_1	3000110.0	3000110.0	0.0	moderate	34633_1_1_1	22.0	5.0	0.0	0.0
34640_1_1_1	34640_1_1_1	34640_1_1_1	4000738.0	4000738.0	0.0	strict	34640_1_1_1	123.0	6.0	0.0	0.27
34643_1_1_1	34643_1_1_1	34643_1_1_1	4000635.566058399	4000635.566058399	0.0	strict	34643_1_1_1	91.0	7.0	1.4339416007	0.94
34643_1_1_1	6631_1_1_1	34643_1_1_1	3000574.0	4000635.566058399	1000061.5660583992	moderate	6631_1_1_1	82.0	7.0	0.0	0.79
34646_1_1_1	34646_1_1_1	34646_1_1_1	3000180.0	3000180.0	0.0	moderate	34646_1_1_1	45.0	4.0	0.0	0.0
34647_1_1_1	34647_1_1_1	34647_1_1_1	3000342.0	3000342.0	0.0	moderate	34647_1_1_1	57.0	6.0	0.0	0.0
34648_1_1_1	34648_1_1_1	34648_1_1_1	4000532.0	4000532.0	0.0	strict	34648_1_1_1	76.0	7.0	0.0	1.25
34649_1_1_1	34649_1_1_1	34649_1_1_1	3000087.0	3000087.0	0.0	moderate	34649_1_1_1	29.0	3.0	0.0	0.0
34656_1_1_1	34656_1_1_1	34656_1_1_1	4000203.0	4000203.0	0.0	strict	34656_1_1_1	29.0	7.0	0.0	0.66
34657_1_1_1	34657_1_1_1	34657_1_1_1	4000196.0	4000196.0	0.0	strict	34657_1_1_1	28.0	7.0	0.0	0.82
34667_1_1_1	34667_1_1_1	34667_1_1_1	3000282.0	3000282.0	0.0	moderate	34667_1_1_1	47.0	6.0	0.0	0.07
34668_1_1_1	34668_1_1_1	34668_1_1_1	3000859.1325639375	3000859.1325639375	0.0	moderate	34668_1_1_1	123.0	7.0	1.8674360624	0.62
34669_1_1_1	34669_1_1_1	34669_1_1_1	4000329.0	4000329.0	0.0	strict	34669_1_1_1	47.0	7.0	0.0	0.36
3466_1_1_1	3466_1_1_1	3466_1_1_1	3000225.3204570874	3000225.3204570874	0.0	moderate	3466_1_1_1	76.0	3.0	2.6795429127	0.0
34678_1_1_1	34678_1_1_1	34678_1_1_1	4000644.0	4000644.0	0.0	strict	34678_1_1_1	92.0	7.0	0.0	0.83
34680_1_1_1	34682_1_1_1	34682_1_1_1	3000198.0	3000198.0	0.0	moderate	34682_1_1_1	33.0	6.0	0.0	1.55
34680_1_1_1	34680_1_1_1	34682_1_1_1	3000165.0	3000198.0	33.0	moderate	34680_1_1_1	33.0	5.0	0.0	1.12
34680_1_1_1	34681_1_1_1	34682_1_1_1	3000165.0	3000198.0	33.0	moderate	34681_1_1_1	33.0	5.0	0.0	1.44
34680_1_1_1	34683_1_1_1	34682_1_1_1	3000165.0	3000198.0	33.0	moderate	34683_1_1_1	33.0	5.0	0.0	1.55
34686_1_1_1	34686_1_1_1	34686_1_1_1	4000265.0	4000265.0	0.0	strict	34686_1_1_1	53.0	5.0	0.0	1.95
34695_1_1_1	34695_1_1_1	34695_1_1_1	4000959.0	4000959.0	0.0	strict	34695_1_1_1	137.0	7.0	0.0	0.36
34695_1_1_1	16009_1_1_1	34695_1_1_1	3000945.0	4000959.0	1000014.0	moderate	16009_1_1_1	135.0	7.0	0.0	0.68
34695_1_1_1	19711_1_1_1	34695_1_1_1	3000924.0	4000959.0	1000035.0	moderate	19711_1_1_1	132.0	7.0	0.0	0.51
34695_1_1_1	26979_1_1_1	34695_1_1_1	3000705.0	4000959.0	1000254.0	moderate	26979_1_1_1	141.0	5.0	0.0	0.61
34695_1_1_1	26980_1_1_1	34695_1_1_1	3000705.0	4000959.0	1000254.0	moderate	26980_1_1_1	141.0	5.0	0.0	0.62
34695_1_1_1	26981_1_1_1	34695_1_1_1	3000705.0	4000959.0	1000254.0	moderate	26981_1_1_1	141.0	5.0	0.0	0.56
34695_1_1_1	26984_1_1_1	34695_1_1_1	3000695.0	4000959.0	1000264.0	moderate	26984_1_1_1	139.0	5.0	0.0	0.56
34696_1_1_1	34696_1_1_1	34696_1_1_1	4000342.0	4000342.0	0.0	strict	34696_1_1_1	57.0	6.0	0.0	0.68
34703_1_1_1	34703_1_1_1	34703_1_1_1	3000156.0	3000156.0	0.0	moderate	34703_1_1_1	26.0	6.0	0.0	0.0
34703_1_1_1	19124_1_1_1	34703_1_1_1	3000156.0	3000156.0	0.0	moderate	19124_1_1_1	26.0	6.0	0.0	0.0
34703_1_1_1	34027_1_1_1	34703_1_1_1	3000125.0	3000156.0	31.0	moderate	34027_1_1_1	25.0	5.0	0.0	0.0
34704_1_1_1	34704_1_1_1	34704_1_1_1	4000738.0	4000738.0	0.0	strict	34704_1_1_1	123.0	6.0	0.0	1.61
34706_1_1_1	34706_1_1_1	34706_1_1_1	3000129.626075943	3000129.626075943	0.0	moderate	34706_1_1_1	22.0	6.0	2.3739240572	0.0
34709_1_1_1	34709_1_1_1	34709_1_1_1	4000525.0	4000525.0	0.0	strict	34709_1_1_1	75.0	7.0	0.0	0.83
34710_1_1_1	34710_1_1_1	34710_1_1_1	3000156.0	3000156.0	0.0	moderate	34710_1_1_1	26.0	6.0	0.0	1.07
34710_1_1_1	34711_1_1_1	34710_1_1_1	3000156.0	3000156.0	0.0	moderate	34711_1_1_1	26.0	6.0	0.0	0.77
34710_1_1_1	34712_1_1_1	34710_1_1_1	3000156.0	3000156.0	0.0	moderate	34712_1_1_1	26.0	6.0	0.0	0.93
34710_1_1_1	34713_1_1_1	34710_1_1_1	3000156.0	3000156.0	0.0	moderate	34713_1_1_1	26.0	6.0	0.0	0.9
34719_1_1_1	34719_1_1_1	34719_1_1_1	4000525.0	4000525.0	0.0	strict	34719_1_1_1	75.0	7.0	0.0	1.84
34724_1_1_1	34724_1_1_1	34724_1_1_1	4000676.060162578	4000676.060162578	0.0	strict	34724_1_1_1	113.0	6.0	1.9398374222	0.93
34729_1_1_1	34729_1_1_1	34729_1_1_1	3000406.0	3000406.0	0.0	moderate	34729_1_1_1	58.0	7.0	0.0	1.12
34730_1_1_1	34730_1_1_1	34730_1_1_1	3000606.7891999786	3000606.7891999786	0.0	moderate	34730_1_1_1	87.0	7.0	2.2108000214	1.62
34732_1_1_1	34732_1_1_1	34732_1_1_1	3000078.0	3000078.0	0.0	moderate	34732_1_1_1	26.0	3.0	0.0	0.0
34738_1_1_1	34738_1_1_1	34738_1_1_1	3001314.1687058997	3001314.1687058997	0.0	moderate	34738_1_1_1	188.0	7.0	1.8312941003	0.52
34742_1_1_1	34742_1_1_1	34742_1_1_1	3000222.0	3000222.0	0.0	moderate	34742_1_1_1	37.0	6.0	0.0	0.0
34747_1_1_1	34573_1_1_1	34573_1_1_1	3000921.441291983	3000921.441291983	0.0	moderate	34573_1_1_1	132.0	7.0	2.5587080173	0.62
34747_1_1_1	34747_1_1_1	34573_1_1_1	3000746.503000149	3000921.441291983	174.938291833736	moderate	34747_1_1_1	107.0	7.0	2.4969998509	0.63
34747_1_1_1	6321_1_1_1	34573_1_1_1	3000588.0	3000921.441291983	333.4412919827737	moderate	6321_1_1_1	98.0	6.0	0.0	0.7
34750_1_1_1	34750_1_1_1	34750_1_1_1	3000336.0	3000336.0	0.0	moderate	34750_1_1_1	48.0	7.0	0.0	0.55
34751_1_1_1	34751_1_1_1	34751_1_1_1	3000336.0	3000336.0	0.0	moderate	34751_1_1_1	48.0	7.0	0.0	0.44
34752_1_1_1	34752_1_1_1	34752_1_1_1	4000288.0	4000288.0	0.0	strict	34752_1_1_1	48.0	6.0	0.0	0.6
34753_1_1_1	34753_1_1_1	34753_1_1_1	3000336.0	3000336.0	0.0	moderate	34753_1_1_1	48.0	7.0	0.0	0.58
34755_1_1_1	34755_1_1_1	34755_1_1_1	3000109.0689529236	3000109.0689529236	0.0	moderate	34755_1_1_1	22.0	5.0	0.9310470762	0.0
34756_1_1_1	34756_1_1_1	34756_1_1_1	3000108.0	3000108.0	0.0	moderate	34756_1_1_1	18.0	6.0	0.0	0.0
34760_1_1_1	34760_1_1_1	34760_1_1_1	3000518.0	3000518.0	0.0	moderate	34760_1_1_1	74.0	7.0	0.0	1.41
34761_1_1_1	34761_1_1_1	34761_1_1_1	4001099.0	4001099.0	0.0	strict	34761_1_1_1	157.0	7.0	0.0	0.36
34767_1_1_1	34346_1_1_1	34346_1_1_1	3000543.5984555376	3000543.5984555376	0.0	moderate	34346_1_1_1	91.0	6.0	2.4015444623	2.55
34767_1_1_1	34767_1_1_1	34346_1_1_1	3000492.0	3000543.5984555376	51.59845553757623	moderate	34767_1_1_1	82.0	6.0	0.0	2.75
34775_1_1_1	34775_1_1_1	34775_1_1_1	3000240.0	3000240.0	0.0	moderate	34775_1_1_1	40.0	6.0	0.0	0.0
34776_1_1_1	34776_1_1_1	34776_1_1_1	3000318.0	3000318.0	0.0	moderate	34776_1_1_1	53.0	6.0	0.0	0.17
34779_1_1_1	34779_1_1_1	34779_1_1_1	3000532.0	3000532.0	0.0	moderate	34779_1_1_1	76.0	7.0	0.0	1.57
34782_1_1_1	34782_1_1_1	34782_1_1_1	3000348.0	3000348.0	0.0	moderate	34782_1_1_1	87.0	4.0	0.0	0.0
34806_1_1_1	34806_1_1_1	34806_1_1_1	3000168.0	3000168.0	0.0	moderate	34806_1_1_1	28.0	6.0	0.0	0.55
34806_1_1_1	34804_1_1_1	34806_1_1_1	3000140.0	3000168.0	28.0	moderate	34804_1_1_1	28.0	5.0	0.0	0.74
34808_1_1_1	34808_1_1_1	34808_1_1_1	3000168.0	3000168.0	0.0	moderate	34808_1_1_1	28.0	6.0	0.0	0.81
34812_1_1_1	34812_1_1_1	34812_1_1_1	3000564.307587304	3000564.307587304	0.0	moderate	34812_1_1_1	81.0	7.0	2.6924126957	1.53
34826_1_1_1	34826_1_1_1	34826_1_1_1	4000679.0	4000679.0	0.0	strict	34826_1_1_1	97.0	7.0	0.0	1.72
34839_1_1_1	34839_1_1_1	34839_1_1_1	4000677.146784566	4000677.146784566	0.0	strict	34839_1_1_1	97.0	7.0	1.8532154343	0.83
34864_1_1_1	34864_1_1_1	34864_1_1_1	4000378.0	4000378.0	0.0	strict	34864_1_1_1	63.0	6.0	0.0	2.16
34865_1_1_1	34865_1_1_1	34865_1_1_1	4000282.0	4000282.0	0.0	strict	34865_1_1_1	47.0	6.0	0.0	2.77
34868_1_1_1	34868_1_1_1	34868_1_1_1	3000613.593395316	3000613.593395316	0.0	moderate	34868_1_1_1	88.0	7.0	2.4066046838	0.81
34870_1_1_1	34870_1_1_1	34870_1_1_1	3000648.914938382	3000648.914938382	0.0	moderate	34870_1_1_1	93.0	7.0	2.085061618	0.32
34883_1_1_1	34883_1_1_1	34883_1_1_1	4000420.0	4000420.0	0.0	strict	34883_1_1_1	60.0	7.0	0.0	0.32
34887_1_1_1	34887_1_1_1	34887_1_1_1	4000616.0	4000616.0	0.0	strict	34887_1_1_1	88.0	7.0	0.0	0.45
34887_1_1_1	6375_1_1_1	34887_1_1_1	3000609.0	4000616.0	1000007.0	moderate	6375_1_1_1	87.0	7.0	0.0	0.38
34891_1_1_1	34891_1_1_1	34891_1_1_1	3000336.0	3000336.0	0.0	moderate	34891_1_1_1	48.0	7.0	0.0	1.68
34910_1_1_1	34910_1_1_1	34910_1_1_1	3000630.0	3000630.0	0.0	moderate	34910_1_1_1	90.0	7.0	0.0	2.14
34921_1_1_1	34921_1_1_1	34921_1_1_1	4000819.0	4000819.0	0.0	strict	34921_1_1_1	117.0	7.0	0.0	1.45
34925_1_1_1	34925_1_1_1	34925_1_1_1	4000777.0	4000777.0	0.0	strict	34925_1_1_1	111.0	7.0	0.0	1.82
34929_1_1_1	34929_1_1_1	34929_1_1_1	3001064.0	3001064.0	0.0	moderate	34929_1_1_1	152.0	7.0	0.0	0.46
34939_1_1_1	34939_1_1_1	34939_1_1_1	4000648.0	4000648.0	0.0	strict	34939_1_1_1	108.0	6.0	0.0	0.65
34946_1_1_1	34946_1_1_1	34946_1_1_1	4000258.0	4000258.0	0.0	strict	34946_1_1_1	43.0	6.0	0.0	0.5
34951_1_1_1	34951_1_1_1	34951_1_1_1	3000069.0	3000069.0	0.0	moderate	34951_1_1_1	23.0	3.0	0.0	0.0
34951_1_1_1	34934_1_1_1	34951_1_1_1	3000069.0	3000069.0	0.0	moderate	34934_1_1_1	23.0	3.0	0.0	0.0
34951_1_1_1	34930_1_1_1	34951_1_1_1	3000069.0	3000069.0	0.0	moderate	34930_1_1_1	23.0	3.0	0.0	0.0
34951_1_1_1	34945_1_1_1	34951_1_1_1	3000069.0	3000069.0	0.0	moderate	34945_1_1_1	23.0	3.0	0.0	0.0
34951_1_1_1	18023_1_1_1	34951_1_1_1	3000060.0	3000069.0	9.0	moderate	18023_1_1_1	20.0	3.0	0.0	0.0
34951_1_1_1	15169_1_1_1	34951_1_1_1	3000054.0	3000069.0	15.0	moderate	15169_1_1_1	18.0	3.0	0.0	0.0
34951_1_1_1	5292_2_1_1	34951_1_1_1	3000054.0	3000069.0	15.0	moderate	5292_2_1_1	18.0	3.0	0.0	0.0
34951_1_1_1	17669_1_1_1	34951_1_1_1	3000051.0	3000069.0	18.0	moderate	17669_1_1_1	17.0	3.0	0.0	0.0
34963_1_1_1	34963_1_1_1	34963_1_1_1	3000312.0	3000312.0	0.0	moderate	34963_1_1_1	78.0	4.0	0.0	0.0
356_1_1_1	356_1_1_1	356_1_1_1	3000066.0	3000066.0	0.0	moderate	356_1_1_1	22.0	3.0	0.0	0.0
357_1_1_1	357_1_1_1	357_1_1_1	3000066.0	3000066.0	0.0	moderate	357_1_1_1	22.0	3.0	0.0	0.0
36009_1_1_1	36009_1_1_1	36009_1_1_1	3000084.0	3000084.0	0.0	moderate	36009_1_1_1	21.0	4.0	0.0	0.0
36018_1_1_1	36018_1_1_1	36018_1_1_1	3000637.0	3000637.0	0.0	moderate	36018_1_1_1	91.0	7.0	0.0	0.21
36019_1_1_1	36019_1_1_1	36019_1_1_1	3000087.0	3000087.0	0.0	moderate	36019_1_1_1	29.0	3.0	0.0	0.0
36026_1_1_1	36026_1_1_1	36026_1_1_1	3000650.0	3000650.0	0.0	moderate	36026_1_1_1	130.0	5.0	0.0	0.0
36034_1_1_1	36034_1_1_1	36034_1_1_1	3000711.3511959966	3000711.3511959966	0.0	moderate	36034_1_1_1	102.0	7.0	2.6488040035	1.13
36047_1_1_1	36047_1_1_1	36047_1_1_1	3000147.0	3000147.0	0.0	moderate	36047_1_1_1	49.0	3.0	0.0	0.0
36048_1_1_1	36048_1_1_1	36048_1_1_1	3000896.0	3000896.0	0.0	moderate	36048_1_1_1	128.0	7.0	0.0	0.53
36050_1_1_1	36050_1_1_1	36050_1_1_1	3000204.0	3000204.0	0.0	moderate	36050_1_1_1	34.0	6.0	0.0	3.25
36057_1_1_1	36057_1_1_1	36057_1_1_1	3000072.0	3000072.0	0.0	moderate	36057_1_1_1	18.0	4.0	0.0	0.0
36058_1_1_1	36058_1_1_1	36058_1_1_1	3000634.219102443	3000634.219102443	0.0	moderate	36058_1_1_1	91.0	7.0	2.7808975567	0.76
36060_1_1_1	36060_1_1_1	36060_1_1_1	4000525.0	4000525.0	0.0	strict	36060_1_1_1	75.0	7.0	0.0	0.47
36060_1_1_1	51492_1_1_1	36060_1_1_1	4000340.0	4000525.0	185.0	strict	51492_1_1_1	68.0	5.0	0.0	0.36
36061_1_1_1	36061_1_1_1	36061_1_1_1	3001033.1395666306	3001033.1395666306	0.0	moderate	36061_1_1_1	148.0	7.0	2.8604333694	0.97
36080_1_1_1	36080_1_1_1	36080_1_1_1	4000280.0	4000280.0	0.0	strict	36080_1_1_1	56.0	5.0	0.0	0.0
36107_1_1_1	36107_1_1_1	36107_1_1_1	3000114.0	3000114.0	0.0	moderate	36107_1_1_1	19.0	6.0	0.0	0.0
36107_1_1_1	36105_1_1_1	36107_1_1_1	3000114.0	3000114.0	0.0	moderate	36105_1_1_1	19.0	6.0	0.0	0.0
36107_1_1_1	36106_1_1_1	36107_1_1_1	3000114.0	3000114.0	0.0	moderate	36106_1_1_1	19.0	6.0	0.0	0.0
36109_1_1_1	36109_1_1_1	36109_1_1_1	3000120.0	3000120.0	0.0	moderate	36109_1_1_1	20.0	6.0	0.0	0.0
36111_1_1_1	36111_1_1_1	36111_1_1_1	4000504.0	4000504.0	0.0	strict	36111_1_1_1	84.0	6.0	0.0	0.79
36115_1_1_1	36114_1_1_1	36114_1_1_1	3000336.0	3000336.0	0.0	moderate	36114_1_1_1	56.0	6.0	0.0	0.19
36115_1_1_1	36115_1_1_1	36114_1_1_1	3000188.0	3000336.0	148.0	moderate	36115_1_1_1	47.0	4.0	0.0	0.0
36117_1_1_1	36117_1_1_1	36117_1_1_1	3001236.1115476075	3001236.1115476075	0.0	moderate	36117_1_1_1	177.0	7.0	2.8884523925	0.8
36136_1_1_1	36136_1_1_1	36136_1_1_1	4000456.0	4000456.0	0.0	strict	36136_1_1_1	76.0	6.0	0.0	0.47
36146_1_1_1	36146_1_1_1	36146_1_1_1	3000054.0	3000054.0	0.0	moderate	36146_1_1_1	18.0	3.0	0.0	0.0
36154_1_1_1	36154_1_1_1	36154_1_1_1	4001050.0	4001050.0	0.0	strict	36154_1_1_1	150.0	7.0	0.0	0.43
36167_1_1_1	36167_1_1_1	36167_1_1_1	3000108.0	3000108.0	0.0	moderate	36167_1_1_1	18.0	6.0	0.0	0.0
36175_1_1_1	36175_1_1_1	36175_1_1_1	4000468.0	4000468.0	0.0	strict	36175_1_1_1	78.0	6.0	0.0	0.97
36179_1_1_1	36179_1_1_1	36179_1_1_1	4000882.0	4000882.0	0.0	strict	36179_1_1_1	147.0	6.0	0.0	0.15
36180_1_1_1	36180_1_1_1	36180_1_1_1	3000570.0	3000570.0	0.0	moderate	36180_1_1_1	95.0	6.0	0.0	0.97
36185_1_1_1	36185_1_1_1	36185_1_1_1	4000564.0	4000564.0	0.0	strict	36185_1_1_1	94.0	6.0	0.0	3.04
36187_1_1_1	36187_1_1_1	36187_1_1_1	3000690.0361153074	3000690.0361153074	0.0	moderate	36187_1_1_1	99.0	7.0	2.9638846928	0.68
36204_1_1_1	36204_1_1_1	36204_1_1_1	3000536.1526894886	3000536.1526894886	0.0	moderate	36204_1_1_1	77.0	7.0	2.8473105115	1.15
36220_1_1_1	36220_1_1_1	36220_1_1_1	4000357.0	4000357.0	0.0	strict	36220_1_1_1	51.0	7.0	0.0	1.35
36228_1_1_1	36228_1_1_1	36228_1_1_1	3000078.0	3000078.0	0.0	moderate	36228_1_1_1	26.0	3.0	0.0	0.0
36228_1_1_1	25947_1_1_1	36228_1_1_1	3000076.5558673856	3000078.0	1.444132614415139	moderate	25947_1_1_1	26.0	3.0	1.4441326143	0.0
36244_1_1_1	36244_1_1_1	36244_1_1_1	3000760.089627032	3000760.089627032	0.0	moderate	36244_1_1_1	109.0	7.0	2.9103729678	0.81
36261_1_1_1	36261_1_1_1	36261_1_1_1	4000831.769914439	4000831.769914439	0.0	strict	36261_1_1_1	119.0	7.0	1.2300855611	1.25
36272_1_1_1	36272_1_1_1	36272_1_1_1	3000763.0	3000763.0	0.0	moderate	36272_1_1_1	109.0	7.0	0.0	1.23
36273_1_1_1	36273_1_1_1	36273_1_1_1	3000090.0	3000090.0	0.0	moderate	36273_1_1_1	30.0	3.0	0.0	0.0
36288_1_1_1	36288_1_1_1	36288_1_1_1	4001174.287497655	4001174.287497655	0.0	strict	36288_1_1_1	168.0	7.0	1.7125023448	0.23
36288_1_1_1	34803_1_1_1	36288_1_1_1	3001208.984535783	4001174.287497655	999965.302961872	moderate	34803_1_1_1	173.0	7.0	2.015464217	0.64
36294_1_1_1	36294_1_1_1	36294_1_1_1	3000395.0	3000395.0	0.0	moderate	36294_1_1_1	79.0	5.0	0.0	0.75
36299_1_1_1	36299_1_1_1	36299_1_1_1	3000907.5179467523	3000907.5179467523	0.0	moderate	36299_1_1_1	130.0	7.0	2.4820532479	0.55
36310_1_1_1	36310_1_1_1	36310_1_1_1	4000938.0	4000938.0	0.0	strict	36310_1_1_1	134.0	7.0	0.0	0.26
36312_1_1_1	36312_1_1_1	36312_1_1_1	3001540.0	3001540.0	0.0	moderate	36312_1_1_1	220.0	7.0	0.0	0.54
36320_1_1_1	36320_1_1_1	36320_1_1_1	4000462.0	4000462.0	0.0	strict	36320_1_1_1	66.0	7.0	0.0	1.63
36321_1_1_1	36321_1_1_1	36321_1_1_1	3000082.615284791	3000082.615284791	0.0	moderate	36321_1_1_1	28.0	3.0	1.3847152088	0.0
36323_1_1_1	36324_1_1_1	36324_1_1_1	4000868.0	4000868.0	0.0	strict	36324_1_1_1	124.0	7.0	0.0	3.17
36323_1_1_1	36323_1_1_1	36324_1_1_1	4000854.0	4000868.0	14.0	strict	36323_1_1_1	122.0	7.0	0.0	3.22
36333_1_1_1	36333_1_1_1	36333_1_1_1	4000581.0	4000581.0	0.0	strict	36333_1_1_1	83.0	7.0	0.0	1.67
36334_1_1_1	36334_1_1_1	36334_1_1_1	4000735.0	4000735.0	0.0	strict	36334_1_1_1	105.0	7.0	0.0	0.59
36335_1_1_1	36335_1_1_1	36335_1_1_1	4000665.0	4000665.0	0.0	strict	36335_1_1_1	95.0	7.0	0.0	1.41
36341_1_1_1	36341_1_1_1	36341_1_1_1	4000680.0	4000680.0	0.0	strict	36341_1_1_1	136.0	5.0	0.0	0.0
36342_1_1_1	36342_1_1_1	36342_1_1_1	3001131.820552613	3001131.820552613	0.0	moderate	36342_1_1_1	162.0	7.0	2.1794473871	0.9
36345_1_1_1	36345_1_1_1	36345_1_1_1	4000280.0	4000280.0	0.0	strict	36345_1_1_1	40.0	7.0	0.0	4.39
36345_1_1_1	25205_1_1_1	36345_1_1_1	3000120.0	4000280.0	1000160.0	moderate	25205_1_1_1	40.0	3.0	0.0	0.0
36352_1_1_1	36352_1_1_1	36352_1_1_1	4000399.0	4000399.0	0.0	strict	36352_1_1_1	57.0	7.0	0.0	0.47
36360_1_1_1	36360_1_1_1	36360_1_1_1	3000756.0	3000756.0	0.0	moderate	36360_1_1_1	108.0	7.0	0.0	1.66
36361_1_1_1	36361_1_1_1	36361_1_1_1	3000182.0	3000182.0	0.0	moderate	36361_1_1_1	26.0	7.0	0.0	1.17
36368_1_1_1	36368_1_1_1	36368_1_1_1	4000546.0	4000546.0	0.0	strict	36368_1_1_1	78.0	7.0	0.0	3.27
36384_1_1_1	36384_1_1_1	36384_1_1_1	4000214.5359887937	4000214.5359887937	0.0	strict	36384_1_1_1	36.0	6.0	1.4640112064	0.48
36401_1_1_1	36401_1_1_1	36401_1_1_1	4000917.0	4000917.0	0.0	strict	36401_1_1_1	131.0	7.0	0.0	0.63
36414_1_1_1	36414_1_1_1	36414_1_1_1	3000090.0	3000090.0	0.0	moderate	36414_1_1_1	18.0	5.0	0.0	0.0
36418_1_1_1	36418_1_1_1	36418_1_1_1	4000420.0	4000420.0	0.0	strict	36418_1_1_1	60.0	7.0	0.0	0.41
36430_1_1_1	36430_1_1_1	36430_1_1_1	3000648.323643411	3000648.323643411	0.0	moderate	36430_1_1_1	93.0	7.0	2.6763565891	0.54
36431_1_1_1	36431_1_1_1	36431_1_1_1	3000704.8820571294	3000704.8820571294	0.0	moderate	36431_1_1_1	101.0	7.0	2.1179428705	0.42
36447_1_1_1	36447_1_1_1	36447_1_1_1	4000686.0	4000686.0	0.0	strict	36447_1_1_1	98.0	7.0	0.0	0.36
36457_1_1_1	36457_1_1_1	36457_1_1_1	3000138.0	3000138.0	0.0	moderate	36457_1_1_1	23.0	6.0	0.0	0.0
36460_1_1_1	36460_1_1_1	36460_1_1_1	3000144.0	3000144.0	0.0	moderate	36460_1_1_1	24.0	6.0	0.0	0.0
36460_1_1_1	36459_1_1_1	36460_1_1_1	3000144.0	3000144.0	0.0	moderate	36459_1_1_1	24.0	6.0	0.0	0.0
36461_1_1_1	36461_1_1_1	36461_1_1_1	3000216.0	3000216.0	0.0	moderate	36461_1_1_1	36.0	6.0	0.0	2.8
36462_1_1_1	36462_1_1_1	36462_1_1_1	3000150.0	3000150.0	0.0	moderate	36462_1_1_1	25.0	6.0	0.0	0.0
36469_1_1_1	36469_1_1_1	36469_1_1_1	3000339.294411565	3000339.294411565	0.0	moderate	36469_1_1_1	57.0	6.0	2.7055884348	2.62
36471_1_1_1	36471_1_1_1	36471_1_1_1	4000588.0	4000588.0	0.0	strict	36471_1_1_1	84.0	7.0	0.0	0.22
36485_1_1_1	36485_1_1_1	36485_1_1_1	4000833.0	4000833.0	0.0	strict	36485_1_1_1	119.0	7.0	0.0	0.86
36489_1_1_1	36489_1_1_1	36489_1_1_1	3000747.063573864	3000747.063573864	0.0	moderate	36489_1_1_1	125.0	6.0	2.9364261364	1.3
36521_1_1_1	36521_1_1_1	36521_1_1_1	4000186.0	4000186.0	0.0	strict	36521_1_1_1	31.0	6.0	0.0	0.0
36528_1_1_1	36528_1_1_1	36528_1_1_1	4000539.0	4000539.0	0.0	strict	36528_1_1_1	77.0	7.0	0.0	0.91
36528_1_1_1	36527_1_1_1	36528_1_1_1	4000539.0	4000539.0	0.0	strict	36527_1_1_1	77.0	7.0	0.0	1.04
36528_1_1_1	6265_1_1_1	36528_1_1_1	3000444.0	4000539.0	1000095.0	moderate	6265_1_1_1	74.0	6.0	0.0	0.82
36546_1_1_1	36546_1_1_1	36546_1_1_1	4000749.0	4000749.0	0.0	strict	36546_1_1_1	107.0	7.0	0.0	3.07
36589_1_1_1	36589_1_1_1	36589_1_1_1	3000938.0	3000938.0	0.0	moderate	36589_1_1_1	134.0	7.0	0.0	0.47
36661_1_1_1	36661_1_1_1	36661_1_1_1	3001215.634181572	3001215.634181572	0.0	moderate	36661_1_1_1	203.0	6.0	2.3658184281	0.16
395_1_1_1	4540_1_1_1	4540_1_1_1	3000224.0	3000224.0	0.0	moderate	4540_1_1_1	56.0	4.0	0.0	0.0
395_1_1_1	395_1_1_1	4540_1_1_1	3000153.0	3000224.0	71.0	moderate	395_1_1_1	51.0	3.0	0.0	0.0
395_1_1_1	394_1_1_1	4540_1_1_1	3000153.0	3000224.0	71.0	moderate	394_1_1_1	51.0	3.0	0.0	0.0
4020_1_1_1	4020_1_1_1	4020_1_1_1	3000150.0	3000150.0	0.0	moderate	4020_1_1_1	30.0	5.0	0.0	0.0
4029_1_1_1	4029_1_1_1	4029_1_1_1	3000840.0	3000840.0	0.0	moderate	4029_1_1_1	168.0	5.0	0.0	0.0
4030_1_1_1	4030_1_1_1	4030_1_1_1	3001398.0268868874	3001398.0268868874	0.0	moderate	4030_1_1_1	200.0	7.0	1.9731131124	0.36
4032_1_1_1	4032_1_1_1	4032_1_1_1	3000732.0	3000732.0	0.0	moderate	4032_1_1_1	122.0	6.0	0.0	0.36
4032_1_1_1	17762_1_1_1	4032_1_1_1	3000732.0	3000732.0	0.0	moderate	17762_1_1_1	122.0	6.0	0.0	2.54
4032_1_1_1	4031_1_1_1	4032_1_1_1	3000732.0	3000732.0	0.0	moderate	4031_1_1_1	122.0	6.0	0.0	0.47
4032_1_1_1	4370_1_1_1	4032_1_1_1	3000504.0	3000732.0	228.0	moderate	4370_1_1_1	126.0	4.0	0.0	0.0
4036_1_1_1	4036_1_1_1	4036_1_1_1	3000672.0	3000672.0	0.0	moderate	4036_1_1_1	112.0	6.0	0.0	0.81
4039_1_1_1	4039_1_1_1	4039_1_1_1	3000882.0	3000882.0	0.0	moderate	4039_1_1_1	126.0	7.0	0.0	1.21
4040_1_1_1	4040_1_1_1	4040_1_1_1	3000516.0	3000516.0	0.0	moderate	4040_1_1_1	86.0	6.0	0.0	2.41
4044_1_1_1	4044_1_1_1	4044_1_1_1	3000312.0	3000312.0	0.0	moderate	4044_1_1_1	78.0	4.0	0.0	0.0
4045_1_1_1	4045_1_1_1	4045_1_1_1	3000718.2348400084	3000718.2348400084	0.0	moderate	4045_1_1_1	120.0	6.0	1.7651599914	0.87
4063_1_1_1	4063_1_1_1	4063_1_1_1	3001335.744103673	3001335.744103673	0.0	moderate	4063_1_1_1	191.0	7.0	1.2558963272	2.32
4064_1_1_1	4064_1_1_1	4064_1_1_1	3001169.0	3001169.0	0.0	moderate	4064_1_1_1	167.0	7.0	0.0	2.38
4065_1_1_1	4065_1_1_1	4065_1_1_1	3000203.0	3000203.0	0.0	moderate	4065_1_1_1	29.0	7.0	0.0	3.96
4070_1_1_1	4070_1_1_1	4070_1_1_1	3001421.0	3001421.0	0.0	moderate	4070_1_1_1	203.0	7.0	0.0	0.6
4071_1_1_1	25605_1_1_1	25605_1_1_1	3000312.0	3000312.0	0.0	moderate	25605_1_1_1	52.0	6.0	0.0	0.0
4071_1_1_1	19237_1_1_1	25605_1_1_1	3000294.0	3000312.0	18.0	moderate	19237_1_1_1	49.0	6.0	0.0	0.16
4071_1_1_1	25609_1_1_1	25605_1_1_1	3000294.0	3000312.0	18.0	moderate	25609_1_1_1	49.0	6.0	0.0	0.88
4071_1_1_1	4071_1_1_1	25605_1_1_1	3000147.0	3000312.0	165.0	moderate	4071_1_1_1	49.0	3.0	0.0	0.0
4071_1_1_1	4163_1_1_1	25605_1_1_1	3000144.0	3000312.0	168.0	moderate	4163_1_1_1	48.0	3.0	0.0	0.0
4076_1_1_1	4076_1_1_1	4076_1_1_1	3001785.0	3001785.0	0.0	moderate	4076_1_1_1	255.0	7.0	0.0	2.26
4076_1_1_1	4367_1_1_1	4076_1_1_1	3001387.403385821	3001785.0	397.5966141792014	moderate	4367_1_1_1	278.0	5.0	2.5966141791	2.19
4078_1_1_1	4078_1_1_1	4078_1_1_1	3000847.0	3000847.0	0.0	moderate	4078_1_1_1	121.0	7.0	0.0	1.05
4082_1_1_1	15452_1_1_1	15452_1_1_1	3001001.0	3001001.0	0.0	moderate	15452_1_1_1	143.0	7.0	0.0	1.19
4082_1_1_1	4082_1_1_1	15452_1_1_1	3000822.0	3001001.0	179.0	moderate	4082_1_1_1	137.0	6.0	0.0	1.57
4084_1_1_1	4084_1_1_1	4084_1_1_1	3000546.0	3000546.0	0.0	moderate	4084_1_1_1	91.0	6.0	0.0	0.8
4085_1_1_1	4085_1_1_1	4085_1_1_1	3000555.357662916	3000555.357662916	0.0	moderate	4085_1_1_1	93.0	6.0	2.6423370836	0.38
4086_1_1_1	4086_1_1_1	4086_1_1_1	3000843.192465573	3000843.192465573	0.0	moderate	4086_1_1_1	141.0	6.0	2.8075344268	0.15
4087_1_1_1	4087_1_1_1	4087_1_1_1	3000600.0	3000600.0	0.0	moderate	4087_1_1_1	100.0	6.0	0.0	2.3
4090_1_1_1	4090_1_1_1	4090_1_1_1	3000438.0	3000438.0	0.0	moderate	4090_1_1_1	73.0	6.0	0.0	0.61
4092_1_1_1	4092_1_1_1	4092_1_1_1	3000987.0	3000987.0	0.0	moderate	4092_1_1_1	141.0	7.0	0.0	0.1
4094_1_1_1	4094_1_1_1	4094_1_1_1	3000917.0	3000917.0	0.0	moderate	4094_1_1_1	131.0	7.0	0.0	0.23
4094_1_1_1	34787_1_1_1	4094_1_1_1	3000762.0	3000917.0	155.0	moderate	34787_1_1_1	127.0	6.0	0.0	1.95
4094_1_1_1	2031_1_1_1	4094_1_1_1	3000500.0	3000917.0	417.0	moderate	2031_1_1_1	125.0	4.0	0.0	0.0
4094_1_1_1	34736_1_1_1	4094_1_1_1	3000500.0	3000917.0	417.0	moderate	34736_1_1_1	125.0	4.0	0.0	0.0
4095_1_1_1	4095_1_1_1	4095_1_1_1	3000216.0	3000216.0	0.0	moderate	4095_1_1_1	54.0	4.0	0.0	0.0
4097_1_1_1	4093_1_1_1	4093_1_1_1	3000615.0	3000615.0	0.0	moderate	4093_1_1_1	123.0	5.0	0.0	0.0
4097_1_1_1	4097_1_1_1	4093_1_1_1	3000472.0	3000615.0	143.0	moderate	4097_1_1_1	118.0	4.0	0.0	0.49
4106_1_1_1	4106_1_1_1	4106_1_1_1	3001536.0	3001536.0	0.0	moderate	4106_1_1_1	256.0	6.0	0.0	0.24
4111_1_1_1	4111_1_1_1	4111_1_1_1	3000980.0	3000980.0	0.0	moderate	4111_1_1_1	245.0	4.0	0.0	0.0
4113_1_1_1	4113_1_1_1	4113_1_1_1	3000735.0	3000735.0	0.0	moderate	4113_1_1_1	105.0	7.0	0.0	0.31
4114_1_1_1	4114_1_1_1	4114_1_1_1	3000648.0	3000648.0	0.0	moderate	4114_1_1_1	108.0	6.0	0.0	0.35
4117_1_1_1	4117_1_1_1	4117_1_1_1	3000623.0	3000623.0	0.0	moderate	4117_1_1_1	89.0	7.0	0.0	0.83
4127_1_1_1	4127_1_1_1	4127_1_1_1	3000917.0	3000917.0	0.0	moderate	4127_1_1_1	131.0	7.0	0.0	5.07
4128_1_1_1	4128_1_1_1	4128_1_1_1	3000351.75387775	3000351.75387775	0.0	moderate	4128_1_1_1	118.0	3.0	2.2461222501	0.0
4136_1_1_1	4136_1_1_1	4136_1_1_1	3000756.0	3000756.0	0.0	moderate	4136_1_1_1	108.0	7.0	0.0	0.61
4136_1_1_1	52790_1_1_1	4136_1_1_1	3000756.0	3000756.0	0.0	moderate	52790_1_1_1	108.0	7.0	0.0	0.38
4136_1_1_1	51027_1_2_1	4136_1_1_1	3000360.0	3000756.0	396.0	moderate	51027_1_2_1	90.0	4.0	0.0	0.0
4143_1_1_1	4143_1_1_1	4143_1_1_1	3000344.0	3000344.0	0.0	moderate	4143_1_1_1	86.0	4.0	0.0	0.0
4145_1_1_1	4145_1_1_1	4145_1_1_1	3000260.0	3000260.0	0.0	moderate	4145_1_1_1	65.0	4.0	0.0	0.0
4150_1_1_1	4150_1_1_1	4150_1_1_1	3000642.0	3000642.0	0.0	moderate	4150_1_1_1	107.0	6.0	0.0	0.5
4156_1_1_1	4156_1_1_1	4156_1_1_1	3000756.0	3000756.0	0.0	moderate	4156_1_1_1	108.0	7.0	0.0	2.41
4157_1_1_1	4157_1_1_1	4157_1_1_1	3000069.0	3000069.0	0.0	moderate	4157_1_1_1	23.0	3.0	0.0	0.0
4158_1_1_1	4158_1_1_1	4158_1_1_1	3000592.0	3000592.0	0.0	moderate	4158_1_1_1	148.0	4.0	0.0	0.0
4159_1_1_1	8_1_1_1	8_1_1_1	3000216.0	3000216.0	0.0	moderate	8_1_1_1	72.0	3.0	0.0	0.0
4159_1_1_1	5006_1_1_1	8_1_1_1	3000216.0	3000216.0	0.0	moderate	5006_1_1_1	72.0	3.0	0.0	0.0
4159_1_1_1	4159_1_1_1	8_1_1_1	3000192.0	3000216.0	24.0	moderate	4159_1_1_1	64.0	3.0	0.0	0.0
4160_1_1_1	4160_1_1_1	4160_1_1_1	3000465.1732767266	3000465.1732767266	0.0	moderate	4160_1_1_1	78.0	6.0	2.8267232733	0.84
4161_1_1_1	4161_1_1_1	4161_1_1_1	3000777.0	3000777.0	0.0	moderate	4161_1_1_1	111.0	7.0	0.0	0.77
4162_1_1_1	4162_1_1_1	4162_1_1_1	3000679.0	3000679.0	0.0	moderate	4162_1_1_1	97.0	7.0	0.0	0.81
4168_1_1_1	4168_1_1_1	4168_1_1_1	3000544.0	3000544.0	0.0	moderate	4168_1_1_1	136.0	4.0	0.0	0.0
4197_1_1_1	4197_1_1_1	4197_1_1_1	3000336.0	3000336.0	0.0	moderate	4197_1_1_1	48.0	7.0	0.0	1.99
4198_1_1_1	4198_1_1_1	4198_1_1_1	3000833.0	3000833.0	0.0	moderate	4198_1_1_1	119.0	7.0	0.0	1.17
4206_1_1_1	4206_1_1_1	4206_1_1_1	3001092.0	3001092.0	0.0	moderate	4206_1_1_1	182.0	6.0	0.0	0.24
4211_1_1_1	4211_1_1_1	4211_1_1_1	3000114.0	3000114.0	0.0	moderate	4211_1_1_1	38.0	3.0	0.0	0.0
4214_1_1_1	4214_1_1_1	4214_1_1_1	3000750.0	3000750.0	0.0	moderate	4214_1_1_1	125.0	6.0	0.0	0.46
4216_1_1_1	4216_1_1_1	4216_1_1_1	3000210.0	3000210.0	0.0	moderate	4216_1_1_1	35.0	6.0	0.0	0.0
4217_1_1_1	4217_1_1_1	4217_1_1_1	3000600.0	3000600.0	0.0	moderate	4217_1_1_1	100.0	6.0	0.0	2.06
4224_1_1_1	4224_1_1_1	4224_1_1_1	3000690.0	3000690.0	0.0	moderate	4224_1_1_1	115.0	6.0	0.0	0.31
4228_1_1_1	4228_1_1_1	4228_1_1_1	3000651.0	3000651.0	0.0	moderate	4228_1_1_1	93.0	7.0	0.0	0.35
4237_1_1_1	4237_1_1_1	4237_1_1_1	3000392.0	3000392.0	0.0	moderate	4237_1_1_1	56.0	7.0	0.0	1.49
4239_1_1_1	4239_1_1_1	4239_1_1_1	3000686.0	3000686.0	0.0	moderate	4239_1_1_1	98.0	7.0	0.0	3.17
4241_1_1_1	4900_1_1_1	4900_1_1_1	3000344.0	3000344.0	0.0	moderate	4900_1_1_1	86.0	4.0	0.0	0.0
4241_1_1_1	4241_1_1_1	4900_1_1_1	3000340.0	3000344.0	4.0	moderate	4241_1_1_1	85.0	4.0	0.0	0.0
4241_1_1_1	4623_1_1_1	4900_1_1_1	3000340.0	3000344.0	4.0	moderate	4623_1_1_1	85.0	4.0	0.0	0.0
4242_1_1_1	4242_1_1_1	4242_1_1_1	3000744.0	3000744.0	0.0	moderate	4242_1_1_1	124.0	6.0	0.0	7.36
4251_1_1_1	4251_1_1_1	4251_1_1_1	3000972.0	3000972.0	0.0	moderate	4251_1_1_1	162.0	6.0	0.0	0.86
4265_1_1_1	4265_1_1_1	4265_1_1_1	3001372.0	3001372.0	0.0	moderate	4265_1_1_1	196.0	7.0	0.0	1.14
4266_1_1_1	19979_1_1_1	19979_1_1_1	3000138.0	3000138.0	0.0	moderate	19979_1_1_1	46.0	3.0	0.0	0.0
4266_1_1_1	4266_1_1_1	19979_1_1_1	3000135.0	3000138.0	3.0	moderate	4266_1_1_1	45.0	3.0	0.0	0.0
4269_1_1_1	4269_1_1_1	4269_1_1_1	3000700.0	3000700.0	0.0	moderate	4269_1_1_1	100.0	7.0	0.0	0.7
4279_1_1_1	30727_1_1_1	30727_1_1_1	3000455.0	3000455.0	0.0	moderate	30727_1_1_1	65.0	7.0	0.0	0.18
4279_1_1_1	4279_1_1_1	30727_1_1_1	3000189.0	3000455.0	266.0	moderate	4279_1_1_1	63.0	3.0	0.0	0.0
4279_1_1_1	4218_1_1_1	30727_1_1_1	3000186.0	3000455.0	269.0	moderate	4218_1_1_1	62.0	3.0	0.0	0.0
4282_1_1_1	4282_1_1_1	4282_1_1_1	3001264.2359428294	3001264.2359428294	0.0	moderate	4282_1_1_1	181.0	7.0	2.7640571708	0.84
4283_1_1_1	4283_1_1_1	4283_1_1_1	3000372.0	3000372.0	0.0	moderate	4283_1_1_1	93.0	4.0	0.0	0.0
4288_1_1_1	4288_1_1_1	4288_1_1_1	3000721.0	3000721.0	0.0	moderate	4288_1_1_1	103.0	7.0	0.0	1.27
4290_1_1_1	4290_1_1_1	4290_1_1_1	3000213.0	3000213.0	0.0	moderate	4290_1_1_1	71.0	3.0	0.0	0.0
4293_1_1_1	4293_1_1_1	4293_1_1_1	3000896.0	3000896.0	0.0	moderate	4293_1_1_1	128.0	7.0	0.0	0.98
4294_1_1_1	4294_1_1_1	4294_1_1_1	3000574.0	3000574.0	0.0	moderate	4294_1_1_1	82.0	7.0	0.0	1.31
4295_1_1_1	19011_1_1_1	19011_1_1_1	3000612.320375474	3000612.320375474	0.0	moderate	19011_1_1_1	123.0	5.0	2.679624526	1.22
4295_1_1_1	4295_1_1_1	19011_1_1_1	3000412.0	3000612.320375474	200.32037547416985	moderate	4295_1_1_1	103.0	4.0	0.0	0.0
4297_1_1_1	4297_1_1_1	4297_1_1_1	3000777.0	3000777.0	0.0	moderate	4297_1_1_1	111.0	7.0	0.0	0.5
4297_1_1_1	4075_1_1_1	4297_1_1_1	3000655.0	3000777.0	122.0	moderate	4075_1_1_1	131.0	5.0	0.0	0.0
4297_1_1_1	5122_1_1_1	4297_1_1_1	3000480.0	3000777.0	297.0	moderate	5122_1_1_1	120.0	4.0	0.0	0.0
4299_1_1_1	4299_1_1_1	4299_1_1_1	3000876.0	3000876.0	0.0	moderate	4299_1_1_1	146.0	6.0	0.0	2.97
4301_1_1_1	4301_1_1_1	4301_1_1_1	3000798.0	3000798.0	0.0	moderate	4301_1_1_1	133.0	6.0	0.0	0.28
4308_1_1_1	4308_1_1_1	4308_1_1_1	3000400.0	3000400.0	0.0	moderate	4308_1_1_1	100.0	4.0	0.0	0.0
4309_1_1_1	4309_1_1_1	4309_1_1_1	3000880.0	3000880.0	0.0	moderate	4309_1_1_1	176.0	5.0	0.0	0.0
4309_1_1_1	19720_1_1_1	4309_1_1_1	3000519.0	3000880.0	361.0	moderate	19720_1_1_1	173.0	3.0	0.0	0.0
4309_1_1_1	19722_1_1_1	4309_1_1_1	3000495.0	3000880.0	385.0	moderate	19722_1_1_1	165.0	3.0	0.0	0.0
4309_1_1_1	19721_1_1_1	4309_1_1_1	3000492.0	3000880.0	388.0	moderate	19721_1_1_1	164.0	3.0	0.0	0.0
4311_2_1_1	4311_2_1_1	4311_2_1_1	3000828.0	3000828.0	0.0	moderate	4311_2_1_1	207.0	4.0	0.0	0.78
4312_1_1_1	4312_1_1_1	4312_1_1_1	3000660.0	3000660.0	0.0	moderate	4312_1_1_1	110.0	6.0	0.0	0.44
4317_1_1_1	4317_1_1_1	4317_1_1_1	3000497.0	3000497.0	0.0	moderate	4317_1_1_1	71.0	7.0	0.0	1.97
4317_1_1_1	25793_1_1_1	4317_1_1_1	3000497.0	3000497.0	0.0	moderate	25793_1_1_1	71.0	7.0	0.0	2.39
4318_1_1_1	4318_1_1_1	4318_1_1_1	3001435.0	3001435.0	0.0	moderate	4318_1_1_1	205.0	7.0	0.0	0.15
4323_1_1_1	4323_1_1_1	4323_1_1_1	3000855.0	3000855.0	0.0	moderate	4323_1_1_1	171.0	5.0	0.0	1.77
4326_1_1_1	4326_1_1_1	4326_1_1_1	3000595.0	3000595.0	0.0	moderate	4326_1_1_1	85.0	7.0	0.0	3.83
4327_1_1_1	4327_1_1_1	4327_1_1_1	3000847.0	3000847.0	0.0	moderate	4327_1_1_1	121.0	7.0	0.0	1.26
4328_1_1_1	4328_1_1_1	4328_1_1_1	3000664.150795658	3000664.150795658	0.0	moderate	4328_1_1_1	111.0	6.0	1.849204342	2.63
4331_1_1_1	4331_1_1_1	4331_1_1_1	3000412.0	3000412.0	0.0	moderate	4331_1_1_1	103.0	4.0	0.0	0.0
4333_1_1_1	4333_1_1_1	4333_1_1_1	3000594.0	3000594.0	0.0	moderate	4333_1_1_1	99.0	6.0	0.0	1.12
4334_1_1_1	4334_1_1_1	4334_1_1_1	3000956.171834055	3000956.171834055	0.0	moderate	4334_1_1_1	137.0	7.0	2.8281659449	0.41
4334_1_1_1	16348_1_1_1	4334_1_1_1	3000917.0	3000956.171834055	39.17183405486867	moderate	16348_1_1_1	131.0	7.0	0.0	0.34
4339_1_1_1	4339_1_1_1	4339_1_1_1	3000714.0	3000714.0	0.0	moderate	4339_1_1_1	102.0	7.0	0.0	1.06
4342_1_1_1	4342_1_1_1	4342_1_1_1	3000840.0	3000840.0	0.0	moderate	4342_1_1_1	120.0	7.0	0.0	2.84
4342_1_1_1	27195_1_1_1	4342_1_1_1	3000607.8883755268	3000840.0	232.11162447324023	moderate	27195_1_1_1	122.0	5.0	2.1116244731	0.99
4342_1_1_1	17135_1_1_1	4342_1_1_1	3000514.067762667	3000840.0	325.93223733315244	moderate	17135_1_1_1	129.0	4.0	1.9322373332	0.98
4343_1_1_1	4343_1_1_1	4343_1_1_1	3001288.0	3001288.0	0.0	moderate	4343_1_1_1	184.0	7.0	0.0	0.58
4343_1_1_1	19737_1_1_1	4343_1_1_1	3001062.0	3001288.0	226.0	moderate	19737_1_1_1	177.0	6.0	0.0	0.27
4344_1_1_1	4344_1_1_1	4344_1_1_1	3000264.0	3000264.0	0.0	moderate	4344_1_1_1	66.0	4.0	0.0	0.0
4348_1_1_1	4348_1_1_1	4348_1_1_1	3000539.0	3000539.0	0.0	moderate	4348_1_1_1	77.0	7.0	0.0	0.61
4353_1_1_1	4353_1_1_1	4353_1_1_1	3000798.0	3000798.0	0.0	moderate	4353_1_1_1	114.0	7.0	0.0	1.43
4355_1_1_1	4355_1_1_1	4355_1_1_1	3000210.0	3000210.0	0.0	moderate	4355_1_1_1	30.0	7.0	0.0	1.92
4358_1_1_1	4358_1_1_1	4358_1_1_1	3000219.0	3000219.0	0.0	moderate	4358_1_1_1	73.0	3.0	0.0	0.0
4360_1_1_1	4360_1_1_1	4360_1_1_1	3000966.0	3000966.0	0.0	moderate	4360_1_1_1	138.0	7.0	0.0	0.63
4369_1_1_1	4369_1_1_1	4369_1_1_1	3000420.0	3000420.0	0.0	moderate	4369_1_1_1	70.0	6.0	0.0	3.44
4373_1_1_1	4373_1_1_1	4373_1_1_1	3000618.0	3000618.0	0.0	moderate	4373_1_1_1	103.0	6.0	0.0	1.75
4376_1_1_1	4376_1_1_1	4376_1_1_1	3001274.0	3001274.0	0.0	moderate	4376_1_1_1	182.0	7.0	0.0	0.67
4377_1_1_1	4377_1_1_1	4377_1_1_1	3000144.0	3000144.0	0.0	moderate	4377_1_1_1	48.0	3.0	0.0	0.0
4381_1_1_1	4381_1_1_1	4381_1_1_1	3000693.0	3000693.0	0.0	moderate	4381_1_1_1	99.0	7.0	0.0	0.46
4384_1_1_1	4384_1_1_1	4384_1_1_1	3001748.0788174584	3001748.0788174584	0.0	moderate	4384_1_1_1	250.0	7.0	1.9211825417	0.26
4385_1_1_1	4385_1_1_1	4385_1_1_1	3000616.0	3000616.0	0.0	moderate	4385_1_1_1	88.0	7.0	0.0	2.05
4386_1_1_1	4386_1_1_1	4386_1_1_1	3001110.816595018	3001110.816595018	0.0	moderate	4386_1_1_1	159.0	7.0	2.1834049822	0.52
4388_1_1_1	4388_1_1_1	4388_1_1_1	3001005.0	3001005.0	0.0	moderate	4388_1_1_1	201.0	5.0	0.0	0.98
4395_1_1_1	4395_1_1_1	4395_1_1_1	3000644.0	3000644.0	0.0	moderate	4395_1_1_1	92.0	7.0	0.0	2.75
4396_1_1_1	4396_1_1_1	4396_1_1_1	3000495.590554477	3000495.590554477	0.0	moderate	4396_1_1_1	83.0	6.0	2.4094455229	0.0
4403_1_1_1	4403_1_1_1	4403_1_1_1	3000558.6031166855	3000558.6031166855	0.0	moderate	4403_1_1_1	80.0	7.0	1.3968833143	0.75
4404_1_1_1	4404_1_1_1	4404_1_1_1	3000090.0	3000090.0	0.0	moderate	4404_1_1_1	30.0	3.0	0.0	0.0
4410_1_1_1	4410_1_1_1	4410_1_1_1	3000090.0	3000090.0	0.0	moderate	4410_1_1_1	30.0	3.0	0.0	0.0
4413_1_1_1	4413_1_1_1	4413_1_1_1	3000402.0	3000402.0	0.0	moderate	4413_1_1_1	67.0	6.0	0.0	2.28
4422_1_1_1	4422_1_1_1	4422_1_1_1	3000162.0	3000162.0	0.0	moderate	4422_1_1_1	54.0	3.0	0.0	0.0
4425_1_1_1	52087_1_1_1	52087_1_1_1	3000616.0	3000616.0	0.0	moderate	52087_1_1_1	88.0	7.0	0.0	3.62
4425_1_1_1	4425_1_1_1	52087_1_1_1	3000480.0	3000616.0	136.0	moderate	4425_1_1_1	80.0	6.0	0.0	0.86
4425_1_1_1	52294_1_1_1	52087_1_1_1	3000308.0	3000616.0	308.0	moderate	52294_1_1_1	77.0	4.0	0.0	3.42
4428_1_1_1	15874_1_1_1	15874_1_1_1	3000366.0	3000366.0	0.0	moderate	15874_1_1_1	61.0	6.0	0.0	17.54
4428_1_1_1	4428_1_1_1	15874_1_1_1	3000260.0	3000366.0	106.0	moderate	4428_1_1_1	65.0	4.0	0.0	0.0
4429_1_1_1	4429_1_1_1	4429_1_1_1	3000470.6806302136	3000470.6806302136	0.0	moderate	4429_1_1_1	118.0	4.0	1.3193697864	0.0
4431_1_1_1	4431_1_1_1	4431_1_1_1	3000819.000249636	3000819.000249636	0.0	moderate	4431_1_1_1	137.0	6.0	2.9997503639	7.58
4438_1_1_1	4438_1_1_1	4438_1_1_1	3000718.2985614194	3000718.2985614194	0.0	moderate	4438_1_1_1	120.0	6.0	1.7014385808	0.24
4445_1_1_1	4445_1_1_1	4445_1_1_1	3000492.0	3000492.0	0.0	moderate	4445_1_1_1	82.0	6.0	0.0	1.94
4447_1_1_1	4447_1_1_1	4447_1_1_1	3000993.425503408	3000993.425503408	0.0	moderate	4447_1_1_1	166.0	6.0	2.5744965919	0.19
4448_1_1_1	4448_1_1_1	4448_1_1_1	3001099.0	3001099.0	0.0	moderate	4448_1_1_1	157.0	7.0	0.0	1.05
4449_1_1_1	4449_1_1_1	4449_1_1_1	3000792.0	3000792.0	0.0	moderate	4449_1_1_1	132.0	6.0	0.0	1.62
4451_1_1_1	4451_1_1_1	4451_1_1_1	3000595.0	3000595.0	0.0	moderate	4451_1_1_1	85.0	7.0	0.0	0.97
4452_1_1_1	4452_1_1_1	4452_1_1_1	3000476.0	3000476.0	0.0	moderate	4452_1_1_1	119.0	4.0	0.0	0.0
4455_1_1_1	4455_1_1_1	4455_1_1_1	3000651.0	3000651.0	0.0	moderate	4455_1_1_1	93.0	7.0	0.0	1.01
4456_1_1_1	4456_1_1_1	4456_1_1_1	3000051.0	3000051.0	0.0	moderate	4456_1_1_1	17.0	3.0	0.0	0.0
4459_1_1_1	4459_1_1_1	4459_1_1_1	3000255.0	3000255.0	0.0	moderate	4459_1_1_1	85.0	3.0	0.0	0.0
4460_1_1_1	4460_1_1_1	4460_1_1_1	3000585.5281065283	3000585.5281065283	0.0	moderate	4460_1_1_1	98.0	6.0	2.4718934717	0.4
4470_1_1_1	4470_1_1_1	4470_1_1_1	3000384.0	3000384.0	0.0	moderate	4470_1_1_1	64.0	6.0	0.0	0.3
4473_1_1_1	4473_1_1_1	4473_1_1_1	3000264.0	3000264.0	0.0	moderate	4473_1_1_1	44.0	6.0	0.0	0.67
447_1_1_1	447_1_1_1	447_1_1_1	3000581.0	3000581.0	0.0	moderate	447_1_1_1	83.0	7.0	0.0	1.76
4487_1_1_1	4487_1_1_1	4487_1_1_1	3000156.0	3000156.0	0.0	moderate	4487_1_1_1	52.0	3.0	0.0	0.0
448_1_1_1	448_1_1_1	448_1_1_1	3000069.0	3000069.0	0.0	moderate	448_1_1_1	23.0	3.0	0.0	0.0
4491_1_1_1	4491_1_1_1	4491_1_1_1	3000823.3636733284	3000823.3636733284	0.0	moderate	4491_1_1_1	118.0	7.0	2.6363266716	0.21
4496_1_1_1	4496_1_1_1	4496_1_1_1	3000651.0	3000651.0	0.0	moderate	4496_1_1_1	93.0	7.0	0.0	0.36
4519_1_1_1	4519_1_1_1	4519_1_1_1	3000956.6549410056	3000956.6549410056	0.0	moderate	4519_1_1_1	137.0	7.0	2.3450589946	1.02
4541_1_1_1	30538_1_1_1	30538_1_1_1	3000245.0	3000245.0	0.0	moderate	30538_1_1_1	35.0	7.0	0.0	0.2
4541_1_1_1	15420_1_1_1	30538_1_1_1	3000148.0	3000245.0	97.0	moderate	15420_1_1_1	37.0	4.0	0.0	0.0
4541_1_1_1	5676_1_1_1	30538_1_1_1	3000108.0	3000245.0	137.0	moderate	5676_1_1_1	36.0	3.0	0.0	0.0
4541_1_1_1	4427_1_1_1	30538_1_1_1	3000105.0	3000245.0	140.0	moderate	4427_1_1_1	35.0	3.0	0.0	0.0
4541_1_1_1	15992_1_1_1	30538_1_1_1	3000102.0	3000245.0	143.0	moderate	15992_1_1_1	34.0	3.0	0.0	0.0
4541_1_1_1	4541_1_1_1	30538_1_1_1	3000099.0	3000245.0	146.0	moderate	4541_1_1_1	33.0	3.0	0.0	0.0
4558_1_1_1	4558_1_1_1	4558_1_1_1	3000868.0	3000868.0	0.0	moderate	4558_1_1_1	124.0	7.0	0.0	2.37
4560_1_1_1	4560_1_1_1	4560_1_1_1	3000700.0	3000700.0	0.0	moderate	4560_1_1_1	100.0	7.0	0.0	2.09
4572_1_1_1	4572_1_1_1	4572_1_1_1	3000440.121132569	3000440.121132569	0.0	moderate	4572_1_1_1	63.0	7.0	0.8788674313	1.7
4573_1_1_1	4573_1_1_1	4573_1_1_1	3000575.0	3000575.0	0.0	moderate	4573_1_1_1	115.0	5.0	0.0	1.94
4574_1_1_1	4574_1_1_1	4574_1_1_1	3000781.288147401	3000781.288147401	0.0	moderate	4574_1_1_1	112.0	7.0	2.7118525991	2.52
4577_1_1_1	4577_1_1_1	4577_1_1_1	3001099.0	3001099.0	0.0	moderate	4577_1_1_1	157.0	7.0	0.0	0.49
4584_1_1_1	4584_1_1_1	4584_1_1_1	3000212.0	3000212.0	0.0	moderate	4584_1_1_1	53.0	4.0	0.0	0.0
4585_1_1_1	16693_1_1_1	16693_1_1_1	3000224.0	3000224.0	0.0	moderate	16693_1_1_1	32.0	7.0	0.0	2.48
4585_1_1_1	4585_1_1_1	16693_1_1_1	3000078.0	3000224.0	146.0	moderate	4585_1_1_1	26.0	3.0	0.0	0.0
4589_1_1_1	4589_1_1_1	4589_1_1_1	3000368.0	3000368.0	0.0	moderate	4589_1_1_1	92.0	4.0	0.0	0.0
4591_1_1_1	4591_1_1_1	4591_1_1_1	3000078.0	3000078.0	0.0	moderate	4591_1_1_1	26.0	3.0	0.0	0.0
4593_1_1_1	4593_1_1_1	4593_1_1_1	3000456.0	3000456.0	0.0	moderate	4593_1_1_1	76.0	6.0	0.0	0.19
4598_1_1_1	4597_1_1_1	4597_1_1_1	3000072.0	3000072.0	0.0	moderate	4597_1_1_1	24.0	3.0	0.0	0.0
4598_1_1_1	4598_1_1_1	4597_1_1_1	3000069.0	3000072.0	3.0	moderate	4598_1_1_1	23.0	3.0	0.0	0.0
4603_1_1_1	4603_1_1_1	4603_1_1_1	3000546.0	3000546.0	0.0	moderate	4603_1_1_1	78.0	7.0	0.0	0.51
4636_1_1_1	4636_1_1_1	4636_1_1_1	3000996.0	3000996.0	0.0	moderate	4636_1_1_1	166.0	6.0	0.0	1.15
4637_1_1_1	4637_1_1_1	4637_1_1_1	3000354.0	3000354.0	0.0	moderate	4637_1_1_1	59.0	6.0	0.0	3.37
4639_1_1_1	4639_1_1_1	4639_1_1_1	3000171.0	3000171.0	0.0	moderate	4639_1_1_1	57.0	3.0	0.0	0.0
4643_1_1_1	4643_1_1_1	4643_1_1_1	3000081.0	3000081.0	0.0	moderate	4643_1_1_1	27.0	3.0	0.0	0.0
4645_1_1_1	4645_1_1_1	4645_1_1_1	3000099.0	3000099.0	0.0	moderate	4645_1_1_1	33.0	3.0	0.0	0.0
4648_1_1_1	4648_1_1_1	4648_1_1_1	3001224.0	3001224.0	0.0	moderate	4648_1_1_1	204.0	6.0	0.0	0.36
4650_1_1_1	4650_1_1_1	4650_1_1_1	3000072.0	3000072.0	0.0	moderate	4650_1_1_1	24.0	3.0	0.0	0.0
4651_1_1_1	4651_1_1_1	4651_1_1_1	3000069.0	3000069.0	0.0	moderate	4651_1_1_1	23.0	3.0	0.0	0.0
4652_1_1_1	4652_1_1_1	4652_1_1_1	3000114.0	3000114.0	0.0	moderate	4652_1_1_1	38.0	3.0	0.0	0.0
4653_1_1_1	4653_1_1_1	4653_1_1_1	3000072.0	3000072.0	0.0	moderate	4653_1_1_1	24.0	3.0	0.0	0.0
4655_1_1_1	4655_1_1_1	4655_1_1_1	3000087.0	3000087.0	0.0	moderate	4655_1_1_1	29.0	3.0	0.0	0.0
4661_1_1_1	4661_1_1_1	4661_1_1_1	3000552.0	3000552.0	0.0	moderate	4661_1_1_1	92.0	6.0	0.0	0.0
4664_1_1_1	4664_1_1_1	4664_1_1_1	3001015.0	3001015.0	0.0	moderate	4664_1_1_1	145.0	7.0	0.0	1.08
4668_1_1_1	4668_1_1_1	4668_1_1_1	3001043.0	3001043.0	0.0	moderate	4668_1_1_1	149.0	7.0	0.0	1.16
4674_1_1_1	4674_1_1_1	4674_1_1_1	3000402.0	3000402.0	0.0	moderate	4674_1_1_1	67.0	6.0	0.0	0.37
4678_1_1_1	4144_1_1_1	4144_1_1_1	3000456.0	3000456.0	0.0	moderate	4144_1_1_1	76.0	6.0	0.0	2.72
4678_1_1_1	4678_1_1_1	4144_1_1_1	3000450.0	3000456.0	6.0	moderate	4678_1_1_1	75.0	6.0	0.0	3.99
4685_1_1_1	4685_1_1_1	4685_1_1_1	3000105.0	3000105.0	0.0	moderate	4685_1_1_1	35.0	3.0	0.0	0.0
4697_1_1_1	4697_1_1_1	4697_1_1_1	3000763.0	3000763.0	0.0	moderate	4697_1_1_1	109.0	7.0	0.0	2.39
4706_1_1_1	4706_1_1_1	4706_1_1_1	3000906.0	3000906.0	0.0	moderate	4706_1_1_1	151.0	6.0	0.0	2.19
4711_1_1_1	4711_1_1_1	4711_1_1_1	3000297.0	3000297.0	0.0	moderate	4711_1_1_1	99.0	3.0	0.0	0.0
4713_1_1_1	4713_1_1_1	4713_1_1_1	3000102.0	3000102.0	0.0	moderate	4713_1_1_1	34.0	3.0	0.0	0.0
4714_1_1_1	25681_1_1_1	25681_1_1_1	3000238.0	3000238.0	0.0	moderate	25681_1_1_1	34.0	7.0	0.0	0.0
4714_1_1_1	25679_1_1_1	25681_1_1_1	3000175.0	3000238.0	63.0	moderate	25679_1_1_1	35.0	5.0	0.0	0.0
4714_1_1_1	6558_2_1_1	25681_1_1_1	3000156.0	3000238.0	82.0	moderate	6558_2_1_1	39.0	4.0	0.0	0.08
4714_1_1_1	4714_1_1_1	25681_1_1_1	3000105.0	3000238.0	133.0	moderate	4714_1_1_1	35.0	3.0	0.0	0.0
4714_1_1_1	25311_1_1_1	25681_1_1_1	3000105.0	3000238.0	133.0	moderate	25311_1_1_1	35.0	3.0	0.0	0.0
4714_1_1_1	25678_1_1_1	25681_1_1_1	3000105.0	3000238.0	133.0	moderate	25678_1_1_1	35.0	3.0	0.0	0.0
4714_1_1_1	25680_1_1_1	25681_1_1_1	3000105.0	3000238.0	133.0	moderate	25680_1_1_1	35.0	3.0	0.0	0.0
4714_1_1_1	25683_1_1_1	25681_1_1_1	3000105.0	3000238.0	133.0	moderate	25683_1_1_1	35.0	3.0	0.0	0.0
4714_1_1_1	25682_1_1_1	25681_1_1_1	3000102.0	3000238.0	136.0	moderate	25682_1_1_1	34.0	3.0	0.0	0.0
4714_1_1_1	25310_1_1_1	25681_1_1_1	3000099.0	3000238.0	139.0	moderate	25310_1_1_1	33.0	3.0	0.0	0.0
4714_1_1_1	25309_1_1_1	25681_1_1_1	3000096.0	3000238.0	142.0	moderate	25309_1_1_1	32.0	3.0	0.0	0.0
4715_1_1_1	4715_1_1_1	4715_1_1_1	3000102.0	3000102.0	0.0	moderate	4715_1_1_1	34.0	3.0	0.0	0.0
4717_1_1_1	4717_1_1_1	4717_1_1_1	3000994.0	3000994.0	0.0	moderate	4717_1_1_1	142.0	7.0	0.0	0.3
4718_1_1_1	4718_1_1_1	4718_1_1_1	3000595.0	3000595.0	0.0	moderate	4718_1_1_1	119.0	5.0	0.0	0.67
4719_1_1_1	4719_1_1_1	4719_1_1_1	3000931.0	3000931.0	0.0	moderate	4719_1_1_1	133.0	7.0	0.0	0.27
4721_1_1_1	4721_1_1_1	4721_1_1_1	3000471.127660167	3000471.127660167	0.0	moderate	4721_1_1_1	79.0	6.0	2.8723398329	0.57
4726_1_1_1	4726_1_1_1	4726_1_1_1	3000462.0	3000462.0	0.0	moderate	4726_1_1_1	77.0	6.0	0.0	0.21
4727_1_1_1	4727_1_1_1	4727_1_1_1	3000507.626031604	3000507.626031604	0.0	moderate	4727_1_1_1	85.0	6.0	2.3739683959	0.76
4728_1_1_1	4728_1_1_1	4728_1_1_1	3000114.0	3000114.0	0.0	moderate	4728_1_1_1	38.0	3.0	0.0	0.0
4731_1_1_1	4731_1_1_1	4731_1_1_1	3000735.0	3000735.0	0.0	moderate	4731_1_1_1	105.0	7.0	0.0	3.2
4735_1_1_1	4735_1_1_1	4735_1_1_1	3000966.0	3000966.0	0.0	moderate	4735_1_1_1	161.0	6.0	0.0	1.71
4737_1_1_1	4737_1_1_1	4737_1_1_1	3000792.0	3000792.0	0.0	moderate	4737_1_1_1	132.0	6.0	0.0	1.85
4740_1_1_1	4740_1_1_1	4740_1_1_1	3000402.0	3000402.0	0.0	moderate	4740_1_1_1	67.0	6.0	0.0	1.43
4741_2_1_1	4741_2_1_1	4741_2_1_1	3000084.0	3000084.0	0.0	moderate	4741_2_1_1	28.0	3.0	0.0	0.0
4742_1_1_1	4742_1_1_1	4742_1_1_1	3000164.0	3000164.0	0.0	moderate	4742_1_1_1	41.0	4.0	0.0	0.0
4748_2_1_1	4748_2_1_1	4748_2_1_1	3000372.0	3000372.0	0.0	moderate	4748_2_1_1	93.0	4.0	0.0	0.0
4757_1_1_1	4757_1_1_1	4757_1_1_1	3000264.0	3000264.0	0.0	moderate	4757_1_1_1	44.0	6.0	0.0	0.18
4758_1_1_1	4758_1_1_1	4758_1_1_1	3000492.0	3000492.0	0.0	moderate	4758_1_1_1	82.0	6.0	0.0	2.6
4766_1_1_1	4766_1_1_1	4766_1_1_1	3001264.436742087	3001264.436742087	0.0	moderate	4766_1_1_1	181.0	7.0	2.563257913	2.52
4768_1_1_1	4768_1_1_1	4768_1_1_1	3000576.0	3000576.0	0.0	moderate	4768_1_1_1	96.0	6.0	0.0	0.26
4775_1_1_1	4775_1_1_1	4775_1_1_1	3001253.0	3001253.0	0.0	moderate	4775_1_1_1	179.0	7.0	0.0	1.5
4775_1_1_1	52276_1_1_1	4775_1_1_1	3000905.0	3001253.0	348.0	moderate	52276_1_1_1	181.0	5.0	0.0	1.27
4784_1_1_1	4784_1_1_1	4784_1_1_1	3000236.0	3000236.0	0.0	moderate	4784_1_1_1	59.0	4.0	0.0	0.0
4785_1_1_1	4785_1_1_1	4785_1_1_1	3000484.0	3000484.0	0.0	moderate	4785_1_1_1	121.0	4.0	0.0	0.0
4788_1_1_1	4788_1_1_1	4788_1_1_1	3000552.0	3000552.0	0.0	moderate	4788_1_1_1	92.0	6.0	0.0	0.9
4791_1_1_1	4791_1_1_1	4791_1_1_1	3000959.0	3000959.0	0.0	moderate	4791_1_1_1	137.0	7.0	0.0	1.03
4792_1_1_1	4792_1_1_1	4792_1_1_1	3000550.563564977	3000550.563564977	0.0	moderate	4792_1_1_1	79.0	7.0	2.436435023	0.75
4793_1_1_1	4793_1_1_1	4793_1_1_1	3000770.0	3000770.0	0.0	moderate	4793_1_1_1	110.0	7.0	0.0	0.63
4794_1_1_1	4794_1_1_1	4794_1_1_1	3000672.0	3000672.0	0.0	moderate	4794_1_1_1	112.0	6.0	0.0	1.02
4796_1_1_1	4796_1_1_1	4796_1_1_1	3000833.0	3000833.0	0.0	moderate	4796_1_1_1	119.0	7.0	0.0	0.74
4811_1_1_1	4811_1_1_1	4811_1_1_1	3000342.0	3000342.0	0.0	moderate	4811_1_1_1	114.0	3.0	0.0	0.0
4814_1_1_1	4814_1_1_1	4814_1_1_1	3000972.0	3000972.0	0.0	moderate	4814_1_1_1	162.0	6.0	0.0	0.49
4818_1_1_1	4818_1_1_1	4818_1_1_1	3000906.0	3000906.0	0.0	moderate	4818_1_1_1	151.0	6.0	0.0	0.89
4819_1_1_1	4819_1_1_1	4819_1_1_1	3000553.0	3000553.0	0.0	moderate	4819_1_1_1	79.0	7.0	0.0	0.34
4820_1_1_1	4820_1_1_1	4820_1_1_1	3000140.0	3000140.0	0.0	moderate	4820_1_1_1	35.0	4.0	0.0	0.0
4821_1_1_1	4821_1_1_1	4821_1_1_1	3001001.0	3001001.0	0.0	moderate	4821_1_1_1	143.0	7.0	0.0	1.66
4829_1_1_1	5365_1_1_1	5365_1_1_1	3000576.0	3000576.0	0.0	moderate	5365_1_1_1	96.0	6.0	0.0	2.11
4829_1_1_1	4829_1_1_1	5365_1_1_1	3000546.0	3000576.0	30.0	moderate	4829_1_1_1	91.0	6.0	0.0	2.37
4830_1_1_1	4830_1_1_1	4830_1_1_1	3000632.0	3000632.0	0.0	moderate	4830_1_1_1	158.0	4.0	0.0	0.0
4833_1_1_1	4833_1_1_1	4833_1_1_1	3000595.0	3000595.0	0.0	moderate	4833_1_1_1	85.0	7.0	0.0	1.37
4840_1_1_1	4840_1_1_1	4840_1_1_1	3001044.0	3001044.0	0.0	moderate	4840_1_1_1	174.0	6.0	0.0	2.2
4851_1_1_1	4851_1_1_1	4851_1_1_1	3000834.0	3000834.0	0.0	moderate	4851_1_1_1	139.0	6.0	0.0	0.47
4857_1_1_1	4857_1_1_1	4857_1_1_1	3000854.0	3000854.0	0.0	moderate	4857_1_1_1	122.0	7.0	0.0	0.57
4858_1_1_1	4858_1_1_1	4858_1_1_1	3000591.424732623	3000591.424732623	0.0	moderate	4858_1_1_1	99.0	6.0	2.5752673767	2.75
4860_1_1_1	4860_1_1_1	4860_1_1_1	3000823.18548326	3000823.18548326	0.0	moderate	4860_1_1_1	118.0	7.0	2.8145167398	1.46
4863_1_1_1	4863_1_1_1	4863_1_1_1	3000540.0	3000540.0	0.0	moderate	4863_1_1_1	90.0	6.0	0.0	3.06
4869_1_1_1	17855_1_1_1	17855_1_1_1	3000634.1398422653	3000634.1398422653	0.0	moderate	17855_1_1_1	91.0	7.0	2.8601577347	0.22
4869_1_1_1	4869_1_1_1	17855_1_1_1	3000474.0	3000634.1398422653	160.13984226528555	moderate	4869_1_1_1	79.0	6.0	0.0	3.02
4871_1_1_1	4871_1_1_1	4871_1_1_1	3001166.323933914	3001166.323933914	0.0	moderate	4871_1_1_1	167.0	7.0	2.6760660863	0.95
4874_1_1_1	4874_1_1_1	4874_1_1_1	3000512.952806749	3000512.952806749	0.0	moderate	4874_1_1_1	103.0	5.0	2.0471932509	0.67
4878_1_1_1	4878_1_1_1	4878_1_1_1	3000588.0	3000588.0	0.0	moderate	4878_1_1_1	98.0	6.0	0.0	0.66
4880_1_1_1	4880_1_1_1	4880_1_1_1	3000742.0	3000742.0	0.0	moderate	4880_1_1_1	106.0	7.0	0.0	0.66
4885_1_1_1	4885_1_1_1	4885_1_1_1	3000640.0	3000640.0	0.0	moderate	4885_1_1_1	128.0	5.0	0.0	0.84
4886_1_1_1	4886_1_1_1	4886_1_1_1	3000580.0	3000580.0	0.0	moderate	4886_1_1_1	145.0	4.0	0.0	0.0
4896_1_1_1	4896_1_1_1	4896_1_1_1	3000861.0	3000861.0	0.0	moderate	4896_1_1_1	123.0	7.0	0.0	0.99
4897_1_1_1	4897_1_1_1	4897_1_1_1	3000980.0	3000980.0	0.0	moderate	4897_1_1_1	196.0	5.0	0.0	0.85
4899_1_1_1	4899_1_1_1	4899_1_1_1	3000342.0	3000342.0	0.0	moderate	4899_1_1_1	57.0	6.0	0.0	2.82
4901_1_1_1	4901_1_1_1	4901_1_1_1	3000612.0	3000612.0	0.0	moderate	4901_1_1_1	102.0	6.0	0.0	1.15
4902_1_1_1	4902_1_1_1	4902_1_1_1	3000686.0	3000686.0	0.0	moderate	4902_1_1_1	98.0	7.0	0.0	0.19
4906_1_1_1	4906_1_1_1	4906_1_1_1	3000273.0	3000273.0	0.0	moderate	4906_1_1_1	39.0	7.0	0.0	2.36
4918_1_1_1	4918_1_1_1	4918_1_1_1	3000464.0	3000464.0	0.0	moderate	4918_1_1_1	116.0	4.0	0.0	0.0
4919_1_1_1	4919_1_1_1	4919_1_1_1	3000780.0	3000780.0	0.0	moderate	4919_1_1_1	130.0	6.0	0.0	0.0
4921_1_1_1	4921_1_1_1	4921_1_1_1	3000072.0	3000072.0	0.0	moderate	4921_1_1_1	24.0	3.0	0.0	0.0
4923_1_1_1	4923_1_1_1	4923_1_1_1	3000123.10390967	3000123.10390967	0.0	moderate	4923_1_1_1	42.0	3.0	2.8960903303	0.0
4927_1_1_1	4927_1_1_1	4927_1_1_1	3000693.0	3000693.0	0.0	moderate	4927_1_1_1	99.0	7.0	0.0	0.83
4929_1_1_1	4929_1_1_1	4929_1_1_1	3000784.0	3000784.0	0.0	moderate	4929_1_1_1	112.0	7.0	0.0	1.18
4933_1_1_1	4933_1_1_1	4933_1_1_1	3000228.0	3000228.0	0.0	moderate	4933_1_1_1	57.0	4.0	0.0	0.0
4933_1_1_1	4930_1_1_1	4933_1_1_1	3000228.0	3000228.0	0.0	moderate	4930_1_1_1	57.0	4.0	0.0	0.0
4937_1_1_1	4937_1_1_1	4937_1_1_1	3000069.0	3000069.0	0.0	moderate	4937_1_1_1	23.0	3.0	0.0	0.0
4938_1_1_1	4938_1_1_1	4938_1_1_1	3000907.299698825	3000907.299698825	0.0	moderate	4938_1_1_1	130.0	7.0	2.7003011748	1.54
4940_1_1_1	4940_1_1_1	4940_1_1_1	3000791.0	3000791.0	0.0	moderate	4940_1_1_1	113.0	7.0	0.0	0.92
4941_1_1_1	4941_1_1_1	4941_1_1_1	3000513.311665571	3000513.311665571	0.0	moderate	4941_1_1_1	86.0	6.0	2.6883344291	1.0
4944_1_1_1	6563_1_1_1	6563_1_1_1	3000959.0	3000959.0	0.0	moderate	6563_1_1_1	137.0	7.0	0.0	1.1
4944_1_1_1	4944_1_1_1	6563_1_1_1	3000762.0	3000959.0	197.0	moderate	4944_1_1_1	127.0	6.0	0.0	1.66
4946_1_1_1	5343_1_1_1	5343_1_1_1	3000784.0	3000784.0	0.0	moderate	5343_1_1_1	112.0	7.0	0.0	0.57
4946_1_1_1	1766_1_1_1	5343_1_1_1	3000333.0	3000784.0	451.0	moderate	1766_1_1_1	111.0	3.0	0.0	0.0
4946_1_1_1	695_1_1_1	5343_1_1_1	3000330.0	3000784.0	454.0	moderate	695_1_1_1	110.0	3.0	0.0	0.0
4946_1_1_1	4946_1_1_1	5343_1_1_1	3000324.0	3000784.0	460.0	moderate	4946_1_1_1	108.0	3.0	0.0	0.0
4952_1_1_1	4952_1_1_1	4952_1_1_1	3000651.0	3000651.0	0.0	moderate	4952_1_1_1	93.0	7.0	0.0	2.31
4953_1_1_1	4953_1_1_1	4953_1_1_1	3000693.0	3000693.0	0.0	moderate	4953_1_1_1	99.0	7.0	0.0	4.12
4955_1_1_1	4955_1_1_1	4955_1_1_1	3000721.0	3000721.0	0.0	moderate	4955_1_1_1	103.0	7.0	0.0	0.14
4956_1_1_1	4956_1_1_1	4956_1_1_1	3000775.0	3000775.0	0.0	moderate	4956_1_1_1	155.0	5.0	0.0	0.0
4957_1_1_1	4957_1_1_1	4957_1_1_1	3000651.0	3000651.0	0.0	moderate	4957_1_1_1	93.0	7.0	0.0	1.06
4958_1_1_1	4958_1_1_1	4958_1_1_1	3000616.0	3000616.0	0.0	moderate	4958_1_1_1	88.0	7.0	0.0	0.41
4959_1_1_1	4959_1_1_1	4959_1_1_1	3000970.964034488	3000970.964034488	0.0	moderate	4959_1_1_1	139.0	7.0	2.0359655119	2.2
4967_1_1_1	4967_1_1_1	4967_1_1_1	3000416.0	3000416.0	0.0	moderate	4967_1_1_1	104.0	4.0	0.0	0.68
4971_1_1_1	4351_1_1_1	4351_1_1_1	3000135.0	3000135.0	0.0	moderate	4351_1_1_1	27.0	5.0	0.0	0.0
4971_1_1_1	4971_1_1_1	4351_1_1_1	3000130.0	3000135.0	5.0	moderate	4971_1_1_1	26.0	5.0	0.0	0.0
4971_1_1_1	4656_1_1_1	4351_1_1_1	3000087.0	3000135.0	48.0	moderate	4656_1_1_1	29.0	3.0	0.0	0.0
4972_1_1_1	4972_1_1_1	4972_1_1_1	3000588.0	3000588.0	0.0	moderate	4972_1_1_1	84.0	7.0	0.0	0.7
4981_1_1_1	4981_1_1_1	4981_1_1_1	3000588.0	3000588.0	0.0	moderate	4981_1_1_1	84.0	7.0	0.0	0.82
4984_1_1_1	4984_1_1_1	4984_1_1_1	3001036.0	3001036.0	0.0	moderate	4984_1_1_1	148.0	7.0	0.0	2.8
4988_1_1_1	4988_1_1_1	4988_1_1_1	3000105.0	3000105.0	0.0	moderate	4988_1_1_1	35.0	3.0	0.0	0.0
4991_1_1_1	4991_1_1_1	4991_1_1_1	3000450.0	3000450.0	0.0	moderate	4991_1_1_1	75.0	6.0	0.0	0.56
4996_1_1_1	4996_1_1_1	4996_1_1_1	3000553.0	3000553.0	0.0	moderate	4996_1_1_1	79.0	7.0	0.0	0.81
4999_1_1_1	4999_1_1_1	4999_1_1_1	3000718.2943881783	3000718.2943881783	0.0	moderate	4999_1_1_1	103.0	7.0	2.7056118217	1.06
50007_2_1_1	50007_2_1_1	50007_2_1_1	3000488.068312887	3000488.068312887	0.0	moderate	50007_2_1_1	70.0	7.0	1.931687113	0.58
50009_1_1_1	50009_1_1_1	50009_1_1_1	3000981.0257165143	3000981.0257165143	0.0	moderate	50009_1_1_1	164.0	6.0	2.9742834857	1.01
5000_1_1_1	5552_1_1_1	5552_1_1_1	3000810.0	3000810.0	0.0	moderate	5552_1_1_1	135.0	6.0	0.0	1.28
5000_1_1_1	5000_1_1_1	5552_1_1_1	3000696.0	3000810.0	114.0	moderate	5000_1_1_1	116.0	6.0	0.0	1.03
50022_1_1_1	50022_1_1_1	50022_1_1_1	4000716.0	4000716.0	0.0	strict	50022_1_1_1	179.0	4.0	0.0	1.99
50025_1_1_1	50025_1_1_1	50025_1_1_1	4000760.0	4000760.0	0.0	strict	50025_1_1_1	152.0	5.0	0.0	0.52
50027_1_1_1	50027_1_1_1	50027_1_1_1	4000287.0	4000287.0	0.0	strict	50027_1_1_1	41.0	7.0	0.0	3.18
50028_1_1_1	50028_1_1_1	50028_1_1_1	4000294.0	4000294.0	0.0	strict	50028_1_1_1	42.0	7.0	0.0	0.4
50028_1_1_1	30503_1_1_1	50028_1_1_1	4000196.0	4000294.0	98.0	strict	30503_1_1_1	49.0	4.0	0.0	0.0
50035_1_1_1	50035_1_1_1	50035_1_1_1	3000452.0	3000452.0	0.0	moderate	50035_1_1_1	113.0	4.0	0.0	0.74
5004_1_1_1	5004_1_1_1	5004_1_1_1	3000777.0	3000777.0	0.0	moderate	5004_1_1_1	111.0	7.0	0.0	0.73
5004_1_1_1	4843_1_1_1	5004_1_1_1	3000777.0	3000777.0	0.0	moderate	4843_1_1_1	111.0	7.0	0.0	0.53
50080_1_1_1	50080_1_1_1	50080_1_1_1	4000635.0	4000635.0	0.0	strict	50080_1_1_1	127.0	5.0	0.0	0.74
50084_1_1_1	50084_1_1_1	50084_1_1_1	4000805.0	4000805.0	0.0	strict	50084_1_1_1	115.0	7.0	0.0	0.16
50084_1_1_1	5013_1_1_1	50084_1_1_1	3000812.0	4000805.0	999993.0	moderate	5013_1_1_1	116.0	7.0	0.0	0.26
50091_1_1_1	50091_1_1_1	50091_1_1_1	4000575.0	4000575.0	0.0	strict	50091_1_1_1	115.0	5.0	0.0	0.67
50094_1_1_1	50094_1_1_1	50094_1_1_1	4000970.0	4000970.0	0.0	strict	50094_1_1_1	194.0	5.0	0.0	1.13
5009_1_1_1	5009_1_1_1	5009_1_1_1	3000777.0	3000777.0	0.0	moderate	5009_1_1_1	111.0	7.0	0.0	0.3
5009_1_1_1	5008_1_1_1	5009_1_1_1	3000470.0	3000777.0	307.0	moderate	5008_1_1_1	94.0	5.0	0.0	0.66
50107_1_1_1	50107_1_1_1	50107_1_1_1	3001122.0	3001122.0	0.0	moderate	50107_1_1_1	187.0	6.0	0.0	1.17
50114_1_1_1	50114_1_1_1	50114_1_1_1	3000623.0	3000623.0	0.0	moderate	50114_1_1_1	89.0	7.0	0.0	0.14
50124_1_1_1	50124_1_1_1	50124_1_1_1	3001187.200325027	3001187.200325027	0.0	moderate	50124_1_1_1	170.0	7.0	2.7996749729	0.91
5012_1_1_1	5012_1_1_1	5012_1_1_1	3000272.0	3000272.0	0.0	moderate	5012_1_1_1	68.0	4.0	0.0	0.0
50139_1_1_1	50139_1_1_1	50139_1_1_1	4001250.0	4001250.0	0.0	strict	50139_1_1_1	250.0	5.0	0.0	0.48
50148_1_1_1	50148_1_1_1	50148_1_1_1	4000585.0	4000585.0	0.0	strict	50148_1_1_1	117.0	5.0	0.0	0.86
50148_1_1_1	50143_1_1_1	50148_1_1_1	4000532.0	4000585.0	53.0	strict	50143_1_1_1	133.0	4.0	0.0	0.83
50148_1_1_1	52788_1_1_1	50148_1_1_1	4000528.0	4000585.0	57.0	strict	52788_1_1_1	132.0	4.0	0.0	0.53
50148_1_1_1	52787_1_1_1	50148_1_1_1	4000504.0	4000585.0	81.0	strict	52787_1_1_1	126.0	4.0	0.0	0.74
50148_1_1_1	52785_1_1_1	50148_1_1_1	4000504.0	4000585.0	81.0	strict	52785_1_1_1	126.0	4.0	0.0	0.8
50148_1_1_1	52786_1_1_1	50148_1_1_1	4000504.0	4000585.0	81.0	strict	52786_1_1_1	126.0	4.0	0.0	0.69
50148_1_1_1	50801_1_1_1	50148_1_1_1	3000600.0	4000585.0	999985.0	moderate	50801_1_1_1	120.0	5.0	0.0	0.21
50148_1_1_1	50145_1_1_1	50148_1_1_1	3000446.7902977173	4000585.0	1000138.2097022827	moderate	50145_1_1_1	112.0	4.0	1.2097022829	0.27
50151_1_1_1	50151_1_1_1	50151_1_1_1	3000325.0	3000325.0	0.0	moderate	50151_1_1_1	65.0	5.0	0.0	0.83
50153_1_1_1	50153_1_1_1	50153_1_1_1	3000238.0	3000238.0	0.0	moderate	50153_1_1_1	34.0	7.0	0.0	2.62
50156_1_1_1	50156_1_1_1	50156_1_1_1	3000720.0	3000720.0	0.0	moderate	50156_1_1_1	144.0	5.0	0.0	1.99
50157_1_1_1	50157_1_1_1	50157_1_1_1	3001167.832648554	3001167.832648554	0.0	moderate	50157_1_1_1	195.0	6.0	2.1673514463	1.04
50158_1_1_1	50158_1_1_1	50158_1_1_1	3001540.0	3001540.0	0.0	moderate	50158_1_1_1	308.0	5.0	0.0	0.66
50159_1_1_1	50159_1_1_1	50159_1_1_1	4000234.0	4000234.0	0.0	strict	50159_1_1_1	39.0	6.0	0.0	0.63
50159_1_1_1	30761_1_1_1	50159_1_1_1	4000234.0	4000234.0	0.0	strict	30761_1_1_1	39.0	6.0	0.0	0.52
50159_1_1_1	6056_1_1_1	50159_1_1_1	3000099.0	4000234.0	1000135.0	moderate	6056_1_1_1	33.0	3.0	0.0	0.0
50166_1_1_1	50166_1_1_1	50166_1_1_1	4001043.0	4001043.0	0.0	strict	50166_1_1_1	149.0	7.0	0.0	1.33
50167_1_1_1	52635_1_1_1	52635_1_1_1	4000796.5648909863	4000796.5648909863	0.0	strict	52635_1_1_1	114.0	7.0	1.4351090138	0.37
50167_1_1_1	50167_1_1_1	52635_1_1_1	4000714.0	4000796.5648909863	82.56489098630846	strict	50167_1_1_1	102.0	7.0	0.0	0.37
50167_1_1_1	52098_1_1_1	52635_1_1_1	3000530.0	4000796.5648909863	1000266.5648909863	moderate	52098_1_1_1	106.0	5.0	0.0	2.72
50167_1_1_1	52091_1_1_1	52635_1_1_1	3000525.0	4000796.5648909863	1000271.5648909863	moderate	52091_1_1_1	105.0	5.0	0.0	0.08
50167_1_1_1	52065_1_1_1	52635_1_1_1	3000518.107863609	4000796.5648909863	1000278.4570273771	moderate	52065_1_1_1	104.0	5.0	1.8921363909	0.28
50167_1_1_1	51997_1_1_1	52635_1_1_1	3000517.679347835	4000796.5648909863	1000278.8855431513	moderate	51997_1_1_1	104.0	5.0	2.3206521651	0.5
50167_1_1_1	52286_1_1_1	52635_1_1_1	3000441.534826424	4000796.5648909863	1000355.0300645623	moderate	52286_1_1_1	111.0	4.0	2.4651735761	0.31
50188_1_1_1	50188_1_1_1	50188_1_1_1	3001001.358791635	3001001.358791635	0.0	moderate	50188_1_1_1	251.0	4.0	2.6412083653	1.4
5018_1_1_1	5018_1_1_1	5018_1_1_1	3000728.0	3000728.0	0.0	moderate	5018_1_1_1	104.0	7.0	0.0	0.19
5019_1_1_1	5019_1_1_1	5019_1_1_1	3000916.795416606	3000916.795416606	0.0	moderate	5019_1_1_1	153.0	6.0	1.2045833938	0.42
50210_1_1_1	50210_1_1_1	50210_1_1_1	3000985.0	3000985.0	0.0	moderate	50210_1_1_1	197.0	5.0	0.0	0.98
50216_1_1_1	50216_1_1_1	50216_1_1_1	4000610.5064499695	4000610.5064499695	0.0	strict	50216_1_1_1	102.0	6.0	1.4935500305	0.16
50218_1_1_1	50218_1_1_1	50218_1_1_1	3000508.005295761	3000508.005295761	0.0	moderate	50218_1_1_1	73.0	7.0	2.994704239	1.44
50219_1_1_1	50219_1_1_1	50219_1_1_1	3000518.0	3000518.0	0.0	moderate	50219_1_1_1	74.0	7.0	0.0	0.99
50235_1_1_1	50235_1_1_1	50235_1_1_1	4000455.0	4000455.0	0.0	strict	50235_1_1_1	91.0	5.0	0.0	0.18
50256_1_1_1	50256_1_1_1	50256_1_1_1	3002679.3248237907	3002679.3248237907	0.0	moderate	50256_1_1_1	447.0	6.0	2.6751762094	1.3
50261_1_1_1	50261_1_1_1	50261_1_1_1	3000975.0	3000975.0	0.0	moderate	50261_1_1_1	195.0	5.0	0.0	0.43
50264_1_1_1	50263_1_1_1	50263_1_1_1	3000185.0	3000185.0	0.0	moderate	50263_1_1_1	37.0	5.0	0.0	0.4
50264_1_1_1	50264_1_1_1	50263_1_1_1	3000175.0	3000185.0	10.0	moderate	50264_1_1_1	35.0	5.0	0.0	1.53
50270_1_1_1	50270_1_1_1	50270_1_1_1	3001260.0	3001260.0	0.0	moderate	50270_1_1_1	210.0	6.0	0.0	0.56
5027_1_1_1	5027_1_1_1	5027_1_1_1	3000644.0	3000644.0	0.0	moderate	5027_1_1_1	92.0	7.0	0.0	0.8
50298_1_1_1	50298_1_1_1	50298_1_1_1	3000595.0	3000595.0	0.0	moderate	50298_1_1_1	85.0	7.0	0.0	0.37
50299_1_1_1	50299_1_1_1	50299_1_1_1	4000594.0	4000594.0	0.0	strict	50299_1_1_1	99.0	6.0	0.0	0.0
50299_1_1_1	15882_1_1_1	50299_1_1_1	3000404.0	4000594.0	1000190.0	moderate	15882_1_1_1	101.0	4.0	0.0	1.09
50300_1_1_1	50300_1_1_1	50300_1_1_1	4000730.0	4000730.0	0.0	strict	50300_1_1_1	146.0	5.0	0.0	1.31
50308_1_1_1	50308_1_1_1	50308_1_1_1	3000468.0	3000468.0	0.0	moderate	50308_1_1_1	117.0	4.0	0.0	0.87
50309_1_1_1	50309_1_1_1	50309_1_1_1	4000497.0	4000497.0	0.0	strict	50309_1_1_1	71.0	7.0	0.0	3.46
5030_1_1_1	5030_1_1_1	5030_1_1_1	3000847.0	3000847.0	0.0	moderate	5030_1_1_1	121.0	7.0	0.0	0.25
5031_1_1_1	5031_1_1_1	5031_1_1_1	3000931.0	3000931.0	0.0	moderate	5031_1_1_1	133.0	7.0	0.0	0.76
50324_1_1_1	50324_1_1_1	50324_1_1_1	3000430.0	3000430.0	0.0	moderate	50324_1_1_1	86.0	5.0	0.0	1.17
50325_1_1_1	50325_1_1_1	50325_1_1_1	3000495.0	3000495.0	0.0	moderate	50325_1_1_1	99.0	5.0	0.0	0.66
50338_1_1_1	50338_1_1_1	50338_1_1_1	3000945.0	3000945.0	0.0	moderate	50338_1_1_1	135.0	7.0	0.0	0.78
5033_1_1_1	5033_1_1_1	5033_1_1_1	3000126.0	3000126.0	0.0	moderate	5033_1_1_1	42.0	3.0	0.0	0.0
5033_1_1_1	4976_1_1_1	5033_1_1_1	3000126.0	3000126.0	0.0	moderate	4976_1_1_1	42.0	3.0	0.0	0.0
50355_1_1_1	50355_1_1_1	50355_1_1_1	4001323.0	4001323.0	0.0	strict	50355_1_1_1	189.0	7.0	0.0	0.97
50356_1_1_1	50356_1_1_1	50356_1_1_1	4001659.0	4001659.0	0.0	strict	50356_1_1_1	237.0	7.0	0.0	0.58
50359_1_1_1	50359_1_1_1	50359_1_1_1	3000562.2154806126	3000562.2154806126	0.0	moderate	50359_1_1_1	113.0	5.0	2.7845193872	1.68
50360_1_1_1	50360_1_1_1	50360_1_1_1	4001020.2939668903	4001020.2939668903	0.0	strict	50360_1_1_1	146.0	7.0	1.7060331099	0.79
50360_1_1_1	50328_1_1_1	50360_1_1_1	3000577.245377621	4001020.2939668903	1000443.0485892692	moderate	50328_1_1_1	116.0	5.0	2.7546223788	1.1
50361_1_1_1	50361_1_1_1	50361_1_1_1	3000945.0	3000945.0	0.0	moderate	50361_1_1_1	135.0	7.0	0.0	0.3
50368_1_1_1	50368_1_1_1	50368_1_1_1	4000530.0	4000530.0	0.0	strict	50368_1_1_1	106.0	5.0	0.0	0.94
50368_1_1_1	50366_1_1_1	50368_1_1_1	4000505.0	4000530.0	25.0	strict	50366_1_1_1	101.0	5.0	0.0	1.05
50368_1_1_1	26803_1_1_1	50368_1_1_1	3000465.0	4000530.0	1000065.0	moderate	26803_1_1_1	93.0	5.0	0.0	1.06
50389_1_1_1	50389_1_1_1	50389_1_1_1	4000995.0	4000995.0	0.0	strict	50389_1_1_1	199.0	5.0	0.0	0.53
50391_1_1_1	34534_1_1_1	34534_1_1_1	3000999.396311583	3000999.396311583	0.0	moderate	34534_1_1_1	167.0	6.0	2.6036884171	1.32
50391_1_1_1	50391_1_1_1	34534_1_1_1	3000999.393051429	3000999.396311583	0.0032601538114249706	moderate	50391_1_1_1	167.0	6.0	2.6069485709	1.13
50398_1_1_1	4675_1_1_1	4675_1_1_1	3000922.506015122	3000922.506015122	0.0	moderate	4675_1_1_1	132.0	7.0	1.4939848782	0.64
50398_1_1_1	50398_1_1_1	4675_1_1_1	3000711.378851855	3000922.506015122	211.1271632667631	moderate	50398_1_1_1	119.0	6.0	2.621148145	0.37
50398_1_1_1	26346_1_1_1	4675_1_1_1	3000703.0604317547	3000922.506015122	219.44558336725459	moderate	26346_1_1_1	141.0	5.0	1.9395682453	0.91
50398_1_1_1	15939_1_1_1	4675_1_1_1	3000697.3916674065	3000922.506015122	225.11434771539643	moderate	15939_1_1_1	100.0	7.0	2.6083325935	0.41
50398_1_1_1	19398_1_1_1	4675_1_1_1	3000690.8112695357	3000922.506015122	231.6947455862537	moderate	19398_1_1_1	99.0	7.0	2.1887304643	0.47
50398_1_1_1	26347_1_1_1	4675_1_1_1	3000688.5066555743	3000922.506015122	233.99935954762623	moderate	26347_1_1_1	138.0	5.0	1.4933444258	0.66
50401_1_1_1	50401_1_1_1	50401_1_1_1	4000138.5713746394	4000138.5713746394	0.0	strict	50401_1_1_1	35.0	4.0	1.4286253606	0.0
50402_1_1_1	50259_1_1_1	50259_1_1_1	3000162.1707719527	3000162.1707719527	0.0	moderate	50259_1_1_1	33.0	5.0	2.8292280472	3.11
50402_1_1_1	50402_1_1_1	50259_1_1_1	3000133.943096866	3000162.1707719527	28.227675086818635	moderate	50402_1_1_1	34.0	4.0	2.0569031342	1.04
50403_1_1_1	50403_1_1_1	50403_1_1_1	3000618.142241376	3000618.142241376	0.0	moderate	50403_1_1_1	124.0	5.0	1.8577586242	0.74
5041_1_1_1	5041_1_1_1	5041_1_1_1	3000595.0	3000595.0	0.0	moderate	5041_1_1_1	85.0	7.0	0.0	0.54
50422_1_1_1	50422_1_1_1	50422_1_1_1	4001211.0	4001211.0	0.0	strict	50422_1_1_1	173.0	7.0	0.0	1.65
50422_1_1_1	50387_1_1_1	50422_1_1_1	3000855.0	4001211.0	1000356.0	moderate	50387_1_1_1	171.0	5.0	0.0	1.34
50422_1_1_1	50993_1_1_1	50422_1_1_1	3000845.0	4001211.0	1000366.0	moderate	50993_1_1_1	169.0	5.0	0.0	1.19
50425_1_1_1	50425_1_1_1	50425_1_1_1	3000712.631305731	3000712.631305731	0.0	moderate	50425_1_1_1	143.0	5.0	2.368694269	0.78
5043_1_1_1	5043_1_1_1	5043_1_1_1	3000162.0	3000162.0	0.0	moderate	5043_1_1_1	54.0	3.0	0.0	0.0
50443_1_1_1	36426_1_1_1	36426_1_1_1	3000802.514361609	3000802.514361609	0.0	moderate	36426_1_1_1	115.0	7.0	2.4856383911	0.97
50443_1_1_1	50443_1_1_1	36426_1_1_1	3000795.4811156066	3000802.514361609	7.033246002160013	moderate	50443_1_1_1	114.0	7.0	2.5188843933	0.97
50445_1_1_1	50445_1_1_1	50445_1_1_1	4001025.0	4001025.0	0.0	strict	50445_1_1_1	205.0	5.0	0.0	1.78
50447_1_1_1	50447_1_1_1	50447_1_1_1	3001222.4715072927	3001222.4715072927	0.0	moderate	50447_1_1_1	245.0	5.0	2.5284927073	0.43
5044_1_1_1	5044_1_1_1	5044_1_1_1	3000618.0	3000618.0	0.0	moderate	5044_1_1_1	103.0	6.0	0.0	1.77
50450_1_1_1	50450_1_1_1	50450_1_1_1	3000375.0	3000375.0	0.0	moderate	50450_1_1_1	75.0	5.0	0.0	3.39
50451_1_1_1	50451_1_1_1	50451_1_1_1	3000248.0	3000248.0	0.0	moderate	50451_1_1_1	62.0	4.0	0.0	1.43
50453_1_1_1	50453_1_1_1	50453_1_1_1	3001239.0	3001239.0	0.0	moderate	50453_1_1_1	177.0	7.0	0.0	3.18
50454_1_1_1	50454_1_1_1	50454_1_1_1	4001392.0	4001392.0	0.0	strict	50454_1_1_1	348.0	4.0	0.0	0.99
50469_1_1_1	50469_1_1_1	50469_1_1_1	3000739.659636512	3000739.659636512	0.0	moderate	50469_1_1_1	106.0	7.0	2.340363488	0.87
50470_1_1_1	50470_1_1_1	50470_1_1_1	3001257.715812197	3001257.715812197	0.0	moderate	50470_1_1_1	252.0	5.0	2.2841878032	1.3
5047_1_1_1	5047_1_1_1	5047_1_1_1	3000392.0	3000392.0	0.0	moderate	5047_1_1_1	98.0	4.0	0.0	0.0
50484_1_1_1	50484_1_1_1	50484_1_1_1	4000721.0	4000721.0	0.0	strict	50484_1_1_1	103.0	7.0	0.0	1.68
50484_1_1_1	5308_1_1_1	50484_1_1_1	3000728.0	4000721.0	999993.0	moderate	5308_1_1_1	104.0	7.0	0.0	0.67
50484_1_1_1	16850_1_2_1	50484_1_1_1	3000594.0	4000721.0	1000127.0	moderate	16850_1_2_1	99.0	6.0	0.0	1.7
50484_1_1_1	257_1_1_1	50484_1_1_1	3000306.0	4000721.0	1000415.0	moderate	257_1_1_1	102.0	3.0	0.0	0.0
50484_1_1_1	256_1_1_1	50484_1_1_1	3000300.0	4000721.0	1000421.0	moderate	256_1_1_1	100.0	3.0	0.0	0.0
50490_1_1_1	50490_1_1_1	50490_1_1_1	3000145.0	3000145.0	0.0	moderate	50490_1_1_1	29.0	5.0	0.0	0.09
5049_1_1_1	5049_1_1_1	5049_1_1_1	3001407.0	3001407.0	0.0	moderate	5049_1_1_1	201.0	7.0	0.0	1.46
50516_1_1_1	15618_1_1_1	15618_1_1_1	4000889.0	4000889.0	0.0	strict	15618_1_1_1	127.0	7.0	0.0	0.9
50516_1_1_1	50516_1_1_1	15618_1_1_1	4000882.0	4000889.0	7.0	strict	50516_1_1_1	126.0	7.0	0.0	1.15
50517_1_1_1	16008_1_1_1	16008_1_1_1	4000455.0	4000455.0	0.0	strict	16008_1_1_1	65.0	7.0	0.0	1.05
50517_1_1_1	50517_1_1_1	16008_1_1_1	4000448.0	4000455.0	7.0	strict	50517_1_1_1	64.0	7.0	0.0	1.58
50518_1_1_1	15511_1_1_1	15511_1_1_1	4000702.0	4000702.0	0.0	strict	15511_1_1_1	117.0	6.0	0.0	0.7
50518_1_1_1	50518_1_1_1	15511_1_1_1	4000600.0	4000702.0	102.0	strict	50518_1_1_1	120.0	5.0	0.0	2.57
5051_1_1_1	5051_1_1_1	5051_1_1_1	3001128.0	3001128.0	0.0	moderate	5051_1_1_1	188.0	6.0	0.0	0.88
50539_1_1_1	50539_1_1_1	50539_1_1_1	3000256.0	3000256.0	0.0	moderate	50539_1_1_1	64.0	4.0	0.0	0.98
5053_1_1_1	5053_1_1_1	5053_1_1_1	3000532.86268743	3000532.86268743	0.0	moderate	5053_1_1_1	89.0	6.0	1.1373125699	0.99
50543_1_1_1	50543_1_1_1	50543_1_1_1	4000384.0	4000384.0	0.0	strict	50543_1_1_1	64.0	6.0	0.0	1.72
50545_1_1_1	27034_1_1_1	27034_1_1_1	3000844.10103146	3000844.10103146	0.0	moderate	27034_1_1_1	121.0	7.0	2.8989685403	1.14
50545_1_1_1	50545_1_1_1	27034_1_1_1	3000487.4874995616	3000844.10103146	356.6135318982415	moderate	50545_1_1_1	98.0	5.0	2.5125004385	1.2
50546_1_1_1	50546_1_1_1	50546_1_1_1	3001280.0	3001280.0	0.0	moderate	50546_1_1_1	256.0	5.0	0.0	0.66
50557_1_1_1	50557_1_1_1	50557_1_1_1	4000326.138347876	4000326.138347876	0.0	strict	50557_1_1_1	82.0	4.0	1.861652124	0.0
50574_1_1_1	50574_1_1_1	50574_1_1_1	3000882.0	3000882.0	0.0	moderate	50574_1_1_1	147.0	6.0	0.0	0.45
50588_1_1_1	50588_1_1_1	50588_1_1_1	4000511.0	4000511.0	0.0	strict	50588_1_1_1	73.0	7.0	0.0	1.57
50594_1_1_1	50594_1_1_1	50594_1_1_1	3000711.3581816936	3000711.3581816936	0.0	moderate	50594_1_1_1	102.0	7.0	2.6418183064	0.96
50596_1_1_1	50596_1_1_1	50596_1_1_1	3001397.453902192	3001397.453902192	0.0	moderate	50596_1_1_1	200.0	7.0	2.5460978082	0.37
5059_1_1_1	5060_1_1_1	5060_1_1_1	3000599.699676322	3000599.699676322	0.0	moderate	5060_1_1_1	86.0	7.0	2.3003236786	1.15
5059_1_1_1	5059_1_1_1	5060_1_1_1	3000390.0	3000599.699676322	209.69967632181942	moderate	5059_1_1_1	65.0	6.0	0.0	2.85
50602_1_1_1	50602_1_1_1	50602_1_1_1	3000575.0	3000575.0	0.0	moderate	50602_1_1_1	115.0	5.0	0.0	1.09
5061_1_1_1	5061_1_1_1	5061_1_1_1	3000767.0348876077	3000767.0348876077	0.0	moderate	5061_1_1_1	110.0	7.0	2.9651123925	1.16
5061_1_1_1	17880_1_1_1	5061_1_1_1	3000696.0	3000767.0348876077	71.03488760767505	moderate	17880_1_1_1	116.0	6.0	0.0	0.94
50629_1_1_1	50629_1_1_1	50629_1_1_1	3000113.058073237	3000113.058073237	0.0	moderate	50629_1_1_1	23.0	5.0	1.9419267631	0.0
50631_1_1_1	50631_1_1_1	50631_1_1_1	3000120.0	3000120.0	0.0	moderate	50631_1_1_1	24.0	5.0	0.0	0.0
50632_1_1_1	50632_1_1_1	50632_1_1_1	3000120.0	3000120.0	0.0	moderate	50632_1_1_1	24.0	5.0	0.0	0.21
50638_1_1_1	50638_1_1_1	50638_1_1_1	3000424.531614763	3000424.531614763	0.0	moderate	50638_1_1_1	61.0	7.0	2.4683852367	0.89
50642_1_1_1	5960_1_1_1	5960_1_1_1	3000908.686238336	3000908.686238336	0.0	moderate	5960_1_1_1	130.0	7.0	1.3137616639	0.18
50642_1_1_1	7250_1_1_1	5960_1_1_1	3000772.445437391	3000908.686238336	136.24080094508827	moderate	7250_1_1_1	129.0	6.0	1.5545626093	2.53
50642_1_1_1	50642_1_1_1	5960_1_1_1	3000381.0	3000908.686238336	527.6862383359112	moderate	50642_1_1_1	127.0	3.0	0.0	0.0
50642_1_1_1	50640_1_1_1	5960_1_1_1	3000372.0	3000908.686238336	536.6862383359112	moderate	50640_1_1_1	124.0	3.0	0.0	0.0
50642_1_1_1	50643_1_1_1	5960_1_1_1	3000355.756997619	3000908.686238336	552.9292407170869	moderate	50643_1_1_1	119.0	3.0	1.2430023812	0.0
50650_1_1_1	18197_1_1_1	18197_1_1_1	4000861.0	4000861.0	0.0	strict	18197_1_1_1	123.0	7.0	0.0	0.7
50650_1_1_1	50650_1_1_1	18197_1_1_1	4000678.0	4000861.0	183.0	strict	50650_1_1_1	113.0	6.0	0.0	1.32
50650_1_1_1	6279_1_1_1	18197_1_1_1	3000826.0	4000861.0	1000035.0	moderate	6279_1_1_1	118.0	7.0	0.0	0.34
50650_1_1_1	26748_1_1_1	18197_1_1_1	3000805.0	4000861.0	1000056.0	moderate	26748_1_1_1	115.0	7.0	0.0	1.16
50676_1_1_1	50676_1_1_1	50676_1_1_1	4001572.0	4001572.0	0.0	strict	50676_1_1_1	262.0	6.0	0.0	0.73
50683_1_1_1	50683_1_1_1	50683_1_1_1	4000287.0	4000287.0	0.0	strict	50683_1_1_1	41.0	7.0	0.0	0.59
50689_1_1_1	50689_1_1_1	50689_1_1_1	3001290.0	3001290.0	0.0	moderate	50689_1_1_1	258.0	5.0	0.0	1.36
50691_1_1_1	50691_1_1_1	50691_1_1_1	4000846.0	4000846.0	0.0	strict	50691_1_1_1	141.0	6.0	0.0	2.59
50698_1_1_1	34249_1_1_1	34249_1_1_1	4000624.0	4000624.0	0.0	strict	34249_1_1_1	104.0	6.0	0.0	1.47
50698_1_1_1	50698_1_1_1	34249_1_1_1	4000384.0	4000624.0	240.0	strict	50698_1_1_1	96.0	4.0	0.0	1.95
50707_1_1_1	50707_1_1_1	50707_1_1_1	4001615.0	4001615.0	0.0	strict	50707_1_1_1	323.0	5.0	0.0	1.22
50710_3_1_1	50710_3_1_1	50710_3_1_1	3000109.9155459334	3000109.9155459334	0.0	moderate	50710_3_1_1	28.0	4.0	2.0844540666	0.0
50711_1_1_1	50711_1_1_1	50711_1_1_1	4000455.0	4000455.0	0.0	strict	50711_1_1_1	65.0	7.0	0.0	0.21
50713_1_1_1	50713_1_1_1	50713_1_1_1	4000272.0	4000272.0	0.0	strict	50713_1_1_1	68.0	4.0	0.0	0.38
50714_1_1_1	51833_1_1_1	51833_1_1_1	4000378.0	4000378.0	0.0	strict	51833_1_1_1	63.0	6.0	0.0	0.64
50714_1_1_1	50714_1_1_1	51833_1_1_1	4000244.0	4000378.0	134.0	strict	50714_1_1_1	61.0	4.0	0.0	0.34
50715_1_1_1	50715_1_1_1	50715_1_1_1	3001102.8264964134	3001102.8264964134	0.0	moderate	50715_1_1_1	221.0	5.0	2.1735035867	0.51
50725_1_1_1	50621_1_1_1	50621_1_1_1	4000550.0	4000550.0	0.0	strict	50621_1_1_1	110.0	5.0	0.0	0.48
50725_1_1_1	50725_1_1_1	50621_1_1_1	4000460.0	4000550.0	90.0	strict	50725_1_1_1	92.0	5.0	0.0	0.91
50725_1_1_1	50513_1_1_1	50621_1_1_1	3000679.0	4000550.0	999871.0	moderate	50513_1_1_1	97.0	7.0	0.0	2.53
50725_1_1_1	51748_1_1_1	50621_1_1_1	3000420.0	4000550.0	1000130.0	moderate	51748_1_1_1	84.0	5.0	0.0	1.94
50725_1_1_1	6501_1_1_1	50621_1_1_1	3000413.4901779066	4000550.0	1000136.5098220934	moderate	6501_1_1_1	104.0	4.0	2.5098220933	1.09
50736_1_1_1	50736_1_1_1	50736_1_1_1	3000064.0	3000064.0	0.0	moderate	50736_1_1_1	16.0	4.0	0.0	0.0
50741_1_1_1	50741_1_1_1	50741_1_1_1	4000144.0	4000144.0	0.0	strict	50741_1_1_1	24.0	6.0	0.0	0.22
50742_1_1_1	50742_1_1_1	50742_1_1_1	3000907.402564461	3000907.402564461	0.0	moderate	50742_1_1_1	182.0	5.0	2.5974355391	0.38
50744_1_1_1	50744_1_1_1	50744_1_1_1	3000798.1081584953	3000798.1081584953	0.0	moderate	50744_1_1_1	200.0	4.0	1.8918415048	1.11
50745_1_1_1	50745_1_1_1	50745_1_1_1	3000602.0	3000602.0	0.0	moderate	50745_1_1_1	86.0	7.0	0.0	1.15
50748_1_1_1	50748_1_1_1	50748_1_1_1	4000777.0	4000777.0	0.0	strict	50748_1_1_1	111.0	7.0	0.0	1.42
5074_1_1_1	5074_1_1_1	5074_1_1_1	3000153.0	3000153.0	0.0	moderate	5074_1_1_1	51.0	3.0	0.0	0.0
50751_1_1_1	50751_1_1_1	50751_1_1_1	4000938.0	4000938.0	0.0	strict	50751_1_1_1	134.0	7.0	0.0	0.23
50754_1_1_1	50754_1_1_1	50754_1_1_1	3000880.0	3000880.0	0.0	moderate	50754_1_1_1	176.0	5.0	0.0	1.54
50767_1_1_1	50767_1_1_1	50767_1_1_1	3000087.0	3000087.0	0.0	moderate	50767_1_1_1	29.0	3.0	0.0	0.0
50771_1_1_1	50771_1_1_1	50771_1_1_1	3001131.668523554	3001131.668523554	0.0	moderate	50771_1_1_1	162.0	7.0	2.331476446	1.15
50776_1_1_1	50776_1_1_1	50776_1_1_1	3000582.2252637097	3000582.2252637097	0.0	moderate	50776_1_1_1	117.0	5.0	2.7747362902	1.17
50777_1_1_1	50777_1_1_1	50777_1_1_1	4001135.0	4001135.0	0.0	strict	50777_1_1_1	227.0	5.0	0.0	0.77
5077_1_1_1	5077_1_1_1	5077_1_1_1	3000644.0	3000644.0	0.0	moderate	5077_1_1_1	92.0	7.0	0.0	1.83
50782_1_1_1	50782_1_1_1	50782_1_1_1	3000106.903573067	3000106.903573067	0.0	moderate	50782_1_1_1	27.0	4.0	1.0964269333	0.09
50783_1_1_1	50783_1_1_1	50783_1_1_1	3001547.0	3001547.0	0.0	moderate	50783_1_1_1	221.0	7.0	0.0	0.44
50786_1_1_1	50786_1_1_1	50786_1_1_1	4001194.0	4001194.0	0.0	strict	50786_1_1_1	199.0	6.0	0.0	0.69
50786_1_1_1	5355_1_1_1	50786_1_1_1	3001393.0	4001194.0	999801.0	moderate	5355_1_1_1	199.0	7.0	0.0	0.6
50786_1_1_1	34759_1_1_1	50786_1_1_1	3001194.0	4001194.0	1000000.0	moderate	34759_1_1_1	199.0	6.0	0.0	0.68
50786_1_1_1	27858_1_1_1	50786_1_1_1	3000975.0	4001194.0	1000219.0	moderate	27858_1_1_1	195.0	5.0	0.0	0.68
50786_1_1_1	7003_1_1_1	50786_1_1_1	3000945.0	4001194.0	1000249.0	moderate	7003_1_1_1	189.0	5.0	0.0	2.92
50790_1_1_1	50790_1_1_1	50790_1_1_1	4000396.0	4000396.0	0.0	strict	50790_1_1_1	99.0	4.0	0.0	1.21
50793_1_1_1	50793_1_1_1	50793_1_1_1	4000749.0	4000749.0	0.0	strict	50793_1_1_1	107.0	7.0	0.0	0.53
50794_1_1_1	50794_1_1_1	50794_1_1_1	4000925.0	4000925.0	0.0	strict	50794_1_1_1	185.0	5.0	0.0	0.75
50813_1_1_1	36049_1_1_1	36049_1_1_1	3000399.0	3000399.0	0.0	moderate	36049_1_1_1	57.0	7.0	0.0	2.97
50813_1_1_1	50813_1_1_1	36049_1_1_1	3000292.0	3000399.0	107.0	moderate	50813_1_1_1	73.0	4.0	0.0	0.0
50814_1_1_1	50814_1_1_1	50814_1_1_1	3000300.0	3000300.0	0.0	moderate	50814_1_1_1	60.0	5.0	0.0	0.74
50814_1_1_1	50817_1_1_1	50814_1_1_1	3000300.0	3000300.0	0.0	moderate	50817_1_1_1	60.0	5.0	0.0	0.67
50814_1_1_1	51361_2_2_1	50814_1_1_1	3000300.0	3000300.0	0.0	moderate	51361_2_2_1	60.0	5.0	0.0	0.58
50814_1_1_1	51496_1_1_1	50814_1_1_1	3000300.0	3000300.0	0.0	moderate	51496_1_1_1	60.0	5.0	0.0	0.62
50814_1_1_1	50815_1_1_1	50814_1_1_1	3000240.0	3000300.0	60.0	moderate	50815_1_1_1	60.0	4.0	0.0	0.45
50814_1_1_1	50816_1_1_1	50814_1_1_1	3000240.0	3000300.0	60.0	moderate	50816_1_1_1	60.0	4.0	0.0	0.19
50814_1_1_1	50818_1_1_1	50814_1_1_1	3000236.0	3000300.0	64.0	moderate	50818_1_1_1	59.0	4.0	0.0	0.23
50830_1_1_1	50830_1_1_1	50830_1_1_1	3001000.0	3001000.0	0.0	moderate	50830_1_1_1	200.0	5.0	0.0	0.33
50886_1_1_1	50886_1_1_1	50886_1_1_1	3000266.0	3000266.0	0.0	moderate	50886_1_1_1	38.0	7.0	0.0	0.62
50886_1_1_1	26308_1_1_1	50886_1_1_1	3000108.6778917923	3000266.0	157.32210820773616	moderate	26308_1_1_1	37.0	3.0	2.3221082077	0.0
50886_1_1_1	19712_1_1_1	50886_1_1_1	3000105.0	3000266.0	161.0	moderate	19712_1_1_1	35.0	3.0	0.0	0.0
50887_1_1_1	50887_1_1_1	50887_1_1_1	3000420.0	3000420.0	0.0	moderate	50887_1_1_1	84.0	5.0	0.0	0.92
50888_1_1_1	50888_1_1_1	50888_1_1_1	3000518.1620813073	3000518.1620813073	0.0	moderate	50888_1_1_1	104.0	5.0	1.8379186926	0.97
50891_1_1_1	50891_1_1_1	50891_1_1_1	4000730.0	4000730.0	0.0	strict	50891_1_1_1	146.0	5.0	0.0	0.37
50899_1_1_1	50899_1_1_1	50899_1_1_1	4000920.0	4000920.0	0.0	strict	50899_1_1_1	184.0	5.0	0.0	0.62
50906_1_1_1	50906_1_1_1	50906_1_1_1	3000342.7586000557	3000342.7586000557	0.0	moderate	50906_1_1_1	69.0	5.0	2.2413999443	1.41
50907_1_1_1	50907_1_1_1	50907_1_1_1	4000270.0	4000270.0	0.0	strict	50907_1_1_1	54.0	5.0	0.0	0.47
50907_1_1_1	6945_1_1_1	50907_1_1_1	3000378.0	4000270.0	999892.0	moderate	6945_1_1_1	54.0	7.0	0.0	0.23
50908_1_1_1	50908_1_1_1	50908_1_1_1	3000277.9227311956	3000277.9227311956	0.0	moderate	50908_1_1_1	56.0	5.0	2.0772688045	1.2
5090_1_1_1	5090_1_1_1	5090_1_1_1	3000865.0	3000865.0	0.0	moderate	5090_1_1_1	173.0	5.0	0.0	0.54
50912_1_1_1	50912_1_1_1	50912_1_1_1	3000273.0	3000273.0	0.0	moderate	50912_1_1_1	39.0	7.0	0.0	1.22
50914_1_1_1	50914_1_1_1	50914_1_1_1	3000389.177948347	3000389.177948347	0.0	moderate	50914_1_1_1	98.0	4.0	2.822051653	1.74
50915_1_1_1	34748_1_1_1	34748_1_1_1	3001257.184704984	3001257.184704984	0.0	moderate	34748_1_1_1	180.0	7.0	2.815295016	1.1
50915_1_1_1	50915_1_1_1	34748_1_1_1	3001047.674902481	3001257.184704984	209.50980250304565	moderate	50915_1_1_1	175.0	6.0	2.3250975195	1.02
50936_1_1_1	50936_1_1_1	50936_1_1_1	3000754.334002837	3000754.334002837	0.0	moderate	50936_1_1_1	108.0	7.0	1.6659971628	0.89
5093_1_1_1	5093_1_1_1	5093_1_1_1	3000742.0	3000742.0	0.0	moderate	5093_1_1_1	106.0	7.0	0.0	0.35
50955_1_1_1	51379_1_1_1	51379_1_1_1	3001204.0	3001204.0	0.0	moderate	51379_1_1_1	172.0	7.0	0.0	0.81
50955_1_1_1	50955_1_1_1	51379_1_1_1	3000810.0	3001204.0	394.0	moderate	50955_1_1_1	162.0	5.0	0.0	0.37
50955_1_1_1	51659_1_1_1	51379_1_1_1	3000568.0	3001204.0	636.0	moderate	51659_1_1_1	142.0	4.0	0.0	2.79
50960_1_1_1	50960_1_1_1	50960_1_1_1	3001392.522553544	3001392.522553544	0.0	moderate	50960_1_1_1	279.0	5.0	2.477446456	1.51
50962_1_1_1	50962_1_1_1	50962_1_1_1	3000322.0	3000322.0	0.0	moderate	50962_1_1_1	46.0	7.0	0.0	1.72
50963_1_1_1	50963_1_1_1	50963_1_1_1	4001165.0	4001165.0	0.0	strict	50963_1_1_1	233.0	5.0	0.0	1.35
50966_1_1_1	50966_1_1_1	50966_1_1_1	3000602.0	3000602.0	0.0	moderate	50966_1_1_1	86.0	7.0	0.0	0.67
50977_1_1_1	50976_1_1_1	50976_1_1_1	4000672.0	4000672.0	0.0	strict	50976_1_1_1	96.0	7.0	0.0	3.17
50977_1_1_1	50977_1_1_1	50976_1_1_1	4000651.0	4000672.0	21.0	strict	50977_1_1_1	93.0	7.0	0.0	3.19
50979_1_1_1	50979_1_1_1	50979_1_1_1	3000090.0	3000090.0	0.0	moderate	50979_1_1_1	18.0	5.0	0.0	0.0
50994_1_1_1	50994_1_1_1	50994_1_1_1	3000673.596954438	3000673.596954438	0.0	moderate	50994_1_1_1	135.0	5.0	1.403045562	2.99
50998_1_1_1	50998_1_1_1	50998_1_1_1	4000950.0	4000950.0	0.0	strict	50998_1_1_1	190.0	5.0	0.0	0.32
5101_1_1_1	5101_1_1_1	5101_1_1_1	3000306.0	3000306.0	0.0	moderate	5101_1_1_1	51.0	6.0	0.0	0.64
51038_1_1_1	51038_1_1_1	51038_1_1_1	3000650.0	3000650.0	0.0	moderate	51038_1_1_1	130.0	5.0	0.0	0.44
51048_1_1_1	51048_1_1_1	51048_1_1_1	3000372.0	3000372.0	0.0	moderate	51048_1_1_1	93.0	4.0	0.0	0.0
5104_1_1_1	5104_1_1_1	5104_1_1_1	3000714.0	3000714.0	0.0	moderate	5104_1_1_1	102.0	7.0	0.0	1.07
51054_1_1_1	51054_1_1_1	51054_1_1_1	3000819.0	3000819.0	0.0	moderate	51054_1_1_1	117.0	7.0	0.0	0.82
51055_1_1_1	51055_1_1_1	51055_1_1_1	3000207.3159387065	3000207.3159387065	0.0	moderate	51055_1_1_1	42.0	5.0	2.6840612936	1.36
51063_1_1_1	51063_1_1_1	51063_1_1_1	4000430.0	4000430.0	0.0	strict	51063_1_1_1	86.0	5.0	0.0	0.0
51063_1_1_1	26617_1_1_1	51063_1_1_1	3000456.0	4000430.0	999974.0	moderate	26617_1_1_1	76.0	6.0	0.0	0.7
5106_1_1_1	5106_1_1_1	5106_1_1_1	3000476.0	3000476.0	0.0	moderate	5106_1_1_1	68.0	7.0	0.0	1.01
51070_1_1_1	51070_1_1_1	51070_1_1_1	3000455.0	3000455.0	0.0	moderate	51070_1_1_1	65.0	7.0	0.0	1.68
51073_1_1_1	51073_1_1_1	51073_1_1_1	4000504.0	4000504.0	0.0	strict	51073_1_1_1	72.0	7.0	0.0	0.61
51073_1_1_1	5973_1_1_1	51073_1_1_1	3000672.0	4000504.0	999832.0	moderate	5973_1_1_1	96.0	7.0	0.0	0.95
51074_1_1_1	51074_1_1_1	51074_1_1_1	4001400.0	4001400.0	0.0	strict	51074_1_1_1	280.0	5.0	0.0	0.62
51077_1_1_1	51077_1_1_1	51077_1_1_1	4000588.0	4000588.0	0.0	strict	51077_1_1_1	84.0	7.0	0.0	0.94
51078_1_1_1	51078_1_1_1	51078_1_1_1	3000599.3511780077	3000599.3511780077	0.0	moderate	51078_1_1_1	86.0	7.0	2.6488219925	0.42
5107_1_1_1	5107_1_1_1	5107_1_1_1	3000693.0	3000693.0	0.0	moderate	5107_1_1_1	99.0	7.0	0.0	0.48
51081_1_1_1	51081_1_1_1	51081_1_1_1	3000892.218309622	3000892.218309622	0.0	moderate	51081_1_1_1	179.0	5.0	2.781690378	1.3
51083_1_1_1	51083_1_1_1	51083_1_1_1	3000616.0	3000616.0	0.0	moderate	51083_1_1_1	88.0	7.0	0.0	0.88
51087_1_1_1	51087_1_1_1	51087_1_1_1	3000708.14900204	3000708.14900204	0.0	moderate	51087_1_1_1	142.0	5.0	1.8509979601	0.51
51091_1_1_1	51091_1_1_1	51091_1_1_1	3000560.0	3000560.0	0.0	moderate	51091_1_1_1	80.0	7.0	0.0	0.55
51092_1_1_1	51092_1_1_1	51092_1_1_1	3000432.2000509207	3000432.2000509207	0.0	moderate	51092_1_1_1	87.0	5.0	2.7999490792	0.95
51094_1_1_1	51094_1_1_1	51094_1_1_1	4001589.0	4001589.0	0.0	strict	51094_1_1_1	227.0	7.0	0.0	1.52
51096_1_1_1	51096_1_1_1	51096_1_1_1	3000588.0	3000588.0	0.0	moderate	51096_1_1_1	84.0	7.0	0.0	0.0
51107_1_1_1	51107_1_1_1	51107_1_1_1	4000455.0	4000455.0	0.0	strict	51107_1_1_1	91.0	5.0	0.0	1.58
51107_1_1_1	26849_1_1_1	51107_1_1_1	3000430.0	4000455.0	1000025.0	moderate	26849_1_1_1	86.0	5.0	0.0	0.44
51108_1_1_1	26915_1_1_1	26915_1_1_1	3000617.634505899	3000617.634505899	0.0	moderate	26915_1_1_1	124.0	5.0	2.3654941008	1.37
51108_1_1_1	51108_1_1_1	26915_1_1_1	3000547.7203261377	3000617.634505899	69.91417976142839	moderate	51108_1_1_1	110.0	5.0	2.2796738623	1.29
51115_1_1_1	51115_1_1_1	51115_1_1_1	3001132.2522513364	3001132.2522513364	0.0	moderate	51115_1_1_1	227.0	5.0	2.7477486637	1.36
51132_1_1_1	51132_1_1_1	51132_1_1_1	3000377.0429768697	3000377.0429768697	0.0	moderate	51132_1_1_1	95.0	4.0	2.9570231302	1.59
51133_1_1_1	51133_1_1_1	51133_1_1_1	4000582.0	4000582.0	0.0	strict	51133_1_1_1	97.0	6.0	0.0	1.87
51147_1_1_1	51147_1_1_1	51147_1_1_1	3000998.4893424474	3000998.4893424474	0.0	moderate	51147_1_1_1	143.0	7.0	2.5106575524	1.09
51150_1_1_1	30290_1_1_1	30290_1_1_1	4000756.0	4000756.0	0.0	strict	30290_1_1_1	108.0	7.0	0.0	1.8
51150_1_1_1	30334_1_1_1	30290_1_1_1	4000756.0	4000756.0	0.0	strict	30334_1_1_1	108.0	7.0	0.0	1.15
51150_1_1_1	17242_1_1_1	30290_1_1_1	4000678.0	4000756.0	78.0	strict	17242_1_1_1	113.0	6.0	0.0	1.1
51150_1_1_1	51150_1_1_1	30290_1_1_1	4000408.0	4000756.0	348.0	strict	51150_1_1_1	102.0	4.0	0.0	0.64
51150_1_1_1	52150_1_1_1	30290_1_1_1	3000742.0	4000756.0	1000014.0	moderate	52150_1_1_1	106.0	7.0	0.0	0.19
51150_1_1_1	17299_1_1_1	30290_1_1_1	3000742.0	4000756.0	1000014.0	moderate	17299_1_1_1	106.0	7.0	0.0	0.35
51150_1_1_1	5241_1_1_1	30290_1_1_1	3000412.0	4000756.0	1000344.0	moderate	5241_1_1_1	103.0	4.0	0.0	0.0
51150_1_1_1	4446_1_1_1	30290_1_1_1	3000309.0	4000756.0	1000447.0	moderate	4446_1_1_1	103.0	3.0	0.0	0.0
51150_1_1_1	62_1_1_1	30290_1_1_1	3000282.0	4000756.0	1000474.0	moderate	62_1_1_1	94.0	3.0	0.0	0.0
51159_1_1_1	51159_1_1_1	51159_1_1_1	4000846.0	4000846.0	0.0	strict	51159_1_1_1	141.0	6.0	0.0	1.53
5115_1_1_1	5115_1_1_1	5115_1_1_1	3000700.0	3000700.0	0.0	moderate	5115_1_1_1	100.0	7.0	0.0	0.42
51160_1_1_1	51160_1_1_1	51160_1_1_1	3000864.0	3000864.0	0.0	moderate	51160_1_1_1	144.0	6.0	0.0	0.17
51160_1_1_1	5918_1_1_1	51160_1_1_1	3000790.0	3000864.0	74.0	moderate	5918_1_1_1	158.0	5.0	0.0	1.7
51160_1_1_1	1657_1_1_1	51160_1_1_1	3000612.0	3000864.0	252.0	moderate	1657_1_1_1	153.0	4.0	0.0	0.0
51160_1_1_1	4012_1_1_1	51160_1_1_1	3000548.0	3000864.0	316.0	moderate	4012_1_1_1	137.0	4.0	0.0	0.0
51171_1_1_1	25987_1_1_1	25987_1_1_1	4000724.586342915	4000724.586342915	0.0	strict	25987_1_1_1	121.0	6.0	1.4136570852	0.9
51171_1_1_1	51818_1_1_1	25987_1_1_1	4000625.0	4000724.586342915	99.58634291496128	strict	51818_1_1_1	125.0	5.0	0.0	1.68
51171_1_1_1	51171_1_1_1	25987_1_1_1	4000555.0	4000724.586342915	169.58634291496128	strict	51171_1_1_1	111.0	5.0	0.0	0.0
51171_1_1_1	27515_1_1_1	25987_1_1_1	4000492.0	4000724.586342915	232.58634291496128	strict	27515_1_1_1	123.0	4.0	0.0	1.74
51171_1_1_1	27514_1_1_1	25987_1_1_1	3000497.323309788	4000724.586342915	1000227.263033127	moderate	27514_1_1_1	125.0	4.0	2.6766902119	0.0
51171_1_1_1	52598_1_1_1	25987_1_1_1	3000465.4898811528	4000724.586342915	1000259.0964617622	moderate	52598_1_1_1	117.0	4.0	2.5101188474	0.0
51171_1_1_1	5508_1_1_1	25987_1_1_1	3000375.635633199	4000724.586342915	1000348.950709716	moderate	5508_1_1_1	126.0	3.0	2.3643668012	0.0
51171_1_1_1	5509_1_1_1	25987_1_1_1	3000375.607252775	4000724.586342915	1000348.9790901397	moderate	5509_1_1_1	126.0	3.0	2.392747225	0.0
51171_1_1_1	5510_1_1_1	25987_1_1_1	3000372.0	4000724.586342915	1000352.586342915	moderate	5510_1_1_1	124.0	3.0	0.0	0.0
51171_1_1_1	27575_1_1_1	25987_1_1_1	3000369.4592729816	4000724.586342915	1000355.1270699333	moderate	27575_1_1_1	124.0	3.0	2.5407270185	0.0
51171_1_1_1	27516_1_1_1	25987_1_1_1	3000366.550237134	4000724.586342915	1000358.0361057809	moderate	27516_1_1_1	123.0	3.0	2.4497628658	0.0
51171_1_1_1	27513_1_1_1	25987_1_1_1	3000363.0	4000724.586342915	1000361.586342915	moderate	27513_1_1_1	121.0	3.0	0.0	0.0
51171_1_1_1	53014_1_1_1	25987_1_1_1	3000240.448420787	4000724.586342915	1000484.1379221277	moderate	53014_1_1_1	81.0	3.0	2.5515792129	0.0
51176_1_1_1	51176_1_1_1	51176_1_1_1	3001808.414623651	3001808.414623651	0.0	moderate	51176_1_1_1	362.0	5.0	1.5853763487	1.41
51184_1_1_1	51184_1_1_1	51184_1_1_1	3000553.0	3000553.0	0.0	moderate	51184_1_1_1	79.0	7.0	0.0	0.6
51186_1_1_1	51186_1_1_1	51186_1_1_1	3000807.4465839774	3000807.4465839774	0.0	moderate	51186_1_1_1	162.0	5.0	2.5534160226	1.01
51193_1_1_1	51193_1_1_1	51193_1_1_1	3000273.0	3000273.0	0.0	moderate	51193_1_1_1	39.0	7.0	0.0	1.06
5119_1_1_1	5119_1_1_1	5119_1_1_1	3000522.0	3000522.0	0.0	moderate	5119_1_1_1	87.0	6.0	0.0	0.77
51226_1_1_1	51226_1_1_1	51226_1_1_1	3000557.1516463924	3000557.1516463924	0.0	moderate	51226_1_1_1	80.0	7.0	2.8483536076	0.64
51227_1_1_1	51227_1_1_1	51227_1_1_1	3000329.0	3000329.0	0.0	moderate	51227_1_1_1	47.0	7.0	0.0	1.2
51236_1_1_1	51230_1_1_1	51230_1_1_1	4000372.0	4000372.0	0.0	strict	51230_1_1_1	62.0	6.0	0.0	0.81
51236_1_1_1	51236_1_1_1	51230_1_1_1	4000310.0	4000372.0	62.0	strict	51236_1_1_1	62.0	5.0	0.0	0.0
51236_1_1_1	51234_1_1_1	51230_1_1_1	4000310.0	4000372.0	62.0	strict	51234_1_1_1	62.0	5.0	0.0	0.0
51236_1_1_1	51235_1_1_1	51230_1_1_1	4000310.0	4000372.0	62.0	strict	51235_1_1_1	62.0	5.0	0.0	0.0
51236_1_1_1	4974_1_1_1	51230_1_1_1	3000427.0	4000372.0	999945.0	moderate	4974_1_1_1	61.0	7.0	0.0	1.35
51236_1_1_1	4926_1_1_1	51230_1_1_1	3000236.0	4000372.0	1000136.0	moderate	4926_1_1_1	59.0	4.0	0.0	0.0
51236_1_1_1	1870_1_1_1	51230_1_1_1	3000189.0	4000372.0	1000183.0	moderate	1870_1_1_1	63.0	3.0	0.0	0.0
51239_1_1_1	51239_1_1_1	51239_1_1_1	4000777.0	4000777.0	0.0	strict	51239_1_1_1	111.0	7.0	0.0	2.05
51239_1_1_1	51240_1_1_1	51239_1_1_1	3000570.0	4000777.0	1000207.0	moderate	51240_1_1_1	114.0	5.0	0.0	2.59
51253_1_1_1	51253_1_1_1	51253_1_1_1	4000945.0	4000945.0	0.0	strict	51253_1_1_1	189.0	5.0	0.0	0.5
51255_1_1_1	51255_1_1_1	51255_1_1_1	4000440.0	4000440.0	0.0	strict	51255_1_1_1	88.0	5.0	0.0	0.74
51258_1_1_1	51258_1_1_1	51258_1_1_1	4000690.0	4000690.0	0.0	strict	51258_1_1_1	138.0	5.0	0.0	0.32
5126_1_1_1	5126_1_1_1	5126_1_1_1	3000749.0	3000749.0	0.0	moderate	5126_1_1_1	107.0	7.0	0.0	0.43
51281_1_1_1	51281_1_1_1	51281_1_1_1	3000522.7772465865	3000522.7772465865	0.0	moderate	51281_1_1_1	105.0	5.0	2.2227534134	0.99
51282_1_1_1	51282_1_1_1	51282_1_1_1	3000477.053634679	3000477.053634679	0.0	moderate	51282_1_1_1	96.0	5.0	2.946365321	1.33
51293_1_1_1	51293_1_1_1	51293_1_1_1	4001075.0	4001075.0	0.0	strict	51293_1_1_1	215.0	5.0	0.0	0.94
51294_1_1_1	15969_1_1_1	15969_1_1_1	3000570.0	3000570.0	0.0	moderate	15969_1_1_1	114.0	5.0	0.0	0.98
51294_1_1_1	51294_1_1_1	15969_1_1_1	3000448.0	3000570.0	122.0	moderate	51294_1_1_1	112.0	4.0	0.0	0.0
51297_1_1_1	51297_1_1_1	51297_1_1_1	3002415.0	3002415.0	0.0	moderate	51297_1_1_1	345.0	7.0	0.0	0.27
51299_1_1_1	51299_1_1_1	51299_1_1_1	3001053.0173374186	3001053.0173374186	0.0	moderate	51299_1_1_1	211.0	5.0	1.9826625813	0.8
5129_1_1_1	5129_1_1_1	5129_1_1_1	3000516.0	3000516.0	0.0	moderate	5129_1_1_1	86.0	6.0	0.0	1.02
51304_1_1_1	51304_1_1_1	51304_1_1_1	3000352.6362716425	3000352.6362716425	0.0	moderate	51304_1_1_1	71.0	5.0	2.3637283573	1.88
5130_1_1_1	5130_1_1_1	5130_1_1_1	3000768.0	3000768.0	0.0	moderate	5130_1_1_1	128.0	6.0	0.0	0.2
51320_1_1_1	51320_1_1_1	51320_1_1_1	3000763.0	3000763.0	0.0	moderate	51320_1_1_1	109.0	7.0	0.0	2.0
51326_1_1_1	51326_1_1_1	51326_1_1_1	4000565.0	4000565.0	0.0	strict	51326_1_1_1	113.0	5.0	0.0	0.43
51329_1_1_1	51329_1_1_1	51329_1_1_1	4000623.508011171	4000623.508011171	0.0	strict	51329_1_1_1	125.0	5.0	1.4919888289	0.65
51330_1_1_1	51330_1_1_1	51330_1_1_1	3000147.8547714925	3000147.8547714925	0.0	moderate	51330_1_1_1	30.0	5.0	2.1452285073	1.39
51330_1_1_1	51318_1_1_1	51330_1_1_1	3000132.2589068394	3000147.8547714925	15.59586465312168	moderate	51318_1_1_1	27.0	5.0	2.7410931608	1.53
5133_1_1_1	5056_1_1_1	5056_1_1_1	3000452.004262879	3000452.004262879	0.0	moderate	5056_1_1_1	65.0	7.0	2.9957371209	1.52
5133_1_1_1	5132_1_1_1	5056_1_1_1	3000224.0	3000452.004262879	228.0042628790252	moderate	5132_1_1_1	56.0	4.0	0.0	0.0
5133_1_1_1	5133_1_1_1	5056_1_1_1	3000168.0	3000452.004262879	284.0042628790252	moderate	5133_1_1_1	56.0	3.0	0.0	0.0
51345_1_1_1	51345_1_1_1	51345_1_1_1	3000466.499610458	3000466.499610458	0.0	moderate	51345_1_1_1	67.0	7.0	2.500389542	0.59
51351_1_1_1	51351_1_1_1	51351_1_1_1	3000476.0	3000476.0	0.0	moderate	51351_1_1_1	68.0	7.0	0.0	0.72
51352_1_1_1	51352_1_1_1	51352_1_1_1	3000730.0	3000730.0	0.0	moderate	51352_1_1_1	146.0	5.0	0.0	0.55
51353_1_1_1	51353_1_1_1	51353_1_1_1	3000662.282158887	3000662.282158887	0.0	moderate	51353_1_1_1	95.0	7.0	2.7178411129	1.32
51362_1_1_1	51362_1_1_1	51362_1_1_1	3000322.3148194994	3000322.3148194994	0.0	moderate	51362_1_1_1	65.0	5.0	2.6851805005	1.27
51377_1_1_1	51377_1_1_1	51377_1_1_1	3000560.0	3000560.0	0.0	moderate	51377_1_1_1	80.0	7.0	0.0	2.02
51382_1_1_1	51382_1_1_1	51382_1_1_1	4000936.0	4000936.0	0.0	strict	51382_1_1_1	156.0	6.0	0.0	0.57
51384_1_1_1	51384_1_1_1	51384_1_1_1	4000498.794221924	4000498.794221924	0.0	strict	51384_1_1_1	100.0	5.0	1.2057780763	0.18
51394_1_1_1	51393_1_1_1	51393_1_1_1	3000344.0	3000344.0	0.0	moderate	51393_1_1_1	86.0	4.0	0.0	0.14
51394_1_1_1	51394_1_1_1	51393_1_1_1	3000304.0	3000344.0	40.0	moderate	51394_1_1_1	76.0	4.0	0.0	1.1
51397_1_1_1	51397_1_1_1	51397_1_1_1	3000303.65441416	3000303.65441416	0.0	moderate	51397_1_1_1	61.0	5.0	1.34558584	0.63
51398_1_1_1	51398_1_1_1	51398_1_1_1	3001258.7630820237	3001258.7630820237	0.0	moderate	51398_1_1_1	180.0	7.0	1.2369179761	0.83
51401_1_1_1	51401_1_1_1	51401_1_1_1	3000186.0	3000186.0	0.0	moderate	51401_1_1_1	31.0	6.0	0.0	0.65
51410_1_1_1	19750_1_1_1	19750_1_1_1	3000402.0	3000402.0	0.0	moderate	19750_1_1_1	67.0	6.0	0.0	1.48
51410_1_1_1	51410_1_1_1	19750_1_1_1	3000268.0	3000402.0	134.0	moderate	51410_1_1_1	67.0	4.0	0.0	0.0
51411_1_1_1	51411_1_1_1	51411_1_1_1	4000915.0	4000915.0	0.0	strict	51411_1_1_1	183.0	5.0	0.0	3.16
51412_1_1_1	51169_1_1_1	51169_1_1_1	4000565.0	4000565.0	0.0	strict	51169_1_1_1	113.0	5.0	0.0	1.52
51412_1_1_1	51412_1_1_1	51169_1_1_1	4000530.0	4000565.0	35.0	strict	51412_1_1_1	106.0	5.0	0.0	1.89
51419_1_1_1	51419_1_1_1	51419_1_1_1	4000600.0	4000600.0	0.0	strict	51419_1_1_1	100.0	6.0	0.0	3.35
51419_1_1_1	5778_1_1_1	51419_1_1_1	3000672.0	4000600.0	999928.0	moderate	5778_1_1_1	96.0	7.0	0.0	0.68
51419_1_1_1	26651_1_1_1	51419_1_1_1	3000412.0	4000600.0	1000188.0	moderate	26651_1_1_1	103.0	4.0	0.0	0.0
5141_1_1_1	5141_1_1_1	5141_1_1_1	3000612.0	3000612.0	0.0	moderate	5141_1_1_1	102.0	6.0	0.0	0.84
51420_2_1_1	51420_2_1_1	51420_2_1_1	3000366.703271643	3000366.703271643	0.0	moderate	51420_2_1_1	92.0	4.0	1.2967283572	0.0
51423_1_1_1	51423_1_1_1	51423_1_1_1	3001365.0	3001365.0	0.0	moderate	51423_1_1_1	273.0	5.0	0.0	0.67
51429_1_1_1	51428_1_1_1	51428_1_1_1	3000330.0	3000330.0	0.0	moderate	51428_1_1_1	66.0	5.0	0.0	0.57
51429_1_1_1	51429_1_1_1	51428_1_1_1	3000255.0	3000330.0	75.0	moderate	51429_1_1_1	51.0	5.0	0.0	0.73
51440_1_1_1	51440_1_1_1	51440_1_1_1	3000400.0	3000400.0	0.0	moderate	51440_1_1_1	80.0	5.0	0.0	0.81
51443_1_1_1	51443_1_1_1	51443_1_1_1	3000100.0	3000100.0	0.0	moderate	51443_1_1_1	20.0	5.0	0.0	0.0
51448_1_1_1	51448_1_1_1	51448_1_1_1	3000488.7489195867	3000488.7489195867	0.0	moderate	51448_1_1_1	98.0	5.0	1.2510804135	0.24
51455_1_1_1	51455_1_1_1	51455_1_1_1	4001505.0	4001505.0	0.0	strict	51455_1_1_1	301.0	5.0	0.0	1.4
51455_1_1_1	50780_1_1_1	51455_1_1_1	3001190.0	4001505.0	1000315.0	moderate	50780_1_1_1	238.0	5.0	0.0	1.34
51470_1_1_1	51470_1_1_1	51470_1_1_1	3001050.0	3001050.0	0.0	moderate	51470_1_1_1	150.0	7.0	0.0	0.2
51473_1_1_1	51473_1_1_1	51473_1_1_1	4000650.0	4000650.0	0.0	strict	51473_1_1_1	130.0	5.0	0.0	1.56
51489_1_1_1	51489_1_1_1	51489_1_1_1	4001060.0	4001060.0	0.0	strict	51489_1_1_1	212.0	5.0	0.0	0.55
51489_1_1_1	51879_3_1_1	51489_1_1_1	3001065.0	4001060.0	999995.0	moderate	51879_3_1_1	213.0	5.0	0.0	0.0
51489_1_1_1	17162_1_1_1	51489_1_1_1	3000816.0	4001060.0	1000244.0	moderate	17162_1_1_1	204.0	4.0	0.0	2.89
51490_1_1_1	51490_1_1_1	51490_1_1_1	4000335.0	4000335.0	0.0	strict	51490_1_1_1	67.0	5.0	0.0	1.42
5149_1_1_1	5149_1_1_1	5149_1_1_1	3000090.0	3000090.0	0.0	moderate	5149_1_1_1	30.0	3.0	0.0	0.0
51503_1_1_1	51503_1_1_1	51503_1_1_1	4000364.0	4000364.0	0.0	strict	51503_1_1_1	91.0	4.0	0.0	2.9
51505_1_1_1	51505_1_1_1	51505_1_1_1	3000092.017655124	3000092.017655124	0.0	moderate	51505_1_1_1	19.0	5.0	2.9823448761	0.0
51512_1_1_1	51512_1_1_1	51512_1_1_1	3000256.0	3000256.0	0.0	moderate	51512_1_1_1	64.0	4.0	0.0	2.36
51520_1_1_1	51520_1_1_1	51520_1_1_1	3000466.502683009	3000466.502683009	0.0	moderate	51520_1_1_1	67.0	7.0	2.4973169915	0.85
51521_1_1_1	51521_1_1_1	51521_1_1_1	4000987.0	4000987.0	0.0	strict	51521_1_1_1	141.0	7.0	0.0	1.1
51531_1_1_1	19582_1_1_1	19582_1_1_1	4000130.0	4000130.0	0.0	strict	19582_1_1_1	26.0	5.0	0.0	0.07
51531_1_1_1	51531_1_1_1	19582_1_1_1	4000115.0	4000130.0	15.0	strict	51531_1_1_1	23.0	5.0	0.0	0.0
51532_1_1_1	51532_1_1_1	51532_1_1_1	4000658.0	4000658.0	0.0	strict	51532_1_1_1	94.0	7.0	0.0	1.12
51539_1_1_1	51539_1_1_1	51539_1_1_1	3000853.018049533	3000853.018049533	0.0	moderate	51539_1_1_1	214.0	4.0	2.9819504668	1.47
51548_1_1_1	51548_1_1_1	51548_1_1_1	4000510.0	4000510.0	0.0	strict	51548_1_1_1	85.0	6.0	0.0	0.8
51548_1_1_1	34745_1_1_1	51548_1_1_1	3000532.0	4000510.0	999978.0	moderate	34745_1_1_1	76.0	7.0	0.0	0.2
5155_1_1_1	5155_1_1_1	5155_1_1_1	3000522.0	3000522.0	0.0	moderate	5155_1_1_1	87.0	6.0	0.0	1.21
51576_1_1_1	51576_1_1_1	51576_1_1_1	4000104.0	4000104.0	0.0	strict	51576_1_1_1	26.0	4.0	0.0	0.0
5158_1_1_1	4568_1_1_1	4568_1_1_1	3000904.491694364	3000904.491694364	0.0	moderate	4568_1_1_1	151.0	6.0	1.5083056362	0.22
5158_1_1_1	5158_1_1_1	4568_1_1_1	3000587.117677915	3000904.491694364	317.37401644932106	moderate	5158_1_1_1	147.0	4.0	0.8823220851	0.0
51597_1_1_1	51597_1_1_1	51597_1_1_1	4000189.0	4000189.0	0.0	strict	51597_1_1_1	27.0	7.0	0.0	0.66
51597_1_1_1	51591_2_1_1	51597_1_1_1	4000138.0	4000189.0	51.0	strict	51591_2_1_1	23.0	6.0	0.0	0.82
51597_1_1_1	51609_1_1_1	51597_1_1_1	4000125.0	4000189.0	64.0	strict	51609_1_1_1	25.0	5.0	0.0	0.35
5159_1_1_1	5159_1_1_1	5159_1_1_1	3000896.0	3000896.0	0.0	moderate	5159_1_1_1	128.0	7.0	0.0	0.22
51600_1_1_1	51600_1_1_1	51600_1_1_1	3000333.9613942713	3000333.9613942713	0.0	moderate	51600_1_1_1	84.0	4.0	2.0386057285	0.37
51601_1_1_1	51601_1_1_1	51601_1_1_1	3000567.1301093996	3000567.1301093996	0.0	moderate	51601_1_1_1	114.0	5.0	2.8698906003	1.22
51606_1_1_1	51606_1_1_1	51606_1_1_1	3000372.0	3000372.0	0.0	moderate	51606_1_1_1	93.0	4.0	0.0	1.31
5160_1_1_1	5160_1_1_1	5160_1_1_1	3000095.0	3000095.0	0.0	moderate	5160_1_1_1	19.0	5.0	0.0	0.0
51611_1_1_1	51611_1_1_1	51611_1_1_1	4000172.0	4000172.0	0.0	strict	51611_1_1_1	43.0	4.0	0.0	0.0
5161_1_1_1	5161_1_1_1	5161_1_1_1	3000932.0	3000932.0	0.0	moderate	5161_1_1_1	233.0	4.0	0.0	0.76
51622_1_1_1	51622_1_1_1	51622_1_1_1	3000126.0	3000126.0	0.0	moderate	51622_1_1_1	18.0	7.0	0.0	0.0
51622_1_1_1	51621_1_1_1	51622_1_1_1	3000126.0	3000126.0	0.0	moderate	51621_1_1_1	18.0	7.0	0.0	0.0
51627_1_1_1	51627_1_1_1	51627_1_1_1	3000468.0	3000468.0	0.0	moderate	51627_1_1_1	117.0	4.0	0.0	0.76
51647_1_1_1	51647_1_1_1	51647_1_1_1	3000373.3970400803	3000373.3970400803	0.0	moderate	51647_1_1_1	94.0	4.0	2.6029599197	2.07
51649_1_1_1	51649_1_1_1	51649_1_1_1	4000960.0	4000960.0	0.0	strict	51649_1_1_1	160.0	6.0	0.0	1.46
5165_1_1_1	5165_1_1_1	5165_1_1_1	3000966.0	3000966.0	0.0	moderate	5165_1_1_1	138.0	7.0	0.0	0.77
51662_1_1_1	51662_1_1_1	51662_1_1_1	3001089.5474755666	3001089.5474755666	0.0	moderate	51662_1_1_1	156.0	7.0	2.4525244334	0.99
51663_1_1_1	51663_1_1_1	51663_1_1_1	4000095.0	4000095.0	0.0	strict	51663_1_1_1	19.0	5.0	0.0	0.0
51663_1_1_1	52007_1_1_1	51663_1_1_1	4000095.0	4000095.0	0.0	strict	52007_1_1_1	19.0	5.0	0.0	0.0
5166_1_1_1	15486_1_1_1	15486_1_1_1	3000476.0	3000476.0	0.0	moderate	15486_1_1_1	68.0	7.0	0.0	0.54
5166_1_1_1	5166_1_1_1	15486_1_1_1	3000414.0	3000476.0	62.0	moderate	5166_1_1_1	69.0	6.0	0.0	0.69
51672_1_1_1	51672_1_1_1	51672_1_1_1	3000132.8504753537	3000132.8504753537	0.0	moderate	51672_1_1_1	27.0	5.0	2.1495246465	0.06
51674_1_1_1	51674_1_1_1	51674_1_1_1	3000851.4625445474	3000851.4625445474	0.0	moderate	51674_1_1_1	122.0	7.0	2.5374554524	1.16
51677_1_1_1	51677_1_1_1	51677_1_1_1	4002046.0	4002046.0	0.0	strict	51677_1_1_1	341.0	6.0	0.0	0.78
51684_1_1_1	51684_1_1_1	51684_1_1_1	3000385.0	3000385.0	0.0	moderate	51684_1_1_1	77.0	5.0	0.0	1.89
51687_1_1_1	51687_1_1_1	51687_1_1_1	3000992.4319456904	3000992.4319456904	0.0	moderate	51687_1_1_1	199.0	5.0	2.5680543095	1.09
51688_1_1_1	51688_1_1_1	51688_1_1_1	3000938.0	3000938.0	0.0	moderate	51688_1_1_1	134.0	7.0	0.0	0.56
51690_1_1_1	51690_1_1_1	51690_1_1_1	3002412.106051118	3002412.106051118	0.0	moderate	51690_1_1_1	483.0	5.0	2.8939488819	1.03
51694_1_1_1	51694_1_1_1	51694_1_1_1	3000285.0	3000285.0	0.0	moderate	51694_1_1_1	57.0	5.0	0.0	2.35
51700_1_1_1	51700_1_1_1	51700_1_1_1	3000354.3353345846	3000354.3353345846	0.0	moderate	51700_1_1_1	51.0	7.0	2.6646654152	0.19
51701_1_1_1	51701_1_1_1	51701_1_1_1	3000415.0	3000415.0	0.0	moderate	51701_1_1_1	83.0	5.0	0.0	0.77
51707_1_1_1	19798_1_1_1	19798_1_1_1	4000742.0	4000742.0	0.0	strict	19798_1_1_1	106.0	7.0	0.0	1.7
51707_1_1_1	19641_1_1_1	19798_1_1_1	4000728.0	4000742.0	14.0	strict	19641_1_1_1	104.0	7.0	0.0	1.78
51707_1_1_1	19870_1_1_1	19798_1_1_1	4000728.0	4000742.0	14.0	strict	19870_1_1_1	104.0	7.0	0.0	1.84
51707_1_1_1	19671_1_1_1	19798_1_1_1	4000637.0	4000742.0	105.0	strict	19671_1_1_1	91.0	7.0	0.0	1.81
51707_1_1_1	51708_1_1_1	19798_1_1_1	4000400.0	4000742.0	342.0	strict	51708_1_1_1	100.0	4.0	0.0	2.76
51707_1_1_1	51707_1_1_1	19798_1_1_1	4000396.0	4000742.0	346.0	strict	51707_1_1_1	99.0	4.0	0.0	2.55
51707_1_1_1	50211_1_1_1	19798_1_1_1	4000376.0	4000742.0	366.0	strict	50211_1_1_1	94.0	4.0	0.0	2.67
51709_1_1_1	51709_1_1_1	51709_1_1_1	3000565.920089818	3000565.920089818	0.0	moderate	51709_1_1_1	142.0	4.0	2.0799101819	1.41
51711_1_1_1	51711_1_1_1	51711_1_1_1	3000972.272086311	3000972.272086311	0.0	moderate	51711_1_1_1	195.0	5.0	2.727913689	1.49
51729_1_1_1	51729_1_1_1	51729_1_1_1	4000427.0	4000427.0	0.0	strict	51729_1_1_1	61.0	7.0	0.0	1.02
51729_1_1_1	4891_1_1_1	51729_1_1_1	3000177.0	4000427.0	1000250.0	moderate	4891_1_1_1	59.0	3.0	0.0	0.0
51729_1_1_1	5052_1_1_1	51729_1_1_1	3000177.0	4000427.0	1000250.0	moderate	5052_1_1_1	59.0	3.0	0.0	0.0
51729_1_1_1	132_1_1_1	51729_1_1_1	3000171.0	4000427.0	1000256.0	moderate	132_1_1_1	57.0	3.0	0.0	0.0
51731_1_1_1	51731_1_1_1	51731_1_1_1	3000265.256277185	3000265.256277185	0.0	moderate	51731_1_1_1	67.0	4.0	2.7437228151	0.0
5174_1_1_1	5174_1_1_1	5174_1_1_1	3000434.0	3000434.0	0.0	moderate	5174_1_1_1	62.0	7.0	0.0	0.37
51755_1_1_1	51755_1_1_1	51755_1_1_1	3002217.1954600033	3002217.1954600033	0.0	moderate	51755_1_1_1	444.0	5.0	2.8045399968	0.71
51772_1_1_1	51772_1_1_1	51772_1_1_1	3000063.4352482217	3000063.4352482217	0.0	moderate	51772_1_1_1	22.0	3.0	2.5647517781	0.0
5178_1_1_1	5178_1_1_1	5178_1_1_1	3000602.0	3000602.0	0.0	moderate	5178_1_1_1	86.0	7.0	0.0	0.67
51795_1_1_1	51795_1_1_1	51795_1_1_1	3000282.304806461	3000282.304806461	0.0	moderate	51795_1_1_1	57.0	5.0	2.6951935389	1.64
51798_2_1_1	51798_2_1_1	51798_2_1_1	3000301.596200527	3000301.596200527	0.0	moderate	51798_2_1_1	76.0	4.0	2.4037994729	1.37
5179_1_1_1	5179_1_1_1	5179_1_1_1	3000456.0	3000456.0	0.0	moderate	5179_1_1_1	76.0	6.0	0.0	24.7
51802_1_1_1	51802_1_1_1	51802_1_1_1	4000523.3216493945	4000523.3216493945	0.0	strict	51802_1_1_1	105.0	5.0	1.6783506056	0.78
5180_1_1_1	5180_1_1_1	5180_1_1_1	3000210.0	3000210.0	0.0	moderate	5180_1_1_1	42.0	5.0	0.0	0.0
51811_1_1_1	51811_1_1_1	51811_1_1_1	3000742.0	3000742.0	0.0	moderate	51811_1_1_1	106.0	7.0	0.0	0.55
51814_1_1_1	51814_1_1_1	51814_1_1_1	3000575.0	3000575.0	0.0	moderate	51814_1_1_1	115.0	5.0	0.0	0.52
5181_1_1_1	5181_1_1_1	5181_1_1_1	3001162.0	3001162.0	0.0	moderate	5181_1_1_1	166.0	7.0	0.0	1.54
51824_1_1_1	51824_1_1_1	51824_1_1_1	3000500.0	3000500.0	0.0	moderate	51824_1_1_1	100.0	5.0	0.0	2.61
5182_1_1_1	5182_1_1_1	5182_1_1_1	3001270.0	3001270.0	0.0	moderate	5182_1_1_1	254.0	5.0	0.0	0.45
51834_1_1_1	51834_1_1_1	51834_1_1_1	3000384.0	3000384.0	0.0	moderate	51834_1_1_1	64.0	6.0	0.0	0.35
51841_1_1_1	51842_1_1_1	51842_1_1_1	3000208.267014467	3000208.267014467	0.0	moderate	51842_1_1_1	35.0	6.0	1.7329855329	2.59
51841_1_1_1	51840_1_1_1	51842_1_1_1	3000208.2368505895	3000208.267014467	0.03016387764364481	moderate	51840_1_1_1	35.0	6.0	1.7631494106	2.57
51841_1_1_1	51843_1_1_1	51842_1_1_1	3000208.200758287	3000208.267014467	0.06625617993995547	moderate	51843_1_1_1	35.0	6.0	1.7992417128	2.58
51841_1_1_1	51841_1_1_1	51842_1_1_1	3000208.1090915934	3000208.267014467	0.15792287373915315	moderate	51841_1_1_1	35.0	6.0	1.8909084065	2.6
51849_1_1_1	51849_1_1_1	51849_1_1_1	4000576.0	4000576.0	0.0	strict	51849_1_1_1	96.0	6.0	0.0	0.59
51853_1_1_1	51853_1_1_1	51853_1_1_1	3000144.0	3000144.0	0.0	moderate	51853_1_1_1	24.0	6.0	0.0	0.0
51855_1_1_1	51855_1_1_1	51855_1_1_1	4000246.0	4000246.0	0.0	strict	51855_1_1_1	41.0	6.0	0.0	1.08
51860_1_1_1	51860_1_1_1	51860_1_1_1	3000477.8767169095	3000477.8767169095	0.0	moderate	51860_1_1_1	96.0	5.0	2.1232830904	0.86
51861_1_1_1	6334_1_1_1	6334_1_1_1	3000945.0	3000945.0	0.0	moderate	6334_1_1_1	135.0	7.0	0.0	0.99
51861_1_1_1	51861_1_1_1	6334_1_1_1	3000327.0	3000945.0	618.0	moderate	51861_1_1_1	109.0	3.0	0.0	0.0
5186_1_1_1	5186_1_1_1	5186_1_1_1	3000558.0	3000558.0	0.0	moderate	5186_1_1_1	93.0	6.0	0.0	1.4
51878_1_1_1	51878_1_1_1	51878_1_1_1	3000960.0	3000960.0	0.0	moderate	51878_1_1_1	192.0	5.0	0.0	2.76
5187_1_1_1	5187_1_1_1	5187_1_1_1	3000697.2744312007	3000697.2744312007	0.0	moderate	5187_1_1_1	100.0	7.0	2.7255687991	2.92
51885_1_1_1	51885_1_1_1	51885_1_1_1	3000412.948742294	3000412.948742294	0.0	moderate	51885_1_1_1	83.0	5.0	2.0512577056	0.48
51892_1_1_1	51892_1_1_1	51892_1_1_1	3000849.077895434	3000849.077895434	0.0	moderate	51892_1_1_1	142.0	6.0	2.9221045661	0.69
5189_1_1_1	5189_1_1_1	5189_1_1_1	3000693.0	3000693.0	0.0	moderate	5189_1_1_1	99.0	7.0	0.0	0.23
51902_1_1_1	51902_1_1_1	51902_1_1_1	3000600.633156544	3000600.633156544	0.0	moderate	51902_1_1_1	86.0	7.0	1.366843456	1.08
51904_1_1_1	51904_1_1_1	51904_1_1_1	3000365.0	3000365.0	0.0	moderate	51904_1_1_1	73.0	5.0	0.0	1.53
5190_1_1_1	4389_1_1_1	4389_1_1_1	3000910.0	3000910.0	0.0	moderate	4389_1_1_1	182.0	5.0	0.0	0.0
5190_1_1_1	5190_1_1_1	4389_1_1_1	3000728.0	3000910.0	182.0	moderate	5190_1_1_1	182.0	4.0	0.0	0.0
5191_1_1_1	5191_1_1_1	5191_1_1_1	3000692.0	3000692.0	0.0	moderate	5191_1_1_1	173.0	4.0	0.0	0.0
51929_1_1_1	51929_1_1_1	51929_1_1_1	4000567.0	4000567.0	0.0	strict	51929_1_1_1	81.0	7.0	0.0	0.4
51937_1_1_1	51937_1_1_1	51937_1_1_1	4000994.0	4000994.0	0.0	strict	51937_1_1_1	142.0	7.0	0.0	1.02
51937_1_1_1	50074_1_1_1	51937_1_1_1	3000987.0	4000994.0	1000007.0	moderate	50074_1_1_1	141.0	7.0	0.0	0.78
51937_1_1_1	4849_1_1_1	51937_1_1_1	3000980.0	4000994.0	1000014.0	moderate	4849_1_1_1	140.0	7.0	0.0	0.58
51937_1_1_1	15601_1_1_1	51937_1_1_1	3000973.0	4000994.0	1000021.0	moderate	15601_1_1_1	139.0	7.0	0.0	0.12
51937_1_1_1	27951_1_1_1	51937_1_1_1	3000959.0	4000994.0	1000035.0	moderate	27951_1_1_1	137.0	7.0	0.0	0.48
51937_1_1_1	30679_1_1_1	51937_1_1_1	3000952.0	4000994.0	1000042.0	moderate	30679_1_1_1	136.0	7.0	0.0	0.48
51937_1_1_1	6313_1_1_1	51937_1_1_1	3000882.0	4000994.0	1000112.0	moderate	6313_1_1_1	126.0	7.0	0.0	0.19
51938_1_1_1	51938_1_1_1	51938_1_1_1	4000720.0	4000720.0	0.0	strict	51938_1_1_1	144.0	5.0	0.0	0.79
51938_1_1_1	1062_1_1_1	51938_1_1_1	3000600.0	4000720.0	1000120.0	moderate	1062_1_1_1	150.0	4.0	0.0	0.66
51938_1_1_1	51950_1_1_1	51938_1_1_1	3000444.0	4000720.0	1000276.0	moderate	51950_1_1_1	148.0	3.0	0.0	0.0
51939_1_1_1	51939_1_1_1	51939_1_1_1	3000687.4164547953	3000687.4164547953	0.0	moderate	51939_1_1_1	115.0	6.0	2.5835452049	1.83
51941_1_1_1	51941_1_1_1	51941_1_1_1	3000110.0	3000110.0	0.0	moderate	51941_1_1_1	22.0	5.0	0.0	0.0
51942_2_1_1	51942_2_1_1	51942_2_1_1	3000190.0	3000190.0	0.0	moderate	51942_2_1_1	38.0	5.0	0.0	0.15
51943_1_1_1	51943_1_1_1	51943_1_1_1	4001211.0	4001211.0	0.0	strict	51943_1_1_1	173.0	7.0	0.0	1.02
51945_1_1_1	51945_1_1_1	51945_1_1_1	3000378.4237481216	3000378.4237481216	0.0	moderate	51945_1_1_1	76.0	5.0	1.5762518783	0.19
51949_1_1_1	51949_1_1_1	51949_1_1_1	3000707.409915942	3000707.409915942	0.0	moderate	51949_1_1_1	142.0	5.0	2.5900840583	1.25
51953_1_1_1	51953_1_1_1	51953_1_1_1	3000903.0445821076	3000903.0445821076	0.0	moderate	51953_1_1_1	151.0	6.0	2.9554178925	1.58
51957_1_1_1	51957_1_1_1	51957_1_1_1	4001104.0	4001104.0	0.0	strict	51957_1_1_1	276.0	4.0	0.0	0.0
51960_1_1_1	51960_1_1_1	51960_1_1_1	4001764.0	4001764.0	0.0	strict	51960_1_1_1	252.0	7.0	0.0	1.26
51973_1_1_1	51973_1_1_1	51973_1_1_1	4000800.0	4000800.0	0.0	strict	51973_1_1_1	200.0	4.0	0.0	1.05
51973_1_1_1	4152_1_1_1	51973_1_1_1	3001236.0	4000800.0	999564.0	moderate	4152_1_1_1	206.0	6.0	0.0	2.11
51973_1_1_1	25629_1_1_1	51973_1_1_1	3000844.0	4000800.0	999956.0	moderate	25629_1_1_1	211.0	4.0	0.0	0.0
51974_1_1_1	51974_1_1_1	51974_1_1_1	3000571.0845642528	3000571.0845642528	0.0	moderate	51974_1_1_1	82.0	7.0	2.9154357471	0.28
51975_1_1_1	51975_1_1_1	51975_1_1_1	3000645.0	3000645.0	0.0	moderate	51975_1_1_1	129.0	5.0	0.0	0.29
51981_1_1_1	51981_1_1_1	51981_1_1_1	3000793.5320352297	3000793.5320352297	0.0	moderate	51981_1_1_1	199.0	4.0	2.4679647705	0.0
51982_1_1_1	51982_1_1_1	51982_1_1_1	3000461.652644675	3000461.652644675	0.0	moderate	51982_1_1_1	116.0	4.0	2.3473553249	0.0
51983_1_1_1	51983_1_1_1	51983_1_1_1	3000685.0	3000685.0	0.0	moderate	51983_1_1_1	137.0	5.0	0.0	0.16
51994_1_1_1	51994_1_1_1	51994_1_1_1	4000973.0	4000973.0	0.0	strict	51994_1_1_1	139.0	7.0	0.0	1.13
5199_1_1_1	5199_1_1_1	5199_1_1_1	3000232.0	3000232.0	0.0	moderate	5199_1_1_1	58.0	4.0	0.0	0.0
5200_1_1_1	5200_1_1_1	5200_1_1_1	3000558.0	3000558.0	0.0	moderate	5200_1_1_1	93.0	6.0	0.0	1.45
52017_1_1_1	25616_1_1_1	25616_1_1_1	4000470.0	4000470.0	0.0	strict	25616_1_1_1	94.0	5.0	0.0	0.91
52017_1_1_1	25623_1_1_1	25616_1_1_1	4000455.0	4000470.0	15.0	strict	25623_1_1_1	91.0	5.0	0.0	0.83
52017_1_1_1	52017_1_1_1	25616_1_1_1	4000430.0	4000470.0	40.0	strict	52017_1_1_1	86.0	5.0	0.0	1.45
52017_1_1_1	52018_2_2_1	25616_1_1_1	4000400.0	4000470.0	70.0	strict	52018_2_2_1	80.0	5.0	0.0	1.45
52022_1_1_1	52022_1_1_1	52022_1_1_1	4000553.0	4000553.0	0.0	strict	52022_1_1_1	79.0	7.0	0.0	0.89
52025_1_1_1	52025_1_1_1	52025_1_1_1	4000385.0	4000385.0	0.0	strict	52025_1_1_1	77.0	5.0	0.0	1.2
5202_1_1_1	5202_1_1_1	5202_1_1_1	3001456.0	3001456.0	0.0	moderate	5202_1_1_1	208.0	7.0	0.0	1.83
52046_1_1_1	52046_1_1_1	52046_1_1_1	3000687.631168598	3000687.631168598	0.0	moderate	52046_1_1_1	138.0	5.0	2.3688314023	1.28
52059_1_1_1	52059_1_1_1	52059_1_1_1	3002391.049550605	3002391.049550605	0.0	moderate	52059_1_1_1	342.0	7.0	2.950449395	1.3
5205_1_1_1	5205_1_1_1	5205_1_1_1	3000102.0	3000102.0	0.0	moderate	5205_1_1_1	34.0	3.0	0.0	0.0
52066_1_1_1	52066_1_1_1	52066_1_1_1	3000963.1009597164	3000963.1009597164	0.0	moderate	52066_1_1_1	138.0	7.0	2.8990402835	1.32
52068_1_1_1	52068_1_1_1	52068_1_1_1	3000410.134887952	3000410.134887952	0.0	moderate	52068_1_1_1	59.0	7.0	2.8651120479	1.21
52075_1_1_1	52075_1_1_1	52075_1_1_1	4000364.0	4000364.0	0.0	strict	52075_1_1_1	52.0	7.0	0.0	1.22
52089_1_1_1	52089_1_1_1	52089_1_1_1	3000693.0	3000693.0	0.0	moderate	52089_1_1_1	99.0	7.0	0.0	1.83
5208_1_1_1	5208_1_1_1	5208_1_1_1	3000915.0	3000915.0	0.0	moderate	5208_1_1_1	183.0	5.0	0.0	0.81
5210_1_1_1	5210_1_1_1	5210_1_1_1	3000270.0	3000270.0	0.0	moderate	5210_1_1_1	45.0	6.0	0.0	0.64
52143_1_1_1	52143_1_1_1	52143_1_1_1	4001245.0	4001245.0	0.0	strict	52143_1_1_1	249.0	5.0	0.0	0.99
52143_1_1_1	52034_1_1_1	52143_1_1_1	3000841.7480285224	4001245.0	1000403.2519714776	moderate	52034_1_1_1	211.0	4.0	2.2519714778	0.0
52144_1_1_1	15684_1_1_1	15684_1_1_1	4001246.0	4001246.0	0.0	strict	15684_1_1_1	178.0	7.0	0.0	1.49
52144_1_1_1	52144_1_1_1	15684_1_1_1	4000600.0	4001246.0	646.0	strict	52144_1_1_1	150.0	4.0	0.0	0.8
52144_1_1_1	4267_1_1_1	15684_1_1_1	3001232.0	4001246.0	1000014.0	moderate	4267_1_1_1	176.0	7.0	0.0	1.3
52144_1_1_1	52911_1_1_1	15684_1_1_1	3000840.0	4001246.0	1000406.0	moderate	52911_1_1_1	168.0	5.0	0.0	1.45
52146_1_1_1	52146_1_1_1	52146_1_1_1	4000560.0	4000560.0	0.0	strict	52146_1_1_1	112.0	5.0	0.0	1.04
52147_1_1_1	52147_1_1_1	52147_1_1_1	4000609.0	4000609.0	0.0	strict	52147_1_1_1	87.0	7.0	0.0	2.54
52151_1_1_1	52151_1_1_1	52151_1_1_1	4000665.0	4000665.0	0.0	strict	52151_1_1_1	95.0	7.0	0.0	1.6
52160_1_1_1	52160_1_1_1	52160_1_1_1	3000086.7928536576	3000086.7928536576	0.0	moderate	52160_1_1_1	22.0	4.0	1.2071463422	0.0
52170_1_1_1	52170_1_1_1	52170_1_1_1	4000266.0	4000266.0	0.0	strict	52170_1_1_1	38.0	7.0	0.0	0.59
52170_1_1_1	36103_1_1_1	52170_1_1_1	3000114.0	4000266.0	1000152.0	moderate	36103_1_1_1	38.0	3.0	0.0	0.0
52171_1_1_1	52171_1_1_1	52171_1_1_1	3000532.0	3000532.0	0.0	moderate	52171_1_1_1	76.0	7.0	0.0	0.78
52178_1_1_1	52178_1_1_1	52178_1_1_1	3000223.1398859	3000223.1398859	0.0	moderate	52178_1_1_1	45.0	5.0	1.8601141001	0.81
52179_1_1_1	52179_1_1_1	52179_1_1_1	3000468.0	3000468.0	0.0	moderate	52179_1_1_1	117.0	4.0	0.0	0.0
5217_1_1_1	5217_1_1_1	5217_1_1_1	3000455.0	3000455.0	0.0	moderate	5217_1_1_1	65.0	7.0	0.0	0.34
52181_1_1_1	52181_1_1_1	52181_1_1_1	3000313.5741557856	3000313.5741557856	0.0	moderate	52181_1_1_1	63.0	5.0	1.4258442142	0.55
52182_1_1_1	52182_1_1_1	52182_1_1_1	3000528.598755366	3000528.598755366	0.0	moderate	52182_1_1_1	106.0	5.0	1.4012446333	0.27
52186_1_1_1	52186_1_1_1	52186_1_1_1	3000325.0	3000325.0	0.0	moderate	52186_1_1_1	65.0	5.0	0.0	1.5
52187_1_1_1	52187_1_1_1	52187_1_1_1	4000882.0	4000882.0	0.0	strict	52187_1_1_1	126.0	7.0	0.0	0.64
52187_1_1_1	52040_1_1_1	52187_1_1_1	3000722.3352032616	4000882.0	1000159.6647967384	moderate	52040_1_1_1	145.0	5.0	2.6647967385	1.15
5218_1_1_1	5218_1_1_1	5218_1_1_1	3001456.0	3001456.0	0.0	moderate	5218_1_1_1	208.0	7.0	0.0	0.77
5218_1_1_1	26610_1_1_1	5218_1_1_1	3001137.2465708624	3001456.0	318.753429137636	moderate	26610_1_1_1	228.0	5.0	2.7534291375	1.15
52193_1_1_1	52193_1_1_1	52193_1_1_1	3001617.0	3001617.0	0.0	moderate	52193_1_1_1	231.0	7.0	0.0	0.21
52202_1_1_1	52206_1_1_1	52206_1_1_1	3000149.2667342024	3000149.2667342024	0.0	moderate	52206_1_1_1	50.0	3.0	0.7332657977	0.0
52202_1_1_1	52202_1_1_1	52206_1_1_1	3000135.0	3000149.2667342024	14.2667342023924	moderate	52202_1_1_1	45.0	3.0	0.0	0.0
52208_1_1_1	4732_1_1_1	4732_1_1_1	3000544.339604428	3000544.339604428	0.0	moderate	4732_1_1_1	91.0	6.0	1.6603955719	0.31
52208_1_1_1	52208_1_1_1	4732_1_1_1	3000308.0	3000544.339604428	236.339604428038	moderate	52208_1_1_1	77.0	4.0	0.0	0.59
52237_1_1_1	52237_1_1_1	52237_1_1_1	3000609.0	3000609.0	0.0	moderate	52237_1_1_1	87.0	7.0	0.0	1.39
52237_1_1_1	28077_1_1_1	52237_1_1_1	3000400.0	3000609.0	209.0	moderate	28077_1_1_1	80.0	5.0	0.0	1.34
52238_1_1_1	52238_1_1_1	52238_1_1_1	3001299.5502798385	3001299.5502798385	0.0	moderate	52238_1_1_1	217.0	6.0	2.4497201615	0.0
5223_1_1_1	4122_1_1_1	4122_1_1_1	3000490.0	3000490.0	0.0	moderate	4122_1_1_1	70.0	7.0	0.0	0.62
5223_1_1_1	6261_1_1_1	4122_1_1_1	3000462.0	3000490.0	28.0	moderate	6261_1_1_1	66.0	7.0	0.0	0.63
5223_1_1_1	5223_1_1_1	4122_1_1_1	3000360.0	3000490.0	130.0	moderate	5223_1_1_1	60.0	6.0	0.0	0.84
5224_1_1_1	5224_1_1_1	5224_1_1_1	3000826.0	3000826.0	0.0	moderate	5224_1_1_1	118.0	7.0	0.0	3.81
5224_1_1_1	16572_1_1_1	5224_1_1_1	3000714.0	3000826.0	112.0	moderate	16572_1_1_1	119.0	6.0	0.0	2.12
52265_1_1_1	25674_1_1_1	25674_1_1_1	3001545.0	3001545.0	0.0	moderate	25674_1_1_1	309.0	5.0	0.0	0.69
52265_1_1_1	52265_1_1_1	25674_1_1_1	3001180.0	3001545.0	365.0	moderate	52265_1_1_1	295.0	4.0	0.0	0.0
52271_1_1_1	52271_1_1_1	52271_1_1_1	4001827.0	4001827.0	0.0	strict	52271_1_1_1	261.0	7.0	0.0	0.21
52303_1_1_1	52303_1_1_1	52303_1_1_1	4000989.043089381	4000989.043089381	0.0	strict	52303_1_1_1	198.0	5.0	0.9569106189	0.21
52320_1_1_1	52320_1_1_1	52320_1_1_1	3001015.0	3001015.0	0.0	moderate	52320_1_1_1	203.0	5.0	0.0	1.64
52322_1_1_1	52322_1_1_1	52322_1_1_1	3000852.8412741856	3000852.8412741856	0.0	moderate	52322_1_1_1	171.0	5.0	2.1587258145	1.09
52323_1_1_1	52323_1_1_1	52323_1_1_1	3000768.153023687	3000768.153023687	0.0	moderate	52323_1_1_1	154.0	5.0	1.8469763126	0.92
52324_1_1_1	52324_1_1_1	52324_1_1_1	3001042.995788945	3001042.995788945	0.0	moderate	52324_1_1_1	209.0	5.0	2.0042110552	0.96
52325_1_1_1	52325_1_1_1	52325_1_1_1	3000504.0	3000504.0	0.0	moderate	52325_1_1_1	126.0	4.0	0.0	0.0
52326_1_1_1	52326_1_1_1	52326_1_1_1	3000687.6576566063	3000687.6576566063	0.0	moderate	52326_1_1_1	138.0	5.0	2.3423433939	1.05
5233_1_1_1	5233_1_1_1	5233_1_1_1	3000707.0	3000707.0	0.0	moderate	5233_1_1_1	101.0	7.0	0.0	2.04
5233_1_1_1	18608_1_1_1	5233_1_1_1	3000450.0	3000707.0	257.0	moderate	18608_1_1_1	90.0	5.0	0.0	0.29
5234_1_1_1	5234_1_1_1	5234_1_1_1	3001232.615874861	3001232.615874861	0.0	moderate	5234_1_1_1	247.0	5.0	2.3841251393	2.34
52354_1_1_1	52354_1_1_1	52354_1_1_1	4000380.0	4000380.0	0.0	strict	52354_1_1_1	76.0	5.0	0.0	1.04
52359_1_1_1	52359_1_1_1	52359_1_1_1	4000340.0	4000340.0	0.0	strict	52359_1_1_1	85.0	4.0	0.0	2.58
5235_1_1_1	5235_1_1_1	5235_1_1_1	3000763.0	3000763.0	0.0	moderate	5235_1_1_1	109.0	7.0	0.0	1.37
52363_1_1_1	52363_1_1_1	52363_1_1_1	3000615.0	3000615.0	0.0	moderate	52363_1_1_1	123.0	5.0	0.0	1.01
5236_1_1_1	5236_1_1_1	5236_1_1_1	3000302.0371808293	3000302.0371808293	0.0	moderate	5236_1_1_1	76.0	4.0	1.9628191709	0.0
52371_1_1_1	52371_1_1_1	52371_1_1_1	3001225.0	3001225.0	0.0	moderate	52371_1_1_1	175.0	7.0	0.0	0.41
52372_1_1_1	52372_1_1_1	52372_1_1_1	4000462.0	4000462.0	0.0	strict	52372_1_1_1	77.0	6.0	0.0	0.9
52374_1_1_1	52374_1_1_1	52374_1_1_1	3000861.0	3000861.0	0.0	moderate	52374_1_1_1	123.0	7.0	0.0	0.22
52379_1_1_1	52379_1_1_1	52379_1_1_1	3000877.0559367947	3000877.0559367947	0.0	moderate	52379_1_1_1	176.0	5.0	2.9440632055	1.65
5237_1_1_1	5237_1_1_1	5237_1_1_1	3000354.0	3000354.0	0.0	moderate	5237_1_1_1	59.0	6.0	0.0	0.23
52381_1_1_1	52381_1_1_1	52381_1_1_1	3000345.0	3000345.0	0.0	moderate	52381_1_1_1	69.0	5.0	0.0	3.74
5238_1_1_1	5238_1_1_1	5238_1_1_1	3000212.0	3000212.0	0.0	moderate	5238_1_1_1	53.0	4.0	0.0	0.0
52391_1_1_1	52391_1_1_1	52391_1_1_1	3000101.121486885	3000101.121486885	0.0	moderate	52391_1_1_1	26.0	4.0	2.8785131152	0.0
52392_1_1_1	27895_1_1_1	27895_1_1_1	4000624.0	4000624.0	0.0	strict	27895_1_1_1	104.0	6.0	0.0	0.36
52392_1_1_1	52392_1_1_1	27895_1_1_1	4000606.0	4000624.0	18.0	strict	52392_1_1_1	101.0	6.0	0.0	1.22
52393_1_1_1	52393_1_1_1	52393_1_1_1	3000185.408150469	3000185.408150469	0.0	moderate	52393_1_1_1	47.0	4.0	2.591849531	0.0
52399_1_1_1	52399_1_1_1	52399_1_1_1	3000530.0	3000530.0	0.0	moderate	52399_1_1_1	106.0	5.0	0.0	0.19
52405_1_1_1	52405_1_1_1	52405_1_1_1	3000069.0331241707	3000069.0331241707	0.0	moderate	52405_1_1_1	18.0	4.0	2.9668758295	0.0
52406_1_1_1	52406_1_1_1	52406_1_1_1	3000069.0582457427	3000069.0582457427	0.0	moderate	52406_1_1_1	18.0	4.0	2.9417542572	0.0
52409_1_1_1	52409_1_1_1	52409_1_1_1	3000069.1904195766	3000069.1904195766	0.0	moderate	52409_1_1_1	18.0	4.0	2.8095804235	0.0
52417_1_1_1	52417_1_1_1	52417_1_1_1	4000742.0	4000742.0	0.0	strict	52417_1_1_1	106.0	7.0	0.0	3.71
52420_1_1_1	52420_1_1_1	52420_1_1_1	3000237.130605811	3000237.130605811	0.0	moderate	52420_1_1_1	60.0	4.0	2.8693941892	1.44
52440_1_1_1	52440_1_1_1	52440_1_1_1	3000616.0	3000616.0	0.0	moderate	52440_1_1_1	88.0	7.0	0.0	0.35
52442_1_1_1	52442_1_1_1	52442_1_1_1	4000931.0	4000931.0	0.0	strict	52442_1_1_1	133.0	7.0	0.0	0.51
52442_1_1_1	15128_1_1_1	52442_1_1_1	3001057.0	4000931.0	999874.0	moderate	15128_1_1_1	151.0	7.0	0.0	5.12
52442_1_1_1	7272_1_1_1	52442_1_1_1	3000917.0	4000931.0	1000014.0	moderate	7272_1_1_1	131.0	7.0	0.0	0.5
52446_1_1_1	30909_1_1_1	30909_1_1_1	3000277.4045951865	3000277.4045951865	0.0	moderate	30909_1_1_1	40.0	7.0	2.5954048133	0.71
52446_1_1_1	52446_1_1_1	30909_1_1_1	3000140.0	3000277.4045951865	137.4045951864682	moderate	52446_1_1_1	35.0	4.0	0.0	0.0
5244_1_1_1	5244_1_1_1	5244_1_1_1	3000816.0	3000816.0	0.0	moderate	5244_1_1_1	136.0	6.0	0.0	1.47
52454_1_1_1	52449_1_1_1	52449_1_1_1	3000190.0	3000190.0	0.0	moderate	52449_1_1_1	38.0	5.0	0.0	0.53
52454_1_1_1	52452_1_1_1	52449_1_1_1	3000152.0	3000190.0	38.0	moderate	52452_1_1_1	38.0	4.0	0.0	0.0
52454_1_1_1	52454_1_1_1	52449_1_1_1	3000148.0	3000190.0	42.0	moderate	52454_1_1_1	37.0	4.0	0.0	0.0
52459_1_1_1	52459_1_1_1	52459_1_1_1	4000131.730348944	4000131.730348944	0.0	strict	52459_1_1_1	19.0	7.0	1.2696510563	0.0
5248_1_1_1	19258_1_1_1	19258_1_1_1	3000284.856552146	3000284.856552146	0.0	moderate	19258_1_1_1	41.0	7.0	2.1434478539	0.93
5248_1_1_1	19259_1_1_1	19258_1_1_1	3000284.344665518	3000284.856552146	0.5118866278789937	moderate	19259_1_1_1	41.0	7.0	2.6553344819	1.32
5248_1_1_1	34433_1_1_1	19258_1_1_1	3000198.0	3000284.856552146	86.85655214590952	moderate	34433_1_1_1	33.0	6.0	0.0	0.16
5248_1_1_1	4882_1_1_1	19258_1_1_1	3000111.0	3000284.856552146	173.85655214590952	moderate	4882_1_1_1	37.0	3.0	0.0	0.0
5248_1_1_1	5248_1_1_1	19258_1_1_1	3000096.0	3000284.856552146	188.85655214590952	moderate	5248_1_1_1	32.0	3.0	0.0	0.0
5248_1_1_1	16070_1_1_1	19258_1_1_1	3000096.0	3000284.856552146	188.85655214590952	moderate	16070_1_1_1	32.0	3.0	0.0	0.0
5248_1_1_1	19295_1_1_1	19258_1_1_1	3000096.0	3000284.856552146	188.85655214590952	moderate	19295_1_1_1	32.0	3.0	0.0	0.0
5248_1_1_1	19291_1_1_1	19258_1_1_1	3000093.0	3000284.856552146	191.85655214590952	moderate	19291_1_1_1	31.0	3.0	0.0	0.0
52494_1_1_1	52548_1_1_1	52548_1_1_1	3001345.0	3001345.0	0.0	moderate	52548_1_1_1	269.0	5.0	0.0	1.69
52494_1_1_1	52494_1_1_1	52548_1_1_1	3001284.0	3001345.0	61.0	moderate	52494_1_1_1	321.0	4.0	0.0	0.0
52494_1_1_1	52549_1_1_1	52548_1_1_1	3000948.0	3001345.0	397.0	moderate	52549_1_1_1	237.0	4.0	0.0	0.0
52498_1_1_1	52498_1_1_1	52498_1_1_1	4001757.0	4001757.0	0.0	strict	52498_1_1_1	251.0	7.0	0.0	0.62
52498_1_1_1	4022_1_1_1	52498_1_1_1	3001799.0	4001757.0	999958.0	moderate	4022_1_1_1	257.0	7.0	0.0	0.38
52498_1_1_1	27859_1_1_1	52498_1_1_1	3001165.0	4001757.0	1000592.0	moderate	27859_1_1_1	233.0	5.0	0.0	3.27
52501_1_1_1	34457_1_1_1	34457_1_1_1	4001270.0	4001270.0	0.0	strict	34457_1_1_1	254.0	5.0	0.0	2.47
52501_1_1_1	52501_1_1_1	34457_1_1_1	4001086.38341449	4001270.0	183.61658550985157	strict	52501_1_1_1	272.0	4.0	1.6165855097	0.0
52501_1_1_1	30065_1_1_1	34457_1_1_1	4001056.0	4001270.0	214.0	strict	30065_1_1_1	264.0	4.0	0.0	0.0
52501_1_1_1	27128_1_1_1	34457_1_1_1	4001036.0	4001270.0	234.0	strict	27128_1_1_1	259.0	4.0	0.0	2.22
5250_1_1_1	5250_1_1_1	5250_1_1_1	3000476.0	3000476.0	0.0	moderate	5250_1_1_1	68.0	7.0	0.0	4.42
52533_1_1_1	52533_1_1_1	52533_1_1_1	3000522.249668436	3000522.249668436	0.0	moderate	52533_1_1_1	105.0	5.0	2.7503315639	0.29
52542_1_1_1	52542_1_1_1	52542_1_1_1	4001150.0	4001150.0	0.0	strict	52542_1_1_1	230.0	5.0	0.0	0.81
52543_1_1_1	52543_1_1_1	52543_1_1_1	3000156.0	3000156.0	0.0	moderate	52543_1_1_1	26.0	6.0	0.0	0.0
52544_1_1_1	52544_1_1_1	52544_1_1_1	4000925.0	4000925.0	0.0	strict	52544_1_1_1	185.0	5.0	0.0	1.0
52545_1_1_1	52545_1_1_1	52545_1_1_1	4000266.0	4000266.0	0.0	strict	52545_1_1_1	38.0	7.0	0.0	0.92
52556_1_1_1	52556_1_1_1	52556_1_1_1	4001260.0	4001260.0	0.0	strict	52556_1_1_1	252.0	5.0	0.0	3.06
5255_1_1_1	5255_1_1_1	5255_1_1_1	3000258.0	3000258.0	0.0	moderate	5255_1_1_1	86.0	3.0	0.0	0.0
52585_1_1_1	52585_1_1_1	52585_1_1_1	4000096.0	4000096.0	0.0	strict	52585_1_1_1	24.0	4.0	0.0	0.0
52601_1_1_1	52601_1_1_1	52601_1_1_1	4000480.0	4000480.0	0.0	strict	52601_1_1_1	120.0	4.0	0.0	0.66
52601_1_1_1	52603_1_1_1	52601_1_1_1	3000357.0	4000480.0	1000123.0	moderate	52603_1_1_1	119.0	3.0	0.0	0.0
52612_1_1_1	52612_1_1_1	52612_1_1_1	4001225.0	4001225.0	0.0	strict	52612_1_1_1	245.0	5.0	0.0	0.96
52618_1_1_1	52133_1_1_1	52133_1_1_1	4000539.0	4000539.0	0.0	strict	52133_1_1_1	77.0	7.0	0.0	1.24
52618_1_1_1	52618_1_1_1	52133_1_1_1	4000518.0	4000539.0	21.0	strict	52618_1_1_1	74.0	7.0	0.0	0.36
5261_1_1_1	5261_1_1_1	5261_1_1_1	3000931.0	3000931.0	0.0	moderate	5261_1_1_1	133.0	7.0	0.0	0.69
52623_1_1_1	52623_1_1_1	52623_1_1_1	3000635.0	3000635.0	0.0	moderate	52623_1_1_1	127.0	5.0	0.0	0.66
5262_1_1_1	5262_1_1_1	5262_1_1_1	3000232.0	3000232.0	0.0	moderate	5262_1_1_1	58.0	4.0	0.0	0.0
5262_1_1_1	4510_1_1_1	5262_1_1_1	3000232.0	3000232.0	0.0	moderate	4510_1_1_1	58.0	4.0	0.0	0.0
52639_1_1_1	52639_1_1_1	52639_1_1_1	3001042.013438112	3001042.013438112	0.0	moderate	52639_1_1_1	209.0	5.0	2.9865618877	1.16
5263_1_1_1	5263_1_1_1	5263_1_1_1	3001038.0	3001038.0	0.0	moderate	5263_1_1_1	173.0	6.0	0.0	1.94
52640_1_1_1	52640_1_1_1	52640_1_1_1	4000854.0	4000854.0	0.0	strict	52640_1_1_1	122.0	7.0	0.0	1.69
52640_1_1_1	52985_1_1_1	52640_1_1_1	3000726.0	4000854.0	1000128.0	moderate	52985_1_1_1	121.0	6.0	0.0	1.9
52650_1_1_1	52650_1_1_1	52650_1_1_1	3000650.0	3000650.0	0.0	moderate	52650_1_1_1	130.0	5.0	0.0	0.49
52657_1_1_1	52657_1_1_1	52657_1_1_1	3000400.0	3000400.0	0.0	moderate	52657_1_1_1	100.0	4.0	0.0	1.1
52667_1_1_1	52667_1_1_1	52667_1_1_1	3001748.4360302426	3001748.4360302426	0.0	moderate	52667_1_1_1	350.0	5.0	1.5639697575	1.47
5267_1_1_1	5267_1_1_1	5267_1_1_1	3001183.0	3001183.0	0.0	moderate	5267_1_1_1	169.0	7.0	0.0	0.87
5268_1_1_1	5268_1_1_1	5268_1_1_1	3000126.0	3000126.0	0.0	moderate	5268_1_1_1	42.0	3.0	0.0	0.0
52702_1_1_1	52702_1_1_1	52702_1_1_1	3000354.188217111	3000354.188217111	0.0	moderate	52702_1_1_1	51.0	7.0	2.8117828892	1.1
52711_1_1_1	52710_1_1_1	52710_1_1_1	3000808.0	3000808.0	0.0	moderate	52710_1_1_1	202.0	4.0	0.0	1.09
52711_1_1_1	52711_1_1_1	52710_1_1_1	3000760.0	3000808.0	48.0	moderate	52711_1_1_1	190.0	4.0	0.0	1.24
52711_1_1_1	52709_1_1_1	52710_1_1_1	3000738.1956233666	3000808.0	69.80437663337216	moderate	52709_1_1_1	185.0	4.0	1.8043766335	1.56
52720_2_1_1	52720_2_1_1	52720_2_1_1	3001016.0	3001016.0	0.0	moderate	52720_2_1_1	254.0	4.0	0.0	0.92
52726_1_1_1	52726_1_1_1	52726_1_1_1	4000560.0	4000560.0	0.0	strict	52726_1_1_1	80.0	7.0	0.0	0.57
52726_1_1_1	52727_1_1_1	52726_1_1_1	3000240.0	4000560.0	1000320.0	moderate	52727_1_1_1	80.0	3.0	0.0	0.0
52728_1_1_1	52728_1_1_1	52728_1_1_1	3000312.434863716	3000312.434863716	0.0	moderate	52728_1_1_1	45.0	7.0	2.5651362841	1.37
52730_1_1_1	52730_1_1_1	52730_1_1_1	4000620.0	4000620.0	0.0	strict	52730_1_1_1	155.0	4.0	0.0	1.14
52735_1_1_1	52735_1_1_1	52735_1_1_1	3000267.31161438	3000267.31161438	0.0	moderate	52735_1_1_1	54.0	5.0	2.6883856198	1.03
52742_1_1_1	52742_1_1_1	52742_1_1_1	3000642.1856904407	3000642.1856904407	0.0	moderate	52742_1_1_1	129.0	5.0	2.8143095594	1.4
52742_1_1_1	52741_1_1_1	52742_1_1_1	3000637.058248456	3000642.1856904407	5.127441984601319	moderate	52741_1_1_1	128.0	5.0	2.9417515437	1.46
52746_1_1_1	15206_1_1_1	15206_1_1_1	3000550.3584593637	3000550.3584593637	0.0	moderate	15206_1_1_1	79.0	7.0	2.6415406363	1.1
52746_1_1_1	52746_1_1_1	15206_1_1_1	3000382.209424091	3000550.3584593637	168.14903527265415	moderate	52746_1_1_1	77.0	5.0	2.7905759088	1.04
5275_1_1_1	5275_1_1_1	5275_1_1_1	3001113.0	3001113.0	0.0	moderate	5275_1_1_1	159.0	7.0	0.0	1.44
52766_1_1_1	52766_1_1_1	52766_1_1_1	3001595.0	3001595.0	0.0	moderate	52766_1_1_1	319.0	5.0	0.0	0.39
52768_1_1_1	52768_1_1_1	52768_1_1_1	4000315.0	4000315.0	0.0	strict	52768_1_1_1	45.0	7.0	0.0	2.74
5276_1_1_1	5276_1_1_1	5276_1_1_1	3000350.0	3000350.0	0.0	moderate	5276_1_1_1	50.0	7.0	0.0	3.06
52796_1_1_1	52796_1_1_1	52796_1_1_1	3000337.226968765	3000337.226968765	0.0	moderate	52796_1_1_1	85.0	4.0	2.7730312353	1.24
52869_1_1_1	52869_1_1_1	52869_1_1_1	3001204.0	3001204.0	0.0	moderate	52869_1_1_1	172.0	7.0	0.0	0.25
52871_1_1_1	52871_1_1_1	52871_1_1_1	4000567.0	4000567.0	0.0	strict	52871_1_1_1	81.0	7.0	0.0	0.68
52871_1_1_1	5242_1_1_1	52871_1_1_1	3000567.0	4000567.0	1000000.0	moderate	5242_1_1_1	81.0	7.0	0.0	0.86
52872_1_1_1	18179_1_1_1	18179_1_1_1	4000819.0	4000819.0	0.0	strict	18179_1_1_1	117.0	7.0	0.0	0.5
52872_1_1_1	18178_1_1_1	18179_1_1_1	4000670.0	4000819.0	149.0	strict	18178_1_1_1	134.0	5.0	0.0	0.67
52872_1_1_1	52872_1_1_1	18179_1_1_1	4000640.0	4000819.0	179.0	strict	52872_1_1_1	128.0	5.0	0.0	2.81
52893_1_1_1	52893_1_1_1	52893_1_1_1	3000434.0	3000434.0	0.0	moderate	52893_1_1_1	62.0	7.0	0.0	0.83
52949_1_1_1	52949_1_1_1	52949_1_1_1	3001355.0	3001355.0	0.0	moderate	52949_1_1_1	271.0	5.0	0.0	1.78
52972_1_1_1	52972_1_1_1	52972_1_1_1	3000833.0	3000833.0	0.0	moderate	52972_1_1_1	119.0	7.0	0.0	1.12
52973_1_1_1	52973_1_1_1	52973_1_1_1	3001072.814166645	3001072.814166645	0.0	moderate	52973_1_1_1	215.0	5.0	2.1858333549	0.99
52974_1_1_1	52974_1_1_1	52974_1_1_1	3001771.0	3001771.0	0.0	moderate	52974_1_1_1	253.0	7.0	0.0	1.67
5297_1_1_1	5297_1_1_1	5297_1_1_1	3000805.0	3000805.0	0.0	moderate	5297_1_1_1	115.0	7.0	0.0	1.46
52980_1_1_1	6310_1_1_1	6310_1_1_1	3001120.0	3001120.0	0.0	moderate	6310_1_1_1	160.0	7.0	0.0	0.55
52980_1_1_1	15922_1_1_1	6310_1_1_1	3001092.0	3001120.0	28.0	moderate	15922_1_1_1	182.0	6.0	0.0	0.22
52980_1_1_1	52980_1_1_1	6310_1_1_1	3000750.0	3001120.0	370.0	moderate	52980_1_1_1	150.0	5.0	0.0	2.94
53009_1_1_1	53009_1_1_1	53009_1_1_1	3000581.0	3000581.0	0.0	moderate	53009_1_1_1	83.0	7.0	0.0	2.44
5300_1_1_1	5300_1_1_1	5300_1_1_1	3001108.3423070298	3001108.3423070298	0.0	moderate	5300_1_1_1	185.0	6.0	1.6576929702	0.64
53015_2_1_1	53015_2_1_1	53015_2_1_1	3000503.032614909	3000503.032614909	0.0	moderate	53015_2_1_1	101.0	5.0	1.9673850909	0.9
53020_1_1_1	53020_1_1_1	53020_1_1_1	3000288.0	3000288.0	0.0	moderate	53020_1_1_1	48.0	6.0	0.0	0.32
53022_1_1_1	30532_1_1_1	30532_1_1_1	4000399.0	4000399.0	0.0	strict	30532_1_1_1	57.0	7.0	0.0	1.52
53022_1_1_1	25910_1_1_1	30532_1_1_1	4000385.0	4000399.0	14.0	strict	25910_1_1_1	55.0	7.0	0.0	2.68
53022_1_1_1	15408_1_1_1	30532_1_1_1	4000385.0	4000399.0	14.0	strict	15408_1_1_1	55.0	7.0	0.0	1.88
53022_1_1_1	27031_1_1_1	30532_1_1_1	4000385.0	4000399.0	14.0	strict	27031_1_1_1	55.0	7.0	0.0	1.48
53022_1_1_1	27032_1_1_1	30532_1_1_1	4000385.0	4000399.0	14.0	strict	27032_1_1_1	55.0	7.0	0.0	1.0
53022_1_1_1	27343_1_1_1	30532_1_1_1	4000385.0	4000399.0	14.0	strict	27343_1_1_1	55.0	7.0	0.0	1.96
53022_1_1_1	30222_1_1_1	30532_1_1_1	4000378.0	4000399.0	21.0	strict	30222_1_1_1	54.0	7.0	0.0	1.38
53022_1_1_1	30221_1_1_1	30532_1_1_1	4000378.0	4000399.0	21.0	strict	30221_1_1_1	54.0	7.0	0.0	1.04
53022_1_1_1	30220_1_1_1	30532_1_1_1	4000378.0	4000399.0	21.0	strict	30220_1_1_1	54.0	7.0	0.0	1.66
53022_1_1_1	27030_1_1_1	30532_1_1_1	4000364.0	4000399.0	35.0	strict	27030_1_1_1	52.0	7.0	0.0	1.32
53022_1_1_1	18531_1_1_1	30532_1_1_1	4000324.0	4000399.0	75.0	strict	18531_1_1_1	54.0	6.0	0.0	1.53
53022_1_1_1	50910_1_1_1	30532_1_1_1	4000324.0	4000399.0	75.0	strict	50910_1_1_1	54.0	6.0	0.0	0.97
53022_1_1_1	53022_1_1_1	30532_1_1_1	4000305.0	4000399.0	94.0	strict	53022_1_1_1	61.0	5.0	0.0	1.64
53022_1_1_1	53011_1_1_1	30532_1_1_1	4000305.0	4000399.0	94.0	strict	53011_1_1_1	61.0	5.0	0.0	2.6
53022_1_1_1	26632_1_1_1	30532_1_1_1	4000285.0	4000399.0	114.0	strict	26632_1_1_1	57.0	5.0	0.0	1.61
53022_1_1_1	26630_1_1_1	30532_1_1_1	4000280.0	4000399.0	119.0	strict	26630_1_1_1	56.0	5.0	0.0	1.63
53022_1_1_1	50909_1_1_1	30532_1_1_1	4000265.0	4000399.0	134.0	strict	50909_1_1_1	53.0	5.0	0.0	1.91
53022_1_1_1	52448_1_1_1	30532_1_1_1	3000372.0	4000399.0	1000027.0	moderate	52448_1_1_1	62.0	6.0	0.0	1.7
53022_1_1_1	7280_1_1_1	30532_1_1_1	3000336.0	4000399.0	1000063.0	moderate	7280_1_1_1	56.0	6.0	0.0	1.28
53022_1_1_1	5875_1_1_1	30532_1_1_1	3000324.0	4000399.0	1000075.0	moderate	5875_1_1_1	54.0	6.0	0.0	1.15
53022_1_1_1	53003_1_1_1	30532_1_1_1	3000230.0	4000399.0	1000169.0	moderate	53003_1_1_1	46.0	5.0	0.0	2.96
53022_1_1_1	1639_1_1_1	30532_1_1_1	3000186.0	4000399.0	1000213.0	moderate	1639_1_1_1	62.0	3.0	0.0	0.0
53022_1_1_1	34700_1_1_1	30532_1_1_1	3000165.0	4000399.0	1000234.0	moderate	34700_1_1_1	55.0	3.0	0.0	0.0
53022_1_1_1	5151_1_1_1	30532_1_1_1	3000165.0	4000399.0	1000234.0	moderate	5151_1_1_1	55.0	3.0	0.0	0.0
53022_1_1_1	2575_1_1_1	30532_1_1_1	3000162.0	4000399.0	1000237.0	moderate	2575_1_1_1	54.0	3.0	0.0	0.0
53022_1_1_1	26716_5_1_1	30532_1_1_1	3000162.0	4000399.0	1000237.0	moderate	26716_5_1_1	54.0	3.0	0.0	0.0
53022_1_1_1	31116_1_1_1	30532_1_1_1	3000159.0	4000399.0	1000240.0	moderate	31116_1_1_1	53.0	3.0	0.0	0.0
53022_1_1_1	5152_1_1_1	30532_1_1_1	3000159.0	4000399.0	1000240.0	moderate	5152_1_1_1	53.0	3.0	0.0	0.0
53082_1_1_1	53082_1_1_1	53082_1_1_1	3000819.0	3000819.0	0.0	moderate	53082_1_1_1	117.0	7.0	0.0	0.36
53091_1_1_1	53021_1_1_1	53021_1_1_1	3000753.9013191387	3000753.9013191387	0.0	moderate	53021_1_1_1	108.0	7.0	2.0986808612	1.09
53091_1_1_1	53091_1_1_1	53021_1_1_1	3000373.1982118366	3000753.9013191387	380.7031073020771	moderate	53091_1_1_1	94.0	4.0	2.8017881634	1.53
5311_1_1_1	5311_1_1_1	5311_1_1_1	3000721.0	3000721.0	0.0	moderate	5311_1_1_1	103.0	7.0	0.0	2.07
53124_1_1_1	53124_1_1_1	53124_1_1_1	4000775.0	4000775.0	0.0	strict	53124_1_1_1	155.0	5.0	0.0	2.89
53125_1_1_1	53125_1_1_1	53125_1_1_1	3000470.0	3000470.0	0.0	moderate	53125_1_1_1	94.0	5.0	0.0	0.64
53127_1_1_1	53127_1_1_1	53127_1_1_1	3001692.0864982978	3001692.0864982978	0.0	moderate	53127_1_1_1	339.0	5.0	2.9135017022	0.97
53131_1_1_1	53131_1_1_1	53131_1_1_1	3000836.0	3000836.0	0.0	moderate	53131_1_1_1	209.0	4.0	0.0	1.36
5316_1_1_1	5316_1_1_1	5316_1_1_1	3001972.5793148447	3001972.5793148447	0.0	moderate	5316_1_1_1	282.0	7.0	1.4206851552	0.57
53204_1_1_1	53204_1_1_1	53204_1_1_1	4000505.0	4000505.0	0.0	strict	53204_1_1_1	101.0	5.0	0.0	2.84
53226_1_1_1	53226_1_1_1	53226_1_1_1	3000543.2716795886	3000543.2716795886	0.0	moderate	53226_1_1_1	91.0	6.0	2.7283204114	1.91
5322_1_1_1	5322_1_1_1	5322_1_1_1	3000198.0	3000198.0	0.0	moderate	5322_1_1_1	66.0	3.0	0.0	0.0
53231_1_1_1	53231_1_1_1	53231_1_1_1	3000470.0	3000470.0	0.0	moderate	53231_1_1_1	94.0	5.0	0.0	0.93
5323_1_1_1	5323_1_1_1	5323_1_1_1	3000328.0	3000328.0	0.0	moderate	5323_1_1_1	82.0	4.0	0.0	0.0
5324_1_1_1	5324_1_1_1	5324_1_1_1	3000948.0	3000948.0	0.0	moderate	5324_1_1_1	158.0	6.0	0.0	3.67
5325_1_1_1	5325_1_1_1	5325_1_1_1	3000201.0	3000201.0	0.0	moderate	5325_1_1_1	67.0	3.0	0.0	0.0
53287_1_1_1	53287_1_1_1	53287_1_1_1	4000910.0	4000910.0	0.0	strict	53287_1_1_1	130.0	7.0	0.0	3.37
5328_1_1_1	5328_1_1_1	5328_1_1_1	3000623.0	3000623.0	0.0	moderate	5328_1_1_1	89.0	7.0	0.0	0.54
53306_1_1_1	53304_1_1_1	53304_1_1_1	4000861.0	4000861.0	0.0	strict	53304_1_1_1	123.0	7.0	0.0	2.13
53306_1_1_1	53306_1_1_1	53304_1_1_1	4000605.0	4000861.0	256.0	strict	53306_1_1_1	121.0	5.0	0.0	2.21
53327_1_1_1	53327_1_1_1	53327_1_1_1	3000120.0	3000120.0	0.0	moderate	53327_1_1_1	20.0	6.0	0.0	0.0
5334_1_1_1	4649_1_1_1	4649_1_1_1	3000924.0	3000924.0	0.0	moderate	4649_1_1_1	132.0	7.0	0.0	1.04
5334_1_1_1	5334_1_1_1	4649_1_1_1	3000903.0	3000924.0	21.0	moderate	5334_1_1_1	129.0	7.0	0.0	0.6
5338_1_1_1	5338_1_1_1	5338_1_1_1	3000156.0	3000156.0	0.0	moderate	5338_1_1_1	39.0	4.0	0.0	0.0
53392_1_1_1	53392_1_1_1	53392_1_1_1	3001211.0	3001211.0	0.0	moderate	53392_1_1_1	173.0	7.0	0.0	3.34
53396_1_1_1	53396_1_1_1	53396_1_1_1	3000550.079545563	3000550.079545563	0.0	moderate	53396_1_1_1	79.0	7.0	2.9204544369	0.91
5340_1_1_1	5340_1_1_1	5340_1_1_1	3000892.113387268	3000892.113387268	0.0	moderate	5340_1_1_1	179.0	5.0	2.8866127318	0.79
5341_1_1_1	5341_1_1_1	5341_1_1_1	3000604.0	3000604.0	0.0	moderate	5341_1_1_1	151.0	4.0	0.0	0.0
5350_1_1_1	5350_1_1_1	5350_1_1_1	3000725.0	3000725.0	0.0	moderate	5350_1_1_1	145.0	5.0	0.0	0.0
5354_1_1_1	5354_1_1_1	5354_1_1_1	3000774.2683423953	3000774.2683423953	0.0	moderate	5354_1_1_1	111.0	7.0	2.7316576045	0.86
5356_1_1_1	5356_1_1_1	5356_1_1_1	3000455.0	3000455.0	0.0	moderate	5356_1_1_1	65.0	7.0	0.0	0.89
5356_1_1_1	19668_1_1_1	5356_1_1_1	3000455.0	3000455.0	0.0	moderate	19668_1_1_1	65.0	7.0	0.0	0.78
5360_1_1_1	5360_1_1_1	5360_1_1_1	3000213.0	3000213.0	0.0	moderate	5360_1_1_1	71.0	3.0	0.0	0.0
5364_1_1_1	5364_1_1_1	5364_1_1_1	3000195.0	3000195.0	0.0	moderate	5364_1_1_1	65.0	3.0	0.0	0.0
5366_1_1_1	5366_1_1_1	5366_1_1_1	3000812.0	3000812.0	0.0	moderate	5366_1_1_1	116.0	7.0	0.0	2.07
5373_1_1_1	5373_1_1_1	5373_1_1_1	3000777.0	3000777.0	0.0	moderate	5373_1_1_1	111.0	7.0	0.0	2.38
5382_1_1_1	5382_1_1_1	5382_1_1_1	3001030.0	3001030.0	0.0	moderate	5382_1_1_1	206.0	5.0	0.0	0.0
5383_1_1_1	5383_1_1_1	5383_1_1_1	3000180.0	3000180.0	0.0	moderate	5383_1_1_1	60.0	3.0	0.0	0.0
5391_1_1_1	5391_1_1_1	5391_1_1_1	3000691.2649416714	3000691.2649416714	0.0	moderate	5391_1_1_1	99.0	7.0	1.7350583284	0.92
5393_1_1_1	5393_1_1_1	5393_1_1_1	3001211.0	3001211.0	0.0	moderate	5393_1_1_1	173.0	7.0	0.0	1.97
5398_1_1_1	5398_1_1_1	5398_1_1_1	3001288.0	3001288.0	0.0	moderate	5398_1_1_1	184.0	7.0	0.0	0.28
5399_1_1_1	5399_1_1_1	5399_1_1_1	3000662.134718911	3000662.134718911	0.0	moderate	5399_1_1_1	95.0	7.0	2.8652810891	0.54
5402_1_1_1	5402_1_1_1	5402_1_1_1	3000770.0	3000770.0	0.0	moderate	5402_1_1_1	110.0	7.0	0.0	0.93
5407_1_1_1	5407_1_1_1	5407_1_1_1	3000742.0	3000742.0	0.0	moderate	5407_1_1_1	106.0	7.0	0.0	3.11
5456_1_1_1	5456_1_1_1	5456_1_1_1	3000772.0	3000772.0	0.0	moderate	5456_1_1_1	193.0	4.0	0.0	1.34
5458_1_1_1	5458_1_1_1	5458_1_1_1	3000910.0	3000910.0	0.0	moderate	5458_1_1_1	182.0	5.0	0.0	0.73
5459_1_1_1	5459_1_1_1	5459_1_1_1	3000371.0	3000371.0	0.0	moderate	5459_1_1_1	53.0	7.0	0.0	0.48
5462_1_1_1	5462_1_1_1	5462_1_1_1	3001195.0	3001195.0	0.0	moderate	5462_1_1_1	239.0	5.0	0.0	1.41
5463_1_1_1	5463_1_1_1	5463_1_1_1	3000057.0	3000057.0	0.0	moderate	5463_1_1_1	19.0	3.0	0.0	0.0
5463_1_1_1	20080_1_1_1	5463_1_1_1	3000057.0	3000057.0	0.0	moderate	20080_1_1_1	19.0	3.0	0.0	0.0
5465_1_1_1	5465_1_1_1	5465_1_1_1	3000574.0	3000574.0	0.0	moderate	5465_1_1_1	82.0	7.0	0.0	0.16
5465_1_1_1	5951_1_1_1	5465_1_1_1	3000288.0	3000574.0	286.0	moderate	5951_1_1_1	72.0	4.0	0.0	0.0
5467_1_1_1	5467_1_1_1	5467_1_1_1	3000595.0	3000595.0	0.0	moderate	5467_1_1_1	85.0	7.0	0.0	0.99
5468_1_1_1	5468_1_1_1	5468_1_1_1	3001548.0	3001548.0	0.0	moderate	5468_1_1_1	258.0	6.0	0.0	1.18
5471_1_1_1	5471_1_1_1	5471_1_1_1	3003515.0	3003515.0	0.0	moderate	5471_1_1_1	703.0	5.0	0.0	0.78
5481_1_1_1	5481_1_1_1	5481_1_1_1	3000497.0	3000497.0	0.0	moderate	5481_1_1_1	71.0	7.0	0.0	1.73
5482_1_1_1	5482_1_1_1	5482_1_1_1	3000663.3687273897	3000663.3687273897	0.0	moderate	5482_1_1_1	111.0	6.0	2.6312726105	0.49
5484_1_1_1	5484_1_1_1	5484_1_1_1	3000725.0	3000725.0	0.0	moderate	5484_1_1_1	145.0	5.0	0.0	1.02
5485_1_1_1	5485_1_1_1	5485_1_1_1	3000588.0	3000588.0	0.0	moderate	5485_1_1_1	98.0	6.0	0.0	1.76
5492_1_1_1	4259_1_1_1	4259_1_1_1	3000564.0	3000564.0	0.0	moderate	4259_1_1_1	94.0	6.0	0.0	0.0
5492_1_1_1	5492_1_1_1	4259_1_1_1	3000360.0	3000564.0	204.0	moderate	5492_1_1_1	90.0	4.0	0.0	0.0
5493_1_1_1	5493_1_1_1	5493_1_1_1	3000535.0	3000535.0	0.0	moderate	5493_1_1_1	107.0	5.0	0.0	0.56
5497_1_1_1	5497_1_1_1	5497_1_1_1	3000854.0	3000854.0	0.0	moderate	5497_1_1_1	122.0	7.0	0.0	0.96
5499_1_1_1	5499_1_1_1	5499_1_1_1	3000623.0	3000623.0	0.0	moderate	5499_1_1_1	89.0	7.0	0.0	0.8
5503_1_1_1	5503_1_1_1	5503_1_1_1	3000234.0	3000234.0	0.0	moderate	5503_1_1_1	78.0	3.0	0.0	0.0
5506_1_1_1	5506_1_1_1	5506_1_1_1	3000762.0	3000762.0	0.0	moderate	5506_1_1_1	127.0	6.0	0.0	2.85
5512_1_1_1	16310_1_1_1	16310_1_1_1	3000720.0	3000720.0	0.0	moderate	16310_1_1_1	120.0	6.0	0.0	2.37
5512_1_1_1	5512_1_1_1	16310_1_1_1	3000369.0	3000720.0	351.0	moderate	5512_1_1_1	123.0	3.0	0.0	0.0
5513_1_1_1	4965_1_1_1	4965_1_1_1	3000998.976335416	3000998.976335416	0.0	moderate	4965_1_1_1	143.0	7.0	2.0236645837	0.19
5513_1_1_1	5513_1_1_1	4965_1_1_1	3000952.0	3000998.976335416	46.97633541608229	moderate	5513_1_1_1	136.0	7.0	0.0	2.09
5515_1_1_1	5515_1_1_1	5515_1_1_1	3000578.639131385	3000578.639131385	0.0	moderate	5515_1_1_1	83.0	7.0	2.3608686149	0.5
5524_1_1_1	5524_1_1_1	5524_1_1_1	3000798.0	3000798.0	0.0	moderate	5524_1_1_1	114.0	7.0	0.0	0.98
5534_1_1_1	5534_1_1_1	5534_1_1_1	3000335.0	3000335.0	0.0	moderate	5534_1_1_1	67.0	5.0	0.0	0.1
5535_1_1_1	5535_1_1_1	5535_1_1_1	3000214.570627403	3000214.570627403	0.0	moderate	5535_1_1_1	72.0	3.0	1.429372597	0.0
5538_1_1_1	5538_1_1_1	5538_1_1_1	3000749.0	3000749.0	0.0	moderate	5538_1_1_1	107.0	7.0	0.0	0.64
5541_1_1_1	5541_1_1_1	5541_1_1_1	3000528.0	3000528.0	0.0	moderate	5541_1_1_1	132.0	4.0	0.0	0.0
5547_1_1_1	5547_1_1_1	5547_1_1_1	3001235.0	3001235.0	0.0	moderate	5547_1_1_1	247.0	5.0	0.0	3.65
5551_1_1_1	5551_1_1_1	5551_1_1_1	3000198.0	3000198.0	0.0	moderate	5551_1_1_1	66.0	3.0	0.0	0.0
5554_1_1_1	15020_1_1_1	15020_1_1_1	3000973.0	3000973.0	0.0	moderate	15020_1_1_1	139.0	7.0	0.0	1.59
5554_1_1_1	5554_1_1_1	15020_1_1_1	3000882.0	3000973.0	91.0	moderate	5554_1_1_1	126.0	7.0	0.0	1.4
5557_2_1_1	5557_2_1_1	5557_2_1_1	3000800.0	3000800.0	0.0	moderate	5557_2_1_1	160.0	5.0	0.0	1.07
5560_1_1_1	5560_1_1_1	5560_1_1_1	3000763.0	3000763.0	0.0	moderate	5560_1_1_1	109.0	7.0	0.0	1.11
5561_1_1_1	5561_1_1_1	5561_1_1_1	3000316.0	3000316.0	0.0	moderate	5561_1_1_1	79.0	4.0	0.0	0.0
5564_1_1_1	5564_1_1_1	5564_1_1_1	3000882.0	3000882.0	0.0	moderate	5564_1_1_1	126.0	7.0	0.0	2.81
5566_1_1_1	5566_1_1_1	5566_1_1_1	3001077.651831659	3001077.651831659	0.0	moderate	5566_1_1_1	180.0	6.0	2.3481683409	0.92
5567_1_1_1	5567_1_1_1	5567_1_1_1	3000696.0	3000696.0	0.0	moderate	5567_1_1_1	116.0	6.0	0.0	0.29
5568_1_1_1	5568_1_1_1	5568_1_1_1	3000693.0	3000693.0	0.0	moderate	5568_1_1_1	99.0	7.0	0.0	1.48
5570_1_1_1	5570_1_1_1	5570_1_1_1	3001141.0	3001141.0	0.0	moderate	5570_1_1_1	163.0	7.0	0.0	1.72
5573_1_1_1	5573_1_1_1	5573_1_1_1	3000616.0	3000616.0	0.0	moderate	5573_1_1_1	88.0	7.0	0.0	3.15
5577_1_1_1	5577_1_1_1	5577_1_1_1	3001194.0	3001194.0	0.0	moderate	5577_1_1_1	199.0	6.0	0.0	0.81
5579_1_1_1	5579_1_1_1	5579_1_1_1	3000924.0	3000924.0	0.0	moderate	5579_1_1_1	132.0	7.0	0.0	5.2
5579_1_1_1	4681_1_1_1	5579_1_1_1	3000924.0	3000924.0	0.0	moderate	4681_1_1_1	132.0	7.0	0.0	5.59
5579_1_1_1	5048_1_1_1	5579_1_1_1	3000508.0	3000924.0	416.0	moderate	5048_1_1_1	127.0	4.0	0.0	0.0
5583_1_1_1	5583_1_1_1	5583_1_1_1	3000189.0	3000189.0	0.0	moderate	5583_1_1_1	63.0	3.0	0.0	0.0
5589_1_1_1	5589_1_1_1	5589_1_1_1	3000882.0	3000882.0	0.0	moderate	5589_1_1_1	126.0	7.0	0.0	0.43
5590_1_1_1	11038_1_1_1	11038_1_1_1	3000823.5675153127	3000823.5675153127	0.0	moderate	11038_1_1_1	118.0	7.0	2.4324846871	2.12
5590_1_1_1	5590_1_1_1	11038_1_1_1	3000812.0	3000823.5675153127	11.567515312694013	moderate	5590_1_1_1	116.0	7.0	0.0	2.12
5591_1_1_1	5591_1_1_1	5591_1_1_1	3000658.0	3000658.0	0.0	moderate	5591_1_1_1	94.0	7.0	0.0	1.81
5594_1_1_1	5594_1_1_1	5594_1_1_1	3000294.0	3000294.0	0.0	moderate	5594_1_1_1	49.0	6.0	0.0	2.9
5595_1_1_1	5595_1_1_1	5595_1_1_1	3001159.7422900037	3001159.7422900037	0.0	moderate	5595_1_1_1	166.0	7.0	2.2577099962	0.14
5596_1_1_1	5596_1_1_1	5596_1_1_1	3000721.0	3000721.0	0.0	moderate	5596_1_1_1	103.0	7.0	0.0	0.94
5598_1_1_1	5598_1_1_1	5598_1_1_1	3000690.6631145445	3000690.6631145445	0.0	moderate	5598_1_1_1	99.0	7.0	2.3368854557	0.39
5602_1_1_1	5602_1_1_1	5602_1_1_1	3000980.0	3000980.0	0.0	moderate	5602_1_1_1	140.0	7.0	0.0	2.69
5603_1_1_1	5603_1_1_1	5603_1_1_1	3000642.024716849	3000642.024716849	0.0	moderate	5603_1_1_1	92.0	7.0	1.9752831509	0.24
5604_1_1_1	5604_1_1_1	5604_1_1_1	3000284.0	3000284.0	0.0	moderate	5604_1_1_1	71.0	4.0	0.0	0.0
5606_1_1_1	5606_1_1_1	5606_1_1_1	3000896.0	3000896.0	0.0	moderate	5606_1_1_1	128.0	7.0	0.0	0.51
5607_1_1_1	5607_1_1_1	5607_1_1_1	3000104.0	3000104.0	0.0	moderate	5607_1_1_1	26.0	4.0	0.0	0.0
5607_1_1_1	4432_1_1_1	5607_1_1_1	3000063.0	3000104.0	41.0	moderate	4432_1_1_1	21.0	3.0	0.0	0.0
5607_1_1_1	4433_1_1_1	5607_1_1_1	3000063.0	3000104.0	41.0	moderate	4433_1_1_1	21.0	3.0	0.0	0.0
5615_1_1_1	5615_1_1_1	5615_1_1_1	3000641.4314740147	3000641.4314740147	0.0	moderate	5615_1_1_1	92.0	7.0	2.5685259855	0.79
5617_1_1_1	5617_1_1_1	5617_1_1_1	3000177.0	3000177.0	0.0	moderate	5617_1_1_1	59.0	3.0	0.0	0.0
5622_1_1_1	5622_1_1_1	5622_1_1_1	3000581.0	3000581.0	0.0	moderate	5622_1_1_1	83.0	7.0	0.0	1.42
5622_1_1_1	4817_1_1_1	5622_1_1_1	3000480.0	3000581.0	101.0	moderate	4817_1_1_1	80.0	6.0	0.0	0.49
5623_1_1_1	5623_1_1_1	5623_1_1_1	3000896.0	3000896.0	0.0	moderate	5623_1_1_1	128.0	7.0	0.0	0.08
5624_1_1_1	5624_1_1_1	5624_1_1_1	3000774.2666389653	3000774.2666389653	0.0	moderate	5624_1_1_1	111.0	7.0	2.7333610345	1.14
5626_1_1_1	5626_1_1_1	5626_1_1_1	3000628.0	3000628.0	0.0	moderate	5626_1_1_1	157.0	4.0	0.0	0.0
5628_1_1_1	5628_1_1_1	5628_1_1_1	3000960.0	3000960.0	0.0	moderate	5628_1_1_1	160.0	6.0	0.0	0.42
5629_1_1_1	5629_1_1_1	5629_1_1_1	3000760.0009768987	3000760.0009768987	0.0	moderate	5629_1_1_1	109.0	7.0	2.9990231012	0.34
5630_1_1_1	5630_1_1_1	5630_1_1_1	3001022.0	3001022.0	0.0	moderate	5630_1_1_1	146.0	7.0	0.0	0.45
5653_1_1_1	5653_1_1_1	5653_1_1_1	3000532.0	3000532.0	0.0	moderate	5653_1_1_1	76.0	7.0	0.0	0.52
5658_1_1_1	5658_1_1_1	5658_1_1_1	3000780.0	3000780.0	0.0	moderate	5658_1_1_1	156.0	5.0	0.0	0.85
5659_1_1_1	5659_1_1_1	5659_1_1_1	3001253.0	3001253.0	0.0	moderate	5659_1_1_1	179.0	7.0	0.0	1.85
5661_1_1_1	5661_1_1_1	5661_1_1_1	3000666.0	3000666.0	0.0	moderate	5661_1_1_1	111.0	6.0	0.0	0.84
5662_1_1_1	5663_1_1_1	5663_1_1_1	3000679.0	3000679.0	0.0	moderate	5663_1_1_1	97.0	7.0	0.0	0.83
5662_1_1_1	5662_1_1_1	5663_1_1_1	3000570.0	3000679.0	109.0	moderate	5662_1_1_1	95.0	6.0	0.0	1.26
5662_1_1_1	5175_1_1_1	5663_1_1_1	3000504.0	3000679.0	175.0	moderate	5175_1_1_1	84.0	6.0	0.0	1.22
5664_1_1_1	5664_1_1_1	5664_1_1_1	3000370.8565819925	3000370.8565819925	0.0	moderate	5664_1_1_1	93.0	4.0	1.1434180075	0.0
5665_1_1_1	5665_1_1_1	5665_1_1_1	3000329.0	3000329.0	0.0	moderate	5665_1_1_1	47.0	7.0	0.0	1.7
5673_1_1_1	23_1_1_1	23_1_1_1	3000081.0	3000081.0	0.0	moderate	23_1_1_1	27.0	3.0	0.0	0.0
5673_1_1_1	5673_1_1_1	23_1_1_1	3000078.0	3000081.0	3.0	moderate	5673_1_1_1	26.0	3.0	0.0	0.0
5677_1_1_1	5677_1_1_1	5677_1_1_1	3000966.0	3000966.0	0.0	moderate	5677_1_1_1	138.0	7.0	0.0	1.03
5677_1_1_1	17974_1_1_1	5677_1_1_1	3000792.0	3000966.0	174.0	moderate	17974_1_1_1	132.0	6.0	0.0	2.95
5677_1_1_1	5924_1_1_1	5677_1_1_1	3000750.0	3000966.0	216.0	moderate	5924_1_1_1	125.0	6.0	0.0	2.65
5677_1_1_1	5266_1_1_1	5677_1_1_1	3000544.0	3000966.0	422.0	moderate	5266_1_1_1	136.0	4.0	0.0	0.75
5678_1_1_1	5678_1_1_1	5678_1_1_1	3001064.0	3001064.0	0.0	moderate	5678_1_1_1	152.0	7.0	0.0	2.59
5679_1_1_1	5772_1_1_1	5772_1_1_1	3000938.0	3000938.0	0.0	moderate	5772_1_1_1	134.0	7.0	0.0	1.66
5679_1_1_1	5679_1_1_1	5772_1_1_1	3000889.0	3000938.0	49.0	moderate	5679_1_1_1	127.0	7.0	0.0	3.01
5682_1_1_1	5682_1_1_1	5682_1_1_1	3000385.0	3000385.0	0.0	moderate	5682_1_1_1	55.0	7.0	0.0	1.6
5683_1_1_1	5683_1_1_1	5683_1_1_1	3000798.0	3000798.0	0.0	moderate	5683_1_1_1	114.0	7.0	0.0	2.45
5686_1_1_1	5686_1_1_1	5686_1_1_1	3001519.0	3001519.0	0.0	moderate	5686_1_1_1	217.0	7.0	0.0	1.62
5687_1_1_1	5687_1_1_1	5687_1_1_1	3000700.0	3000700.0	0.0	moderate	5687_1_1_1	100.0	7.0	0.0	0.7
5687_1_1_1	15437_1_1_1	5687_1_1_1	3000700.0	3000700.0	0.0	moderate	15437_1_1_1	100.0	7.0	0.0	0.69
5688_1_1_1	5688_1_1_1	5688_1_1_1	3000618.0	3000618.0	0.0	moderate	5688_1_1_1	103.0	6.0	0.0	0.0
5695_1_1_1	5695_1_1_1	5695_1_1_1	3000602.0	3000602.0	0.0	moderate	5695_1_1_1	86.0	7.0	0.0	0.69
5696_1_1_1	10061_1_1_1	10061_1_1_1	3000609.0	3000609.0	0.0	moderate	10061_1_1_1	87.0	7.0	0.0	0.81
5696_1_1_1	6452_1_1_1	10061_1_1_1	3000588.0	3000609.0	21.0	moderate	6452_1_1_1	84.0	7.0	0.0	0.62
5696_1_1_1	5696_1_1_1	10061_1_1_1	3000581.0	3000609.0	28.0	moderate	5696_1_1_1	83.0	7.0	0.0	0.56
5699_1_1_1	5699_1_1_1	5699_1_1_1	3000054.452863248	3000054.452863248	0.0	moderate	5699_1_1_1	19.0	3.0	2.5471367521	0.0
5701_1_1_1	5701_1_1_1	5701_1_1_1	3001169.0	3001169.0	0.0	moderate	5701_1_1_1	167.0	7.0	0.0	0.98
5704_1_1_1	5704_1_1_1	5704_1_1_1	3000644.0	3000644.0	0.0	moderate	5704_1_1_1	92.0	7.0	0.0	2.89
5706_1_1_1	5706_1_1_1	5706_1_1_1	3000791.0	3000791.0	0.0	moderate	5706_1_1_1	113.0	7.0	0.0	0.66
5709_1_1_1	5709_1_1_1	5709_1_1_1	3000812.0	3000812.0	0.0	moderate	5709_1_1_1	116.0	7.0	0.0	0.15
5710_1_1_1	5710_1_1_1	5710_1_1_1	3000532.0661827615	3000532.0661827615	0.0	moderate	5710_1_1_1	89.0	6.0	1.9338172385	2.24
5711_1_1_1	5711_1_1_1	5711_1_1_1	3000450.0	3000450.0	0.0	moderate	5711_1_1_1	75.0	6.0	0.0	2.1
5719_1_1_1	5719_1_1_1	5719_1_1_1	3000739.3667500517	3000739.3667500517	0.0	moderate	5719_1_1_1	106.0	7.0	2.6332499483	1.42
5721_1_1_1	5721_1_1_1	5721_1_1_1	3001512.0	3001512.0	0.0	moderate	5721_1_1_1	252.0	6.0	0.0	0.94
5732_1_1_1	5732_1_1_1	5732_1_1_1	3000096.0	3000096.0	0.0	moderate	5732_1_1_1	32.0	3.0	0.0	0.0
5733_1_1_1	5733_1_1_1	5733_1_1_1	3000057.0	3000057.0	0.0	moderate	5733_1_1_1	19.0	3.0	0.0	0.0
5742_1_1_1	5742_1_1_1	5742_1_1_1	3001014.0	3001014.0	0.0	moderate	5742_1_1_1	169.0	6.0	0.0	2.57
5747_1_1_1	5747_1_1_1	5747_1_1_1	3000138.0	3000138.0	0.0	moderate	5747_1_1_1	46.0	3.0	0.0	0.0
5748_1_1_1	5748_1_1_1	5748_1_1_1	3000702.0	3000702.0	0.0	moderate	5748_1_1_1	117.0	6.0	0.0	0.73
5750_1_1_1	5750_1_1_1	5750_1_1_1	3000424.38035815	3000424.38035815	0.0	moderate	5750_1_1_1	61.0	7.0	2.6196418497	0.23
5756_1_1_1	5756_1_1_1	5756_1_1_1	3001236.3015842503	3001236.3015842503	0.0	moderate	5756_1_1_1	177.0	7.0	2.6984157495	1.05
5758_1_1_1	5758_1_1_1	5758_1_1_1	3000861.0	3000861.0	0.0	moderate	5758_1_1_1	123.0	7.0	0.0	0.35
5761_1_1_1	5761_1_1_1	5761_1_1_1	3000798.0	3000798.0	0.0	moderate	5761_1_1_1	114.0	7.0	0.0	1.41
5763_1_1_1	5763_1_1_1	5763_1_1_1	3000546.0	3000546.0	0.0	moderate	5763_1_1_1	91.0	6.0	0.0	1.11
5764_1_1_1	5764_1_1_1	5764_1_1_1	3000725.712067436	3000725.712067436	0.0	moderate	5764_1_1_1	104.0	7.0	2.287932564	0.66
5764_1_1_1	16697_1_1_1	5764_1_1_1	3000557.967748405	3000725.712067436	167.74431903101504	moderate	16697_1_1_1	112.0	5.0	2.0322515949	0.8
5765_1_1_1	5765_1_1_1	5765_1_1_1	3000078.0	3000078.0	0.0	moderate	5765_1_1_1	26.0	3.0	0.0	0.0
5766_1_1_1	5766_1_1_1	5766_1_1_1	3000560.0	3000560.0	0.0	moderate	5766_1_1_1	80.0	7.0	0.0	0.62
5769_1_1_1	5769_1_1_1	5769_1_1_1	3000288.0	3000288.0	0.0	moderate	5769_1_1_1	72.0	4.0	0.0	0.0
5771_1_1_1	5771_1_1_1	5771_1_1_1	3000212.0	3000212.0	0.0	moderate	5771_1_1_1	53.0	4.0	0.0	0.0
5779_1_1_1	5779_1_1_1	5779_1_1_1	3000742.0	3000742.0	0.0	moderate	5779_1_1_1	106.0	7.0	0.0	0.81
5786_1_1_1	5786_1_1_1	5786_1_1_1	3000772.796053699	3000772.796053699	0.0	moderate	5786_1_1_1	129.0	6.0	1.203946301	0.56
5789_1_1_1	5789_1_1_1	5789_1_1_1	3001113.0	3001113.0	0.0	moderate	5789_1_1_1	159.0	7.0	0.0	0.17
5792_1_1_1	5792_1_1_1	5792_1_1_1	3000742.0	3000742.0	0.0	moderate	5792_1_1_1	106.0	7.0	0.0	1.68
5793_1_1_1	5793_1_1_1	5793_1_1_1	3000950.0	3000950.0	0.0	moderate	5793_1_1_1	190.0	5.0	0.0	2.4
5795_2_1_1	5795_2_1_1	5795_2_1_1	3000117.0	3000117.0	0.0	moderate	5795_2_1_1	39.0	3.0	0.0	0.0
5796_1_1_1	5796_1_1_1	5796_1_1_1	3000576.0	3000576.0	0.0	moderate	5796_1_1_1	96.0	6.0	0.0	0.35
5797_1_1_1	5797_1_1_1	5797_1_1_1	3000539.0	3000539.0	0.0	moderate	5797_1_1_1	77.0	7.0	0.0	1.91
5798_1_1_1	5798_1_1_1	5798_1_1_1	3000644.0	3000644.0	0.0	moderate	5798_1_1_1	92.0	7.0	0.0	1.92
5799_1_1_1	5799_1_1_1	5799_1_1_1	3001463.0	3001463.0	0.0	moderate	5799_1_1_1	209.0	7.0	0.0	0.4
5805_1_1_1	5805_1_1_1	5805_1_1_1	3000623.0	3000623.0	0.0	moderate	5805_1_1_1	89.0	7.0	0.0	1.9
5807_1_1_1	5807_1_1_1	5807_1_1_1	3000428.0	3000428.0	0.0	moderate	5807_1_1_1	107.0	4.0	0.0	0.0
5810_1_1_1	5810_1_1_1	5810_1_1_1	3000594.0	3000594.0	0.0	moderate	5810_1_1_1	99.0	6.0	0.0	2.69
5814_1_1_1	5814_1_1_1	5814_1_1_1	3000970.904026836	3000970.904026836	0.0	moderate	5814_1_1_1	139.0	7.0	2.0959731638	0.49
5816_1_1_1	5816_1_1_1	5816_1_1_1	3000840.0	3000840.0	0.0	moderate	5816_1_1_1	168.0	5.0	0.0	0.69
5820_1_1_1	5820_1_1_1	5820_1_1_1	3001393.0	3001393.0	0.0	moderate	5820_1_1_1	199.0	7.0	0.0	1.17
5821_1_1_1	5821_1_1_1	5821_1_1_1	3000756.0	3000756.0	0.0	moderate	5821_1_1_1	108.0	7.0	0.0	1.33
5822_1_1_1	5822_1_1_1	5822_1_1_1	3000847.0	3000847.0	0.0	moderate	5822_1_1_1	121.0	7.0	0.0	0.92
5823_1_1_1	5823_1_1_1	5823_1_1_1	3001652.0	3001652.0	0.0	moderate	5823_1_1_1	236.0	7.0	0.0	1.01
5824_1_1_1	5824_1_1_1	5824_1_1_1	3000630.0	3000630.0	0.0	moderate	5824_1_1_1	105.0	6.0	0.0	0.55
5833_1_1_1	5833_1_1_1	5833_1_1_1	3001148.0	3001148.0	0.0	moderate	5833_1_1_1	164.0	7.0	0.0	0.58
5836_2_1_1	5836_2_1_1	5836_2_1_1	3000332.0	3000332.0	0.0	moderate	5836_2_1_1	83.0	4.0	0.0	2.18
5837_1_1_1	5837_1_1_1	5837_1_1_1	3000057.0	3000057.0	0.0	moderate	5837_1_1_1	19.0	3.0	0.0	0.0
5843_1_1_1	5843_1_1_1	5843_1_1_1	3000770.0	3000770.0	0.0	moderate	5843_1_1_1	110.0	7.0	0.0	0.83
5845_1_1_1	5845_1_1_1	5845_1_1_1	3000672.0	3000672.0	0.0	moderate	5845_1_1_1	96.0	7.0	0.0	0.37
5846_1_1_1	5846_1_1_1	5846_1_1_1	3000560.0	3000560.0	0.0	moderate	5846_1_1_1	80.0	7.0	0.0	0.57
5847_1_1_1	5847_1_1_1	5847_1_1_1	3000308.0	3000308.0	0.0	moderate	5847_1_1_1	44.0	7.0	0.0	0.38
5848_1_1_1	5848_1_1_1	5848_1_1_1	3000138.0	3000138.0	0.0	moderate	5848_1_1_1	46.0	3.0	0.0	0.0
5849_1_1_1	5849_1_1_1	5849_1_1_1	3000552.0425803578	3000552.0425803578	0.0	moderate	5849_1_1_1	79.0	7.0	0.9574196424	0.75
5850_1_1_1	5850_1_1_1	5850_1_1_1	3000858.0	3000858.0	0.0	moderate	5850_1_1_1	143.0	6.0	0.0	0.54
5854_1_1_1	5854_1_1_1	5854_1_1_1	3001317.679836739	3001317.679836739	0.0	moderate	5854_1_1_1	264.0	5.0	2.320163261	1.79
5857_1_1_1	5857_1_1_1	5857_1_1_1	3000301.0	3000301.0	0.0	moderate	5857_1_1_1	43.0	7.0	0.0	3.7
5860_1_1_1	5860_1_1_1	5860_1_1_1	3000198.0	3000198.0	0.0	moderate	5860_1_1_1	33.0	6.0	0.0	2.36
5861_1_1_1	5861_1_1_1	5861_1_1_1	3001014.0	3001014.0	0.0	moderate	5861_1_1_1	169.0	6.0	0.0	0.75
5862_1_1_1	5862_1_1_1	5862_1_1_1	3000714.0	3000714.0	0.0	moderate	5862_1_1_1	119.0	6.0	0.0	0.29
5862_1_1_1	36084_1_1_1	5862_1_1_1	3000678.0	3000714.0	36.0	moderate	36084_1_1_1	113.0	6.0	0.0	0.3
5863_1_1_1	5863_1_1_1	5863_1_1_1	3001177.25951664	3001177.25951664	0.0	moderate	5863_1_1_1	236.0	5.0	2.7404833598	1.05
5868_1_1_1	5868_1_1_1	5868_1_1_1	3000488.115216222	3000488.115216222	0.0	moderate	5868_1_1_1	70.0	7.0	1.8847837781	0.54
5871_1_1_1	5871_1_1_1	5871_1_1_1	3000810.730764249	3000810.730764249	0.0	moderate	5871_1_1_1	116.0	7.0	1.2692357513	0.56
5872_1_1_1	5872_1_1_1	5872_1_1_1	3001015.0	3001015.0	0.0	moderate	5872_1_1_1	145.0	7.0	0.0	0.55
5872_1_1_1	4407_1_1_1	5872_1_1_1	3000768.0	3001015.0	247.0	moderate	4407_1_1_1	128.0	6.0	0.0	0.71
5873_1_1_1	5873_1_1_1	5873_1_1_1	3000539.0	3000539.0	0.0	moderate	5873_1_1_1	77.0	7.0	0.0	3.11
5874_1_1_1	5874_1_1_1	5874_1_1_1	3001026.3069200786	3001026.3069200786	0.0	moderate	5874_1_1_1	147.0	7.0	2.6930799214	1.32
5878_1_1_1	5878_1_1_1	5878_1_1_1	3001033.0583917643	3001033.0583917643	0.0	moderate	5878_1_1_1	148.0	7.0	2.9416082357	0.59
5879_1_1_1	5879_1_1_1	5879_1_1_1	3001078.0	3001078.0	0.0	moderate	5879_1_1_1	154.0	7.0	0.0	3.49
5880_1_1_1	5880_1_1_1	5880_1_1_1	3000721.0	3000721.0	0.0	moderate	5880_1_1_1	103.0	7.0	0.0	0.25
5881_1_1_1	18206_1_1_1	18206_1_1_1	3000132.0	3000132.0	0.0	moderate	18206_1_1_1	22.0	6.0	0.0	0.0
5881_1_1_1	18203_1_1_1	18206_1_1_1	3000132.0	3000132.0	0.0	moderate	18203_1_1_1	22.0	6.0	0.0	0.0
5881_1_1_1	30758_1_1_1	18206_1_1_1	3000126.0	3000132.0	6.0	moderate	30758_1_1_1	21.0	6.0	0.0	0.0
5881_1_1_1	17581_1_1_1	18206_1_1_1	3000105.0	3000132.0	27.0	moderate	17581_1_1_1	21.0	5.0	0.0	0.0
5881_1_1_1	5881_1_1_1	18206_1_1_1	3000060.0	3000132.0	72.0	moderate	5881_1_1_1	20.0	3.0	0.0	0.0
5885_1_1_1	5885_1_1_1	5885_1_1_1	3000816.7827333217	3000816.7827333217	0.0	moderate	5885_1_1_1	117.0	7.0	2.2172666783	0.37
5886_1_1_1	5886_1_1_1	5886_1_1_1	3001552.0	3001552.0	0.0	moderate	5886_1_1_1	388.0	4.0	0.0	0.0
5888_1_1_1	5887_1_1_1	5887_1_1_1	3000750.0	3000750.0	0.0	moderate	5887_1_1_1	125.0	6.0	0.0	2.52
5888_1_1_1	5888_1_1_1	5887_1_1_1	3000500.0	3000750.0	250.0	moderate	5888_1_1_1	125.0	4.0	0.0	2.64
5891_1_1_1	5891_1_1_1	5891_1_1_1	3000651.0	3000651.0	0.0	moderate	5891_1_1_1	93.0	7.0	0.0	0.39
5892_1_1_1	5892_1_1_1	5892_1_1_1	3000609.0	3000609.0	0.0	moderate	5892_1_1_1	87.0	7.0	0.0	1.71
5894_1_1_1	5894_1_1_1	5894_1_1_1	3000504.0	3000504.0	0.0	moderate	5894_1_1_1	84.0	6.0	0.0	2.53
5897_1_1_1	5897_1_1_1	5897_1_1_1	3001085.0	3001085.0	0.0	moderate	5897_1_1_1	155.0	7.0	0.0	1.75
5898_1_1_1	5898_1_1_1	5898_1_1_1	3001344.0	3001344.0	0.0	moderate	5898_1_1_1	224.0	6.0	0.0	0.63
5900_1_1_1	5900_1_1_1	5900_1_1_1	3000252.0	3000252.0	0.0	moderate	5900_1_1_1	63.0	4.0	0.0	0.0
5907_1_1_1	5907_1_1_1	5907_1_1_1	3001012.119399739	3001012.119399739	0.0	moderate	5907_1_1_1	145.0	7.0	2.8806002611	0.57
5907_1_1_1	5221_1_1_1	5907_1_1_1	3000812.0	3001012.119399739	200.1193997389637	moderate	5221_1_1_1	116.0	7.0	0.0	0.99
5911_1_1_1	5911_1_1_1	5911_1_1_1	3000148.7040825705	3000148.7040825705	0.0	moderate	5911_1_1_1	30.0	5.0	1.2959174293	0.97
5912_1_1_1	5912_1_1_1	5912_1_1_1	3000826.0	3000826.0	0.0	moderate	5912_1_1_1	118.0	7.0	0.0	0.89
5920_1_1_1	5920_1_1_1	5920_1_1_1	3000550.003277052	3000550.003277052	0.0	moderate	5920_1_1_1	79.0	7.0	2.9967229477	1.28
5921_1_1_1	5921_1_1_1	5921_1_1_1	3000749.0	3000749.0	0.0	moderate	5921_1_1_1	107.0	7.0	0.0	1.22
5925_1_1_1	51327_1_1_1	51327_1_1_1	3000290.0	3000290.0	0.0	moderate	51327_1_1_1	58.0	5.0	0.0	0.72
5925_1_1_1	5925_1_1_1	51327_1_1_1	3000171.0	3000290.0	119.0	moderate	5925_1_1_1	57.0	3.0	0.0	0.0
5925_1_1_1	5923_1_1_1	51327_1_1_1	3000168.0	3000290.0	122.0	moderate	5923_1_1_1	56.0	3.0	0.0	0.0
5928_1_1_1	5928_1_1_1	5928_1_1_1	3000901.498019677	3000901.498019677	0.0	moderate	5928_1_1_1	129.0	7.0	1.5019803229	2.08
5929_1_1_1	5929_1_1_1	5929_1_1_1	3000924.0	3000924.0	0.0	moderate	5929_1_1_1	132.0	7.0	0.0	2.79
5933_1_1_1	5933_1_1_1	5933_1_1_1	3000455.0	3000455.0	0.0	moderate	5933_1_1_1	65.0	7.0	0.0	0.24
5935_1_1_1	5935_1_1_1	5935_1_1_1	3000987.5285488307	3000987.5285488307	0.0	moderate	5935_1_1_1	198.0	5.0	2.4714511694	0.69
5936_1_1_1	5936_1_1_1	5936_1_1_1	3000665.0	3000665.0	0.0	moderate	5936_1_1_1	133.0	5.0	0.0	0.0
5940_1_1_1	5940_1_1_1	5940_1_1_1	3000791.0	3000791.0	0.0	moderate	5940_1_1_1	113.0	7.0	0.0	1.05
5942_1_1_1	5942_1_1_1	5942_1_1_1	3001064.0	3001064.0	0.0	moderate	5942_1_1_1	152.0	7.0	0.0	2.1
5946_1_1_1	5946_1_1_1	5946_1_1_1	3000959.0	3000959.0	0.0	moderate	5946_1_1_1	137.0	7.0	0.0	1.67
5947_1_1_1	5947_1_1_1	5947_1_1_1	3000987.0	3000987.0	0.0	moderate	5947_1_1_1	141.0	7.0	0.0	1.14
5952_1_1_1	4998_1_1_1	4998_1_1_1	3000560.0	3000560.0	0.0	moderate	4998_1_1_1	80.0	7.0	0.0	2.56
5952_1_1_1	5952_1_1_1	4998_1_1_1	3000553.0	3000560.0	7.0	moderate	5952_1_1_1	79.0	7.0	0.0	2.18
5952_1_1_1	4035_1_1_1	4998_1_1_1	3000486.0	3000560.0	74.0	moderate	4035_1_1_1	81.0	6.0	0.0	1.68
5954_1_1_1	4698_1_1_1	4698_1_1_1	3000570.0	3000570.0	0.0	moderate	4698_1_1_1	114.0	5.0	0.0	0.0
5954_1_1_1	5954_1_1_1	4698_1_1_1	3000525.0	3000570.0	45.0	moderate	5954_1_1_1	105.0	5.0	0.0	0.66
5955_1_1_1	5955_1_1_1	5955_1_1_1	3000315.0	3000315.0	0.0	moderate	5955_1_1_1	45.0	7.0	0.0	0.7
5958_1_1_1	26603_1_1_1	26603_1_1_1	3000872.9257591083	3000872.9257591083	0.0	moderate	26603_1_1_1	125.0	7.0	2.0742408919	0.57
5958_1_1_1	5958_1_1_1	26603_1_1_1	3000585.0	3000872.9257591083	287.92575910827145	moderate	5958_1_1_1	117.0	5.0	0.0	0.0
5959_1_1_1	5959_1_1_1	5959_1_1_1	3000819.0	3000819.0	0.0	moderate	5959_1_1_1	117.0	7.0	0.0	3.77
5963_1_1_1	5963_1_1_1	5963_1_1_1	3000782.0325213894	3000782.0325213894	0.0	moderate	5963_1_1_1	112.0	7.0	1.9674786108	1.74
5970_1_1_1	5970_1_1_1	5970_1_1_1	3000684.0	3000684.0	0.0	moderate	5970_1_1_1	114.0	6.0	0.0	1.39
5976_1_1_1	5976_1_1_1	5976_1_1_1	3000707.0	3000707.0	0.0	moderate	5976_1_1_1	101.0	7.0	0.0	1.06
5977_1_1_1	5977_1_1_1	5977_1_1_1	3000427.0	3000427.0	0.0	moderate	5977_1_1_1	61.0	7.0	0.0	0.91
5978_1_1_1	5978_1_1_1	5978_1_1_1	3000145.0	3000145.0	0.0	moderate	5978_1_1_1	29.0	5.0	0.0	0.95
5982_1_1_1	5982_1_1_1	5982_1_1_1	3000686.0	3000686.0	0.0	moderate	5982_1_1_1	98.0	7.0	0.0	0.4
5984_1_1_1	5984_1_1_1	5984_1_1_1	3000300.0	3000300.0	0.0	moderate	5984_1_1_1	75.0	4.0	0.0	0.0
5994_1_1_1	5994_1_1_1	5994_1_1_1	3000087.0	3000087.0	0.0	moderate	5994_1_1_1	29.0	3.0	0.0	0.0
5997_1_1_1	5997_1_1_1	5997_1_1_1	3000595.0	3000595.0	0.0	moderate	5997_1_1_1	119.0	5.0	0.0	2.73
5998_1_1_1	5998_1_1_1	5998_1_1_1	3000875.0	3000875.0	0.0	moderate	5998_1_1_1	125.0	7.0	0.0	1.74
6001_1_1_1	6001_1_1_1	6001_1_1_1	3000876.0	3000876.0	0.0	moderate	6001_1_1_1	146.0	6.0	0.0	1.27
6003_1_1_1	6003_1_1_1	6003_1_1_1	3001071.0	3001071.0	0.0	moderate	6003_1_1_1	153.0	7.0	0.0	0.56
6004_1_1_1	5177_1_1_1	5177_1_1_1	3001148.0	3001148.0	0.0	moderate	5177_1_1_1	164.0	7.0	0.0	0.3
6004_1_1_1	6004_1_1_1	5177_1_1_1	3000978.0	3001148.0	170.0	moderate	6004_1_1_1	163.0	6.0	0.0	0.17
6007_1_1_1	6007_1_1_1	6007_1_1_1	3000795.820425966	3000795.820425966	0.0	moderate	6007_1_1_1	114.0	7.0	2.1795740346	0.24
6010_1_1_1	6010_1_1_1	6010_1_1_1	3000595.0	3000595.0	0.0	moderate	6010_1_1_1	85.0	7.0	0.0	0.64
6010_1_1_1	6324_1_1_1	6010_1_1_1	3000516.0	3000595.0	79.0	moderate	6324_1_1_1	86.0	6.0	0.0	0.38
6011_1_1_1	6011_1_1_1	6011_1_1_1	3000763.0	3000763.0	0.0	moderate	6011_1_1_1	109.0	7.0	0.0	0.96
6013_1_1_1	6013_1_1_1	6013_1_1_1	3000875.0	3000875.0	0.0	moderate	6013_1_1_1	125.0	7.0	0.0	0.73
6015_1_1_1	6015_1_1_1	6015_1_1_1	3000756.0	3000756.0	0.0	moderate	6015_1_1_1	108.0	7.0	0.0	1.91
6016_1_1_1	6016_1_1_1	6016_1_1_1	3001792.035617107	3001792.035617107	0.0	moderate	6016_1_1_1	359.0	5.0	2.9643828931	0.94
6019_1_1_1	5226_1_1_1	5226_1_1_1	3000658.0	3000658.0	0.0	moderate	5226_1_1_1	94.0	7.0	0.0	1.48
6019_1_1_1	6019_1_1_1	5226_1_1_1	3000570.0	3000658.0	88.0	moderate	6019_1_1_1	95.0	6.0	0.0	1.47
6021_1_1_1	6021_1_1_1	6021_1_1_1	3001295.0	3001295.0	0.0	moderate	6021_1_1_1	259.0	5.0	0.0	0.64
6028_1_1_1	6028_1_1_1	6028_1_1_1	3000420.0	3000420.0	0.0	moderate	6028_1_1_1	60.0	7.0	0.0	0.97
6029_1_1_1	6029_1_1_1	6029_1_1_1	3000945.0	3000945.0	0.0	moderate	6029_1_1_1	135.0	7.0	0.0	1.13
6034_1_1_1	6034_1_1_1	6034_1_1_1	3001155.0	3001155.0	0.0	moderate	6034_1_1_1	231.0	5.0	0.0	0.68
6037_1_1_1	6037_1_1_1	6037_1_1_1	3000087.0	3000087.0	0.0	moderate	6037_1_1_1	29.0	3.0	0.0	0.0
6038_3_1_1	6038_3_1_1	6038_3_1_1	3000168.0	3000168.0	0.0	moderate	6038_3_1_1	56.0	3.0	0.0	0.0
6044_1_1_1	6044_1_1_1	6044_1_1_1	3000707.0	3000707.0	0.0	moderate	6044_1_1_1	101.0	7.0	0.0	0.17
6045_1_1_1	6045_1_1_1	6045_1_1_1	3000756.0	3000756.0	0.0	moderate	6045_1_1_1	108.0	7.0	0.0	2.95
6046_1_1_1	6046_1_1_1	6046_1_1_1	3000784.0	3000784.0	0.0	moderate	6046_1_1_1	112.0	7.0	0.0	1.02
6050_1_1_1	6050_1_1_1	6050_1_1_1	3000180.0	3000180.0	0.0	moderate	6050_1_1_1	60.0	3.0	0.0	0.0
6050_1_1_1	4570_1_1_1	6050_1_1_1	3000180.0	3000180.0	0.0	moderate	4570_1_1_1	60.0	3.0	0.0	0.0
6051_1_1_1	6051_1_1_1	6051_1_1_1	3000973.0	3000973.0	0.0	moderate	6051_1_1_1	139.0	7.0	0.0	0.74
6051_1_1_1	17008_1_1_1	6051_1_1_1	3000710.0	3000973.0	263.0	moderate	17008_1_1_1	142.0	5.0	0.0	0.34
6052_1_1_1	6052_1_1_1	6052_1_1_1	3000963.9137096624	3000963.9137096624	0.0	moderate	6052_1_1_1	138.0	7.0	2.0862903374	0.55
6057_1_1_1	6057_1_1_1	6057_1_1_1	3000945.0	3000945.0	0.0	moderate	6057_1_1_1	189.0	5.0	0.0	1.06
6058_1_1_1	6058_1_1_1	6058_1_1_1	3000784.0	3000784.0	0.0	moderate	6058_1_1_1	112.0	7.0	0.0	2.67
6072_1_1_1	6072_1_1_1	6072_1_1_1	3000441.0	3000441.0	0.0	moderate	6072_1_1_1	63.0	7.0	0.0	0.16
6079_1_1_1	6318_1_1_1	6318_1_1_1	3000798.0	3000798.0	0.0	moderate	6318_1_1_1	114.0	7.0	0.0	1.48
6079_1_1_1	6079_1_1_1	6318_1_1_1	3000770.0	3000798.0	28.0	moderate	6079_1_1_1	110.0	7.0	0.0	0.65
6081_1_1_1	6081_1_1_1	6081_1_1_1	3001099.0	3001099.0	0.0	moderate	6081_1_1_1	157.0	7.0	0.0	0.45
6084_1_1_1	2539_1_1_1	2539_1_1_1	3000201.0	3000201.0	0.0	moderate	2539_1_1_1	67.0	3.0	0.0	0.0
6084_1_1_1	6084_1_1_1	2539_1_1_1	3000186.0	3000201.0	15.0	moderate	6084_1_1_1	62.0	3.0	0.0	0.0
6085_1_1_1	6085_1_1_1	6085_1_1_1	3000114.0	3000114.0	0.0	moderate	6085_1_1_1	19.0	6.0	0.0	0.0
6093_1_1_1	6093_1_1_1	6093_1_1_1	3000936.0	3000936.0	0.0	moderate	6093_1_1_1	156.0	6.0	0.0	0.85
6093_1_1_1	5903_1_1_1	6093_1_1_1	3000604.0	3000936.0	332.0	moderate	5903_1_1_1	151.0	4.0	0.0	0.0
6099_1_1_1	6099_1_1_1	6099_1_1_1	3000537.180410675	3000537.180410675	0.0	moderate	6099_1_1_1	77.0	7.0	1.8195893253	0.59
6102_1_1_1	6102_1_1_1	6102_1_1_1	3000516.0	3000516.0	0.0	moderate	6102_1_1_1	86.0	6.0	0.0	1.11
6108_1_1_1	6108_1_1_1	6108_1_1_1	3000448.0	3000448.0	0.0	moderate	6108_1_1_1	64.0	7.0	0.0	1.6
6110_1_1_1	6110_1_1_1	6110_1_1_1	3000212.0	3000212.0	0.0	moderate	6110_1_1_1	53.0	4.0	0.0	0.0
6110_1_1_1	4910_1_1_1	6110_1_1_1	3000184.0	3000212.0	28.0	moderate	4910_1_1_1	46.0	4.0	0.0	0.0
6111_1_1_1	6111_1_1_1	6111_1_1_1	3000819.0	3000819.0	0.0	moderate	6111_1_1_1	117.0	7.0	0.0	3.38
6113_1_1_1	6113_1_1_1	6113_1_1_1	3000581.0	3000581.0	0.0	moderate	6113_1_1_1	83.0	7.0	0.0	1.21
6114_1_1_1	6114_1_1_1	6114_1_1_1	3000749.0	3000749.0	0.0	moderate	6114_1_1_1	107.0	7.0	0.0	0.16
6118_1_1_1	6118_1_1_1	6118_1_1_1	3000652.81574889	3000652.81574889	0.0	moderate	6118_1_1_1	109.0	6.0	1.1842511101	0.0
6120_1_1_1	6120_1_1_1	6120_1_1_1	3001008.0	3001008.0	0.0	moderate	6120_1_1_1	144.0	7.0	0.0	0.38
6121_1_1_1	16708_1_1_1	16708_1_1_1	3001358.0	3001358.0	0.0	moderate	16708_1_1_1	194.0	7.0	0.0	2.83
6121_1_1_1	6121_1_1_1	16708_1_1_1	3001293.1284152446	3001358.0	64.87158475536853	moderate	6121_1_1_1	185.0	7.0	1.8715847556	0.79
6122_1_1_1	6122_1_1_1	6122_1_1_1	3000634.6119832336	3000634.6119832336	0.0	moderate	6122_1_1_1	91.0	7.0	2.3880167662	0.46
6127_1_1_1	6127_1_1_1	6127_1_1_1	3000564.009763081	3000564.009763081	0.0	moderate	6127_1_1_1	81.0	7.0	2.9902369188	0.97
6132_1_1_1	6132_1_1_1	6132_1_1_1	3001092.0	3001092.0	0.0	moderate	6132_1_1_1	156.0	7.0	0.0	0.53
6138_1_1_1	6138_1_1_1	6138_1_1_1	3000714.0	3000714.0	0.0	moderate	6138_1_1_1	102.0	7.0	0.0	1.87
6142_1_1_1	6142_1_1_1	6142_1_1_1	3000858.0	3000858.0	0.0	moderate	6142_1_1_1	143.0	6.0	0.0	2.47
6147_1_1_1	6147_1_1_1	6147_1_1_1	3000791.0	3000791.0	0.0	moderate	6147_1_1_1	113.0	7.0	0.0	1.73
6148_1_1_1	6148_1_1_1	6148_1_1_1	3001332.0	3001332.0	0.0	moderate	6148_1_1_1	222.0	6.0	0.0	0.47
6149_1_1_1	6149_1_1_1	6149_1_1_1	3000903.0	3000903.0	0.0	moderate	6149_1_1_1	129.0	7.0	0.0	0.83
6150_1_1_1	6150_1_1_1	6150_1_1_1	3000917.0	3000917.0	0.0	moderate	6150_1_1_1	131.0	7.0	0.0	1.64
6151_1_1_1	6151_1_1_1	6151_1_1_1	3000075.0	3000075.0	0.0	moderate	6151_1_1_1	25.0	3.0	0.0	0.0
6155_1_1_1	6155_1_1_1	6155_1_1_1	3000063.0	3000063.0	0.0	moderate	6155_1_1_1	21.0	3.0	0.0	0.0
6156_2_1_1	6154_1_1_1	6154_1_1_1	3000063.0	3000063.0	0.0	moderate	6154_1_1_1	21.0	3.0	0.0	0.0
6156_2_1_1	6156_2_1_1	6154_1_1_1	3000060.4500801284	3000063.0	2.5499198716133833	moderate	6156_2_1_1	21.0	3.0	2.5499198718	0.0
6159_1_1_1	6159_1_1_1	6159_1_1_1	3001260.0	3001260.0	0.0	moderate	6159_1_1_1	210.0	6.0	0.0	0.42
6162_1_1_1	6162_1_1_1	6162_1_1_1	3000516.0	3000516.0	0.0	moderate	6162_1_1_1	86.0	6.0	0.0	0.66
6165_1_1_1	6165_1_1_1	6165_1_1_1	3000135.0	3000135.0	0.0	moderate	6165_1_1_1	45.0	3.0	0.0	0.0
6171_1_1_1	6171_1_1_1	6171_1_1_1	3000396.0	3000396.0	0.0	moderate	6171_1_1_1	66.0	6.0	0.0	2.39
6172_1_1_1	6172_1_1_1	6172_1_1_1	3000248.0	3000248.0	0.0	moderate	6172_1_1_1	62.0	4.0	0.0	0.0
6173_1_1_1	6173_1_1_1	6173_1_1_1	3000630.0	3000630.0	0.0	moderate	6173_1_1_1	90.0	7.0	0.0	1.12
6175_1_1_1	6175_1_1_1	6175_1_1_1	3000413.0	3000413.0	0.0	moderate	6175_1_1_1	59.0	7.0	0.0	0.67
6176_1_1_1	6176_1_1_1	6176_1_1_1	3000823.5634270413	3000823.5634270413	0.0	moderate	6176_1_1_1	118.0	7.0	2.4365729588	1.1
6177_1_1_1	6177_1_1_1	6177_1_1_1	3000763.0	3000763.0	0.0	moderate	6177_1_1_1	109.0	7.0	0.0	0.58
6179_1_1_1	6179_1_1_1	6179_1_1_1	3000232.0	3000232.0	0.0	moderate	6179_1_1_1	58.0	4.0	0.0	0.0
6180_1_1_1	6180_1_1_1	6180_1_1_1	3000300.0	3000300.0	0.0	moderate	6180_1_1_1	75.0	4.0	0.0	0.0
6181_1_1_1	6181_1_1_1	6181_1_1_1	3000726.0	3000726.0	0.0	moderate	6181_1_1_1	121.0	6.0	0.0	0.38
6183_1_1_1	6183_1_1_1	6183_1_1_1	3001092.479452001	3001092.479452001	0.0	moderate	6183_1_1_1	219.0	5.0	2.5205479991	0.7
6184_1_1_1	6184_1_1_1	6184_1_1_1	3000875.0	3000875.0	0.0	moderate	6184_1_1_1	175.0	5.0	0.0	0.61
6185_1_1_1	6185_1_1_1	6185_1_1_1	3000354.0	3000354.0	0.0	moderate	6185_1_1_1	59.0	6.0	0.0	0.5
6187_1_1_1	6187_1_1_1	6187_1_1_1	3000268.0	3000268.0	0.0	moderate	6187_1_1_1	67.0	4.0	0.0	0.0
6188_1_1_1	6188_1_1_1	6188_1_1_1	3000504.0	3000504.0	0.0	moderate	6188_1_1_1	84.0	6.0	0.0	1.4
6188_1_1_1	2049_1_1_1	6188_1_1_1	3000249.0	3000504.0	255.0	moderate	2049_1_1_1	83.0	3.0	0.0	0.0
6189_1_1_1	6189_1_1_1	6189_1_1_1	3000597.3485253314	3000597.3485253314	0.0	moderate	6189_1_1_1	100.0	6.0	2.6514746686	1.63
6190_1_1_1	6190_1_1_1	6190_1_1_1	3000834.0	3000834.0	0.0	moderate	6190_1_1_1	139.0	6.0	0.0	1.14
6194_1_1_1	6194_1_1_1	6194_1_1_1	3000245.0	3000245.0	0.0	moderate	6194_1_1_1	35.0	7.0	0.0	0.22
6197_1_1_1	6197_1_1_1	6197_1_1_1	3000476.0	3000476.0	0.0	moderate	6197_1_1_1	68.0	7.0	0.0	0.38
6198_1_1_1	6198_1_1_1	6198_1_1_1	3000805.0	3000805.0	0.0	moderate	6198_1_1_1	115.0	7.0	0.0	1.18
6199_1_1_1	6199_1_1_1	6199_1_1_1	3001239.0	3001239.0	0.0	moderate	6199_1_1_1	177.0	7.0	0.0	0.47
6200_1_1_1	6200_1_1_1	6200_1_1_1	3000132.0	3000132.0	0.0	moderate	6200_1_1_1	22.0	6.0	0.0	0.0
6201_1_1_1	4109_2_1_1	4109_2_1_1	3000686.0	3000686.0	0.0	moderate	4109_2_1_1	98.0	7.0	0.0	2.5
6201_1_1_1	6201_1_1_1	4109_2_1_1	3000376.0	3000686.0	310.0	moderate	6201_1_1_1	94.0	4.0	0.0	0.0
6202_1_1_1	6202_1_1_1	6202_1_1_1	3001449.0	3001449.0	0.0	moderate	6202_1_1_1	207.0	7.0	0.0	0.7
6207_1_1_1	6207_1_1_1	6207_1_1_1	3000700.0	3000700.0	0.0	moderate	6207_1_1_1	100.0	7.0	0.0	0.34
6208_1_1_1	6208_1_1_1	6208_1_1_1	3000694.6075080778	3000694.6075080778	0.0	moderate	6208_1_1_1	116.0	6.0	1.3924919222	0.09
6209_1_1_1	6209_1_1_1	6209_1_1_1	3000455.0	3000455.0	0.0	moderate	6209_1_1_1	65.0	7.0	0.0	1.37
6211_1_1_1	6211_1_1_1	6211_1_1_1	3000756.0	3000756.0	0.0	moderate	6211_1_1_1	108.0	7.0	0.0	1.08
6222_1_1_1	6222_1_1_1	6222_1_1_1	3000183.0	3000183.0	0.0	moderate	6222_1_1_1	61.0	3.0	0.0	0.0
6222_1_1_1	4043_1_1_1	6222_1_1_1	3000183.0	3000183.0	0.0	moderate	4043_1_1_1	61.0	3.0	0.0	0.0
6222_1_1_1	5672_1_1_1	6222_1_1_1	3000174.0	3000183.0	9.0	moderate	5672_1_1_1	58.0	3.0	0.0	0.0
6222_1_1_1	5029_1_1_1	6222_1_1_1	3000174.0	3000183.0	9.0	moderate	5029_1_1_1	58.0	3.0	0.0	0.0
6225_1_1_1	6225_1_1_1	6225_1_1_1	3000805.0	3000805.0	0.0	moderate	6225_1_1_1	115.0	7.0	0.0	1.35
6231_1_1_1	6231_1_1_1	6231_1_1_1	3000945.0	3000945.0	0.0	moderate	6231_1_1_1	135.0	7.0	0.0	1.44
6233_1_1_1	6233_1_1_1	6233_1_1_1	3000761.4304204015	3000761.4304204015	0.0	moderate	6233_1_1_1	109.0	7.0	1.5695795983	0.72
6240_1_1_1	6240_1_1_1	6240_1_1_1	3000805.0	3000805.0	0.0	moderate	6240_1_1_1	115.0	7.0	0.0	1.08
6241_1_1_1	6742_1_1_1	6742_1_1_1	3001309.0	3001309.0	0.0	moderate	6742_1_1_1	187.0	7.0	0.0	1.09
6241_1_1_1	6241_1_1_1	6742_1_1_1	3001260.0	3001309.0	49.0	moderate	6241_1_1_1	180.0	7.0	0.0	0.96
6242_1_1_1	6242_1_1_1	6242_1_1_1	3000672.0	3000672.0	0.0	moderate	6242_1_1_1	96.0	7.0	0.0	2.63
6244_1_1_1	6244_1_1_1	6244_1_1_1	3000945.0	3000945.0	0.0	moderate	6244_1_1_1	135.0	7.0	0.0	0.91
6247_1_1_1	6247_1_1_1	6247_1_1_1	3000504.0	3000504.0	0.0	moderate	6247_1_1_1	72.0	7.0	0.0	0.75
6254_1_1_1	6254_1_1_1	6254_1_1_1	3000602.0	3000602.0	0.0	moderate	6254_1_1_1	86.0	7.0	0.0	0.7
6254_1_1_1	4774_1_1_1	6254_1_1_1	3000261.0	3000602.0	341.0	moderate	4774_1_1_1	87.0	3.0	0.0	0.0
6254_1_1_1	2030_1_1_1	6254_1_1_1	3000255.0	3000602.0	347.0	moderate	2030_1_1_1	85.0	3.0	0.0	0.0
6254_1_1_1	932_1_1_1	6254_1_1_1	3000255.0	3000602.0	347.0	moderate	932_1_1_1	85.0	3.0	0.0	0.0
6255_1_1_1	6255_1_1_1	6255_1_1_1	3000970.8131125155	3000970.8131125155	0.0	moderate	6255_1_1_1	139.0	7.0	2.1868874846	0.37
6256_1_1_1	6256_1_1_1	6256_1_1_1	3001036.0	3001036.0	0.0	moderate	6256_1_1_1	148.0	7.0	0.0	0.66
6259_1_1_1	6259_1_1_1	6259_1_1_1	3000718.144849339	3000718.144849339	0.0	moderate	6259_1_1_1	103.0	7.0	2.8551506611	0.86
6262_1_1_1	6262_1_1_1	6262_1_1_1	3000336.0	3000336.0	0.0	moderate	6262_1_1_1	84.0	4.0	0.0	0.0
6263_1_1_1	6263_1_1_1	6263_1_1_1	3000108.0	3000108.0	0.0	moderate	6263_1_1_1	36.0	3.0	0.0	0.0
6272_1_1_1	6272_1_1_1	6272_1_1_1	3000826.0	3000826.0	0.0	moderate	6272_1_1_1	118.0	7.0	0.0	0.25
6278_1_1_1	6278_1_1_1	6278_1_1_1	3000587.0436087623	3000587.0436087623	0.0	moderate	6278_1_1_1	118.0	5.0	2.9563912378	0.81
6283_1_1_1	6071_1_1_1	6071_1_1_1	3001001.0	3001001.0	0.0	moderate	6071_1_1_1	143.0	7.0	0.0	0.28
6283_1_1_1	6283_1_1_1	6071_1_1_1	3000569.375025339	3001001.0	431.62497466104105	moderate	6283_1_1_1	143.0	4.0	2.6249746611	0.0
6284_2_1_1	6284_2_1_1	6284_2_1_1	3000864.0	3000864.0	0.0	moderate	6284_2_1_1	144.0	6.0	0.0	0.43
6286_1_1_1	6286_1_1_1	6286_1_1_1	3000256.0	3000256.0	0.0	moderate	6286_1_1_1	64.0	4.0	0.0	0.0
6291_1_1_1	6291_1_1_1	6291_1_1_1	3000329.0	3000329.0	0.0	moderate	6291_1_1_1	47.0	7.0	0.0	0.95
6292_1_1_1	6292_1_1_1	6292_1_1_1	3000728.0	3000728.0	0.0	moderate	6292_1_1_1	104.0	7.0	0.0	0.57
6295_1_1_1	6295_1_1_1	6295_1_1_1	3001750.0	3001750.0	0.0	moderate	6295_1_1_1	250.0	7.0	0.0	1.72
6298_1_1_1	6298_1_1_1	6298_1_1_1	3001078.0	3001078.0	0.0	moderate	6298_1_1_1	154.0	7.0	0.0	1.41
6299_1_1_1	6299_1_1_1	6299_1_1_1	3000476.0	3000476.0	0.0	moderate	6299_1_1_1	68.0	7.0	0.0	1.24
6305_1_1_1	6305_1_1_1	6305_1_1_1	3000820.0	3000820.0	0.0	moderate	6305_1_1_1	164.0	5.0	0.0	0.24
6312_1_1_1	6312_1_1_1	6312_1_1_1	3000945.0	3000945.0	0.0	moderate	6312_1_1_1	135.0	7.0	0.0	0.89
6317_1_1_1	6317_1_1_1	6317_1_1_1	3000448.0	3000448.0	0.0	moderate	6317_1_1_1	64.0	7.0	0.0	0.41
6330_1_1_1	6330_1_1_1	6330_1_1_1	3001029.0	3001029.0	0.0	moderate	6330_1_1_1	147.0	7.0	0.0	0.64
6332_1_1_1	6332_1_1_1	6332_1_1_1	3001029.0	3001029.0	0.0	moderate	6332_1_1_1	147.0	7.0	0.0	0.79
6338_1_1_1	6338_1_1_1	6338_1_1_1	3000693.0	3000693.0	0.0	moderate	6338_1_1_1	99.0	7.0	0.0	0.45
6340_1_1_1	6340_1_1_1	6340_1_1_1	3001034.0233296156	3001034.0233296156	0.0	moderate	6340_1_1_1	148.0	7.0	1.9766703843	0.8
6340_1_1_1	16442_1_1_1	6340_1_1_1	3001033.5963895004	3001034.0233296156	0.4269401151686907	moderate	16442_1_1_1	148.0	7.0	2.4036104995	0.88
6341_1_1_1	6341_1_1_1	6341_1_1_1	3001113.0	3001113.0	0.0	moderate	6341_1_1_1	159.0	7.0	0.0	0.48
6342_1_1_1	6342_1_1_1	6342_1_1_1	3000798.0	3000798.0	0.0	moderate	6342_1_1_1	114.0	7.0	0.0	1.97
6343_1_1_1	6343_1_1_1	6343_1_1_1	3001050.0	3001050.0	0.0	moderate	6343_1_1_1	150.0	7.0	0.0	1.08
6344_1_1_1	6344_1_1_1	6344_1_1_1	3000994.0	3000994.0	0.0	moderate	6344_1_1_1	142.0	7.0	0.0	1.33
6345_1_1_1	6345_1_1_1	6345_1_1_1	3000910.0	3000910.0	0.0	moderate	6345_1_1_1	130.0	7.0	0.0	0.45
6346_1_1_1	6346_1_1_1	6346_1_1_1	3000831.4394382723	3000831.4394382723	0.0	moderate	6346_1_1_1	119.0	7.0	1.5605617277	1.18
6349_1_1_1	6349_1_1_1	6349_1_1_1	3000350.0	3000350.0	0.0	moderate	6349_1_1_1	50.0	7.0	0.0	2.74
6350_1_1_1	6350_1_1_1	6350_1_1_1	3000371.0	3000371.0	0.0	moderate	6350_1_1_1	53.0	7.0	0.0	2.78
6354_1_1_1	6354_1_1_1	6354_1_1_1	3000896.0	3000896.0	0.0	moderate	6354_1_1_1	128.0	7.0	0.0	0.54
6355_1_1_1	6355_1_1_1	6355_1_1_1	3000567.0	3000567.0	0.0	moderate	6355_1_1_1	81.0	7.0	0.0	0.62
6356_1_1_1	6356_1_1_1	6356_1_1_1	3000840.0	3000840.0	0.0	moderate	6356_1_1_1	120.0	7.0	0.0	2.28
6358_1_1_1	6358_1_1_1	6358_1_1_1	3000525.0	3000525.0	0.0	moderate	6358_1_1_1	75.0	7.0	0.0	1.29
6359_1_1_1	6359_1_1_1	6359_1_1_1	3000623.0	3000623.0	0.0	moderate	6359_1_1_1	89.0	7.0	0.0	0.51
6361_1_1_1	6361_1_1_1	6361_1_1_1	3000742.0	3000742.0	0.0	moderate	6361_1_1_1	106.0	7.0	0.0	0.5
6363_1_1_1	6363_1_1_1	6363_1_1_1	3000444.0	3000444.0	0.0	moderate	6363_1_1_1	74.0	6.0	0.0	0.2
6364_1_1_1	6364_1_1_1	6364_1_1_1	3000606.0	3000606.0	0.0	moderate	6364_1_1_1	101.0	6.0	0.0	0.22
6367_1_1_1	15634_1_1_1	15634_1_1_1	3000571.4024534356	3000571.4024534356	0.0	moderate	15634_1_1_1	82.0	7.0	2.5975465644	0.76
6367_1_1_1	6367_1_1_1	15634_1_1_1	3000522.4638851504	3000571.4024534356	48.938568285200745	moderate	6367_1_1_1	75.0	7.0	2.5361148494	0.55
6372_1_1_1	6372_1_1_1	6372_1_1_1	3001201.1146652186	3001201.1146652186	0.0	moderate	6372_1_1_1	172.0	7.0	2.8853347815	1.91
6372_1_1_1	51710_1_1_1	6372_1_1_1	3000725.4284901493	3001201.1146652186	475.68617506930605	moderate	51710_1_1_1	182.0	4.0	2.5715098509	1.38
6376_1_1_1	6376_1_1_1	6376_1_1_1	3000945.0	3000945.0	0.0	moderate	6376_1_1_1	135.0	7.0	0.0	1.44
6384_1_1_1	6384_1_1_1	6384_1_1_1	3000264.0	3000264.0	0.0	moderate	6384_1_1_1	44.0	6.0	0.0	0.32
6385_2_1_1	6385_2_1_1	6385_2_1_1	3000404.0	3000404.0	0.0	moderate	6385_2_1_1	101.0	4.0	0.0	0.0
6392_1_1_1	6392_1_1_1	6392_1_1_1	3000672.0	3000672.0	0.0	moderate	6392_1_1_1	96.0	7.0	0.0	0.27
6398_1_1_1	6398_1_1_1	6398_1_1_1	3000396.0	3000396.0	0.0	moderate	6398_1_1_1	99.0	4.0	0.0	0.0
6402_1_1_1	6402_1_1_1	6402_1_1_1	3000295.0	3000295.0	0.0	moderate	6402_1_1_1	59.0	5.0	0.0	2.99
6404_1_1_1	6404_1_1_1	6404_1_1_1	3000524.0	3000524.0	0.0	moderate	6404_1_1_1	131.0	4.0	0.0	0.92
6405_1_1_1	6405_1_1_1	6405_1_1_1	3000693.0	3000693.0	0.0	moderate	6405_1_1_1	99.0	7.0	0.0	0.81
6406_1_1_1	6406_1_1_1	6406_1_1_1	3000784.0	3000784.0	0.0	moderate	6406_1_1_1	112.0	7.0	0.0	1.16
6414_1_1_1	6414_1_1_1	6414_1_1_1	3000057.0	3000057.0	0.0	moderate	6414_1_1_1	19.0	3.0	0.0	0.0
6416_1_1_1	6416_1_1_1	6416_1_1_1	3002195.0	3002195.0	0.0	moderate	6416_1_1_1	439.0	5.0	0.0	2.39
6419_1_1_1	6419_1_1_1	6419_1_1_1	3000465.6716987034	3000465.6716987034	0.0	moderate	6419_1_1_1	78.0	6.0	2.3283012964	0.39
6429_1_1_1	6429_1_1_1	6429_1_1_1	3001048.1693334	3001048.1693334	0.0	moderate	6429_1_1_1	210.0	5.0	1.8306666	0.56
6432_1_1_1	6432_1_1_1	6432_1_1_1	3000551.0216906727	3000551.0216906727	0.0	moderate	6432_1_1_1	79.0	7.0	1.9783093271	0.57
6438_1_1_1	6438_1_1_1	6438_1_1_1	3000801.2749217353	3000801.2749217353	0.0	moderate	6438_1_1_1	134.0	6.0	2.7250782648	0.64
6439_1_1_1	6439_1_1_1	6439_1_1_1	3000805.0	3000805.0	0.0	moderate	6439_1_1_1	115.0	7.0	0.0	0.87
6443_1_1_1	6443_1_1_1	6443_1_1_1	3000819.0	3000819.0	0.0	moderate	6443_1_1_1	117.0	7.0	0.0	0.81
6446_1_1_1	6446_1_1_1	6446_1_1_1	3000150.0	3000150.0	0.0	moderate	6446_1_1_1	25.0	6.0	0.0	0.52
6447_1_1_1	6447_1_1_1	6447_1_1_1	3000660.0	3000660.0	0.0	moderate	6447_1_1_1	110.0	6.0	0.0	0.82
6448_1_1_1	6448_1_1_1	6448_1_1_1	3000798.0	3000798.0	0.0	moderate	6448_1_1_1	114.0	7.0	0.0	0.33
6454_1_1_1	6454_1_1_1	6454_1_1_1	3000996.0	3000996.0	0.0	moderate	6454_1_1_1	166.0	6.0	0.0	0.14
6460_1_1_1	6460_1_1_1	6460_1_1_1	3001029.0	3001029.0	0.0	moderate	6460_1_1_1	147.0	7.0	0.0	0.46
6464_1_1_1	6464_1_1_1	6464_1_1_1	3000707.0	3000707.0	0.0	moderate	6464_1_1_1	101.0	7.0	0.0	0.72
6469_1_1_1	6469_1_1_1	6469_1_1_1	3000504.0	3000504.0	0.0	moderate	6469_1_1_1	72.0	7.0	0.0	1.47
6475_1_1_1	6475_1_1_1	6475_1_1_1	3000882.0	3000882.0	0.0	moderate	6475_1_1_1	126.0	7.0	0.0	2.66
6478_1_1_1	11034_1_1_1	11034_1_1_1	3000371.0	3000371.0	0.0	moderate	11034_1_1_1	53.0	7.0	0.0	1.14
6478_1_1_1	6826_1_1_1	11034_1_1_1	3000364.0	3000371.0	7.0	moderate	6826_1_1_1	52.0	7.0	0.0	1.47
6478_1_1_1	6478_1_1_1	11034_1_1_1	3000357.0	3000371.0	14.0	moderate	6478_1_1_1	51.0	7.0	0.0	3.34
6478_1_1_1	4281_1_1_1	11034_1_1_1	3000357.0	3000371.0	14.0	moderate	4281_1_1_1	51.0	7.0	0.0	2.55
6479_1_1_1	6479_1_1_1	6479_1_1_1	3000462.0	3000462.0	0.0	moderate	6479_1_1_1	66.0	7.0	0.0	0.21
6483_1_1_1	6483_1_1_1	6483_1_1_1	3000284.0	3000284.0	0.0	moderate	6483_1_1_1	71.0	4.0	0.0	0.0
6483_1_1_1	6481_1_1_1	6483_1_1_1	3000284.0	3000284.0	0.0	moderate	6481_1_1_1	71.0	4.0	0.0	0.0
6500_1_1_1	6500_1_1_1	6500_1_1_1	3000470.0	3000470.0	0.0	moderate	6500_1_1_1	94.0	5.0	0.0	2.52
6505_1_1_1	6574_1_1_1	6574_1_1_1	3000476.0	3000476.0	0.0	moderate	6574_1_1_1	68.0	7.0	0.0	0.92
6505_1_1_1	6505_1_1_1	6574_1_1_1	3000462.0	3000476.0	14.0	moderate	6505_1_1_1	66.0	7.0	0.0	1.36
6510_1_1_1	6510_1_1_1	6510_1_1_1	3000963.858679323	3000963.858679323	0.0	moderate	6510_1_1_1	138.0	7.0	2.141320677	0.61
6515_1_1_1	6515_1_1_1	6515_1_1_1	3001169.0	3001169.0	0.0	moderate	6515_1_1_1	167.0	7.0	0.0	1.28
6517_1_1_1	6517_1_1_1	6517_1_1_1	3000427.0	3000427.0	0.0	moderate	6517_1_1_1	61.0	7.0	0.0	0.6
6517_1_1_1	5105_1_1_1	6517_1_1_1	3000402.0	3000427.0	25.0	moderate	5105_1_1_1	67.0	6.0	0.0	0.39
6518_1_1_1	6518_1_1_1	6518_1_1_1	3000763.0	3000763.0	0.0	moderate	6518_1_1_1	109.0	7.0	0.0	0.57
6519_1_1_1	6519_1_1_1	6519_1_1_1	3000450.0	3000450.0	0.0	moderate	6519_1_1_1	75.0	6.0	0.0	1.53
6520_1_1_1	6520_1_1_1	6520_1_1_1	3000200.0	3000200.0	0.0	moderate	6520_1_1_1	50.0	4.0	0.0	0.0
6525_1_1_1	6525_1_1_1	6525_1_1_1	3000132.0	3000132.0	0.0	moderate	6525_1_1_1	44.0	3.0	0.0	0.0
6529_1_1_1	6529_1_1_1	6529_1_1_1	3000781.7652736367	3000781.7652736367	0.0	moderate	6529_1_1_1	112.0	7.0	2.2347263632	0.29
6530_1_1_1	6530_1_1_1	6530_1_1_1	3000140.0	3000140.0	0.0	moderate	6530_1_1_1	35.0	4.0	0.0	0.0
6536_1_1_1	6536_1_1_1	6536_1_1_1	3000595.0	3000595.0	0.0	moderate	6536_1_1_1	85.0	7.0	0.0	2.08
6538_1_1_1	6538_1_1_1	6538_1_1_1	3000728.0	3000728.0	0.0	moderate	6538_1_1_1	104.0	7.0	0.0	1.44
6540_1_1_1	6540_1_1_1	6540_1_1_1	3000992.139101412	3000992.139101412	0.0	moderate	6540_1_1_1	142.0	7.0	1.860898588	0.69
6542_1_1_1	6542_1_1_1	6542_1_1_1	3001384.0	3001384.0	0.0	moderate	6542_1_1_1	346.0	4.0	0.0	0.54
6546_1_1_1	6546_1_1_1	6546_1_1_1	3000978.0	3000978.0	0.0	moderate	6546_1_1_1	163.0	6.0	0.0	0.54
6549_1_1_1	6549_1_1_1	6549_1_1_1	3001250.0	3001250.0	0.0	moderate	6549_1_1_1	250.0	5.0	0.0	1.28
6556_1_1_1	6556_1_1_1	6556_1_1_1	3000150.0	3000150.0	0.0	moderate	6556_1_1_1	25.0	6.0	0.0	0.0
6560_1_1_1	6560_1_1_1	6560_1_1_1	3000624.0	3000624.0	0.0	moderate	6560_1_1_1	104.0	6.0	0.0	2.18
6560_1_1_1	6553_1_1_1	6560_1_1_1	3000621.771083288	3000624.0	2.228916712105274	moderate	6553_1_1_1	104.0	6.0	2.2289167119	2.3
6560_1_1_1	4767_1_1_1	6560_1_1_1	3000412.0	3000624.0	212.0	moderate	4767_1_1_1	103.0	4.0	0.0	0.41
6561_1_1_1	6561_1_1_1	6561_1_1_1	3000069.0	3000069.0	0.0	moderate	6561_1_1_1	23.0	3.0	0.0	0.0
6570_1_1_1	6570_1_1_1	6570_1_1_1	3000872.00782186	3000872.00782186	0.0	moderate	6570_1_1_1	125.0	7.0	2.9921781403	2.73
6571_1_1_1	6571_1_1_1	6571_1_1_1	3000469.0	3000469.0	0.0	moderate	6571_1_1_1	67.0	7.0	0.0	0.15
6573_1_1_1	6573_1_1_1	6573_1_1_1	3000717.6780904233	3000717.6780904233	0.0	moderate	6573_1_1_1	120.0	6.0	2.3219095767	1.12
6576_2_1_1	6576_2_1_1	6576_2_1_1	3000120.0	3000120.0	0.0	moderate	6576_2_1_1	40.0	3.0	0.0	0.0
6579_1_1_1	6579_1_1_1	6579_1_1_1	3000357.0	3000357.0	0.0	moderate	6579_1_1_1	51.0	7.0	0.0	0.31
6585_1_1_1	6585_1_1_1	6585_1_1_1	3000819.0	3000819.0	0.0	moderate	6585_1_1_1	117.0	7.0	0.0	2.1
6586_1_1_1	6586_1_1_1	6586_1_1_1	3000917.0	3000917.0	0.0	moderate	6586_1_1_1	131.0	7.0	0.0	7.15
6589_1_1_1	6589_1_1_1	6589_1_1_1	3000308.0	3000308.0	0.0	moderate	6589_1_1_1	44.0	7.0	0.0	3.23
6592_1_1_1	6592_1_1_1	6592_1_1_1	3000208.0	3000208.0	0.0	moderate	6592_1_1_1	52.0	4.0	0.0	0.0
6593_1_1_1	25837_1_1_1	25837_1_1_1	3000392.0	3000392.0	0.0	moderate	25837_1_1_1	56.0	7.0	0.0	1.58
6593_1_1_1	6593_1_1_1	25837_1_1_1	3000188.0	3000392.0	204.0	moderate	6593_1_1_1	47.0	4.0	0.0	0.0
6600_1_1_1	6600_1_1_1	6600_1_1_1	3000490.0	3000490.0	0.0	moderate	6600_1_1_1	70.0	7.0	0.0	1.34
6606_1_1_1	6606_1_1_1	6606_1_1_1	3000770.0	3000770.0	0.0	moderate	6606_1_1_1	110.0	7.0	0.0	1.16
6607_1_1_1	6607_1_1_1	6607_1_1_1	3000798.0	3000798.0	0.0	moderate	6607_1_1_1	114.0	7.0	0.0	0.76
6615_1_1_1	6615_1_1_1	6615_1_1_1	3000803.7632227363	3000803.7632227363	0.0	moderate	6615_1_1_1	115.0	7.0	1.2367772637	0.2
6619_1_1_1	6619_1_1_1	6619_1_1_1	3000075.0	3000075.0	0.0	moderate	6619_1_1_1	25.0	3.0	0.0	0.0
6619_1_1_1	6616_1_1_1	6619_1_1_1	3000075.0	3000075.0	0.0	moderate	6616_1_1_1	25.0	3.0	0.0	0.0
6623_1_1_1	6623_1_1_1	6623_1_1_1	3000085.896907867	3000085.896907867	0.0	moderate	6623_1_1_1	29.0	3.0	1.103092133	0.0
6628_1_1_1	6628_1_1_1	6628_1_1_1	3000896.0	3000896.0	0.0	moderate	6628_1_1_1	224.0	4.0	0.0	1.47
6640_1_1_1	6640_1_1_1	6640_1_1_1	3000697.5121040787	3000697.5121040787	0.0	moderate	6640_1_1_1	100.0	7.0	2.4878959213	2.12
6644_1_1_1	6644_1_1_1	6644_1_1_1	3001309.0	3001309.0	0.0	moderate	6644_1_1_1	187.0	7.0	0.0	0.25
6645_1_1_1	6645_1_1_1	6645_1_1_1	3001113.0	3001113.0	0.0	moderate	6645_1_1_1	159.0	7.0	0.0	0.65
6646_1_1_1	6646_1_1_1	6646_1_1_1	3000759.6516534984	3000759.6516534984	0.0	moderate	6646_1_1_1	127.0	6.0	2.3483465017	0.32
6649_1_1_1	6649_1_1_1	6649_1_1_1	3000426.0	3000426.0	0.0	moderate	6649_1_1_1	71.0	6.0	0.0	1.21
6650_1_1_1	6808_1_1_1	6808_1_1_1	3000145.0	3000145.0	0.0	moderate	6808_1_1_1	29.0	5.0	0.0	0.0
6650_1_1_1	6650_1_1_1	6808_1_1_1	3000084.0	3000145.0	61.0	moderate	6650_1_1_1	28.0	3.0	0.0	0.0
6651_1_1_1	6651_1_1_1	6651_1_1_1	3000054.0	3000054.0	0.0	moderate	6651_1_1_1	18.0	3.0	0.0	0.0
6657_1_1_1	16745_1_1_1	16745_1_1_1	3000165.0	3000165.0	0.0	moderate	16745_1_1_1	33.0	5.0	0.0	0.0
6657_1_1_1	25574_1_1_1	16745_1_1_1	3000140.0	3000165.0	25.0	moderate	25574_1_1_1	28.0	5.0	0.0	0.0
6657_1_1_1	6657_1_1_1	16745_1_1_1	3000081.0	3000165.0	84.0	moderate	6657_1_1_1	27.0	3.0	0.0	0.0
6679_1_1_1	6679_1_1_1	6679_1_1_1	3000378.0	3000378.0	0.0	moderate	6679_1_1_1	54.0	7.0	0.0	3.2
6679_1_1_1	6680_1_1_1	6679_1_1_1	3000342.0	3000378.0	36.0	moderate	6680_1_1_1	57.0	6.0	0.0	0.53
6688_1_1_1	6688_1_1_1	6688_1_1_1	3001407.0	3001407.0	0.0	moderate	6688_1_1_1	201.0	7.0	0.0	0.25
6689_1_1_1	6689_1_1_1	6689_1_1_1	3000316.0	3000316.0	0.0	moderate	6689_1_1_1	79.0	4.0	0.0	0.0
6689_1_1_1	6687_1_1_1	6689_1_1_1	3000316.0	3000316.0	0.0	moderate	6687_1_1_1	79.0	4.0	0.0	0.0
6693_1_1_1	6693_1_1_1	6693_1_1_1	3000896.0	3000896.0	0.0	moderate	6693_1_1_1	128.0	7.0	0.0	1.26
6710_1_1_1	6710_1_1_1	6710_1_1_1	3000456.0	3000456.0	0.0	moderate	6710_1_1_1	76.0	6.0	0.0	1.18
6712_1_1_1	6712_1_1_1	6712_1_1_1	3000889.0	3000889.0	0.0	moderate	6712_1_1_1	127.0	7.0	0.0	1.28
6713_1_1_1	6713_1_1_1	6713_1_1_1	3000480.0	3000480.0	0.0	moderate	6713_1_1_1	96.0	5.0	0.0	3.51
6716_1_1_1	6716_1_1_1	6716_1_1_1	3000959.0	3000959.0	0.0	moderate	6716_1_1_1	137.0	7.0	0.0	0.27
6717_1_1_1	6717_1_1_1	6717_1_1_1	3000697.258172025	3000697.258172025	0.0	moderate	6717_1_1_1	100.0	7.0	2.7418279748	1.26
6724_1_1_1	6724_1_1_1	6724_1_1_1	3000774.0	3000774.0	0.0	moderate	6724_1_1_1	129.0	6.0	0.0	1.55
6726_1_1_1	6726_1_1_1	6726_1_1_1	3001064.0	3001064.0	0.0	moderate	6726_1_1_1	152.0	7.0	0.0	1.08
6729_1_1_1	6729_1_1_1	6729_1_1_1	3000111.0	3000111.0	0.0	moderate	6729_1_1_1	37.0	3.0	0.0	0.0
6731_1_1_1	6731_1_1_1	6731_1_1_1	3000959.0	3000959.0	0.0	moderate	6731_1_1_1	137.0	7.0	0.0	0.43
6736_1_1_1	6736_1_1_1	6736_1_1_1	3000456.0	3000456.0	0.0	moderate	6736_1_1_1	76.0	6.0	0.0	0.65
6738_1_1_1	6738_1_1_1	6738_1_1_1	3000803.822082553	3000803.822082553	0.0	moderate	6738_1_1_1	115.0	7.0	1.1779174469	0.45
6739_1_1_1	6739_1_1_1	6739_1_1_1	3000854.0	3000854.0	0.0	moderate	6739_1_1_1	122.0	7.0	0.0	0.76
6740_1_1_1	6740_1_1_1	6740_1_1_1	3000330.0	3000330.0	0.0	moderate	6740_1_1_1	55.0	6.0	0.0	0.78
6743_1_3_1	6743_1_3_1	6743_1_3_1	3000350.0	3000350.0	0.0	moderate	6743_1_3_1	50.0	7.0	0.0	0.61
6744_1_1_1	6744_1_1_1	6744_1_1_1	3000861.0	3000861.0	0.0	moderate	6744_1_1_1	123.0	7.0	0.0	0.67
6745_1_1_1	6745_1_1_1	6745_1_1_1	3001104.0	3001104.0	0.0	moderate	6745_1_1_1	184.0	6.0	0.0	2.52
6746_1_1_1	6746_1_1_1	6746_1_1_1	3000504.0	3000504.0	0.0	moderate	6746_1_1_1	72.0	7.0	0.0	0.72
6751_1_1_1	6751_1_1_1	6751_1_1_1	3000602.0	3000602.0	0.0	moderate	6751_1_1_1	86.0	7.0	0.0	0.22
6752_1_1_1	6752_1_1_1	6752_1_1_1	3001539.725382425	3001539.725382425	0.0	moderate	6752_1_1_1	257.0	6.0	2.2746175751	0.76
6753_1_1_1	6753_1_1_1	6753_1_1_1	3001208.688227277	3001208.688227277	0.0	moderate	6753_1_1_1	173.0	7.0	2.3117727234	1.26
6755_1_1_1	6755_1_1_1	6755_1_1_1	3000720.0	3000720.0	0.0	moderate	6755_1_1_1	120.0	6.0	0.0	1.1
6757_1_1_1	6757_1_1_1	6757_1_1_1	3000130.0	3000130.0	0.0	moderate	6757_1_1_1	26.0	5.0	0.0	0.74
6758_1_1_1	6758_1_1_1	6758_1_1_1	3001037.211687566	3001037.211687566	0.0	moderate	6758_1_1_1	208.0	5.0	2.788312434	1.07
6759_1_1_1	6759_1_1_1	6759_1_1_1	3000966.0	3000966.0	0.0	moderate	6759_1_1_1	138.0	7.0	0.0	1.17
6761_1_1_1	6761_1_1_1	6761_1_1_1	3000613.250428484	3000613.250428484	0.0	moderate	6761_1_1_1	88.0	7.0	2.7495715161	0.73
6762_1_1_1	6762_1_1_1	6762_1_1_1	3000378.0	3000378.0	0.0	moderate	6762_1_1_1	63.0	6.0	0.0	2.2
6763_1_1_1	6763_1_1_1	6763_1_1_1	3000882.0	3000882.0	0.0	moderate	6763_1_1_1	126.0	7.0	0.0	0.34
6769_1_1_1	6769_1_1_1	6769_1_1_1	3000567.0	3000567.0	0.0	moderate	6769_1_1_1	81.0	7.0	0.0	0.97
6771_1_1_1	6771_1_1_1	6771_1_1_1	3000384.0	3000384.0	0.0	moderate	6771_1_1_1	64.0	6.0	0.0	1.92
6771_1_1_1	4207_1_1_1	6771_1_1_1	3000276.0	3000384.0	108.0	moderate	4207_1_1_1	69.0	4.0	0.0	0.0
6771_1_1_1	1743_1_1_1	6771_1_1_1	3000232.0	3000384.0	152.0	moderate	1743_1_1_1	58.0	4.0	0.0	0.0
6775_1_1_1	6774_1_1_1	6774_1_1_1	3000090.0	3000090.0	0.0	moderate	6774_1_1_1	18.0	5.0	0.0	0.0
6775_1_1_1	6775_1_1_1	6774_1_1_1	3000085.0	3000090.0	5.0	moderate	6775_1_1_1	17.0	5.0	0.0	0.0
6776_1_1_1	6776_1_1_1	6776_1_1_1	3000448.0	3000448.0	0.0	moderate	6776_1_1_1	64.0	7.0	0.0	0.59
6779_1_1_1	6629_1_1_1	6629_1_1_1	3000678.0	3000678.0	0.0	moderate	6629_1_1_1	113.0	6.0	0.0	0.93
6779_1_1_1	6779_1_1_1	6629_1_1_1	3000588.0	3000678.0	90.0	moderate	6779_1_1_1	98.0	6.0	0.0	0.93
6782_1_1_1	6782_1_1_1	6782_1_1_1	3001110.086604878	3001110.086604878	0.0	moderate	6782_1_1_1	159.0	7.0	2.9133951221	0.31
6786_1_1_1	6090_1_1_1	6090_1_1_1	3001428.0	3001428.0	0.0	moderate	6090_1_1_1	204.0	7.0	0.0	0.45
6786_1_1_1	6786_1_1_1	6090_1_1_1	3001358.0	3001428.0	70.0	moderate	6786_1_1_1	194.0	7.0	0.0	0.47
6786_1_1_1	4844_1_1_1	6090_1_1_1	3001060.0	3001428.0	368.0	moderate	4844_1_1_1	212.0	5.0	0.0	2.37
6793_1_1_1	6793_1_1_1	6793_1_1_1	3000888.0	3000888.0	0.0	moderate	6793_1_1_1	148.0	6.0	0.0	0.21
6796_1_1_1	6796_1_1_1	6796_1_1_1	3000525.0	3000525.0	0.0	moderate	6796_1_1_1	105.0	5.0	0.0	0.59
6797_1_1_1	6797_1_1_1	6797_1_1_1	3000809.258691902	3000809.258691902	0.0	moderate	6797_1_1_1	116.0	7.0	2.7413080983	2.26
6799_1_1_1	6799_1_1_1	6799_1_1_1	3000697.6140495674	3000697.6140495674	0.0	moderate	6799_1_1_1	100.0	7.0	2.3859504324	0.33
6811_1_1_1	6811_1_1_1	6811_1_1_1	3000272.0	3000272.0	0.0	moderate	6811_1_1_1	68.0	4.0	0.0	0.0
6812_1_1_1	6812_1_1_1	6812_1_1_1	3000742.0	3000742.0	0.0	moderate	6812_1_1_1	106.0	7.0	0.0	2.54
6816_1_1_1	6816_1_1_1	6816_1_1_1	3000387.158417558	3000387.158417558	0.0	moderate	6816_1_1_1	65.0	6.0	2.841582442	0.98
6822_1_1_1	6822_1_1_1	6822_1_1_1	3000371.0	3000371.0	0.0	moderate	6822_1_1_1	53.0	7.0	0.0	0.28
6828_1_1_1	6828_1_1_1	6828_1_1_1	3000444.0	3000444.0	0.0	moderate	6828_1_1_1	111.0	4.0	0.0	0.41
6829_1_1_1	6829_1_1_1	6829_1_1_1	3000707.0	3000707.0	0.0	moderate	6829_1_1_1	101.0	7.0	0.0	1.61
6834_1_1_1	6834_1_1_1	6834_1_1_1	3000646.6025334927	3000646.6025334927	0.0	moderate	6834_1_1_1	108.0	6.0	1.3974665075	0.77
6835_1_1_1	7176_1_1_1	7176_1_1_1	3000075.0	3000075.0	0.0	moderate	7176_1_1_1	25.0	3.0	0.0	0.0
6835_1_1_1	6835_1_1_1	7176_1_1_1	3000072.0	3000075.0	3.0	moderate	6835_1_1_1	24.0	3.0	0.0	0.0
6835_1_1_1	21013_1_1_1	7176_1_1_1	3000063.0	3000075.0	12.0	moderate	21013_1_1_1	21.0	3.0	0.0	0.0
6835_1_1_1	20125_1_1_1	7176_1_1_1	3000057.0	3000075.0	18.0	moderate	20125_1_1_1	19.0	3.0	0.0	0.0
6837_1_1_1	6837_1_1_1	6837_1_1_1	3001001.0	3001001.0	0.0	moderate	6837_1_1_1	143.0	7.0	0.0	0.72
6840_1_1_1	6840_1_1_1	6840_1_1_1	3001078.0	3001078.0	0.0	moderate	6840_1_1_1	154.0	7.0	0.0	0.92
6841_1_1_1	11440_1_1_1	11440_1_1_1	3000490.0	3000490.0	0.0	moderate	11440_1_1_1	70.0	7.0	0.0	0.29
6841_1_1_1	6841_1_1_1	11440_1_1_1	3000276.0	3000490.0	214.0	moderate	6841_1_1_1	69.0	4.0	0.0	0.0
6843_1_1_1	6843_1_1_1	6843_1_1_1	3000672.0	3000672.0	0.0	moderate	6843_1_1_1	96.0	7.0	0.0	0.66
6844_1_1_1	6844_1_1_1	6844_1_1_1	3000567.0	3000567.0	0.0	moderate	6844_1_1_1	81.0	7.0	0.0	1.19
6847_1_1_1	6847_1_1_1	6847_1_1_1	3001022.0	3001022.0	0.0	moderate	6847_1_1_1	146.0	7.0	0.0	0.33
6850_1_1_1	6850_1_1_1	6850_1_1_1	3000342.0	3000342.0	0.0	moderate	6850_1_1_1	57.0	6.0	0.0	2.17
6853_1_1_1	6853_1_1_1	6853_1_1_1	3001037.792742581	3001037.792742581	0.0	moderate	6853_1_1_1	260.0	4.0	2.2072574191	1.26
6860_1_1_1	6860_1_1_1	6860_1_1_1	3000847.0	3000847.0	0.0	moderate	6860_1_1_1	121.0	7.0	0.0	1.41
6865_1_1_1	6865_1_1_1	6865_1_1_1	3000282.0	3000282.0	0.0	moderate	6865_1_1_1	47.0	6.0	0.0	1.04
6866_1_1_1	6866_1_1_1	6866_1_1_1	3000847.0	3000847.0	0.0	moderate	6866_1_1_1	121.0	7.0	0.0	0.52
6867_1_1_1	6867_1_1_1	6867_1_1_1	3000219.6176850335	3000219.6176850335	0.0	moderate	6867_1_1_1	37.0	6.0	2.3823149666	0.54
6868_1_1_1	6868_1_1_1	6868_1_1_1	3000700.0	3000700.0	0.0	moderate	6868_1_1_1	100.0	7.0	0.0	0.55
6869_1_1_1	6869_1_1_1	6869_1_1_1	3000879.426465639	3000879.426465639	0.0	moderate	6869_1_1_1	126.0	7.0	2.5735343611	0.73
6876_1_1_1	6876_1_1_1	6876_1_1_1	3000654.0	3000654.0	0.0	moderate	6876_1_1_1	109.0	6.0	0.0	1.63
6879_1_1_1	6879_1_1_1	6879_1_1_1	3000421.524840546	3000421.524840546	0.0	moderate	6879_1_1_1	141.0	3.0	1.475159454	0.0
6882_1_1_1	6882_1_1_1	6882_1_1_1	3000448.0	3000448.0	0.0	moderate	6882_1_1_1	64.0	7.0	0.0	2.5
6883_1_1_1	6883_1_1_1	6883_1_1_1	3001404.997253521	3001404.997253521	0.0	moderate	6883_1_1_1	201.0	7.0	2.0027464789	1.53
6884_1_1_1	6884_1_1_1	6884_1_1_1	3000623.0	3000623.0	0.0	moderate	6884_1_1_1	89.0	7.0	0.0	1.91
6885_1_1_1	6885_1_1_1	6885_1_1_1	3000412.0	3000412.0	0.0	moderate	6885_1_1_1	103.0	4.0	0.0	0.0
6894_1_1_1	34754_1_1_1	34754_1_1_1	3000683.5320964246	3000683.5320964246	0.0	moderate	34754_1_1_1	98.0	7.0	2.4679035753	1.5
6894_1_1_1	6894_1_1_1	34754_1_1_1	3000595.0	3000683.5320964246	88.5320964246057	moderate	6894_1_1_1	85.0	7.0	0.0	0.81
6898_2_1_1	20110_1_1_1	20110_1_1_1	3000076.0	3000076.0	0.0	moderate	20110_1_1_1	19.0	4.0	0.0	0.0
6898_2_1_1	6898_2_1_1	20110_1_1_1	3000060.0	3000076.0	16.0	moderate	6898_2_1_1	20.0	3.0	0.0	0.0
6903_1_1_1	6903_1_1_1	6903_1_1_1	3000581.0	3000581.0	0.0	moderate	6903_1_1_1	83.0	7.0	0.0	3.92
6907_1_1_1	5536_1_1_1	5536_1_1_1	3000753.081421354	3000753.081421354	0.0	moderate	5536_1_1_1	108.0	7.0	2.9185786463	1.77
6907_1_1_1	6908_1_1_1	5536_1_1_1	3000525.0	3000753.081421354	228.08142135385424	moderate	6908_1_1_1	105.0	5.0	0.0	0.0
6907_1_1_1	4010_1_1_1	5536_1_1_1	3000400.0	3000753.081421354	353.08142135385424	moderate	4010_1_1_1	100.0	4.0	0.0	0.0
6907_1_1_1	6907_1_1_1	5536_1_1_1	3000388.0	3000753.081421354	365.08142135385424	moderate	6907_1_1_1	97.0	4.0	0.0	0.0
6910_1_1_1	6910_1_1_1	6910_1_1_1	3000774.0	3000774.0	0.0	moderate	6910_1_1_1	129.0	6.0	0.0	1.88
6919_1_1_1	6919_1_1_1	6919_1_1_1	3000697.870166744	3000697.870166744	0.0	moderate	6919_1_1_1	100.0	7.0	2.1298332561	0.54
6925_1_1_1	6925_1_1_1	6925_1_1_1	3000756.0	3000756.0	0.0	moderate	6925_1_1_1	108.0	7.0	0.0	0.38
6928_1_1_1	6928_1_1_1	6928_1_1_1	3000777.0	3000777.0	0.0	moderate	6928_1_1_1	111.0	7.0	0.0	0.42
6929_1_1_1	6929_1_1_1	6929_1_1_1	3000546.0	3000546.0	0.0	moderate	6929_1_1_1	78.0	7.0	0.0	1.23
6930_1_1_1	6930_1_1_1	6930_1_1_1	3000714.0	3000714.0	0.0	moderate	6930_1_1_1	102.0	7.0	0.0	1.41
6932_1_1_1	6932_1_1_1	6932_1_1_1	3000875.0	3000875.0	0.0	moderate	6932_1_1_1	125.0	7.0	0.0	0.44
6934_1_1_1	6934_1_1_1	6934_1_1_1	3001022.0	3001022.0	0.0	moderate	6934_1_1_1	146.0	7.0	0.0	0.85
6938_1_1_1	6938_1_1_1	6938_1_1_1	3000760.269572151	3000760.269572151	0.0	moderate	6938_1_1_1	109.0	7.0	2.7304278491	0.73
6940_1_1_1	6940_1_1_1	6940_1_1_1	3000855.0	3000855.0	0.0	moderate	6940_1_1_1	171.0	5.0	0.0	1.05
6943_1_1_1	6943_1_1_1	6943_1_1_1	3000742.0	3000742.0	0.0	moderate	6943_1_1_1	106.0	7.0	0.0	0.29
6943_1_1_1	5094_1_1_1	6943_1_1_1	3000428.0	3000742.0	314.0	moderate	5094_1_1_1	107.0	4.0	0.0	0.0
6948_1_1_1	6948_1_1_1	6948_1_1_1	3000582.224192868	3000582.224192868	0.0	moderate	6948_1_1_1	117.0	5.0	2.775807132	0.7
6950_1_1_1	6950_1_1_1	6950_1_1_1	3000809.0013819523	3000809.0013819523	0.0	moderate	6950_1_1_1	116.0	7.0	2.9986180478	1.22
6954_1_1_1	6954_1_1_1	6954_1_1_1	3000054.0	3000054.0	0.0	moderate	6954_1_1_1	18.0	3.0	0.0	0.0
6955_1_1_1	6955_1_1_1	6955_1_1_1	3000560.0	3000560.0	0.0	moderate	6955_1_1_1	80.0	7.0	0.0	2.12
6957_1_1_1	6957_1_1_1	6957_1_1_1	3000637.0	3000637.0	0.0	moderate	6957_1_1_1	91.0	7.0	0.0	0.86
6960_1_1_1	6960_1_1_1	6960_1_1_1	3000714.0	3000714.0	0.0	moderate	6960_1_1_1	119.0	6.0	0.0	0.13
6964_1_1_1	6964_1_1_1	6964_1_1_1	3000896.0	3000896.0	0.0	moderate	6964_1_1_1	128.0	7.0	0.0	1.07
6969_1_1_1	6969_1_1_1	6969_1_1_1	3000364.0	3000364.0	0.0	moderate	6969_1_1_1	52.0	7.0	0.0	0.42
6971_1_1_1	6971_1_1_1	6971_1_1_1	3000882.0	3000882.0	0.0	moderate	6971_1_1_1	126.0	7.0	0.0	0.71
6973_1_1_1	6973_1_1_1	6973_1_1_1	3000816.184150958	3000816.184150958	0.0	moderate	6973_1_1_1	117.0	7.0	2.8158490418	1.63
6976_1_1_1	6976_1_1_1	6976_1_1_1	3000560.0	3000560.0	0.0	moderate	6976_1_1_1	80.0	7.0	0.0	0.56
6986_1_1_1	6986_1_1_1	6986_1_1_1	3000973.0	3000973.0	0.0	moderate	6986_1_1_1	139.0	7.0	0.0	3.0
6989_1_1_1	6989_1_1_1	6989_1_1_1	3000665.0	3000665.0	0.0	moderate	6989_1_1_1	95.0	7.0	0.0	1.16
6999_1_1_1	6999_1_1_1	6999_1_1_1	3000693.0	3000693.0	0.0	moderate	6999_1_1_1	99.0	7.0	0.0	0.23
7000_1_1_1	7000_1_1_1	7000_1_1_1	3000511.0	3000511.0	0.0	moderate	7000_1_1_1	73.0	7.0	0.0	0.72
7004_1_1_1	7004_1_1_1	7004_1_1_1	3000973.0	3000973.0	0.0	moderate	7004_1_1_1	139.0	7.0	0.0	0.31
7005_1_1_1	6068_1_1_1	6068_1_1_1	3000140.0	3000140.0	0.0	moderate	6068_1_1_1	35.0	4.0	0.0	0.0
7005_1_1_1	5549_1_1_1	6068_1_1_1	3000140.0	3000140.0	0.0	moderate	5549_1_1_1	35.0	4.0	0.0	0.0
7005_1_1_1	5550_1_1_1	6068_1_1_1	3000140.0	3000140.0	0.0	moderate	5550_1_1_1	35.0	4.0	0.0	0.0
7005_1_1_1	7006_1_1_1	6068_1_1_1	3000102.0	3000140.0	38.0	moderate	7006_1_1_1	34.0	3.0	0.0	0.0
7005_1_1_1	7005_1_1_1	6068_1_1_1	3000099.0	3000140.0	41.0	moderate	7005_1_1_1	33.0	3.0	0.0	0.0
7005_1_1_1	25928_1_1_1	6068_1_1_1	3000093.0	3000140.0	47.0	moderate	25928_1_1_1	31.0	3.0	0.0	0.0
7010_1_1_1	7010_1_1_1	7010_1_1_1	3000141.0	3000141.0	0.0	moderate	7010_1_1_1	47.0	3.0	0.0	0.0
7014_1_1_1	7014_1_1_1	7014_1_1_1	3000798.0	3000798.0	0.0	moderate	7014_1_1_1	114.0	7.0	0.0	0.57
7020_1_1_1	7020_1_1_1	7020_1_1_1	3000938.0	3000938.0	0.0	moderate	7020_1_1_1	134.0	7.0	0.0	0.92
7021_1_1_1	7021_1_1_1	7021_1_1_1	3001365.0	3001365.0	0.0	moderate	7021_1_1_1	195.0	7.0	0.0	1.18
7022_1_1_1	7022_1_1_1	7022_1_1_1	3001113.0	3001113.0	0.0	moderate	7022_1_1_1	159.0	7.0	0.0	0.25
7023_1_1_1	7023_1_1_1	7023_1_1_1	3001173.3794043954	3001173.3794043954	0.0	moderate	7023_1_1_1	168.0	7.0	2.6205956048	1.1
7032_1_1_1	5075_1_1_1	5075_1_1_1	3000754.1516219485	3000754.1516219485	0.0	moderate	5075_1_1_1	108.0	7.0	1.8483780516	0.52
7032_1_1_1	7032_1_1_1	5075_1_1_1	3000697.4266973124	3000754.1516219485	56.72492463607341	moderate	7032_1_1_1	100.0	7.0	2.5733026874	1.11
7036_1_1_1	7036_1_1_1	7036_1_1_1	3000354.0	3000354.0	0.0	moderate	7036_1_1_1	59.0	6.0	0.0	1.62
7049_1_1_1	7049_1_1_1	7049_1_1_1	3000104.0	3000104.0	0.0	moderate	7049_1_1_1	26.0	4.0	0.0	0.0
7050_1_1_1	11070_1_1_1	11070_1_1_1	3000104.0	3000104.0	0.0	moderate	11070_1_1_1	26.0	4.0	0.0	0.0
7050_1_1_1	7050_1_1_1	11070_1_1_1	3000063.0	3000104.0	41.0	moderate	7050_1_1_1	21.0	3.0	0.0	0.0
7050_1_1_1	11068_1_1_1	11070_1_1_1	3000063.0	3000104.0	41.0	moderate	11068_1_1_1	21.0	3.0	0.0	0.0
7050_1_1_1	5986_1_1_1	11070_1_1_1	3000063.0	3000104.0	41.0	moderate	5986_1_1_1	21.0	3.0	0.0	0.0
7050_1_1_1	4292_1_1_1	11070_1_1_1	3000063.0	3000104.0	41.0	moderate	4292_1_1_1	21.0	3.0	0.0	0.0
7050_1_1_1	5188_1_1_1	11070_1_1_1	3000063.0	3000104.0	41.0	moderate	5188_1_1_1	21.0	3.0	0.0	0.0
7050_1_1_1	7051_1_1_1	11070_1_1_1	3000063.0	3000104.0	41.0	moderate	7051_1_1_1	21.0	3.0	0.0	0.0
7053_1_1_1	18758_1_1_1	18758_1_1_1	3000767.7733771666	3000767.7733771666	0.0	moderate	18758_1_1_1	110.0	7.0	2.2266228332	0.63
7053_1_1_1	7053_1_1_1	18758_1_1_1	3000760.600703832	3000767.7733771666	7.172673334367573	moderate	7053_1_1_1	109.0	7.0	2.3992961676	0.93
7054_1_1_1	7054_1_1_1	7054_1_1_1	3000798.0	3000798.0	0.0	moderate	7054_1_1_1	114.0	7.0	0.0	0.68
7057_1_1_1	7057_1_1_1	7057_1_1_1	3000329.0	3000329.0	0.0	moderate	7057_1_1_1	47.0	7.0	0.0	1.16
7059_1_1_1	7059_1_1_1	7059_1_1_1	3001281.0	3001281.0	0.0	moderate	7059_1_1_1	183.0	7.0	0.0	0.39
7063_1_1_1	7063_1_1_1	7063_1_1_1	3000840.0	3000840.0	0.0	moderate	7063_1_1_1	120.0	7.0	0.0	0.16
7067_1_1_1	7067_1_1_1	7067_1_1_1	3000225.617477163	3000225.617477163	0.0	moderate	7067_1_1_1	57.0	4.0	2.3825228369	0.0
7069_1_1_1	7069_1_1_1	7069_1_1_1	3000486.0	3000486.0	0.0	moderate	7069_1_1_1	81.0	6.0	0.0	1.9
7070_1_1_1	7070_1_1_1	7070_1_1_1	3001106.0	3001106.0	0.0	moderate	7070_1_1_1	158.0	7.0	0.0	0.64
7072_1_1_1	7072_1_1_1	7072_1_1_1	3000595.0	3000595.0	0.0	moderate	7072_1_1_1	85.0	7.0	0.0	1.55
7072_1_1_1	6754_1_1_1	7072_1_1_1	3000510.0	3000595.0	85.0	moderate	6754_1_1_1	85.0	6.0	0.0	0.54
7072_1_1_1	27338_1_1_1	7072_1_1_1	3000240.0	3000595.0	355.0	moderate	27338_1_1_1	80.0	3.0	0.0	0.0
7073_1_1_1	7073_1_1_1	7073_1_1_1	3000272.0	3000272.0	0.0	moderate	7073_1_1_1	68.0	4.0	0.0	0.0
7075_1_1_1	7075_1_1_1	7075_1_1_1	3000483.0	3000483.0	0.0	moderate	7075_1_1_1	69.0	7.0	0.0	0.19
7079_1_1_1	7079_1_1_1	7079_1_1_1	3000866.341117908	3000866.341117908	0.0	moderate	7079_1_1_1	124.0	7.0	1.6588820916	0.69
7082_1_1_1	7082_1_1_1	7082_1_1_1	3000308.0	3000308.0	0.0	moderate	7082_1_1_1	44.0	7.0	0.0	3.03
7083_1_1_1	7083_1_1_1	7083_1_1_1	3000721.0	3000721.0	0.0	moderate	7083_1_1_1	103.0	7.0	0.0	3.08
7085_1_1_1	7085_1_1_1	7085_1_1_1	3000663.343296428	3000663.343296428	0.0	moderate	7085_1_1_1	95.0	7.0	1.6567035718	0.22
7086_1_1_1	7086_1_1_1	7086_1_1_1	3001064.0	3001064.0	0.0	moderate	7086_1_1_1	152.0	7.0	0.0	0.82
7088_1_1_1	7088_1_1_1	7088_1_1_1	3000694.9902004646	3000694.9902004646	0.0	moderate	7088_1_1_1	174.0	4.0	1.0097995353	0.93
7094_1_1_1	7094_1_1_1	7094_1_1_1	3000352.0	3000352.0	0.0	moderate	7094_1_1_1	88.0	4.0	0.0	0.0
7099_1_1_1	7099_1_1_1	7099_1_1_1	3000486.0	3000486.0	0.0	moderate	7099_1_1_1	81.0	6.0	0.0	1.43
7101_1_1_1	7101_1_1_1	7101_1_1_1	3000399.0	3000399.0	0.0	moderate	7101_1_1_1	57.0	7.0	0.0	1.84
7102_1_1_1	7102_1_1_1	7102_1_1_1	3000426.0	3000426.0	0.0	moderate	7102_1_1_1	71.0	6.0	0.0	1.17
7103_1_1_1	7103_1_1_1	7103_1_1_1	3001218.0	3001218.0	0.0	moderate	7103_1_1_1	174.0	7.0	0.0	0.75
7104_1_1_1	34026_1_1_1	34026_1_1_1	3000582.0	3000582.0	0.0	moderate	34026_1_1_1	97.0	6.0	0.0	0.62
7104_1_1_1	7104_1_1_1	34026_1_1_1	3000368.0	3000582.0	214.0	moderate	7104_1_1_1	92.0	4.0	0.0	0.0
7107_1_1_1	7107_1_1_1	7107_1_1_1	3000917.0	3000917.0	0.0	moderate	7107_1_1_1	131.0	7.0	0.0	2.39
7108_1_1_1	7108_1_1_1	7108_1_1_1	3000714.0	3000714.0	0.0	moderate	7108_1_1_1	102.0	7.0	0.0	0.75
7112_1_1_1	7112_1_1_1	7112_1_1_1	3000644.0	3000644.0	0.0	moderate	7112_1_1_1	92.0	7.0	0.0	0.34
7117_1_1_1	7117_1_1_1	7117_1_1_1	3000259.0	3000259.0	0.0	moderate	7117_1_1_1	37.0	7.0	0.0	1.07
7118_1_1_1	7118_1_1_1	7118_1_1_1	3000504.0	3000504.0	0.0	moderate	7118_1_1_1	72.0	7.0	0.0	0.18
7120_1_1_1	7151_1_1_1	7151_1_1_1	3000511.0	3000511.0	0.0	moderate	7151_1_1_1	73.0	7.0	0.0	0.41
7120_1_1_1	7120_1_1_1	7151_1_1_1	3000438.0	3000511.0	73.0	moderate	7120_1_1_1	73.0	6.0	0.0	0.58
7121_1_1_1	7121_1_1_1	7121_1_1_1	3001008.0	3001008.0	0.0	moderate	7121_1_1_1	168.0	6.0	0.0	0.22
7122_1_1_1	7122_1_1_1	7122_1_1_1	3001106.0	3001106.0	0.0	moderate	7122_1_1_1	158.0	7.0	0.0	3.13
7127_1_1_1	7127_1_1_1	7127_1_1_1	3000555.3145796065	3000555.3145796065	0.0	moderate	7127_1_1_1	93.0	6.0	2.6854203936	0.98
7128_1_1_1	7128_1_1_1	7128_1_1_1	3000737.4280422945	3000737.4280422945	0.0	moderate	7128_1_1_1	185.0	4.0	2.5719577056	1.12
7130_1_1_1	7130_1_1_1	7130_1_1_1	3001285.0	3001285.0	0.0	moderate	7130_1_1_1	257.0	5.0	0.0	2.7
7134_1_1_1	7134_1_1_1	7134_1_1_1	3000285.0	3000285.0	0.0	moderate	7134_1_1_1	57.0	5.0	0.0	0.0
7137_1_1_1	7137_1_1_1	7137_1_1_1	3000704.047289815	3000704.047289815	0.0	moderate	7137_1_1_1	101.0	7.0	2.9527101852	1.18
7140_1_1_1	7140_1_1_1	7140_1_1_1	3000388.0	3000388.0	0.0	moderate	7140_1_1_1	97.0	4.0	0.0	1.15
7147_1_1_1	7396_1_1_1	7396_1_1_1	3000630.0	3000630.0	0.0	moderate	7396_1_1_1	105.0	6.0	0.0	0.17
7147_1_1_1	7147_1_1_1	7396_1_1_1	3000612.0	3000630.0	18.0	moderate	7147_1_1_1	102.0	6.0	0.0	0.38
7156_1_1_1	7156_1_1_1	7156_1_1_1	3000060.0	3000060.0	0.0	moderate	7156_1_1_1	20.0	3.0	0.0	0.0
7165_1_1_1	7165_1_1_1	7165_1_1_1	3000686.0	3000686.0	0.0	moderate	7165_1_1_1	98.0	7.0	0.0	1.46
7166_1_1_1	375_1_1_1	375_1_1_1	3000141.0	3000141.0	0.0	moderate	375_1_1_1	47.0	3.0	0.0	0.0
7166_1_1_1	7166_1_1_1	375_1_1_1	3000132.0	3000141.0	9.0	moderate	7166_1_1_1	44.0	3.0	0.0	0.0
7167_1_1_1	7167_1_1_1	7167_1_1_1	3001533.0	3001533.0	0.0	moderate	7167_1_1_1	219.0	7.0	0.0	0.69
7170_1_1_1	7170_1_1_1	7170_1_1_1	3000774.0027833953	3000774.0027833953	0.0	moderate	7170_1_1_1	111.0	7.0	2.9972166046	0.73
7172_1_1_1	7172_1_1_1	7172_1_1_1	3000980.0	3000980.0	0.0	moderate	7172_1_1_1	140.0	7.0	0.0	1.36
7179_1_1_1	7179_1_1_1	7179_1_1_1	3000679.0	3000679.0	0.0	moderate	7179_1_1_1	97.0	7.0	0.0	0.87
7180_1_1_1	7180_1_1_1	7180_1_1_1	3000912.0	3000912.0	0.0	moderate	7180_1_1_1	152.0	6.0	0.0	0.3
7181_1_1_1	7181_1_1_1	7181_1_1_1	3000426.0	3000426.0	0.0	moderate	7181_1_1_1	71.0	6.0	0.0	0.24
7184_1_1_1	7184_1_1_1	7184_1_1_1	3000742.0	3000742.0	0.0	moderate	7184_1_1_1	106.0	7.0	0.0	2.4
7185_1_1_1	7185_1_1_1	7185_1_1_1	3000370.0	3000370.0	0.0	moderate	7185_1_1_1	74.0	5.0	0.0	0.76
7186_1_1_1	7186_1_1_1	7186_1_1_1	3000081.0	3000081.0	0.0	moderate	7186_1_1_1	27.0	3.0	0.0	0.0
7187_1_1_1	7187_1_1_1	7187_1_1_1	3000693.0	3000693.0	0.0	moderate	7187_1_1_1	99.0	7.0	0.0	3.35
7189_1_1_1	7189_1_1_1	7189_1_1_1	3001064.0	3001064.0	0.0	moderate	7189_1_1_1	152.0	7.0	0.0	0.77
7193_1_1_1	7193_1_1_1	7193_1_1_1	3000728.0	3000728.0	0.0	moderate	7193_1_1_1	104.0	7.0	0.0	0.74
7201_1_1_1	7201_1_1_1	7201_1_1_1	3000749.0	3000749.0	0.0	moderate	7201_1_1_1	107.0	7.0	0.0	0.2
7203_1_1_1	7203_1_1_1	7203_1_1_1	3000429.6064382177	3000429.6064382177	0.0	moderate	7203_1_1_1	72.0	6.0	2.3935617822	1.11
7204_1_1_1	7204_1_1_1	7204_1_1_1	3000973.0	3000973.0	0.0	moderate	7204_1_1_1	139.0	7.0	0.0	0.92
7207_1_1_1	7207_1_1_1	7207_1_1_1	3001029.0	3001029.0	0.0	moderate	7207_1_1_1	147.0	7.0	0.0	0.25
7209_1_1_1	7209_1_1_1	7209_1_1_1	3000774.450730709	3000774.450730709	0.0	moderate	7209_1_1_1	111.0	7.0	2.5492692912	1.17
7214_1_1_1	7214_1_1_1	7214_1_1_1	3000057.0	3000057.0	0.0	moderate	7214_1_1_1	19.0	3.0	0.0	0.0
7215_1_1_1	7215_1_1_1	7215_1_1_1	3000055.559244174	3000055.559244174	0.0	moderate	7215_1_1_1	19.0	3.0	1.4407558258	0.0
7216_1_1_1	15064_1_1_1	15064_1_1_1	3001200.0	3001200.0	0.0	moderate	15064_1_1_1	240.0	5.0	0.0	0.87
7216_1_1_1	7216_1_1_1	15064_1_1_1	3001025.0	3001200.0	175.0	moderate	7216_1_1_1	205.0	5.0	0.0	0.26
7216_1_1_1	15066_1_1_1	15064_1_1_1	3000873.0075531704	3001200.0	326.99244682956487	moderate	15066_1_1_1	219.0	4.0	2.9924468297	0.67
7220_1_1_1	7220_1_1_1	7220_1_1_1	3001012.0490414593	3001012.0490414593	0.0	moderate	7220_1_1_1	145.0	7.0	2.9509585406	3.15
7228_1_1_1	7228_1_1_1	7228_1_1_1	3000816.0	3000816.0	0.0	moderate	7228_1_1_1	136.0	6.0	0.0	0.46
7229_1_1_1	7229_1_1_1	7229_1_1_1	3000518.0	3000518.0	0.0	moderate	7229_1_1_1	74.0	7.0	0.0	1.34
7242_1_1_1	7242_1_1_1	7242_1_1_1	3001584.0	3001584.0	0.0	moderate	7242_1_1_1	264.0	6.0	0.0	0.13
7245_1_1_1	7245_1_1_1	7245_1_1_1	3000156.0	3000156.0	0.0	moderate	7245_1_1_1	26.0	6.0	0.0	0.0
7251_1_1_1	4934_1_1_1	4934_1_1_1	3000186.0	3000186.0	0.0	moderate	4934_1_1_1	31.0	6.0	0.0	0.94
7251_1_1_1	7251_1_1_1	4934_1_1_1	3000087.0	3000186.0	99.0	moderate	7251_1_1_1	29.0	3.0	0.0	0.0
7251_1_1_1	7252_1_1_1	4934_1_1_1	3000087.0	3000186.0	99.0	moderate	7252_1_1_1	29.0	3.0	0.0	0.0
7251_1_1_1	7253_1_1_1	4934_1_1_1	3000087.0	3000186.0	99.0	moderate	7253_1_1_1	29.0	3.0	0.0	0.0
7251_1_1_1	7254_1_1_1	4934_1_1_1	3000087.0	3000186.0	99.0	moderate	7254_1_1_1	29.0	3.0	0.0	0.0
7251_1_1_1	7255_1_1_1	4934_1_1_1	3000087.0	3000186.0	99.0	moderate	7255_1_1_1	29.0	3.0	0.0	0.0
7256_1_1_1	7256_1_1_1	7256_1_1_1	3000894.0504419324	3000894.0504419324	0.0	moderate	7256_1_1_1	128.0	7.0	1.9495580675	0.17
7256_1_1_1	7178_1_1_1	7256_1_1_1	3000588.0	3000894.0504419324	306.0504419323988	moderate	7178_1_1_1	98.0	6.0	0.0	0.3
7259_1_1_1	7259_1_1_1	7259_1_1_1	3000700.0	3000700.0	0.0	moderate	7259_1_1_1	100.0	7.0	0.0	1.9
7260_1_1_1	7260_1_1_1	7260_1_1_1	3000616.0	3000616.0	0.0	moderate	7260_1_1_1	88.0	7.0	0.0	0.59
7261_1_1_1	7261_1_1_1	7261_1_1_1	3000574.0	3000574.0	0.0	moderate	7261_1_1_1	82.0	7.0	0.0	0.21
7262_1_1_1	7262_1_1_1	7262_1_1_1	3000256.36861164	3000256.36861164	0.0	moderate	7262_1_1_1	43.0	6.0	1.6313883601	0.0
7264_1_1_1	7264_1_1_1	7264_1_1_1	3001505.0	3001505.0	0.0	moderate	7264_1_1_1	301.0	5.0	0.0	0.74
7266_1_1_1	7266_1_1_1	7266_1_1_1	3000595.0	3000595.0	0.0	moderate	7266_1_1_1	85.0	7.0	0.0	1.4
7269_1_1_1	7269_1_1_1	7269_1_1_1	3000931.0	3000931.0	0.0	moderate	7269_1_1_1	133.0	7.0	0.0	1.17
7270_1_1_1	7270_1_1_1	7270_1_1_1	3001036.0	3001036.0	0.0	moderate	7270_1_1_1	148.0	7.0	0.0	1.08
7274_1_1_1	7274_1_1_1	7274_1_1_1	3001012.4850253817	3001012.4850253817	0.0	moderate	7274_1_1_1	145.0	7.0	2.5149746182	1.43
7276_1_1_1	7276_1_1_1	7276_1_1_1	3000819.0	3000819.0	0.0	moderate	7276_1_1_1	117.0	7.0	0.0	0.76
7281_1_1_1	7281_1_1_1	7281_1_1_1	3000791.0	3000791.0	0.0	moderate	7281_1_1_1	113.0	7.0	0.0	0.72
7285_1_1_1	7285_1_1_1	7285_1_1_1	3000658.0	3000658.0	0.0	moderate	7285_1_1_1	94.0	7.0	0.0	0.87
7286_1_1_1	7286_1_1_1	7286_1_1_1	3001232.0	3001232.0	0.0	moderate	7286_1_1_1	176.0	7.0	0.0	0.85
7287_1_1_1	7287_1_1_1	7287_1_1_1	3000770.0	3000770.0	0.0	moderate	7287_1_1_1	110.0	7.0	0.0	0.26
7288_1_1_1	7288_1_1_1	7288_1_1_1	3000255.6533183926	3000255.6533183926	0.0	moderate	7288_1_1_1	43.0	6.0	2.3466816074	2.04
7291_1_1_1	7291_1_1_1	7291_1_1_1	3000637.0	3000637.0	0.0	moderate	7291_1_1_1	91.0	7.0	0.0	1.45
7299_1_1_1	7299_1_1_1	7299_1_1_1	3000117.0	3000117.0	0.0	moderate	7299_1_1_1	39.0	3.0	0.0	0.0
7300_1_1_1	7300_1_1_1	7300_1_1_1	3000749.0	3000749.0	0.0	moderate	7300_1_1_1	107.0	7.0	0.0	3.01
7301_1_1_1	7301_1_1_1	7301_1_1_1	3000691.2548047225	3000691.2548047225	0.0	moderate	7301_1_1_1	99.0	7.0	1.7451952773	0.28
7303_1_1_1	7303_1_1_1	7303_1_1_1	3001047.142379444	3001047.142379444	0.0	moderate	7303_1_1_1	150.0	7.0	2.8576205557	1.44
7323_1_1_1	15645_1_1_1	15645_1_1_1	3000644.0	3000644.0	0.0	moderate	15645_1_1_1	92.0	7.0	0.0	0.48
7323_1_1_1	7323_1_1_1	15645_1_1_1	3000504.0	3000644.0	140.0	moderate	7323_1_1_1	84.0	6.0	0.0	0.75
7323_1_1_1	4116_1_1_1	15645_1_1_1	3000498.0	3000644.0	146.0	moderate	4116_1_1_1	83.0	6.0	0.0	2.06
7323_1_1_1	7318_1_1_1	15645_1_1_1	3000456.0	3000644.0	188.0	moderate	7318_1_1_1	76.0	6.0	0.0	0.55
7323_1_1_1	7316_1_1_1	15645_1_1_1	3000425.0	3000644.0	219.0	moderate	7316_1_1_1	85.0	5.0	0.0	0.29
7323_1_1_1	7317_1_1_1	15645_1_1_1	3000365.0	3000644.0	279.0	moderate	7317_1_1_1	73.0	5.0	0.0	0.46
7324_1_1_1	7324_1_1_1	7324_1_1_1	3000644.0	3000644.0	0.0	moderate	7324_1_1_1	92.0	7.0	0.0	2.27
7325_1_1_1	7325_1_1_1	7325_1_1_1	3000705.0	3000705.0	0.0	moderate	7325_1_1_1	141.0	5.0	0.0	1.65
7326_1_1_1	7326_1_1_1	7326_1_1_1	3000250.0	3000250.0	0.0	moderate	7326_1_1_1	50.0	5.0	0.0	0.0
7327_1_1_1	7327_1_1_1	7327_1_1_1	3000290.0	3000290.0	0.0	moderate	7327_1_1_1	58.0	5.0	0.0	0.0
7340_1_1_1	7340_1_1_1	7340_1_1_1	3000460.0	3000460.0	0.0	moderate	7340_1_1_1	92.0	5.0	0.0	0.29
7364_1_1_1	7364_1_1_1	7364_1_1_1	3000679.0	3000679.0	0.0	moderate	7364_1_1_1	97.0	7.0	0.0	1.63
7364_1_1_1	51283_1_1_1	7364_1_1_1	3000352.0	3000679.0	327.0	moderate	51283_1_1_1	88.0	4.0	0.0	2.01
7365_1_1_1	7365_1_1_1	7365_1_1_1	3000291.3964827647	3000291.3964827647	0.0	moderate	7365_1_1_1	49.0	6.0	2.6035172353	1.13
7382_1_1_1	7382_1_1_1	7382_1_1_1	3000581.0	3000581.0	0.0	moderate	7382_1_1_1	83.0	7.0	0.0	2.29
7383_1_1_1	7383_1_1_1	7383_1_1_1	3000504.0	3000504.0	0.0	moderate	7383_1_1_1	72.0	7.0	0.0	2.34
7386_1_1_1	7386_1_1_1	7386_1_1_1	3000294.0	3000294.0	0.0	moderate	7386_1_1_1	42.0	7.0	0.0	1.69
7401_2_1_1	7401_2_1_1	7401_2_1_1	3000350.0	3000350.0	0.0	moderate	7401_2_1_1	50.0	7.0	0.0	0.47
7402_1_1_1	7402_1_1_1	7402_1_1_1	3000072.0	3000072.0	0.0	moderate	7402_1_1_1	24.0	3.0	0.0	0.0
7419_1_1_1	7419_1_1_1	7419_1_1_1	3000613.6130520236	3000613.6130520236	0.0	moderate	7419_1_1_1	88.0	7.0	2.3869479762	0.49
7421_1_1_1	7421_1_1_1	7421_1_1_1	3000434.0	3000434.0	0.0	moderate	7421_1_1_1	62.0	7.0	0.0	1.07
7421_1_1_1	7420_1_1_1	7421_1_1_1	3000434.0	3000434.0	0.0	moderate	7420_1_1_1	62.0	7.0	0.0	0.75
780_1_1_1	780_1_1_1	780_1_1_1	3000099.0	3000099.0	0.0	moderate	780_1_1_1	33.0	3.0	0.0	0.0
810_1_1_1	810_1_1_1	810_1_1_1	3000076.339535393	3000076.339535393	0.0	moderate	810_1_1_1	26.0	3.0	1.6604646072	0.0
915_1_1_1	17603_1_1_1	17603_1_1_1	3000972.0	3000972.0	0.0	moderate	17603_1_1_1	162.0	6.0	0.0	0.42
915_1_1_1	17604_1_1_1	17603_1_1_1	3000810.0	3000972.0	162.0	moderate	17604_1_1_1	162.0	5.0	0.0	0.0
915_1_1_1	915_1_1_1	17603_1_1_1	3000636.0	3000972.0	336.0	moderate	915_1_1_1	159.0	4.0	0.0	0.0
916_1_1_1	26821_1_1_1	26821_1_1_1	3000612.0	3000612.0	0.0	moderate	26821_1_1_1	102.0	6.0	0.0	0.33
916_1_1_1	17013_1_1_1	26821_1_1_1	3000384.0	3000612.0	228.0	moderate	17013_1_1_1	96.0	4.0	0.0	0.35
916_1_1_1	916_1_1_1	26821_1_1_1	3000291.0	3000612.0	321.0	moderate	916_1_1_1	97.0	3.0	0.0	0.0
979_1_1_1	979_1_1_1	979_1_1_1	3000237.0	3000237.0	0.0	moderate	979_1_1_1	79.0	3.0	0.0	0.0
