cluster_repr	member	best_repr	member_quality	best_repr_quality	quality_diff_vs_mmseqs	member_tier	member_ID	n_bb_pos	n_bb_types	max_potenci_off	max_lacs_off
10025_1_1_1	10025_1_1_1	10025_1_1_1	4000679.0	4000679.0	0.0	strict	10025_1_1_1	97.0	7.0	0.0	0.29
10028_1_1_1	10028_1_1_1	10028_1_1_1	4000301.0	4000301.0	0.0	strict	10028_1_1_1	43.0	7.0	0.0	1.42
10095_1_1_1	10095_1_1_1	10095_1_1_1	4000560.0	4000560.0	0.0	strict	10095_1_1_1	80.0	7.0	0.0	1.67
10123_1_1_1	10123_1_1_1	10123_1_1_1	4000651.0	4000651.0	0.0	strict	10123_1_1_1	93.0	7.0	0.0	0.57
10123_1_1_1	18478_1_1_1	10123_1_1_1	4000651.0	4000651.0	0.0	strict	18478_1_1_1	93.0	7.0	0.0	0.72
10129_1_1_1	10129_1_1_1	10129_1_1_1	4000805.0	4000805.0	0.0	strict	10129_1_1_1	115.0	7.0	0.0	0.63
10141_1_1_1	10141_1_1_1	10141_1_1_1	4000875.0	4000875.0	0.0	strict	10141_1_1_1	125.0	7.0	0.0	0.81
10147_1_1_1	10147_1_1_1	10147_1_1_1	4000840.0	4000840.0	0.0	strict	10147_1_1_1	120.0	7.0	0.0	0.26
10149_1_1_1	10149_1_1_1	10149_1_1_1	4000805.0	4000805.0	0.0	strict	10149_1_1_1	115.0	7.0	0.0	0.18
10149_1_1_1	11143_1_1_1	10149_1_1_1	4000798.0	4000805.0	7.0	strict	11143_1_1_1	114.0	7.0	0.0	2.46
10161_1_1_1	10161_1_1_1	10161_1_1_1	4000686.0	4000686.0	0.0	strict	10161_1_1_1	98.0	7.0	0.0	1.32
10163_1_1_1	10163_1_1_1	10163_1_1_1	4000665.0	4000665.0	0.0	strict	10163_1_1_1	95.0	7.0	0.0	1.72
10164_1_1_1	10164_1_1_1	10164_1_1_1	4000994.0	4000994.0	0.0	strict	10164_1_1_1	142.0	7.0	0.0	0.7
10193_1_1_1	10193_1_1_1	10193_1_1_1	4000448.0	4000448.0	0.0	strict	10193_1_1_1	64.0	7.0	0.0	0.44
10248_1_1_1	10248_1_1_1	10248_1_1_1	4000511.0	4000511.0	0.0	strict	10248_1_1_1	73.0	7.0	0.0	0.52
10250_1_1_1	10250_1_1_1	10250_1_1_1	4000987.0	4000987.0	0.0	strict	10250_1_1_1	141.0	7.0	0.0	0.28
10251_1_1_1	10251_1_1_1	10251_1_1_1	4000854.0	4000854.0	0.0	strict	10251_1_1_1	122.0	7.0	0.0	0.44
10253_1_1_1	10312_1_1_1	10312_1_1_1	4000854.0	4000854.0	0.0	strict	10312_1_1_1	122.0	7.0	0.0	1.13
10253_1_1_1	10253_1_1_1	10312_1_1_1	4000819.0	4000854.0	35.0	strict	10253_1_1_1	117.0	7.0	0.0	1.22
10256_1_1_1	10256_1_1_1	10256_1_1_1	4000693.0	4000693.0	0.0	strict	10256_1_1_1	99.0	7.0	0.0	0.58
10260_1_1_1	10260_1_1_1	10260_1_1_1	4000686.0	4000686.0	0.0	strict	10260_1_1_1	98.0	7.0	0.0	2.82
10262_1_1_1	10262_1_1_1	10262_1_1_1	4000672.0	4000672.0	0.0	strict	10262_1_1_1	96.0	7.0	0.0	1.13
10263_1_1_1	10263_1_1_1	10263_1_1_1	4000721.0	4000721.0	0.0	strict	10263_1_1_1	103.0	7.0	0.0	0.74
10264_1_1_1	10264_1_1_1	10264_1_1_1	4001111.0917287376	4001111.0917287376	0.0	strict	10264_1_1_1	159.0	7.0	1.9082712622	0.79
10267_1_1_1	18824_1_1_1	18824_1_1_1	4000798.0	4000798.0	0.0	strict	18824_1_1_1	114.0	7.0	0.0	0.61
10267_1_1_1	10267_1_1_1	18824_1_1_1	4000756.0	4000798.0	42.0	strict	10267_1_1_1	108.0	7.0	0.0	0.59
10269_1_1_1	10269_1_1_1	10269_1_1_1	4000406.0	4000406.0	0.0	strict	10269_1_1_1	58.0	7.0	0.0	1.43
10270_1_1_1	10270_1_1_1	10270_1_1_1	4000796.129697241	4000796.129697241	0.0	strict	10270_1_1_1	114.0	7.0	1.8703027593	0.45
10271_1_1_1	10271_1_1_1	10271_1_1_1	4000686.0	4000686.0	0.0	strict	10271_1_1_1	98.0	7.0	0.0	1.23
10273_1_1_1	10273_1_1_1	10273_1_1_1	4000581.0	4000581.0	0.0	strict	10273_1_1_1	83.0	7.0	0.0	2.82
10274_1_1_1	10274_1_1_1	10274_1_1_1	4000693.0	4000693.0	0.0	strict	10274_1_1_1	99.0	7.0	0.0	0.76
10275_1_1_1	10275_1_1_1	10275_1_1_1	4000609.0	4000609.0	0.0	strict	10275_1_1_1	87.0	7.0	0.0	0.6
10299_1_1_1	10299_1_1_1	10299_1_1_1	4000728.0	4000728.0	0.0	strict	10299_1_1_1	104.0	7.0	0.0	0.47
10314_1_1_1	10314_1_1_1	10314_1_1_1	4000798.0	4000798.0	0.0	strict	10314_1_1_1	114.0	7.0	0.0	0.42
10319_1_1_1	10319_1_1_1	10319_1_1_1	4000763.0	4000763.0	0.0	strict	10319_1_1_1	109.0	7.0	0.0	0.64
10322_1_1_1	10330_1_1_1	10330_1_1_1	4000735.0	4000735.0	0.0	strict	10330_1_1_1	105.0	7.0	0.0	1.75
10322_1_1_1	10334_1_1_1	10330_1_1_1	4000733.5900460454	4000735.0	1.4099539546296	strict	10334_1_1_1	105.0	7.0	1.4099539545	1.39
10322_1_1_1	10322_1_1_1	10330_1_1_1	4000686.0	4000735.0	49.0	strict	10322_1_1_1	98.0	7.0	0.0	1.41
10322_1_1_1	10146_1_1_1	10330_1_1_1	4000686.0	4000735.0	49.0	strict	10146_1_1_1	98.0	7.0	0.0	1.25
10323_1_1_1	10323_1_1_1	10323_1_1_1	4000707.0	4000707.0	0.0	strict	10323_1_1_1	101.0	7.0	0.0	2.49
10324_1_1_1	10324_1_1_1	10324_1_1_1	4000651.0	4000651.0	0.0	strict	10324_1_1_1	93.0	7.0	0.0	2.67
10327_1_1_1	10327_1_1_1	10327_1_1_1	4000770.0	4000770.0	0.0	strict	10327_1_1_1	110.0	7.0	0.0	1.59
10329_1_1_1	10329_1_1_1	10329_1_1_1	4000609.0	4000609.0	0.0	strict	10329_1_1_1	87.0	7.0	0.0	1.97
10332_1_1_1	10332_1_1_1	10332_1_1_1	4000721.0	4000721.0	0.0	strict	10332_1_1_1	103.0	7.0	0.0	1.64
10333_1_1_1	10333_1_1_1	10333_1_1_1	4000819.0	4000819.0	0.0	strict	10333_1_1_1	117.0	7.0	0.0	1.29
10335_1_1_1	10335_1_1_1	10335_1_1_1	4000707.0	4000707.0	0.0	strict	10335_1_1_1	101.0	7.0	0.0	2.18
10336_1_1_1	10336_1_1_1	10336_1_1_1	4001181.052531304	4001181.052531304	0.0	strict	10336_1_1_1	169.0	7.0	1.947468696	0.31
10338_1_1_1	10338_1_1_1	10338_1_1_1	4000364.0	4000364.0	0.0	strict	10338_1_1_1	52.0	7.0	0.0	0.36
11000_1_1_1	11000_1_1_1	11000_1_1_1	4000172.0	4000172.0	0.0	strict	11000_1_1_1	43.0	4.0	0.0	2.29
11018_1_1_1	18119_1_1_1	18119_1_1_1	4000448.0	4000448.0	0.0	strict	18119_1_1_1	64.0	7.0	0.0	0.66
11018_1_1_1	11018_1_1_1	18119_1_1_1	4000434.0	4000448.0	14.0	strict	11018_1_1_1	62.0	7.0	0.0	3.12
11037_1_1_1	11037_1_1_1	11037_1_1_1	4000434.0	4000434.0	0.0	strict	11037_1_1_1	62.0	7.0	0.0	2.43
11037_1_1_1	16207_1_1_1	11037_1_1_1	4000402.0	4000434.0	32.0	strict	16207_1_1_1	67.0	6.0	0.0	3.78
11042_1_1_1	11042_1_1_1	11042_1_1_1	4000609.0	4000609.0	0.0	strict	11042_1_1_1	87.0	7.0	0.0	0.61
11057_1_1_1	11057_1_1_1	11057_1_1_1	4000904.101553515	4000904.101553515	0.0	strict	11057_1_1_1	151.0	6.0	1.8984464844	0.66
11060_1_1_1	11060_1_1_1	11060_1_1_1	4000666.0	4000666.0	0.0	strict	11060_1_1_1	111.0	6.0	0.0	1.29
11065_1_1_1	11065_1_1_1	11065_1_1_1	4000749.0	4000749.0	0.0	strict	11065_1_1_1	107.0	7.0	0.0	0.41
11075_1_1_1	11075_1_1_1	11075_1_1_1	4000456.0	4000456.0	0.0	strict	11075_1_1_1	76.0	6.0	0.0	1.08
11077_1_1_1	11077_1_1_1	11077_1_1_1	4000558.0	4000558.0	0.0	strict	11077_1_1_1	93.0	6.0	0.0	3.11
11083_1_1_1	11083_1_1_1	11083_1_1_1	4001134.0	4001134.0	0.0	strict	11083_1_1_1	162.0	7.0	0.0	0.42
11088_1_1_1	11088_1_1_1	11088_1_1_1	4000735.0	4000735.0	0.0	strict	11088_1_1_1	105.0	7.0	0.0	0.49
11089_1_1_1	11089_1_1_1	11089_1_1_1	4000784.0	4000784.0	0.0	strict	11089_1_1_1	112.0	7.0	0.0	0.82
11091_1_1_1	11091_1_1_1	11091_1_1_1	4000742.0	4000742.0	0.0	strict	11091_1_1_1	106.0	7.0	0.0	1.72
11092_1_1_1	11092_1_1_1	11092_1_1_1	4000651.0	4000651.0	0.0	strict	11092_1_1_1	93.0	7.0	0.0	0.79
11096_1_1_1	11096_1_1_1	11096_1_1_1	4000735.0	4000735.0	0.0	strict	11096_1_1_1	105.0	7.0	0.0	0.53
11098_1_1_1	11098_1_1_1	11098_1_1_1	4000763.0	4000763.0	0.0	strict	11098_1_1_1	109.0	7.0	0.0	0.78
11099_1_1_1	11099_1_1_1	11099_1_1_1	4000742.0	4000742.0	0.0	strict	11099_1_1_1	106.0	7.0	0.0	0.3
11103_1_1_1	11103_1_1_1	11103_1_1_1	4000700.0	4000700.0	0.0	strict	11103_1_1_1	100.0	7.0	0.0	1.39
11104_1_1_1	11101_1_1_1	11101_1_1_1	4000966.0	4000966.0	0.0	strict	11101_1_1_1	138.0	7.0	0.0	1.67
11104_1_1_1	11104_1_1_1	11101_1_1_1	4000791.0	4000966.0	175.0	strict	11104_1_1_1	113.0	7.0	0.0	0.45
11105_1_1_1	11105_1_1_1	11105_1_1_1	4000917.0	4000917.0	0.0	strict	11105_1_1_1	131.0	7.0	0.0	0.64
11107_1_1_1	11107_1_1_1	11107_1_1_1	4000791.0	4000791.0	0.0	strict	11107_1_1_1	113.0	7.0	0.0	1.29
11110_1_1_1	11110_1_1_1	11110_1_1_1	4000693.0	4000693.0	0.0	strict	11110_1_1_1	99.0	7.0	0.0	0.8
11113_1_1_1	11113_1_1_1	11113_1_1_1	4000854.0	4000854.0	0.0	strict	11113_1_1_1	122.0	7.0	0.0	0.55
11114_1_1_1	11114_1_1_1	11114_1_1_1	4000798.0	4000798.0	0.0	strict	11114_1_1_1	114.0	7.0	0.0	1.51
11118_1_1_1	11118_1_1_1	11118_1_1_1	4000728.0	4000728.0	0.0	strict	11118_1_1_1	104.0	7.0	0.0	0.59
11122_1_1_1	11122_1_1_1	11122_1_1_1	4000965.127131021	4000965.127131021	0.0	strict	11122_1_1_1	138.0	7.0	0.8728689787	0.15
11124_1_1_1	11124_1_1_1	11124_1_1_1	4000882.0	4000882.0	0.0	strict	11124_1_1_1	126.0	7.0	0.0	2.26
11125_1_1_1	11125_1_1_1	11125_1_1_1	4000686.0	4000686.0	0.0	strict	11125_1_1_1	98.0	7.0	0.0	2.96
11127_1_1_1	11127_1_1_1	11127_1_1_1	4000798.0	4000798.0	0.0	strict	11127_1_1_1	114.0	7.0	0.0	2.9
11128_1_1_1	11128_1_1_1	11128_1_1_1	4000784.0	4000784.0	0.0	strict	11128_1_1_1	112.0	7.0	0.0	2.77
11129_1_1_1	11129_1_1_1	11129_1_1_1	4000812.0	4000812.0	0.0	strict	11129_1_1_1	116.0	7.0	0.0	2.28
11135_1_1_1	11135_1_1_1	11135_1_1_1	4000602.0	4000602.0	0.0	strict	11135_1_1_1	86.0	7.0	0.0	2.34
11137_1_1_1	11137_1_1_1	11137_1_1_1	4000630.0	4000630.0	0.0	strict	11137_1_1_1	90.0	7.0	0.0	2.11
11138_1_1_1	11138_1_1_1	11138_1_1_1	4000630.0	4000630.0	0.0	strict	11138_1_1_1	90.0	7.0	0.0	2.29
11141_1_1_1	11141_1_1_1	11141_1_1_1	4000959.0	4000959.0	0.0	strict	11141_1_1_1	137.0	7.0	0.0	2.29
11144_1_1_1	11144_1_1_1	11144_1_1_1	4000635.7322950526	4000635.7322950526	0.0	strict	11144_1_1_1	91.0	7.0	1.2677049476	0.15
11145_1_1_1	11145_1_1_1	11145_1_1_1	4000777.0	4000777.0	0.0	strict	11145_1_1_1	111.0	7.0	0.0	2.83
11148_1_1_1	11148_1_1_1	11148_1_1_1	4000784.0	4000784.0	0.0	strict	11148_1_1_1	112.0	7.0	0.0	2.95
11154_1_1_1	11154_1_1_1	11154_1_1_1	4000434.0	4000434.0	0.0	strict	11154_1_1_1	62.0	7.0	0.0	0.7
11158_1_1_1	11158_1_1_1	11158_1_1_1	4000504.0	4000504.0	0.0	strict	11158_1_1_1	72.0	7.0	0.0	0.33
11160_1_1_1	11160_1_1_1	11160_1_1_1	4000572.6682190113	4000572.6682190113	0.0	strict	11160_1_1_1	82.0	7.0	1.3317809889	0.14
11175_1_1_1	11175_1_1_1	11175_1_1_1	4001128.0	4001128.0	0.0	strict	11175_1_1_1	188.0	6.0	0.0	2.46
11182_1_1_1	11182_1_1_1	11182_1_1_1	4000819.0	4000819.0	0.0	strict	11182_1_1_1	117.0	7.0	0.0	1.19
11214_1_1_1	11214_1_1_1	11214_1_1_1	4000511.0	4000511.0	0.0	strict	11214_1_1_1	73.0	7.0	0.0	2.92
11229_1_1_1	11229_1_1_1	11229_1_1_1	4000686.0	4000686.0	0.0	strict	11229_1_1_1	98.0	7.0	0.0	2.63
11231_1_1_1	11231_1_1_1	11231_1_1_1	4000672.0	4000672.0	0.0	strict	11231_1_1_1	96.0	7.0	0.0	1.43
11232_1_1_1	11232_1_1_1	11232_1_1_1	4000742.0	4000742.0	0.0	strict	11232_1_1_1	106.0	7.0	0.0	1.58
11244_1_1_1	11244_1_1_1	11244_1_1_1	4000385.0	4000385.0	0.0	strict	11244_1_1_1	55.0	7.0	0.0	0.58
11246_1_1_1	11246_1_1_1	11246_1_1_1	4000826.0	4000826.0	0.0	strict	11246_1_1_1	118.0	7.0	0.0	1.56
11247_1_1_1	11247_1_1_1	11247_1_1_1	4000966.0	4000966.0	0.0	strict	11247_1_1_1	138.0	7.0	0.0	1.68
11250_1_1_1	11250_1_1_1	11250_1_1_1	4000432.0	4000432.0	0.0	strict	11250_1_1_1	72.0	6.0	0.0	1.81
11254_1_1_1	11254_1_1_1	11254_1_1_1	4000650.1369170984	4000650.1369170984	0.0	strict	11254_1_1_1	93.0	7.0	0.8630829016	1.0
11255_1_1_1	11255_1_1_1	11255_1_1_1	4000812.0	4000812.0	0.0	strict	11255_1_1_1	116.0	7.0	0.0	2.32
11258_1_1_1	11258_1_1_1	11258_1_1_1	4000707.0	4000707.0	0.0	strict	11258_1_1_1	101.0	7.0	0.0	0.94
11260_1_1_1	11260_1_1_1	11260_1_1_1	4000385.0	4000385.0	0.0	strict	11260_1_1_1	55.0	7.0	0.0	0.42
11262_1_1_1	11262_1_1_1	11262_1_1_1	4000581.0	4000581.0	0.0	strict	11262_1_1_1	83.0	7.0	0.0	1.98
11263_1_1_1	11263_1_1_1	11263_1_1_1	4000539.0	4000539.0	0.0	strict	11263_1_1_1	77.0	7.0	0.0	1.36
11264_1_1_1	11264_1_1_1	11264_1_1_1	4000721.0	4000721.0	0.0	strict	11264_1_1_1	103.0	7.0	0.0	0.27
11265_1_1_1	11265_1_1_1	11265_1_1_1	4000546.0	4000546.0	0.0	strict	11265_1_1_1	78.0	7.0	0.0	1.04
11266_1_1_1	11266_1_1_1	11266_1_1_1	4000553.0	4000553.0	0.0	strict	11266_1_1_1	79.0	7.0	0.0	0.61
11268_1_1_1	11268_1_1_1	11268_1_1_1	4000707.0	4000707.0	0.0	strict	11268_1_1_1	101.0	7.0	0.0	1.17
11271_1_1_1	11271_1_1_1	11271_1_1_1	4000322.0	4000322.0	0.0	strict	11271_1_1_1	46.0	7.0	0.0	0.93
11272_1_1_1	11272_1_1_1	11272_1_1_1	4000581.0	4000581.0	0.0	strict	11272_1_1_1	83.0	7.0	0.0	0.37
11273_1_1_1	11273_1_1_1	11273_1_1_1	4000364.0	4000364.0	0.0	strict	11273_1_1_1	52.0	7.0	0.0	0.53
11274_1_1_1	11274_1_1_1	11274_1_1_1	4000420.0	4000420.0	0.0	strict	11274_1_1_1	60.0	7.0	0.0	0.69
11278_1_1_1	11278_1_1_1	11278_1_1_1	4000455.0	4000455.0	0.0	strict	11278_1_1_1	65.0	7.0	0.0	0.47
11279_1_1_1	11279_1_1_1	11279_1_1_1	4000525.0	4000525.0	0.0	strict	11279_1_1_1	75.0	7.0	0.0	0.62
11280_1_1_1	11280_1_1_1	11280_1_1_1	4000567.0	4000567.0	0.0	strict	11280_1_1_1	81.0	7.0	0.0	0.69
11281_1_1_1	11281_1_1_1	11281_1_1_1	4000698.284698308	4000698.284698308	0.0	strict	11281_1_1_1	100.0	7.0	1.715301692	0.42
11282_1_1_1	11282_1_1_1	11282_1_1_1	4000371.0	4000371.0	0.0	strict	11282_1_1_1	53.0	7.0	0.0	0.36
11283_1_1_1	11283_1_1_1	11283_1_1_1	4000614.41337023	4000614.41337023	0.0	strict	11283_1_1_1	88.0	7.0	1.5866297704	0.7
11284_1_1_1	11284_1_1_1	11284_1_1_1	4000420.0	4000420.0	0.0	strict	11284_1_1_1	60.0	7.0	0.0	0.33
11285_1_1_1	11285_1_1_1	11285_1_1_1	4000595.0	4000595.0	0.0	strict	11285_1_1_1	85.0	7.0	0.0	0.25
11290_1_1_1	11290_1_1_1	11290_1_1_1	4000679.0	4000679.0	0.0	strict	11290_1_1_1	97.0	7.0	0.0	0.54
11291_1_1_1	11291_1_1_1	11291_1_1_1	4000707.0	4000707.0	0.0	strict	11291_1_1_1	101.0	7.0	0.0	0.82
11295_1_1_1	11295_1_1_1	11295_1_1_1	4000980.0	4000980.0	0.0	strict	11295_1_1_1	140.0	7.0	0.0	1.63
11297_1_1_1	11297_1_1_1	11297_1_1_1	4000411.6574672046	4000411.6574672046	0.0	strict	11297_1_1_1	59.0	7.0	1.3425327952	0.98
11301_1_1_1	11301_1_1_1	11301_1_1_1	4000371.0	4000371.0	0.0	strict	11301_1_1_1	53.0	7.0	0.0	0.71
11304_1_1_1	11304_1_1_1	11304_1_1_1	4000777.0	4000777.0	0.0	strict	11304_1_1_1	111.0	7.0	0.0	0.7
11311_1_1_1	11311_1_1_1	11311_1_1_1	4000980.0	4000980.0	0.0	strict	11311_1_1_1	140.0	7.0	0.0	0.59
11320_1_1_1	11320_1_1_1	11320_1_1_1	4000735.0	4000735.0	0.0	strict	11320_1_1_1	105.0	7.0	0.0	1.38
11330_1_1_1	7351_1_1_1	7351_1_1_1	4001013.6030036905	4001013.6030036905	0.0	strict	7351_1_1_1	145.0	7.0	1.3969963095	2.59
11330_1_1_1	11330_1_1_1	7351_1_1_1	4000973.0	4001013.6030036905	40.60300369048491	strict	11330_1_1_1	139.0	7.0	0.0	0.76
11334_1_1_1	11334_1_1_1	11334_1_1_1	4000756.0	4000756.0	0.0	strict	11334_1_1_1	108.0	7.0	0.0	0.19
11346_1_1_1	11346_1_1_1	11346_1_1_1	4000301.0	4000301.0	0.0	strict	11346_1_1_1	43.0	7.0	0.0	1.4
11348_1_1_1	11348_1_1_1	11348_1_1_1	4001155.0	4001155.0	0.0	strict	11348_1_1_1	165.0	7.0	0.0	0.77
11351_1_1_1	11351_1_1_1	11351_1_1_1	4001127.0	4001127.0	0.0	strict	11351_1_1_1	161.0	7.0	0.0	0.58
11370_1_1_1	19063_1_1_1	19063_1_1_1	4000430.0	4000430.0	0.0	strict	19063_1_1_1	86.0	5.0	0.0	10.23
11370_1_1_1	11370_1_1_1	19063_1_1_1	4000420.0	4000430.0	10.0	strict	11370_1_1_1	84.0	5.0	0.0	0.52
11397_1_1_1	11397_1_1_1	11397_1_1_1	4000686.0	4000686.0	0.0	strict	11397_1_1_1	98.0	7.0	0.0	0.62
11399_1_1_1	34766_1_1_1	34766_1_1_1	4000831.066064294	4000831.066064294	0.0	strict	34766_1_1_1	119.0	7.0	1.933935706	0.62
11399_1_1_1	11399_1_1_1	34766_1_1_1	4000637.0	4000831.066064294	194.06606429396197	strict	11399_1_1_1	91.0	7.0	0.0	0.39
11402_1_1_1	11402_1_1_1	11402_1_1_1	4000434.0	4000434.0	0.0	strict	11402_1_1_1	62.0	7.0	0.0	1.54
11417_1_1_1	11417_1_1_1	11417_1_1_1	4000594.4542977703	4000594.4542977703	0.0	strict	11417_1_1_1	85.0	7.0	0.5457022292	0.46
11428_1_1_1	11428_1_1_1	11428_1_1_1	4000388.0	4000388.0	0.0	strict	11428_1_1_1	97.0	4.0	0.0	0.0
11451_1_1_1	11451_1_1_1	11451_1_1_1	4000972.0	4000972.0	0.0	strict	11451_1_1_1	162.0	6.0	0.0	1.25
11453_1_1_1	11453_1_1_1	11453_1_1_1	4000252.0	4000252.0	0.0	strict	11453_1_1_1	63.0	4.0	0.0	1.19
11456_1_1_1	11456_1_1_1	11456_1_1_1	4000623.0	4000623.0	0.0	strict	11456_1_1_1	89.0	7.0	0.0	1.45
11458_1_1_1	11458_1_1_1	11458_1_1_1	4000609.0	4000609.0	0.0	strict	11458_1_1_1	87.0	7.0	0.0	0.51
11490_1_1_1	11490_1_1_1	11490_1_1_1	4000822.0	4000822.0	0.0	strict	11490_1_1_1	137.0	6.0	0.0	2.56
11490_1_1_1	11495_1_1_1	11490_1_1_1	4000804.0	4000822.0	18.0	strict	11495_1_1_1	134.0	6.0	0.0	1.69
11507_1_1_1	11507_1_1_1	11507_1_1_1	4001078.0	4001078.0	0.0	strict	11507_1_1_1	154.0	7.0	0.0	0.71
11511_1_1_1	11511_1_1_1	11511_1_1_1	4000408.2114379583	4000408.2114379583	0.0	strict	11511_1_1_1	82.0	5.0	1.7885620414	1.15
11516_1_1_1	11516_1_1_1	11516_1_1_1	4000966.0	4000966.0	0.0	strict	11516_1_1_1	138.0	7.0	0.0	1.33
11525_1_1_1	11525_1_1_1	11525_1_1_1	4000672.0	4000672.0	0.0	strict	11525_1_1_1	96.0	7.0	0.0	0.15
11527_1_1_1	11527_1_1_1	11527_1_1_1	4000495.0	4000495.0	0.0	strict	11527_1_1_1	99.0	5.0	0.0	2.5
11532_1_1_1	11532_1_1_1	11532_1_1_1	4000588.0	4000588.0	0.0	strict	11532_1_1_1	84.0	7.0	0.0	1.05
11555_1_1_1	11555_1_1_1	11555_1_1_1	4000469.0	4000469.0	0.0	strict	11555_1_1_1	67.0	7.0	0.0	1.0
11561_1_1_1	11561_1_1_1	11561_1_1_1	4000826.0	4000826.0	0.0	strict	11561_1_1_1	118.0	7.0	0.0	0.4
11572_1_1_1	11142_1_1_1	11142_1_1_1	4000819.0	4000819.0	0.0	strict	11142_1_1_1	117.0	7.0	0.0	2.82
11572_1_1_1	11572_1_1_1	11142_1_1_1	4000684.0	4000819.0	135.0	strict	11572_1_1_1	114.0	6.0	0.0	0.81
11573_1_1_1	11573_1_1_1	11573_1_1_1	4000749.0	4000749.0	0.0	strict	11573_1_1_1	107.0	7.0	0.0	0.8
11595_1_1_1	11595_1_1_1	11595_1_1_1	4000360.0	4000360.0	0.0	strict	11595_1_1_1	60.0	6.0	0.0	0.36
12010_1_1_1	12010_1_1_1	12010_1_1_1	4000485.0	4000485.0	0.0	strict	12010_1_1_1	97.0	5.0	0.0	0.17
12032_1_1_1	51403_1_1_1	51403_1_1_1	4000882.0	4000882.0	0.0	strict	51403_1_1_1	126.0	7.0	0.0	0.35
12032_1_1_1	51404_1_1_1	51403_1_1_1	4000875.0	4000882.0	7.0	strict	51404_1_1_1	125.0	7.0	0.0	0.32
12032_1_1_1	12032_1_1_1	51403_1_1_1	4000805.0	4000882.0	77.0	strict	12032_1_1_1	115.0	7.0	0.0	0.4
12032_1_1_1	27539_1_1_1	51403_1_1_1	4000392.0	4000882.0	490.0	strict	27539_1_1_1	98.0	4.0	0.0	0.43
12040_1_1_1	12040_1_1_1	12040_1_1_1	4001160.0	4001160.0	0.0	strict	12040_1_1_1	232.0	5.0	0.0	0.58
15007_1_1_1	15007_1_1_1	15007_1_1_1	4000616.0	4000616.0	0.0	strict	15007_1_1_1	88.0	7.0	0.0	1.14
15011_1_1_1	15008_1_1_1	15008_1_1_1	4000896.0	4000896.0	0.0	strict	15008_1_1_1	128.0	7.0	0.0	1.92
15011_1_1_1	15011_1_1_1	15008_1_1_1	4000889.0	4000896.0	7.0	strict	15011_1_1_1	127.0	7.0	0.0	1.96
15011_1_1_1	15010_1_1_1	15008_1_1_1	4000882.0	4000896.0	14.0	strict	15010_1_1_1	126.0	7.0	0.0	2.35
15011_1_1_1	15009_1_1_1	15008_1_1_1	4000882.0	4000896.0	14.0	strict	15009_1_1_1	126.0	7.0	0.0	2.03
15036_1_1_1	15036_1_1_1	15036_1_1_1	4000665.0	4000665.0	0.0	strict	15036_1_1_1	95.0	7.0	0.0	1.04
15038_1_1_1	15038_1_1_1	15038_1_1_1	4000882.0	4000882.0	0.0	strict	15038_1_1_1	126.0	7.0	0.0	1.22
15046_1_1_1	15046_1_1_1	15046_1_1_1	4000700.0	4000700.0	0.0	strict	15046_1_1_1	100.0	7.0	0.0	2.97
15057_1_1_1	15057_1_1_1	15057_1_1_1	4000749.0	4000749.0	0.0	strict	15057_1_1_1	107.0	7.0	0.0	0.25
15071_1_1_1	15070_1_1_1	15070_1_1_1	4001025.0	4001025.0	0.0	strict	15070_1_1_1	205.0	5.0	0.0	2.78
15071_1_1_1	15071_1_1_1	15070_1_1_1	4000985.0	4001025.0	40.0	strict	15071_1_1_1	197.0	5.0	0.0	2.66
15087_1_1_1	15087_1_1_1	15087_1_1_1	4000320.0	4000320.0	0.0	strict	15087_1_1_1	80.0	4.0	0.0	0.0
15091_1_1_1	15091_1_1_1	15091_1_1_1	4001272.0	4001272.0	0.0	strict	15091_1_1_1	212.0	6.0	0.0	1.76
15091_1_1_1	15093_1_1_1	15091_1_1_1	4000938.0367141487	4001272.0	333.9632858512923	strict	15093_1_1_1	235.0	4.0	1.9632858512	1.38
15094_1_1_1	15094_1_1_1	15094_1_1_1	4000770.0	4000770.0	0.0	strict	15094_1_1_1	110.0	7.0	0.0	1.25
15101_1_1_1	15190_1_1_1	15190_1_1_1	4000616.0	4000616.0	0.0	strict	15190_1_1_1	88.0	7.0	0.0	3.12
15101_1_1_1	15101_1_1_1	15190_1_1_1	4000498.0	4000616.0	118.0	strict	15101_1_1_1	83.0	6.0	0.0	2.07
15132_1_1_1	15132_1_1_1	15132_1_1_1	4000700.0	4000700.0	0.0	strict	15132_1_1_1	100.0	7.0	0.0	1.87
15134_1_1_1	15134_1_1_1	15134_1_1_1	4000679.0	4000679.0	0.0	strict	15134_1_1_1	97.0	7.0	0.0	2.4
15137_1_1_1	16555_1_1_1	16555_1_1_1	4000516.0	4000516.0	0.0	strict	16555_1_1_1	86.0	6.0	0.0	0.84
15137_1_1_1	15137_1_1_1	16555_1_1_1	4000324.0	4000516.0	192.0	strict	15137_1_1_1	81.0	4.0	0.0	0.0
15139_1_1_1	15139_1_1_1	15139_1_1_1	4000763.0	4000763.0	0.0	strict	15139_1_1_1	109.0	7.0	0.0	0.74
15148_1_1_1	15148_1_1_1	15148_1_1_1	4000710.4635891262	4000710.4635891262	0.0	strict	15148_1_1_1	178.0	4.0	1.5364108731	2.58
15150_1_1_1	15150_1_1_1	15150_1_1_1	4000567.0	4000567.0	0.0	strict	15150_1_1_1	81.0	7.0	0.0	1.51
15152_1_1_1	15152_1_1_1	15152_1_1_1	4000616.0	4000616.0	0.0	strict	15152_1_1_1	88.0	7.0	0.0	5.02
15197_1_1_1	15197_1_1_1	15197_1_1_1	4001085.0	4001085.0	0.0	strict	15197_1_1_1	155.0	7.0	0.0	0.33
15200_1_1_1	15200_1_1_1	15200_1_1_1	4000826.0	4000826.0	0.0	strict	15200_1_1_1	118.0	7.0	0.0	2.9
15203_1_1_1	15203_1_1_1	15203_1_1_1	4000546.0	4000546.0	0.0	strict	15203_1_1_1	78.0	7.0	0.0	0.44
15207_1_1_1	15207_1_1_1	15207_1_1_1	4001211.0	4001211.0	0.0	strict	15207_1_1_1	173.0	7.0	0.0	1.36
15210_1_1_1	15210_1_1_1	15210_1_1_1	4000658.0	4000658.0	0.0	strict	15210_1_1_1	94.0	7.0	0.0	0.64
15242_1_1_1	15242_1_1_1	15242_1_1_1	4000910.0	4000910.0	0.0	strict	15242_1_1_1	130.0	7.0	0.0	1.49
15247_1_1_1	15247_1_1_1	15247_1_1_1	4001078.0	4001078.0	0.0	strict	15247_1_1_1	154.0	7.0	0.0	1.59
15264_1_1_1	15264_1_1_1	15264_1_1_1	4000800.0	4000800.0	0.0	strict	15264_1_1_1	200.0	4.0	0.0	0.59
15271_1_1_1	15271_1_1_1	15271_1_1_1	4000315.0	4000315.0	0.0	strict	15271_1_1_1	45.0	7.0	0.0	0.21
15295_1_1_1	15295_1_1_1	15295_1_1_1	4001078.0	4001078.0	0.0	strict	15295_1_1_1	154.0	7.0	0.0	0.52
15306_1_1_1	15306_1_1_1	15306_1_1_1	4000774.0	4000774.0	0.0	strict	15306_1_1_1	129.0	6.0	0.0	0.71
15306_1_1_1	50023_1_1_1	15306_1_1_1	4000516.0	4000774.0	258.0	strict	50023_1_1_1	129.0	4.0	0.0	0.81
15314_1_1_1	15314_1_1_1	15314_1_1_1	4000532.0	4000532.0	0.0	strict	15314_1_1_1	76.0	7.0	0.0	1.48
15327_1_1_1	15327_1_1_1	15327_1_1_1	4000693.0	4000693.0	0.0	strict	15327_1_1_1	99.0	7.0	0.0	0.48
15332_1_1_1	15332_1_1_1	15332_1_1_1	4000595.0	4000595.0	0.0	strict	15332_1_1_1	85.0	7.0	0.0	1.96
15334_1_1_1	15334_1_1_1	15334_1_1_1	4000714.0	4000714.0	0.0	strict	15334_1_1_1	119.0	6.0	0.0	0.97
15341_1_1_1	15341_1_1_1	15341_1_1_1	4000372.0	4000372.0	0.0	strict	15341_1_1_1	62.0	6.0	0.0	1.99
15369_1_1_1	15369_1_1_1	15369_1_1_1	4001701.0	4001701.0	0.0	strict	15369_1_1_1	243.0	7.0	0.0	0.19
15371_1_1_1	15371_1_1_1	15371_1_1_1	4000602.0	4000602.0	0.0	strict	15371_1_1_1	86.0	7.0	0.0	1.0
15401_1_1_1	15401_1_1_1	15401_1_1_1	4000868.0	4000868.0	0.0	strict	15401_1_1_1	124.0	7.0	0.0	1.26
15404_1_1_1	15404_1_1_1	15404_1_1_1	4000518.0	4000518.0	0.0	strict	15404_1_1_1	74.0	7.0	0.0	4.04
15426_1_1_1	30604_1_1_1	30604_1_1_1	4001275.0	4001275.0	0.0	strict	30604_1_1_1	255.0	5.0	0.0	1.14
15426_1_1_1	15426_1_1_1	30604_1_1_1	4001205.0	4001275.0	70.0	strict	15426_1_1_1	241.0	5.0	0.0	0.69
15444_1_1_1	15444_1_1_1	15444_1_1_1	4000833.0	4000833.0	0.0	strict	15444_1_1_1	119.0	7.0	0.0	1.15
15503_1_1_1	15503_1_1_1	15503_1_1_1	4000440.0	4000440.0	0.0	strict	15503_1_1_1	110.0	4.0	0.0	0.0
15517_1_1_1	15517_1_1_1	15517_1_1_1	4000749.0	4000749.0	0.0	strict	15517_1_1_1	107.0	7.0	0.0	0.71
15529_1_1_1	15529_1_1_1	15529_1_1_1	4000280.0	4000280.0	0.0	strict	15529_1_1_1	70.0	4.0	0.0	0.55
15530_1_1_1	15530_1_1_1	15530_1_1_1	4000896.0	4000896.0	0.0	strict	15530_1_1_1	128.0	7.0	0.0	0.59
15531_1_1_1	15531_1_1_1	15531_1_1_1	4000868.0	4000868.0	0.0	strict	15531_1_1_1	124.0	7.0	0.0	0.42
15540_1_1_1	15540_1_1_1	15540_1_1_1	4000756.0	4000756.0	0.0	strict	15540_1_1_1	108.0	7.0	0.0	3.08
15547_1_1_1	15547_1_1_1	15547_1_1_1	4000469.0	4000469.0	0.0	strict	15547_1_1_1	67.0	7.0	0.0	0.72
15548_1_1_1	15548_1_1_1	15548_1_1_1	4000480.0	4000480.0	0.0	strict	15548_1_1_1	96.0	5.0	0.0	0.22
15560_1_1_1	15560_1_1_1	15560_1_1_1	4000959.0	4000959.0	0.0	strict	15560_1_1_1	137.0	7.0	0.0	1.15
15560_1_1_1	17414_1_1_1	15560_1_1_1	4000822.0	4000959.0	137.0	strict	17414_1_1_1	137.0	6.0	0.0	1.16
15566_1_1_1	15566_1_1_1	15566_1_1_1	4000606.0	4000606.0	0.0	strict	15566_1_1_1	101.0	6.0	0.0	0.25
15587_1_1_1	15587_1_1_1	15587_1_1_1	4000707.0	4000707.0	0.0	strict	15587_1_1_1	101.0	7.0	0.0	0.99
15595_1_1_1	15595_1_1_1	15595_1_1_1	4001006.781266621	4001006.781266621	0.0	strict	15595_1_1_1	144.0	7.0	1.2187333793	0.2
15598_1_1_1	15598_1_1_1	15598_1_1_1	4000972.0	4000972.0	0.0	strict	15598_1_1_1	162.0	6.0	0.0	0.14
15598_1_1_1	16518_1_1_1	15598_1_1_1	4000970.540859488	4000972.0	1.4591405121609569	strict	16518_1_1_1	162.0	6.0	1.4591405123	1.12
15599_1_1_1	15599_1_1_1	15599_1_1_1	4000678.0	4000678.0	0.0	strict	15599_1_1_1	113.0	6.0	0.0	0.48
15603_1_1_1	15603_1_1_1	15603_1_1_1	4000896.0	4000896.0	0.0	strict	15603_1_1_1	128.0	7.0	0.0	0.58
15607_1_1_1	15607_1_1_1	15607_1_1_1	4001764.0	4001764.0	0.0	strict	15607_1_1_1	294.0	6.0	0.0	0.96
15615_1_1_1	15615_1_1_1	15615_1_1_1	4001232.0	4001232.0	0.0	strict	15615_1_1_1	176.0	7.0	0.0	0.83
15655_1_1_1	15655_1_1_1	15655_1_1_1	4000504.0	4000504.0	0.0	strict	15655_1_1_1	72.0	7.0	0.0	1.6
15661_1_1_1	15661_1_1_1	15661_1_1_1	4000756.0	4000756.0	0.0	strict	15661_1_1_1	108.0	7.0	0.0	1.14
15678_1_1_1	15678_1_1_1	15678_1_1_1	4000609.0	4000609.0	0.0	strict	15678_1_1_1	87.0	7.0	0.0	0.57
15688_1_1_1	15688_1_1_1	15688_1_1_1	4000648.0	4000648.0	0.0	strict	15688_1_1_1	108.0	6.0	0.0	1.23
15698_1_1_1	25875_1_1_1	25875_1_1_1	4000483.0	4000483.0	0.0	strict	25875_1_1_1	69.0	7.0	0.0	0.58
15698_1_1_1	15698_1_1_1	25875_1_1_1	4000408.0	4000483.0	75.0	strict	15698_1_1_1	68.0	6.0	0.0	0.34
15723_1_1_1	15723_1_1_1	15723_1_1_1	4000798.0	4000798.0	0.0	strict	15723_1_1_1	114.0	7.0	0.0	3.06
15726_1_1_1	15726_1_1_1	15726_1_1_1	4001116.0	4001116.0	0.0	strict	15726_1_1_1	186.0	6.0	0.0	0.13
15750_1_1_1	15750_1_1_1	15750_1_1_1	4000574.0	4000574.0	0.0	strict	15750_1_1_1	82.0	7.0	0.0	0.34
15779_1_1_1	15779_1_1_1	15779_1_1_1	4000540.0	4000540.0	0.0	strict	15779_1_1_1	108.0	5.0	0.0	0.18
15782_1_1_1	15782_1_1_1	15782_1_1_1	4000763.0	4000763.0	0.0	strict	15782_1_1_1	109.0	7.0	0.0	2.21
15787_1_1_1	15787_1_1_1	15787_1_1_1	4000610.0	4000610.0	0.0	strict	15787_1_1_1	122.0	5.0	0.0	1.56
15795_1_1_1	15795_1_1_1	15795_1_1_1	4000733.0062966854	4000733.0062966854	0.0	strict	15795_1_1_1	105.0	7.0	1.9937033144	0.59
15805_1_1_1	15805_1_1_1	15805_1_1_1	4000714.0	4000714.0	0.0	strict	15805_1_1_1	102.0	7.0	0.0	1.18
15808_1_1_1	15808_1_1_1	15808_1_1_1	4000763.0	4000763.0	0.0	strict	15808_1_1_1	109.0	7.0	0.0	0.32
15813_1_1_1	15813_1_1_1	15813_1_1_1	4000805.0	4000805.0	0.0	strict	15813_1_1_1	115.0	7.0	0.0	1.94
15816_1_1_1	15816_1_1_1	15816_1_1_1	4000707.0	4000707.0	0.0	strict	15816_1_1_1	101.0	7.0	0.0	0.54
15817_1_1_1	15817_1_1_1	15817_1_1_1	4000469.0	4000469.0	0.0	strict	15817_1_1_1	67.0	7.0	0.0	0.37
15817_1_1_1	18657_1_1_1	15817_1_1_1	4000455.0	4000469.0	14.0	strict	18657_1_1_1	65.0	7.0	0.0	1.19
15817_1_1_1	27120_1_1_1	15817_1_1_1	4000360.0	4000469.0	109.0	strict	27120_1_1_1	72.0	5.0	0.0	1.09
15819_1_1_1	15819_1_1_1	15819_1_1_1	4000735.0	4000735.0	0.0	strict	15819_1_1_1	105.0	7.0	0.0	0.86
15822_1_1_1	15822_1_1_1	15822_1_1_1	4000497.0	4000497.0	0.0	strict	15822_1_1_1	71.0	7.0	0.0	0.42
15823_1_1_1	15823_1_1_1	15823_1_1_1	4000847.0	4000847.0	0.0	strict	15823_1_1_1	121.0	7.0	0.0	1.58
15828_1_1_1	15828_1_1_1	15828_1_1_1	4000510.0	4000510.0	0.0	strict	15828_1_1_1	85.0	6.0	0.0	0.43
15844_1_1_1	15844_1_1_1	15844_1_1_1	4000511.0	4000511.0	0.0	strict	15844_1_1_1	73.0	7.0	0.0	1.59
15846_1_1_1	15846_1_1_1	15846_1_1_1	4000700.0	4000700.0	0.0	strict	15846_1_1_1	100.0	7.0	0.0	0.52
15847_1_1_1	15847_1_1_1	15847_1_1_1	4000637.0	4000637.0	0.0	strict	15847_1_1_1	91.0	7.0	0.0	0.41
15850_1_1_1	15850_1_1_1	15850_1_1_1	4000707.0	4000707.0	0.0	strict	15850_1_1_1	101.0	7.0	0.0	0.43
15863_1_1_1	15863_1_1_1	15863_1_1_1	4000264.0	4000264.0	0.0	strict	15863_1_1_1	66.0	4.0	0.0	0.0
15893_1_1_1	15893_1_1_1	15893_1_1_1	4001176.0	4001176.0	0.0	strict	15893_1_1_1	168.0	7.0	0.0	1.42
15895_1_1_1	15895_1_1_1	15895_1_1_1	4000826.0	4000826.0	0.0	strict	15895_1_1_1	118.0	7.0	0.0	2.13
15911_1_1_1	15911_1_1_1	15911_1_1_1	4000696.0	4000696.0	0.0	strict	15911_1_1_1	174.0	4.0	0.0	1.86
15914_1_1_1	15914_1_1_1	15914_1_1_1	4000861.0	4000861.0	0.0	strict	15914_1_1_1	123.0	7.0	0.0	0.37
15925_1_1_1	15925_1_1_1	15925_1_1_1	4001323.0	4001323.0	0.0	strict	15925_1_1_1	189.0	7.0	0.0	2.27
15928_1_1_1	15928_1_1_1	15928_1_1_1	4000784.0	4000784.0	0.0	strict	15928_1_1_1	112.0	7.0	0.0	0.55
15942_1_1_1	15942_1_1_1	15942_1_1_1	4000558.0	4000558.0	0.0	strict	15942_1_1_1	93.0	6.0	0.0	0.65
15943_1_1_1	15943_1_1_1	15943_1_1_1	4000798.0	4000798.0	0.0	strict	15943_1_1_1	114.0	7.0	0.0	0.35
15953_1_1_1	15953_1_1_1	15953_1_1_1	4000348.0	4000348.0	0.0	strict	15953_1_1_1	87.0	4.0	0.0	1.53
15964_1_1_1	15964_1_1_1	15964_1_1_1	4001043.0	4001043.0	0.0	strict	15964_1_1_1	149.0	7.0	0.0	0.19
15966_1_1_1	15966_1_1_1	15966_1_1_1	4000865.0	4000865.0	0.0	strict	15966_1_1_1	173.0	5.0	0.0	0.45
15981_1_1_1	15981_1_1_1	15981_1_1_1	4001036.0	4001036.0	0.0	strict	15981_1_1_1	148.0	7.0	0.0	0.14
15988_1_1_1	15988_1_1_1	15988_1_1_1	4000606.0	4000606.0	0.0	strict	15988_1_1_1	101.0	6.0	0.0	0.61
15989_1_1_1	15989_1_1_1	15989_1_1_1	4000735.0	4000735.0	0.0	strict	15989_1_1_1	105.0	7.0	0.0	0.43
15990_1_1_1	15990_1_1_1	15990_1_1_1	4000444.0	4000444.0	0.0	strict	15990_1_1_1	74.0	6.0	0.0	0.69
15991_1_1_1	15991_1_1_1	15991_1_1_1	4000768.0	4000768.0	0.0	strict	15991_1_1_1	128.0	6.0	0.0	0.65
15997_1_1_1	15997_1_1_1	15997_1_1_1	4000408.0	4000408.0	0.0	strict	15997_1_1_1	68.0	6.0	0.0	1.01
16001_1_1_1	16001_1_1_1	16001_1_1_1	4000735.0	4000735.0	0.0	strict	16001_1_1_1	105.0	7.0	0.0	0.53
16006_1_1_1	16006_1_1_1	16006_1_1_1	4000609.0	4000609.0	0.0	strict	16006_1_1_1	87.0	7.0	0.0	1.89
16007_1_1_1	16007_1_1_1	16007_1_1_1	4000854.0	4000854.0	0.0	strict	16007_1_1_1	122.0	7.0	0.0	0.54
16039_1_1_1	16039_1_1_1	16039_1_1_1	4000564.0	4000564.0	0.0	strict	16039_1_1_1	141.0	4.0	0.0	0.0
16042_1_1_1	16042_1_1_1	16042_1_1_1	4000768.0	4000768.0	0.0	strict	16042_1_1_1	128.0	6.0	0.0	3.08
16043_1_1_1	16043_1_1_1	16043_1_1_1	4000875.0	4000875.0	0.0	strict	16043_1_1_1	125.0	7.0	0.0	2.94
16057_1_1_1	16057_1_1_1	16057_1_1_1	4000665.0	4000665.0	0.0	strict	16057_1_1_1	95.0	7.0	0.0	2.57
16064_1_1_1	16064_1_1_1	16064_1_1_1	4000651.0	4000651.0	0.0	strict	16064_1_1_1	93.0	7.0	0.0	0.17
16066_1_1_1	16066_1_1_1	16066_1_1_1	4000658.0	4000658.0	0.0	strict	16066_1_1_1	94.0	7.0	0.0	0.5
16083_1_1_1	16083_1_1_1	16083_1_1_1	4000707.0	4000707.0	0.0	strict	16083_1_1_1	101.0	7.0	0.0	0.15
16090_1_1_1	16090_1_1_1	16090_1_1_1	4000100.0	4000100.0	0.0	strict	16090_1_1_1	25.0	4.0	0.0	0.0
16093_1_1_1	16093_1_1_1	16093_1_1_1	4000810.0	4000810.0	0.0	strict	16093_1_1_1	135.0	6.0	0.0	0.2
16097_1_1_1	16097_1_1_1	16097_1_1_1	4000960.0	4000960.0	0.0	strict	16097_1_1_1	160.0	6.0	0.0	0.26
16098_1_1_1	16098_1_1_1	16098_1_1_1	4001015.0	4001015.0	0.0	strict	16098_1_1_1	145.0	7.0	0.0	0.37
16102_1_1_1	16102_1_1_1	16102_1_1_1	4000784.0	4000784.0	0.0	strict	16102_1_1_1	112.0	7.0	0.0	0.71
16114_1_1_1	16114_1_1_1	16114_1_1_1	4000648.0	4000648.0	0.0	strict	16114_1_1_1	108.0	6.0	0.0	2.59
16123_1_1_1	18788_1_1_1	18788_1_1_1	4000931.0	4000931.0	0.0	strict	18788_1_1_1	133.0	7.0	0.0	0.78
16123_1_1_1	16123_1_1_1	18788_1_1_1	4000516.0	4000931.0	415.0	strict	16123_1_1_1	129.0	4.0	0.0	0.38
16154_1_1_1	16154_1_1_1	16154_1_1_1	4000721.0	4000721.0	0.0	strict	16154_1_1_1	103.0	7.0	0.0	1.17
16155_1_1_1	16155_1_1_1	16155_1_1_1	4000637.0	4000637.0	0.0	strict	16155_1_1_1	91.0	7.0	0.0	1.31
16161_1_1_1	16161_1_1_1	16161_1_1_1	4000618.0	4000618.0	0.0	strict	16161_1_1_1	103.0	6.0	0.0	0.25
16211_1_1_1	16211_1_1_1	16211_1_1_1	4000384.0	4000384.0	0.0	strict	16211_1_1_1	96.0	4.0	0.0	0.0
16216_1_1_1	16216_1_1_1	16216_1_1_1	4000624.0	4000624.0	0.0	strict	16216_1_1_1	104.0	6.0	0.0	0.19
16236_1_1_1	16236_1_1_1	16236_1_1_1	4000777.0	4000777.0	0.0	strict	16236_1_1_1	111.0	7.0	0.0	1.31
16251_1_1_1	16251_1_1_1	16251_1_1_1	4000728.0	4000728.0	0.0	strict	16251_1_1_1	104.0	7.0	0.0	0.89
16267_1_1_1	16267_1_1_1	16267_1_1_1	4000936.0022593625	4000936.0022593625	0.0	strict	16267_1_1_1	134.0	7.0	1.9977406376	0.31
16272_1_1_1	16272_1_1_1	16272_1_1_1	4000707.0	4000707.0	0.0	strict	16272_1_1_1	101.0	7.0	0.0	0.55
16293_1_1_1	16293_1_1_1	16293_1_1_1	4000345.0	4000345.0	0.0	strict	16293_1_1_1	69.0	5.0	0.0	0.5
16297_1_1_1	16297_1_1_1	16297_1_1_1	4000868.0	4000868.0	0.0	strict	16297_1_1_1	124.0	7.0	0.0	0.68
16299_1_1_1	16299_1_1_1	16299_1_1_1	4000490.0	4000490.0	0.0	strict	16299_1_1_1	98.0	5.0	0.0	0.8
16312_1_1_1	16312_1_1_1	16312_1_1_1	4000684.0	4000684.0	0.0	strict	16312_1_1_1	114.0	6.0	0.0	0.54
16320_1_1_1	16320_1_1_1	16320_1_1_1	4000623.0	4000623.0	0.0	strict	16320_1_1_1	89.0	7.0	0.0	0.85
16336_1_1_1	16336_1_1_1	16336_1_1_1	4000738.0	4000738.0	0.0	strict	16336_1_1_1	123.0	6.0	0.0	0.67
16338_1_1_1	16338_1_1_1	16338_1_1_1	4000588.0	4000588.0	0.0	strict	16338_1_1_1	84.0	7.0	0.0	0.92
16339_1_1_1	16339_1_1_1	16339_1_1_1	4000630.0	4000630.0	0.0	strict	16339_1_1_1	105.0	6.0	0.0	0.76
16350_1_1_1	16350_1_1_1	16350_1_1_1	4000295.0	4000295.0	0.0	strict	16350_1_1_1	59.0	5.0	0.0	0.2
16354_1_1_1	16354_1_1_1	16354_1_1_1	4000350.0	4000350.0	0.0	strict	16354_1_1_1	50.0	7.0	0.0	1.56
16365_1_1_1	16365_1_1_1	16365_1_1_1	4000896.0	4000896.0	0.0	strict	16365_1_1_1	128.0	7.0	0.0	1.21
16370_1_1_1	16370_1_1_1	16370_1_1_1	4000735.0	4000735.0	0.0	strict	16370_1_1_1	105.0	7.0	0.0	1.31
16373_1_1_1	16373_1_1_1	16373_1_1_1	4000684.0	4000684.0	0.0	strict	16373_1_1_1	114.0	6.0	0.0	0.13
16377_1_1_1	16377_1_1_1	16377_1_1_1	4000476.0	4000476.0	0.0	strict	16377_1_1_1	68.0	7.0	0.0	1.01
16379_1_1_1	16379_1_1_1	16379_1_1_1	4000994.0	4000994.0	0.0	strict	16379_1_1_1	142.0	7.0	0.0	0.95
16380_1_1_1	16380_1_1_1	16380_1_1_1	4000882.0	4000882.0	0.0	strict	16380_1_1_1	147.0	6.0	0.0	0.9
16385_1_1_1	16385_1_1_1	16385_1_1_1	4000749.0	4000749.0	0.0	strict	16385_1_1_1	107.0	7.0	0.0	1.55
16389_1_1_1	16389_1_1_1	16389_1_1_1	4000624.0	4000624.0	0.0	strict	16389_1_1_1	104.0	6.0	0.0	0.99
16403_1_1_1	16403_1_1_1	16403_1_1_1	4000609.0	4000609.0	0.0	strict	16403_1_1_1	87.0	7.0	0.0	0.88
16403_1_1_1	16264_1_1_1	16403_1_1_1	4000540.0	4000609.0	69.0	strict	16264_1_1_1	90.0	6.0	0.0	1.42
16428_1_1_1	16428_1_1_1	16428_1_1_1	4000966.0	4000966.0	0.0	strict	16428_1_1_1	138.0	7.0	0.0	0.24
16439_1_1_1	16439_1_1_1	16439_1_1_1	4000826.0	4000826.0	0.0	strict	16439_1_1_1	118.0	7.0	0.0	0.88
16444_1_1_1	16444_1_1_1	16444_1_1_1	4001057.0	4001057.0	0.0	strict	16444_1_1_1	151.0	7.0	0.0	1.06
16446_1_1_1	16446_1_1_1	16446_1_1_1	4001316.0	4001316.0	0.0	strict	16446_1_1_1	188.0	7.0	0.0	0.28
16446_1_1_1	16334_1_1_1	16446_1_1_1	4001274.0	4001316.0	42.0	strict	16334_1_1_1	182.0	7.0	0.0	0.61
16446_1_1_1	18627_1_1_1	16446_1_1_1	4001258.687025805	4001316.0	57.31297419499606	strict	18627_1_1_1	180.0	7.0	1.312974195	0.23
16447_1_1_1	16447_1_1_1	16447_1_1_1	4001815.0	4001815.0	0.0	strict	16447_1_1_1	363.0	5.0	0.0	0.73
16468_1_1_1	16468_1_1_1	16468_1_1_1	4000273.0	4000273.0	0.0	strict	16468_1_1_1	39.0	7.0	0.0	0.52
16486_1_1_1	16486_1_1_1	16486_1_1_1	4000574.0	4000574.0	0.0	strict	16486_1_1_1	82.0	7.0	0.0	1.39
16498_1_1_1	16498_1_1_1	16498_1_1_1	4000721.0	4000721.0	0.0	strict	16498_1_1_1	103.0	7.0	0.0	0.53
16517_1_1_1	16517_1_1_1	16517_1_1_1	4000826.0	4000826.0	0.0	strict	16517_1_1_1	118.0	7.0	0.0	1.0
16521_1_1_1	16521_1_1_1	16521_1_1_1	4000560.0	4000560.0	0.0	strict	16521_1_1_1	80.0	7.0	0.0	0.63
16536_1_1_1	16536_1_1_1	16536_1_1_1	4000966.0	4000966.0	0.0	strict	16536_1_1_1	138.0	7.0	0.0	0.93
16545_1_1_1	16545_1_1_1	16545_1_1_1	4000532.0	4000532.0	0.0	strict	16545_1_1_1	76.0	7.0	0.0	0.85
16549_1_1_1	30725_1_1_1	30725_1_1_1	4000616.0	4000616.0	0.0	strict	30725_1_1_1	88.0	7.0	0.0	0.64
16549_1_1_1	16549_1_1_1	30725_1_1_1	4000539.0	4000616.0	77.0	strict	16549_1_1_1	77.0	7.0	0.0	2.51
16557_1_1_1	16557_1_1_1	16557_1_1_1	4000497.076915676	4000497.076915676	0.0	strict	16557_1_1_1	83.0	6.0	0.9230843239	0.37
16568_1_1_1	16568_1_1_1	16568_1_1_1	4000623.0	4000623.0	0.0	strict	16568_1_1_1	89.0	7.0	0.0	0.67
16571_1_1_1	16571_1_1_1	16571_1_1_1	4000686.0	4000686.0	0.0	strict	16571_1_1_1	98.0	7.0	0.0	0.56
16578_1_1_1	16578_1_1_1	16578_1_1_1	4000780.0	4000780.0	0.0	strict	16578_1_1_1	130.0	6.0	0.0	0.71
16591_1_1_1	16591_1_1_1	16591_1_1_1	4000368.0	4000368.0	0.0	strict	16591_1_1_1	92.0	4.0	0.0	0.0
16598_1_1_1	6838_1_1_1	6838_1_1_1	4001340.0	4001340.0	0.0	strict	6838_1_1_1	268.0	5.0	0.0	0.19
16598_1_1_1	15917_1_1_1	6838_1_1_1	4001315.0	4001340.0	25.0	strict	15917_1_1_1	263.0	5.0	0.0	0.78
16598_1_1_1	16598_1_1_1	6838_1_1_1	4001220.0	4001340.0	120.0	strict	16598_1_1_1	244.0	5.0	0.0	0.25
16598_1_1_1	26586_1_1_1	6838_1_1_1	4001036.0	4001340.0	304.0	strict	26586_1_1_1	259.0	4.0	0.0	0.17
16598_1_1_1	26590_1_1_1	6838_1_1_1	4000980.0	4001340.0	360.0	strict	26590_1_1_1	245.0	4.0	0.0	0.31
16606_1_1_1	16463_1_1_1	16463_1_1_1	4000770.0	4000770.0	0.0	strict	16463_1_1_1	110.0	7.0	0.0	2.93
16606_1_1_1	16606_1_1_1	16463_1_1_1	4000749.0	4000770.0	21.0	strict	16606_1_1_1	107.0	7.0	0.0	2.29
16606_1_1_1	16607_1_2_1	16463_1_1_1	4000749.0	4000770.0	21.0	strict	16607_1_2_1	107.0	7.0	0.0	2.6
16613_1_1_1	16613_1_1_1	16613_1_1_1	4001170.0	4001170.0	0.0	strict	16613_1_1_1	195.0	6.0	0.0	0.83
16618_1_1_1	16618_1_1_1	16618_1_1_1	4000497.0	4000497.0	0.0	strict	16618_1_1_1	71.0	7.0	0.0	3.48
16635_1_1_1	16635_1_1_1	16635_1_1_1	4000665.0	4000665.0	0.0	strict	16635_1_1_1	95.0	7.0	0.0	0.21
16641_1_1_1	16641_1_1_1	16641_1_1_1	4000295.0	4000295.0	0.0	strict	16641_1_1_1	59.0	5.0	0.0	1.2
16643_1_1_1	16643_1_1_1	16643_1_1_1	4000370.598107972	4000370.598107972	0.0	strict	16643_1_1_1	62.0	6.0	1.4018920283	0.81
16647_1_1_1	16647_1_1_1	16647_1_1_1	4000483.0	4000483.0	0.0	strict	16647_1_1_1	69.0	7.0	0.0	1.14
16648_1_1_1	16648_1_1_1	16648_1_1_1	4000805.0	4000805.0	0.0	strict	16648_1_1_1	115.0	7.0	0.0	0.82
16649_1_1_1	16649_1_1_1	16649_1_1_1	4000385.0	4000385.0	0.0	strict	16649_1_1_1	55.0	7.0	0.0	0.86
16652_1_1_1	16652_1_1_1	16652_1_1_1	4000567.0	4000567.0	0.0	strict	16652_1_1_1	81.0	7.0	0.0	0.24
16662_1_1_1	16662_1_1_1	16662_1_1_1	4000648.0	4000648.0	0.0	strict	16662_1_1_1	108.0	6.0	0.0	0.44
16676_1_1_1	16676_1_1_1	16676_1_1_1	4000446.885339124	4000446.885339124	0.0	strict	16676_1_1_1	64.0	7.0	1.1146608761	0.67
16685_1_1_1	16685_1_1_1	16685_1_1_1	4001032.0	4001032.0	0.0	strict	16685_1_1_1	172.0	6.0	0.0	2.25
16690_1_1_1	16690_1_1_1	16690_1_1_1	4000855.0	4000855.0	0.0	strict	16690_1_1_1	171.0	5.0	0.0	0.09
16710_1_1_1	16710_1_1_1	16710_1_1_1	4000265.0	4000265.0	0.0	strict	16710_1_1_1	53.0	5.0	0.0	0.57
16731_1_1_1	16731_1_1_1	16731_1_1_1	4000847.0	4000847.0	0.0	strict	16731_1_1_1	121.0	7.0	0.0	0.93
16746_1_1_1	16746_1_1_1	16746_1_1_1	4000805.0	4000805.0	0.0	strict	16746_1_1_1	115.0	7.0	0.0	1.52
16766_1_1_1	16766_1_1_1	16766_1_1_1	4000581.0	4000581.0	0.0	strict	16766_1_1_1	83.0	7.0	0.0	0.36
16766_1_1_1	11252_1_1_1	16766_1_1_1	4000534.0	4000581.0	47.0	strict	11252_1_1_1	89.0	6.0	0.0	0.35
16774_1_1_1	16774_1_1_1	16774_1_1_1	4000693.0	4000693.0	0.0	strict	16774_1_1_1	99.0	7.0	0.0	0.18
16776_1_1_1	16776_1_1_1	16776_1_1_1	4000378.0	4000378.0	0.0	strict	16776_1_1_1	63.0	6.0	0.0	0.97
16781_1_1_1	11013_1_1_1	11013_1_1_1	4000774.0	4000774.0	0.0	strict	11013_1_1_1	129.0	6.0	0.0	0.81
16781_1_1_1	16781_1_1_1	11013_1_1_1	4000620.0	4000774.0	154.0	strict	16781_1_1_1	124.0	5.0	0.0	0.34
16782_1_1_1	16782_1_1_1	16782_1_1_1	4000805.0	4000805.0	0.0	strict	16782_1_1_1	115.0	7.0	0.0	1.42
16791_1_1_1	16791_1_1_1	16791_1_1_1	4000448.0	4000448.0	0.0	strict	16791_1_1_1	64.0	7.0	0.0	0.26
16794_1_1_1	16794_1_1_1	16794_1_1_1	4000456.0	4000456.0	0.0	strict	16794_1_1_1	76.0	6.0	0.0	1.01
16832_1_1_1	16832_1_1_1	16832_1_1_1	4001027.3098715935	4001027.3098715935	0.0	strict	16832_1_1_1	147.0	7.0	1.6901284065	1.29
16835_1_1_1	16835_1_1_1	16835_1_1_1	4000798.0	4000798.0	0.0	strict	16835_1_1_1	114.0	7.0	0.0	0.41
16835_1_1_1	27924_1_1_1	16835_1_1_1	4000396.0	4000798.0	402.0	strict	27924_1_1_1	99.0	4.0	0.0	1.32
16837_1_1_1	16837_1_1_1	16837_1_1_1	4000880.0	4000880.0	0.0	strict	16837_1_1_1	176.0	5.0	0.0	1.05
16848_1_1_1	16848_1_1_1	16848_1_1_1	4000468.0	4000468.0	0.0	strict	16848_1_1_1	78.0	6.0	0.0	1.03
16868_1_1_1	16868_1_1_1	16868_1_1_1	4000854.0	4000854.0	0.0	strict	16868_1_1_1	122.0	7.0	0.0	0.64
16874_1_1_1	16874_1_1_1	16874_1_1_1	4001141.0	4001141.0	0.0	strict	16874_1_1_1	163.0	7.0	0.0	1.41
16879_1_1_1	16879_1_1_1	16879_1_1_1	4000784.0	4000784.0	0.0	strict	16879_1_1_1	112.0	7.0	0.0	1.32
16887_1_1_1	16887_1_1_1	16887_1_1_1	4000750.0	4000750.0	0.0	strict	16887_1_1_1	125.0	6.0	0.0	2.5
16890_1_1_1	16890_1_1_1	16890_1_1_1	4000287.0	4000287.0	0.0	strict	16890_1_1_1	41.0	7.0	0.0	0.64
16897_1_1_1	16897_1_1_1	16897_1_1_1	4000658.0	4000658.0	0.0	strict	16897_1_1_1	94.0	7.0	0.0	0.64
16899_1_1_1	16899_1_1_1	16899_1_1_1	4000553.0	4000553.0	0.0	strict	16899_1_1_1	79.0	7.0	0.0	0.86
16899_1_1_1	17805_1_1_1	16899_1_1_1	4000553.0	4000553.0	0.0	strict	17805_1_1_1	79.0	7.0	0.0	1.07
16919_1_1_1	16919_1_1_1	16919_1_1_1	4001430.0	4001430.0	0.0	strict	16919_1_1_1	286.0	5.0	0.0	0.87
16926_1_1_1	16926_1_1_1	16926_1_1_1	4000516.0	4000516.0	0.0	strict	16926_1_1_1	86.0	6.0	0.0	1.12
16934_1_1_1	17031_1_1_1	17031_1_1_1	4001015.0	4001015.0	0.0	strict	17031_1_1_1	145.0	7.0	0.0	0.31
16934_1_1_1	16934_1_1_1	17031_1_1_1	4001001.0	4001015.0	14.0	strict	16934_1_1_1	143.0	7.0	0.0	0.21
16937_1_1_1	16937_1_1_1	16937_1_1_1	4001225.0	4001225.0	0.0	strict	16937_1_1_1	245.0	5.0	0.0	1.25
16942_1_1_1	16942_1_1_1	16942_1_1_1	4000875.0	4000875.0	0.0	strict	16942_1_1_1	125.0	7.0	0.0	1.14
16944_1_1_1	16944_1_1_1	16944_1_1_1	4000434.0	4000434.0	0.0	strict	16944_1_1_1	62.0	7.0	0.0	0.85
16959_1_1_1	16959_1_1_1	16959_1_1_1	4000955.0	4000955.0	0.0	strict	16959_1_1_1	191.0	5.0	0.0	0.69
16969_1_1_1	16969_1_1_1	16969_1_1_1	4000273.0	4000273.0	0.0	strict	16969_1_1_1	39.0	7.0	0.0	0.32
16971_1_1_1	16971_1_1_1	16971_1_1_1	4001265.0526561183	4001265.0526561183	0.0	strict	16971_1_1_1	181.0	7.0	1.9473438816	1.01
16977_1_1_1	16977_1_1_1	16977_1_1_1	4000847.0	4000847.0	0.0	strict	16977_1_1_1	121.0	7.0	0.0	0.59
16979_1_1_1	16979_1_1_1	16979_1_1_1	4000742.0	4000742.0	0.0	strict	16979_1_1_1	106.0	7.0	0.0	0.22
16981_1_1_1	16981_1_1_1	16981_1_1_1	4000498.0	4000498.0	0.0	strict	16981_1_1_1	83.0	6.0	0.0	1.36
16982_1_1_1	16982_1_1_1	16982_1_1_1	4001415.0	4001415.0	0.0	strict	16982_1_1_1	283.0	5.0	0.0	0.74
17002_1_1_1	17002_1_1_1	17002_1_1_1	4000581.0	4000581.0	0.0	strict	17002_1_1_1	83.0	7.0	0.0	0.41
17005_1_1_1	17005_1_1_1	17005_1_1_1	4000924.0	4000924.0	0.0	strict	17005_1_1_1	132.0	7.0	0.0	0.4
17018_1_1_1	17018_1_1_1	17018_1_1_1	4000637.0	4000637.0	0.0	strict	17018_1_1_1	91.0	7.0	0.0	0.68
17028_1_1_1	17028_1_1_1	17028_1_1_1	4000623.0	4000623.0	0.0	strict	17028_1_1_1	89.0	7.0	0.0	1.0
17033_1_1_1	17033_1_1_1	17033_1_1_1	4000486.0	4000486.0	0.0	strict	17033_1_1_1	81.0	6.0	0.0	0.86
17035_1_1_1	17035_1_1_1	17035_1_1_1	4000392.0	4000392.0	0.0	strict	17035_1_1_1	56.0	7.0	0.0	0.2
17045_1_1_1	17045_1_1_1	17045_1_1_1	4001022.0	4001022.0	0.0	strict	17045_1_1_1	146.0	7.0	0.0	0.57
17065_1_1_1	17065_1_1_1	17065_1_1_1	4000938.648915363	4000938.648915363	0.0	strict	17065_1_1_1	188.0	5.0	1.3510846367	0.36
17066_1_1_1	18994_1_1_1	18994_1_1_1	4000959.0	4000959.0	0.0	strict	18994_1_1_1	137.0	7.0	0.0	1.23
17066_1_1_1	17066_1_1_1	18994_1_1_1	4000931.0	4000959.0	28.0	strict	17066_1_1_1	133.0	7.0	0.0	0.87
17066_1_1_1	16928_1_1_1	18994_1_1_1	4000931.0	4000959.0	28.0	strict	16928_1_1_1	133.0	7.0	0.0	0.87
17070_1_1_1	17070_1_1_1	17070_1_1_1	4000936.0	4000936.0	0.0	strict	17070_1_1_1	156.0	6.0	0.0	1.04
17077_1_1_1	17074_1_1_1	17074_1_1_1	4000903.0	4000903.0	0.0	strict	17074_1_1_1	129.0	7.0	0.0	1.74
17077_1_1_1	17077_1_1_1	17074_1_1_1	4000875.0	4000903.0	28.0	strict	17077_1_1_1	125.0	7.0	0.0	1.54
17092_1_1_1	17092_1_1_1	17092_1_1_1	4000504.0	4000504.0	0.0	strict	17092_1_1_1	72.0	7.0	0.0	0.37
17104_1_1_1	17104_1_1_1	17104_1_1_1	4000486.0	4000486.0	0.0	strict	17104_1_1_1	81.0	6.0	0.0	0.11
17105_1_1_1	17105_1_1_1	17105_1_1_1	4000636.0	4000636.0	0.0	strict	17105_1_1_1	106.0	6.0	0.0	0.91
17131_1_1_1	50353_1_1_1	50353_1_1_1	4000938.0	4000938.0	0.0	strict	50353_1_1_1	134.0	7.0	0.0	0.52
17131_1_1_1	18261_1_1_1	50353_1_1_1	4000931.0	4000938.0	7.0	strict	18261_1_1_1	133.0	7.0	0.0	0.75
17131_1_1_1	50972_1_1_1	50353_1_1_1	4000924.0	4000938.0	14.0	strict	50972_1_1_1	132.0	7.0	0.0	0.44
17131_1_1_1	17131_1_1_1	50353_1_1_1	4000903.0	4000938.0	35.0	strict	17131_1_1_1	129.0	7.0	0.0	0.52
17131_1_1_1	18262_1_1_1	50353_1_1_1	4000798.0	4000938.0	140.0	strict	18262_1_1_1	133.0	6.0	0.0	0.92
17137_1_1_1	17137_1_1_1	17137_1_1_1	4000735.0	4000735.0	0.0	strict	17137_1_1_1	105.0	7.0	0.0	0.35
17137_1_1_1	19943_1_1_1	17137_1_1_1	4000630.0	4000735.0	105.0	strict	19943_1_1_1	105.0	6.0	0.0	0.56
17139_1_1_1	17139_1_1_1	17139_1_1_1	4001106.0	4001106.0	0.0	strict	17139_1_1_1	158.0	7.0	0.0	0.89
17149_1_1_1	17149_1_1_1	17149_1_1_1	4000448.0	4000448.0	0.0	strict	17149_1_1_1	64.0	7.0	0.0	0.0
17165_1_1_1	17165_1_1_1	17165_1_1_1	4000686.0	4000686.0	0.0	strict	17165_1_1_1	98.0	7.0	0.0	1.73
17165_1_1_1	25809_1_1_1	17165_1_1_1	4000686.0	4000686.0	0.0	strict	25809_1_1_1	98.0	7.0	0.0	1.62
17165_1_1_1	50302_1_1_1	17165_1_1_1	4000672.0	4000686.0	14.0	strict	50302_1_1_1	96.0	7.0	0.0	2.55
17165_1_1_1	17166_1_1_1	17165_1_1_1	4000644.0	4000686.0	42.0	strict	17166_1_1_1	92.0	7.0	0.0	1.76
17196_1_1_1	17196_1_1_1	17196_1_1_1	4000483.0	4000483.0	0.0	strict	17196_1_1_1	69.0	7.0	0.0	1.44
17204_1_1_1	17204_1_1_1	17204_1_1_1	4000382.8901079153	4000382.8901079153	0.0	strict	17204_1_1_1	64.0	6.0	1.1098920849	0.84
17206_1_1_1	17206_1_1_1	17206_1_1_1	4000455.0	4000455.0	0.0	strict	17206_1_1_1	65.0	7.0	0.0	0.59
17212_1_1_1	17212_1_1_1	17212_1_1_1	4000665.0	4000665.0	0.0	strict	17212_1_1_1	95.0	7.0	0.0	0.67
17266_1_1_1	17266_1_1_1	17266_1_1_1	4000560.0	4000560.0	0.0	strict	17266_1_1_1	80.0	7.0	0.0	0.51
17275_1_1_1	17275_1_1_1	17275_1_1_1	4000903.0	4000903.0	0.0	strict	17275_1_1_1	129.0	7.0	0.0	0.28
17277_1_1_1	17277_1_1_1	17277_1_1_1	4001008.0	4001008.0	0.0	strict	17277_1_1_1	144.0	7.0	0.0	1.63
17278_1_1_1	17278_1_1_1	17278_1_1_1	4000798.0	4000798.0	0.0	strict	17278_1_1_1	114.0	7.0	0.0	0.51
17305_1_1_1	17305_1_1_1	17305_1_1_1	4000693.0	4000693.0	0.0	strict	17305_1_1_1	99.0	7.0	0.0	2.39
17306_1_1_1	17306_1_1_1	17306_1_1_1	4000742.0	4000742.0	0.0	strict	17306_1_1_1	106.0	7.0	0.0	0.47
17313_1_1_1	17313_1_1_1	17313_1_1_1	4000453.389178762	4000453.389178762	0.0	strict	17313_1_1_1	91.0	5.0	1.6108212375	0.77
17314_1_1_1	17314_1_1_1	17314_1_1_1	4000777.0	4000777.0	0.0	strict	17314_1_1_1	111.0	7.0	0.0	0.16
17319_1_1_1	17319_1_1_1	17319_1_1_1	4000840.0	4000840.0	0.0	strict	17319_1_1_1	120.0	7.0	0.0	0.4
17358_1_1_1	17358_1_1_1	17358_1_1_1	4000522.0	4000522.0	0.0	strict	17358_1_1_1	87.0	6.0	0.0	1.32
17363_1_1_1	17363_1_1_1	17363_1_1_1	4001155.0	4001155.0	0.0	strict	17363_1_1_1	165.0	7.0	0.0	0.92
17368_1_1_1	17368_1_1_1	17368_1_1_1	4000742.0	4000742.0	0.0	strict	17368_1_1_1	106.0	7.0	0.0	0.81
17374_1_1_1	15557_1_1_1	15557_1_1_1	4001001.0	4001001.0	0.0	strict	15557_1_1_1	143.0	7.0	0.0	0.9
17374_1_1_1	17374_1_1_1	15557_1_1_1	4000945.0	4001001.0	56.0	strict	17374_1_1_1	135.0	7.0	0.0	1.19
17403_1_1_1	17403_1_1_1	17403_1_1_1	4000978.586093261	4000978.586093261	0.0	strict	17403_1_1_1	140.0	7.0	1.4139067394	0.63
17405_1_1_1	17405_1_1_1	17405_1_1_1	4000728.0	4000728.0	0.0	strict	17405_1_1_1	104.0	7.0	0.0	0.68
17420_1_1_1	17420_1_1_1	17420_1_1_1	4000966.0	4000966.0	0.0	strict	17420_1_1_1	138.0	7.0	0.0	1.27
17429_1_1_1	17429_1_1_1	17429_1_1_1	4000826.0	4000826.0	0.0	strict	17429_1_1_1	118.0	7.0	0.0	0.66
17431_1_1_1	17431_1_1_1	17431_1_1_1	4000693.0	4000693.0	0.0	strict	17431_1_1_1	99.0	7.0	0.0	1.48
17433_1_1_1	17433_1_1_1	17433_1_1_1	4000205.0	4000205.0	0.0	strict	17433_1_1_1	41.0	5.0	0.0	0.44
17444_1_1_1	17444_1_1_1	17444_1_1_1	4000130.0	4000130.0	0.0	strict	17444_1_1_1	26.0	5.0	0.0	0.43
17447_1_1_1	16840_1_1_1	16840_1_1_1	4001162.0	4001162.0	0.0	strict	16840_1_1_1	166.0	7.0	0.0	0.79
17447_1_1_1	17447_1_1_1	16840_1_1_1	4001155.0	4001162.0	7.0	strict	17447_1_1_1	165.0	7.0	0.0	1.37
17474_1_1_1	17474_1_1_1	17474_1_1_1	4000684.0	4000684.0	0.0	strict	17474_1_1_1	114.0	6.0	0.0	0.95
17497_1_1_1	17497_1_1_1	17497_1_1_1	4000763.0	4000763.0	0.0	strict	17497_1_1_1	109.0	7.0	0.0	0.32
17501_1_1_1	17501_1_1_1	17501_1_1_1	4001309.0	4001309.0	0.0	strict	17501_1_1_1	187.0	7.0	0.0	0.43
17507_1_1_1	17507_1_1_1	17507_1_1_1	4000930.0	4000930.0	0.0	strict	17507_1_1_1	186.0	5.0	0.0	0.61
17530_1_1_1	17530_1_1_1	17530_1_1_1	4001071.0	4001071.0	0.0	strict	17530_1_1_1	153.0	7.0	0.0	1.0
17578_1_1_1	17579_1_1_1	17579_1_1_1	4000812.0	4000812.0	0.0	strict	17579_1_1_1	116.0	7.0	0.0	0.38
17578_1_1_1	17578_1_1_1	17579_1_1_1	4000805.0	4000812.0	7.0	strict	17578_1_1_1	115.0	7.0	0.0	0.62
17597_1_1_1	17597_1_1_1	17597_1_1_1	4001673.0	4001673.0	0.0	strict	17597_1_1_1	239.0	7.0	0.0	0.33
17606_1_1_1	17606_1_1_1	17606_1_1_1	4000511.0	4000511.0	0.0	strict	17606_1_1_1	73.0	7.0	0.0	1.56
17607_1_1_1	17607_1_1_1	17607_1_1_1	4000805.0	4000805.0	0.0	strict	17607_1_1_1	115.0	7.0	0.0	1.83
17611_1_1_1	17809_1_1_1	17809_1_1_1	4000973.0	4000973.0	0.0	strict	17809_1_1_1	139.0	7.0	0.0	0.99
17611_1_1_1	17611_1_1_1	17809_1_1_1	4000959.0	4000973.0	14.0	strict	17611_1_1_1	137.0	7.0	0.0	1.14
17620_1_1_1	17620_1_1_1	17620_1_1_1	4000693.0	4000693.0	0.0	strict	17620_1_1_1	99.0	7.0	0.0	0.56
17622_1_1_1	17622_1_1_1	17622_1_1_1	4001281.0	4001281.0	0.0	strict	17622_1_1_1	183.0	7.0	0.0	0.56
17633_1_1_1	17633_1_1_1	17633_1_1_1	4001545.438671572	4001545.438671572	0.0	strict	17633_1_1_1	221.0	7.0	1.5613284284	0.44
17646_1_1_1	17646_1_1_1	17646_1_1_1	4001190.0	4001190.0	0.0	strict	17646_1_1_1	170.0	7.0	0.0	0.57
17651_1_1_1	17651_1_1_1	17651_1_1_1	4000786.0	4000786.0	0.0	strict	17651_1_1_1	131.0	6.0	0.0	1.03
17667_1_1_1	17667_1_1_1	17667_1_1_1	4000525.0	4000525.0	0.0	strict	17667_1_1_1	75.0	7.0	0.0	1.92
17686_1_1_1	17686_1_1_1	17686_1_1_1	4001190.0	4001190.0	0.0	strict	17686_1_1_1	170.0	7.0	0.0	0.44
17688_1_1_1	17688_1_1_1	17688_1_1_1	4001008.0	4001008.0	0.0	strict	17688_1_1_1	144.0	7.0	0.0	0.35
17694_1_1_1	17694_1_1_1	17694_1_1_1	4000994.0	4000994.0	0.0	strict	17694_1_1_1	142.0	7.0	0.0	1.38
17701_1_1_1	17701_1_1_1	17701_1_1_1	4001197.0	4001197.0	0.0	strict	17701_1_1_1	171.0	7.0	0.0	0.62
17713_1_1_1	17713_1_1_1	17713_1_1_1	4000805.0	4000805.0	0.0	strict	17713_1_1_1	115.0	7.0	0.0	1.94
17723_1_1_1	17723_1_1_1	17723_1_1_1	4001008.0	4001008.0	0.0	strict	17723_1_1_1	144.0	7.0	0.0	1.33
17736_1_1_1	17736_1_1_1	17736_1_1_1	4001190.0	4001190.0	0.0	strict	17736_1_1_1	170.0	7.0	0.0	1.16
17766_1_1_1	17766_1_1_1	17766_1_1_1	4000630.0	4000630.0	0.0	strict	17766_1_1_1	90.0	7.0	0.0	3.02
17768_1_1_1	17768_1_1_1	17768_1_1_1	4000690.0	4000690.0	0.0	strict	17768_1_1_1	115.0	6.0	0.0	1.45
17776_1_1_1	17775_1_1_1	17775_1_1_1	4000749.0	4000749.0	0.0	strict	17775_1_1_1	107.0	7.0	0.0	0.53
17776_1_1_1	17776_1_1_1	17775_1_1_1	4000700.0	4000749.0	49.0	strict	17776_1_1_1	100.0	7.0	0.0	0.47
17777_1_1_1	17777_1_1_1	17777_1_1_1	4000612.0	4000612.0	0.0	strict	17777_1_1_1	102.0	6.0	0.0	2.95
17804_1_1_1	17804_1_1_1	17804_1_1_1	4001725.0	4001725.0	0.0	strict	17804_1_1_1	345.0	5.0	0.0	0.55
17811_1_1_1	17811_1_1_1	17811_1_1_1	4001274.0	4001274.0	0.0	strict	17811_1_1_1	182.0	7.0	0.0	0.18
17827_1_1_1	17827_1_1_1	17827_1_1_1	4000693.0	4000693.0	0.0	strict	17827_1_1_1	99.0	7.0	0.0	1.01
17828_1_1_1	17828_1_1_1	17828_1_1_1	4000616.0	4000616.0	0.0	strict	17828_1_1_1	88.0	7.0	0.0	0.41
17841_1_1_1	17841_1_1_1	17841_1_1_1	4000378.0	4000378.0	0.0	strict	17841_1_1_1	54.0	7.0	0.0	1.07
17841_1_1_1	16117_1_1_1	17841_1_1_1	4000378.0	4000378.0	0.0	strict	16117_1_1_1	54.0	7.0	0.0	1.29
17841_1_1_1	15537_1_1_1	17841_1_1_1	4000378.0	4000378.0	0.0	strict	15537_1_1_1	54.0	7.0	0.0	1.64
17841_1_1_1	15535_1_1_1	17841_1_1_1	4000378.0	4000378.0	0.0	strict	15535_1_1_1	54.0	7.0	0.0	0.18
17841_1_1_1	17839_1_1_1	17841_1_1_1	4000378.0	4000378.0	0.0	strict	17839_1_1_1	54.0	7.0	0.0	0.52
17841_1_1_1	17840_1_1_1	17841_1_1_1	4000378.0	4000378.0	0.0	strict	17840_1_1_1	54.0	7.0	0.0	1.27
17841_1_1_1	16116_1_1_1	17841_1_1_1	4000378.0	4000378.0	0.0	strict	16116_1_1_1	54.0	7.0	0.0	0.7
17841_1_1_1	17843_1_1_1	17841_1_1_1	4000306.0	4000378.0	72.0	strict	17843_1_1_1	51.0	6.0	0.0	0.0
17863_1_1_1	16237_1_1_1	16237_1_1_1	4001757.0	4001757.0	0.0	strict	16237_1_1_1	251.0	7.0	0.0	2.52
17863_1_1_1	17863_1_1_1	16237_1_1_1	4001743.0	4001757.0	14.0	strict	17863_1_1_1	249.0	7.0	0.0	2.08
17864_1_1_1	17864_1_1_1	17864_1_1_1	4000609.0	4000609.0	0.0	strict	17864_1_1_1	87.0	7.0	0.0	2.03
17864_1_1_1	16103_1_1_1	17864_1_1_1	4000595.0	4000609.0	14.0	strict	16103_1_1_1	85.0	7.0	0.0	2.36
17865_1_1_1	17865_1_1_1	17865_1_1_1	4000838.025982013	4000838.025982013	0.0	strict	17865_1_1_1	120.0	7.0	1.9740179871	0.49
17905_1_1_1	17905_1_1_1	17905_1_1_1	4000791.0	4000791.0	0.0	strict	17905_1_1_1	113.0	7.0	0.0	2.09
17909_1_1_1	17909_1_1_1	17909_1_1_1	4001248.0	4001248.0	0.0	strict	17909_1_1_1	208.0	6.0	0.0	1.14
17913_1_1_1	17912_1_1_1	17912_1_1_1	4000441.0	4000441.0	0.0	strict	17912_1_1_1	63.0	7.0	0.0	1.53
17913_1_1_1	17913_1_1_1	17912_1_1_1	4000372.0	4000441.0	69.0	strict	17913_1_1_1	62.0	6.0	0.0	0.92
17917_1_1_1	17917_1_1_1	17917_1_1_1	4000360.0	4000360.0	0.0	strict	17917_1_1_1	60.0	6.0	0.0	0.74
17934_1_1_1	17934_1_1_1	17934_1_1_1	4001008.0	4001008.0	0.0	strict	17934_1_1_1	144.0	7.0	0.0	0.42
17950_1_1_1	17950_1_1_1	17950_1_1_1	4000434.0	4000434.0	0.0	strict	17950_1_1_1	62.0	7.0	0.0	0.59
17952_1_1_1	17952_1_1_1	17952_1_1_1	4000684.0	4000684.0	0.0	strict	17952_1_1_1	114.0	6.0	0.0	0.6
17966_1_1_1	17966_1_1_1	17966_1_1_1	4000222.0	4000222.0	0.0	strict	17966_1_1_1	37.0	6.0	0.0	0.43
17993_1_1_1	17993_1_1_1	17993_1_1_1	4000546.0	4000546.0	0.0	strict	17993_1_1_1	78.0	7.0	0.0	0.76
18003_1_1_1	18003_1_1_1	18003_1_1_1	4000805.0	4000805.0	0.0	strict	18003_1_1_1	115.0	7.0	0.0	0.14
18039_1_1_1	15694_1_1_1	15694_1_1_1	4001190.0	4001190.0	0.0	strict	15694_1_1_1	170.0	7.0	0.0	0.94
18039_1_1_1	18039_1_1_1	15694_1_1_1	4001113.0	4001190.0	77.0	strict	18039_1_1_1	159.0	7.0	0.0	0.77
18044_1_1_1	18044_1_1_1	18044_1_1_1	4001582.0	4001582.0	0.0	strict	18044_1_1_1	226.0	7.0	0.0	0.32
18044_1_1_1	15741_1_1_1	18044_1_1_1	4001255.0	4001582.0	327.0	strict	15741_1_1_1	251.0	5.0	0.0	1.45
18045_1_1_1	18045_1_1_1	18045_1_1_1	4000966.0	4000966.0	0.0	strict	18045_1_1_1	161.0	6.0	0.0	0.24
18081_1_1_1	18081_1_1_1	18081_1_1_1	4000833.0	4000833.0	0.0	strict	18081_1_1_1	119.0	7.0	0.0	2.69
18089_1_1_1	17866_1_1_1	17866_1_1_1	4000651.0	4000651.0	0.0	strict	17866_1_1_1	93.0	7.0	0.0	0.57
18089_1_1_1	18087_1_1_1	17866_1_1_1	4000637.0	4000651.0	14.0	strict	18087_1_1_1	91.0	7.0	0.0	0.61
18089_1_1_1	17857_1_1_1	17866_1_1_1	4000637.0	4000651.0	14.0	strict	17857_1_1_1	91.0	7.0	0.0	0.57
18089_1_1_1	18089_1_1_1	17866_1_1_1	4000546.0	4000651.0	105.0	strict	18089_1_1_1	91.0	6.0	0.0	0.34
18118_1_1_1	18118_1_1_1	18118_1_1_1	4000612.0	4000612.0	0.0	strict	18118_1_1_1	102.0	6.0	0.0	2.56
18121_1_1_1	18121_1_1_1	18121_1_1_1	4000476.0	4000476.0	0.0	strict	18121_1_1_1	68.0	7.0	0.0	2.7
18124_1_1_1	18124_1_1_1	18124_1_1_1	4000511.0	4000511.0	0.0	strict	18124_1_1_1	73.0	7.0	0.0	0.76
18130_1_1_1	18130_1_1_1	18130_1_1_1	4000756.0	4000756.0	0.0	strict	18130_1_1_1	108.0	7.0	0.0	1.32
18133_1_1_1	18133_1_1_1	18133_1_1_1	4001379.0	4001379.0	0.0	strict	18133_1_1_1	197.0	7.0	0.0	2.02
18153_1_1_1	18153_1_1_1	18153_1_1_1	4000390.0	4000390.0	0.0	strict	18153_1_1_1	65.0	6.0	0.0	0.33
18154_1_1_1	18154_1_1_1	18154_1_1_1	4000994.0	4000994.0	0.0	strict	18154_1_1_1	142.0	7.0	0.0	1.09
18193_1_1_1	18193_1_1_1	18193_1_1_1	4000476.0	4000476.0	0.0	strict	18193_1_1_1	68.0	7.0	0.0	1.25
18196_1_1_1	18196_1_1_1	18196_1_1_1	4000819.0	4000819.0	0.0	strict	18196_1_1_1	117.0	7.0	0.0	1.8
18218_1_1_1	18218_1_1_1	18218_1_1_1	4000672.0	4000672.0	0.0	strict	18218_1_1_1	96.0	7.0	0.0	3.31
18221_1_1_1	18221_1_1_1	18221_1_1_1	4000749.0	4000749.0	0.0	strict	18221_1_1_1	107.0	7.0	0.0	0.53
18222_1_1_1	18222_1_1_1	18222_1_1_1	4000634.56804251	4000634.56804251	0.0	strict	18222_1_1_1	106.0	6.0	1.4319574896	0.8
18223_1_1_1	18223_1_1_1	18223_1_1_1	4000749.0	4000749.0	0.0	strict	18223_1_1_1	107.0	7.0	0.0	0.42
18235_1_1_1	18235_1_1_1	18235_1_1_1	4000868.0	4000868.0	0.0	strict	18235_1_1_1	124.0	7.0	0.0	1.01
18242_1_1_1	18242_1_1_1	18242_1_1_1	4000700.0	4000700.0	0.0	strict	18242_1_1_1	100.0	7.0	0.0	0.16
18249_1_1_1	18249_1_1_1	18249_1_1_1	4001190.0	4001190.0	0.0	strict	18249_1_1_1	170.0	7.0	0.0	1.42
18253_1_1_1	18253_1_1_1	18253_1_1_1	4001064.0	4001064.0	0.0	strict	18253_1_1_1	152.0	7.0	0.0	0.35
18257_1_1_1	18257_1_1_1	18257_1_1_1	4000925.0	4000925.0	0.0	strict	18257_1_1_1	185.0	5.0	0.0	2.35
18260_1_1_1	18260_1_1_1	18260_1_1_1	4000791.0	4000791.0	0.0	strict	18260_1_1_1	113.0	7.0	0.0	0.91
18267_1_1_1	18267_1_1_1	18267_1_1_1	4001540.0	4001540.0	0.0	strict	18267_1_1_1	308.0	5.0	0.0	2.1
18277_1_1_1	18277_1_1_1	18277_1_1_1	4001022.0	4001022.0	0.0	strict	18277_1_1_1	146.0	7.0	0.0	1.24
18292_1_1_1	18292_1_1_1	18292_1_1_1	4000777.0	4000777.0	0.0	strict	18292_1_1_1	111.0	7.0	0.0	2.98
18297_1_1_1	18297_1_1_1	18297_1_1_1	4000609.0	4000609.0	0.0	strict	18297_1_1_1	87.0	7.0	0.0	0.49
18299_1_1_1	18299_1_1_1	18299_1_1_1	4000462.0	4000462.0	0.0	strict	18299_1_1_1	66.0	7.0	0.0	1.05
18301_1_1_1	18301_1_1_1	18301_1_1_1	4000490.0	4000490.0	0.0	strict	18301_1_1_1	70.0	7.0	0.0	1.05
18313_1_1_1	18313_1_1_1	18313_1_1_1	4000952.0	4000952.0	0.0	strict	18313_1_1_1	136.0	7.0	0.0	0.22
18328_1_1_1	18328_1_1_1	18328_1_1_1	4000490.0	4000490.0	0.0	strict	18328_1_1_1	70.0	7.0	0.0	0.54
18334_1_1_1	18334_1_1_1	18334_1_1_1	4000234.0	4000234.0	0.0	strict	18334_1_1_1	39.0	6.0	0.0	0.0
18338_1_1_1	18338_1_1_1	18338_1_1_1	4000693.0	4000693.0	0.0	strict	18338_1_1_1	99.0	7.0	0.0	1.31
18341_1_1_1	18341_1_1_1	18341_1_1_1	4000539.0	4000539.0	0.0	strict	18341_1_1_1	77.0	7.0	0.0	0.14
18346_1_1_1	18346_1_1_1	18346_1_1_1	4000756.0	4000756.0	0.0	strict	18346_1_1_1	126.0	6.0	0.0	0.24
18348_1_1_1	18348_1_1_1	18348_1_1_1	4000625.0	4000625.0	0.0	strict	18348_1_1_1	125.0	5.0	0.0	1.96
18351_1_1_1	18351_1_1_1	18351_1_1_1	4000546.0	4000546.0	0.0	strict	18351_1_1_1	78.0	7.0	0.0	1.07
18353_1_1_1	18353_1_1_1	18353_1_1_1	4001048.0	4001048.0	0.0	strict	18353_1_1_1	262.0	4.0	0.0	0.53
18355_1_1_1	18355_1_1_1	18355_1_1_1	4000551.046776638	4000551.046776638	0.0	strict	18355_1_1_1	79.0	7.0	1.9532233623	2.59
18356_1_1_1	18356_1_1_1	18356_1_1_1	4001141.0	4001141.0	0.0	strict	18356_1_1_1	163.0	7.0	0.0	0.34
18364_1_1_1	18364_1_1_1	18364_1_1_1	4000738.0	4000738.0	0.0	strict	18364_1_1_1	123.0	6.0	0.0	2.69
18373_1_1_1	25003_1_1_1	25003_1_1_1	4001330.0	4001330.0	0.0	strict	25003_1_1_1	266.0	5.0	0.0	0.2
18373_1_1_1	19976_1_1_1	25003_1_1_1	4001270.0	4001330.0	60.0	strict	19976_1_1_1	254.0	5.0	0.0	0.21
18373_1_1_1	18373_1_1_1	25003_1_1_1	4000912.0	4001330.0	418.0	strict	18373_1_1_1	228.0	4.0	0.0	3.13
18375_1_1_1	18375_1_1_1	18375_1_1_1	4000770.0	4000770.0	0.0	strict	18375_1_1_1	110.0	7.0	0.0	1.15
18387_1_1_1	18387_1_1_1	18387_1_1_1	4001022.0	4001022.0	0.0	strict	18387_1_1_1	146.0	7.0	0.0	0.9
18398_1_1_1	18398_1_1_1	18398_1_1_1	4000672.0	4000672.0	0.0	strict	18398_1_1_1	96.0	7.0	0.0	0.56
18399_1_1_1	18399_1_1_1	18399_1_1_1	4000462.0	4000462.0	0.0	strict	18399_1_1_1	77.0	6.0	0.0	0.91
18399_1_1_1	36012_1_1_1	18399_1_1_1	4000462.0	4000462.0	0.0	strict	36012_1_1_1	77.0	6.0	0.0	0.92
18411_1_1_1	18411_1_1_1	18411_1_1_1	4001064.0	4001064.0	0.0	strict	18411_1_1_1	152.0	7.0	0.0	0.45
18421_1_1_1	18421_1_1_1	18421_1_1_1	4001038.010259392	4001038.010259392	0.0	strict	18421_1_1_1	208.0	5.0	1.9897406082	0.86
18468_1_1_1	18468_1_1_1	18468_1_1_1	4000593.041343264	4000593.041343264	0.0	strict	18468_1_1_1	85.0	7.0	1.958656736	0.36
18504_1_1_1	18504_1_1_1	18504_1_1_1	4000931.0	4000931.0	0.0	strict	18504_1_1_1	133.0	7.0	0.0	1.07
18519_1_1_1	18519_1_1_1	18519_1_1_1	4000090.0	4000090.0	0.0	strict	18519_1_1_1	18.0	5.0	0.0	0.0
18533_1_1_1	18533_1_1_1	18533_1_1_1	4000966.0	4000966.0	0.0	strict	18533_1_1_1	161.0	6.0	0.0	0.49
18535_1_1_1	18535_1_1_1	18535_1_1_1	4000616.0	4000616.0	0.0	strict	18535_1_1_1	88.0	7.0	0.0	0.61
18539_1_1_1	18539_1_1_1	18539_1_1_1	4000816.0	4000816.0	0.0	strict	18539_1_1_1	136.0	6.0	0.0	0.36
18548_1_1_1	18548_1_1_1	18548_1_1_1	4000966.0	4000966.0	0.0	strict	18548_1_1_1	138.0	7.0	0.0	0.79
18562_1_1_1	18562_1_1_1	18562_1_1_1	4000567.0	4000567.0	0.0	strict	18562_1_1_1	81.0	7.0	0.0	0.69
18565_1_1_1	18565_1_1_1	18565_1_1_1	4000602.0	4000602.0	0.0	strict	18565_1_1_1	86.0	7.0	0.0	0.5
18569_1_1_1	18569_1_1_1	18569_1_1_1	4000791.0	4000791.0	0.0	strict	18569_1_1_1	113.0	7.0	0.0	0.93
18574_1_1_1	18574_1_1_1	18574_1_1_1	4001253.0	4001253.0	0.0	strict	18574_1_1_1	179.0	7.0	0.0	0.96
18574_1_1_1	18575_1_1_1	18574_1_1_1	4001253.0	4001253.0	0.0	strict	18575_1_1_1	179.0	7.0	0.0	1.23
18599_1_1_1	18599_1_1_1	18599_1_1_1	4000875.0	4000875.0	0.0	strict	18599_1_1_1	125.0	7.0	0.0	0.8
18600_2_1_1	18600_2_1_1	18600_2_1_1	4000238.0	4000238.0	0.0	strict	18600_2_1_1	34.0	7.0	0.0	1.12
18604_1_1_1	18604_1_1_1	18604_1_1_1	4000868.0	4000868.0	0.0	strict	18604_1_1_1	124.0	7.0	0.0	0.75
18606_1_1_1	18606_1_1_1	18606_1_1_1	4000462.0	4000462.0	0.0	strict	18606_1_1_1	77.0	6.0	0.0	1.23
18607_1_1_1	18607_1_1_1	18607_1_1_1	4000539.0	4000539.0	0.0	strict	18607_1_1_1	77.0	7.0	0.0	1.23
18613_1_1_1	18613_1_1_1	18613_1_1_1	4001014.0	4001014.0	0.0	strict	18613_1_1_1	169.0	6.0	0.0	1.51
18621_1_1_1	18621_1_1_1	18621_1_1_1	4000609.0	4000609.0	0.0	strict	18621_1_1_1	87.0	7.0	0.0	1.1
18624_1_1_1	18624_1_1_1	18624_1_1_1	4000777.0	4000777.0	0.0	strict	18624_1_1_1	111.0	7.0	0.0	0.26
18636_1_1_1	18636_1_1_1	18636_1_1_1	4000896.0	4000896.0	0.0	strict	18636_1_1_1	128.0	7.0	0.0	0.55
18637_2_1_1	18637_2_1_1	18637_2_1_1	4001092.0	4001092.0	0.0	strict	18637_2_1_1	156.0	7.0	0.0	0.63
18647_1_1_1	18647_1_1_1	18647_1_1_1	4001512.0	4001512.0	0.0	strict	18647_1_1_1	216.0	7.0	0.0	1.11
18665_1_1_1	18665_1_1_1	18665_1_1_1	4000600.0	4000600.0	0.0	strict	18665_1_1_1	120.0	5.0	0.0	2.98
18668_1_1_1	18668_1_1_1	18668_1_1_1	4000380.0	4000380.0	0.0	strict	18668_1_1_1	76.0	5.0	0.0	0.27
18691_1_1_1	18691_1_1_1	18691_1_1_1	4000448.0	4000448.0	0.0	strict	18691_1_1_1	112.0	4.0	0.0	0.13
18692_1_1_1	18692_1_1_1	18692_1_1_1	4000518.0	4000518.0	0.0	strict	18692_1_1_1	74.0	7.0	0.0	1.75
18701_1_1_1	18701_1_1_1	18701_1_1_1	4001036.0	4001036.0	0.0	strict	18701_1_1_1	148.0	7.0	0.0	0.51
18704_1_1_1	18704_1_1_1	18704_1_1_1	4000585.0	4000585.0	0.0	strict	18704_1_1_1	117.0	5.0	0.0	2.46
18707_1_1_1	18707_1_1_1	18707_1_1_1	4000498.0	4000498.0	0.0	strict	18707_1_1_1	83.0	6.0	0.0	0.42
18711_1_1_1	18711_1_1_1	18711_1_1_1	4000582.0	4000582.0	0.0	strict	18711_1_1_1	97.0	6.0	0.0	0.48
18729_1_1_1	26004_1_1_1	26004_1_1_1	4000238.0	4000238.0	0.0	strict	26004_1_1_1	34.0	7.0	0.0	0.73
18729_1_1_1	18729_1_1_1	26004_1_1_1	4000210.0	4000238.0	28.0	strict	18729_1_1_1	30.0	7.0	0.0	0.0
18734_1_1_1	18734_1_1_1	18734_1_1_1	4000588.0	4000588.0	0.0	strict	18734_1_1_1	98.0	6.0	0.0	2.25
18753_1_1_1	18753_1_1_1	18753_1_1_1	4000448.0	4000448.0	0.0	strict	18753_1_1_1	64.0	7.0	0.0	0.49
18761_1_1_1	18761_1_1_1	18761_1_1_1	4000910.0	4000910.0	0.0	strict	18761_1_1_1	130.0	7.0	0.0	0.78
18772_1_1_1	18772_1_1_1	18772_1_1_1	4000410.0	4000410.0	0.0	strict	18772_1_1_1	82.0	5.0	0.0	0.37
18779_1_1_1	18779_1_1_1	18779_1_1_1	4001165.0	4001165.0	0.0	strict	18779_1_1_1	233.0	5.0	0.0	0.65
18782_1_1_1	18782_1_1_1	18782_1_1_1	4000350.0	4000350.0	0.0	strict	18782_1_1_1	50.0	7.0	0.0	2.36
18794_1_1_1	18794_1_1_1	18794_1_1_1	4000441.0	4000441.0	0.0	strict	18794_1_1_1	63.0	7.0	0.0	0.68
18801_1_1_1	18801_1_1_1	18801_1_1_1	4000637.0	4000637.0	0.0	strict	18801_1_1_1	91.0	7.0	0.0	2.43
18811_1_1_1	18811_1_1_1	18811_1_1_1	4000630.0	4000630.0	0.0	strict	18811_1_1_1	105.0	6.0	0.0	0.92
18817_1_1_1	18817_1_1_1	18817_1_1_1	4000805.0	4000805.0	0.0	strict	18817_1_1_1	115.0	7.0	0.0	0.93
18819_1_1_1	18819_1_1_1	18819_1_1_1	4000553.0	4000553.0	0.0	strict	18819_1_1_1	79.0	7.0	0.0	0.39
18829_1_1_1	18829_1_1_1	18829_1_1_1	4000400.0	4000400.0	0.0	strict	18829_1_1_1	100.0	4.0	0.0	0.0
18854_1_1_1	18854_1_1_1	18854_1_1_1	4000440.0	4000440.0	0.0	strict	18854_1_1_1	88.0	5.0	0.0	0.67
18882_1_1_1	18882_1_1_1	18882_1_1_1	4001148.0	4001148.0	0.0	strict	18882_1_1_1	164.0	7.0	0.0	0.86
18887_1_1_1	18887_1_1_1	18887_1_1_1	4000728.0	4000728.0	0.0	strict	18887_1_1_1	104.0	7.0	0.0	1.05
18904_1_1_1	18904_1_1_1	18904_1_1_1	4000876.0	4000876.0	0.0	strict	18904_1_1_1	146.0	6.0	0.0	1.2
18920_1_1_1	18920_1_1_1	18920_1_1_1	4000420.0	4000420.0	0.0	strict	18920_1_1_1	60.0	7.0	0.0	0.93
18933_1_1_1	18933_1_1_1	18933_1_1_1	4000765.0	4000765.0	0.0	strict	18933_1_1_1	153.0	5.0	0.0	1.18
18939_1_1_1	18939_1_1_1	18939_1_1_1	4000301.0	4000301.0	0.0	strict	18939_1_1_1	43.0	7.0	0.0	2.01
18954_1_1_1	18954_1_1_1	18954_1_1_1	4000550.1381227584	4000550.1381227584	0.0	strict	18954_1_1_1	92.0	6.0	1.8618772415	2.41
18966_1_1_1	25969_1_1_1	25969_1_1_1	4000819.0	4000819.0	0.0	strict	25969_1_1_1	117.0	7.0	0.0	0.4
18966_1_1_1	18966_1_1_1	25969_1_1_1	4000735.0	4000819.0	84.0	strict	18966_1_1_1	105.0	7.0	0.0	0.58
18986_1_1_1	18986_1_1_1	18986_1_1_1	4000593.4867687263	4000593.4867687263	0.0	strict	18986_1_1_1	85.0	7.0	1.5132312734	0.84
19006_1_1_1	19006_1_1_1	19006_1_1_1	4000784.0	4000784.0	0.0	strict	19006_1_1_1	112.0	7.0	0.0	0.51
19007_1_1_1	19007_1_1_1	19007_1_1_1	4000672.0	4000672.0	0.0	strict	19007_1_1_1	96.0	7.0	0.0	1.49
19012_1_1_1	19012_1_1_1	19012_1_1_1	4000582.0	4000582.0	0.0	strict	19012_1_1_1	97.0	6.0	0.0	2.53
19034_1_1_1	19034_1_1_1	19034_1_1_1	4000618.0	4000618.0	0.0	strict	19034_1_1_1	103.0	6.0	0.0	2.35
19042_1_1_1	19042_1_1_1	19042_1_1_1	4000896.0	4000896.0	0.0	strict	19042_1_1_1	128.0	7.0	0.0	0.33
19044_1_1_1	19044_1_1_1	19044_1_1_1	4000658.0	4000658.0	0.0	strict	19044_1_1_1	94.0	7.0	0.0	0.8
19055_1_1_1	19055_1_1_1	19055_1_1_1	4000468.231049787	4000468.231049787	0.0	strict	19055_1_1_1	94.0	5.0	1.7689502134	4.07
19056_1_1_1	19056_1_1_1	19056_1_1_1	4000852.0	4000852.0	0.0	strict	19056_1_1_1	142.0	6.0	0.0	0.75
19067_1_1_1	19067_1_1_1	19067_1_1_1	4001428.0	4001428.0	0.0	strict	19067_1_1_1	204.0	7.0	0.0	0.33
19095_1_1_1	19095_1_1_1	19095_1_1_1	4000805.0	4000805.0	0.0	strict	19095_1_1_1	115.0	7.0	0.0	0.8
19107_1_1_1	19107_1_1_1	19107_1_1_1	4001594.0904438426	4001594.0904438426	0.0	strict	19107_1_1_1	228.0	7.0	1.9095561574	0.37
19110_1_1_1	19110_1_1_1	19110_1_1_1	4000588.0	4000588.0	0.0	strict	19110_1_1_1	84.0	7.0	0.0	0.93
19148_1_1_1	19148_1_1_1	19148_1_1_1	4000313.185676521	4000313.185676521	0.0	strict	19148_1_1_1	45.0	7.0	1.8143234788	0.79
19149_1_1_1	19149_1_1_1	19149_1_1_1	4000308.0	4000308.0	0.0	strict	19149_1_1_1	44.0	7.0	0.0	1.25
19162_1_1_1	19162_1_1_1	19162_1_1_1	4000366.0	4000366.0	0.0	strict	19162_1_1_1	61.0	6.0	0.0	0.37
19186_1_1_1	19186_1_1_1	19186_1_1_1	4000231.0	4000231.0	0.0	strict	19186_1_1_1	33.0	7.0	0.0	2.49
19193_1_1_1	19193_1_1_1	19193_1_1_1	4000427.0	4000427.0	0.0	strict	19193_1_1_1	61.0	7.0	0.0	2.27
19198_1_1_1	19198_1_1_1	19198_1_1_1	4000402.0	4000402.0	0.0	strict	19198_1_1_1	67.0	6.0	0.0	2.02
19203_1_1_1	19203_1_1_1	19203_1_1_1	4000528.0	4000528.0	0.0	strict	19203_1_1_1	88.0	6.0	0.0	2.58
19207_1_1_1	19207_1_1_1	19207_1_1_1	4001060.0	4001060.0	0.0	strict	19207_1_1_1	212.0	5.0	0.0	0.7
19211_1_1_1	19211_1_1_1	19211_1_1_1	4000280.0	4000280.0	0.0	strict	19211_1_1_1	70.0	4.0	0.0	0.0
19211_1_1_1	19212_1_1_1	19211_1_1_1	4000280.0	4000280.0	0.0	strict	19212_1_1_1	70.0	4.0	0.0	0.0
19211_1_1_1	19210_1_1_1	19211_1_1_1	4000268.0	4000280.0	12.0	strict	19210_1_1_1	67.0	4.0	0.0	0.0
19211_1_1_1	17963_1_1_1	19211_1_1_1	4000264.0	4000280.0	16.0	strict	17963_1_1_1	66.0	4.0	0.0	0.0
19220_1_1_1	19220_1_1_1	19220_1_1_1	4001106.0	4001106.0	0.0	strict	19220_1_1_1	158.0	7.0	0.0	0.27
19221_1_1_1	19221_1_1_1	19221_1_1_1	4001211.0	4001211.0	0.0	strict	19221_1_1_1	173.0	7.0	0.0	0.75
19225_1_1_1	19225_1_1_1	19225_1_1_1	4000816.0	4000816.0	0.0	strict	19225_1_1_1	136.0	6.0	0.0	1.35
19235_1_1_1	19235_1_1_1	19235_1_1_1	4000994.0	4000994.0	0.0	strict	19235_1_1_1	142.0	7.0	0.0	1.46
19242_1_1_1	19242_1_1_1	19242_1_1_1	4001195.0	4001195.0	0.0	strict	19242_1_1_1	239.0	5.0	0.0	0.64
19244_1_1_1	19244_1_1_1	19244_1_1_1	4000500.0	4000500.0	0.0	strict	19244_1_1_1	100.0	5.0	0.0	0.23
19249_1_1_1	19249_1_1_1	19249_1_1_1	4000216.0	4000216.0	0.0	strict	19249_1_1_1	54.0	4.0	0.0	0.0
19251_1_1_1	19251_1_1_1	19251_1_1_1	4000366.0	4000366.0	0.0	strict	19251_1_1_1	61.0	6.0	0.0	1.42
19252_1_1_1	19252_1_1_1	19252_1_1_1	4000516.0	4000516.0	0.0	strict	19252_1_1_1	86.0	6.0	0.0	0.32
19267_1_1_1	19267_1_1_1	19267_1_1_1	4000912.0	4000912.0	0.0	strict	19267_1_1_1	152.0	6.0	0.0	0.21
19285_1_1_1	19285_1_1_1	19285_1_1_1	4000402.0	4000402.0	0.0	strict	19285_1_1_1	67.0	6.0	0.0	1.13
19302_1_1_1	19302_1_1_1	19302_1_1_1	4000959.0	4000959.0	0.0	strict	19302_1_1_1	137.0	7.0	0.0	0.94
19303_1_1_1	19303_1_1_1	19303_1_1_1	4000360.0	4000360.0	0.0	strict	19303_1_1_1	60.0	6.0	0.0	0.36
19330_1_1_1	19330_1_1_1	19330_1_1_1	4000492.0	4000492.0	0.0	strict	19330_1_1_1	123.0	4.0	0.0	1.36
19339_1_1_1	19339_1_1_1	19339_1_1_1	4000655.0	4000655.0	0.0	strict	19339_1_1_1	131.0	5.0	0.0	0.59
19340_1_1_1	19340_1_1_1	19340_1_1_1	4000642.0	4000642.0	0.0	strict	19340_1_1_1	107.0	6.0	0.0	0.6
19342_1_1_1	19342_1_1_1	19342_1_1_1	4000144.0	4000144.0	0.0	strict	19342_1_1_1	24.0	6.0	0.0	0.0
19369_1_1_1	19369_1_1_1	19369_1_1_1	4000365.0	4000365.0	0.0	strict	19369_1_1_1	73.0	5.0	0.0	1.45
19392_1_1_1	19392_1_1_1	19392_1_1_1	4000798.0	4000798.0	0.0	strict	19392_1_1_1	114.0	7.0	0.0	0.7
19396_1_1_1	19396_1_1_1	19396_1_1_1	4000175.0	4000175.0	0.0	strict	19396_1_1_1	25.0	7.0	0.0	0.0
19419_1_1_1	19419_1_1_1	19419_1_1_1	4000840.0	4000840.0	0.0	strict	19419_1_1_1	120.0	7.0	0.0	0.4
19461_1_1_1	19461_1_1_1	19461_1_1_1	4000644.0	4000644.0	0.0	strict	19461_1_1_1	92.0	7.0	0.0	1.07
19461_1_1_1	19463_1_1_1	19461_1_1_1	4000644.0	4000644.0	0.0	strict	19463_1_1_1	92.0	7.0	0.0	0.94
19490_1_1_1	19490_1_1_1	19490_1_1_1	4000990.0	4000990.0	0.0	strict	19490_1_1_1	198.0	5.0	0.0	1.58
19525_1_1_1	19525_1_1_1	19525_1_1_1	4000588.0	4000588.0	0.0	strict	19525_1_1_1	84.0	7.0	0.0	0.98
19526_1_1_1	19526_1_1_1	19526_1_1_1	4000812.0	4000812.0	0.0	strict	19526_1_1_1	116.0	7.0	0.0	0.17
19530_1_1_1	19530_1_1_1	19530_1_1_1	4000714.0	4000714.0	0.0	strict	19530_1_1_1	119.0	6.0	0.0	2.72
19536_1_1_1	19536_1_1_1	19536_1_1_1	4000581.0	4000581.0	0.0	strict	19536_1_1_1	83.0	7.0	0.0	0.61
19558_1_1_1	19558_1_1_1	19558_1_1_1	4001270.0	4001270.0	0.0	strict	19558_1_1_1	254.0	5.0	0.0	1.65
19568_1_1_1	19568_1_1_1	19568_1_1_1	4000350.0	4000350.0	0.0	strict	19568_1_1_1	50.0	7.0	0.0	0.24
19581_1_1_1	19581_1_1_1	19581_1_1_1	4000125.0	4000125.0	0.0	strict	19581_1_1_1	25.0	5.0	0.0	0.63
19584_1_1_1	19584_1_1_1	19584_1_1_1	4000475.0	4000475.0	0.0	strict	19584_1_1_1	95.0	5.0	0.0	0.31
19615_1_1_1	19615_1_1_1	19615_1_1_1	4001488.0	4001488.0	0.0	strict	19615_1_1_1	248.0	6.0	0.0	0.33
19615_1_1_1	19743_1_1_1	19615_1_1_1	4001250.0	4001488.0	238.0	strict	19743_1_1_1	250.0	5.0	0.0	0.48
19621_1_1_1	19621_1_1_1	19621_1_1_1	4000938.0	4000938.0	0.0	strict	19621_1_1_1	134.0	7.0	0.0	0.31
19624_1_1_1	19624_1_1_1	19624_1_1_1	4000604.0	4000604.0	0.0	strict	19624_1_1_1	151.0	4.0	0.0	0.0
19625_1_1_1	19625_1_1_1	19625_1_1_1	4000826.0	4000826.0	0.0	strict	19625_1_1_1	118.0	7.0	0.0	0.99
19628_1_1_1	19628_1_1_1	19628_1_1_1	4000504.0	4000504.0	0.0	strict	19628_1_1_1	72.0	7.0	0.0	0.37
19632_1_1_1	19632_1_1_1	19632_1_1_1	4000426.0	4000426.0	0.0	strict	19632_1_1_1	71.0	6.0	0.0	0.75
19635_1_1_1	19635_1_1_1	19635_1_1_1	4000602.0	4000602.0	0.0	strict	19635_1_1_1	86.0	7.0	0.0	0.15
19637_1_1_1	19637_1_1_1	19637_1_1_1	4000865.0	4000865.0	0.0	strict	19637_1_1_1	173.0	5.0	0.0	1.11
19660_1_1_1	19660_1_1_1	19660_1_1_1	4000385.0	4000385.0	0.0	strict	19660_1_1_1	55.0	7.0	0.0	0.43
19687_1_1_1	19687_1_1_1	19687_1_1_1	4000888.0	4000888.0	0.0	strict	19687_1_1_1	148.0	6.0	0.0	0.4
19710_1_1_1	19710_1_1_1	19710_1_1_1	4000420.0	4000420.0	0.0	strict	19710_1_1_1	60.0	7.0	0.0	0.72
19713_1_1_1	17720_1_1_1	17720_1_1_1	4000427.0	4000427.0	0.0	strict	17720_1_1_1	61.0	7.0	0.0	0.59
19713_1_1_1	19713_1_1_1	17720_1_1_1	4000366.0	4000427.0	61.0	strict	19713_1_1_1	61.0	6.0	0.0	1.08
19719_1_1_1	19719_1_1_1	19719_1_1_1	4001064.0	4001064.0	0.0	strict	19719_1_1_1	152.0	7.0	0.0	0.73
19732_1_1_1	19732_1_1_1	19732_1_1_1	4000658.0	4000658.0	0.0	strict	19732_1_1_1	94.0	7.0	0.0	0.21
19753_1_1_1	19753_1_1_1	19753_1_1_1	4001428.0	4001428.0	0.0	strict	19753_1_1_1	204.0	7.0	0.0	0.56
19757_1_1_1	19758_1_1_1	19758_1_1_1	4000875.0	4000875.0	0.0	strict	19758_1_1_1	125.0	7.0	0.0	0.39
19757_1_1_1	19757_1_1_1	19758_1_1_1	4000826.0	4000875.0	49.0	strict	19757_1_1_1	118.0	7.0	0.0	0.63
19775_1_1_1	19775_1_1_1	19775_1_1_1	4001254.0	4001254.0	0.0	strict	19775_1_1_1	209.0	6.0	0.0	3.07
19777_1_1_1	19777_1_1_1	19777_1_1_1	4001074.0	4001074.0	0.0	strict	19777_1_1_1	179.0	6.0	0.0	3.02
19799_1_1_1	19799_1_1_1	19799_1_1_1	4000357.0	4000357.0	0.0	strict	19799_1_1_1	51.0	7.0	0.0	0.97
19800_1_1_1	19800_1_1_1	19800_1_1_1	4000392.0	4000392.0	0.0	strict	19800_1_1_1	56.0	7.0	0.0	0.92
19801_1_1_1	17286_1_1_1	17286_1_1_1	4001006.338058739	4001006.338058739	0.0	strict	17286_1_1_1	144.0	7.0	1.6619412612	0.15
19801_1_1_1	19801_1_1_1	17286_1_1_1	4000957.160089705	4001006.338058739	49.17796903382987	strict	19801_1_1_1	137.0	7.0	1.8399102948	0.12
19803_1_1_1	19803_1_1_1	19803_1_1_1	4001568.0	4001568.0	0.0	strict	19803_1_1_1	224.0	7.0	0.0	0.77
19807_1_1_1	19807_1_1_1	19807_1_1_1	4000876.0	4000876.0	0.0	strict	19807_1_1_1	146.0	6.0	0.0	2.46
19811_1_1_1	19811_1_1_1	19811_1_1_1	4000462.0	4000462.0	0.0	strict	19811_1_1_1	77.0	6.0	0.0	0.9
19840_1_1_1	19841_1_1_1	19841_1_1_1	4000378.0	4000378.0	0.0	strict	19841_1_1_1	63.0	6.0	0.0	0.39
19840_1_1_1	19840_1_1_1	19841_1_1_1	4000372.0	4000378.0	6.0	strict	19840_1_1_1	62.0	6.0	0.0	0.41
19848_1_1_1	19848_1_1_1	19848_1_1_1	4000775.7969810474	4000775.7969810474	0.0	strict	19848_1_1_1	111.0	7.0	1.2030189524	0.47
19859_1_1_1	19859_1_1_1	19859_1_1_1	4000204.0	4000204.0	0.0	strict	19859_1_1_1	34.0	6.0	0.0	0.0
19860_1_1_1	19860_1_1_1	19860_1_1_1	4000523.7052384503	4000523.7052384503	0.0	strict	19860_1_1_1	75.0	7.0	1.2947615498	0.97
19869_1_1_1	19869_1_1_1	19869_1_1_1	4000468.0	4000468.0	0.0	strict	19869_1_1_1	78.0	6.0	0.0	0.46
19872_1_1_1	19872_1_1_1	19872_1_1_1	4000714.0	4000714.0	0.0	strict	19872_1_1_1	119.0	6.0	0.0	0.61
19881_1_1_1	19714_1_1_1	19714_1_1_1	4000635.2343702377	4000635.2343702377	0.0	strict	19714_1_1_1	91.0	7.0	1.7656297621	1.35
19881_1_1_1	19881_1_1_1	19714_1_1_1	4000628.2561167423	4000635.2343702377	6.97825349541381	strict	19881_1_1_1	90.0	7.0	1.7438832571	1.26
19893_1_1_1	19893_1_1_1	19893_1_1_1	4000581.0	4000581.0	0.0	strict	19893_1_1_1	83.0	7.0	0.0	0.8
19893_1_1_1	12041_1_1_1	19893_1_1_1	4000516.0	4000581.0	65.0	strict	12041_1_1_1	86.0	6.0	0.0	1.65
19927_1_1_1	25132_1_1_1	25132_1_1_1	4001064.0	4001064.0	0.0	strict	25132_1_1_1	152.0	7.0	0.0	0.23
19927_1_1_1	27158_1_1_1	25132_1_1_1	4001057.0	4001064.0	7.0	strict	27158_1_1_1	151.0	7.0	0.0	0.34
19927_1_1_1	30043_1_1_1	25132_1_1_1	4001057.0	4001064.0	7.0	strict	30043_1_1_1	151.0	7.0	0.0	0.93
19927_1_1_1	19927_1_1_1	25132_1_1_1	4001050.0	4001064.0	14.0	strict	19927_1_1_1	150.0	7.0	0.0	0.93
19928_1_1_1	19928_1_1_1	19928_1_1_1	4001113.0	4001113.0	0.0	strict	19928_1_1_1	159.0	7.0	0.0	1.28
19952_1_1_1	19952_1_1_1	19952_1_1_1	4001498.0	4001498.0	0.0	strict	19952_1_1_1	214.0	7.0	0.0	1.38
19974_1_1_1	19974_1_1_1	19974_1_1_1	4000994.0	4000994.0	0.0	strict	19974_1_1_1	142.0	7.0	0.0	0.46
19988_1_1_1	19988_1_1_1	19988_1_1_1	4000784.0	4000784.0	0.0	strict	19988_1_1_1	112.0	7.0	0.0	0.53
19994_1_1_1	19994_1_1_1	19994_1_1_1	4000300.0	4000300.0	0.0	strict	19994_1_1_1	60.0	5.0	0.0	0.0
25010_1_1_1	25007_1_1_1	25007_1_1_1	4000644.0	4000644.0	0.0	strict	25007_1_1_1	92.0	7.0	0.0	1.16
25010_1_1_1	25010_1_1_1	25007_1_1_1	4000552.0	4000644.0	92.0	strict	25010_1_1_1	92.0	6.0	0.0	1.09
25020_1_1_1	18092_1_1_1	18092_1_1_1	4001015.0	4001015.0	0.0	strict	18092_1_1_1	145.0	7.0	0.0	1.07
25020_1_1_1	17822_1_1_1	18092_1_1_1	4000852.0	4001015.0	163.0	strict	17822_1_1_1	142.0	6.0	0.0	1.58
25020_1_1_1	25020_1_1_1	18092_1_1_1	4000834.0	4001015.0	181.0	strict	25020_1_1_1	139.0	6.0	0.0	1.81
25020_1_1_1	25016_1_1_1	18092_1_1_1	4000834.0	4001015.0	181.0	strict	25016_1_1_1	139.0	6.0	0.0	1.95
25021_1_1_1	25021_1_1_1	25021_1_1_1	4000830.0	4000830.0	0.0	strict	25021_1_1_1	166.0	5.0	0.0	0.65
25024_1_1_1	25024_1_1_1	25024_1_1_1	4000702.0	4000702.0	0.0	strict	25024_1_1_1	117.0	6.0	0.0	0.0
25026_1_1_1	25026_1_1_1	25026_1_1_1	4000900.0	4000900.0	0.0	strict	25026_1_1_1	150.0	6.0	0.0	2.39
25036_1_1_1	25036_1_1_1	25036_1_1_1	4000340.0	4000340.0	0.0	strict	25036_1_1_1	85.0	4.0	0.0	0.0
25037_1_1_1	25037_1_1_1	25037_1_1_1	4000378.0	4000378.0	0.0	strict	25037_1_1_1	63.0	6.0	0.0	0.65
25040_1_1_1	25040_1_1_1	25040_1_1_1	4001266.0	4001266.0	0.0	strict	25040_1_1_1	211.0	6.0	0.0	2.56
25059_1_1_1	25059_1_1_1	25059_1_1_1	4000490.0	4000490.0	0.0	strict	25059_1_1_1	70.0	7.0	0.0	1.18
25064_2_1_1	25064_2_1_1	25064_2_1_1	4000375.0	4000375.0	0.0	strict	25064_2_1_1	75.0	5.0	0.0	0.2
25077_1_1_1	25077_1_1_1	25077_1_1_1	4000658.6102739633	4000658.6102739633	0.0	strict	25077_1_1_1	132.0	5.0	1.3897260366	0.93
25079_1_1_1	25396_1_1_1	25396_1_1_1	4000322.0	4000322.0	0.0	strict	25396_1_1_1	46.0	7.0	0.0	0.34
25079_1_1_1	25079_1_1_1	25396_1_1_1	4000276.0	4000322.0	46.0	strict	25079_1_1_1	46.0	6.0	0.0	0.37
25088_1_1_1	25803_1_1_1	25803_1_1_1	4000588.0	4000588.0	0.0	strict	25803_1_1_1	84.0	7.0	0.0	2.97
25088_1_1_1	25088_1_1_1	25803_1_1_1	4000539.0	4000588.0	49.0	strict	25088_1_1_1	77.0	7.0	0.0	2.39
25113_1_1_1	25113_1_1_1	25113_1_1_1	4002142.0	4002142.0	0.0	strict	25113_1_1_1	306.0	7.0	0.0	1.36
25124_1_1_1	25124_1_1_1	25124_1_1_1	4000854.0	4000854.0	0.0	strict	25124_1_1_1	122.0	7.0	0.0	0.7
25139_1_1_1	25139_1_1_1	25139_1_1_1	4000749.0	4000749.0	0.0	strict	25139_1_1_1	107.0	7.0	0.0	0.42
25148_1_1_1	25148_1_1_1	25148_1_1_1	4000840.0	4000840.0	0.0	strict	25148_1_1_1	120.0	7.0	0.0	0.63
25158_1_1_1	25158_1_1_1	25158_1_1_1	4000469.0	4000469.0	0.0	strict	25158_1_1_1	67.0	7.0	0.0	0.51
25159_1_1_1	25159_1_1_1	25159_1_1_1	4000749.0	4000749.0	0.0	strict	25159_1_1_1	107.0	7.0	0.0	0.3
25166_1_1_1	25166_1_1_1	25166_1_1_1	4000735.0	4000735.0	0.0	strict	25166_1_1_1	105.0	7.0	0.0	2.65
25168_1_1_1	25168_1_1_1	25168_1_1_1	4000805.0	4000805.0	0.0	strict	25168_1_1_1	115.0	7.0	0.0	1.0
25175_1_1_1	25175_1_1_1	25175_1_1_1	4000749.0	4000749.0	0.0	strict	25175_1_1_1	107.0	7.0	0.0	1.31
25177_1_1_1	25177_1_1_1	25177_1_1_1	4000490.0	4000490.0	0.0	strict	25177_1_1_1	70.0	7.0	0.0	0.62
25179_1_1_1	25179_1_1_1	25179_1_1_1	4000320.20510776	4000320.20510776	0.0	strict	25179_1_1_1	46.0	7.0	1.79489224	0.74
25214_1_1_1	25214_1_1_1	25214_1_1_1	4000455.0	4000455.0	0.0	strict	25214_1_1_1	65.0	7.0	0.0	0.73
25219_1_1_1	25219_1_1_1	25219_1_1_1	4000336.0	4000336.0	0.0	strict	25219_1_1_1	48.0	7.0	0.0	2.75
25239_1_1_1	25239_1_1_1	25239_1_1_1	4001309.0	4001309.0	0.0	strict	25239_1_1_1	187.0	7.0	0.0	1.42
25240_1_1_1	25240_1_1_1	25240_1_1_1	4001022.0	4001022.0	0.0	strict	25240_1_1_1	146.0	7.0	0.0	0.48
25241_1_1_1	25241_1_1_1	25241_1_1_1	4000553.0	4000553.0	0.0	strict	25241_1_1_1	79.0	7.0	0.0	0.73
25268_1_1_1	25268_1_1_1	25268_1_1_1	4000144.0	4000144.0	0.0	strict	25268_1_1_1	24.0	6.0	0.0	0.01
25268_1_1_1	25270_1_1_1	25268_1_1_1	4000144.0	4000144.0	0.0	strict	25270_1_1_1	24.0	6.0	0.0	0.24
25281_1_1_1	25281_1_1_1	25281_1_1_1	4000596.0	4000596.0	0.0	strict	25281_1_1_1	149.0	4.0	0.0	0.6
25289_1_1_1	25289_1_1_1	25289_1_1_1	4000148.0	4000148.0	0.0	strict	25289_1_1_1	37.0	4.0	0.0	2.49
25294_1_1_1	25294_1_1_1	25294_1_1_1	4000678.0	4000678.0	0.0	strict	25294_1_1_1	113.0	6.0	0.0	2.54
25298_1_1_1	25298_1_1_1	25298_1_1_1	4000315.0	4000315.0	0.0	strict	25298_1_1_1	45.0	7.0	0.0	1.36
25308_1_1_1	25308_1_1_1	25308_1_1_1	4000665.0	4000665.0	0.0	strict	25308_1_1_1	95.0	7.0	0.0	1.24
25326_1_1_1	25326_1_1_1	25326_1_1_1	4000666.0	4000666.0	0.0	strict	25326_1_1_1	111.0	6.0	0.0	0.38
25328_1_1_1	25328_1_1_1	25328_1_1_1	4000440.0	4000440.0	0.0	strict	25328_1_1_1	88.0	5.0	0.0	0.32
25328_1_1_1	25329_1_1_1	25328_1_1_1	4000440.0	4000440.0	0.0	strict	25329_1_1_1	88.0	5.0	0.0	0.92
25333_1_1_1	15429_1_1_1	15429_1_1_1	4000875.0	4000875.0	0.0	strict	15429_1_1_1	125.0	7.0	0.0	4.46
25333_1_1_1	25333_1_1_1	15429_1_1_1	4000532.0	4000875.0	343.0	strict	25333_1_1_1	133.0	4.0	0.0	2.61
25333_1_1_1	17303_1_1_1	15429_1_1_1	4000496.0	4000875.0	379.0	strict	17303_1_1_1	124.0	4.0	0.0	0.0
25350_1_1_1	25350_1_1_1	25350_1_1_1	4001020.3295573993	4001020.3295573993	0.0	strict	25350_1_1_1	146.0	7.0	1.6704426008	0.44
25354_1_1_1	25354_1_1_1	25354_1_1_1	4000406.0	4000406.0	0.0	strict	25354_1_1_1	58.0	7.0	0.0	0.67
25368_1_1_1	25368_1_1_1	25368_1_1_1	4001270.0	4001270.0	0.0	strict	25368_1_1_1	254.0	5.0	0.0	0.81
25380_1_1_1	25380_1_1_1	25380_1_1_1	4000560.0	4000560.0	0.0	strict	25380_1_1_1	80.0	7.0	0.0	0.09
25397_1_1_1	25397_1_1_1	25397_1_1_1	4000882.0	4000882.0	0.0	strict	25397_1_1_1	126.0	7.0	0.0	0.5
25404_1_1_1	25404_1_1_1	25404_1_1_1	4000420.0	4000420.0	0.0	strict	25404_1_1_1	60.0	7.0	0.0	0.51
25428_1_1_1	25428_1_1_1	25428_1_1_1	4000581.0	4000581.0	0.0	strict	25428_1_1_1	83.0	7.0	0.0	2.89
25432_1_1_1	25432_1_1_1	25432_1_1_1	4001785.0	4001785.0	0.0	strict	25432_1_1_1	255.0	7.0	0.0	0.65
25448_1_1_1	25448_1_1_1	25448_1_1_1	4000826.0	4000826.0	0.0	strict	25448_1_1_1	118.0	7.0	0.0	0.99
25449_1_1_1	25449_1_1_1	25449_1_1_1	4000609.0	4000609.0	0.0	strict	25449_1_1_1	87.0	7.0	0.0	1.03
25464_1_1_1	25464_1_1_1	25464_1_1_1	4000476.0	4000476.0	0.0	strict	25464_1_1_1	68.0	7.0	0.0	0.47
25499_1_1_1	25496_1_1_1	25496_1_1_1	4000693.0	4000693.0	0.0	strict	25496_1_1_1	99.0	7.0	0.0	1.06
25499_1_1_1	25499_1_1_1	25496_1_1_1	4000588.0	4000693.0	105.0	strict	25499_1_1_1	98.0	6.0	0.0	1.23
25515_1_1_1	25515_1_1_1	25515_1_1_1	4000686.0	4000686.0	0.0	strict	25515_1_1_1	98.0	7.0	0.0	0.72
25557_1_1_1	25557_1_1_1	25557_1_1_1	4000775.0	4000775.0	0.0	strict	25557_1_1_1	155.0	5.0	0.0	0.65
25567_1_1_1	25567_1_1_1	25567_1_1_1	4000959.0	4000959.0	0.0	strict	25567_1_1_1	137.0	7.0	0.0	2.88
25587_1_1_1	25587_1_1_1	25587_1_1_1	4000707.0	4000707.0	0.0	strict	25587_1_1_1	101.0	7.0	0.0	0.2
25590_1_1_1	25590_1_1_1	25590_1_1_1	4001092.0	4001092.0	0.0	strict	25590_1_1_1	156.0	7.0	0.0	0.38
25590_1_1_1	34383_1_1_1	25590_1_1_1	4001092.0	4001092.0	0.0	strict	34383_1_1_1	156.0	7.0	0.0	0.86
25590_1_1_1	34281_1_1_1	25590_1_1_1	4000980.0	4001092.0	112.0	strict	34281_1_1_1	140.0	7.0	0.0	0.25
25618_1_1_1	25618_1_1_1	25618_1_1_1	4000368.0	4000368.0	0.0	strict	25618_1_1_1	92.0	4.0	0.0	0.35
25636_1_1_1	25636_1_1_1	25636_1_1_1	4000384.0	4000384.0	0.0	strict	25636_1_1_1	64.0	6.0	0.0	0.4
25638_1_1_1	25638_1_1_1	25638_1_1_1	4000742.0	4000742.0	0.0	strict	25638_1_1_1	106.0	7.0	0.0	0.47
25645_1_1_1	30374_1_1_1	30374_1_1_1	4000609.0	4000609.0	0.0	strict	30374_1_1_1	87.0	7.0	0.0	2.07
25645_1_1_1	25527_1_1_1	30374_1_1_1	4000609.0	4000609.0	0.0	strict	25527_1_1_1	87.0	7.0	0.0	1.87
25645_1_1_1	25645_1_1_1	30374_1_1_1	4000540.0	4000609.0	69.0	strict	25645_1_1_1	90.0	6.0	0.0	2.19
25645_1_1_1	27046_1_1_1	30374_1_1_1	4000510.0	4000609.0	99.0	strict	27046_1_1_1	85.0	6.0	0.0	1.71
25665_1_1_1	25665_1_1_1	25665_1_1_1	4001162.032939432	4001162.032939432	0.0	strict	25665_1_1_1	194.0	6.0	1.9670605676	1.96
25668_1_1_1	25659_1_1_1	25659_1_1_1	4000322.0	4000322.0	0.0	strict	25659_1_1_1	46.0	7.0	0.0	3.01
25668_1_1_1	25668_1_1_1	25659_1_1_1	4000301.0	4000322.0	21.0	strict	25668_1_1_1	43.0	7.0	0.0	0.96
25685_1_1_1	25685_1_1_1	25685_1_1_1	4001002.0	4001002.0	0.0	strict	25685_1_1_1	167.0	6.0	0.0	0.32
25691_1_1_1	25691_1_1_1	25691_1_1_1	4000212.0	4000212.0	0.0	strict	25691_1_1_1	53.0	4.0	0.0	0.0
25698_1_1_1	25697_1_1_1	25697_1_1_1	4001065.0	4001065.0	0.0	strict	25697_1_1_1	213.0	5.0	0.0	1.08
25698_1_1_1	25698_1_1_1	25697_1_1_1	4000816.0	4001065.0	249.0	strict	25698_1_1_1	204.0	4.0	0.0	0.0
25712_1_1_1	25712_1_1_1	25712_1_1_1	4001477.0	4001477.0	0.0	strict	25712_1_1_1	211.0	7.0	0.0	0.28
25728_1_1_1	25728_1_1_1	25728_1_1_1	4000800.0	4000800.0	0.0	strict	25728_1_1_1	160.0	5.0	0.0	0.33
25760_1_1_1	25760_1_1_1	25760_1_1_1	4001155.0	4001155.0	0.0	strict	25760_1_1_1	165.0	7.0	0.0	3.01
25761_1_1_1	25761_1_1_1	25761_1_1_1	4000648.0	4000648.0	0.0	strict	25761_1_1_1	108.0	6.0	0.0	2.64
25789_1_1_1	25789_1_1_1	25789_1_1_1	4000336.0	4000336.0	0.0	strict	25789_1_1_1	48.0	7.0	0.0	1.87
25790_1_1_1	25790_1_1_1	25790_1_1_1	4000469.0	4000469.0	0.0	strict	25790_1_1_1	67.0	7.0	0.0	0.52
25792_1_1_1	25792_1_1_1	25792_1_1_1	4000464.0	4000464.0	0.0	strict	25792_1_1_1	116.0	4.0	0.0	2.97
25798_1_1_1	25798_1_1_1	25798_1_1_1	4001001.0	4001001.0	0.0	strict	25798_1_1_1	143.0	7.0	0.0	2.27
25801_1_1_1	25801_1_1_1	25801_1_1_1	4000567.0	4000567.0	0.0	strict	25801_1_1_1	81.0	7.0	0.0	1.2
25805_1_1_1	25805_1_1_1	25805_1_1_1	4000896.0	4000896.0	0.0	strict	25805_1_1_1	128.0	7.0	0.0	0.73
25806_1_1_1	25806_1_1_1	25806_1_1_1	4000245.0	4000245.0	0.0	strict	25806_1_1_1	35.0	7.0	0.0	1.03
25816_1_1_1	25816_1_1_1	25816_1_1_1	4000618.0	4000618.0	0.0	strict	25816_1_1_1	103.0	6.0	0.0	1.52
25819_1_1_1	25600_1_1_1	25600_1_1_1	4000564.0	4000564.0	0.0	strict	25600_1_1_1	94.0	6.0	0.0	0.79
25819_1_1_1	25819_1_1_1	25600_1_1_1	4000540.0	4000564.0	24.0	strict	25819_1_1_1	90.0	6.0	0.0	0.79
25827_1_1_1	25827_1_1_1	25827_1_1_1	4000518.0	4000518.0	0.0	strict	25827_1_1_1	74.0	7.0	0.0	1.98
25856_1_1_1	31199_1_1_1	31199_1_1_1	4000490.0	4000490.0	0.0	strict	31199_1_1_1	70.0	7.0	0.0	2.72
25856_1_1_1	25856_1_1_1	31199_1_1_1	4000469.0	4000490.0	21.0	strict	25856_1_1_1	67.0	7.0	0.0	0.72
25880_1_1_1	25880_1_1_1	25880_1_1_1	4000428.374545018	4000428.374545018	0.0	strict	25880_1_1_1	86.0	5.0	1.6254549817	0.53
25886_1_1_1	25886_1_1_1	25886_1_1_1	4000609.0	4000609.0	0.0	strict	25886_1_1_1	87.0	7.0	0.0	0.15
25896_1_1_1	25896_1_1_1	25896_1_1_1	4000780.0	4000780.0	0.0	strict	25896_1_1_1	156.0	5.0	0.0	0.46
25904_1_1_1	25904_1_1_1	25904_1_1_1	4001016.0	4001016.0	0.0	strict	25904_1_1_1	254.0	4.0	0.0	0.0
25918_1_1_1	25918_1_1_1	25918_1_1_1	4000887.824242107	4000887.824242107	0.0	strict	25918_1_1_1	127.0	7.0	1.1757578923	1.2
25924_1_1_1	25924_1_1_1	25924_1_1_1	4000518.0	4000518.0	0.0	strict	25924_1_1_1	74.0	7.0	0.0	2.73
25929_1_1_1	25929_1_1_1	25929_1_1_1	4000104.0	4000104.0	0.0	strict	25929_1_1_1	26.0	4.0	0.0	0.0
25930_1_1_1	25930_1_1_1	25930_1_1_1	4000104.0	4000104.0	0.0	strict	25930_1_1_1	26.0	4.0	0.0	0.0
25944_1_1_1	25944_1_1_1	25944_1_1_1	4000679.0	4000679.0	0.0	strict	25944_1_1_1	97.0	7.0	0.0	0.25
25952_1_1_1	25952_1_1_1	25952_1_1_1	4000440.0	4000440.0	0.0	strict	25952_1_1_1	88.0	5.0	0.0	1.84
25970_1_1_1	25970_1_1_1	25970_1_1_1	4000811.0392497666	4000811.0392497666	0.0	strict	25970_1_1_1	116.0	7.0	0.9607502333	2.7
25976_1_1_1	25976_1_1_1	25976_1_1_1	4000644.0	4000644.0	0.0	strict	25976_1_1_1	92.0	7.0	0.0	0.77
25983_1_1_1	25983_1_1_1	25983_1_1_1	4000630.0	4000630.0	0.0	strict	25983_1_1_1	105.0	6.0	0.0	1.64
25993_1_1_1	27170_1_1_1	27170_1_1_1	4001218.0	4001218.0	0.0	strict	27170_1_1_1	174.0	7.0	0.0	1.35
25993_1_1_1	16173_1_1_1	27170_1_1_1	4001211.0	4001218.0	7.0	strict	16173_1_1_1	173.0	7.0	0.0	1.08
25993_1_1_1	25993_1_1_1	27170_1_1_1	4001197.0	4001218.0	21.0	strict	25993_1_1_1	171.0	7.0	0.0	1.15
25993_1_1_1	18953_1_1_1	27170_1_1_1	4001190.0	4001218.0	28.0	strict	18953_1_1_1	170.0	7.0	0.0	0.51
25994_1_1_1	25994_1_1_1	25994_1_1_1	4000702.0	4000702.0	0.0	strict	25994_1_1_1	117.0	6.0	0.0	0.85
26010_1_1_1	26010_1_1_1	26010_1_1_1	4001134.0	4001134.0	0.0	strict	26010_1_1_1	162.0	7.0	0.0	0.97
26011_1_1_1	26011_1_1_1	26011_1_1_1	4000910.0	4000910.0	0.0	strict	26011_1_1_1	130.0	7.0	0.0	0.62
26022_1_1_1	26022_1_1_1	26022_1_1_1	4000595.0	4000595.0	0.0	strict	26022_1_1_1	85.0	7.0	0.0	1.06
26034_1_1_1	26034_1_1_1	26034_1_1_1	4000170.0	4000170.0	0.0	strict	26034_1_1_1	34.0	5.0	0.0	0.15
26046_1_1_1	26046_1_1_1	26046_1_1_1	4000252.0	4000252.0	0.0	strict	26046_1_1_1	36.0	7.0	0.0	0.0
26053_1_1_1	26053_1_1_1	26053_1_1_1	4000742.0	4000742.0	0.0	strict	26053_1_1_1	106.0	7.0	0.0	1.35
26058_1_1_1	26058_1_1_1	26058_1_1_1	4000492.0	4000492.0	0.0	strict	26058_1_1_1	123.0	4.0	0.0	0.0
26063_1_1_1	26063_1_1_1	26063_1_1_1	4000184.0	4000184.0	0.0	strict	26063_1_1_1	46.0	4.0	0.0	0.0
26068_1_1_1	26068_1_1_1	26068_1_1_1	4000576.0	4000576.0	0.0	strict	26068_1_1_1	96.0	6.0	0.0	1.85
26309_1_1_1	26309_1_1_1	26309_1_1_1	4000690.0	4000690.0	0.0	strict	26309_1_1_1	138.0	5.0	0.0	0.68
26312_1_1_1	26312_1_1_1	26312_1_1_1	4000602.0	4000602.0	0.0	strict	26312_1_1_1	86.0	7.0	0.0	0.43
26322_1_1_1	26322_1_1_1	26322_1_1_1	4000500.0	4000500.0	0.0	strict	26322_1_1_1	100.0	5.0	0.0	2.82
26517_1_1_1	26517_1_1_1	26517_1_1_1	4000642.0	4000642.0	0.0	strict	26517_1_1_1	107.0	6.0	0.0	0.41
26518_1_1_1	26518_1_1_1	26518_1_1_1	4000882.0	4000882.0	0.0	strict	26518_1_1_1	126.0	7.0	0.0	1.75
26527_1_1_1	26527_1_1_1	26527_1_1_1	4000420.0	4000420.0	0.0	strict	26527_1_1_1	84.0	5.0	0.0	0.36
26534_1_1_1	26534_1_1_1	26534_1_1_1	4000868.0	4000868.0	0.0	strict	26534_1_1_1	124.0	7.0	0.0	0.98
26551_1_1_1	26551_1_1_1	26551_1_1_1	4000985.0	4000985.0	0.0	strict	26551_1_1_1	197.0	5.0	0.0	1.12
26553_1_1_1	26553_1_1_1	26553_1_1_1	4000789.1438407768	4000789.1438407768	0.0	strict	26553_1_1_1	113.0	7.0	1.8561592232	0.4
26562_1_1_1	26562_1_1_1	26562_1_1_1	4000276.0	4000276.0	0.0	strict	26562_1_1_1	46.0	6.0	0.0	0.77
26569_1_1_1	26569_1_1_1	26569_1_1_1	4001155.0	4001155.0	0.0	strict	26569_1_1_1	231.0	5.0	0.0	2.01
26574_1_1_1	26574_1_1_1	26574_1_1_1	4000460.0	4000460.0	0.0	strict	26574_1_1_1	92.0	5.0	0.0	2.16
26589_1_1_1	26589_1_1_1	26589_1_1_1	4001360.0	4001360.0	0.0	strict	26589_1_1_1	272.0	5.0	0.0	0.95
26592_1_1_1	26592_1_1_1	26592_1_1_1	4000240.0	4000240.0	0.0	strict	26592_1_1_1	60.0	4.0	0.0	0.24
26593_1_1_1	26593_1_1_1	26593_1_1_1	4000686.0	4000686.0	0.0	strict	26593_1_1_1	98.0	7.0	0.0	1.4
26619_1_1_1	26619_1_1_1	26619_1_1_1	4000540.0	4000540.0	0.0	strict	26619_1_1_1	108.0	5.0	0.0	2.41
26631_1_1_1	26631_1_1_1	26631_1_1_1	4000695.0	4000695.0	0.0	strict	26631_1_1_1	139.0	5.0	0.0	0.71
26638_1_1_1	26638_1_1_1	26638_1_1_1	4001127.0	4001127.0	0.0	strict	26638_1_1_1	161.0	7.0	0.0	0.64
26642_1_1_1	26642_1_1_1	26642_1_1_1	4000973.2169170985	4000973.2169170985	0.0	strict	26642_1_1_1	195.0	5.0	1.7830829016	2.16
26646_1_1_1	26646_1_1_1	26646_1_1_1	4000885.0	4000885.0	0.0	strict	26646_1_1_1	177.0	5.0	0.0	1.13
26647_1_1_1	26647_1_1_1	26647_1_1_1	4000996.0	4000996.0	0.0	strict	26647_1_1_1	166.0	6.0	0.0	2.97
26650_1_1_1	26650_1_1_1	26650_1_1_1	4000399.0	4000399.0	0.0	strict	26650_1_1_1	57.0	7.0	0.0	1.76
26657_1_1_1	26657_1_1_1	26657_1_1_1	4001141.0	4001141.0	0.0	strict	26657_1_1_1	163.0	7.0	0.0	1.78
26698_1_1_1	17715_1_1_1	17715_1_1_1	4000322.0	4000322.0	0.0	strict	17715_1_1_1	46.0	7.0	0.0	1.67
26698_1_1_1	25349_1_1_1	17715_1_1_1	4000287.0	4000322.0	35.0	strict	25349_1_1_1	41.0	7.0	0.0	0.71
26698_1_1_1	26698_1_1_1	17715_1_1_1	4000222.0	4000322.0	100.0	strict	26698_1_1_1	37.0	6.0	0.0	1.6
26698_1_1_1	25864_1_1_1	17715_1_1_1	4000210.0	4000322.0	112.0	strict	25864_1_1_1	35.0	6.0	0.0	2.1
26698_1_1_1	25866_1_1_1	17715_1_1_1	4000204.0	4000322.0	118.0	strict	25866_1_1_1	34.0	6.0	0.0	3.16
26698_1_1_1	50021_1_1_1	17715_1_1_1	4000132.0	4000322.0	190.0	strict	50021_1_1_1	33.0	4.0	0.0	2.49
26723_1_1_1	26723_1_1_1	26723_1_1_1	4000700.0	4000700.0	0.0	strict	26723_1_1_1	100.0	7.0	0.0	0.66
26726_1_1_1	27087_1_1_1	27087_1_1_1	4000400.0	4000400.0	0.0	strict	27087_1_1_1	80.0	5.0	0.0	1.66
26726_1_1_1	26726_1_1_1	27087_1_1_1	4000364.0	4000400.0	36.0	strict	26726_1_1_1	91.0	4.0	0.0	0.99
26746_1_1_1	26746_1_1_1	26746_1_1_1	4001525.0	4001525.0	0.0	strict	26746_1_1_1	305.0	5.0	0.0	1.26
26759_1_1_1	26972_1_1_1	26972_1_1_1	4001193.1279325206	4001193.1279325206	0.0	strict	26972_1_1_1	239.0	5.0	1.8720674793	1.73
26759_1_1_1	26759_1_1_1	26972_1_1_1	4001030.0	4001193.1279325206	163.12793252058327	strict	26759_1_1_1	206.0	5.0	0.0	1.83
26761_1_1_1	26761_1_1_1	26761_1_1_1	4000815.0	4000815.0	0.0	strict	26761_1_1_1	163.0	5.0	0.0	1.63
26773_1_1_1	26773_1_1_1	26773_1_1_1	4000744.0	4000744.0	0.0	strict	26773_1_1_1	124.0	6.0	0.0	0.27
26774_1_1_1	26774_1_1_1	26774_1_1_1	4001092.0	4001092.0	0.0	strict	26774_1_1_1	156.0	7.0	0.0	0.43
26780_1_1_1	26780_1_1_1	26780_1_1_1	4001099.0	4001099.0	0.0	strict	26780_1_1_1	157.0	7.0	0.0	1.16
26785_1_1_1	26785_1_1_1	26785_1_1_1	4000340.0	4000340.0	0.0	strict	26785_1_1_1	68.0	5.0	0.0	0.35
26801_1_1_1	26801_1_1_1	26801_1_1_1	4001168.099176791	4001168.099176791	0.0	strict	26801_1_1_1	195.0	6.0	1.9008232092	0.59
26835_1_1_1	19223_1_1_1	19223_1_1_1	4001064.0	4001064.0	0.0	strict	19223_1_1_1	266.0	4.0	0.0	1.2
26835_1_1_1	26832_1_1_1	19223_1_1_1	4001052.0	4001064.0	12.0	strict	26832_1_1_1	263.0	4.0	0.0	1.12
26835_1_1_1	26835_1_1_1	19223_1_1_1	4001020.0	4001064.0	44.0	strict	26835_1_1_1	255.0	4.0	0.0	1.15
26835_1_1_1	26836_1_1_1	19223_1_1_1	4001008.0	4001064.0	56.0	strict	26836_1_1_1	252.0	4.0	0.0	0.9
26835_1_1_1	26837_1_1_1	19223_1_1_1	4001004.0	4001064.0	60.0	strict	26837_1_1_1	251.0	4.0	0.0	1.06
26835_1_1_1	26814_1_1_1	19223_1_1_1	4000940.0	4001064.0	124.0	strict	26814_1_1_1	235.0	4.0	0.0	1.07
26840_1_1_1	26840_1_1_1	26840_1_1_1	4000987.0	4000987.0	0.0	strict	26840_1_1_1	141.0	7.0	0.0	0.14
26846_1_1_1	26846_1_1_1	26846_1_1_1	4001213.2909897864	4001213.2909897864	0.0	strict	26846_1_1_1	243.0	5.0	1.7090102137	0.53
26860_1_1_1	26860_1_1_1	26860_1_1_1	4000390.0	4000390.0	0.0	strict	26860_1_1_1	78.0	5.0	0.0	0.95
26877_1_1_1	19731_1_1_1	19731_1_1_1	4001337.0	4001337.0	0.0	strict	19731_1_1_1	191.0	7.0	0.0	0.81
26877_1_1_1	17404_1_1_1	19731_1_1_1	4001330.0	4001337.0	7.0	strict	17404_1_1_1	190.0	7.0	0.0	3.78
26877_1_1_1	26877_1_1_1	19731_1_1_1	4000960.0	4001337.0	377.0	strict	26877_1_1_1	192.0	5.0	0.0	0.89
26877_1_1_1	26878_1_1_1	19731_1_1_1	4000960.0	4001337.0	377.0	strict	26878_1_1_1	192.0	5.0	0.0	0.77
26877_1_1_1	26876_1_1_1	19731_1_1_1	4000950.0	4001337.0	387.0	strict	26876_1_1_1	190.0	5.0	0.0	0.89
26884_1_1_1	15458_1_1_1	15458_1_1_1	4000623.0	4000623.0	0.0	strict	15458_1_1_1	89.0	7.0	0.0	0.82
26884_1_1_1	26884_1_1_1	15458_1_1_1	4000430.0	4000623.0	193.0	strict	26884_1_1_1	86.0	5.0	0.0	2.66
26901_1_1_1	26901_1_1_1	26901_1_1_1	4000686.0	4000686.0	0.0	strict	26901_1_1_1	98.0	7.0	0.0	0.63
26929_1_1_1	26929_1_1_1	26929_1_1_1	4000525.0	4000525.0	0.0	strict	26929_1_1_1	105.0	5.0	0.0	0.28
26942_2_1_1	26942_2_1_1	26942_2_1_1	4000609.0	4000609.0	0.0	strict	26942_2_1_1	87.0	7.0	0.0	0.49
26942_2_1_1	51341_1_1_1	26942_2_1_1	4000435.0	4000609.0	174.0	strict	51341_1_1_1	87.0	5.0	0.0	1.88
26966_1_1_1	26966_1_1_1	26966_1_1_1	4000460.0	4000460.0	0.0	strict	26966_1_1_1	92.0	5.0	0.0	1.27
26985_1_1_1	26985_1_1_1	26985_1_1_1	4000875.0	4000875.0	0.0	strict	26985_1_1_1	125.0	7.0	0.0	2.88
26986_1_1_1	25703_1_1_1	25703_1_1_1	4000707.0	4000707.0	0.0	strict	25703_1_1_1	101.0	7.0	0.0	1.25
26986_1_1_1	26986_1_1_1	25703_1_1_1	4000700.0	4000707.0	7.0	strict	26986_1_1_1	100.0	7.0	0.0	0.67
27049_1_1_1	27049_1_1_1	27049_1_1_1	4000715.0	4000715.0	0.0	strict	27049_1_1_1	143.0	5.0	0.0	0.29
27055_1_1_1	27055_1_1_1	27055_1_1_1	4000516.0	4000516.0	0.0	strict	27055_1_1_1	86.0	6.0	0.0	2.29
27062_1_1_1	27062_1_1_1	27062_1_1_1	4000791.0	4000791.0	0.0	strict	27062_1_1_1	113.0	7.0	0.0	1.58
27079_1_1_1	27079_1_1_1	27079_1_1_1	4000472.0	4000472.0	0.0	strict	27079_1_1_1	118.0	4.0	0.0	2.07
27080_1_1_1	27080_1_1_1	27080_1_1_1	4001205.0	4001205.0	0.0	strict	27080_1_1_1	241.0	5.0	0.0	2.03
27081_1_1_1	27081_1_1_1	27081_1_1_1	4000971.529842253	4000971.529842253	0.0	strict	27081_1_1_1	139.0	7.0	1.4701577472	0.76
27086_1_1_1	27086_1_1_1	27086_1_1_1	4000348.0	4000348.0	0.0	strict	27086_1_1_1	58.0	6.0	0.0	2.54
27098_1_1_1	27097_1_1_1	27097_1_1_1	4000651.0	4000651.0	0.0	strict	27097_1_1_1	93.0	7.0	0.0	1.26
27098_1_1_1	27098_1_1_1	27097_1_1_1	4000644.0	4000651.0	7.0	strict	27098_1_1_1	92.0	7.0	0.0	1.13
27111_1_1_1	27111_1_1_1	27111_1_1_1	4000428.0	4000428.0	0.0	strict	27111_1_1_1	107.0	4.0	0.0	0.0
27127_1_1_1	27127_1_1_1	27127_1_1_1	4000395.0	4000395.0	0.0	strict	27127_1_1_1	79.0	5.0	0.0	0.64
27141_1_1_1	27141_1_1_1	27141_1_1_1	4000560.0	4000560.0	0.0	strict	27141_1_1_1	80.0	7.0	0.0	0.22
27162_1_1_1	27162_1_1_1	27162_1_1_1	4000819.0	4000819.0	0.0	strict	27162_1_1_1	117.0	7.0	0.0	1.13
27162_1_1_1	27793_1_1_1	27162_1_1_1	4000585.0	4000819.0	234.0	strict	27793_1_1_1	117.0	5.0	0.0	1.13
27165_1_1_1	27165_1_1_1	27165_1_1_1	4001176.0	4001176.0	0.0	strict	27165_1_1_1	168.0	7.0	0.0	0.39
27189_1_1_1	27189_1_1_1	27189_1_1_1	4000756.0	4000756.0	0.0	strict	27189_1_1_1	126.0	6.0	0.0	0.38
27209_1_1_1	27209_1_1_1	27209_1_1_1	4000993.187362444	4000993.187362444	0.0	strict	27209_1_1_1	199.0	5.0	1.8126375562	0.91
27210_1_1_1	27210_1_1_1	27210_1_1_1	4000560.0	4000560.0	0.0	strict	27210_1_1_1	112.0	5.0	0.0	2.61
27211_1_1_1	27211_1_1_1	27211_1_1_1	4001794.0	4001794.0	0.0	strict	27211_1_1_1	299.0	6.0	0.0	0.53
27240_1_1_1	27240_1_1_1	27240_1_1_1	4000560.0	4000560.0	0.0	strict	27240_1_1_1	80.0	7.0	0.0	0.43
27241_1_1_1	27241_1_1_1	27241_1_1_1	4000620.0	4000620.0	0.0	strict	27241_1_1_1	124.0	5.0	0.0	0.75
27247_1_1_1	27247_1_1_1	27247_1_1_1	4000465.0	4000465.0	0.0	strict	27247_1_1_1	93.0	5.0	0.0	2.94
27275_1_1_1	27275_1_1_1	27275_1_1_1	4000808.9194465154	4000808.9194465154	0.0	strict	27275_1_1_1	162.0	5.0	1.0805534848	0.81
27281_1_1_1	27279_1_1_1	27279_1_1_1	4001060.0	4001060.0	0.0	strict	27279_1_1_1	212.0	5.0	0.0	2.47
27281_1_1_1	27281_1_1_1	27279_1_1_1	4001035.0	4001060.0	25.0	strict	27281_1_1_1	207.0	5.0	0.0	2.51
27281_1_1_1	26601_1_1_1	27279_1_1_1	4001030.0	4001060.0	30.0	strict	26601_1_1_1	206.0	5.0	0.0	3.06
27281_1_1_1	27280_1_1_1	27279_1_1_1	4001020.0	4001060.0	40.0	strict	27280_1_1_1	204.0	5.0	0.0	2.51
27281_1_1_1	27278_1_1_1	27279_1_1_1	4001005.0	4001060.0	55.0	strict	27278_1_1_1	201.0	5.0	0.0	2.49
27281_1_1_1	26600_1_1_1	27279_1_1_1	4000985.0	4001060.0	75.0	strict	26600_1_1_1	197.0	5.0	0.0	2.53
27281_1_1_1	26602_1_1_1	27279_1_1_1	4000955.0	4001060.0	105.0	strict	26602_1_1_1	191.0	5.0	0.0	2.43
27287_1_1_1	27287_1_1_1	27287_1_1_1	4000664.0	4000664.0	0.0	strict	27287_1_1_1	166.0	4.0	0.0	0.33
27313_1_1_1	27313_1_1_1	27313_1_1_1	4001182.0	4001182.0	0.0	strict	27313_1_1_1	197.0	6.0	0.0	0.16
27347_1_1_1	27347_1_1_1	27347_1_1_1	4000524.0	4000524.0	0.0	strict	27347_1_1_1	131.0	4.0	0.0	0.5
27381_1_1_1	25267_1_1_1	25267_1_1_1	4000975.0	4000975.0	0.0	strict	25267_1_1_1	195.0	5.0	0.0	2.04
27381_1_1_1	27381_1_1_1	25267_1_1_1	4000696.0	4000975.0	279.0	strict	27381_1_1_1	174.0	4.0	0.0	0.99
27400_1_1_1	27400_1_1_1	27400_1_1_1	4000887.144280389	4000887.144280389	0.0	strict	27400_1_1_1	127.0	7.0	1.8557196109	0.57
27405_1_1_1	27405_1_1_1	27405_1_1_1	4000553.0	4000553.0	0.0	strict	27405_1_1_1	79.0	7.0	0.0	0.44
27424_1_1_1	27424_1_1_1	27424_1_1_1	4000504.0	4000504.0	0.0	strict	27424_1_1_1	72.0	7.0	0.0	0.6
27429_1_1_1	27429_1_1_1	27429_1_1_1	4000610.0	4000610.0	0.0	strict	27429_1_1_1	122.0	5.0	0.0	0.0
27429_1_1_1	27430_1_1_1	27429_1_1_1	4000610.0	4000610.0	0.0	strict	27430_1_1_1	122.0	5.0	0.0	0.0
27449_1_1_1	27450_1_1_1	27450_1_1_1	4000305.0	4000305.0	0.0	strict	27450_1_1_1	61.0	5.0	0.0	1.07
27449_1_1_1	27451_1_1_1	27450_1_1_1	4000305.0	4000305.0	0.0	strict	27451_1_1_1	61.0	5.0	0.0	0.89
27449_1_1_1	27449_1_1_1	27450_1_1_1	4000244.0	4000305.0	61.0	strict	27449_1_1_1	61.0	4.0	0.0	0.0
27458_1_1_1	27458_1_1_1	27458_1_1_1	4000868.0	4000868.0	0.0	strict	27458_1_1_1	124.0	7.0	0.0	1.0
27462_1_1_1	27462_1_1_1	27462_1_1_1	4001344.0	4001344.0	0.0	strict	27462_1_1_1	192.0	7.0	0.0	0.97
27462_1_1_1	52642_1_1_1	27462_1_1_1	4000776.0	4001344.0	568.0	strict	52642_1_1_1	194.0	4.0	0.0	0.81
27467_1_1_1	27467_1_1_1	27467_1_1_1	4000498.0	4000498.0	0.0	strict	27467_1_1_1	83.0	6.0	0.0	1.69
27473_1_1_1	27473_1_1_1	27473_1_1_1	4000468.0	4000468.0	0.0	strict	27473_1_1_1	78.0	6.0	0.0	0.44
27477_1_1_1	27477_1_1_1	27477_1_1_1	4000833.0	4000833.0	0.0	strict	27477_1_1_1	119.0	7.0	0.0	0.48
27477_1_1_1	27511_1_1_1	27477_1_1_1	4000484.0	4000833.0	349.0	strict	27511_1_1_1	121.0	4.0	0.0	0.69
27477_1_1_1	27508_1_1_1	27477_1_1_1	4000476.0	4000833.0	357.0	strict	27508_1_1_1	119.0	4.0	0.0	2.36
27481_1_1_1	27481_1_1_1	27481_1_1_1	4000777.0	4000777.0	0.0	strict	27481_1_1_1	111.0	7.0	0.0	1.01
27497_1_1_1	27497_1_1_1	27497_1_1_1	4000721.0	4000721.0	0.0	strict	27497_1_1_1	103.0	7.0	0.0	1.93
27498_1_1_1	27498_1_1_1	27498_1_1_1	4000784.0	4000784.0	0.0	strict	27498_1_1_1	112.0	7.0	0.0	0.34
27498_1_1_1	51237_1_1_1	27498_1_1_1	4000560.0	4000784.0	224.0	strict	51237_1_1_1	112.0	5.0	0.0	0.33
27498_1_1_1	53374_1_1_1	27498_1_1_1	4000444.0	4000784.0	340.0	strict	53374_1_1_1	111.0	4.0	0.0	0.28
27512_1_1_1	51725_1_1_1	51725_1_1_1	4000518.0	4000518.0	0.0	strict	51725_1_1_1	74.0	7.0	0.0	2.46
27512_1_1_1	11505_1_1_1	51725_1_1_1	4000518.0	4000518.0	0.0	strict	11505_1_1_1	74.0	7.0	0.0	1.28
27512_1_1_1	30693_1_1_1	51725_1_1_1	4000518.0	4000518.0	0.0	strict	30693_1_1_1	74.0	7.0	0.0	0.66
27512_1_1_1	16228_1_1_1	51725_1_1_1	4000518.0	4000518.0	0.0	strict	16228_1_1_1	74.0	7.0	0.0	0.45
27512_1_1_1	19670_1_1_1	51725_1_1_1	4000511.0	4000518.0	7.0	strict	19670_1_1_1	73.0	7.0	0.0	0.62
27512_1_1_1	50330_1_1_1	51725_1_1_1	4000511.0	4000518.0	7.0	strict	50330_1_1_1	73.0	7.0	0.0	0.78
27512_1_1_1	25972_1_1_1	51725_1_1_1	4000511.0	4000518.0	7.0	strict	25972_1_1_1	73.0	7.0	0.0	2.98
27512_1_1_1	26783_1_1_1	51725_1_1_1	4000390.0	4000518.0	128.0	strict	26783_1_1_1	78.0	5.0	0.0	0.63
27512_1_1_1	27512_1_1_1	51725_1_1_1	4000292.0	4000518.0	226.0	strict	27512_1_1_1	73.0	4.0	0.0	0.91
27512_1_1_1	53268_1_1_1	51725_1_1_1	4000292.0	4000518.0	226.0	strict	53268_1_1_1	73.0	4.0	0.0	0.0
27523_1_1_1	27523_1_1_1	27523_1_1_1	4000630.0	4000630.0	0.0	strict	27523_1_1_1	105.0	6.0	0.0	0.67
27524_1_1_1	27524_1_1_1	27524_1_1_1	4000602.0	4000602.0	0.0	strict	27524_1_1_1	86.0	7.0	0.0	1.51
27527_1_1_1	27527_1_1_1	27527_1_1_1	4000316.0	4000316.0	0.0	strict	27527_1_1_1	79.0	4.0	0.0	3.16
27531_1_1_1	27531_1_1_1	27531_1_1_1	4000745.0	4000745.0	0.0	strict	27531_1_1_1	149.0	5.0	0.0	0.59
27532_1_1_1	27532_1_1_1	27532_1_1_1	4000707.0	4000707.0	0.0	strict	27532_1_1_1	101.0	7.0	0.0	1.44
27543_1_1_1	27543_1_1_1	27543_1_1_1	4000315.0	4000315.0	0.0	strict	27543_1_1_1	63.0	5.0	0.0	3.13
27563_1_1_1	27563_1_1_1	27563_1_1_1	4000995.0	4000995.0	0.0	strict	27563_1_1_1	199.0	5.0	0.0	0.63
27593_1_1_1	27593_1_1_1	27593_1_1_1	4000840.0	4000840.0	0.0	strict	27593_1_1_1	120.0	7.0	0.0	0.99
27598_1_1_1	27598_1_1_1	27598_1_1_1	4000475.0	4000475.0	0.0	strict	27598_1_1_1	95.0	5.0	0.0	0.46
27610_1_1_1	27610_1_1_1	27610_1_1_1	4000616.0	4000616.0	0.0	strict	27610_1_1_1	88.0	7.0	0.0	1.06
27616_1_1_1	10277_1_1_1	10277_1_1_1	4000469.0	4000469.0	0.0	strict	10277_1_1_1	67.0	7.0	0.0	1.08
27616_1_1_1	15695_1_1_1	10277_1_1_1	4000406.0	4000469.0	63.0	strict	15695_1_1_1	58.0	7.0	0.0	1.34
27616_1_1_1	27616_1_1_1	10277_1_1_1	4000204.0	4000469.0	265.0	strict	27616_1_1_1	51.0	4.0	0.0	1.17
27628_1_1_1	27628_1_1_1	27628_1_1_1	4000220.0	4000220.0	0.0	strict	27628_1_1_1	44.0	5.0	0.0	0.37
27643_1_1_1	27643_1_1_1	27643_1_1_1	4000735.0	4000735.0	0.0	strict	27643_1_1_1	105.0	7.0	0.0	1.78
27666_1_1_1	27666_1_1_1	27666_1_1_1	4001014.0	4001014.0	0.0	strict	27666_1_1_1	169.0	6.0	0.0	0.83
27688_1_1_1	27688_1_1_1	27688_1_1_1	4001057.0	4001057.0	0.0	strict	27688_1_1_1	151.0	7.0	0.0	1.33
27690_1_1_1	27690_1_1_1	27690_1_1_1	4000868.0	4000868.0	0.0	strict	27690_1_1_1	124.0	7.0	0.0	1.56
27724_1_1_1	27724_1_1_1	27724_1_1_1	4000480.0	4000480.0	0.0	strict	27724_1_1_1	120.0	4.0	0.0	0.61
27732_1_1_1	28037_1_1_1	28037_1_1_1	4000777.0	4000777.0	0.0	strict	28037_1_1_1	111.0	7.0	0.0	1.27
27732_1_1_1	27732_1_1_1	28037_1_1_1	4000763.0	4000777.0	14.0	strict	27732_1_1_1	109.0	7.0	0.0	1.71
27732_1_1_1	28038_1_1_1	28037_1_1_1	4000763.0	4000777.0	14.0	strict	28038_1_1_1	109.0	7.0	0.0	1.75
27732_1_1_1	19241_1_1_1	28037_1_1_1	4000735.0	4000777.0	42.0	strict	19241_1_1_1	105.0	7.0	0.0	1.52
27732_1_1_1	27734_1_1_1	28037_1_1_1	4000728.0	4000777.0	49.0	strict	27734_1_1_1	104.0	7.0	0.0	1.28
27732_1_1_1	19787_1_1_1	28037_1_1_1	4000720.0	4000777.0	57.0	strict	19787_1_1_1	120.0	6.0	0.0	0.43
27732_1_1_1	16406_1_1_1	28037_1_1_1	4000678.0	4000777.0	99.0	strict	16406_1_1_1	113.0	6.0	0.0	1.62
27732_1_1_1	19324_1_1_1	28037_1_1_1	4000630.0	4000777.0	147.0	strict	19324_1_1_1	105.0	6.0	0.0	0.84
27732_1_1_1	19788_1_1_1	28037_1_1_1	4000585.0	4000777.0	192.0	strict	19788_1_1_1	117.0	5.0	0.0	0.46
27761_1_1_1	27761_1_1_1	27761_1_1_1	4000825.0	4000825.0	0.0	strict	27761_1_1_1	165.0	5.0	0.0	1.21
27767_1_1_1	27767_1_1_1	27767_1_1_1	4000525.0	4000525.0	0.0	strict	27767_1_1_1	75.0	7.0	0.0	0.38
27781_1_1_1	27781_1_1_1	27781_1_1_1	4000672.0	4000672.0	0.0	strict	27781_1_1_1	96.0	7.0	0.0	0.35
27785_1_1_1	27785_1_1_1	27785_1_1_1	4001013.204969812	4001013.204969812	0.0	strict	27785_1_1_1	145.0	7.0	1.7950301878	0.31
27795_1_1_1	27795_1_1_1	27795_1_1_1	4001405.0	4001405.0	0.0	strict	27795_1_1_1	281.0	5.0	0.0	1.23
27847_1_1_1	27847_1_1_1	27847_1_1_1	4000678.014686218	4000678.014686218	0.0	strict	27847_1_1_1	136.0	5.0	1.9853137818	1.21
27850_1_1_1	27850_1_1_1	27850_1_1_1	4000296.0	4000296.0	0.0	strict	27850_1_1_1	74.0	4.0	0.0	2.88
27851_1_1_1	27851_1_1_1	27851_1_1_1	4001158.0	4001158.0	0.0	strict	27851_1_1_1	193.0	6.0	0.0	0.85
27856_1_1_1	27856_1_1_1	27856_1_1_1	4000861.0	4000861.0	0.0	strict	27856_1_1_1	123.0	7.0	0.0	0.59
27904_1_1_1	27904_1_1_1	27904_1_1_1	4000615.0	4000615.0	0.0	strict	27904_1_1_1	123.0	5.0	0.0	0.36
27925_1_1_1	27925_1_1_1	27925_1_1_1	4000861.0	4000861.0	0.0	strict	27925_1_1_1	123.0	7.0	0.0	1.41
27934_1_1_1	27934_1_1_1	27934_1_1_1	4000830.0	4000830.0	0.0	strict	27934_1_1_1	166.0	5.0	0.0	1.88
27945_1_1_1	27945_1_1_1	27945_1_1_1	4000610.0	4000610.0	0.0	strict	27945_1_1_1	122.0	5.0	0.0	1.94
27952_1_1_1	30293_1_1_1	30293_1_1_1	4000511.0	4000511.0	0.0	strict	30293_1_1_1	73.0	7.0	0.0	0.19
27952_1_1_1	18190_1_1_1	30293_1_1_1	4000414.0	4000511.0	97.0	strict	18190_1_1_1	69.0	6.0	0.0	2.41
27952_1_1_1	50168_1_1_1	30293_1_1_1	4000365.0	4000511.0	146.0	strict	50168_1_1_1	73.0	5.0	0.0	1.55
27952_1_1_1	27952_1_1_1	30293_1_1_1	4000252.0	4000511.0	259.0	strict	27952_1_1_1	63.0	4.0	0.0	0.31
27989_1_1_1	27989_1_1_1	27989_1_1_1	4001708.0	4001708.0	0.0	strict	27989_1_1_1	244.0	7.0	0.0	0.3
28017_1_1_1	28017_1_1_1	28017_1_1_1	4000154.996988688	4000154.996988688	0.0	strict	28017_1_1_1	26.0	6.0	1.0030113123	0.0
28032_1_1_1	28032_1_1_1	28032_1_1_1	4000798.0	4000798.0	0.0	strict	28032_1_1_1	114.0	7.0	0.0	1.15
28039_1_1_1	28039_1_1_1	28039_1_1_1	4000275.0	4000275.0	0.0	strict	28039_1_1_1	55.0	5.0	0.0	1.24
28040_1_1_1	28040_1_1_1	28040_1_1_1	4000330.0	4000330.0	0.0	strict	28040_1_1_1	66.0	5.0	0.0	1.16
28060_1_1_1	28060_1_1_1	28060_1_1_1	4000315.0	4000315.0	0.0	strict	28060_1_1_1	63.0	5.0	0.0	1.14
28065_1_1_1	28065_1_1_1	28065_1_1_1	4000922.889755021	4000922.889755021	0.0	strict	28065_1_1_1	231.0	4.0	1.1102449798	0.0
28092_1_1_1	25630_1_1_1	25630_1_1_1	4000637.0	4000637.0	0.0	strict	25630_1_1_1	91.0	7.0	0.0	0.46
28092_1_1_1	28092_1_1_1	25630_1_1_1	4000630.0	4000637.0	7.0	strict	28092_1_1_1	90.0	7.0	0.0	1.05
28105_1_1_1	28105_1_1_1	28105_1_1_1	4000623.4545376254	4000623.4545376254	0.0	strict	28105_1_1_1	125.0	5.0	1.5454623747	1.46
28109_1_1_1	25441_1_1_1	25441_1_1_1	4000795.0	4000795.0	0.0	strict	25441_1_1_1	159.0	5.0	0.0	1.44
28109_1_1_1	27592_1_1_1	25441_1_1_1	4000790.0	4000795.0	5.0	strict	27592_1_1_1	158.0	5.0	0.0	3.4
28109_1_1_1	27591_1_1_1	25441_1_1_1	4000785.0	4000795.0	10.0	strict	27591_1_1_1	157.0	5.0	0.0	3.48
28109_1_1_1	28109_1_1_1	25441_1_1_1	4000780.0	4000795.0	15.0	strict	28109_1_1_1	156.0	5.0	0.0	3.34
28117_1_1_1	28117_1_1_1	28117_1_1_1	4000637.0	4000637.0	0.0	strict	28117_1_1_1	91.0	7.0	0.0	2.08
28117_1_1_1	11400_1_1_1	28117_1_1_1	4000602.0	4000637.0	35.0	strict	11400_1_1_1	86.0	7.0	0.0	0.92
28131_1_1_1	28131_1_1_1	28131_1_1_1	4000847.0	4000847.0	0.0	strict	28131_1_1_1	121.0	7.0	0.0	1.65
28132_1_1_1	28132_1_1_1	28132_1_1_1	4000819.0	4000819.0	0.0	strict	28132_1_1_1	117.0	7.0	0.0	2.9
30000_1_1_1	30000_1_1_1	30000_1_1_1	4000910.0	4000910.0	0.0	strict	30000_1_1_1	130.0	7.0	0.0	1.83
30005_1_1_1	19815_1_1_1	19815_1_1_1	4000322.0	4000322.0	0.0	strict	19815_1_1_1	46.0	7.0	0.0	1.37
30005_1_1_1	30005_1_1_1	19815_1_1_1	4000315.0	4000322.0	7.0	strict	30005_1_1_1	45.0	7.0	0.0	1.37
30007_1_1_1	34301_1_1_1	34301_1_1_1	4000693.0	4000693.0	0.0	strict	34301_1_1_1	99.0	7.0	0.0	0.16
30007_1_1_1	34299_1_1_1	34301_1_1_1	4000679.0	4000693.0	14.0	strict	34299_1_1_1	97.0	7.0	0.0	0.39
30007_1_1_1	30007_1_1_1	34301_1_1_1	4000637.0	4000693.0	56.0	strict	30007_1_1_1	91.0	7.0	0.0	2.39
30023_1_1_1	30023_1_1_1	30023_1_1_1	4000868.0	4000868.0	0.0	strict	30023_1_1_1	124.0	7.0	0.0	0.29
30031_1_1_1	30031_1_1_1	30031_1_1_1	4000378.0	4000378.0	0.0	strict	30031_1_1_1	54.0	7.0	0.0	0.41
30034_1_1_1	30034_1_1_1	30034_1_1_1	4000798.0	4000798.0	0.0	strict	30034_1_1_1	114.0	7.0	0.0	0.34
30040_1_1_1	30040_1_1_1	30040_1_1_1	4000518.0	4000518.0	0.0	strict	30040_1_1_1	74.0	7.0	0.0	1.87
30047_1_1_1	30047_1_1_1	30047_1_1_1	4000567.0	4000567.0	0.0	strict	30047_1_1_1	81.0	7.0	0.0	0.89
30072_1_1_1	30072_1_1_1	30072_1_1_1	4000400.0	4000400.0	0.0	strict	30072_1_1_1	80.0	5.0	0.0	0.63
30079_1_1_1	30079_1_1_1	30079_1_1_1	4000644.0	4000644.0	0.0	strict	30079_1_1_1	92.0	7.0	0.0	1.72
30092_1_1_1	30092_1_1_1	30092_1_1_1	4000803.631613455	4000803.631613455	0.0	strict	30092_1_1_1	115.0	7.0	1.368386545	1.38
30102_1_1_1	30102_1_1_1	30102_1_1_1	4000798.0	4000798.0	0.0	strict	30102_1_1_1	114.0	7.0	0.0	0.27
30118_1_1_1	30118_1_1_1	30118_1_1_1	4000784.0	4000784.0	0.0	strict	30118_1_1_1	112.0	7.0	0.0	0.83
30129_1_1_1	30129_1_1_1	30129_1_1_1	4000553.0	4000553.0	0.0	strict	30129_1_1_1	79.0	7.0	0.0	2.05
30153_1_1_1	30153_1_1_1	30153_1_1_1	4000644.0	4000644.0	0.0	strict	30153_1_1_1	92.0	7.0	0.0	0.29
30154_1_1_1	30154_1_1_1	30154_1_1_1	4000560.0	4000560.0	0.0	strict	30154_1_1_1	80.0	7.0	0.0	0.69
30157_1_1_1	30157_1_1_1	30157_1_1_1	4000581.0	4000581.0	0.0	strict	30157_1_1_1	83.0	7.0	0.0	0.27
30161_1_1_1	30161_1_1_1	30161_1_1_1	4000812.0	4000812.0	0.0	strict	30161_1_1_1	116.0	7.0	0.0	0.72
30170_1_1_1	30170_1_1_1	30170_1_1_1	4000095.0	4000095.0	0.0	strict	30170_1_1_1	19.0	5.0	0.0	0.0
30171_1_1_1	30171_1_1_1	30171_1_1_1	4000486.0	4000486.0	0.0	strict	30171_1_1_1	81.0	6.0	0.0	0.63
30181_1_1_1	30181_1_1_1	30181_1_1_1	4000116.0	4000116.0	0.0	strict	30181_1_1_1	29.0	4.0	0.0	0.0
30185_1_1_1	30185_1_1_1	30185_1_1_1	4000624.0	4000624.0	0.0	strict	30185_1_1_1	104.0	6.0	0.0	0.43
30195_1_1_1	30195_1_1_1	30195_1_1_1	4000846.0	4000846.0	0.0	strict	30195_1_1_1	141.0	6.0	0.0	2.68
30195_1_1_1	50750_1_1_1	30195_1_1_1	4000730.0	4000846.0	116.0	strict	50750_1_1_1	146.0	5.0	0.0	0.62
30200_1_1_1	30200_1_1_1	30200_1_1_1	4000503.443294331	4000503.443294331	0.0	strict	30200_1_1_1	101.0	5.0	1.5567056691	0.74
30201_1_1_1	30201_1_1_1	30201_1_1_1	4000756.0	4000756.0	0.0	strict	30201_1_1_1	108.0	7.0	0.0	2.23
30205_1_1_1	30205_1_1_1	30205_1_1_1	4000761.5862032	4000761.5862032	0.0	strict	30205_1_1_1	109.0	7.0	1.4137968	0.67
30240_1_1_1	30240_1_1_1	30240_1_1_1	4000280.0	4000280.0	0.0	strict	30240_1_1_1	40.0	7.0	0.0	0.59
30246_1_1_1	30246_1_1_1	30246_1_1_1	4000889.0	4000889.0	0.0	strict	30246_1_1_1	127.0	7.0	0.0	0.52
30247_1_1_1	30247_1_1_1	30247_1_1_1	4000525.0	4000525.0	0.0	strict	30247_1_1_1	75.0	7.0	0.0	2.26
30256_1_1_1	30256_1_1_1	30256_1_1_1	4000122.1799871847	4000122.1799871847	0.0	strict	30256_1_1_1	31.0	4.0	1.8200128152	0.0
30289_1_1_1	30289_1_1_1	30289_1_1_1	4000427.0	4000427.0	0.0	strict	30289_1_1_1	61.0	7.0	0.0	0.83
30296_1_1_1	30296_1_1_1	30296_1_1_1	4000455.0	4000455.0	0.0	strict	30296_1_1_1	65.0	7.0	0.0	2.26
30310_1_1_1	30310_1_1_1	30310_1_1_1	4000427.0	4000427.0	0.0	strict	30310_1_1_1	61.0	7.0	0.0	0.37
30312_1_1_1	30312_1_1_1	30312_1_1_1	4000273.0	4000273.0	0.0	strict	30312_1_1_1	39.0	7.0	0.0	1.81
30314_1_1_1	30314_1_1_1	30314_1_1_1	4000378.0	4000378.0	0.0	strict	30314_1_1_1	54.0	7.0	0.0	0.42
30314_1_1_1	18654_1_1_1	30314_1_1_1	4000324.0	4000378.0	54.0	strict	18654_1_1_1	54.0	6.0	0.0	0.39
30321_1_1_1	30321_1_1_1	30321_1_1_1	4000861.0	4000861.0	0.0	strict	30321_1_1_1	123.0	7.0	0.0	1.11
30325_1_1_1	30325_1_1_1	30325_1_1_1	4000858.0	4000858.0	0.0	strict	30325_1_1_1	143.0	6.0	0.0	1.83
30326_1_1_1	30326_1_1_1	30326_1_1_1	4001470.0	4001470.0	0.0	strict	30326_1_1_1	245.0	6.0	0.0	0.22
30379_1_1_1	30379_1_1_1	30379_1_1_1	4000376.121854808	4000376.121854808	0.0	strict	30379_1_1_1	54.0	7.0	1.8781451919	1.01
30399_1_1_1	30399_1_1_1	30399_1_1_1	4000735.0	4000735.0	0.0	strict	30399_1_1_1	105.0	7.0	0.0	1.42
30404_1_1_1	30404_1_1_1	30404_1_1_1	4000595.0	4000595.0	0.0	strict	30404_1_1_1	85.0	7.0	0.0	0.52
30418_1_1_1	30418_1_1_1	30418_1_1_1	4000714.0	4000714.0	0.0	strict	30418_1_1_1	102.0	7.0	0.0	1.64
30421_1_1_1	30421_1_1_1	30421_1_1_1	4001029.0	4001029.0	0.0	strict	30421_1_1_1	147.0	7.0	0.0	0.52
30422_1_1_1	30422_1_1_1	30422_1_1_1	4000216.0	4000216.0	0.0	strict	30422_1_1_1	54.0	4.0	0.0	0.0
30423_1_1_1	30423_1_1_1	30423_1_1_1	4000936.0	4000936.0	0.0	strict	30423_1_1_1	156.0	6.0	0.0	0.38
30444_1_1_1	30444_1_1_1	30444_1_1_1	4000866.055352443	4000866.055352443	0.0	strict	30444_1_1_1	124.0	7.0	1.9446475569	0.75
30450_1_1_1	30450_1_1_1	30450_1_1_1	4001344.0	4001344.0	0.0	strict	30450_1_1_1	192.0	7.0	0.0	1.72
30458_1_1_1	30458_1_1_1	30458_1_1_1	4001078.0	4001078.0	0.0	strict	30458_1_1_1	154.0	7.0	0.0	0.44
30458_1_1_1	25135_1_1_1	30458_1_1_1	4001071.0	4001078.0	7.0	strict	25135_1_1_1	153.0	7.0	0.0	0.42
30458_1_1_1	34526_1_1_1	30458_1_1_1	4000924.0	4001078.0	154.0	strict	34526_1_1_1	154.0	6.0	0.0	0.55
30458_1_1_1	51061_1_1_1	30458_1_1_1	4000612.0	4001078.0	466.0	strict	51061_1_1_1	153.0	4.0	0.0	2.56
30469_1_1_1	30469_1_1_1	30469_1_1_1	4000721.0	4000721.0	0.0	strict	30469_1_1_1	103.0	7.0	0.0	3.71
30481_1_1_1	30481_1_1_1	30481_1_1_1	4000144.0	4000144.0	0.0	strict	30481_1_1_1	24.0	6.0	0.0	1.11
30494_1_1_1	30494_1_1_1	30494_1_1_1	4000426.0	4000426.0	0.0	strict	30494_1_1_1	71.0	6.0	0.0	0.56
30495_1_1_1	30495_1_1_1	30495_1_1_1	4000450.0	4000450.0	0.0	strict	30495_1_1_1	75.0	6.0	0.0	2.33
30504_1_1_1	30504_1_1_1	30504_1_1_1	4000574.0	4000574.0	0.0	strict	30504_1_1_1	82.0	7.0	0.0	1.11
30513_1_1_1	30513_1_1_1	30513_1_1_1	4000306.4695137655	4000306.4695137655	0.0	strict	30513_1_1_1	44.0	7.0	1.5304862346	0.47
30525_1_1_1	30525_1_1_1	30525_1_1_1	4000217.0	4000217.0	0.0	strict	30525_1_1_1	31.0	7.0	0.0	0.0
30525_1_1_1	19205_1_1_1	30525_1_1_1	4000217.0	4000217.0	0.0	strict	19205_1_1_1	31.0	7.0	0.0	0.0
30527_1_1_1	30527_1_1_1	30527_1_1_1	4000510.0	4000510.0	0.0	strict	30527_1_1_1	85.0	6.0	0.0	1.97
30551_1_1_1	30551_1_1_1	30551_1_1_1	4000852.0	4000852.0	0.0	strict	30551_1_1_1	142.0	6.0	0.0	0.7
30554_1_1_1	30554_1_1_1	30554_1_1_1	4000136.0	4000136.0	0.0	strict	30554_1_1_1	34.0	4.0	0.0	0.0
30554_1_1_1	30553_1_1_1	30554_1_1_1	4000132.0	4000136.0	4.0	strict	30553_1_1_1	33.0	4.0	0.0	0.0
30555_1_1_1	30555_1_1_1	30555_1_1_1	4000210.0	4000210.0	0.0	strict	30555_1_1_1	30.0	7.0	0.0	0.0
30556_1_1_1	30556_1_1_1	30556_1_1_1	4000516.882920548	4000516.882920548	0.0	strict	30556_1_1_1	74.0	7.0	1.1170794518	0.54
30559_1_1_1	30559_1_1_1	30559_1_1_1	4000399.0	4000399.0	0.0	strict	30559_1_1_1	57.0	7.0	0.0	0.67
30569_1_1_1	30569_1_1_1	30569_1_1_1	4001153.066146865	4001153.066146865	0.0	strict	30569_1_1_1	165.0	7.0	1.9338531348	0.55
30573_1_1_1	30574_1_3_1	30574_1_3_1	4000564.0	4000564.0	0.0	strict	30574_1_3_1	94.0	6.0	0.0	2.59
30573_1_1_1	30573_1_1_1	30574_1_3_1	4000546.0	4000564.0	18.0	strict	30573_1_1_1	91.0	6.0	0.0	1.1
30583_1_1_1	30583_1_1_1	30583_1_1_1	4000510.0	4000510.0	0.0	strict	30583_1_1_1	102.0	5.0	0.0	1.17
30627_1_1_1	30627_1_1_1	30627_1_1_1	4000602.0	4000602.0	0.0	strict	30627_1_1_1	86.0	7.0	0.0	1.66
30637_1_1_1	30637_1_1_1	30637_1_1_1	4000700.0	4000700.0	0.0	strict	30637_1_1_1	140.0	5.0	0.0	1.91
30652_1_1_1	30652_1_1_1	30652_1_1_1	4000520.0	4000520.0	0.0	strict	30652_1_1_1	104.0	5.0	0.0	0.85
30661_1_1_1	16921_1_1_1	16921_1_1_1	4000623.0	4000623.0	0.0	strict	16921_1_1_1	89.0	7.0	0.0	1.44
30661_1_1_1	30662_1_1_1	16921_1_1_1	4000480.0	4000623.0	143.0	strict	30662_1_1_1	80.0	6.0	0.0	1.85
30661_1_1_1	30661_1_1_1	16921_1_1_1	4000474.0	4000623.0	149.0	strict	30661_1_1_1	79.0	6.0	0.0	1.28
30676_1_1_1	30676_1_1_1	30676_1_1_1	4000854.0	4000854.0	0.0	strict	30676_1_1_1	122.0	7.0	0.0	0.36
30677_1_1_1	30677_1_1_1	30677_1_1_1	4000924.0	4000924.0	0.0	strict	30677_1_1_1	132.0	7.0	0.0	1.03
30682_1_1_1	30682_1_1_1	30682_1_1_1	4000336.0	4000336.0	0.0	strict	30682_1_1_1	48.0	7.0	0.0	1.37
30696_1_1_1	30696_1_1_1	30696_1_1_1	4000798.0	4000798.0	0.0	strict	30696_1_1_1	114.0	7.0	0.0	0.89
30703_1_1_1	30704_1_1_1	30704_1_1_1	4001232.0	4001232.0	0.0	strict	30704_1_1_1	176.0	7.0	0.0	1.56
30703_1_1_1	30703_1_1_1	30704_1_1_1	4001057.0	4001232.0	175.0	strict	30703_1_1_1	151.0	7.0	0.0	1.4
30707_1_1_1	30707_1_1_1	30707_1_1_1	4000624.0	4000624.0	0.0	strict	30707_1_1_1	104.0	6.0	0.0	1.42
30707_1_1_1	30708_1_1_1	30707_1_1_1	4000618.0	4000624.0	6.0	strict	30708_1_1_1	103.0	6.0	0.0	0.79
30707_1_1_1	30706_1_1_1	30707_1_1_1	4000618.0	4000624.0	6.0	strict	30706_1_1_1	103.0	6.0	0.0	0.29
30722_1_1_1	30722_1_1_1	30722_1_1_1	4001022.0	4001022.0	0.0	strict	30722_1_1_1	146.0	7.0	0.0	0.41
30740_1_1_1	30740_1_1_1	30740_1_1_1	4000812.0	4000812.0	0.0	strict	30740_1_1_1	116.0	7.0	0.0	1.52
30740_1_1_1	30739_1_1_1	30740_1_1_1	4000812.0	4000812.0	0.0	strict	30739_1_1_1	116.0	7.0	0.0	0.87
30753_1_1_1	30753_1_1_1	30753_1_1_1	4000590.0	4000590.0	0.0	strict	30753_1_1_1	118.0	5.0	0.0	1.35
30756_1_1_1	30756_1_1_1	30756_1_1_1	4000790.3193423175	4000790.3193423175	0.0	strict	30756_1_1_1	132.0	6.0	1.6806576826	1.0
30782_1_1_1	30782_1_1_1	30782_1_1_1	4000607.675230481	4000607.675230481	0.0	strict	30782_1_1_1	87.0	7.0	1.3247695186	0.72
30802_1_1_1	30802_1_1_1	30802_1_1_1	4000780.0	4000780.0	0.0	strict	30802_1_1_1	130.0	6.0	0.0	1.15
30821_1_1_1	30821_1_1_1	30821_1_1_1	4001036.0	4001036.0	0.0	strict	30821_1_1_1	148.0	7.0	0.0	1.36
30834_1_1_1	30834_1_1_1	30834_1_1_1	4000198.0	4000198.0	0.0	strict	30834_1_1_1	33.0	6.0	0.0	1.07
30842_1_1_1	30842_1_1_1	30842_1_1_1	4000076.0	4000076.0	0.0	strict	30842_1_1_1	19.0	4.0	0.0	0.0
30869_1_1_1	30869_1_1_1	30869_1_1_1	4000252.0	4000252.0	0.0	strict	30869_1_1_1	42.0	6.0	0.0	0.36
30871_1_1_1	30871_1_1_1	30871_1_1_1	4000240.0	4000240.0	0.0	strict	30871_1_1_1	40.0	6.0	0.0	0.1
30875_1_1_1	30875_1_1_1	30875_1_1_1	4000318.0	4000318.0	0.0	strict	30875_1_1_1	53.0	6.0	0.0	1.1
30890_1_1_1	30890_1_1_1	30890_1_1_1	4000672.0	4000672.0	0.0	strict	30890_1_1_1	96.0	7.0	0.0	0.96
30910_1_1_1	30910_1_1_1	30910_1_1_1	4002052.0	4002052.0	0.0	strict	30910_1_1_1	342.0	6.0	0.0	1.13
30926_1_1_1	30926_1_1_1	30926_1_1_1	4001022.0	4001022.0	0.0	strict	30926_1_1_1	146.0	7.0	0.0	0.63
30943_1_1_1	30943_1_1_1	30943_1_1_1	4002996.0	4002996.0	0.0	strict	30943_1_1_1	428.0	7.0	0.0	0.59
30959_1_1_1	30959_1_1_1	30959_1_1_1	4000700.0	4000700.0	0.0	strict	30959_1_1_1	100.0	7.0	0.0	1.31
30968_1_1_1	30968_1_1_1	30968_1_1_1	4000887.110724095	4000887.110724095	0.0	strict	30968_1_1_1	127.0	7.0	1.8892759054	0.61
30969_1_1_1	30969_1_1_1	30969_1_1_1	4000539.0	4000539.0	0.0	strict	30969_1_1_1	77.0	7.0	0.0	0.6
30977_1_1_1	25832_1_1_1	25832_1_1_1	4001253.0	4001253.0	0.0	strict	25832_1_1_1	179.0	7.0	0.0	0.46
30977_1_1_1	27159_1_1_1	25832_1_1_1	4001197.0	4001253.0	56.0	strict	27159_1_1_1	171.0	7.0	0.0	0.22
30977_1_1_1	27265_1_1_1	25832_1_1_1	4001141.0	4001253.0	112.0	strict	27265_1_1_1	163.0	7.0	0.0	0.73
30977_1_1_1	19432_1_1_1	25832_1_1_1	4001032.0	4001253.0	221.0	strict	19432_1_1_1	172.0	6.0	0.0	0.47
30977_1_1_1	30977_1_1_1	25832_1_1_1	4000978.0	4001253.0	275.0	strict	30977_1_1_1	163.0	6.0	0.0	0.27
30977_1_1_1	25341_1_1_1	25832_1_1_1	4000752.0	4001253.0	501.0	strict	25341_1_1_1	188.0	4.0	0.0	0.67
30977_1_1_1	27218_1_1_1	25832_1_1_1	4000652.0	4001253.0	601.0	strict	27218_1_1_1	163.0	4.0	0.0	0.77
30977_1_1_1	27217_1_1_1	25832_1_1_1	4000652.0	4001253.0	601.0	strict	27217_1_1_1	163.0	4.0	0.0	0.78
30985_1_1_1	30985_1_1_1	30985_1_1_1	4000742.0	4000742.0	0.0	strict	30985_1_1_1	106.0	7.0	0.0	0.58
31014_1_1_1	31016_1_1_1	31016_1_1_1	4000348.0	4000348.0	0.0	strict	31016_1_1_1	58.0	6.0	0.0	1.87
31014_1_1_1	31014_1_1_1	31016_1_1_1	4000324.0	4000348.0	24.0	strict	31014_1_1_1	54.0	6.0	0.0	1.02
31015_1_1_1	31013_1_1_1	31013_1_1_1	4000329.0	4000329.0	0.0	strict	31013_1_1_1	47.0	7.0	0.0	1.52
31015_1_1_1	31015_1_1_1	31013_1_1_1	4000273.0	4000329.0	56.0	strict	31015_1_1_1	39.0	7.0	0.0	0.88
31017_1_1_1	31017_1_1_1	31017_1_1_1	4000413.0	4000413.0	0.0	strict	31017_1_1_1	59.0	7.0	0.0	1.11
31018_1_1_1	31018_1_1_1	31018_1_1_1	4000420.0	4000420.0	0.0	strict	31018_1_1_1	60.0	7.0	0.0	1.02
31040_1_1_1	31040_1_1_1	31040_1_1_1	4000492.0	4000492.0	0.0	strict	31040_1_1_1	82.0	6.0	0.0	0.3
31103_1_1_1	31103_1_1_1	31103_1_1_1	4000686.0	4000686.0	0.0	strict	31103_1_1_1	98.0	7.0	0.0	1.16
31107_1_1_1	31107_1_1_1	31107_1_1_1	4000504.0	4000504.0	0.0	strict	31107_1_1_1	84.0	6.0	0.0	0.56
31108_1_1_1	27519_1_1_1	27519_1_1_1	4000868.0	4000868.0	0.0	strict	27519_1_1_1	124.0	7.0	0.0	1.15
31108_1_1_1	31108_1_1_1	27519_1_1_1	4000854.0	4000868.0	14.0	strict	31108_1_1_1	122.0	7.0	0.0	1.76
31108_1_1_1	27518_1_1_1	27519_1_1_1	4000833.0	4000868.0	35.0	strict	27518_1_1_1	119.0	7.0	0.0	1.06
31108_1_1_1	52557_1_1_1	27519_1_1_1	4000819.0	4000868.0	49.0	strict	52557_1_1_1	117.0	7.0	0.0	1.65
31108_1_1_1	26936_1_1_1	27519_1_1_1	4000756.0	4000868.0	112.0	strict	26936_1_1_1	126.0	6.0	0.0	1.08
31108_1_1_1	26937_1_1_1	27519_1_1_1	4000756.0	4000868.0	112.0	strict	26937_1_1_1	126.0	6.0	0.0	0.88
31108_1_1_1	31020_1_1_1	27519_1_1_1	4000678.0	4000868.0	190.0	strict	31020_1_1_1	113.0	6.0	0.0	1.63
31113_1_1_1	31113_1_1_1	31113_1_1_1	4000240.0	4000240.0	0.0	strict	31113_1_1_1	40.0	6.0	0.0	0.64
31120_1_1_1	31120_1_1_1	31120_1_1_1	4000234.0	4000234.0	0.0	strict	31120_1_1_1	39.0	6.0	0.0	0.22
31136_1_1_1	31136_1_1_1	31136_1_1_1	4000495.0	4000495.0	0.0	strict	31136_1_1_1	99.0	5.0	0.0	1.68
31137_1_1_1	31137_1_1_1	31137_1_1_1	4000490.0	4000490.0	0.0	strict	31137_1_1_1	98.0	5.0	0.0	0.81
31180_1_1_1	31180_1_1_1	31180_1_1_1	4000714.0	4000714.0	0.0	strict	31180_1_1_1	102.0	7.0	0.0	0.31
31184_1_1_1	31186_1_1_1	31186_1_1_1	4000534.0	4000534.0	0.0	strict	31186_1_1_1	89.0	6.0	0.0	0.23
31184_1_1_1	31185_1_1_1	31186_1_1_1	4000534.0	4000534.0	0.0	strict	31185_1_1_1	89.0	6.0	0.0	0.36
31184_1_1_1	31184_1_1_1	31186_1_1_1	4000528.0	4000534.0	6.0	strict	31184_1_1_1	88.0	6.0	0.0	0.23
31205_1_1_1	31205_1_1_1	31205_1_1_1	4000420.0	4000420.0	0.0	strict	31205_1_1_1	60.0	7.0	0.0	0.37
34011_1_1_1	34011_1_1_1	34011_1_1_1	4000165.0	4000165.0	0.0	strict	34011_1_1_1	33.0	5.0	0.0	1.03
34022_1_1_1	26552_1_1_1	26552_1_1_1	4001085.0	4001085.0	0.0	strict	26552_1_1_1	155.0	7.0	0.0	1.31
34022_1_1_1	34022_1_1_1	26552_1_1_1	4001078.0	4001085.0	7.0	strict	34022_1_1_1	154.0	7.0	0.0	1.31
34037_1_1_1	34037_1_1_1	34037_1_1_1	4000810.2870478034	4000810.2870478034	0.0	strict	34037_1_1_1	116.0	7.0	1.7129521964	0.74
34047_1_1_1	34047_1_1_1	34047_1_1_1	4000511.0	4000511.0	0.0	strict	34047_1_1_1	73.0	7.0	0.0	0.69
34049_1_1_1	34049_1_1_1	34049_1_1_1	4000480.0	4000480.0	0.0	strict	34049_1_1_1	96.0	5.0	0.0	0.41
34050_1_1_1	34050_1_1_1	34050_1_1_1	4000696.0	4000696.0	0.0	strict	34050_1_1_1	174.0	4.0	0.0	0.0
34068_1_1_1	34068_1_1_1	34068_1_1_1	4000434.0	4000434.0	0.0	strict	34068_1_1_1	62.0	7.0	0.0	0.2
34073_1_1_1	34073_1_1_1	34073_1_1_1	4000408.0	4000408.0	0.0	strict	34073_1_1_1	68.0	6.0	0.0	0.98
34089_1_1_1	34089_1_1_1	34089_1_1_1	4000502.0778445327	4000502.0778445327	0.0	strict	34089_1_1_1	72.0	7.0	1.9221554672	0.84
34095_1_1_1	17475_1_1_1	17475_1_1_1	4000478.711900251	4000478.711900251	0.0	strict	17475_1_1_1	80.0	6.0	1.2880997486	0.12
34095_1_1_1	34095_1_1_1	17475_1_1_1	4000360.0	4000478.711900251	118.71190025098622	strict	34095_1_1_1	60.0	6.0	0.0	0.37
34101_1_1_1	34101_1_1_1	34101_1_1_1	4001510.210267816	4001510.210267816	0.0	strict	34101_1_1_1	216.0	7.0	1.7897321843	0.33
34106_1_1_1	34106_1_1_1	34106_1_1_1	4000553.0	4000553.0	0.0	strict	34106_1_1_1	79.0	7.0	0.0	1.05
34109_1_1_1	34109_1_1_1	34109_1_1_1	4000231.0	4000231.0	0.0	strict	34109_1_1_1	33.0	7.0	0.0	0.97
34112_1_1_1	34112_1_1_1	34112_1_1_1	4000460.839996168	4000460.839996168	0.0	strict	34112_1_1_1	66.0	7.0	1.1600038314	0.25
34123_1_1_1	34123_1_1_1	34123_1_1_1	4000372.0	4000372.0	0.0	strict	34123_1_1_1	62.0	6.0	0.0	0.4
34124_1_1_1	34124_1_1_1	34124_1_1_1	4000480.0	4000480.0	0.0	strict	34124_1_1_1	80.0	6.0	0.0	0.31
34139_1_1_1	34139_1_1_1	34139_1_1_1	4000721.0	4000721.0	0.0	strict	34139_1_1_1	103.0	7.0	0.0	1.55
34140_1_1_1	34140_1_1_1	34140_1_1_1	4001050.0	4001050.0	0.0	strict	34140_1_1_1	175.0	6.0	0.0	0.52
34144_1_1_1	34144_1_1_1	34144_1_1_1	4000630.0	4000630.0	0.0	strict	34144_1_1_1	90.0	7.0	0.0	1.19
34151_1_1_1	34151_1_1_1	34151_1_1_1	4000413.0	4000413.0	0.0	strict	34151_1_1_1	59.0	7.0	0.0	0.6
34155_1_1_1	34155_1_1_1	34155_1_1_1	4000938.0	4000938.0	0.0	strict	34155_1_1_1	134.0	7.0	0.0	0.52
34163_1_1_1	34163_1_1_1	34163_1_1_1	4000385.0	4000385.0	0.0	strict	34163_1_1_1	77.0	5.0	0.0	0.34
34202_1_1_1	34202_1_1_1	34202_1_1_1	4000812.0	4000812.0	0.0	strict	34202_1_1_1	116.0	7.0	0.0	1.47
34202_1_1_1	34216_1_1_1	34202_1_1_1	4000812.0	4000812.0	0.0	strict	34216_1_1_1	116.0	7.0	0.0	1.77
34218_1_1_1	34218_1_1_1	34218_1_1_1	4001085.0	4001085.0	0.0	strict	34218_1_1_1	155.0	7.0	0.0	1.01
34229_1_1_1	34229_1_1_1	34229_1_1_1	4000588.0	4000588.0	0.0	strict	34229_1_1_1	84.0	7.0	0.0	0.69
34235_1_1_1	34235_1_1_1	34235_1_1_1	4000679.0	4000679.0	0.0	strict	34235_1_1_1	97.0	7.0	0.0	0.82
34243_1_1_1	34243_1_1_1	34243_1_1_1	4000581.0	4000581.0	0.0	strict	34243_1_1_1	83.0	7.0	0.0	2.01
34246_1_1_1	34246_1_1_1	34246_1_1_1	4000672.0	4000672.0	0.0	strict	34246_1_1_1	96.0	7.0	0.0	1.92
34256_1_1_1	34256_1_1_1	34256_1_1_1	4000910.0	4000910.0	0.0	strict	34256_1_1_1	130.0	7.0	0.0	0.57
34298_1_1_1	34298_1_1_1	34298_1_1_1	4000395.183294728	4000395.183294728	0.0	strict	34298_1_1_1	66.0	6.0	0.8167052719	0.0
34300_1_1_1	34300_1_1_1	34300_1_1_1	4001281.0	4001281.0	0.0	strict	34300_1_1_1	183.0	7.0	0.0	0.39
34322_1_1_1	34322_1_1_1	34322_1_1_1	4000125.0	4000125.0	0.0	strict	34322_1_1_1	25.0	5.0	0.0	0.0
34325_1_1_1	34325_1_1_1	34325_1_1_1	4000777.0	4000777.0	0.0	strict	34325_1_1_1	111.0	7.0	0.0	1.63
34329_1_1_1	34329_1_1_1	34329_1_1_1	4000861.0	4000861.0	0.0	strict	34329_1_1_1	123.0	7.0	0.0	2.84
34334_1_1_1	34334_1_1_1	34334_1_1_1	4000406.0	4000406.0	0.0	strict	34334_1_1_1	58.0	7.0	0.0	0.49
34335_1_1_1	34335_1_1_1	34335_1_1_1	4000182.0	4000182.0	0.0	strict	34335_1_1_1	26.0	7.0	0.0	0.0
34344_1_1_1	34344_1_1_1	34344_1_1_1	4000693.0	4000693.0	0.0	strict	34344_1_1_1	99.0	7.0	0.0	0.66
34352_1_1_1	34352_1_1_1	34352_1_1_1	4001001.0	4001001.0	0.0	strict	34352_1_1_1	143.0	7.0	0.0	0.84
34358_1_1_1	16831_1_1_1	16831_1_1_1	4000357.0	4000357.0	0.0	strict	16831_1_1_1	51.0	7.0	0.0	2.09
34358_1_1_1	34358_1_1_1	16831_1_1_1	4000188.0	4000357.0	169.0	strict	34358_1_1_1	47.0	4.0	0.0	0.0
34358_1_1_1	34359_1_1_1	16831_1_1_1	4000188.0	4000357.0	169.0	strict	34359_1_1_1	47.0	4.0	0.0	0.0
34361_1_1_1	34361_1_1_1	34361_1_1_1	4000720.0	4000720.0	0.0	strict	34361_1_1_1	120.0	6.0	0.0	0.84
34393_1_1_1	34393_1_1_1	34393_1_1_1	4000537.1676748777	4000537.1676748777	0.0	strict	34393_1_1_1	77.0	7.0	1.8323251225	0.18
34399_1_1_1	34399_1_1_1	34399_1_1_1	4000826.0	4000826.0	0.0	strict	34399_1_1_1	118.0	7.0	0.0	1.09
34442_1_1_1	34442_1_1_1	34442_1_1_1	4000588.0	4000588.0	0.0	strict	34442_1_1_1	84.0	7.0	0.0	0.3
34449_1_1_1	34449_1_1_1	34449_1_1_1	4000546.0	4000546.0	0.0	strict	34449_1_1_1	78.0	7.0	0.0	0.55
34453_1_1_1	30598_1_1_1	30598_1_1_1	4000448.0	4000448.0	0.0	strict	30598_1_1_1	64.0	7.0	0.0	2.73
34453_1_1_1	34453_1_1_1	30598_1_1_1	4000366.0	4000448.0	82.0	strict	34453_1_1_1	61.0	6.0	0.0	0.0
34459_1_1_1	34459_1_1_1	34459_1_1_1	4000430.2299708542	4000430.2299708542	0.0	strict	34459_1_1_1	72.0	6.0	1.7700291451	0.93
34462_1_1_1	34462_1_1_1	34462_1_1_1	4000504.0	4000504.0	0.0	strict	34462_1_1_1	72.0	7.0	0.0	0.55
34463_1_1_1	34463_1_1_1	34463_1_1_1	4000618.0	4000618.0	0.0	strict	34463_1_1_1	103.0	6.0	0.0	0.2
34481_1_1_1	34481_1_1_1	34481_1_1_1	4000441.0	4000441.0	0.0	strict	34481_1_1_1	63.0	7.0	0.0	2.79
34549_1_1_1	34549_1_1_1	34549_1_1_1	4001197.0	4001197.0	0.0	strict	34549_1_1_1	171.0	7.0	0.0	0.64
34550_1_1_1	34550_1_1_1	34550_1_1_1	4000896.0	4000896.0	0.0	strict	34550_1_1_1	128.0	7.0	0.0	0.75
34552_1_1_1	34552_1_1_1	34552_1_1_1	4001225.0	4001225.0	0.0	strict	34552_1_1_1	175.0	7.0	0.0	1.32
34555_1_1_1	34555_1_1_1	34555_1_1_1	4000474.0	4000474.0	0.0	strict	34555_1_1_1	79.0	6.0	0.0	2.49
34586_1_1_1	34586_1_1_1	34586_1_1_1	4000868.0	4000868.0	0.0	strict	34586_1_1_1	124.0	7.0	0.0	0.54
34589_1_1_1	34589_1_1_1	34589_1_1_1	4001120.0	4001120.0	0.0	strict	34589_1_1_1	160.0	7.0	0.0	1.14
34610_1_1_1	34610_1_1_1	34610_1_1_1	4001097.272658832	4001097.272658832	0.0	strict	34610_1_1_1	157.0	7.0	1.7273411678	0.64
34613_1_1_1	34613_1_1_1	34613_1_1_1	4000812.0	4000812.0	0.0	strict	34613_1_1_1	116.0	7.0	0.0	0.51
34621_1_1_1	34621_1_1_1	34621_1_1_1	4000096.0	4000096.0	0.0	strict	34621_1_1_1	24.0	4.0	0.0	0.0
34630_1_1_1	34630_1_1_1	34630_1_1_1	4000637.0	4000637.0	0.0	strict	34630_1_1_1	91.0	7.0	0.0	1.63
34640_1_1_1	34640_1_1_1	34640_1_1_1	4000738.0	4000738.0	0.0	strict	34640_1_1_1	123.0	6.0	0.0	0.27
34643_1_1_1	34643_1_1_1	34643_1_1_1	4000635.566058399	4000635.566058399	0.0	strict	34643_1_1_1	91.0	7.0	1.4339416007	0.94
34648_1_1_1	34648_1_1_1	34648_1_1_1	4000532.0	4000532.0	0.0	strict	34648_1_1_1	76.0	7.0	0.0	1.25
34656_1_1_1	34656_1_1_1	34656_1_1_1	4000203.0	4000203.0	0.0	strict	34656_1_1_1	29.0	7.0	0.0	0.66
34657_1_1_1	34657_1_1_1	34657_1_1_1	4000196.0	4000196.0	0.0	strict	34657_1_1_1	28.0	7.0	0.0	0.82
34669_1_1_1	34669_1_1_1	34669_1_1_1	4000329.0	4000329.0	0.0	strict	34669_1_1_1	47.0	7.0	0.0	0.36
34678_1_1_1	34678_1_1_1	34678_1_1_1	4000644.0	4000644.0	0.0	strict	34678_1_1_1	92.0	7.0	0.0	0.83
34686_1_1_1	34686_1_1_1	34686_1_1_1	4000265.0	4000265.0	0.0	strict	34686_1_1_1	53.0	5.0	0.0	1.95
34695_1_1_1	34695_1_1_1	34695_1_1_1	4000959.0	4000959.0	0.0	strict	34695_1_1_1	137.0	7.0	0.0	0.36
34696_1_1_1	34696_1_1_1	34696_1_1_1	4000342.0	4000342.0	0.0	strict	34696_1_1_1	57.0	6.0	0.0	0.68
34704_1_1_1	34704_1_1_1	34704_1_1_1	4000738.0	4000738.0	0.0	strict	34704_1_1_1	123.0	6.0	0.0	1.61
34709_1_1_1	34709_1_1_1	34709_1_1_1	4000525.0	4000525.0	0.0	strict	34709_1_1_1	75.0	7.0	0.0	0.83
34719_1_1_1	34719_1_1_1	34719_1_1_1	4000525.0	4000525.0	0.0	strict	34719_1_1_1	75.0	7.0	0.0	1.84
34724_1_1_1	34724_1_1_1	34724_1_1_1	4000676.060162578	4000676.060162578	0.0	strict	34724_1_1_1	113.0	6.0	1.9398374222	0.93
34752_1_1_1	34752_1_1_1	34752_1_1_1	4000288.0	4000288.0	0.0	strict	34752_1_1_1	48.0	6.0	0.0	0.6
34761_1_1_1	34761_1_1_1	34761_1_1_1	4001099.0	4001099.0	0.0	strict	34761_1_1_1	157.0	7.0	0.0	0.36
34826_1_1_1	34826_1_1_1	34826_1_1_1	4000679.0	4000679.0	0.0	strict	34826_1_1_1	97.0	7.0	0.0	1.72
34839_1_1_1	34839_1_1_1	34839_1_1_1	4000677.146784566	4000677.146784566	0.0	strict	34839_1_1_1	97.0	7.0	1.8532154343	0.83
34864_1_1_1	34864_1_1_1	34864_1_1_1	4000378.0	4000378.0	0.0	strict	34864_1_1_1	63.0	6.0	0.0	2.16
34865_1_1_1	34865_1_1_1	34865_1_1_1	4000282.0	4000282.0	0.0	strict	34865_1_1_1	47.0	6.0	0.0	2.77
34883_1_1_1	34883_1_1_1	34883_1_1_1	4000420.0	4000420.0	0.0	strict	34883_1_1_1	60.0	7.0	0.0	0.32
34887_1_1_1	34887_1_1_1	34887_1_1_1	4000616.0	4000616.0	0.0	strict	34887_1_1_1	88.0	7.0	0.0	0.45
34921_1_1_1	34921_1_1_1	34921_1_1_1	4000819.0	4000819.0	0.0	strict	34921_1_1_1	117.0	7.0	0.0	1.45
34925_1_1_1	34925_1_1_1	34925_1_1_1	4000777.0	4000777.0	0.0	strict	34925_1_1_1	111.0	7.0	0.0	1.82
34939_1_1_1	34939_1_1_1	34939_1_1_1	4000648.0	4000648.0	0.0	strict	34939_1_1_1	108.0	6.0	0.0	0.65
34946_1_1_1	34946_1_1_1	34946_1_1_1	4000258.0	4000258.0	0.0	strict	34946_1_1_1	43.0	6.0	0.0	0.5
36060_1_1_1	36060_1_1_1	36060_1_1_1	4000525.0	4000525.0	0.0	strict	36060_1_1_1	75.0	7.0	0.0	0.47
36060_1_1_1	51492_1_1_1	36060_1_1_1	4000340.0	4000525.0	185.0	strict	51492_1_1_1	68.0	5.0	0.0	0.36
36080_1_1_1	36080_1_1_1	36080_1_1_1	4000280.0	4000280.0	0.0	strict	36080_1_1_1	56.0	5.0	0.0	0.0
36111_1_1_1	36111_1_1_1	36111_1_1_1	4000504.0	4000504.0	0.0	strict	36111_1_1_1	84.0	6.0	0.0	0.79
36136_1_1_1	36136_1_1_1	36136_1_1_1	4000456.0	4000456.0	0.0	strict	36136_1_1_1	76.0	6.0	0.0	0.47
36154_1_1_1	36154_1_1_1	36154_1_1_1	4001050.0	4001050.0	0.0	strict	36154_1_1_1	150.0	7.0	0.0	0.43
36175_1_1_1	36175_1_1_1	36175_1_1_1	4000468.0	4000468.0	0.0	strict	36175_1_1_1	78.0	6.0	0.0	0.97
36179_1_1_1	36179_1_1_1	36179_1_1_1	4000882.0	4000882.0	0.0	strict	36179_1_1_1	147.0	6.0	0.0	0.15
36185_1_1_1	36185_1_1_1	36185_1_1_1	4000564.0	4000564.0	0.0	strict	36185_1_1_1	94.0	6.0	0.0	3.04
36220_1_1_1	36220_1_1_1	36220_1_1_1	4000357.0	4000357.0	0.0	strict	36220_1_1_1	51.0	7.0	0.0	1.35
36261_1_1_1	36261_1_1_1	36261_1_1_1	4000831.769914439	4000831.769914439	0.0	strict	36261_1_1_1	119.0	7.0	1.2300855611	1.25
36288_1_1_1	36288_1_1_1	36288_1_1_1	4001174.287497655	4001174.287497655	0.0	strict	36288_1_1_1	168.0	7.0	1.7125023448	0.23
36310_1_1_1	36310_1_1_1	36310_1_1_1	4000938.0	4000938.0	0.0	strict	36310_1_1_1	134.0	7.0	0.0	0.26
36320_1_1_1	36320_1_1_1	36320_1_1_1	4000462.0	4000462.0	0.0	strict	36320_1_1_1	66.0	7.0	0.0	1.63
36323_1_1_1	36324_1_1_1	36324_1_1_1	4000868.0	4000868.0	0.0	strict	36324_1_1_1	124.0	7.0	0.0	3.17
36323_1_1_1	36323_1_1_1	36324_1_1_1	4000854.0	4000868.0	14.0	strict	36323_1_1_1	122.0	7.0	0.0	3.22
36333_1_1_1	36333_1_1_1	36333_1_1_1	4000581.0	4000581.0	0.0	strict	36333_1_1_1	83.0	7.0	0.0	1.67
36334_1_1_1	36334_1_1_1	36334_1_1_1	4000735.0	4000735.0	0.0	strict	36334_1_1_1	105.0	7.0	0.0	0.59
36335_1_1_1	36335_1_1_1	36335_1_1_1	4000665.0	4000665.0	0.0	strict	36335_1_1_1	95.0	7.0	0.0	1.41
36341_1_1_1	36341_1_1_1	36341_1_1_1	4000680.0	4000680.0	0.0	strict	36341_1_1_1	136.0	5.0	0.0	0.0
36345_1_1_1	36345_1_1_1	36345_1_1_1	4000280.0	4000280.0	0.0	strict	36345_1_1_1	40.0	7.0	0.0	4.39
36352_1_1_1	36352_1_1_1	36352_1_1_1	4000399.0	4000399.0	0.0	strict	36352_1_1_1	57.0	7.0	0.0	0.47
36368_1_1_1	36368_1_1_1	36368_1_1_1	4000546.0	4000546.0	0.0	strict	36368_1_1_1	78.0	7.0	0.0	3.27
36384_1_1_1	36384_1_1_1	36384_1_1_1	4000214.5359887937	4000214.5359887937	0.0	strict	36384_1_1_1	36.0	6.0	1.4640112064	0.48
36401_1_1_1	36401_1_1_1	36401_1_1_1	4000917.0	4000917.0	0.0	strict	36401_1_1_1	131.0	7.0	0.0	0.63
36418_1_1_1	36418_1_1_1	36418_1_1_1	4000420.0	4000420.0	0.0	strict	36418_1_1_1	60.0	7.0	0.0	0.41
36447_1_1_1	36447_1_1_1	36447_1_1_1	4000686.0	4000686.0	0.0	strict	36447_1_1_1	98.0	7.0	0.0	0.36
36471_1_1_1	36471_1_1_1	36471_1_1_1	4000588.0	4000588.0	0.0	strict	36471_1_1_1	84.0	7.0	0.0	0.22
36485_1_1_1	36485_1_1_1	36485_1_1_1	4000833.0	4000833.0	0.0	strict	36485_1_1_1	119.0	7.0	0.0	0.86
36521_1_1_1	36521_1_1_1	36521_1_1_1	4000186.0	4000186.0	0.0	strict	36521_1_1_1	31.0	6.0	0.0	0.0
36528_1_1_1	36528_1_1_1	36528_1_1_1	4000539.0	4000539.0	0.0	strict	36528_1_1_1	77.0	7.0	0.0	0.91
36528_1_1_1	36527_1_1_1	36528_1_1_1	4000539.0	4000539.0	0.0	strict	36527_1_1_1	77.0	7.0	0.0	1.04
36546_1_1_1	36546_1_1_1	36546_1_1_1	4000749.0	4000749.0	0.0	strict	36546_1_1_1	107.0	7.0	0.0	3.07
50022_1_1_1	50022_1_1_1	50022_1_1_1	4000716.0	4000716.0	0.0	strict	50022_1_1_1	179.0	4.0	0.0	1.99
50025_1_1_1	50025_1_1_1	50025_1_1_1	4000760.0	4000760.0	0.0	strict	50025_1_1_1	152.0	5.0	0.0	0.52
50027_1_1_1	50027_1_1_1	50027_1_1_1	4000287.0	4000287.0	0.0	strict	50027_1_1_1	41.0	7.0	0.0	3.18
50028_1_1_1	50028_1_1_1	50028_1_1_1	4000294.0	4000294.0	0.0	strict	50028_1_1_1	42.0	7.0	0.0	0.4
50028_1_1_1	30503_1_1_1	50028_1_1_1	4000196.0	4000294.0	98.0	strict	30503_1_1_1	49.0	4.0	0.0	0.0
50080_1_1_1	50080_1_1_1	50080_1_1_1	4000635.0	4000635.0	0.0	strict	50080_1_1_1	127.0	5.0	0.0	0.74
50084_1_1_1	50084_1_1_1	50084_1_1_1	4000805.0	4000805.0	0.0	strict	50084_1_1_1	115.0	7.0	0.0	0.16
50091_1_1_1	50091_1_1_1	50091_1_1_1	4000575.0	4000575.0	0.0	strict	50091_1_1_1	115.0	5.0	0.0	0.67
50094_1_1_1	50094_1_1_1	50094_1_1_1	4000970.0	4000970.0	0.0	strict	50094_1_1_1	194.0	5.0	0.0	1.13
50139_1_1_1	50139_1_1_1	50139_1_1_1	4001250.0	4001250.0	0.0	strict	50139_1_1_1	250.0	5.0	0.0	0.48
50148_1_1_1	50148_1_1_1	50148_1_1_1	4000585.0	4000585.0	0.0	strict	50148_1_1_1	117.0	5.0	0.0	0.86
50148_1_1_1	50143_1_1_1	50148_1_1_1	4000532.0	4000585.0	53.0	strict	50143_1_1_1	133.0	4.0	0.0	0.83
50148_1_1_1	52788_1_1_1	50148_1_1_1	4000528.0	4000585.0	57.0	strict	52788_1_1_1	132.0	4.0	0.0	0.53
50148_1_1_1	52787_1_1_1	50148_1_1_1	4000504.0	4000585.0	81.0	strict	52787_1_1_1	126.0	4.0	0.0	0.74
50148_1_1_1	52785_1_1_1	50148_1_1_1	4000504.0	4000585.0	81.0	strict	52785_1_1_1	126.0	4.0	0.0	0.8
50148_1_1_1	52786_1_1_1	50148_1_1_1	4000504.0	4000585.0	81.0	strict	52786_1_1_1	126.0	4.0	0.0	0.69
50159_1_1_1	50159_1_1_1	50159_1_1_1	4000234.0	4000234.0	0.0	strict	50159_1_1_1	39.0	6.0	0.0	0.63
50159_1_1_1	30761_1_1_1	50159_1_1_1	4000234.0	4000234.0	0.0	strict	30761_1_1_1	39.0	6.0	0.0	0.52
50166_1_1_1	50166_1_1_1	50166_1_1_1	4001043.0	4001043.0	0.0	strict	50166_1_1_1	149.0	7.0	0.0	1.33
50167_1_1_1	52635_1_1_1	52635_1_1_1	4000796.5648909863	4000796.5648909863	0.0	strict	52635_1_1_1	114.0	7.0	1.4351090138	0.37
50167_1_1_1	50167_1_1_1	52635_1_1_1	4000714.0	4000796.5648909863	82.56489098630846	strict	50167_1_1_1	102.0	7.0	0.0	0.37
50216_1_1_1	50216_1_1_1	50216_1_1_1	4000610.5064499695	4000610.5064499695	0.0	strict	50216_1_1_1	102.0	6.0	1.4935500305	0.16
50235_1_1_1	50235_1_1_1	50235_1_1_1	4000455.0	4000455.0	0.0	strict	50235_1_1_1	91.0	5.0	0.0	0.18
50299_1_1_1	50299_1_1_1	50299_1_1_1	4000594.0	4000594.0	0.0	strict	50299_1_1_1	99.0	6.0	0.0	0.0
50300_1_1_1	50300_1_1_1	50300_1_1_1	4000730.0	4000730.0	0.0	strict	50300_1_1_1	146.0	5.0	0.0	1.31
50309_1_1_1	50309_1_1_1	50309_1_1_1	4000497.0	4000497.0	0.0	strict	50309_1_1_1	71.0	7.0	0.0	3.46
50355_1_1_1	50355_1_1_1	50355_1_1_1	4001323.0	4001323.0	0.0	strict	50355_1_1_1	189.0	7.0	0.0	0.97
50356_1_1_1	50356_1_1_1	50356_1_1_1	4001659.0	4001659.0	0.0	strict	50356_1_1_1	237.0	7.0	0.0	0.58
50360_1_1_1	50360_1_1_1	50360_1_1_1	4001020.2939668903	4001020.2939668903	0.0	strict	50360_1_1_1	146.0	7.0	1.7060331099	0.79
50368_1_1_1	50368_1_1_1	50368_1_1_1	4000530.0	4000530.0	0.0	strict	50368_1_1_1	106.0	5.0	0.0	0.94
50368_1_1_1	50366_1_1_1	50368_1_1_1	4000505.0	4000530.0	25.0	strict	50366_1_1_1	101.0	5.0	0.0	1.05
50389_1_1_1	50389_1_1_1	50389_1_1_1	4000995.0	4000995.0	0.0	strict	50389_1_1_1	199.0	5.0	0.0	0.53
50401_1_1_1	50401_1_1_1	50401_1_1_1	4000138.5713746394	4000138.5713746394	0.0	strict	50401_1_1_1	35.0	4.0	1.4286253606	0.0
50422_1_1_1	50422_1_1_1	50422_1_1_1	4001211.0	4001211.0	0.0	strict	50422_1_1_1	173.0	7.0	0.0	1.65
50445_1_1_1	50445_1_1_1	50445_1_1_1	4001025.0	4001025.0	0.0	strict	50445_1_1_1	205.0	5.0	0.0	1.78
50454_1_1_1	50454_1_1_1	50454_1_1_1	4001392.0	4001392.0	0.0	strict	50454_1_1_1	348.0	4.0	0.0	0.99
50484_1_1_1	50484_1_1_1	50484_1_1_1	4000721.0	4000721.0	0.0	strict	50484_1_1_1	103.0	7.0	0.0	1.68
50516_1_1_1	15618_1_1_1	15618_1_1_1	4000889.0	4000889.0	0.0	strict	15618_1_1_1	127.0	7.0	0.0	0.9
50516_1_1_1	50516_1_1_1	15618_1_1_1	4000882.0	4000889.0	7.0	strict	50516_1_1_1	126.0	7.0	0.0	1.15
50517_1_1_1	16008_1_1_1	16008_1_1_1	4000455.0	4000455.0	0.0	strict	16008_1_1_1	65.0	7.0	0.0	1.05
50517_1_1_1	50517_1_1_1	16008_1_1_1	4000448.0	4000455.0	7.0	strict	50517_1_1_1	64.0	7.0	0.0	1.58
50518_1_1_1	15511_1_1_1	15511_1_1_1	4000702.0	4000702.0	0.0	strict	15511_1_1_1	117.0	6.0	0.0	0.7
50518_1_1_1	50518_1_1_1	15511_1_1_1	4000600.0	4000702.0	102.0	strict	50518_1_1_1	120.0	5.0	0.0	2.57
50543_1_1_1	50543_1_1_1	50543_1_1_1	4000384.0	4000384.0	0.0	strict	50543_1_1_1	64.0	6.0	0.0	1.72
50557_1_1_1	50557_1_1_1	50557_1_1_1	4000326.138347876	4000326.138347876	0.0	strict	50557_1_1_1	82.0	4.0	1.861652124	0.0
50588_1_1_1	50588_1_1_1	50588_1_1_1	4000511.0	4000511.0	0.0	strict	50588_1_1_1	73.0	7.0	0.0	1.57
50650_1_1_1	18197_1_1_1	18197_1_1_1	4000861.0	4000861.0	0.0	strict	18197_1_1_1	123.0	7.0	0.0	0.7
50650_1_1_1	50650_1_1_1	18197_1_1_1	4000678.0	4000861.0	183.0	strict	50650_1_1_1	113.0	6.0	0.0	1.32
50676_1_1_1	50676_1_1_1	50676_1_1_1	4001572.0	4001572.0	0.0	strict	50676_1_1_1	262.0	6.0	0.0	0.73
50683_1_1_1	50683_1_1_1	50683_1_1_1	4000287.0	4000287.0	0.0	strict	50683_1_1_1	41.0	7.0	0.0	0.59
50691_1_1_1	50691_1_1_1	50691_1_1_1	4000846.0	4000846.0	0.0	strict	50691_1_1_1	141.0	6.0	0.0	2.59
50698_1_1_1	34249_1_1_1	34249_1_1_1	4000624.0	4000624.0	0.0	strict	34249_1_1_1	104.0	6.0	0.0	1.47
50698_1_1_1	50698_1_1_1	34249_1_1_1	4000384.0	4000624.0	240.0	strict	50698_1_1_1	96.0	4.0	0.0	1.95
50707_1_1_1	50707_1_1_1	50707_1_1_1	4001615.0	4001615.0	0.0	strict	50707_1_1_1	323.0	5.0	0.0	1.22
50711_1_1_1	50711_1_1_1	50711_1_1_1	4000455.0	4000455.0	0.0	strict	50711_1_1_1	65.0	7.0	0.0	0.21
50713_1_1_1	50713_1_1_1	50713_1_1_1	4000272.0	4000272.0	0.0	strict	50713_1_1_1	68.0	4.0	0.0	0.38
50714_1_1_1	51833_1_1_1	51833_1_1_1	4000378.0	4000378.0	0.0	strict	51833_1_1_1	63.0	6.0	0.0	0.64
50714_1_1_1	50714_1_1_1	51833_1_1_1	4000244.0	4000378.0	134.0	strict	50714_1_1_1	61.0	4.0	0.0	0.34
50725_1_1_1	50621_1_1_1	50621_1_1_1	4000550.0	4000550.0	0.0	strict	50621_1_1_1	110.0	5.0	0.0	0.48
50725_1_1_1	50725_1_1_1	50621_1_1_1	4000460.0	4000550.0	90.0	strict	50725_1_1_1	92.0	5.0	0.0	0.91
50741_1_1_1	50741_1_1_1	50741_1_1_1	4000144.0	4000144.0	0.0	strict	50741_1_1_1	24.0	6.0	0.0	0.22
50748_1_1_1	50748_1_1_1	50748_1_1_1	4000777.0	4000777.0	0.0	strict	50748_1_1_1	111.0	7.0	0.0	1.42
50751_1_1_1	50751_1_1_1	50751_1_1_1	4000938.0	4000938.0	0.0	strict	50751_1_1_1	134.0	7.0	0.0	0.23
50777_1_1_1	50777_1_1_1	50777_1_1_1	4001135.0	4001135.0	0.0	strict	50777_1_1_1	227.0	5.0	0.0	0.77
50786_1_1_1	50786_1_1_1	50786_1_1_1	4001194.0	4001194.0	0.0	strict	50786_1_1_1	199.0	6.0	0.0	0.69
50790_1_1_1	50790_1_1_1	50790_1_1_1	4000396.0	4000396.0	0.0	strict	50790_1_1_1	99.0	4.0	0.0	1.21
50793_1_1_1	50793_1_1_1	50793_1_1_1	4000749.0	4000749.0	0.0	strict	50793_1_1_1	107.0	7.0	0.0	0.53
50794_1_1_1	50794_1_1_1	50794_1_1_1	4000925.0	4000925.0	0.0	strict	50794_1_1_1	185.0	5.0	0.0	0.75
50891_1_1_1	50891_1_1_1	50891_1_1_1	4000730.0	4000730.0	0.0	strict	50891_1_1_1	146.0	5.0	0.0	0.37
50899_1_1_1	50899_1_1_1	50899_1_1_1	4000920.0	4000920.0	0.0	strict	50899_1_1_1	184.0	5.0	0.0	0.62
50907_1_1_1	50907_1_1_1	50907_1_1_1	4000270.0	4000270.0	0.0	strict	50907_1_1_1	54.0	5.0	0.0	0.47
50963_1_1_1	50963_1_1_1	50963_1_1_1	4001165.0	4001165.0	0.0	strict	50963_1_1_1	233.0	5.0	0.0	1.35
50977_1_1_1	50976_1_1_1	50976_1_1_1	4000672.0	4000672.0	0.0	strict	50976_1_1_1	96.0	7.0	0.0	3.17
50977_1_1_1	50977_1_1_1	50976_1_1_1	4000651.0	4000672.0	21.0	strict	50977_1_1_1	93.0	7.0	0.0	3.19
50998_1_1_1	50998_1_1_1	50998_1_1_1	4000950.0	4000950.0	0.0	strict	50998_1_1_1	190.0	5.0	0.0	0.32
51063_1_1_1	51063_1_1_1	51063_1_1_1	4000430.0	4000430.0	0.0	strict	51063_1_1_1	86.0	5.0	0.0	0.0
51073_1_1_1	51073_1_1_1	51073_1_1_1	4000504.0	4000504.0	0.0	strict	51073_1_1_1	72.0	7.0	0.0	0.61
51074_1_1_1	51074_1_1_1	51074_1_1_1	4001400.0	4001400.0	0.0	strict	51074_1_1_1	280.0	5.0	0.0	0.62
51077_1_1_1	51077_1_1_1	51077_1_1_1	4000588.0	4000588.0	0.0	strict	51077_1_1_1	84.0	7.0	0.0	0.94
51094_1_1_1	51094_1_1_1	51094_1_1_1	4001589.0	4001589.0	0.0	strict	51094_1_1_1	227.0	7.0	0.0	1.52
51107_1_1_1	51107_1_1_1	51107_1_1_1	4000455.0	4000455.0	0.0	strict	51107_1_1_1	91.0	5.0	0.0	1.58
51133_1_1_1	51133_1_1_1	51133_1_1_1	4000582.0	4000582.0	0.0	strict	51133_1_1_1	97.0	6.0	0.0	1.87
51150_1_1_1	30290_1_1_1	30290_1_1_1	4000756.0	4000756.0	0.0	strict	30290_1_1_1	108.0	7.0	0.0	1.8
51150_1_1_1	30334_1_1_1	30290_1_1_1	4000756.0	4000756.0	0.0	strict	30334_1_1_1	108.0	7.0	0.0	1.15
51150_1_1_1	17242_1_1_1	30290_1_1_1	4000678.0	4000756.0	78.0	strict	17242_1_1_1	113.0	6.0	0.0	1.1
51150_1_1_1	51150_1_1_1	30290_1_1_1	4000408.0	4000756.0	348.0	strict	51150_1_1_1	102.0	4.0	0.0	0.64
51159_1_1_1	51159_1_1_1	51159_1_1_1	4000846.0	4000846.0	0.0	strict	51159_1_1_1	141.0	6.0	0.0	1.53
51171_1_1_1	25987_1_1_1	25987_1_1_1	4000724.586342915	4000724.586342915	0.0	strict	25987_1_1_1	121.0	6.0	1.4136570852	0.9
51171_1_1_1	51818_1_1_1	25987_1_1_1	4000625.0	4000724.586342915	99.58634291496128	strict	51818_1_1_1	125.0	5.0	0.0	1.68
51171_1_1_1	51171_1_1_1	25987_1_1_1	4000555.0	4000724.586342915	169.58634291496128	strict	51171_1_1_1	111.0	5.0	0.0	0.0
51171_1_1_1	27515_1_1_1	25987_1_1_1	4000492.0	4000724.586342915	232.58634291496128	strict	27515_1_1_1	123.0	4.0	0.0	1.74
51236_1_1_1	51230_1_1_1	51230_1_1_1	4000372.0	4000372.0	0.0	strict	51230_1_1_1	62.0	6.0	0.0	0.81
51236_1_1_1	51236_1_1_1	51230_1_1_1	4000310.0	4000372.0	62.0	strict	51236_1_1_1	62.0	5.0	0.0	0.0
51236_1_1_1	51234_1_1_1	51230_1_1_1	4000310.0	4000372.0	62.0	strict	51234_1_1_1	62.0	5.0	0.0	0.0
51236_1_1_1	51235_1_1_1	51230_1_1_1	4000310.0	4000372.0	62.0	strict	51235_1_1_1	62.0	5.0	0.0	0.0
51239_1_1_1	51239_1_1_1	51239_1_1_1	4000777.0	4000777.0	0.0	strict	51239_1_1_1	111.0	7.0	0.0	2.05
51253_1_1_1	51253_1_1_1	51253_1_1_1	4000945.0	4000945.0	0.0	strict	51253_1_1_1	189.0	5.0	0.0	0.5
51255_1_1_1	51255_1_1_1	51255_1_1_1	4000440.0	4000440.0	0.0	strict	51255_1_1_1	88.0	5.0	0.0	0.74
51258_1_1_1	51258_1_1_1	51258_1_1_1	4000690.0	4000690.0	0.0	strict	51258_1_1_1	138.0	5.0	0.0	0.32
51293_1_1_1	51293_1_1_1	51293_1_1_1	4001075.0	4001075.0	0.0	strict	51293_1_1_1	215.0	5.0	0.0	0.94
51326_1_1_1	51326_1_1_1	51326_1_1_1	4000565.0	4000565.0	0.0	strict	51326_1_1_1	113.0	5.0	0.0	0.43
51329_1_1_1	51329_1_1_1	51329_1_1_1	4000623.508011171	4000623.508011171	0.0	strict	51329_1_1_1	125.0	5.0	1.4919888289	0.65
51382_1_1_1	51382_1_1_1	51382_1_1_1	4000936.0	4000936.0	0.0	strict	51382_1_1_1	156.0	6.0	0.0	0.57
51384_1_1_1	51384_1_1_1	51384_1_1_1	4000498.794221924	4000498.794221924	0.0	strict	51384_1_1_1	100.0	5.0	1.2057780763	0.18
51411_1_1_1	51411_1_1_1	51411_1_1_1	4000915.0	4000915.0	0.0	strict	51411_1_1_1	183.0	5.0	0.0	3.16
51412_1_1_1	51169_1_1_1	51169_1_1_1	4000565.0	4000565.0	0.0	strict	51169_1_1_1	113.0	5.0	0.0	1.52
51412_1_1_1	51412_1_1_1	51169_1_1_1	4000530.0	4000565.0	35.0	strict	51412_1_1_1	106.0	5.0	0.0	1.89
51419_1_1_1	51419_1_1_1	51419_1_1_1	4000600.0	4000600.0	0.0	strict	51419_1_1_1	100.0	6.0	0.0	3.35
51455_1_1_1	51455_1_1_1	51455_1_1_1	4001505.0	4001505.0	0.0	strict	51455_1_1_1	301.0	5.0	0.0	1.4
51473_1_1_1	51473_1_1_1	51473_1_1_1	4000650.0	4000650.0	0.0	strict	51473_1_1_1	130.0	5.0	0.0	1.56
51489_1_1_1	51489_1_1_1	51489_1_1_1	4001060.0	4001060.0	0.0	strict	51489_1_1_1	212.0	5.0	0.0	0.55
51490_1_1_1	51490_1_1_1	51490_1_1_1	4000335.0	4000335.0	0.0	strict	51490_1_1_1	67.0	5.0	0.0	1.42
51503_1_1_1	51503_1_1_1	51503_1_1_1	4000364.0	4000364.0	0.0	strict	51503_1_1_1	91.0	4.0	0.0	2.9
51521_1_1_1	51521_1_1_1	51521_1_1_1	4000987.0	4000987.0	0.0	strict	51521_1_1_1	141.0	7.0	0.0	1.1
51531_1_1_1	19582_1_1_1	19582_1_1_1	4000130.0	4000130.0	0.0	strict	19582_1_1_1	26.0	5.0	0.0	0.07
51531_1_1_1	51531_1_1_1	19582_1_1_1	4000115.0	4000130.0	15.0	strict	51531_1_1_1	23.0	5.0	0.0	0.0
51532_1_1_1	51532_1_1_1	51532_1_1_1	4000658.0	4000658.0	0.0	strict	51532_1_1_1	94.0	7.0	0.0	1.12
51548_1_1_1	51548_1_1_1	51548_1_1_1	4000510.0	4000510.0	0.0	strict	51548_1_1_1	85.0	6.0	0.0	0.8
51576_1_1_1	51576_1_1_1	51576_1_1_1	4000104.0	4000104.0	0.0	strict	51576_1_1_1	26.0	4.0	0.0	0.0
51597_1_1_1	51597_1_1_1	51597_1_1_1	4000189.0	4000189.0	0.0	strict	51597_1_1_1	27.0	7.0	0.0	0.66
51597_1_1_1	51591_2_1_1	51597_1_1_1	4000138.0	4000189.0	51.0	strict	51591_2_1_1	23.0	6.0	0.0	0.82
51597_1_1_1	51609_1_1_1	51597_1_1_1	4000125.0	4000189.0	64.0	strict	51609_1_1_1	25.0	5.0	0.0	0.35
51611_1_1_1	51611_1_1_1	51611_1_1_1	4000172.0	4000172.0	0.0	strict	51611_1_1_1	43.0	4.0	0.0	0.0
51649_1_1_1	51649_1_1_1	51649_1_1_1	4000960.0	4000960.0	0.0	strict	51649_1_1_1	160.0	6.0	0.0	1.46
51663_1_1_1	51663_1_1_1	51663_1_1_1	4000095.0	4000095.0	0.0	strict	51663_1_1_1	19.0	5.0	0.0	0.0
51663_1_1_1	52007_1_1_1	51663_1_1_1	4000095.0	4000095.0	0.0	strict	52007_1_1_1	19.0	5.0	0.0	0.0
51677_1_1_1	51677_1_1_1	51677_1_1_1	4002046.0	4002046.0	0.0	strict	51677_1_1_1	341.0	6.0	0.0	0.78
51707_1_1_1	19798_1_1_1	19798_1_1_1	4000742.0	4000742.0	0.0	strict	19798_1_1_1	106.0	7.0	0.0	1.7
51707_1_1_1	19641_1_1_1	19798_1_1_1	4000728.0	4000742.0	14.0	strict	19641_1_1_1	104.0	7.0	0.0	1.78
51707_1_1_1	19870_1_1_1	19798_1_1_1	4000728.0	4000742.0	14.0	strict	19870_1_1_1	104.0	7.0	0.0	1.84
51707_1_1_1	19671_1_1_1	19798_1_1_1	4000637.0	4000742.0	105.0	strict	19671_1_1_1	91.0	7.0	0.0	1.81
51707_1_1_1	51708_1_1_1	19798_1_1_1	4000400.0	4000742.0	342.0	strict	51708_1_1_1	100.0	4.0	0.0	2.76
51707_1_1_1	51707_1_1_1	19798_1_1_1	4000396.0	4000742.0	346.0	strict	51707_1_1_1	99.0	4.0	0.0	2.55
51707_1_1_1	50211_1_1_1	19798_1_1_1	4000376.0	4000742.0	366.0	strict	50211_1_1_1	94.0	4.0	0.0	2.67
51729_1_1_1	51729_1_1_1	51729_1_1_1	4000427.0	4000427.0	0.0	strict	51729_1_1_1	61.0	7.0	0.0	1.02
51802_1_1_1	51802_1_1_1	51802_1_1_1	4000523.3216493945	4000523.3216493945	0.0	strict	51802_1_1_1	105.0	5.0	1.6783506056	0.78
51849_1_1_1	51849_1_1_1	51849_1_1_1	4000576.0	4000576.0	0.0	strict	51849_1_1_1	96.0	6.0	0.0	0.59
51855_1_1_1	51855_1_1_1	51855_1_1_1	4000246.0	4000246.0	0.0	strict	51855_1_1_1	41.0	6.0	0.0	1.08
51929_1_1_1	51929_1_1_1	51929_1_1_1	4000567.0	4000567.0	0.0	strict	51929_1_1_1	81.0	7.0	0.0	0.4
51937_1_1_1	51937_1_1_1	51937_1_1_1	4000994.0	4000994.0	0.0	strict	51937_1_1_1	142.0	7.0	0.0	1.02
51938_1_1_1	51938_1_1_1	51938_1_1_1	4000720.0	4000720.0	0.0	strict	51938_1_1_1	144.0	5.0	0.0	0.79
51943_1_1_1	51943_1_1_1	51943_1_1_1	4001211.0	4001211.0	0.0	strict	51943_1_1_1	173.0	7.0	0.0	1.02
51957_1_1_1	51957_1_1_1	51957_1_1_1	4001104.0	4001104.0	0.0	strict	51957_1_1_1	276.0	4.0	0.0	0.0
51960_1_1_1	51960_1_1_1	51960_1_1_1	4001764.0	4001764.0	0.0	strict	51960_1_1_1	252.0	7.0	0.0	1.26
51973_1_1_1	51973_1_1_1	51973_1_1_1	4000800.0	4000800.0	0.0	strict	51973_1_1_1	200.0	4.0	0.0	1.05
51994_1_1_1	51994_1_1_1	51994_1_1_1	4000973.0	4000973.0	0.0	strict	51994_1_1_1	139.0	7.0	0.0	1.13
52017_1_1_1	25616_1_1_1	25616_1_1_1	4000470.0	4000470.0	0.0	strict	25616_1_1_1	94.0	5.0	0.0	0.91
52017_1_1_1	25623_1_1_1	25616_1_1_1	4000455.0	4000470.0	15.0	strict	25623_1_1_1	91.0	5.0	0.0	0.83
52017_1_1_1	52017_1_1_1	25616_1_1_1	4000430.0	4000470.0	40.0	strict	52017_1_1_1	86.0	5.0	0.0	1.45
52017_1_1_1	52018_2_2_1	25616_1_1_1	4000400.0	4000470.0	70.0	strict	52018_2_2_1	80.0	5.0	0.0	1.45
52022_1_1_1	52022_1_1_1	52022_1_1_1	4000553.0	4000553.0	0.0	strict	52022_1_1_1	79.0	7.0	0.0	0.89
52025_1_1_1	52025_1_1_1	52025_1_1_1	4000385.0	4000385.0	0.0	strict	52025_1_1_1	77.0	5.0	0.0	1.2
52075_1_1_1	52075_1_1_1	52075_1_1_1	4000364.0	4000364.0	0.0	strict	52075_1_1_1	52.0	7.0	0.0	1.22
52143_1_1_1	52143_1_1_1	52143_1_1_1	4001245.0	4001245.0	0.0	strict	52143_1_1_1	249.0	5.0	0.0	0.99
52144_1_1_1	15684_1_1_1	15684_1_1_1	4001246.0	4001246.0	0.0	strict	15684_1_1_1	178.0	7.0	0.0	1.49
52144_1_1_1	52144_1_1_1	15684_1_1_1	4000600.0	4001246.0	646.0	strict	52144_1_1_1	150.0	4.0	0.0	0.8
52146_1_1_1	52146_1_1_1	52146_1_1_1	4000560.0	4000560.0	0.0	strict	52146_1_1_1	112.0	5.0	0.0	1.04
52147_1_1_1	52147_1_1_1	52147_1_1_1	4000609.0	4000609.0	0.0	strict	52147_1_1_1	87.0	7.0	0.0	2.54
52151_1_1_1	52151_1_1_1	52151_1_1_1	4000665.0	4000665.0	0.0	strict	52151_1_1_1	95.0	7.0	0.0	1.6
52170_1_1_1	52170_1_1_1	52170_1_1_1	4000266.0	4000266.0	0.0	strict	52170_1_1_1	38.0	7.0	0.0	0.59
52187_1_1_1	52187_1_1_1	52187_1_1_1	4000882.0	4000882.0	0.0	strict	52187_1_1_1	126.0	7.0	0.0	0.64
52271_1_1_1	52271_1_1_1	52271_1_1_1	4001827.0	4001827.0	0.0	strict	52271_1_1_1	261.0	7.0	0.0	0.21
52303_1_1_1	52303_1_1_1	52303_1_1_1	4000989.043089381	4000989.043089381	0.0	strict	52303_1_1_1	198.0	5.0	0.9569106189	0.21
52354_1_1_1	52354_1_1_1	52354_1_1_1	4000380.0	4000380.0	0.0	strict	52354_1_1_1	76.0	5.0	0.0	1.04
52359_1_1_1	52359_1_1_1	52359_1_1_1	4000340.0	4000340.0	0.0	strict	52359_1_1_1	85.0	4.0	0.0	2.58
52372_1_1_1	52372_1_1_1	52372_1_1_1	4000462.0	4000462.0	0.0	strict	52372_1_1_1	77.0	6.0	0.0	0.9
52392_1_1_1	27895_1_1_1	27895_1_1_1	4000624.0	4000624.0	0.0	strict	27895_1_1_1	104.0	6.0	0.0	0.36
52392_1_1_1	52392_1_1_1	27895_1_1_1	4000606.0	4000624.0	18.0	strict	52392_1_1_1	101.0	6.0	0.0	1.22
52417_1_1_1	52417_1_1_1	52417_1_1_1	4000742.0	4000742.0	0.0	strict	52417_1_1_1	106.0	7.0	0.0	3.71
52442_1_1_1	52442_1_1_1	52442_1_1_1	4000931.0	4000931.0	0.0	strict	52442_1_1_1	133.0	7.0	0.0	0.51
52459_1_1_1	52459_1_1_1	52459_1_1_1	4000131.730348944	4000131.730348944	0.0	strict	52459_1_1_1	19.0	7.0	1.2696510563	0.0
52498_1_1_1	52498_1_1_1	52498_1_1_1	4001757.0	4001757.0	0.0	strict	52498_1_1_1	251.0	7.0	0.0	0.62
52501_1_1_1	34457_1_1_1	34457_1_1_1	4001270.0	4001270.0	0.0	strict	34457_1_1_1	254.0	5.0	0.0	2.47
52501_1_1_1	52501_1_1_1	34457_1_1_1	4001086.38341449	4001270.0	183.61658550985157	strict	52501_1_1_1	272.0	4.0	1.6165855097	0.0
52501_1_1_1	30065_1_1_1	34457_1_1_1	4001056.0	4001270.0	214.0	strict	30065_1_1_1	264.0	4.0	0.0	0.0
52501_1_1_1	27128_1_1_1	34457_1_1_1	4001036.0	4001270.0	234.0	strict	27128_1_1_1	259.0	4.0	0.0	2.22
52542_1_1_1	52542_1_1_1	52542_1_1_1	4001150.0	4001150.0	0.0	strict	52542_1_1_1	230.0	5.0	0.0	0.81
52544_1_1_1	52544_1_1_1	52544_1_1_1	4000925.0	4000925.0	0.0	strict	52544_1_1_1	185.0	5.0	0.0	1.0
52545_1_1_1	52545_1_1_1	52545_1_1_1	4000266.0	4000266.0	0.0	strict	52545_1_1_1	38.0	7.0	0.0	0.92
52556_1_1_1	52556_1_1_1	52556_1_1_1	4001260.0	4001260.0	0.0	strict	52556_1_1_1	252.0	5.0	0.0	3.06
52585_1_1_1	52585_1_1_1	52585_1_1_1	4000096.0	4000096.0	0.0	strict	52585_1_1_1	24.0	4.0	0.0	0.0
52601_1_1_1	52601_1_1_1	52601_1_1_1	4000480.0	4000480.0	0.0	strict	52601_1_1_1	120.0	4.0	0.0	0.66
52612_1_1_1	52612_1_1_1	52612_1_1_1	4001225.0	4001225.0	0.0	strict	52612_1_1_1	245.0	5.0	0.0	0.96
52618_1_1_1	52133_1_1_1	52133_1_1_1	4000539.0	4000539.0	0.0	strict	52133_1_1_1	77.0	7.0	0.0	1.24
52618_1_1_1	52618_1_1_1	52133_1_1_1	4000518.0	4000539.0	21.0	strict	52618_1_1_1	74.0	7.0	0.0	0.36
52640_1_1_1	52640_1_1_1	52640_1_1_1	4000854.0	4000854.0	0.0	strict	52640_1_1_1	122.0	7.0	0.0	1.69
52726_1_1_1	52726_1_1_1	52726_1_1_1	4000560.0	4000560.0	0.0	strict	52726_1_1_1	80.0	7.0	0.0	0.57
52730_1_1_1	52730_1_1_1	52730_1_1_1	4000620.0	4000620.0	0.0	strict	52730_1_1_1	155.0	4.0	0.0	1.14
52768_1_1_1	52768_1_1_1	52768_1_1_1	4000315.0	4000315.0	0.0	strict	52768_1_1_1	45.0	7.0	0.0	2.74
52871_1_1_1	52871_1_1_1	52871_1_1_1	4000567.0	4000567.0	0.0	strict	52871_1_1_1	81.0	7.0	0.0	0.68
52872_1_1_1	18179_1_1_1	18179_1_1_1	4000819.0	4000819.0	0.0	strict	18179_1_1_1	117.0	7.0	0.0	0.5
52872_1_1_1	18178_1_1_1	18179_1_1_1	4000670.0	4000819.0	149.0	strict	18178_1_1_1	134.0	5.0	0.0	0.67
52872_1_1_1	52872_1_1_1	18179_1_1_1	4000640.0	4000819.0	179.0	strict	52872_1_1_1	128.0	5.0	0.0	2.81
53022_1_1_1	30532_1_1_1	30532_1_1_1	4000399.0	4000399.0	0.0	strict	30532_1_1_1	57.0	7.0	0.0	1.52
53022_1_1_1	25910_1_1_1	30532_1_1_1	4000385.0	4000399.0	14.0	strict	25910_1_1_1	55.0	7.0	0.0	2.68
53022_1_1_1	15408_1_1_1	30532_1_1_1	4000385.0	4000399.0	14.0	strict	15408_1_1_1	55.0	7.0	0.0	1.88
53022_1_1_1	27031_1_1_1	30532_1_1_1	4000385.0	4000399.0	14.0	strict	27031_1_1_1	55.0	7.0	0.0	1.48
53022_1_1_1	27032_1_1_1	30532_1_1_1	4000385.0	4000399.0	14.0	strict	27032_1_1_1	55.0	7.0	0.0	1.0
53022_1_1_1	27343_1_1_1	30532_1_1_1	4000385.0	4000399.0	14.0	strict	27343_1_1_1	55.0	7.0	0.0	1.96
53022_1_1_1	30222_1_1_1	30532_1_1_1	4000378.0	4000399.0	21.0	strict	30222_1_1_1	54.0	7.0	0.0	1.38
53022_1_1_1	30221_1_1_1	30532_1_1_1	4000378.0	4000399.0	21.0	strict	30221_1_1_1	54.0	7.0	0.0	1.04
53022_1_1_1	30220_1_1_1	30532_1_1_1	4000378.0	4000399.0	21.0	strict	30220_1_1_1	54.0	7.0	0.0	1.66
53022_1_1_1	27030_1_1_1	30532_1_1_1	4000364.0	4000399.0	35.0	strict	27030_1_1_1	52.0	7.0	0.0	1.32
53022_1_1_1	18531_1_1_1	30532_1_1_1	4000324.0	4000399.0	75.0	strict	18531_1_1_1	54.0	6.0	0.0	1.53
53022_1_1_1	50910_1_1_1	30532_1_1_1	4000324.0	4000399.0	75.0	strict	50910_1_1_1	54.0	6.0	0.0	0.97
53022_1_1_1	53022_1_1_1	30532_1_1_1	4000305.0	4000399.0	94.0	strict	53022_1_1_1	61.0	5.0	0.0	1.64
53022_1_1_1	53011_1_1_1	30532_1_1_1	4000305.0	4000399.0	94.0	strict	53011_1_1_1	61.0	5.0	0.0	2.6
53022_1_1_1	26632_1_1_1	30532_1_1_1	4000285.0	4000399.0	114.0	strict	26632_1_1_1	57.0	5.0	0.0	1.61
53022_1_1_1	26630_1_1_1	30532_1_1_1	4000280.0	4000399.0	119.0	strict	26630_1_1_1	56.0	5.0	0.0	1.63
53022_1_1_1	50909_1_1_1	30532_1_1_1	4000265.0	4000399.0	134.0	strict	50909_1_1_1	53.0	5.0	0.0	1.91
53124_1_1_1	53124_1_1_1	53124_1_1_1	4000775.0	4000775.0	0.0	strict	53124_1_1_1	155.0	5.0	0.0	2.89
53204_1_1_1	53204_1_1_1	53204_1_1_1	4000505.0	4000505.0	0.0	strict	53204_1_1_1	101.0	5.0	0.0	2.84
53287_1_1_1	53287_1_1_1	53287_1_1_1	4000910.0	4000910.0	0.0	strict	53287_1_1_1	130.0	7.0	0.0	3.37
53306_1_1_1	53304_1_1_1	53304_1_1_1	4000861.0	4000861.0	0.0	strict	53304_1_1_1	123.0	7.0	0.0	2.13
53306_1_1_1	53306_1_1_1	53304_1_1_1	4000605.0	4000861.0	256.0	strict	53306_1_1_1	121.0	5.0	0.0	2.21
