dataset_a,dataset_b,comparison_level,match_mode,min_identity,min_coverage,n_proteins_overlap,n_residues_compared,annotation_type_a,annotation_type_b,metric,value,threshold_used,notes
trizod,chezod,exact,sequence,,,1,138,continuous,continuous,spearman,0.481978,0.5,CheZOD labels negated following existing project convention
trizod,chezod,exact,sequence,,,1,138,continuous,continuous,pearson,0.518136,0.5,CheZOD labels negated following existing project convention
trizod,chezod,exact,sequence,,,1,138,continuous,continuous,mae,1.759833,0.5,CheZOD labels negated following existing project convention
trizod,chezod,exact,sequence,,,1,138,continuous,continuous,rmse,2.086588,0.5,CheZOD labels negated following existing project convention
trizod,chezod,mmseqs_100,mmseqs,100.0,0.8,1,138,continuous,continuous,spearman,0.481978,0.5,CheZOD labels negated following existing project convention; MMseqs local alignment; only aligned residue pairs without gaps and with valid labels compared
trizod,chezod,mmseqs_100,mmseqs,100.0,0.8,1,138,continuous,continuous,pearson,0.518136,0.5,CheZOD labels negated following existing project convention; MMseqs local alignment; only aligned residue pairs without gaps and with valid labels compared
trizod,chezod,mmseqs_100,mmseqs,100.0,0.8,1,138,continuous,continuous,mae,1.759833,0.5,CheZOD labels negated following existing project convention; MMseqs local alignment; only aligned residue pairs without gaps and with valid labels compared
trizod,chezod,mmseqs_100,mmseqs,100.0,0.8,1,138,continuous,continuous,rmse,2.086588,0.5,CheZOD labels negated following existing project convention; MMseqs local alignment; only aligned residue pairs without gaps and with valid labels compared
trizod,chezod,mmseqs_98,mmseqs,98.0,0.8,2,348,continuous,continuous,spearman,0.940091,0.5,CheZOD labels negated following existing project convention; MMseqs local alignment; only aligned residue pairs without gaps and with valid labels compared
trizod,chezod,mmseqs_98,mmseqs,98.0,0.8,2,348,continuous,continuous,pearson,0.961757,0.5,CheZOD labels negated following existing project convention; MMseqs local alignment; only aligned residue pairs without gaps and with valid labels compared
trizod,chezod,mmseqs_98,mmseqs,98.0,0.8,2,348,continuous,continuous,mae,7.644764,0.5,CheZOD labels negated following existing project convention; MMseqs local alignment; only aligned residue pairs without gaps and with valid labels compared
trizod,chezod,mmseqs_98,mmseqs,98.0,0.8,2,348,continuous,continuous,rmse,9.230812,0.5,CheZOD labels negated following existing project convention; MMseqs local alignment; only aligned residue pairs without gaps and with valid labels compared
trizod,chezod,mmseqs_95,mmseqs,95.0,0.8,2,348,continuous,continuous,spearman,0.940091,0.5,CheZOD labels negated following existing project convention; MMseqs local alignment; only aligned residue pairs without gaps and with valid labels compared
trizod,chezod,mmseqs_95,mmseqs,95.0,0.8,2,348,continuous,continuous,pearson,0.961757,0.5,CheZOD labels negated following existing project convention; MMseqs local alignment; only aligned residue pairs without gaps and with valid labels compared
trizod,chezod,mmseqs_95,mmseqs,95.0,0.8,2,348,continuous,continuous,mae,7.644764,0.5,CheZOD labels negated following existing project convention; MMseqs local alignment; only aligned residue pairs without gaps and with valid labels compared
trizod,chezod,mmseqs_95,mmseqs,95.0,0.8,2,348,continuous,continuous,rmse,9.230812,0.5,CheZOD labels negated following existing project convention; MMseqs local alignment; only aligned residue pairs without gaps and with valid labels compared
trizod,chezod,mmseqs_90,mmseqs,90.0,0.8,2,348,continuous,continuous,spearman,0.940091,0.5,CheZOD labels negated following existing project convention; MMseqs local alignment; only aligned residue pairs without gaps and with valid labels compared
trizod,chezod,mmseqs_90,mmseqs,90.0,0.8,2,348,continuous,continuous,pearson,0.961757,0.5,CheZOD labels negated following existing project convention; MMseqs local alignment; only aligned residue pairs without gaps and with valid labels compared
trizod,chezod,mmseqs_90,mmseqs,90.0,0.8,2,348,continuous,continuous,mae,7.644764,0.5,CheZOD labels negated following existing project convention; MMseqs local alignment; only aligned residue pairs without gaps and with valid labels compared
trizod,chezod,mmseqs_90,mmseqs,90.0,0.8,2,348,continuous,continuous,rmse,9.230812,0.5,CheZOD labels negated following existing project convention; MMseqs local alignment; only aligned residue pairs without gaps and with valid labels compared
trizod,chezod,mmseqs_85,mmseqs,85.0,0.8,2,348,continuous,continuous,spearman,0.940091,0.5,CheZOD labels negated following existing project convention; MMseqs local alignment; only aligned residue pairs without gaps and with valid labels compared
trizod,chezod,mmseqs_85,mmseqs,85.0,0.8,2,348,continuous,continuous,pearson,0.961757,0.5,CheZOD labels negated following existing project convention; MMseqs local alignment; only aligned residue pairs without gaps and with valid labels compared
trizod,chezod,mmseqs_85,mmseqs,85.0,0.8,2,348,continuous,continuous,mae,7.644764,0.5,CheZOD labels negated following existing project convention; MMseqs local alignment; only aligned residue pairs without gaps and with valid labels compared
trizod,chezod,mmseqs_85,mmseqs,85.0,0.8,2,348,continuous,continuous,rmse,9.230812,0.5,CheZOD labels negated following existing project convention; MMseqs local alignment; only aligned residue pairs without gaps and with valid labels compared
trizod,chezod,mmseqs_80,mmseqs,80.0,0.8,2,348,continuous,continuous,spearman,0.940091,0.5,CheZOD labels negated following existing project convention; MMseqs local alignment; only aligned residue pairs without gaps and with valid labels compared
trizod,chezod,mmseqs_80,mmseqs,80.0,0.8,2,348,continuous,continuous,pearson,0.961757,0.5,CheZOD labels negated following existing project convention; MMseqs local alignment; only aligned residue pairs without gaps and with valid labels compared
trizod,chezod,mmseqs_80,mmseqs,80.0,0.8,2,348,continuous,continuous,mae,7.644764,0.5,CheZOD labels negated following existing project convention; MMseqs local alignment; only aligned residue pairs without gaps and with valid labels compared
trizod,chezod,mmseqs_80,mmseqs,80.0,0.8,2,348,continuous,continuous,rmse,9.230812,0.5,CheZOD labels negated following existing project convention; MMseqs local alignment; only aligned residue pairs without gaps and with valid labels compared
trizod,softdis,exact,sequence,,,6,563,continuous,continuous,spearman,0.481151,0.5,
trizod,softdis,exact,sequence,,,6,563,continuous,continuous,pearson,0.653303,0.5,
trizod,softdis,exact,sequence,,,6,563,continuous,continuous,mae,0.186306,0.5,
trizod,softdis,exact,sequence,,,6,563,continuous,continuous,rmse,0.288937,0.5,
trizod,softdis,mmseqs_100,mmseqs,100.0,0.8,25,2488,continuous,continuous,spearman,0.332754,0.5,MMseqs local alignment; only aligned residue pairs without gaps and with valid labels compared
trizod,softdis,mmseqs_100,mmseqs,100.0,0.8,25,2488,continuous,continuous,pearson,0.462587,0.5,MMseqs local alignment; only aligned residue pairs without gaps and with valid labels compared
trizod,softdis,mmseqs_100,mmseqs,100.0,0.8,25,2488,continuous,continuous,mae,0.162214,0.5,MMseqs local alignment; only aligned residue pairs without gaps and with valid labels compared
trizod,softdis,mmseqs_100,mmseqs,100.0,0.8,25,2488,continuous,continuous,rmse,0.259628,0.5,MMseqs local alignment; only aligned residue pairs without gaps and with valid labels compared
trizod,softdis,mmseqs_98,mmseqs,98.0,0.8,39,4740,continuous,continuous,spearman,0.308605,0.5,MMseqs local alignment; only aligned residue pairs without gaps and with valid labels compared
trizod,softdis,mmseqs_98,mmseqs,98.0,0.8,39,4740,continuous,continuous,pearson,0.451037,0.5,MMseqs local alignment; only aligned residue pairs without gaps and with valid labels compared
trizod,softdis,mmseqs_98,mmseqs,98.0,0.8,39,4740,continuous,continuous,mae,0.156766,0.5,MMseqs local alignment; only aligned residue pairs without gaps and with valid labels compared
trizod,softdis,mmseqs_98,mmseqs,98.0,0.8,39,4740,continuous,continuous,rmse,0.250007,0.5,MMseqs local alignment; only aligned residue pairs without gaps and with valid labels compared
trizod,softdis,mmseqs_95,mmseqs,95.0,0.8,44,5241,continuous,continuous,spearman,0.315630,0.5,MMseqs local alignment; only aligned residue pairs without gaps and with valid labels compared
trizod,softdis,mmseqs_95,mmseqs,95.0,0.8,44,5241,continuous,continuous,pearson,0.449215,0.5,MMseqs local alignment; only aligned residue pairs without gaps and with valid labels compared
trizod,softdis,mmseqs_95,mmseqs,95.0,0.8,44,5241,continuous,continuous,mae,0.155441,0.5,MMseqs local alignment; only aligned residue pairs without gaps and with valid labels compared
trizod,softdis,mmseqs_95,mmseqs,95.0,0.8,44,5241,continuous,continuous,rmse,0.248370,0.5,MMseqs local alignment; only aligned residue pairs without gaps and with valid labels compared
trizod,softdis,mmseqs_90,mmseqs,90.0,0.8,45,5302,continuous,continuous,spearman,0.315195,0.5,MMseqs local alignment; only aligned residue pairs without gaps and with valid labels compared
trizod,softdis,mmseqs_90,mmseqs,90.0,0.8,45,5302,continuous,continuous,pearson,0.455664,0.5,MMseqs local alignment; only aligned residue pairs without gaps and with valid labels compared
trizod,softdis,mmseqs_90,mmseqs,90.0,0.8,45,5302,continuous,continuous,mae,0.155339,0.5,MMseqs local alignment; only aligned residue pairs without gaps and with valid labels compared
trizod,softdis,mmseqs_90,mmseqs,90.0,0.8,45,5302,continuous,continuous,rmse,0.248235,0.5,MMseqs local alignment; only aligned residue pairs without gaps and with valid labels compared
trizod,softdis,mmseqs_85,mmseqs,85.0,0.8,50,5793,continuous,continuous,spearman,0.312108,0.5,MMseqs local alignment; only aligned residue pairs without gaps and with valid labels compared
trizod,softdis,mmseqs_85,mmseqs,85.0,0.8,50,5793,continuous,continuous,pearson,0.453461,0.5,MMseqs local alignment; only aligned residue pairs without gaps and with valid labels compared
trizod,softdis,mmseqs_85,mmseqs,85.0,0.8,50,5793,continuous,continuous,mae,0.155540,0.5,MMseqs local alignment; only aligned residue pairs without gaps and with valid labels compared
trizod,softdis,mmseqs_85,mmseqs,85.0,0.8,50,5793,continuous,continuous,rmse,0.248469,0.5,MMseqs local alignment; only aligned residue pairs without gaps and with valid labels compared
trizod,softdis,mmseqs_80,mmseqs,80.0,0.8,51,5847,continuous,continuous,spearman,0.308778,0.5,MMseqs local alignment; only aligned residue pairs without gaps and with valid labels compared
trizod,softdis,mmseqs_80,mmseqs,80.0,0.8,51,5847,continuous,continuous,pearson,0.452943,0.5,MMseqs local alignment; only aligned residue pairs without gaps and with valid labels compared
trizod,softdis,mmseqs_80,mmseqs,80.0,0.8,51,5847,continuous,continuous,mae,0.155041,0.5,MMseqs local alignment; only aligned residue pairs without gaps and with valid labels compared
trizod,softdis,mmseqs_80,mmseqs,80.0,0.8,51,5847,continuous,continuous,rmse,0.247657,0.5,MMseqs local alignment; only aligned residue pairs without gaps and with valid labels compared
trizod,pdbflex,exact,sequence,,,4,525,continuous,continuous,spearman,0.174514,0.5,
trizod,pdbflex,exact,sequence,,,4,525,continuous,continuous,pearson,0.215995,0.5,
trizod,pdbflex,exact,sequence,,,4,525,continuous,continuous,mae,0.263474,0.5,
trizod,pdbflex,exact,sequence,,,4,525,continuous,continuous,rmse,0.781212,0.5,
trizod,pdbflex,mmseqs_100,mmseqs,100.0,0.8,24,2578,continuous,continuous,spearman,0.147154,0.5,MMseqs local alignment; only aligned residue pairs without gaps and with valid labels compared
trizod,pdbflex,mmseqs_100,mmseqs,100.0,0.8,24,2578,continuous,continuous,pearson,0.147605,0.5,MMseqs local alignment; only aligned residue pairs without gaps and with valid labels compared
trizod,pdbflex,mmseqs_100,mmseqs,100.0,0.8,24,2578,continuous,continuous,mae,0.269604,0.5,MMseqs local alignment; only aligned residue pairs without gaps and with valid labels compared
trizod,pdbflex,mmseqs_100,mmseqs,100.0,0.8,24,2578,continuous,continuous,rmse,0.850228,0.5,MMseqs local alignment; only aligned residue pairs without gaps and with valid labels compared
trizod,pdbflex,mmseqs_98,mmseqs,98.0,0.8,38,4629,continuous,continuous,spearman,0.142040,0.5,MMseqs local alignment; only aligned residue pairs without gaps and with valid labels compared
trizod,pdbflex,mmseqs_98,mmseqs,98.0,0.8,38,4629,continuous,continuous,pearson,0.077192,0.5,MMseqs local alignment; only aligned residue pairs without gaps and with valid labels compared
trizod,pdbflex,mmseqs_98,mmseqs,98.0,0.8,38,4629,continuous,continuous,mae,0.300971,0.5,MMseqs local alignment; only aligned residue pairs without gaps and with valid labels compared
trizod,pdbflex,mmseqs_98,mmseqs,98.0,0.8,38,4629,continuous,continuous,rmse,1.202487,0.5,MMseqs local alignment; only aligned residue pairs without gaps and with valid labels compared
trizod,pdbflex,mmseqs_95,mmseqs,95.0,0.8,40,4816,continuous,continuous,spearman,0.146682,0.5,MMseqs local alignment; only aligned residue pairs without gaps and with valid labels compared
trizod,pdbflex,mmseqs_95,mmseqs,95.0,0.8,40,4816,continuous,continuous,pearson,0.079621,0.5,MMseqs local alignment; only aligned residue pairs without gaps and with valid labels compared
trizod,pdbflex,mmseqs_95,mmseqs,95.0,0.8,40,4816,continuous,continuous,mae,0.295376,0.5,MMseqs local alignment; only aligned residue pairs without gaps and with valid labels compared
trizod,pdbflex,mmseqs_95,mmseqs,95.0,0.8,40,4816,continuous,continuous,rmse,1.181237,0.5,MMseqs local alignment; only aligned residue pairs without gaps and with valid labels compared
trizod,pdbflex,mmseqs_90,mmseqs,90.0,0.8,43,5096,continuous,continuous,spearman,0.144694,0.5,MMseqs local alignment; only aligned residue pairs without gaps and with valid labels compared
trizod,pdbflex,mmseqs_90,mmseqs,90.0,0.8,43,5096,continuous,continuous,pearson,0.072872,0.5,MMseqs local alignment; only aligned residue pairs without gaps and with valid labels compared
trizod,pdbflex,mmseqs_90,mmseqs,90.0,0.8,43,5096,continuous,continuous,mae,0.303821,0.5,MMseqs local alignment; only aligned residue pairs without gaps and with valid labels compared
trizod,pdbflex,mmseqs_90,mmseqs,90.0,0.8,43,5096,continuous,continuous,rmse,1.189430,0.5,MMseqs local alignment; only aligned residue pairs without gaps and with valid labels compared
trizod,pdbflex,mmseqs_85,mmseqs,85.0,0.8,46,5395,continuous,continuous,spearman,0.143018,0.5,MMseqs local alignment; only aligned residue pairs without gaps and with valid labels compared
trizod,pdbflex,mmseqs_85,mmseqs,85.0,0.8,46,5395,continuous,continuous,pearson,0.085700,0.5,MMseqs local alignment; only aligned residue pairs without gaps and with valid labels compared
trizod,pdbflex,mmseqs_85,mmseqs,85.0,0.8,46,5395,continuous,continuous,mae,0.306991,0.5,MMseqs local alignment; only aligned residue pairs without gaps and with valid labels compared
trizod,pdbflex,mmseqs_85,mmseqs,85.0,0.8,46,5395,continuous,continuous,rmse,1.192564,0.5,MMseqs local alignment; only aligned residue pairs without gaps and with valid labels compared
trizod,pdbflex,mmseqs_80,mmseqs,80.0,0.8,47,5502,continuous,continuous,spearman,0.142931,0.5,MMseqs local alignment; only aligned residue pairs without gaps and with valid labels compared
trizod,pdbflex,mmseqs_80,mmseqs,80.0,0.8,47,5502,continuous,continuous,pearson,0.086013,0.5,MMseqs local alignment; only aligned residue pairs without gaps and with valid labels compared
trizod,pdbflex,mmseqs_80,mmseqs,80.0,0.8,47,5502,continuous,continuous,mae,0.301983,0.5,MMseqs local alignment; only aligned residue pairs without gaps and with valid labels compared
trizod,pdbflex,mmseqs_80,mmseqs,80.0,0.8,47,5502,continuous,continuous,rmse,1.180950,0.5,MMseqs local alignment; only aligned residue pairs without gaps and with valid labels compared
trizod,atlas,exact,none,,,0,0,continuous,continuous,no_overlap,,0.5,no exact ID or exact sequence overlap with enough comparable residues
trizod,atlas,mmseqs_100,mmseqs,100.0,0.8,5,533,continuous,continuous,spearman,0.288167,0.5,MMseqs local alignment; only aligned residue pairs without gaps and with valid labels compared
trizod,atlas,mmseqs_100,mmseqs,100.0,0.8,5,533,continuous,continuous,pearson,0.457775,0.5,MMseqs local alignment; only aligned residue pairs without gaps and with valid labels compared
trizod,atlas,mmseqs_100,mmseqs,100.0,0.8,5,533,continuous,continuous,mae,0.448240,0.5,MMseqs local alignment; only aligned residue pairs without gaps and with valid labels compared
trizod,atlas,mmseqs_100,mmseqs,100.0,0.8,5,533,continuous,continuous,rmse,0.495997,0.5,MMseqs local alignment; only aligned residue pairs without gaps and with valid labels compared
trizod,atlas,mmseqs_98,mmseqs,98.0,0.8,7,1106,continuous,continuous,spearman,0.143728,0.5,MMseqs local alignment; only aligned residue pairs without gaps and with valid labels compared
trizod,atlas,mmseqs_98,mmseqs,98.0,0.8,7,1106,continuous,continuous,pearson,0.383449,0.5,MMseqs local alignment; only aligned residue pairs without gaps and with valid labels compared
trizod,atlas,mmseqs_98,mmseqs,98.0,0.8,7,1106,continuous,continuous,mae,0.419790,0.5,MMseqs local alignment; only aligned residue pairs without gaps and with valid labels compared
trizod,atlas,mmseqs_98,mmseqs,98.0,0.8,7,1106,continuous,continuous,rmse,0.471791,0.5,MMseqs local alignment; only aligned residue pairs without gaps and with valid labels compared
trizod,atlas,mmseqs_95,mmseqs,95.0,0.8,7,1106,continuous,continuous,spearman,0.143728,0.5,MMseqs local alignment; only aligned residue pairs without gaps and with valid labels compared
trizod,atlas,mmseqs_95,mmseqs,95.0,0.8,7,1106,continuous,continuous,pearson,0.383449,0.5,MMseqs local alignment; only aligned residue pairs without gaps and with valid labels compared
trizod,atlas,mmseqs_95,mmseqs,95.0,0.8,7,1106,continuous,continuous,mae,0.419790,0.5,MMseqs local alignment; only aligned residue pairs without gaps and with valid labels compared
trizod,atlas,mmseqs_95,mmseqs,95.0,0.8,7,1106,continuous,continuous,rmse,0.471791,0.5,MMseqs local alignment; only aligned residue pairs without gaps and with valid labels compared
trizod,atlas,mmseqs_90,mmseqs,90.0,0.8,8,1232,continuous,continuous,spearman,0.173232,0.5,MMseqs local alignment; only aligned residue pairs without gaps and with valid labels compared
trizod,atlas,mmseqs_90,mmseqs,90.0,0.8,8,1232,continuous,continuous,pearson,0.421801,0.5,MMseqs local alignment; only aligned residue pairs without gaps and with valid labels compared
trizod,atlas,mmseqs_90,mmseqs,90.0,0.8,8,1232,continuous,continuous,mae,0.420597,0.5,MMseqs local alignment; only aligned residue pairs without gaps and with valid labels compared
trizod,atlas,mmseqs_90,mmseqs,90.0,0.8,8,1232,continuous,continuous,rmse,0.471996,0.5,MMseqs local alignment; only aligned residue pairs without gaps and with valid labels compared
trizod,atlas,mmseqs_85,mmseqs,85.0,0.8,9,1308,continuous,continuous,spearman,0.175862,0.5,MMseqs local alignment; only aligned residue pairs without gaps and with valid labels compared
trizod,atlas,mmseqs_85,mmseqs,85.0,0.8,9,1308,continuous,continuous,pearson,0.421738,0.5,MMseqs local alignment; only aligned residue pairs without gaps and with valid labels compared
trizod,atlas,mmseqs_85,mmseqs,85.0,0.8,9,1308,continuous,continuous,mae,0.419349,0.5,MMseqs local alignment; only aligned residue pairs without gaps and with valid labels compared
trizod,atlas,mmseqs_85,mmseqs,85.0,0.8,9,1308,continuous,continuous,rmse,0.468416,0.5,MMseqs local alignment; only aligned residue pairs without gaps and with valid labels compared
trizod,atlas,mmseqs_80,mmseqs,80.0,0.8,9,1308,continuous,continuous,spearman,0.175862,0.5,MMseqs local alignment; only aligned residue pairs without gaps and with valid labels compared
trizod,atlas,mmseqs_80,mmseqs,80.0,0.8,9,1308,continuous,continuous,pearson,0.421738,0.5,MMseqs local alignment; only aligned residue pairs without gaps and with valid labels compared
trizod,atlas,mmseqs_80,mmseqs,80.0,0.8,9,1308,continuous,continuous,mae,0.419349,0.5,MMseqs local alignment; only aligned residue pairs without gaps and with valid labels compared
trizod,atlas,mmseqs_80,mmseqs,80.0,0.8,9,1308,continuous,continuous,rmse,0.468416,0.5,MMseqs local alignment; only aligned residue pairs without gaps and with valid labels compared
trizod,plddt,exact,sequence,,,2,283,continuous,continuous,spearman,0.504646,0.5,pLDDT converted to disorder score as 1 - pLDDT / 100
trizod,plddt,exact,sequence,,,2,283,continuous,continuous,pearson,0.379056,0.5,pLDDT converted to disorder score as 1 - pLDDT / 100
trizod,plddt,exact,sequence,,,2,283,continuous,continuous,mae,0.319844,0.5,pLDDT converted to disorder score as 1 - pLDDT / 100
trizod,plddt,exact,sequence,,,2,283,continuous,continuous,rmse,0.446339,0.5,pLDDT converted to disorder score as 1 - pLDDT / 100
trizod,plddt,mmseqs_100,mmseqs,100.0,0.8,3,378,continuous,continuous,spearman,0.495451,0.5,pLDDT converted to disorder score as 1 - pLDDT / 100; MMseqs local alignment; only aligned residue pairs without gaps and with valid labels compared
trizod,plddt,mmseqs_100,mmseqs,100.0,0.8,3,378,continuous,continuous,pearson,0.420713,0.5,pLDDT converted to disorder score as 1 - pLDDT / 100; MMseqs local alignment; only aligned residue pairs without gaps and with valid labels compared
trizod,plddt,mmseqs_100,mmseqs,100.0,0.8,3,378,continuous,continuous,mae,0.288823,0.5,pLDDT converted to disorder score as 1 - pLDDT / 100; MMseqs local alignment; only aligned residue pairs without gaps and with valid labels compared
trizod,plddt,mmseqs_100,mmseqs,100.0,0.8,3,378,continuous,continuous,rmse,0.411263,0.5,pLDDT converted to disorder score as 1 - pLDDT / 100; MMseqs local alignment; only aligned residue pairs without gaps and with valid labels compared
trizod,plddt,mmseqs_98,mmseqs,98.0,0.8,8,1091,continuous,continuous,spearman,0.499411,0.5,pLDDT converted to disorder score as 1 - pLDDT / 100; MMseqs local alignment; only aligned residue pairs without gaps and with valid labels compared
trizod,plddt,mmseqs_98,mmseqs,98.0,0.8,8,1091,continuous,continuous,pearson,0.355132,0.5,pLDDT converted to disorder score as 1 - pLDDT / 100; MMseqs local alignment; only aligned residue pairs without gaps and with valid labels compared
trizod,plddt,mmseqs_98,mmseqs,98.0,0.8,8,1091,continuous,continuous,mae,0.160313,0.5,pLDDT converted to disorder score as 1 - pLDDT / 100; MMseqs local alignment; only aligned residue pairs without gaps and with valid labels compared
trizod,plddt,mmseqs_98,mmseqs,98.0,0.8,8,1091,continuous,continuous,rmse,0.269830,0.5,pLDDT converted to disorder score as 1 - pLDDT / 100; MMseqs local alignment; only aligned residue pairs without gaps and with valid labels compared
trizod,plddt,mmseqs_95,mmseqs,95.0,0.8,8,1091,continuous,continuous,spearman,0.499411,0.5,pLDDT converted to disorder score as 1 - pLDDT / 100; MMseqs local alignment; only aligned residue pairs without gaps and with valid labels compared
trizod,plddt,mmseqs_95,mmseqs,95.0,0.8,8,1091,continuous,continuous,pearson,0.355132,0.5,pLDDT converted to disorder score as 1 - pLDDT / 100; MMseqs local alignment; only aligned residue pairs without gaps and with valid labels compared
trizod,plddt,mmseqs_95,mmseqs,95.0,0.8,8,1091,continuous,continuous,mae,0.160313,0.5,pLDDT converted to disorder score as 1 - pLDDT / 100; MMseqs local alignment; only aligned residue pairs without gaps and with valid labels compared
trizod,plddt,mmseqs_95,mmseqs,95.0,0.8,8,1091,continuous,continuous,rmse,0.269830,0.5,pLDDT converted to disorder score as 1 - pLDDT / 100; MMseqs local alignment; only aligned residue pairs without gaps and with valid labels compared
trizod,plddt,mmseqs_90,mmseqs,90.0,0.8,8,1091,continuous,continuous,spearman,0.499411,0.5,pLDDT converted to disorder score as 1 - pLDDT / 100; MMseqs local alignment; only aligned residue pairs without gaps and with valid labels compared
trizod,plddt,mmseqs_90,mmseqs,90.0,0.8,8,1091,continuous,continuous,pearson,0.355132,0.5,pLDDT converted to disorder score as 1 - pLDDT / 100; MMseqs local alignment; only aligned residue pairs without gaps and with valid labels compared
trizod,plddt,mmseqs_90,mmseqs,90.0,0.8,8,1091,continuous,continuous,mae,0.160313,0.5,pLDDT converted to disorder score as 1 - pLDDT / 100; MMseqs local alignment; only aligned residue pairs without gaps and with valid labels compared
trizod,plddt,mmseqs_90,mmseqs,90.0,0.8,8,1091,continuous,continuous,rmse,0.269830,0.5,pLDDT converted to disorder score as 1 - pLDDT / 100; MMseqs local alignment; only aligned residue pairs without gaps and with valid labels compared
trizod,plddt,mmseqs_85,mmseqs,85.0,0.8,8,1091,continuous,continuous,spearman,0.499411,0.5,pLDDT converted to disorder score as 1 - pLDDT / 100; MMseqs local alignment; only aligned residue pairs without gaps and with valid labels compared
trizod,plddt,mmseqs_85,mmseqs,85.0,0.8,8,1091,continuous,continuous,pearson,0.355132,0.5,pLDDT converted to disorder score as 1 - pLDDT / 100; MMseqs local alignment; only aligned residue pairs without gaps and with valid labels compared
trizod,plddt,mmseqs_85,mmseqs,85.0,0.8,8,1091,continuous,continuous,mae,0.160313,0.5,pLDDT converted to disorder score as 1 - pLDDT / 100; MMseqs local alignment; only aligned residue pairs without gaps and with valid labels compared
trizod,plddt,mmseqs_85,mmseqs,85.0,0.8,8,1091,continuous,continuous,rmse,0.269830,0.5,pLDDT converted to disorder score as 1 - pLDDT / 100; MMseqs local alignment; only aligned residue pairs without gaps and with valid labels compared
trizod,plddt,mmseqs_80,mmseqs,80.0,0.8,8,1091,continuous,continuous,spearman,0.499411,0.5,pLDDT converted to disorder score as 1 - pLDDT / 100; MMseqs local alignment; only aligned residue pairs without gaps and with valid labels compared
trizod,plddt,mmseqs_80,mmseqs,80.0,0.8,8,1091,continuous,continuous,pearson,0.355132,0.5,pLDDT converted to disorder score as 1 - pLDDT / 100; MMseqs local alignment; only aligned residue pairs without gaps and with valid labels compared
trizod,plddt,mmseqs_80,mmseqs,80.0,0.8,8,1091,continuous,continuous,mae,0.160313,0.5,pLDDT converted to disorder score as 1 - pLDDT / 100; MMseqs local alignment; only aligned residue pairs without gaps and with valid labels compared
trizod,plddt,mmseqs_80,mmseqs,80.0,0.8,8,1091,continuous,continuous,rmse,0.269830,0.5,pLDDT converted to disorder score as 1 - pLDDT / 100; MMseqs local alignment; only aligned residue pairs without gaps and with valid labels compared
trizod,disprot,exact,none,,,0,0,continuous,binary,no_overlap,,0.5,no exact ID or exact sequence overlap with enough comparable residues
trizod,disprot,mmseqs_100,none,100.0,0.8,0,0,continuous,binary,no_overlap,,0.5,"no MMseqs hit passed identity, coverage, and comparable-residue filters"
trizod,disprot,mmseqs_98,none,98.0,0.8,0,0,continuous,binary,no_overlap,,0.5,"no MMseqs hit passed identity, coverage, and comparable-residue filters"
trizod,disprot,mmseqs_95,none,95.0,0.8,0,0,continuous,binary,no_overlap,,0.5,"no MMseqs hit passed identity, coverage, and comparable-residue filters"
trizod,disprot,mmseqs_90,none,90.0,0.8,0,0,continuous,binary,no_overlap,,0.5,"no MMseqs hit passed identity, coverage, and comparable-residue filters"
trizod,disprot,mmseqs_85,none,85.0,0.8,0,0,continuous,binary,no_overlap,,0.5,"no MMseqs hit passed identity, coverage, and comparable-residue filters"
trizod,disprot,mmseqs_80,none,80.0,0.8,0,0,continuous,binary,no_overlap,,0.5,"no MMseqs hit passed identity, coverage, and comparable-residue filters"
chezod,softdis,exact,sequence,,,1,72,continuous,continuous,spearman,0.332540,0.5,CheZOD labels negated following existing project convention
chezod,softdis,exact,sequence,,,1,72,continuous,continuous,pearson,0.284659,0.5,CheZOD labels negated following existing project convention
chezod,softdis,exact,sequence,,,1,72,continuous,continuous,mae,7.105375,0.5,CheZOD labels negated following existing project convention
chezod,softdis,exact,sequence,,,1,72,continuous,continuous,rmse,7.360978,0.5,CheZOD labels negated following existing project convention
chezod,softdis,mmseqs_100,mmseqs,100.0,0.8,4,276,continuous,continuous,spearman,0.366461,0.5,CheZOD labels negated following existing project convention; MMseqs local alignment; only aligned residue pairs without gaps and with valid labels compared
chezod,softdis,mmseqs_100,mmseqs,100.0,0.8,4,276,continuous,continuous,pearson,0.405844,0.5,CheZOD labels negated following existing project convention; MMseqs local alignment; only aligned residue pairs without gaps and with valid labels compared
chezod,softdis,mmseqs_100,mmseqs,100.0,0.8,4,276,continuous,continuous,mae,5.929943,0.5,CheZOD labels negated following existing project convention; MMseqs local alignment; only aligned residue pairs without gaps and with valid labels compared
chezod,softdis,mmseqs_100,mmseqs,100.0,0.8,4,276,continuous,continuous,rmse,6.686244,0.5,CheZOD labels negated following existing project convention; MMseqs local alignment; only aligned residue pairs without gaps and with valid labels compared
chezod,softdis,mmseqs_98,mmseqs,98.0,0.8,7,704,continuous,continuous,spearman,0.307932,0.5,CheZOD labels negated following existing project convention; MMseqs local alignment; only aligned residue pairs without gaps and with valid labels compared
chezod,softdis,mmseqs_98,mmseqs,98.0,0.8,7,704,continuous,continuous,pearson,0.478595,0.5,CheZOD labels negated following existing project convention; MMseqs local alignment; only aligned residue pairs without gaps and with valid labels compared
chezod,softdis,mmseqs_98,mmseqs,98.0,0.8,7,704,continuous,continuous,mae,8.889774,0.5,CheZOD labels negated following existing project convention; MMseqs local alignment; only aligned residue pairs without gaps and with valid labels compared
chezod,softdis,mmseqs_98,mmseqs,98.0,0.8,7,704,continuous,continuous,rmse,9.630442,0.5,CheZOD labels negated following existing project convention; MMseqs local alignment; only aligned residue pairs without gaps and with valid labels compared
chezod,softdis,mmseqs_95,mmseqs,95.0,0.8,9,881,continuous,continuous,spearman,0.300704,0.5,CheZOD labels negated following existing project convention; MMseqs local alignment; only aligned residue pairs without gaps and with valid labels compared
chezod,softdis,mmseqs_95,mmseqs,95.0,0.8,9,881,continuous,continuous,pearson,0.476939,0.5,CheZOD labels negated following existing project convention; MMseqs local alignment; only aligned residue pairs without gaps and with valid labels compared
chezod,softdis,mmseqs_95,mmseqs,95.0,0.8,9,881,continuous,continuous,mae,9.204522,0.5,CheZOD labels negated following existing project convention; MMseqs local alignment; only aligned residue pairs without gaps and with valid labels compared
chezod,softdis,mmseqs_95,mmseqs,95.0,0.8,9,881,continuous,continuous,rmse,9.848995,0.5,CheZOD labels negated following existing project convention; MMseqs local alignment; only aligned residue pairs without gaps and with valid labels compared
chezod,softdis,mmseqs_90,mmseqs,90.0,0.8,9,881,continuous,continuous,spearman,0.300704,0.5,CheZOD labels negated following existing project convention; MMseqs local alignment; only aligned residue pairs without gaps and with valid labels compared
chezod,softdis,mmseqs_90,mmseqs,90.0,0.8,9,881,continuous,continuous,pearson,0.476939,0.5,CheZOD labels negated following existing project convention; MMseqs local alignment; only aligned residue pairs without gaps and with valid labels compared
chezod,softdis,mmseqs_90,mmseqs,90.0,0.8,9,881,continuous,continuous,mae,9.204522,0.5,CheZOD labels negated following existing project convention; MMseqs local alignment; only aligned residue pairs without gaps and with valid labels compared
chezod,softdis,mmseqs_90,mmseqs,90.0,0.8,9,881,continuous,continuous,rmse,9.848995,0.5,CheZOD labels negated following existing project convention; MMseqs local alignment; only aligned residue pairs without gaps and with valid labels compared
chezod,softdis,mmseqs_85,mmseqs,85.0,0.8,10,1030,continuous,continuous,spearman,0.275515,0.5,CheZOD labels negated following existing project convention; MMseqs local alignment; only aligned residue pairs without gaps and with valid labels compared
chezod,softdis,mmseqs_85,mmseqs,85.0,0.8,10,1030,continuous,continuous,pearson,0.436483,0.5,CheZOD labels negated following existing project convention; MMseqs local alignment; only aligned residue pairs without gaps and with valid labels compared
chezod,softdis,mmseqs_85,mmseqs,85.0,0.8,10,1030,continuous,continuous,mae,8.968299,0.5,CheZOD labels negated following existing project convention; MMseqs local alignment; only aligned residue pairs without gaps and with valid labels compared
chezod,softdis,mmseqs_85,mmseqs,85.0,0.8,10,1030,continuous,continuous,rmse,9.633983,0.5,CheZOD labels negated following existing project convention; MMseqs local alignment; only aligned residue pairs without gaps and with valid labels compared
chezod,softdis,mmseqs_80,mmseqs,80.0,0.8,11,1165,continuous,continuous,spearman,0.301812,0.5,CheZOD labels negated following existing project convention; MMseqs local alignment; only aligned residue pairs without gaps and with valid labels compared
chezod,softdis,mmseqs_80,mmseqs,80.0,0.8,11,1165,continuous,continuous,pearson,0.428989,0.5,CheZOD labels negated following existing project convention; MMseqs local alignment; only aligned residue pairs without gaps and with valid labels compared
chezod,softdis,mmseqs_80,mmseqs,80.0,0.8,11,1165,continuous,continuous,mae,9.252254,0.5,CheZOD labels negated following existing project convention; MMseqs local alignment; only aligned residue pairs without gaps and with valid labels compared
chezod,softdis,mmseqs_80,mmseqs,80.0,0.8,11,1165,continuous,continuous,rmse,9.901450,0.5,CheZOD labels negated following existing project convention; MMseqs local alignment; only aligned residue pairs without gaps and with valid labels compared
chezod,pdbflex,exact,none,,,0,0,continuous,continuous,no_overlap,,0.5,no exact ID or exact sequence overlap with enough comparable residues
chezod,pdbflex,mmseqs_100,mmseqs,100.0,0.8,2,251,continuous,continuous,spearman,-0.056139,0.5,CheZOD labels negated following existing project convention; MMseqs local alignment; only aligned residue pairs without gaps and with valid labels compared
chezod,pdbflex,mmseqs_100,mmseqs,100.0,0.8,2,251,continuous,continuous,pearson,0.188865,0.5,CheZOD labels negated following existing project convention; MMseqs local alignment; only aligned residue pairs without gaps and with valid labels compared
chezod,pdbflex,mmseqs_100,mmseqs,100.0,0.8,2,251,continuous,continuous,mae,9.345187,0.5,CheZOD labels negated following existing project convention; MMseqs local alignment; only aligned residue pairs without gaps and with valid labels compared
chezod,pdbflex,mmseqs_100,mmseqs,100.0,0.8,2,251,continuous,continuous,rmse,10.354223,0.5,CheZOD labels negated following existing project convention; MMseqs local alignment; only aligned residue pairs without gaps and with valid labels compared
chezod,pdbflex,mmseqs_98,mmseqs,98.0,0.8,4,515,continuous,continuous,spearman,0.101654,0.5,CheZOD labels negated following existing project convention; MMseqs local alignment; only aligned residue pairs without gaps and with valid labels compared
chezod,pdbflex,mmseqs_98,mmseqs,98.0,0.8,4,515,continuous,continuous,pearson,0.140876,0.5,CheZOD labels negated following existing project convention; MMseqs local alignment; only aligned residue pairs without gaps and with valid labels compared
chezod,pdbflex,mmseqs_98,mmseqs,98.0,0.8,4,515,continuous,continuous,mae,9.628117,0.5,CheZOD labels negated following existing project convention; MMseqs local alignment; only aligned residue pairs without gaps and with valid labels compared
chezod,pdbflex,mmseqs_98,mmseqs,98.0,0.8,4,515,continuous,continuous,rmse,10.341024,0.5,CheZOD labels negated following existing project convention; MMseqs local alignment; only aligned residue pairs without gaps and with valid labels compared
chezod,pdbflex,mmseqs_95,mmseqs,95.0,0.8,6,692,continuous,continuous,spearman,0.115447,0.5,CheZOD labels negated following existing project convention; MMseqs local alignment; only aligned residue pairs without gaps and with valid labels compared
chezod,pdbflex,mmseqs_95,mmseqs,95.0,0.8,6,692,continuous,continuous,pearson,0.143857,0.5,CheZOD labels negated following existing project convention; MMseqs local alignment; only aligned residue pairs without gaps and with valid labels compared
chezod,pdbflex,mmseqs_95,mmseqs,95.0,0.8,6,692,continuous,continuous,mae,9.832918,0.5,CheZOD labels negated following existing project convention; MMseqs local alignment; only aligned residue pairs without gaps and with valid labels compared
chezod,pdbflex,mmseqs_95,mmseqs,95.0,0.8,6,692,continuous,continuous,rmse,10.425374,0.5,CheZOD labels negated following existing project convention; MMseqs local alignment; only aligned residue pairs without gaps and with valid labels compared
chezod,pdbflex,mmseqs_90,mmseqs,90.0,0.8,7,845,continuous,continuous,spearman,0.155468,0.5,CheZOD labels negated following existing project convention; MMseqs local alignment; only aligned residue pairs without gaps and with valid labels compared
chezod,pdbflex,mmseqs_90,mmseqs,90.0,0.8,7,845,continuous,continuous,pearson,0.159485,0.5,CheZOD labels negated following existing project convention; MMseqs local alignment; only aligned residue pairs without gaps and with valid labels compared
chezod,pdbflex,mmseqs_90,mmseqs,90.0,0.8,7,845,continuous,continuous,mae,10.052523,0.5,CheZOD labels negated following existing project convention; MMseqs local alignment; only aligned residue pairs without gaps and with valid labels compared
chezod,pdbflex,mmseqs_90,mmseqs,90.0,0.8,7,845,continuous,continuous,rmse,10.553834,0.5,CheZOD labels negated following existing project convention; MMseqs local alignment; only aligned residue pairs without gaps and with valid labels compared
chezod,pdbflex,mmseqs_85,mmseqs,85.0,0.8,8,994,continuous,continuous,spearman,0.122825,0.5,CheZOD labels negated following existing project convention; MMseqs local alignment; only aligned residue pairs without gaps and with valid labels compared
chezod,pdbflex,mmseqs_85,mmseqs,85.0,0.8,8,994,continuous,continuous,pearson,0.125286,0.5,CheZOD labels negated following existing project convention; MMseqs local alignment; only aligned residue pairs without gaps and with valid labels compared
chezod,pdbflex,mmseqs_85,mmseqs,85.0,0.8,8,994,continuous,continuous,mae,9.672457,0.5,CheZOD labels negated following existing project convention; MMseqs local alignment; only aligned residue pairs without gaps and with valid labels compared
chezod,pdbflex,mmseqs_85,mmseqs,85.0,0.8,8,994,continuous,continuous,rmse,10.237437,0.5,CheZOD labels negated following existing project convention; MMseqs local alignment; only aligned residue pairs without gaps and with valid labels compared
chezod,pdbflex,mmseqs_80,mmseqs,80.0,0.8,8,994,continuous,continuous,spearman,0.122825,0.5,CheZOD labels negated following existing project convention; MMseqs local alignment; only aligned residue pairs without gaps and with valid labels compared
chezod,pdbflex,mmseqs_80,mmseqs,80.0,0.8,8,994,continuous,continuous,pearson,0.125286,0.5,CheZOD labels negated following existing project convention; MMseqs local alignment; only aligned residue pairs without gaps and with valid labels compared
chezod,pdbflex,mmseqs_80,mmseqs,80.0,0.8,8,994,continuous,continuous,mae,9.672457,0.5,CheZOD labels negated following existing project convention; MMseqs local alignment; only aligned residue pairs without gaps and with valid labels compared
chezod,pdbflex,mmseqs_80,mmseqs,80.0,0.8,8,994,continuous,continuous,rmse,10.237437,0.5,CheZOD labels negated following existing project convention; MMseqs local alignment; only aligned residue pairs without gaps and with valid labels compared
chezod,atlas,exact,sequence,,,2,372,continuous,continuous,spearman,0.220828,0.5,CheZOD labels negated following existing project convention
chezod,atlas,exact,sequence,,,2,372,continuous,continuous,pearson,0.409313,0.5,CheZOD labels negated following existing project convention
chezod,atlas,exact,sequence,,,2,372,continuous,continuous,mae,11.955004,0.5,CheZOD labels negated following existing project convention
chezod,atlas,exact,sequence,,,2,372,continuous,continuous,rmse,12.198776,0.5,CheZOD labels negated following existing project convention
chezod,atlas,mmseqs_100,mmseqs,100.0,0.8,1,186,continuous,continuous,spearman,0.209296,0.5,CheZOD labels negated following existing project convention; MMseqs local alignment; only aligned residue pairs without gaps and with valid labels compared
chezod,atlas,mmseqs_100,mmseqs,100.0,0.8,1,186,continuous,continuous,pearson,0.385646,0.5,CheZOD labels negated following existing project convention; MMseqs local alignment; only aligned residue pairs without gaps and with valid labels compared
chezod,atlas,mmseqs_100,mmseqs,100.0,0.8,1,186,continuous,continuous,mae,11.949097,0.5,CheZOD labels negated following existing project convention; MMseqs local alignment; only aligned residue pairs without gaps and with valid labels compared
chezod,atlas,mmseqs_100,mmseqs,100.0,0.8,1,186,continuous,continuous,rmse,12.194846,0.5,CheZOD labels negated following existing project convention; MMseqs local alignment; only aligned residue pairs without gaps and with valid labels compared
chezod,atlas,mmseqs_98,mmseqs,98.0,0.8,1,186,continuous,continuous,spearman,0.209296,0.5,CheZOD labels negated following existing project convention; MMseqs local alignment; only aligned residue pairs without gaps and with valid labels compared
chezod,atlas,mmseqs_98,mmseqs,98.0,0.8,1,186,continuous,continuous,pearson,0.385646,0.5,CheZOD labels negated following existing project convention; MMseqs local alignment; only aligned residue pairs without gaps and with valid labels compared
chezod,atlas,mmseqs_98,mmseqs,98.0,0.8,1,186,continuous,continuous,mae,11.949097,0.5,CheZOD labels negated following existing project convention; MMseqs local alignment; only aligned residue pairs without gaps and with valid labels compared
chezod,atlas,mmseqs_98,mmseqs,98.0,0.8,1,186,continuous,continuous,rmse,12.194846,0.5,CheZOD labels negated following existing project convention; MMseqs local alignment; only aligned residue pairs without gaps and with valid labels compared
chezod,atlas,mmseqs_95,mmseqs,95.0,0.8,2,249,continuous,continuous,spearman,0.623305,0.5,CheZOD labels negated following existing project convention; MMseqs local alignment; only aligned residue pairs without gaps and with valid labels compared
chezod,atlas,mmseqs_95,mmseqs,95.0,0.8,2,249,continuous,continuous,pearson,0.702282,0.5,CheZOD labels negated following existing project convention; MMseqs local alignment; only aligned residue pairs without gaps and with valid labels compared
chezod,atlas,mmseqs_95,mmseqs,95.0,0.8,2,249,continuous,continuous,mae,11.478737,0.5,CheZOD labels negated following existing project convention; MMseqs local alignment; only aligned residue pairs without gaps and with valid labels compared
chezod,atlas,mmseqs_95,mmseqs,95.0,0.8,2,249,continuous,continuous,rmse,11.750963,0.5,CheZOD labels negated following existing project convention; MMseqs local alignment; only aligned residue pairs without gaps and with valid labels compared
chezod,atlas,mmseqs_90,mmseqs,90.0,0.8,2,249,continuous,continuous,spearman,0.623305,0.5,CheZOD labels negated following existing project convention; MMseqs local alignment; only aligned residue pairs without gaps and with valid labels compared
chezod,atlas,mmseqs_90,mmseqs,90.0,0.8,2,249,continuous,continuous,pearson,0.702282,0.5,CheZOD labels negated following existing project convention; MMseqs local alignment; only aligned residue pairs without gaps and with valid labels compared
chezod,atlas,mmseqs_90,mmseqs,90.0,0.8,2,249,continuous,continuous,mae,11.478737,0.5,CheZOD labels negated following existing project convention; MMseqs local alignment; only aligned residue pairs without gaps and with valid labels compared
chezod,atlas,mmseqs_90,mmseqs,90.0,0.8,2,249,continuous,continuous,rmse,11.750963,0.5,CheZOD labels negated following existing project convention; MMseqs local alignment; only aligned residue pairs without gaps and with valid labels compared
chezod,atlas,mmseqs_85,mmseqs,85.0,0.8,2,249,continuous,continuous,spearman,0.623305,0.5,CheZOD labels negated following existing project convention; MMseqs local alignment; only aligned residue pairs without gaps and with valid labels compared
chezod,atlas,mmseqs_85,mmseqs,85.0,0.8,2,249,continuous,continuous,pearson,0.702282,0.5,CheZOD labels negated following existing project convention; MMseqs local alignment; only aligned residue pairs without gaps and with valid labels compared
chezod,atlas,mmseqs_85,mmseqs,85.0,0.8,2,249,continuous,continuous,mae,11.478737,0.5,CheZOD labels negated following existing project convention; MMseqs local alignment; only aligned residue pairs without gaps and with valid labels compared
chezod,atlas,mmseqs_85,mmseqs,85.0,0.8,2,249,continuous,continuous,rmse,11.750963,0.5,CheZOD labels negated following existing project convention; MMseqs local alignment; only aligned residue pairs without gaps and with valid labels compared
chezod,atlas,mmseqs_80,mmseqs,80.0,0.8,2,249,continuous,continuous,spearman,0.623305,0.5,CheZOD labels negated following existing project convention; MMseqs local alignment; only aligned residue pairs without gaps and with valid labels compared
chezod,atlas,mmseqs_80,mmseqs,80.0,0.8,2,249,continuous,continuous,pearson,0.702282,0.5,CheZOD labels negated following existing project convention; MMseqs local alignment; only aligned residue pairs without gaps and with valid labels compared
chezod,atlas,mmseqs_80,mmseqs,80.0,0.8,2,249,continuous,continuous,mae,11.478737,0.5,CheZOD labels negated following existing project convention; MMseqs local alignment; only aligned residue pairs without gaps and with valid labels compared
chezod,atlas,mmseqs_80,mmseqs,80.0,0.8,2,249,continuous,continuous,rmse,11.750963,0.5,CheZOD labels negated following existing project convention; MMseqs local alignment; only aligned residue pairs without gaps and with valid labels compared
chezod,plddt,exact,sequence,,,12,1385,continuous,continuous,spearman,0.691031,0.5,pLDDT converted to disorder score as 1 - pLDDT / 100; CheZOD labels negated following existing project convention
chezod,plddt,exact,sequence,,,12,1385,continuous,continuous,pearson,0.694419,0.5,pLDDT converted to disorder score as 1 - pLDDT / 100; CheZOD labels negated following existing project convention
chezod,plddt,exact,sequence,,,12,1385,continuous,continuous,mae,4.758991,0.5,pLDDT converted to disorder score as 1 - pLDDT / 100; CheZOD labels negated following existing project convention
chezod,plddt,exact,sequence,,,12,1385,continuous,continuous,rmse,6.459607,0.5,pLDDT converted to disorder score as 1 - pLDDT / 100; CheZOD labels negated following existing project convention
chezod,plddt,mmseqs_100,mmseqs,100.0,0.8,24,2769,continuous,continuous,spearman,0.559390,0.5,pLDDT converted to disorder score as 1 - pLDDT / 100; CheZOD labels negated following existing project convention; MMseqs local alignment; only aligned residue pairs without gaps and with valid labels compared
chezod,plddt,mmseqs_100,mmseqs,100.0,0.8,24,2769,continuous,continuous,pearson,0.541741,0.5,pLDDT converted to disorder score as 1 - pLDDT / 100; CheZOD labels negated following existing project convention; MMseqs local alignment; only aligned residue pairs without gaps and with valid labels compared
chezod,plddt,mmseqs_100,mmseqs,100.0,0.8,24,2769,continuous,continuous,mae,6.284394,0.5,pLDDT converted to disorder score as 1 - pLDDT / 100; CheZOD labels negated following existing project convention; MMseqs local alignment; only aligned residue pairs without gaps and with valid labels compared
chezod,plddt,mmseqs_100,mmseqs,100.0,0.8,24,2769,continuous,continuous,rmse,7.899267,0.5,pLDDT converted to disorder score as 1 - pLDDT / 100; CheZOD labels negated following existing project convention; MMseqs local alignment; only aligned residue pairs without gaps and with valid labels compared
chezod,plddt,mmseqs_98,mmseqs,98.0,0.8,31,3704,continuous,continuous,spearman,0.569570,0.5,pLDDT converted to disorder score as 1 - pLDDT / 100; CheZOD labels negated following existing project convention; MMseqs local alignment; only aligned residue pairs without gaps and with valid labels compared
chezod,plddt,mmseqs_98,mmseqs,98.0,0.8,31,3704,continuous,continuous,pearson,0.553258,0.5,pLDDT converted to disorder score as 1 - pLDDT / 100; CheZOD labels negated following existing project convention; MMseqs local alignment; only aligned residue pairs without gaps and with valid labels compared
chezod,plddt,mmseqs_98,mmseqs,98.0,0.8,31,3704,continuous,continuous,mae,6.171845,0.5,pLDDT converted to disorder score as 1 - pLDDT / 100; CheZOD labels negated following existing project convention; MMseqs local alignment; only aligned residue pairs without gaps and with valid labels compared
chezod,plddt,mmseqs_98,mmseqs,98.0,0.8,31,3704,continuous,continuous,rmse,7.735782,0.5,pLDDT converted to disorder score as 1 - pLDDT / 100; CheZOD labels negated following existing project convention; MMseqs local alignment; only aligned residue pairs without gaps and with valid labels compared
chezod,plddt,mmseqs_95,mmseqs,95.0,0.8,33,3932,continuous,continuous,spearman,0.556088,0.5,pLDDT converted to disorder score as 1 - pLDDT / 100; CheZOD labels negated following existing project convention; MMseqs local alignment; only aligned residue pairs without gaps and with valid labels compared
chezod,plddt,mmseqs_95,mmseqs,95.0,0.8,33,3932,continuous,continuous,pearson,0.547953,0.5,pLDDT converted to disorder score as 1 - pLDDT / 100; CheZOD labels negated following existing project convention; MMseqs local alignment; only aligned residue pairs without gaps and with valid labels compared
chezod,plddt,mmseqs_95,mmseqs,95.0,0.8,33,3932,continuous,continuous,mae,6.166990,0.5,pLDDT converted to disorder score as 1 - pLDDT / 100; CheZOD labels negated following existing project convention; MMseqs local alignment; only aligned residue pairs without gaps and with valid labels compared
chezod,plddt,mmseqs_95,mmseqs,95.0,0.8,33,3932,continuous,continuous,rmse,7.712113,0.5,pLDDT converted to disorder score as 1 - pLDDT / 100; CheZOD labels negated following existing project convention; MMseqs local alignment; only aligned residue pairs without gaps and with valid labels compared
chezod,plddt,mmseqs_90,mmseqs,90.0,0.8,34,3972,continuous,continuous,spearman,0.555700,0.5,pLDDT converted to disorder score as 1 - pLDDT / 100; CheZOD labels negated following existing project convention; MMseqs local alignment; only aligned residue pairs without gaps and with valid labels compared
chezod,plddt,mmseqs_90,mmseqs,90.0,0.8,34,3972,continuous,continuous,pearson,0.547405,0.5,pLDDT converted to disorder score as 1 - pLDDT / 100; CheZOD labels negated following existing project convention; MMseqs local alignment; only aligned residue pairs without gaps and with valid labels compared
chezod,plddt,mmseqs_90,mmseqs,90.0,0.8,34,3972,continuous,continuous,mae,6.172936,0.5,pLDDT converted to disorder score as 1 - pLDDT / 100; CheZOD labels negated following existing project convention; MMseqs local alignment; only aligned residue pairs without gaps and with valid labels compared
chezod,plddt,mmseqs_90,mmseqs,90.0,0.8,34,3972,continuous,continuous,rmse,7.708038,0.5,pLDDT converted to disorder score as 1 - pLDDT / 100; CheZOD labels negated following existing project convention; MMseqs local alignment; only aligned residue pairs without gaps and with valid labels compared
chezod,plddt,mmseqs_85,mmseqs,85.0,0.8,34,3972,continuous,continuous,spearman,0.555700,0.5,pLDDT converted to disorder score as 1 - pLDDT / 100; CheZOD labels negated following existing project convention; MMseqs local alignment; only aligned residue pairs without gaps and with valid labels compared
chezod,plddt,mmseqs_85,mmseqs,85.0,0.8,34,3972,continuous,continuous,pearson,0.547405,0.5,pLDDT converted to disorder score as 1 - pLDDT / 100; CheZOD labels negated following existing project convention; MMseqs local alignment; only aligned residue pairs without gaps and with valid labels compared
chezod,plddt,mmseqs_85,mmseqs,85.0,0.8,34,3972,continuous,continuous,mae,6.172936,0.5,pLDDT converted to disorder score as 1 - pLDDT / 100; CheZOD labels negated following existing project convention; MMseqs local alignment; only aligned residue pairs without gaps and with valid labels compared
chezod,plddt,mmseqs_85,mmseqs,85.0,0.8,34,3972,continuous,continuous,rmse,7.708038,0.5,pLDDT converted to disorder score as 1 - pLDDT / 100; CheZOD labels negated following existing project convention; MMseqs local alignment; only aligned residue pairs without gaps and with valid labels compared
chezod,plddt,mmseqs_80,mmseqs,80.0,0.8,35,4043,continuous,continuous,spearman,0.563213,0.5,pLDDT converted to disorder score as 1 - pLDDT / 100; CheZOD labels negated following existing project convention; MMseqs local alignment; only aligned residue pairs without gaps and with valid labels compared
chezod,plddt,mmseqs_80,mmseqs,80.0,0.8,35,4043,continuous,continuous,pearson,0.554911,0.5,pLDDT converted to disorder score as 1 - pLDDT / 100; CheZOD labels negated following existing project convention; MMseqs local alignment; only aligned residue pairs without gaps and with valid labels compared
chezod,plddt,mmseqs_80,mmseqs,80.0,0.8,35,4043,continuous,continuous,mae,6.221275,0.5,pLDDT converted to disorder score as 1 - pLDDT / 100; CheZOD labels negated following existing project convention; MMseqs local alignment; only aligned residue pairs without gaps and with valid labels compared
chezod,plddt,mmseqs_80,mmseqs,80.0,0.8,35,4043,continuous,continuous,rmse,7.758208,0.5,pLDDT converted to disorder score as 1 - pLDDT / 100; CheZOD labels negated following existing project convention; MMseqs local alignment; only aligned residue pairs without gaps and with valid labels compared
chezod,disprot,exact,sequence,,,1,465,continuous,binary,auroc,,0.5,CheZOD labels negated following existing project convention; AUROC/AP/F1 undefined because binary annotation has one class
chezod,disprot,exact,sequence,,,1,465,continuous,binary,average_precision,,0.5,CheZOD labels negated following existing project convention; AUROC/AP/F1 undefined because binary annotation has one class
chezod,disprot,exact,sequence,,,1,465,continuous,binary,f1_thresholded,,0.5,CheZOD labels negated following existing project convention; AUROC/AP/F1 undefined because binary annotation has one class
chezod,disprot,exact,sequence,,,1,465,continuous,binary,spearman,,0.5,CheZOD labels negated following existing project convention; Spearman undefined because one input has fewer than two values
chezod,disprot,mmseqs_100,mmseqs,100.0,0.8,2,563,continuous,binary,auroc,0.687011,0.5,CheZOD labels negated following existing project convention; MMseqs local alignment; only aligned residue pairs without gaps and with valid labels compared
chezod,disprot,mmseqs_100,mmseqs,100.0,0.8,2,563,continuous,binary,average_precision,0.924921,0.5,CheZOD labels negated following existing project convention; MMseqs local alignment; only aligned residue pairs without gaps and with valid labels compared
chezod,disprot,mmseqs_100,mmseqs,100.0,0.8,2,563,continuous,binary,f1_thresholded,0.717172,0.5,CheZOD labels negated following existing project convention; MMseqs local alignment; only aligned residue pairs without gaps and with valid labels compared
chezod,disprot,mmseqs_100,mmseqs,100.0,0.8,2,563,continuous,binary,spearman,0.229672,0.5,CheZOD labels negated following existing project convention; MMseqs local alignment; only aligned residue pairs without gaps and with valid labels compared
chezod,disprot,mmseqs_98,mmseqs,98.0,0.8,2,563,continuous,binary,auroc,0.687011,0.5,CheZOD labels negated following existing project convention; MMseqs local alignment; only aligned residue pairs without gaps and with valid labels compared
chezod,disprot,mmseqs_98,mmseqs,98.0,0.8,2,563,continuous,binary,average_precision,0.924921,0.5,CheZOD labels negated following existing project convention; MMseqs local alignment; only aligned residue pairs without gaps and with valid labels compared
chezod,disprot,mmseqs_98,mmseqs,98.0,0.8,2,563,continuous,binary,f1_thresholded,0.717172,0.5,CheZOD labels negated following existing project convention; MMseqs local alignment; only aligned residue pairs without gaps and with valid labels compared
chezod,disprot,mmseqs_98,mmseqs,98.0,0.8,2,563,continuous,binary,spearman,0.229672,0.5,CheZOD labels negated following existing project convention; MMseqs local alignment; only aligned residue pairs without gaps and with valid labels compared
chezod,disprot,mmseqs_95,mmseqs,95.0,0.8,2,563,continuous,binary,auroc,0.687011,0.5,CheZOD labels negated following existing project convention; MMseqs local alignment; only aligned residue pairs without gaps and with valid labels compared
chezod,disprot,mmseqs_95,mmseqs,95.0,0.8,2,563,continuous,binary,average_precision,0.924921,0.5,CheZOD labels negated following existing project convention; MMseqs local alignment; only aligned residue pairs without gaps and with valid labels compared
chezod,disprot,mmseqs_95,mmseqs,95.0,0.8,2,563,continuous,binary,f1_thresholded,0.717172,0.5,CheZOD labels negated following existing project convention; MMseqs local alignment; only aligned residue pairs without gaps and with valid labels compared
chezod,disprot,mmseqs_95,mmseqs,95.0,0.8,2,563,continuous,binary,spearman,0.229672,0.5,CheZOD labels negated following existing project convention; MMseqs local alignment; only aligned residue pairs without gaps and with valid labels compared
chezod,disprot,mmseqs_90,mmseqs,90.0,0.8,2,563,continuous,binary,auroc,0.687011,0.5,CheZOD labels negated following existing project convention; MMseqs local alignment; only aligned residue pairs without gaps and with valid labels compared
chezod,disprot,mmseqs_90,mmseqs,90.0,0.8,2,563,continuous,binary,average_precision,0.924921,0.5,CheZOD labels negated following existing project convention; MMseqs local alignment; only aligned residue pairs without gaps and with valid labels compared
chezod,disprot,mmseqs_90,mmseqs,90.0,0.8,2,563,continuous,binary,f1_thresholded,0.717172,0.5,CheZOD labels negated following existing project convention; MMseqs local alignment; only aligned residue pairs without gaps and with valid labels compared
chezod,disprot,mmseqs_90,mmseqs,90.0,0.8,2,563,continuous,binary,spearman,0.229672,0.5,CheZOD labels negated following existing project convention; MMseqs local alignment; only aligned residue pairs without gaps and with valid labels compared
chezod,disprot,mmseqs_85,mmseqs,85.0,0.8,2,563,continuous,binary,auroc,0.687011,0.5,CheZOD labels negated following existing project convention; MMseqs local alignment; only aligned residue pairs without gaps and with valid labels compared
chezod,disprot,mmseqs_85,mmseqs,85.0,0.8,2,563,continuous,binary,average_precision,0.924921,0.5,CheZOD labels negated following existing project convention; MMseqs local alignment; only aligned residue pairs without gaps and with valid labels compared
chezod,disprot,mmseqs_85,mmseqs,85.0,0.8,2,563,continuous,binary,f1_thresholded,0.717172,0.5,CheZOD labels negated following existing project convention; MMseqs local alignment; only aligned residue pairs without gaps and with valid labels compared
chezod,disprot,mmseqs_85,mmseqs,85.0,0.8,2,563,continuous,binary,spearman,0.229672,0.5,CheZOD labels negated following existing project convention; MMseqs local alignment; only aligned residue pairs without gaps and with valid labels compared
chezod,disprot,mmseqs_80,mmseqs,80.0,0.8,2,563,continuous,binary,auroc,0.687011,0.5,CheZOD labels negated following existing project convention; MMseqs local alignment; only aligned residue pairs without gaps and with valid labels compared
chezod,disprot,mmseqs_80,mmseqs,80.0,0.8,2,563,continuous,binary,average_precision,0.924921,0.5,CheZOD labels negated following existing project convention; MMseqs local alignment; only aligned residue pairs without gaps and with valid labels compared
chezod,disprot,mmseqs_80,mmseqs,80.0,0.8,2,563,continuous,binary,f1_thresholded,0.717172,0.5,CheZOD labels negated following existing project convention; MMseqs local alignment; only aligned residue pairs without gaps and with valid labels compared
chezod,disprot,mmseqs_80,mmseqs,80.0,0.8,2,563,continuous,binary,spearman,0.229672,0.5,CheZOD labels negated following existing project convention; MMseqs local alignment; only aligned residue pairs without gaps and with valid labels compared
softdis,pdbflex,exact,sequence,,,748,123212,continuous,continuous,spearman,0.077090,0.5,
softdis,pdbflex,exact,sequence,,,748,123212,continuous,continuous,pearson,0.073246,0.5,
softdis,pdbflex,exact,sequence,,,748,123212,continuous,continuous,mae,0.371777,0.5,
softdis,pdbflex,exact,sequence,,,748,123212,continuous,continuous,rmse,1.689196,0.5,
softdis,pdbflex,mmseqs_100,mmseqs,100.0,0.8,898,146753,continuous,continuous,spearman,0.107214,0.5,MMseqs local alignment; only aligned residue pairs without gaps and with valid labels compared
softdis,pdbflex,mmseqs_100,mmseqs,100.0,0.8,898,146753,continuous,continuous,pearson,0.082965,0.5,MMseqs local alignment; only aligned residue pairs without gaps and with valid labels compared
softdis,pdbflex,mmseqs_100,mmseqs,100.0,0.8,898,146753,continuous,continuous,mae,0.380996,0.5,MMseqs local alignment; only aligned residue pairs without gaps and with valid labels compared
softdis,pdbflex,mmseqs_100,mmseqs,100.0,0.8,898,146753,continuous,continuous,rmse,1.648248,0.5,MMseqs local alignment; only aligned residue pairs without gaps and with valid labels compared
softdis,pdbflex,mmseqs_98,mmseqs,98.0,0.8,1068,183582,continuous,continuous,spearman,0.132666,0.5,MMseqs local alignment; only aligned residue pairs without gaps and with valid labels compared
softdis,pdbflex,mmseqs_98,mmseqs,98.0,0.8,1068,183582,continuous,continuous,pearson,0.093024,0.5,MMseqs local alignment; only aligned residue pairs without gaps and with valid labels compared
softdis,pdbflex,mmseqs_98,mmseqs,98.0,0.8,1068,183582,continuous,continuous,mae,0.385850,0.5,MMseqs local alignment; only aligned residue pairs without gaps and with valid labels compared
softdis,pdbflex,mmseqs_98,mmseqs,98.0,0.8,1068,183582,continuous,continuous,rmse,1.595388,0.5,MMseqs local alignment; only aligned residue pairs without gaps and with valid labels compared
softdis,pdbflex,mmseqs_95,mmseqs,95.0,0.8,1130,190911,continuous,continuous,spearman,0.134717,0.5,MMseqs local alignment; only aligned residue pairs without gaps and with valid labels compared
softdis,pdbflex,mmseqs_95,mmseqs,95.0,0.8,1130,190911,continuous,continuous,pearson,0.093178,0.5,MMseqs local alignment; only aligned residue pairs without gaps and with valid labels compared
softdis,pdbflex,mmseqs_95,mmseqs,95.0,0.8,1130,190911,continuous,continuous,mae,0.389856,0.5,MMseqs local alignment; only aligned residue pairs without gaps and with valid labels compared
softdis,pdbflex,mmseqs_95,mmseqs,95.0,0.8,1130,190911,continuous,continuous,rmse,1.594048,0.5,MMseqs local alignment; only aligned residue pairs without gaps and with valid labels compared
softdis,pdbflex,mmseqs_90,mmseqs,90.0,0.8,1173,197023,continuous,continuous,spearman,0.139716,0.5,MMseqs local alignment; only aligned residue pairs without gaps and with valid labels compared
softdis,pdbflex,mmseqs_90,mmseqs,90.0,0.8,1173,197023,continuous,continuous,pearson,0.095285,0.5,MMseqs local alignment; only aligned residue pairs without gaps and with valid labels compared
softdis,pdbflex,mmseqs_90,mmseqs,90.0,0.8,1173,197023,continuous,continuous,mae,0.390951,0.5,MMseqs local alignment; only aligned residue pairs without gaps and with valid labels compared
softdis,pdbflex,mmseqs_90,mmseqs,90.0,0.8,1173,197023,continuous,continuous,rmse,1.586048,0.5,MMseqs local alignment; only aligned residue pairs without gaps and with valid labels compared
softdis,pdbflex,mmseqs_85,mmseqs,85.0,0.8,1187,199311,continuous,continuous,spearman,0.140761,0.5,MMseqs local alignment; only aligned residue pairs without gaps and with valid labels compared
softdis,pdbflex,mmseqs_85,mmseqs,85.0,0.8,1187,199311,continuous,continuous,pearson,0.095509,0.5,MMseqs local alignment; only aligned residue pairs without gaps and with valid labels compared
softdis,pdbflex,mmseqs_85,mmseqs,85.0,0.8,1187,199311,continuous,continuous,mae,0.390944,0.5,MMseqs local alignment; only aligned residue pairs without gaps and with valid labels compared
softdis,pdbflex,mmseqs_85,mmseqs,85.0,0.8,1187,199311,continuous,continuous,rmse,1.581063,0.5,MMseqs local alignment; only aligned residue pairs without gaps and with valid labels compared
softdis,pdbflex,mmseqs_80,mmseqs,80.0,0.8,1195,201384,continuous,continuous,spearman,0.141467,0.5,MMseqs local alignment; only aligned residue pairs without gaps and with valid labels compared
softdis,pdbflex,mmseqs_80,mmseqs,80.0,0.8,1195,201384,continuous,continuous,pearson,0.095619,0.5,MMseqs local alignment; only aligned residue pairs without gaps and with valid labels compared
softdis,pdbflex,mmseqs_80,mmseqs,80.0,0.8,1195,201384,continuous,continuous,mae,0.389234,0.5,MMseqs local alignment; only aligned residue pairs without gaps and with valid labels compared
softdis,pdbflex,mmseqs_80,mmseqs,80.0,0.8,1195,201384,continuous,continuous,rmse,1.574372,0.5,MMseqs local alignment; only aligned residue pairs without gaps and with valid labels compared
softdis,atlas,exact,id+sequence,,,17,1558,continuous,continuous,spearman,0.315038,0.5,
softdis,atlas,exact,id+sequence,,,17,1558,continuous,continuous,pearson,0.348152,0.5,
softdis,atlas,exact,id+sequence,,,17,1558,continuous,continuous,mae,0.592993,0.5,
softdis,atlas,exact,id+sequence,,,17,1558,continuous,continuous,rmse,0.907752,0.5,
softdis,atlas,mmseqs_100,mmseqs,100.0,0.8,30,2678,continuous,continuous,spearman,0.321506,0.5,MMseqs local alignment; only aligned residue pairs without gaps and with valid labels compared
softdis,atlas,mmseqs_100,mmseqs,100.0,0.8,30,2678,continuous,continuous,pearson,0.271966,0.5,MMseqs local alignment; only aligned residue pairs without gaps and with valid labels compared
softdis,atlas,mmseqs_100,mmseqs,100.0,0.8,30,2678,continuous,continuous,mae,0.696245,0.5,MMseqs local alignment; only aligned residue pairs without gaps and with valid labels compared
softdis,atlas,mmseqs_100,mmseqs,100.0,0.8,30,2678,continuous,continuous,rmse,1.126014,0.5,MMseqs local alignment; only aligned residue pairs without gaps and with valid labels compared
softdis,atlas,mmseqs_98,mmseqs,98.0,0.8,46,6664,continuous,continuous,spearman,0.451364,0.5,MMseqs local alignment; only aligned residue pairs without gaps and with valid labels compared
softdis,atlas,mmseqs_98,mmseqs,98.0,0.8,46,6664,continuous,continuous,pearson,0.248979,0.5,MMseqs local alignment; only aligned residue pairs without gaps and with valid labels compared
softdis,atlas,mmseqs_98,mmseqs,98.0,0.8,46,6664,continuous,continuous,mae,0.525063,0.5,MMseqs local alignment; only aligned residue pairs without gaps and with valid labels compared
softdis,atlas,mmseqs_98,mmseqs,98.0,0.8,46,6664,continuous,continuous,rmse,0.880888,0.5,MMseqs local alignment; only aligned residue pairs without gaps and with valid labels compared
softdis,atlas,mmseqs_95,mmseqs,95.0,0.8,47,6833,continuous,continuous,spearman,0.455026,0.5,MMseqs local alignment; only aligned residue pairs without gaps and with valid labels compared
softdis,atlas,mmseqs_95,mmseqs,95.0,0.8,47,6833,continuous,continuous,pearson,0.247858,0.5,MMseqs local alignment; only aligned residue pairs without gaps and with valid labels compared
softdis,atlas,mmseqs_95,mmseqs,95.0,0.8,47,6833,continuous,continuous,mae,0.521085,0.5,MMseqs local alignment; only aligned residue pairs without gaps and with valid labels compared
softdis,atlas,mmseqs_95,mmseqs,95.0,0.8,47,6833,continuous,continuous,rmse,0.872168,0.5,MMseqs local alignment; only aligned residue pairs without gaps and with valid labels compared
softdis,atlas,mmseqs_90,mmseqs,90.0,0.8,51,7216,continuous,continuous,spearman,0.453333,0.5,MMseqs local alignment; only aligned residue pairs without gaps and with valid labels compared
softdis,atlas,mmseqs_90,mmseqs,90.0,0.8,51,7216,continuous,continuous,pearson,0.249489,0.5,MMseqs local alignment; only aligned residue pairs without gaps and with valid labels compared
softdis,atlas,mmseqs_90,mmseqs,90.0,0.8,51,7216,continuous,continuous,mae,0.515353,0.5,MMseqs local alignment; only aligned residue pairs without gaps and with valid labels compared
softdis,atlas,mmseqs_90,mmseqs,90.0,0.8,51,7216,continuous,continuous,rmse,0.855149,0.5,MMseqs local alignment; only aligned residue pairs without gaps and with valid labels compared
softdis,atlas,mmseqs_85,mmseqs,85.0,0.8,53,7377,continuous,continuous,spearman,0.439746,0.5,MMseqs local alignment; only aligned residue pairs without gaps and with valid labels compared
softdis,atlas,mmseqs_85,mmseqs,85.0,0.8,53,7377,continuous,continuous,pearson,0.248032,0.5,MMseqs local alignment; only aligned residue pairs without gaps and with valid labels compared
softdis,atlas,mmseqs_85,mmseqs,85.0,0.8,53,7377,continuous,continuous,mae,0.528487,0.5,MMseqs local alignment; only aligned residue pairs without gaps and with valid labels compared
softdis,atlas,mmseqs_85,mmseqs,85.0,0.8,53,7377,continuous,continuous,rmse,0.868947,0.5,MMseqs local alignment; only aligned residue pairs without gaps and with valid labels compared
softdis,atlas,mmseqs_80,mmseqs,80.0,0.8,55,7528,continuous,continuous,spearman,0.436362,0.5,MMseqs local alignment; only aligned residue pairs without gaps and with valid labels compared
softdis,atlas,mmseqs_80,mmseqs,80.0,0.8,55,7528,continuous,continuous,pearson,0.247982,0.5,MMseqs local alignment; only aligned residue pairs without gaps and with valid labels compared
softdis,atlas,mmseqs_80,mmseqs,80.0,0.8,55,7528,continuous,continuous,mae,0.527213,0.5,MMseqs local alignment; only aligned residue pairs without gaps and with valid labels compared
softdis,atlas,mmseqs_80,mmseqs,80.0,0.8,55,7528,continuous,continuous,rmse,0.863080,0.5,MMseqs local alignment; only aligned residue pairs without gaps and with valid labels compared
softdis,plddt,exact,sequence,,,10,2521,continuous,continuous,spearman,0.656777,0.5,pLDDT converted to disorder score as 1 - pLDDT / 100
softdis,plddt,exact,sequence,,,10,2521,continuous,continuous,pearson,0.716291,0.5,pLDDT converted to disorder score as 1 - pLDDT / 100
softdis,plddt,exact,sequence,,,10,2521,continuous,continuous,mae,0.192838,0.5,pLDDT converted to disorder score as 1 - pLDDT / 100
softdis,plddt,exact,sequence,,,10,2521,continuous,continuous,rmse,0.303634,0.5,pLDDT converted to disorder score as 1 - pLDDT / 100
softdis,plddt,mmseqs_100,mmseqs,100.0,0.8,31,6625,continuous,continuous,spearman,0.567608,0.5,pLDDT converted to disorder score as 1 - pLDDT / 100; MMseqs local alignment; only aligned residue pairs without gaps and with valid labels compared
softdis,plddt,mmseqs_100,mmseqs,100.0,0.8,31,6625,continuous,continuous,pearson,0.628399,0.5,pLDDT converted to disorder score as 1 - pLDDT / 100; MMseqs local alignment; only aligned residue pairs without gaps and with valid labels compared
softdis,plddt,mmseqs_100,mmseqs,100.0,0.8,31,6625,continuous,continuous,mae,0.184326,0.5,pLDDT converted to disorder score as 1 - pLDDT / 100; MMseqs local alignment; only aligned residue pairs without gaps and with valid labels compared
softdis,plddt,mmseqs_100,mmseqs,100.0,0.8,31,6625,continuous,continuous,rmse,0.302174,0.5,pLDDT converted to disorder score as 1 - pLDDT / 100; MMseqs local alignment; only aligned residue pairs without gaps and with valid labels compared
softdis,plddt,mmseqs_98,mmseqs,98.0,0.8,44,9055,continuous,continuous,spearman,0.590384,0.5,pLDDT converted to disorder score as 1 - pLDDT / 100; MMseqs local alignment; only aligned residue pairs without gaps and with valid labels compared
softdis,plddt,mmseqs_98,mmseqs,98.0,0.8,44,9055,continuous,continuous,pearson,0.622699,0.5,pLDDT converted to disorder score as 1 - pLDDT / 100; MMseqs local alignment; only aligned residue pairs without gaps and with valid labels compared
softdis,plddt,mmseqs_98,mmseqs,98.0,0.8,44,9055,continuous,continuous,mae,0.184703,0.5,pLDDT converted to disorder score as 1 - pLDDT / 100; MMseqs local alignment; only aligned residue pairs without gaps and with valid labels compared
softdis,plddt,mmseqs_98,mmseqs,98.0,0.8,44,9055,continuous,continuous,rmse,0.304287,0.5,pLDDT converted to disorder score as 1 - pLDDT / 100; MMseqs local alignment; only aligned residue pairs without gaps and with valid labels compared
softdis,plddt,mmseqs_95,mmseqs,95.0,0.8,55,11450,continuous,continuous,spearman,0.588346,0.5,pLDDT converted to disorder score as 1 - pLDDT / 100; MMseqs local alignment; only aligned residue pairs without gaps and with valid labels compared
softdis,plddt,mmseqs_95,mmseqs,95.0,0.8,55,11450,continuous,continuous,pearson,0.606808,0.5,pLDDT converted to disorder score as 1 - pLDDT / 100; MMseqs local alignment; only aligned residue pairs without gaps and with valid labels compared
softdis,plddt,mmseqs_95,mmseqs,95.0,0.8,55,11450,continuous,continuous,mae,0.181241,0.5,pLDDT converted to disorder score as 1 - pLDDT / 100; MMseqs local alignment; only aligned residue pairs without gaps and with valid labels compared
softdis,plddt,mmseqs_95,mmseqs,95.0,0.8,55,11450,continuous,continuous,rmse,0.300774,0.5,pLDDT converted to disorder score as 1 - pLDDT / 100; MMseqs local alignment; only aligned residue pairs without gaps and with valid labels compared
softdis,plddt,mmseqs_90,mmseqs,90.0,0.8,57,12097,continuous,continuous,spearman,0.558043,0.5,pLDDT converted to disorder score as 1 - pLDDT / 100; MMseqs local alignment; only aligned residue pairs without gaps and with valid labels compared
softdis,plddt,mmseqs_90,mmseqs,90.0,0.8,57,12097,continuous,continuous,pearson,0.603860,0.5,pLDDT converted to disorder score as 1 - pLDDT / 100; MMseqs local alignment; only aligned residue pairs without gaps and with valid labels compared
softdis,plddt,mmseqs_90,mmseqs,90.0,0.8,57,12097,continuous,continuous,mae,0.178685,0.5,pLDDT converted to disorder score as 1 - pLDDT / 100; MMseqs local alignment; only aligned residue pairs without gaps and with valid labels compared
softdis,plddt,mmseqs_90,mmseqs,90.0,0.8,57,12097,continuous,continuous,rmse,0.297423,0.5,pLDDT converted to disorder score as 1 - pLDDT / 100; MMseqs local alignment; only aligned residue pairs without gaps and with valid labels compared
softdis,plddt,mmseqs_85,mmseqs,85.0,0.8,60,13014,continuous,continuous,spearman,0.556523,0.5,pLDDT converted to disorder score as 1 - pLDDT / 100; MMseqs local alignment; only aligned residue pairs without gaps and with valid labels compared
softdis,plddt,mmseqs_85,mmseqs,85.0,0.8,60,13014,continuous,continuous,pearson,0.594075,0.5,pLDDT converted to disorder score as 1 - pLDDT / 100; MMseqs local alignment; only aligned residue pairs without gaps and with valid labels compared
softdis,plddt,mmseqs_85,mmseqs,85.0,0.8,60,13014,continuous,continuous,mae,0.176448,0.5,pLDDT converted to disorder score as 1 - pLDDT / 100; MMseqs local alignment; only aligned residue pairs without gaps and with valid labels compared
softdis,plddt,mmseqs_85,mmseqs,85.0,0.8,60,13014,continuous,continuous,rmse,0.299355,0.5,pLDDT converted to disorder score as 1 - pLDDT / 100; MMseqs local alignment; only aligned residue pairs without gaps and with valid labels compared
softdis,plddt,mmseqs_80,mmseqs,80.0,0.8,61,13219,continuous,continuous,spearman,0.560025,0.5,pLDDT converted to disorder score as 1 - pLDDT / 100; MMseqs local alignment; only aligned residue pairs without gaps and with valid labels compared
softdis,plddt,mmseqs_80,mmseqs,80.0,0.8,61,13219,continuous,continuous,pearson,0.579694,0.5,pLDDT converted to disorder score as 1 - pLDDT / 100; MMseqs local alignment; only aligned residue pairs without gaps and with valid labels compared
softdis,plddt,mmseqs_80,mmseqs,80.0,0.8,61,13219,continuous,continuous,mae,0.177567,0.5,pLDDT converted to disorder score as 1 - pLDDT / 100; MMseqs local alignment; only aligned residue pairs without gaps and with valid labels compared
softdis,plddt,mmseqs_80,mmseqs,80.0,0.8,61,13219,continuous,continuous,rmse,0.299883,0.5,pLDDT converted to disorder score as 1 - pLDDT / 100; MMseqs local alignment; only aligned residue pairs without gaps and with valid labels compared
softdis,disprot,exact,sequence,,,8,2642,continuous,binary,auroc,0.929907,0.5,
softdis,disprot,exact,sequence,,,8,2642,continuous,binary,average_precision,0.557933,0.5,
softdis,disprot,exact,sequence,,,8,2642,continuous,binary,f1_thresholded,0.522782,0.5,
softdis,disprot,exact,sequence,,,8,2642,continuous,binary,spearman,0.488921,0.5,
softdis,disprot,mmseqs_100,mmseqs,100.0,0.8,23,7024,continuous,binary,auroc,0.859898,0.5,MMseqs local alignment; only aligned residue pairs without gaps and with valid labels compared
softdis,disprot,mmseqs_100,mmseqs,100.0,0.8,23,7024,continuous,binary,average_precision,0.419090,0.5,MMseqs local alignment; only aligned residue pairs without gaps and with valid labels compared
softdis,disprot,mmseqs_100,mmseqs,100.0,0.8,23,7024,continuous,binary,f1_thresholded,0.395627,0.5,MMseqs local alignment; only aligned residue pairs without gaps and with valid labels compared
softdis,disprot,mmseqs_100,mmseqs,100.0,0.8,23,7024,continuous,binary,spearman,0.376542,0.5,MMseqs local alignment; only aligned residue pairs without gaps and with valid labels compared
softdis,disprot,mmseqs_98,mmseqs,98.0,0.8,33,10459,continuous,binary,auroc,0.882985,0.5,MMseqs local alignment; only aligned residue pairs without gaps and with valid labels compared
softdis,disprot,mmseqs_98,mmseqs,98.0,0.8,33,10459,continuous,binary,average_precision,0.436951,0.5,MMseqs local alignment; only aligned residue pairs without gaps and with valid labels compared
softdis,disprot,mmseqs_98,mmseqs,98.0,0.8,33,10459,continuous,binary,f1_thresholded,0.414585,0.5,MMseqs local alignment; only aligned residue pairs without gaps and with valid labels compared
softdis,disprot,mmseqs_98,mmseqs,98.0,0.8,33,10459,continuous,binary,spearman,0.392881,0.5,MMseqs local alignment; only aligned residue pairs without gaps and with valid labels compared
softdis,disprot,mmseqs_95,mmseqs,95.0,0.8,36,10977,continuous,binary,auroc,0.880545,0.5,MMseqs local alignment; only aligned residue pairs without gaps and with valid labels compared
softdis,disprot,mmseqs_95,mmseqs,95.0,0.8,36,10977,continuous,binary,average_precision,0.428728,0.5,MMseqs local alignment; only aligned residue pairs without gaps and with valid labels compared
softdis,disprot,mmseqs_95,mmseqs,95.0,0.8,36,10977,continuous,binary,f1_thresholded,0.410273,0.5,MMseqs local alignment; only aligned residue pairs without gaps and with valid labels compared
softdis,disprot,mmseqs_95,mmseqs,95.0,0.8,36,10977,continuous,binary,spearman,0.387301,0.5,MMseqs local alignment; only aligned residue pairs without gaps and with valid labels compared
softdis,disprot,mmseqs_90,mmseqs,90.0,0.8,37,12046,continuous,binary,auroc,0.881776,0.5,MMseqs local alignment; only aligned residue pairs without gaps and with valid labels compared
softdis,disprot,mmseqs_90,mmseqs,90.0,0.8,37,12046,continuous,binary,average_precision,0.413699,0.5,MMseqs local alignment; only aligned residue pairs without gaps and with valid labels compared
softdis,disprot,mmseqs_90,mmseqs,90.0,0.8,37,12046,continuous,binary,f1_thresholded,0.393095,0.5,MMseqs local alignment; only aligned residue pairs without gaps and with valid labels compared
softdis,disprot,mmseqs_90,mmseqs,90.0,0.8,37,12046,continuous,binary,spearman,0.377165,0.5,MMseqs local alignment; only aligned residue pairs without gaps and with valid labels compared
softdis,disprot,mmseqs_85,mmseqs,85.0,0.8,39,12644,continuous,binary,auroc,0.883240,0.5,MMseqs local alignment; only aligned residue pairs without gaps and with valid labels compared
softdis,disprot,mmseqs_85,mmseqs,85.0,0.8,39,12644,continuous,binary,average_precision,0.406065,0.5,MMseqs local alignment; only aligned residue pairs without gaps and with valid labels compared
softdis,disprot,mmseqs_85,mmseqs,85.0,0.8,39,12644,continuous,binary,f1_thresholded,0.387660,0.5,MMseqs local alignment; only aligned residue pairs without gaps and with valid labels compared
softdis,disprot,mmseqs_85,mmseqs,85.0,0.8,39,12644,continuous,binary,spearman,0.374181,0.5,MMseqs local alignment; only aligned residue pairs without gaps and with valid labels compared
softdis,disprot,mmseqs_80,mmseqs,80.0,0.8,39,12644,continuous,binary,auroc,0.883240,0.5,MMseqs local alignment; only aligned residue pairs without gaps and with valid labels compared
softdis,disprot,mmseqs_80,mmseqs,80.0,0.8,39,12644,continuous,binary,average_precision,0.406065,0.5,MMseqs local alignment; only aligned residue pairs without gaps and with valid labels compared
softdis,disprot,mmseqs_80,mmseqs,80.0,0.8,39,12644,continuous,binary,f1_thresholded,0.387660,0.5,MMseqs local alignment; only aligned residue pairs without gaps and with valid labels compared
softdis,disprot,mmseqs_80,mmseqs,80.0,0.8,39,12644,continuous,binary,spearman,0.374181,0.5,MMseqs local alignment; only aligned residue pairs without gaps and with valid labels compared
pdbflex,atlas,exact,sequence,,,25,2587,continuous,continuous,spearman,0.111006,0.5,
pdbflex,atlas,exact,sequence,,,25,2587,continuous,continuous,pearson,0.006635,0.5,
pdbflex,atlas,exact,sequence,,,25,2587,continuous,continuous,mae,0.905405,0.5,
pdbflex,atlas,exact,sequence,,,25,2587,continuous,continuous,rmse,1.718295,0.5,
pdbflex,atlas,mmseqs_100,mmseqs,100.0,0.8,30,3283,continuous,continuous,spearman,0.076226,0.5,MMseqs local alignment; only aligned residue pairs without gaps and with valid labels compared
pdbflex,atlas,mmseqs_100,mmseqs,100.0,0.8,30,3283,continuous,continuous,pearson,-0.013035,0.5,MMseqs local alignment; only aligned residue pairs without gaps and with valid labels compared
pdbflex,atlas,mmseqs_100,mmseqs,100.0,0.8,30,3283,continuous,continuous,mae,0.917506,0.5,MMseqs local alignment; only aligned residue pairs without gaps and with valid labels compared
pdbflex,atlas,mmseqs_100,mmseqs,100.0,0.8,30,3283,continuous,continuous,rmse,2.304498,0.5,MMseqs local alignment; only aligned residue pairs without gaps and with valid labels compared
pdbflex,atlas,mmseqs_98,mmseqs,98.0,0.8,40,6076,continuous,continuous,spearman,0.325149,0.5,MMseqs local alignment; only aligned residue pairs without gaps and with valid labels compared
pdbflex,atlas,mmseqs_98,mmseqs,98.0,0.8,40,6076,continuous,continuous,pearson,0.016056,0.5,MMseqs local alignment; only aligned residue pairs without gaps and with valid labels compared
pdbflex,atlas,mmseqs_98,mmseqs,98.0,0.8,40,6076,continuous,continuous,mae,0.729461,0.5,MMseqs local alignment; only aligned residue pairs without gaps and with valid labels compared
pdbflex,atlas,mmseqs_98,mmseqs,98.0,0.8,40,6076,continuous,continuous,rmse,1.801278,0.5,MMseqs local alignment; only aligned residue pairs without gaps and with valid labels compared
pdbflex,atlas,mmseqs_95,mmseqs,95.0,0.8,41,6181,continuous,continuous,spearman,0.318628,0.5,MMseqs local alignment; only aligned residue pairs without gaps and with valid labels compared
pdbflex,atlas,mmseqs_95,mmseqs,95.0,0.8,41,6181,continuous,continuous,pearson,0.016132,0.5,MMseqs local alignment; only aligned residue pairs without gaps and with valid labels compared
pdbflex,atlas,mmseqs_95,mmseqs,95.0,0.8,41,6181,continuous,continuous,mae,0.722537,0.5,MMseqs local alignment; only aligned residue pairs without gaps and with valid labels compared
pdbflex,atlas,mmseqs_95,mmseqs,95.0,0.8,41,6181,continuous,continuous,rmse,1.786562,0.5,MMseqs local alignment; only aligned residue pairs without gaps and with valid labels compared
pdbflex,atlas,mmseqs_90,mmseqs,90.0,0.8,46,6835,continuous,continuous,spearman,0.290880,0.5,MMseqs local alignment; only aligned residue pairs without gaps and with valid labels compared
pdbflex,atlas,mmseqs_90,mmseqs,90.0,0.8,46,6835,continuous,continuous,pearson,-0.000758,0.5,MMseqs local alignment; only aligned residue pairs without gaps and with valid labels compared
pdbflex,atlas,mmseqs_90,mmseqs,90.0,0.8,46,6835,continuous,continuous,mae,0.796701,0.5,MMseqs local alignment; only aligned residue pairs without gaps and with valid labels compared
pdbflex,atlas,mmseqs_90,mmseqs,90.0,0.8,46,6835,continuous,continuous,rmse,1.918880,0.5,MMseqs local alignment; only aligned residue pairs without gaps and with valid labels compared
pdbflex,atlas,mmseqs_85,mmseqs,85.0,0.8,48,7033,continuous,continuous,spearman,0.290261,0.5,MMseqs local alignment; only aligned residue pairs without gaps and with valid labels compared
pdbflex,atlas,mmseqs_85,mmseqs,85.0,0.8,48,7033,continuous,continuous,pearson,-0.000056,0.5,MMseqs local alignment; only aligned residue pairs without gaps and with valid labels compared
pdbflex,atlas,mmseqs_85,mmseqs,85.0,0.8,48,7033,continuous,continuous,mae,0.788269,0.5,MMseqs local alignment; only aligned residue pairs without gaps and with valid labels compared
pdbflex,atlas,mmseqs_85,mmseqs,85.0,0.8,48,7033,continuous,continuous,rmse,1.895585,0.5,MMseqs local alignment; only aligned residue pairs without gaps and with valid labels compared
pdbflex,atlas,mmseqs_80,mmseqs,80.0,0.8,49,7124,continuous,continuous,spearman,0.286866,0.5,MMseqs local alignment; only aligned residue pairs without gaps and with valid labels compared
pdbflex,atlas,mmseqs_80,mmseqs,80.0,0.8,49,7124,continuous,continuous,pearson,0.000273,0.5,MMseqs local alignment; only aligned residue pairs without gaps and with valid labels compared
pdbflex,atlas,mmseqs_80,mmseqs,80.0,0.8,49,7124,continuous,continuous,mae,0.783105,0.5,MMseqs local alignment; only aligned residue pairs without gaps and with valid labels compared
pdbflex,atlas,mmseqs_80,mmseqs,80.0,0.8,49,7124,continuous,continuous,rmse,1.884086,0.5,MMseqs local alignment; only aligned residue pairs without gaps and with valid labels compared
pdbflex,plddt,exact,sequence,,,6,1412,continuous,continuous,spearman,0.011500,0.5,pLDDT converted to disorder score as 1 - pLDDT / 100
pdbflex,plddt,exact,sequence,,,6,1412,continuous,continuous,pearson,0.088403,0.5,pLDDT converted to disorder score as 1 - pLDDT / 100
pdbflex,plddt,exact,sequence,,,6,1412,continuous,continuous,mae,0.264106,0.5,pLDDT converted to disorder score as 1 - pLDDT / 100
pdbflex,plddt,exact,sequence,,,6,1412,continuous,continuous,rmse,0.729843,0.5,pLDDT converted to disorder score as 1 - pLDDT / 100
pdbflex,plddt,mmseqs_100,mmseqs,100.0,0.8,31,5551,continuous,continuous,spearman,0.203041,0.5,pLDDT converted to disorder score as 1 - pLDDT / 100; MMseqs local alignment; only aligned residue pairs without gaps and with valid labels compared
pdbflex,plddt,mmseqs_100,mmseqs,100.0,0.8,31,5551,continuous,continuous,pearson,0.094590,0.5,pLDDT converted to disorder score as 1 - pLDDT / 100; MMseqs local alignment; only aligned residue pairs without gaps and with valid labels compared
pdbflex,plddt,mmseqs_100,mmseqs,100.0,0.8,31,5551,continuous,continuous,mae,0.819335,0.5,pLDDT converted to disorder score as 1 - pLDDT / 100; MMseqs local alignment; only aligned residue pairs without gaps and with valid labels compared
pdbflex,plddt,mmseqs_100,mmseqs,100.0,0.8,31,5551,continuous,continuous,rmse,6.261796,0.5,pLDDT converted to disorder score as 1 - pLDDT / 100; MMseqs local alignment; only aligned residue pairs without gaps and with valid labels compared
pdbflex,plddt,mmseqs_98,mmseqs,98.0,0.8,49,9020,continuous,continuous,spearman,0.224924,0.5,pLDDT converted to disorder score as 1 - pLDDT / 100; MMseqs local alignment; only aligned residue pairs without gaps and with valid labels compared
pdbflex,plddt,mmseqs_98,mmseqs,98.0,0.8,49,9020,continuous,continuous,pearson,0.089555,0.5,pLDDT converted to disorder score as 1 - pLDDT / 100; MMseqs local alignment; only aligned residue pairs without gaps and with valid labels compared
pdbflex,plddt,mmseqs_98,mmseqs,98.0,0.8,49,9020,continuous,continuous,mae,0.661989,0.5,pLDDT converted to disorder score as 1 - pLDDT / 100; MMseqs local alignment; only aligned residue pairs without gaps and with valid labels compared
pdbflex,plddt,mmseqs_98,mmseqs,98.0,0.8,49,9020,continuous,continuous,rmse,4.972838,0.5,pLDDT converted to disorder score as 1 - pLDDT / 100; MMseqs local alignment; only aligned residue pairs without gaps and with valid labels compared
pdbflex,plddt,mmseqs_95,mmseqs,95.0,0.8,50,9121,continuous,continuous,spearman,0.226518,0.5,pLDDT converted to disorder score as 1 - pLDDT / 100; MMseqs local alignment; only aligned residue pairs without gaps and with valid labels compared
pdbflex,plddt,mmseqs_95,mmseqs,95.0,0.8,50,9121,continuous,continuous,pearson,0.090506,0.5,pLDDT converted to disorder score as 1 - pLDDT / 100; MMseqs local alignment; only aligned residue pairs without gaps and with valid labels compared
pdbflex,plddt,mmseqs_95,mmseqs,95.0,0.8,50,9121,continuous,continuous,mae,0.660859,0.5,pLDDT converted to disorder score as 1 - pLDDT / 100; MMseqs local alignment; only aligned residue pairs without gaps and with valid labels compared
pdbflex,plddt,mmseqs_95,mmseqs,95.0,0.8,50,9121,continuous,continuous,rmse,4.946598,0.5,pLDDT converted to disorder score as 1 - pLDDT / 100; MMseqs local alignment; only aligned residue pairs without gaps and with valid labels compared
pdbflex,plddt,mmseqs_90,mmseqs,90.0,0.8,51,9663,continuous,continuous,spearman,0.283949,0.5,pLDDT converted to disorder score as 1 - pLDDT / 100; MMseqs local alignment; only aligned residue pairs without gaps and with valid labels compared
pdbflex,plddt,mmseqs_90,mmseqs,90.0,0.8,51,9663,continuous,continuous,pearson,0.093910,0.5,pLDDT converted to disorder score as 1 - pLDDT / 100; MMseqs local alignment; only aligned residue pairs without gaps and with valid labels compared
pdbflex,plddt,mmseqs_90,mmseqs,90.0,0.8,51,9663,continuous,continuous,mae,0.624388,0.5,pLDDT converted to disorder score as 1 - pLDDT / 100; MMseqs local alignment; only aligned residue pairs without gaps and with valid labels compared
pdbflex,plddt,mmseqs_90,mmseqs,90.0,0.8,51,9663,continuous,continuous,rmse,4.805870,0.5,pLDDT converted to disorder score as 1 - pLDDT / 100; MMseqs local alignment; only aligned residue pairs without gaps and with valid labels compared
pdbflex,plddt,mmseqs_85,mmseqs,85.0,0.8,54,10580,continuous,continuous,spearman,0.330764,0.5,pLDDT converted to disorder score as 1 - pLDDT / 100; MMseqs local alignment; only aligned residue pairs without gaps and with valid labels compared
pdbflex,plddt,mmseqs_85,mmseqs,85.0,0.8,54,10580,continuous,continuous,pearson,0.096154,0.5,pLDDT converted to disorder score as 1 - pLDDT / 100; MMseqs local alignment; only aligned residue pairs without gaps and with valid labels compared
pdbflex,plddt,mmseqs_85,mmseqs,85.0,0.8,54,10580,continuous,continuous,mae,0.580411,0.5,pLDDT converted to disorder score as 1 - pLDDT / 100; MMseqs local alignment; only aligned residue pairs without gaps and with valid labels compared
pdbflex,plddt,mmseqs_85,mmseqs,85.0,0.8,54,10580,continuous,continuous,rmse,4.594600,0.5,pLDDT converted to disorder score as 1 - pLDDT / 100; MMseqs local alignment; only aligned residue pairs without gaps and with valid labels compared
pdbflex,plddt,mmseqs_80,mmseqs,80.0,0.8,55,10785,continuous,continuous,spearman,0.339407,0.5,pLDDT converted to disorder score as 1 - pLDDT / 100; MMseqs local alignment; only aligned residue pairs without gaps and with valid labels compared
pdbflex,plddt,mmseqs_80,mmseqs,80.0,0.8,55,10785,continuous,continuous,pearson,0.112269,0.5,pLDDT converted to disorder score as 1 - pLDDT / 100; MMseqs local alignment; only aligned residue pairs without gaps and with valid labels compared
pdbflex,plddt,mmseqs_80,mmseqs,80.0,0.8,55,10785,continuous,continuous,mae,0.639155,0.5,pLDDT converted to disorder score as 1 - pLDDT / 100; MMseqs local alignment; only aligned residue pairs without gaps and with valid labels compared
pdbflex,plddt,mmseqs_80,mmseqs,80.0,0.8,55,10785,continuous,continuous,rmse,4.644575,0.5,pLDDT converted to disorder score as 1 - pLDDT / 100; MMseqs local alignment; only aligned residue pairs without gaps and with valid labels compared
pdbflex,disprot,exact,sequence,,,7,2335,continuous,binary,auroc,0.307951,0.5,
pdbflex,disprot,exact,sequence,,,7,2335,continuous,binary,average_precision,0.069130,0.5,
pdbflex,disprot,exact,sequence,,,7,2335,continuous,binary,f1_thresholded,0.162162,0.5,
pdbflex,disprot,exact,sequence,,,7,2335,continuous,binary,spearman,-0.151455,0.5,
pdbflex,disprot,mmseqs_100,mmseqs,100.0,0.8,17,5577,continuous,binary,auroc,0.343245,0.5,MMseqs local alignment; only aligned residue pairs without gaps and with valid labels compared
pdbflex,disprot,mmseqs_100,mmseqs,100.0,0.8,17,5577,continuous,binary,average_precision,0.066267,0.5,MMseqs local alignment; only aligned residue pairs without gaps and with valid labels compared
pdbflex,disprot,mmseqs_100,mmseqs,100.0,0.8,17,5577,continuous,binary,f1_thresholded,0.129666,0.5,MMseqs local alignment; only aligned residue pairs without gaps and with valid labels compared
pdbflex,disprot,mmseqs_100,mmseqs,100.0,0.8,17,5577,continuous,binary,spearman,-0.128495,0.5,MMseqs local alignment; only aligned residue pairs without gaps and with valid labels compared
pdbflex,disprot,mmseqs_98,mmseqs,98.0,0.8,27,8493,continuous,binary,auroc,0.276944,0.5,MMseqs local alignment; only aligned residue pairs without gaps and with valid labels compared
pdbflex,disprot,mmseqs_98,mmseqs,98.0,0.8,27,8493,continuous,binary,average_precision,0.076675,0.5,MMseqs local alignment; only aligned residue pairs without gaps and with valid labels compared
pdbflex,disprot,mmseqs_98,mmseqs,98.0,0.8,27,8493,continuous,binary,f1_thresholded,0.120206,0.5,MMseqs local alignment; only aligned residue pairs without gaps and with valid labels compared
pdbflex,disprot,mmseqs_98,mmseqs,98.0,0.8,27,8493,continuous,binary,spearman,-0.196630,0.5,MMseqs local alignment; only aligned residue pairs without gaps and with valid labels compared
pdbflex,disprot,mmseqs_95,mmseqs,95.0,0.8,28,8665,continuous,binary,auroc,0.276237,0.5,MMseqs local alignment; only aligned residue pairs without gaps and with valid labels compared
pdbflex,disprot,mmseqs_95,mmseqs,95.0,0.8,28,8665,continuous,binary,average_precision,0.074710,0.5,MMseqs local alignment; only aligned residue pairs without gaps and with valid labels compared
pdbflex,disprot,mmseqs_95,mmseqs,95.0,0.8,28,8665,continuous,binary,f1_thresholded,0.116279,0.5,MMseqs local alignment; only aligned residue pairs without gaps and with valid labels compared
pdbflex,disprot,mmseqs_95,mmseqs,95.0,0.8,28,8665,continuous,binary,spearman,-0.195429,0.5,MMseqs local alignment; only aligned residue pairs without gaps and with valid labels compared
pdbflex,disprot,mmseqs_90,mmseqs,90.0,0.8,29,9734,continuous,binary,auroc,0.277076,0.5,MMseqs local alignment; only aligned residue pairs without gaps and with valid labels compared
pdbflex,disprot,mmseqs_90,mmseqs,90.0,0.8,29,9734,continuous,binary,average_precision,0.070411,0.5,MMseqs local alignment; only aligned residue pairs without gaps and with valid labels compared
pdbflex,disprot,mmseqs_90,mmseqs,90.0,0.8,29,9734,continuous,binary,f1_thresholded,0.112480,0.5,MMseqs local alignment; only aligned residue pairs without gaps and with valid labels compared
pdbflex,disprot,mmseqs_90,mmseqs,90.0,0.8,29,9734,continuous,binary,spearman,-0.187034,0.5,MMseqs local alignment; only aligned residue pairs without gaps and with valid labels compared
pdbflex,disprot,mmseqs_85,mmseqs,85.0,0.8,30,10212,continuous,binary,auroc,0.274089,0.5,MMseqs local alignment; only aligned residue pairs without gaps and with valid labels compared
pdbflex,disprot,mmseqs_85,mmseqs,85.0,0.8,30,10212,continuous,binary,average_precision,0.068471,0.5,MMseqs local alignment; only aligned residue pairs without gaps and with valid labels compared
pdbflex,disprot,mmseqs_85,mmseqs,85.0,0.8,30,10212,continuous,binary,f1_thresholded,0.109375,0.5,MMseqs local alignment; only aligned residue pairs without gaps and with valid labels compared
pdbflex,disprot,mmseqs_85,mmseqs,85.0,0.8,30,10212,continuous,binary,spearman,-0.187322,0.5,MMseqs local alignment; only aligned residue pairs without gaps and with valid labels compared
pdbflex,disprot,mmseqs_80,mmseqs,80.0,0.8,30,10212,continuous,binary,auroc,0.274089,0.5,MMseqs local alignment; only aligned residue pairs without gaps and with valid labels compared
pdbflex,disprot,mmseqs_80,mmseqs,80.0,0.8,30,10212,continuous,binary,average_precision,0.068471,0.5,MMseqs local alignment; only aligned residue pairs without gaps and with valid labels compared
pdbflex,disprot,mmseqs_80,mmseqs,80.0,0.8,30,10212,continuous,binary,f1_thresholded,0.109375,0.5,MMseqs local alignment; only aligned residue pairs without gaps and with valid labels compared
pdbflex,disprot,mmseqs_80,mmseqs,80.0,0.8,30,10212,continuous,binary,spearman,-0.187322,0.5,MMseqs local alignment; only aligned residue pairs without gaps and with valid labels compared
atlas,plddt,exact,sequence,,,2,424,continuous,continuous,spearman,0.295052,0.5,pLDDT converted to disorder score as 1 - pLDDT / 100
atlas,plddt,exact,sequence,,,2,424,continuous,continuous,pearson,0.514756,0.5,pLDDT converted to disorder score as 1 - pLDDT / 100
atlas,plddt,exact,sequence,,,2,424,continuous,continuous,mae,0.390633,0.5,pLDDT converted to disorder score as 1 - pLDDT / 100
atlas,plddt,exact,sequence,,,2,424,continuous,continuous,rmse,0.455516,0.5,pLDDT converted to disorder score as 1 - pLDDT / 100
atlas,plddt,mmseqs_100,mmseqs,100.0,0.8,3,528,continuous,continuous,spearman,0.347832,0.5,pLDDT converted to disorder score as 1 - pLDDT / 100; MMseqs local alignment; only aligned residue pairs without gaps and with valid labels compared
atlas,plddt,mmseqs_100,mmseqs,100.0,0.8,3,528,continuous,continuous,pearson,0.508427,0.5,pLDDT converted to disorder score as 1 - pLDDT / 100; MMseqs local alignment; only aligned residue pairs without gaps and with valid labels compared
atlas,plddt,mmseqs_100,mmseqs,100.0,0.8,3,528,continuous,continuous,mae,0.395211,0.5,pLDDT converted to disorder score as 1 - pLDDT / 100; MMseqs local alignment; only aligned residue pairs without gaps and with valid labels compared
atlas,plddt,mmseqs_100,mmseqs,100.0,0.8,3,528,continuous,continuous,rmse,0.450702,0.5,pLDDT converted to disorder score as 1 - pLDDT / 100; MMseqs local alignment; only aligned residue pairs without gaps and with valid labels compared
atlas,plddt,mmseqs_98,mmseqs,98.0,0.8,4,672,continuous,continuous,spearman,0.204065,0.5,pLDDT converted to disorder score as 1 - pLDDT / 100; MMseqs local alignment; only aligned residue pairs without gaps and with valid labels compared
atlas,plddt,mmseqs_98,mmseqs,98.0,0.8,4,672,continuous,continuous,pearson,0.483942,0.5,pLDDT converted to disorder score as 1 - pLDDT / 100; MMseqs local alignment; only aligned residue pairs without gaps and with valid labels compared
atlas,plddt,mmseqs_98,mmseqs,98.0,0.8,4,672,continuous,continuous,mae,0.474830,0.5,pLDDT converted to disorder score as 1 - pLDDT / 100; MMseqs local alignment; only aligned residue pairs without gaps and with valid labels compared
atlas,plddt,mmseqs_98,mmseqs,98.0,0.8,4,672,continuous,continuous,rmse,0.671062,0.5,pLDDT converted to disorder score as 1 - pLDDT / 100; MMseqs local alignment; only aligned residue pairs without gaps and with valid labels compared
atlas,plddt,mmseqs_95,mmseqs,95.0,0.8,5,737,continuous,continuous,spearman,0.250323,0.5,pLDDT converted to disorder score as 1 - pLDDT / 100; MMseqs local alignment; only aligned residue pairs without gaps and with valid labels compared
atlas,plddt,mmseqs_95,mmseqs,95.0,0.8,5,737,continuous,continuous,pearson,0.295712,0.5,pLDDT converted to disorder score as 1 - pLDDT / 100; MMseqs local alignment; only aligned residue pairs without gaps and with valid labels compared
atlas,plddt,mmseqs_95,mmseqs,95.0,0.8,5,737,continuous,continuous,mae,0.814884,0.5,pLDDT converted to disorder score as 1 - pLDDT / 100; MMseqs local alignment; only aligned residue pairs without gaps and with valid labels compared
atlas,plddt,mmseqs_95,mmseqs,95.0,0.8,5,737,continuous,continuous,rmse,1.739307,0.5,pLDDT converted to disorder score as 1 - pLDDT / 100; MMseqs local alignment; only aligned residue pairs without gaps and with valid labels compared
atlas,plddt,mmseqs_90,mmseqs,90.0,0.8,5,737,continuous,continuous,spearman,0.250323,0.5,pLDDT converted to disorder score as 1 - pLDDT / 100; MMseqs local alignment; only aligned residue pairs without gaps and with valid labels compared
atlas,plddt,mmseqs_90,mmseqs,90.0,0.8,5,737,continuous,continuous,pearson,0.295712,0.5,pLDDT converted to disorder score as 1 - pLDDT / 100; MMseqs local alignment; only aligned residue pairs without gaps and with valid labels compared
atlas,plddt,mmseqs_90,mmseqs,90.0,0.8,5,737,continuous,continuous,mae,0.814884,0.5,pLDDT converted to disorder score as 1 - pLDDT / 100; MMseqs local alignment; only aligned residue pairs without gaps and with valid labels compared
atlas,plddt,mmseqs_90,mmseqs,90.0,0.8,5,737,continuous,continuous,rmse,1.739307,0.5,pLDDT converted to disorder score as 1 - pLDDT / 100; MMseqs local alignment; only aligned residue pairs without gaps and with valid labels compared
atlas,plddt,mmseqs_85,mmseqs,85.0,0.8,5,737,continuous,continuous,spearman,0.250323,0.5,pLDDT converted to disorder score as 1 - pLDDT / 100; MMseqs local alignment; only aligned residue pairs without gaps and with valid labels compared
atlas,plddt,mmseqs_85,mmseqs,85.0,0.8,5,737,continuous,continuous,pearson,0.295712,0.5,pLDDT converted to disorder score as 1 - pLDDT / 100; MMseqs local alignment; only aligned residue pairs without gaps and with valid labels compared
atlas,plddt,mmseqs_85,mmseqs,85.0,0.8,5,737,continuous,continuous,mae,0.814884,0.5,pLDDT converted to disorder score as 1 - pLDDT / 100; MMseqs local alignment; only aligned residue pairs without gaps and with valid labels compared
atlas,plddt,mmseqs_85,mmseqs,85.0,0.8,5,737,continuous,continuous,rmse,1.739307,0.5,pLDDT converted to disorder score as 1 - pLDDT / 100; MMseqs local alignment; only aligned residue pairs without gaps and with valid labels compared
atlas,plddt,mmseqs_80,mmseqs,80.0,0.8,5,737,continuous,continuous,spearman,0.250323,0.5,pLDDT converted to disorder score as 1 - pLDDT / 100; MMseqs local alignment; only aligned residue pairs without gaps and with valid labels compared
atlas,plddt,mmseqs_80,mmseqs,80.0,0.8,5,737,continuous,continuous,pearson,0.295712,0.5,pLDDT converted to disorder score as 1 - pLDDT / 100; MMseqs local alignment; only aligned residue pairs without gaps and with valid labels compared
atlas,plddt,mmseqs_80,mmseqs,80.0,0.8,5,737,continuous,continuous,mae,0.814884,0.5,pLDDT converted to disorder score as 1 - pLDDT / 100; MMseqs local alignment; only aligned residue pairs without gaps and with valid labels compared
atlas,plddt,mmseqs_80,mmseqs,80.0,0.8,5,737,continuous,continuous,rmse,1.739307,0.5,pLDDT converted to disorder score as 1 - pLDDT / 100; MMseqs local alignment; only aligned residue pairs without gaps and with valid labels compared
atlas,disprot,exact,none,,,0,0,continuous,binary,no_overlap,,0.5,no exact ID or exact sequence overlap with enough comparable residues
atlas,disprot,mmseqs_100,mmseqs,100.0,0.8,1,60,continuous,binary,auroc,,0.5,MMseqs local alignment; only aligned residue pairs without gaps and with valid labels compared; AUROC/AP/F1 undefined because binary annotation has one class
atlas,disprot,mmseqs_100,mmseqs,100.0,0.8,1,60,continuous,binary,average_precision,,0.5,MMseqs local alignment; only aligned residue pairs without gaps and with valid labels compared; AUROC/AP/F1 undefined because binary annotation has one class
atlas,disprot,mmseqs_100,mmseqs,100.0,0.8,1,60,continuous,binary,f1_thresholded,,0.5,MMseqs local alignment; only aligned residue pairs without gaps and with valid labels compared; AUROC/AP/F1 undefined because binary annotation has one class
atlas,disprot,mmseqs_100,mmseqs,100.0,0.8,1,60,continuous,binary,spearman,,0.5,MMseqs local alignment; only aligned residue pairs without gaps and with valid labels compared; Spearman undefined because one input has fewer than two values
atlas,disprot,mmseqs_98,mmseqs,98.0,0.8,2,286,continuous,binary,auroc,0.861182,0.5,MMseqs local alignment; only aligned residue pairs without gaps and with valid labels compared
atlas,disprot,mmseqs_98,mmseqs,98.0,0.8,2,286,continuous,binary,average_precision,0.764991,0.5,MMseqs local alignment; only aligned residue pairs without gaps and with valid labels compared
atlas,disprot,mmseqs_98,mmseqs,98.0,0.8,2,286,continuous,binary,f1_thresholded,0.670157,0.5,MMseqs local alignment; only aligned residue pairs without gaps and with valid labels compared
atlas,disprot,mmseqs_98,mmseqs,98.0,0.8,2,286,continuous,binary,spearman,0.554973,0.5,MMseqs local alignment; only aligned residue pairs without gaps and with valid labels compared
atlas,disprot,mmseqs_95,mmseqs,95.0,0.8,2,286,continuous,binary,auroc,0.861182,0.5,MMseqs local alignment; only aligned residue pairs without gaps and with valid labels compared
atlas,disprot,mmseqs_95,mmseqs,95.0,0.8,2,286,continuous,binary,average_precision,0.764991,0.5,MMseqs local alignment; only aligned residue pairs without gaps and with valid labels compared
atlas,disprot,mmseqs_95,mmseqs,95.0,0.8,2,286,continuous,binary,f1_thresholded,0.670157,0.5,MMseqs local alignment; only aligned residue pairs without gaps and with valid labels compared
atlas,disprot,mmseqs_95,mmseqs,95.0,0.8,2,286,continuous,binary,spearman,0.554973,0.5,MMseqs local alignment; only aligned residue pairs without gaps and with valid labels compared
atlas,disprot,mmseqs_90,mmseqs,90.0,0.8,3,1337,continuous,binary,auroc,0.843063,0.5,MMseqs local alignment; only aligned residue pairs without gaps and with valid labels compared
atlas,disprot,mmseqs_90,mmseqs,90.0,0.8,3,1337,continuous,binary,average_precision,0.294488,0.5,MMseqs local alignment; only aligned residue pairs without gaps and with valid labels compared
atlas,disprot,mmseqs_90,mmseqs,90.0,0.8,3,1337,continuous,binary,f1_thresholded,0.266112,0.5,MMseqs local alignment; only aligned residue pairs without gaps and with valid labels compared
atlas,disprot,mmseqs_90,mmseqs,90.0,0.8,3,1337,continuous,binary,spearman,0.276863,0.5,MMseqs local alignment; only aligned residue pairs without gaps and with valid labels compared
atlas,disprot,mmseqs_85,mmseqs,85.0,0.8,3,1337,continuous,binary,auroc,0.843063,0.5,MMseqs local alignment; only aligned residue pairs without gaps and with valid labels compared
atlas,disprot,mmseqs_85,mmseqs,85.0,0.8,3,1337,continuous,binary,average_precision,0.294488,0.5,MMseqs local alignment; only aligned residue pairs without gaps and with valid labels compared
atlas,disprot,mmseqs_85,mmseqs,85.0,0.8,3,1337,continuous,binary,f1_thresholded,0.266112,0.5,MMseqs local alignment; only aligned residue pairs without gaps and with valid labels compared
atlas,disprot,mmseqs_85,mmseqs,85.0,0.8,3,1337,continuous,binary,spearman,0.276863,0.5,MMseqs local alignment; only aligned residue pairs without gaps and with valid labels compared
atlas,disprot,mmseqs_80,mmseqs,80.0,0.8,3,1337,continuous,binary,auroc,0.843063,0.5,MMseqs local alignment; only aligned residue pairs without gaps and with valid labels compared
atlas,disprot,mmseqs_80,mmseqs,80.0,0.8,3,1337,continuous,binary,average_precision,0.294488,0.5,MMseqs local alignment; only aligned residue pairs without gaps and with valid labels compared
atlas,disprot,mmseqs_80,mmseqs,80.0,0.8,3,1337,continuous,binary,f1_thresholded,0.266112,0.5,MMseqs local alignment; only aligned residue pairs without gaps and with valid labels compared
atlas,disprot,mmseqs_80,mmseqs,80.0,0.8,3,1337,continuous,binary,spearman,0.276863,0.5,MMseqs local alignment; only aligned residue pairs without gaps and with valid labels compared
plddt,disprot,exact,none,,,0,0,continuous,binary,no_overlap,,0.5,no exact ID or exact sequence overlap with enough comparable residues
plddt,disprot,mmseqs_100,none,100.0,0.8,0,0,continuous,binary,no_overlap,,0.5,"no MMseqs hit passed identity, coverage, and comparable-residue filters"
plddt,disprot,mmseqs_98,mmseqs,98.0,0.8,3,603,continuous,binary,auroc,0.958351,0.5,pLDDT converted to disorder score as 1 - pLDDT / 100; MMseqs local alignment; only aligned residue pairs without gaps and with valid labels compared
plddt,disprot,mmseqs_98,mmseqs,98.0,0.8,3,603,continuous,binary,average_precision,0.843168,0.5,pLDDT converted to disorder score as 1 - pLDDT / 100; MMseqs local alignment; only aligned residue pairs without gaps and with valid labels compared
plddt,disprot,mmseqs_98,mmseqs,98.0,0.8,3,603,continuous,binary,f1_thresholded,0.404624,0.5,pLDDT converted to disorder score as 1 - pLDDT / 100; MMseqs local alignment; only aligned residue pairs without gaps and with valid labels compared
plddt,disprot,mmseqs_98,mmseqs,98.0,0.8,3,603,continuous,binary,spearman,0.660111,0.5,pLDDT converted to disorder score as 1 - pLDDT / 100; MMseqs local alignment; only aligned residue pairs without gaps and with valid labels compared
plddt,disprot,mmseqs_95,mmseqs,95.0,0.8,9,1270,continuous,binary,auroc,0.961906,0.5,pLDDT converted to disorder score as 1 - pLDDT / 100; MMseqs local alignment; only aligned residue pairs without gaps and with valid labels compared
plddt,disprot,mmseqs_95,mmseqs,95.0,0.8,9,1270,continuous,binary,average_precision,0.919638,0.5,pLDDT converted to disorder score as 1 - pLDDT / 100; MMseqs local alignment; only aligned residue pairs without gaps and with valid labels compared
plddt,disprot,mmseqs_95,mmseqs,95.0,0.8,9,1270,continuous,binary,f1_thresholded,0.490161,0.5,pLDDT converted to disorder score as 1 - pLDDT / 100; MMseqs local alignment; only aligned residue pairs without gaps and with valid labels compared
plddt,disprot,mmseqs_95,mmseqs,95.0,0.8,9,1270,continuous,binary,spearman,0.751432,0.5,pLDDT converted to disorder score as 1 - pLDDT / 100; MMseqs local alignment; only aligned residue pairs without gaps and with valid labels compared
plddt,disprot,mmseqs_90,mmseqs,90.0,0.8,13,1698,continuous,binary,auroc,0.967894,0.5,pLDDT converted to disorder score as 1 - pLDDT / 100; MMseqs local alignment; only aligned residue pairs without gaps and with valid labels compared
plddt,disprot,mmseqs_90,mmseqs,90.0,0.8,13,1698,continuous,binary,average_precision,0.938969,0.5,pLDDT converted to disorder score as 1 - pLDDT / 100; MMseqs local alignment; only aligned residue pairs without gaps and with valid labels compared
plddt,disprot,mmseqs_90,mmseqs,90.0,0.8,13,1698,continuous,binary,f1_thresholded,0.551887,0.5,pLDDT converted to disorder score as 1 - pLDDT / 100; MMseqs local alignment; only aligned residue pairs without gaps and with valid labels compared
plddt,disprot,mmseqs_90,mmseqs,90.0,0.8,13,1698,continuous,binary,spearman,0.777373,0.5,pLDDT converted to disorder score as 1 - pLDDT / 100; MMseqs local alignment; only aligned residue pairs without gaps and with valid labels compared
plddt,disprot,mmseqs_85,mmseqs,85.0,0.8,15,2088,continuous,binary,auroc,0.975453,0.5,pLDDT converted to disorder score as 1 - pLDDT / 100; MMseqs local alignment; only aligned residue pairs without gaps and with valid labels compared
plddt,disprot,mmseqs_85,mmseqs,85.0,0.8,15,2088,continuous,binary,average_precision,0.957298,0.5,pLDDT converted to disorder score as 1 - pLDDT / 100; MMseqs local alignment; only aligned residue pairs without gaps and with valid labels compared
plddt,disprot,mmseqs_85,mmseqs,85.0,0.8,15,2088,continuous,binary,f1_thresholded,0.593833,0.5,pLDDT converted to disorder score as 1 - pLDDT / 100; MMseqs local alignment; only aligned residue pairs without gaps and with valid labels compared
plddt,disprot,mmseqs_85,mmseqs,85.0,0.8,15,2088,continuous,binary,spearman,0.799367,0.5,pLDDT converted to disorder score as 1 - pLDDT / 100; MMseqs local alignment; only aligned residue pairs without gaps and with valid labels compared
plddt,disprot,mmseqs_80,mmseqs,80.0,0.8,18,2461,continuous,binary,auroc,0.882670,0.5,pLDDT converted to disorder score as 1 - pLDDT / 100; MMseqs local alignment; only aligned residue pairs without gaps and with valid labels compared
plddt,disprot,mmseqs_80,mmseqs,80.0,0.8,18,2461,continuous,binary,average_precision,0.826674,0.5,pLDDT converted to disorder score as 1 - pLDDT / 100; MMseqs local alignment; only aligned residue pairs without gaps and with valid labels compared
plddt,disprot,mmseqs_80,mmseqs,80.0,0.8,18,2461,continuous,binary,f1_thresholded,0.485632,0.5,pLDDT converted to disorder score as 1 - pLDDT / 100; MMseqs local alignment; only aligned residue pairs without gaps and with valid labels compared
plddt,disprot,mmseqs_80,mmseqs,80.0,0.8,18,2461,continuous,binary,spearman,0.651284,0.5,pLDDT converted to disorder score as 1 - pLDDT / 100; MMseqs local alignment; only aligned residue pairs without gaps and with valid labels compared
