dataset_a,dataset_b,comparison_level,protein_id_a,protein_id_b,sequence_length,n_residues_compared,match_mode,percent_identity,query_coverage,target_coverage,alignment_length
trizod,chezod,exact,16904_1_1_1,6968,140,138,sequence,,,,
trizod,chezod,mmseqs_100,16904_1_1_1,6968,140,138,mmseqs,100.000000,1.000000,1.000000,140
trizod,chezod,mmseqs_98,16904_1_1_1,6968,140,138,mmseqs,100.000000,1.000000,1.000000,140
trizod,chezod,mmseqs_98,30150_1_1_1,19521,212,210,mmseqs,99.500000,1.000000,1.000000,212
trizod,chezod,mmseqs_95,16904_1_1_1,6968,140,138,mmseqs,100.000000,1.000000,1.000000,140
trizod,chezod,mmseqs_95,30150_1_1_1,19521,212,210,mmseqs,99.500000,1.000000,1.000000,212
trizod,chezod,mmseqs_90,16904_1_1_1,6968,140,138,mmseqs,100.000000,1.000000,1.000000,140
trizod,chezod,mmseqs_90,30150_1_1_1,19521,212,210,mmseqs,99.500000,1.000000,1.000000,212
trizod,chezod,mmseqs_85,16904_1_1_1,6968,140,138,mmseqs,100.000000,1.000000,1.000000,140
trizod,chezod,mmseqs_85,30150_1_1_1,19521,212,210,mmseqs,99.500000,1.000000,1.000000,212
trizod,chezod,mmseqs_80,16904_1_1_1,6968,140,138,mmseqs,100.000000,1.000000,1.000000,140
trizod,chezod,mmseqs_80,30150_1_1_1,19521,212,210,mmseqs,99.500000,1.000000,1.000000,212
trizod,softdis,exact,18761_1_1_1,3dxe_C,140,133,sequence,,,,
trizod,softdis,exact,17793_1_1_1,2wk3_C,42,40,sequence,,,,
trizod,softdis,exact,17550_1_1_1,2yhn_A,79,77,sequence,,,,
trizod,softdis,exact,27540_1_1_1,8g26_C,117,115,sequence,,,,
trizod,softdis,exact,51255_1_1_1,7soo_A,99,88,sequence,,,,
trizod,softdis,exact,15094_1_1_1,1naq_A,112,110,sequence,,,,
trizod,softdis,mmseqs_100,15726_1_1_1,2von_A,197,190,mmseqs,100.000000,0.969543,0.989637,191
trizod,softdis,mmseqs_100,15197_1_1_1,3ox5_A,167,151,mmseqs,100.000000,0.910180,0.993464,152
trizod,softdis,mmseqs_100,19214_1_1_1,6upp_A,165,145,mmseqs,100.000000,0.909091,1.000000,150
trizod,softdis,mmseqs_100,50392_1_1_1,9fz4_A,151,131,mmseqs,100.000000,0.867550,1.000000,131
trizod,softdis,mmseqs_100,18761_1_1_1,3dxe_C,140,133,mmseqs,100.000000,1.000000,1.000000,140
trizod,softdis,mmseqs_100,15760_1_1_1,2vzc_A,129,127,mmseqs,100.000000,1.000000,0.984733,129
trizod,softdis,mmseqs_100,18142_1_1_1,4lk9_A,110,106,mmseqs,100.000000,1.000000,0.808824,110
trizod,softdis,mmseqs_100,27540_1_1_1,8g26_C,117,115,mmseqs,100.000000,1.000000,1.000000,117
trizod,softdis,mmseqs_100,15813_1_1_1,1oms_C,117,115,mmseqs,100.000000,1.000000,0.966942,117
trizod,softdis,mmseqs_100,15094_1_1_1,1naq_A,112,110,mmseqs,100.000000,1.000000,1.000000,112
trizod,softdis,mmseqs_100,50368_1_1_1,6gbg_D,108,106,mmseqs,100.000000,0.990741,0.930435,107
trizod,softdis,mmseqs_100,16741_1_1_1,1bxa_A,106,104,mmseqs,100.000000,0.990566,1.000000,105
trizod,softdis,mmseqs_100,19943_1_1_1,5hbl_A,108,106,mmseqs,100.000000,1.000000,0.850394,108
trizod,softdis,mmseqs_100,16353_1_1_1,6kc4_A,116,100,mmseqs,100.000000,0.862069,0.980392,100
trizod,softdis,mmseqs_100,25305_1_1_1,2wwk_T,101,95,mmseqs,100.000000,0.990099,0.980392,100
trizod,softdis,mmseqs_100,11471_1_2_2,1aue_A,94,92,mmseqs,100.000000,1.000000,0.940000,94
trizod,softdis,mmseqs_100,51255_1_1_1,7soo_A,99,88,mmseqs,100.000000,1.000000,1.000000,99
trizod,softdis,mmseqs_100,11055_1_1_1,2aoa_A,100,93,mmseqs,100.000000,0.940000,0.949495,94
trizod,softdis,mmseqs_100,17550_1_1_1,2yhn_A,79,77,mmseqs,100.000000,1.000000,1.000000,79
trizod,softdis,mmseqs_100,17808_1_1_1,3t6r_A,69,66,mmseqs,100.000000,0.956522,0.916667,66
trizod,softdis,mmseqs_100,30556_1_1_1,6pce_A,81,68,mmseqs,100.000000,0.864198,1.000000,70
trizod,softdis,mmseqs_100,27424_2_2_1,4w4m_A,74,72,mmseqs,100.000000,1.000000,0.948718,74
trizod,softdis,mmseqs_100,16468_1_1_1,4fz0_M,41,39,mmseqs,100.000000,0.975610,1.000000,40
trizod,softdis,mmseqs_100,17793_1_1_1,2wk3_C,42,40,mmseqs,100.000000,1.000000,1.000000,42
trizod,softdis,mmseqs_100,30755_1_1_1,5wob_a,21,19,mmseqs,100.000000,0.952381,1.000000,20
trizod,softdis,mmseqs_98,15726_1_1_1,2von_A,197,190,mmseqs,100.000000,0.969543,0.989637,191
trizod,softdis,mmseqs_98,15197_1_1_1,3ox5_A,167,151,mmseqs,100.000000,0.910180,0.993464,152
trizod,softdis,mmseqs_98,19214_1_1_1,6upp_A,165,145,mmseqs,100.000000,0.909091,1.000000,150
trizod,softdis,mmseqs_98,50392_1_1_1,9fz4_A,151,131,mmseqs,100.000000,0.867550,1.000000,131
trizod,softdis,mmseqs_98,18761_1_1_1,3dxe_C,140,133,mmseqs,100.000000,1.000000,1.000000,140
trizod,softdis,mmseqs_98,15760_1_1_1,2vzc_A,129,127,mmseqs,100.000000,1.000000,0.984733,129
trizod,softdis,mmseqs_98,18142_1_1_1,4lk9_A,110,106,mmseqs,100.000000,1.000000,0.808824,110
trizod,softdis,mmseqs_98,27540_1_1_1,8g26_C,117,115,mmseqs,100.000000,1.000000,1.000000,117
trizod,softdis,mmseqs_98,15813_1_1_1,1oms_C,117,115,mmseqs,100.000000,1.000000,0.966942,117
trizod,softdis,mmseqs_98,15094_1_1_1,1naq_A,112,110,mmseqs,100.000000,1.000000,1.000000,112
trizod,softdis,mmseqs_98,50368_1_1_1,6gbg_D,108,106,mmseqs,100.000000,0.990741,0.930435,107
trizod,softdis,mmseqs_98,16741_1_1_1,1bxa_A,106,104,mmseqs,100.000000,0.990566,1.000000,105
trizod,softdis,mmseqs_98,19943_1_1_1,5hbl_A,108,106,mmseqs,100.000000,1.000000,0.850394,108
trizod,softdis,mmseqs_98,16353_1_1_1,6kc4_A,116,100,mmseqs,100.000000,0.862069,0.980392,100
trizod,softdis,mmseqs_98,25305_1_1_1,2wwk_T,101,95,mmseqs,100.000000,0.990099,0.980392,100
trizod,softdis,mmseqs_98,11471_1_2_2,1aue_A,94,92,mmseqs,100.000000,1.000000,0.940000,94
trizod,softdis,mmseqs_98,51255_1_1_1,7soo_A,99,88,mmseqs,100.000000,1.000000,1.000000,99
trizod,softdis,mmseqs_98,11055_1_1_1,2aoa_A,100,93,mmseqs,100.000000,0.940000,0.949495,94
trizod,softdis,mmseqs_98,17550_1_1_1,2yhn_A,79,77,mmseqs,100.000000,1.000000,1.000000,79
trizod,softdis,mmseqs_98,17808_1_1_1,3t6r_A,69,66,mmseqs,100.000000,0.956522,0.916667,66
trizod,softdis,mmseqs_98,30556_1_1_1,6pce_A,81,68,mmseqs,100.000000,0.864198,1.000000,70
trizod,softdis,mmseqs_98,27424_2_2_1,4w4m_A,74,72,mmseqs,100.000000,1.000000,0.948718,74
trizod,softdis,mmseqs_98,16468_1_1_1,4fz0_M,41,39,mmseqs,100.000000,0.975610,1.000000,40
trizod,softdis,mmseqs_98,17793_1_1_1,2wk3_C,42,40,mmseqs,100.000000,1.000000,1.000000,42
trizod,softdis,mmseqs_98,30755_1_1_1,5wob_a,21,19,mmseqs,100.000000,0.952381,1.000000,20
trizod,softdis,mmseqs_98,17602_1_1_1,3rsm_A,463,442,mmseqs,99.700000,1.000000,1.000000,463
trizod,softdis,mmseqs_98,26532_1_1_1,4s04_A,231,215,mmseqs,99.500000,1.000000,1.000000,232
trizod,softdis,mmseqs_98,28103_1_1_1,5vyo_A,200,198,mmseqs,99.500000,1.000000,1.000000,200
trizod,softdis,mmseqs_98,25728_1_1_1,1qfv_B,173,167,mmseqs,99.400000,0.988439,0.977143,171
trizod,softdis,mmseqs_98,30246_1_1_1,5ii7_A,135,131,mmseqs,99.200000,1.000000,0.978261,135
trizod,softdis,mmseqs_98,50650_1_1_1,4ahe_A,123,120,mmseqs,99.100000,1.000000,1.000000,123
trizod,softdis,mmseqs_98,15011_1_1_1,3q15_C,132,123,mmseqs,99.100000,0.939394,0.984127,124
trizod,softdis,mmseqs_98,26752_1_1_1,5d8e_A,128,109,mmseqs,99.000000,0.851562,0.947826,109
trizod,softdis,mmseqs_98,28074_1_1_1,3tkz_A,107,104,mmseqs,99.000000,0.981308,0.963303,105
trizod,softdis,mmseqs_98,50524_1_1_1,8yd8_J,185,172,mmseqs,98.800000,0.929730,0.950276,172
trizod,softdis,mmseqs_98,28028_1_1_1,5tte_E,154,152,mmseqs,98.700000,1.000000,0.922156,154
trizod,softdis,mmseqs_98,34379_1_1_1,1t2o_A,148,145,mmseqs,98.600000,0.986486,1.000000,146
trizod,softdis,mmseqs_98,11075_1_1_1,5lb7_B,78,73,mmseqs,98.600000,0.948718,0.925000,74
trizod,softdis,mmseqs_98,19824_1_1_1,1wwa_X,107,101,mmseqs,98.000000,0.953271,0.935780,102
trizod,softdis,mmseqs_95,15726_1_1_1,2von_A,197,190,mmseqs,100.000000,0.969543,0.989637,191
trizod,softdis,mmseqs_95,15197_1_1_1,3ox5_A,167,151,mmseqs,100.000000,0.910180,0.993464,152
trizod,softdis,mmseqs_95,19214_1_1_1,6upp_A,165,145,mmseqs,100.000000,0.909091,1.000000,150
trizod,softdis,mmseqs_95,50392_1_1_1,9fz4_A,151,131,mmseqs,100.000000,0.867550,1.000000,131
trizod,softdis,mmseqs_95,18761_1_1_1,3dxe_C,140,133,mmseqs,100.000000,1.000000,1.000000,140
trizod,softdis,mmseqs_95,15760_1_1_1,2vzc_A,129,127,mmseqs,100.000000,1.000000,0.984733,129
trizod,softdis,mmseqs_95,18142_1_1_1,4lk9_A,110,106,mmseqs,100.000000,1.000000,0.808824,110
trizod,softdis,mmseqs_95,27540_1_1_1,8g26_C,117,115,mmseqs,100.000000,1.000000,1.000000,117
trizod,softdis,mmseqs_95,15813_1_1_1,1oms_C,117,115,mmseqs,100.000000,1.000000,0.966942,117
trizod,softdis,mmseqs_95,15094_1_1_1,1naq_A,112,110,mmseqs,100.000000,1.000000,1.000000,112
trizod,softdis,mmseqs_95,50368_1_1_1,6gbg_D,108,106,mmseqs,100.000000,0.990741,0.930435,107
trizod,softdis,mmseqs_95,16741_1_1_1,1bxa_A,106,104,mmseqs,100.000000,0.990566,1.000000,105
trizod,softdis,mmseqs_95,19943_1_1_1,5hbl_A,108,106,mmseqs,100.000000,1.000000,0.850394,108
trizod,softdis,mmseqs_95,16353_1_1_1,6kc4_A,116,100,mmseqs,100.000000,0.862069,0.980392,100
trizod,softdis,mmseqs_95,25305_1_1_1,2wwk_T,101,95,mmseqs,100.000000,0.990099,0.980392,100
trizod,softdis,mmseqs_95,11471_1_2_2,1aue_A,94,92,mmseqs,100.000000,1.000000,0.940000,94
trizod,softdis,mmseqs_95,51255_1_1_1,7soo_A,99,88,mmseqs,100.000000,1.000000,1.000000,99
trizod,softdis,mmseqs_95,11055_1_1_1,2aoa_A,100,93,mmseqs,100.000000,0.940000,0.949495,94
trizod,softdis,mmseqs_95,17550_1_1_1,2yhn_A,79,77,mmseqs,100.000000,1.000000,1.000000,79
trizod,softdis,mmseqs_95,17808_1_1_1,3t6r_A,69,66,mmseqs,100.000000,0.956522,0.916667,66
trizod,softdis,mmseqs_95,30556_1_1_1,6pce_A,81,68,mmseqs,100.000000,0.864198,1.000000,70
trizod,softdis,mmseqs_95,27424_2_2_1,4w4m_A,74,72,mmseqs,100.000000,1.000000,0.948718,74
trizod,softdis,mmseqs_95,16468_1_1_1,4fz0_M,41,39,mmseqs,100.000000,0.975610,1.000000,40
trizod,softdis,mmseqs_95,17793_1_1_1,2wk3_C,42,40,mmseqs,100.000000,1.000000,1.000000,42
trizod,softdis,mmseqs_95,30755_1_1_1,5wob_a,21,19,mmseqs,100.000000,0.952381,1.000000,20
trizod,softdis,mmseqs_95,17602_1_1_1,3rsm_A,463,442,mmseqs,99.700000,1.000000,1.000000,463
trizod,softdis,mmseqs_95,26532_1_1_1,4s04_A,231,215,mmseqs,99.500000,1.000000,1.000000,232
trizod,softdis,mmseqs_95,28103_1_1_1,5vyo_A,200,198,mmseqs,99.500000,1.000000,1.000000,200
trizod,softdis,mmseqs_95,25728_1_1_1,1qfv_B,173,167,mmseqs,99.400000,0.988439,0.977143,171
trizod,softdis,mmseqs_95,30246_1_1_1,5ii7_A,135,131,mmseqs,99.200000,1.000000,0.978261,135
trizod,softdis,mmseqs_95,50650_1_1_1,4ahe_A,123,120,mmseqs,99.100000,1.000000,1.000000,123
trizod,softdis,mmseqs_95,15011_1_1_1,3q15_C,132,123,mmseqs,99.100000,0.939394,0.984127,124
trizod,softdis,mmseqs_95,26752_1_1_1,5d8e_A,128,109,mmseqs,99.000000,0.851562,0.947826,109
trizod,softdis,mmseqs_95,28074_1_1_1,3tkz_A,107,104,mmseqs,99.000000,0.981308,0.963303,105
trizod,softdis,mmseqs_95,50524_1_1_1,8yd8_J,185,172,mmseqs,98.800000,0.929730,0.950276,172
trizod,softdis,mmseqs_95,28028_1_1_1,5tte_E,154,152,mmseqs,98.700000,1.000000,0.922156,154
trizod,softdis,mmseqs_95,34379_1_1_1,1t2o_A,148,145,mmseqs,98.600000,0.986486,1.000000,146
trizod,softdis,mmseqs_95,11075_1_1_1,5lb7_B,78,73,mmseqs,98.600000,0.948718,0.925000,74
trizod,softdis,mmseqs_95,19824_1_1_1,1wwa_X,107,101,mmseqs,98.000000,0.953271,0.935780,102
trizod,softdis,mmseqs_95,15548_1_1_1,2oct_A,98,96,mmseqs,97.900000,1.000000,1.000000,98
trizod,softdis,mmseqs_95,34399_1_1_1,3gax_B,120,118,mmseqs,97.500000,1.000000,1.000000,120
trizod,softdis,mmseqs_95,50433_1_1_1,1lky_A,83,77,mmseqs,97.400000,0.927711,1.000000,77
trizod,softdis,mmseqs_95,30574_1_1_1,6nz3_A,98,93,mmseqs,95.900000,1.000000,1.000000,98
trizod,softdis,mmseqs_95,15511_1_1_1,7ylb_D,128,117,mmseqs,95.700000,0.921875,0.967213,118
trizod,softdis,mmseqs_90,15726_1_1_1,2von_A,197,190,mmseqs,100.000000,0.969543,0.989637,191
trizod,softdis,mmseqs_90,15197_1_1_1,3ox5_A,167,151,mmseqs,100.000000,0.910180,0.993464,152
trizod,softdis,mmseqs_90,19214_1_1_1,6upp_A,165,145,mmseqs,100.000000,0.909091,1.000000,150
trizod,softdis,mmseqs_90,50392_1_1_1,9fz4_A,151,131,mmseqs,100.000000,0.867550,1.000000,131
trizod,softdis,mmseqs_90,18761_1_1_1,3dxe_C,140,133,mmseqs,100.000000,1.000000,1.000000,140
trizod,softdis,mmseqs_90,15760_1_1_1,2vzc_A,129,127,mmseqs,100.000000,1.000000,0.984733,129
trizod,softdis,mmseqs_90,18142_1_1_1,4lk9_A,110,106,mmseqs,100.000000,1.000000,0.808824,110
trizod,softdis,mmseqs_90,27540_1_1_1,8g26_C,117,115,mmseqs,100.000000,1.000000,1.000000,117
trizod,softdis,mmseqs_90,15813_1_1_1,1oms_C,117,115,mmseqs,100.000000,1.000000,0.966942,117
trizod,softdis,mmseqs_90,15094_1_1_1,1naq_A,112,110,mmseqs,100.000000,1.000000,1.000000,112
trizod,softdis,mmseqs_90,50368_1_1_1,6gbg_D,108,106,mmseqs,100.000000,0.990741,0.930435,107
trizod,softdis,mmseqs_90,16741_1_1_1,1bxa_A,106,104,mmseqs,100.000000,0.990566,1.000000,105
trizod,softdis,mmseqs_90,19943_1_1_1,5hbl_A,108,106,mmseqs,100.000000,1.000000,0.850394,108
trizod,softdis,mmseqs_90,16353_1_1_1,6kc4_A,116,100,mmseqs,100.000000,0.862069,0.980392,100
trizod,softdis,mmseqs_90,25305_1_1_1,2wwk_T,101,95,mmseqs,100.000000,0.990099,0.980392,100
trizod,softdis,mmseqs_90,11471_1_2_2,1aue_A,94,92,mmseqs,100.000000,1.000000,0.940000,94
trizod,softdis,mmseqs_90,51255_1_1_1,7soo_A,99,88,mmseqs,100.000000,1.000000,1.000000,99
trizod,softdis,mmseqs_90,11055_1_1_1,2aoa_A,100,93,mmseqs,100.000000,0.940000,0.949495,94
trizod,softdis,mmseqs_90,17550_1_1_1,2yhn_A,79,77,mmseqs,100.000000,1.000000,1.000000,79
trizod,softdis,mmseqs_90,17808_1_1_1,3t6r_A,69,66,mmseqs,100.000000,0.956522,0.916667,66
trizod,softdis,mmseqs_90,30556_1_1_1,6pce_A,81,68,mmseqs,100.000000,0.864198,1.000000,70
trizod,softdis,mmseqs_90,27424_2_2_1,4w4m_A,74,72,mmseqs,100.000000,1.000000,0.948718,74
trizod,softdis,mmseqs_90,16468_1_1_1,4fz0_M,41,39,mmseqs,100.000000,0.975610,1.000000,40
trizod,softdis,mmseqs_90,17793_1_1_1,2wk3_C,42,40,mmseqs,100.000000,1.000000,1.000000,42
trizod,softdis,mmseqs_90,30755_1_1_1,5wob_a,21,19,mmseqs,100.000000,0.952381,1.000000,20
trizod,softdis,mmseqs_90,17602_1_1_1,3rsm_A,463,442,mmseqs,99.700000,1.000000,1.000000,463
trizod,softdis,mmseqs_90,26532_1_1_1,4s04_A,231,215,mmseqs,99.500000,1.000000,1.000000,232
trizod,softdis,mmseqs_90,28103_1_1_1,5vyo_A,200,198,mmseqs,99.500000,1.000000,1.000000,200
trizod,softdis,mmseqs_90,25728_1_1_1,1qfv_B,173,167,mmseqs,99.400000,0.988439,0.977143,171
trizod,softdis,mmseqs_90,30246_1_1_1,5ii7_A,135,131,mmseqs,99.200000,1.000000,0.978261,135
trizod,softdis,mmseqs_90,50650_1_1_1,4ahe_A,123,120,mmseqs,99.100000,1.000000,1.000000,123
trizod,softdis,mmseqs_90,15011_1_1_1,3q15_C,132,123,mmseqs,99.100000,0.939394,0.984127,124
trizod,softdis,mmseqs_90,26752_1_1_1,5d8e_A,128,109,mmseqs,99.000000,0.851562,0.947826,109
trizod,softdis,mmseqs_90,28074_1_1_1,3tkz_A,107,104,mmseqs,99.000000,0.981308,0.963303,105
trizod,softdis,mmseqs_90,50524_1_1_1,8yd8_J,185,172,mmseqs,98.800000,0.929730,0.950276,172
trizod,softdis,mmseqs_90,28028_1_1_1,5tte_E,154,152,mmseqs,98.700000,1.000000,0.922156,154
trizod,softdis,mmseqs_90,34379_1_1_1,1t2o_A,148,145,mmseqs,98.600000,0.986486,1.000000,146
trizod,softdis,mmseqs_90,11075_1_1_1,5lb7_B,78,73,mmseqs,98.600000,0.948718,0.925000,74
trizod,softdis,mmseqs_90,19824_1_1_1,1wwa_X,107,101,mmseqs,98.000000,0.953271,0.935780,102
trizod,softdis,mmseqs_90,15548_1_1_1,2oct_A,98,96,mmseqs,97.900000,1.000000,1.000000,98
trizod,softdis,mmseqs_90,34399_1_1_1,3gax_B,120,118,mmseqs,97.500000,1.000000,1.000000,120
trizod,softdis,mmseqs_90,50433_1_1_1,1lky_A,83,77,mmseqs,97.400000,0.927711,1.000000,77
trizod,softdis,mmseqs_90,30574_1_1_1,6nz3_A,98,93,mmseqs,95.900000,1.000000,1.000000,98
trizod,softdis,mmseqs_90,15511_1_1_1,7ylb_D,128,117,mmseqs,95.700000,0.921875,0.967213,118
trizod,softdis,mmseqs_90,27451_1_1_1,1gto_A,63,61,mmseqs,91.800000,0.968254,0.983871,61
trizod,softdis,mmseqs_85,15726_1_1_1,2von_A,197,190,mmseqs,100.000000,0.969543,0.989637,191
trizod,softdis,mmseqs_85,15197_1_1_1,3ox5_A,167,151,mmseqs,100.000000,0.910180,0.993464,152
trizod,softdis,mmseqs_85,19214_1_1_1,6upp_A,165,145,mmseqs,100.000000,0.909091,1.000000,150
trizod,softdis,mmseqs_85,50392_1_1_1,9fz4_A,151,131,mmseqs,100.000000,0.867550,1.000000,131
trizod,softdis,mmseqs_85,18761_1_1_1,3dxe_C,140,133,mmseqs,100.000000,1.000000,1.000000,140
trizod,softdis,mmseqs_85,15760_1_1_1,2vzc_A,129,127,mmseqs,100.000000,1.000000,0.984733,129
trizod,softdis,mmseqs_85,18142_1_1_1,4lk9_A,110,106,mmseqs,100.000000,1.000000,0.808824,110
trizod,softdis,mmseqs_85,27540_1_1_1,8g26_C,117,115,mmseqs,100.000000,1.000000,1.000000,117
trizod,softdis,mmseqs_85,15813_1_1_1,1oms_C,117,115,mmseqs,100.000000,1.000000,0.966942,117
trizod,softdis,mmseqs_85,15094_1_1_1,1naq_A,112,110,mmseqs,100.000000,1.000000,1.000000,112
trizod,softdis,mmseqs_85,50368_1_1_1,6gbg_D,108,106,mmseqs,100.000000,0.990741,0.930435,107
trizod,softdis,mmseqs_85,16741_1_1_1,1bxa_A,106,104,mmseqs,100.000000,0.990566,1.000000,105
trizod,softdis,mmseqs_85,19943_1_1_1,5hbl_A,108,106,mmseqs,100.000000,1.000000,0.850394,108
trizod,softdis,mmseqs_85,16353_1_1_1,6kc4_A,116,100,mmseqs,100.000000,0.862069,0.980392,100
trizod,softdis,mmseqs_85,25305_1_1_1,2wwk_T,101,95,mmseqs,100.000000,0.990099,0.980392,100
trizod,softdis,mmseqs_85,11471_1_2_2,1aue_A,94,92,mmseqs,100.000000,1.000000,0.940000,94
trizod,softdis,mmseqs_85,51255_1_1_1,7soo_A,99,88,mmseqs,100.000000,1.000000,1.000000,99
trizod,softdis,mmseqs_85,11055_1_1_1,2aoa_A,100,93,mmseqs,100.000000,0.940000,0.949495,94
trizod,softdis,mmseqs_85,17550_1_1_1,2yhn_A,79,77,mmseqs,100.000000,1.000000,1.000000,79
trizod,softdis,mmseqs_85,17808_1_1_1,3t6r_A,69,66,mmseqs,100.000000,0.956522,0.916667,66
trizod,softdis,mmseqs_85,30556_1_1_1,6pce_A,81,68,mmseqs,100.000000,0.864198,1.000000,70
trizod,softdis,mmseqs_85,27424_2_2_1,4w4m_A,74,72,mmseqs,100.000000,1.000000,0.948718,74
trizod,softdis,mmseqs_85,16468_1_1_1,4fz0_M,41,39,mmseqs,100.000000,0.975610,1.000000,40
trizod,softdis,mmseqs_85,17793_1_1_1,2wk3_C,42,40,mmseqs,100.000000,1.000000,1.000000,42
trizod,softdis,mmseqs_85,30755_1_1_1,5wob_a,21,19,mmseqs,100.000000,0.952381,1.000000,20
trizod,softdis,mmseqs_85,17602_1_1_1,3rsm_A,463,442,mmseqs,99.700000,1.000000,1.000000,463
trizod,softdis,mmseqs_85,26532_1_1_1,4s04_A,231,215,mmseqs,99.500000,1.000000,1.000000,232
trizod,softdis,mmseqs_85,28103_1_1_1,5vyo_A,200,198,mmseqs,99.500000,1.000000,1.000000,200
trizod,softdis,mmseqs_85,25728_1_1_1,1qfv_B,173,167,mmseqs,99.400000,0.988439,0.977143,171
trizod,softdis,mmseqs_85,30246_1_1_1,5ii7_A,135,131,mmseqs,99.200000,1.000000,0.978261,135
trizod,softdis,mmseqs_85,50650_1_1_1,4ahe_A,123,120,mmseqs,99.100000,1.000000,1.000000,123
trizod,softdis,mmseqs_85,15011_1_1_1,3q15_C,132,123,mmseqs,99.100000,0.939394,0.984127,124
trizod,softdis,mmseqs_85,26752_1_1_1,5d8e_A,128,109,mmseqs,99.000000,0.851562,0.947826,109
trizod,softdis,mmseqs_85,28074_1_1_1,3tkz_A,107,104,mmseqs,99.000000,0.981308,0.963303,105
trizod,softdis,mmseqs_85,50524_1_1_1,8yd8_J,185,172,mmseqs,98.800000,0.929730,0.950276,172
trizod,softdis,mmseqs_85,28028_1_1_1,5tte_E,154,152,mmseqs,98.700000,1.000000,0.922156,154
trizod,softdis,mmseqs_85,34379_1_1_1,1t2o_A,148,145,mmseqs,98.600000,0.986486,1.000000,146
trizod,softdis,mmseqs_85,11075_1_1_1,5lb7_B,78,73,mmseqs,98.600000,0.948718,0.925000,74
trizod,softdis,mmseqs_85,19824_1_1_1,1wwa_X,107,101,mmseqs,98.000000,0.953271,0.935780,102
trizod,softdis,mmseqs_85,15548_1_1_1,2oct_A,98,96,mmseqs,97.900000,1.000000,1.000000,98
trizod,softdis,mmseqs_85,34399_1_1_1,3gax_B,120,118,mmseqs,97.500000,1.000000,1.000000,120
trizod,softdis,mmseqs_85,50433_1_1_1,1lky_A,83,77,mmseqs,97.400000,0.927711,1.000000,77
trizod,softdis,mmseqs_85,30574_1_1_1,6nz3_A,98,93,mmseqs,95.900000,1.000000,1.000000,98
trizod,softdis,mmseqs_85,15511_1_1_1,7ylb_D,128,117,mmseqs,95.700000,0.921875,0.967213,118
trizod,softdis,mmseqs_85,27451_1_1_1,1gto_A,63,61,mmseqs,91.800000,0.968254,0.983871,61
trizod,softdis,mmseqs_85,18821_1_1_1,6u0j_B,81,77,mmseqs,88.300000,0.950617,0.905882,77
trizod,softdis,mmseqs_85,19369_1_1_1,4icb_A,76,74,mmseqs,88.000000,0.986842,0.986842,75
trizod,softdis,mmseqs_85,34161_1_1_1,1osa_A,150,147,mmseqs,87.100000,0.986667,1.000000,148
trizod,softdis,mmseqs_85,19376_1_1_1,7vur_A,75,72,mmseqs,86.300000,0.973333,1.000000,73
trizod,softdis,mmseqs_85,27830_1_1_1,7eup_A,126,121,mmseqs,86.000000,0.968254,0.931298,122
trizod,softdis,mmseqs_80,15726_1_1_1,2von_A,197,190,mmseqs,100.000000,0.969543,0.989637,191
trizod,softdis,mmseqs_80,15197_1_1_1,3ox5_A,167,151,mmseqs,100.000000,0.910180,0.993464,152
trizod,softdis,mmseqs_80,19214_1_1_1,6upp_A,165,145,mmseqs,100.000000,0.909091,1.000000,150
trizod,softdis,mmseqs_80,50392_1_1_1,9fz4_A,151,131,mmseqs,100.000000,0.867550,1.000000,131
trizod,softdis,mmseqs_80,18761_1_1_1,3dxe_C,140,133,mmseqs,100.000000,1.000000,1.000000,140
trizod,softdis,mmseqs_80,15760_1_1_1,2vzc_A,129,127,mmseqs,100.000000,1.000000,0.984733,129
trizod,softdis,mmseqs_80,18142_1_1_1,4lk9_A,110,106,mmseqs,100.000000,1.000000,0.808824,110
trizod,softdis,mmseqs_80,27540_1_1_1,8g26_C,117,115,mmseqs,100.000000,1.000000,1.000000,117
trizod,softdis,mmseqs_80,15813_1_1_1,1oms_C,117,115,mmseqs,100.000000,1.000000,0.966942,117
trizod,softdis,mmseqs_80,15094_1_1_1,1naq_A,112,110,mmseqs,100.000000,1.000000,1.000000,112
trizod,softdis,mmseqs_80,50368_1_1_1,6gbg_D,108,106,mmseqs,100.000000,0.990741,0.930435,107
trizod,softdis,mmseqs_80,16741_1_1_1,1bxa_A,106,104,mmseqs,100.000000,0.990566,1.000000,105
trizod,softdis,mmseqs_80,19943_1_1_1,5hbl_A,108,106,mmseqs,100.000000,1.000000,0.850394,108
trizod,softdis,mmseqs_80,16353_1_1_1,6kc4_A,116,100,mmseqs,100.000000,0.862069,0.980392,100
trizod,softdis,mmseqs_80,25305_1_1_1,2wwk_T,101,95,mmseqs,100.000000,0.990099,0.980392,100
trizod,softdis,mmseqs_80,11471_1_2_2,1aue_A,94,92,mmseqs,100.000000,1.000000,0.940000,94
trizod,softdis,mmseqs_80,51255_1_1_1,7soo_A,99,88,mmseqs,100.000000,1.000000,1.000000,99
trizod,softdis,mmseqs_80,11055_1_1_1,2aoa_A,100,93,mmseqs,100.000000,0.940000,0.949495,94
trizod,softdis,mmseqs_80,17550_1_1_1,2yhn_A,79,77,mmseqs,100.000000,1.000000,1.000000,79
trizod,softdis,mmseqs_80,17808_1_1_1,3t6r_A,69,66,mmseqs,100.000000,0.956522,0.916667,66
trizod,softdis,mmseqs_80,30556_1_1_1,6pce_A,81,68,mmseqs,100.000000,0.864198,1.000000,70
trizod,softdis,mmseqs_80,27424_2_2_1,4w4m_A,74,72,mmseqs,100.000000,1.000000,0.948718,74
trizod,softdis,mmseqs_80,16468_1_1_1,4fz0_M,41,39,mmseqs,100.000000,0.975610,1.000000,40
trizod,softdis,mmseqs_80,17793_1_1_1,2wk3_C,42,40,mmseqs,100.000000,1.000000,1.000000,42
trizod,softdis,mmseqs_80,30755_1_1_1,5wob_a,21,19,mmseqs,100.000000,0.952381,1.000000,20
trizod,softdis,mmseqs_80,17602_1_1_1,3rsm_A,463,442,mmseqs,99.700000,1.000000,1.000000,463
trizod,softdis,mmseqs_80,26532_1_1_1,4s04_A,231,215,mmseqs,99.500000,1.000000,1.000000,232
trizod,softdis,mmseqs_80,28103_1_1_1,5vyo_A,200,198,mmseqs,99.500000,1.000000,1.000000,200
trizod,softdis,mmseqs_80,25728_1_1_1,1qfv_B,173,167,mmseqs,99.400000,0.988439,0.977143,171
trizod,softdis,mmseqs_80,30246_1_1_1,5ii7_A,135,131,mmseqs,99.200000,1.000000,0.978261,135
trizod,softdis,mmseqs_80,50650_1_1_1,4ahe_A,123,120,mmseqs,99.100000,1.000000,1.000000,123
trizod,softdis,mmseqs_80,15011_1_1_1,3q15_C,132,123,mmseqs,99.100000,0.939394,0.984127,124
trizod,softdis,mmseqs_80,26752_1_1_1,5d8e_A,128,109,mmseqs,99.000000,0.851562,0.947826,109
trizod,softdis,mmseqs_80,28074_1_1_1,3tkz_A,107,104,mmseqs,99.000000,0.981308,0.963303,105
trizod,softdis,mmseqs_80,50524_1_1_1,8yd8_J,185,172,mmseqs,98.800000,0.929730,0.950276,172
trizod,softdis,mmseqs_80,28028_1_1_1,5tte_E,154,152,mmseqs,98.700000,1.000000,0.922156,154
trizod,softdis,mmseqs_80,34379_1_1_1,1t2o_A,148,145,mmseqs,98.600000,0.986486,1.000000,146
trizod,softdis,mmseqs_80,11075_1_1_1,5lb7_B,78,73,mmseqs,98.600000,0.948718,0.925000,74
trizod,softdis,mmseqs_80,19824_1_1_1,1wwa_X,107,101,mmseqs,98.000000,0.953271,0.935780,102
trizod,softdis,mmseqs_80,15548_1_1_1,2oct_A,98,96,mmseqs,97.900000,1.000000,1.000000,98
trizod,softdis,mmseqs_80,34399_1_1_1,3gax_B,120,118,mmseqs,97.500000,1.000000,1.000000,120
trizod,softdis,mmseqs_80,50433_1_1_1,1lky_A,83,77,mmseqs,97.400000,0.927711,1.000000,77
trizod,softdis,mmseqs_80,30574_1_1_1,6nz3_A,98,93,mmseqs,95.900000,1.000000,1.000000,98
trizod,softdis,mmseqs_80,15511_1_1_1,7ylb_D,128,117,mmseqs,95.700000,0.921875,0.967213,118
trizod,softdis,mmseqs_80,27451_1_1_1,1gto_A,63,61,mmseqs,91.800000,0.968254,0.983871,61
trizod,softdis,mmseqs_80,18821_1_1_1,6u0j_B,81,77,mmseqs,88.300000,0.950617,0.905882,77
trizod,softdis,mmseqs_80,19369_1_1_1,4icb_A,76,74,mmseqs,88.000000,0.986842,0.986842,75
trizod,softdis,mmseqs_80,34161_1_1_1,1osa_A,150,147,mmseqs,87.100000,0.986667,1.000000,148
trizod,softdis,mmseqs_80,19376_1_1_1,7vur_A,75,72,mmseqs,86.300000,0.973333,1.000000,73
trizod,softdis,mmseqs_80,27830_1_1_1,7eup_A,126,121,mmseqs,86.000000,0.968254,0.931298,122
trizod,softdis,mmseqs_80,50909_1_1_1,3mp9_B,56,54,mmseqs,81.400000,0.964286,0.843750,54
trizod,pdbflex,exact,18761_1_1_1,3dxdA,140,133,sequence,,,,
trizod,pdbflex,exact,17550_1_1_1,2yhoE,79,77,sequence,,,,
trizod,pdbflex,exact,15511_1_1_1,2cjrA,128,117,sequence,,,,
trizod,pdbflex,exact,28103_1_1_1,4k2dA,200,198,sequence,,,,
trizod,pdbflex,mmseqs_100,28103_1_1_1,4k2dA,200,198,mmseqs,100.000000,1.000000,1.000000,200
trizod,pdbflex,mmseqs_100,15726_1_1_1,2vodB,197,190,mmseqs,100.000000,0.969543,0.989637,191
trizod,pdbflex,mmseqs_100,28009_1_1_1,4k81B,170,144,mmseqs,100.000000,0.976471,0.970760,166
trizod,pdbflex,mmseqs_100,15197_1_1_1,3ox5A,167,151,mmseqs,100.000000,0.910180,0.993464,152
trizod,pdbflex,mmseqs_100,19214_1_1_1,6pryA,165,145,mmseqs,100.000000,0.909091,1.000000,150
trizod,pdbflex,mmseqs_100,18761_1_1_1,3dxdA,140,133,mmseqs,100.000000,1.000000,1.000000,140
trizod,pdbflex,mmseqs_100,15511_1_1_1,2cjrA,128,117,mmseqs,100.000000,1.000000,1.000000,128
trizod,pdbflex,mmseqs_100,15760_1_1_1,2vzcA,129,127,mmseqs,100.000000,1.000000,0.984733,129
trizod,pdbflex,mmseqs_100,31034_1_1_1,1d4vA,109,104,mmseqs,100.000000,1.000000,0.931624,109
trizod,pdbflex,mmseqs_100,18142_1_1_1,4lk9A,110,106,mmseqs,100.000000,1.000000,0.808824,110
trizod,pdbflex,mmseqs_100,26752_1_1_1,5d8fA,128,109,mmseqs,100.000000,0.851562,0.947826,109
trizod,pdbflex,mmseqs_100,15813_1_1_1,1omsC,117,115,mmseqs,100.000000,1.000000,0.966942,117
trizod,pdbflex,mmseqs_100,50368_1_1_1,2gk2B,108,106,mmseqs,100.000000,1.000000,0.972973,108
trizod,pdbflex,mmseqs_100,16741_1_1_1,2j55A,106,104,mmseqs,100.000000,0.990566,1.000000,105
trizod,pdbflex,mmseqs_100,19943_1_1_1,5hblA,108,106,mmseqs,100.000000,1.000000,0.850394,108
trizod,pdbflex,mmseqs_100,16353_1_1_1,6kc4A,116,100,mmseqs,100.000000,0.862069,0.980392,100
trizod,pdbflex,mmseqs_100,25305_1_1_1,2wwmD,101,95,mmseqs,100.000000,0.990099,0.980392,100
trizod,pdbflex,mmseqs_100,11471_1_2_2,4driB,94,87,mmseqs,100.000000,0.936170,0.897959,88
trizod,pdbflex,mmseqs_100,17550_1_1_1,2yhoE,79,77,mmseqs,100.000000,1.000000,1.000000,79
trizod,pdbflex,mmseqs_100,17808_1_1_1,3t6rA,69,66,mmseqs,100.000000,0.956522,0.916667,66
trizod,pdbflex,mmseqs_100,30556_1_1_1,6pceB,81,68,mmseqs,100.000000,0.864198,1.000000,70
trizod,pdbflex,mmseqs_100,27424_2_2_1,4w4mH,74,72,mmseqs,100.000000,1.000000,0.948718,74
trizod,pdbflex,mmseqs_100,16468_1_1_1,4fz0O,41,39,mmseqs,100.000000,0.975610,1.000000,40
trizod,pdbflex,mmseqs_100,30755_1_1_1,2qiuA,21,19,mmseqs,100.000000,1.000000,0.954545,21
trizod,pdbflex,mmseqs_98,28103_1_1_1,4k2dA,200,198,mmseqs,100.000000,1.000000,1.000000,200
trizod,pdbflex,mmseqs_98,15726_1_1_1,2vodB,197,190,mmseqs,100.000000,0.969543,0.989637,191
trizod,pdbflex,mmseqs_98,28009_1_1_1,4k81B,170,144,mmseqs,100.000000,0.976471,0.970760,166
trizod,pdbflex,mmseqs_98,15197_1_1_1,3ox5A,167,151,mmseqs,100.000000,0.910180,0.993464,152
trizod,pdbflex,mmseqs_98,19214_1_1_1,6pryA,165,145,mmseqs,100.000000,0.909091,1.000000,150
trizod,pdbflex,mmseqs_98,18761_1_1_1,3dxdA,140,133,mmseqs,100.000000,1.000000,1.000000,140
trizod,pdbflex,mmseqs_98,15511_1_1_1,2cjrA,128,117,mmseqs,100.000000,1.000000,1.000000,128
trizod,pdbflex,mmseqs_98,15760_1_1_1,2vzcA,129,127,mmseqs,100.000000,1.000000,0.984733,129
trizod,pdbflex,mmseqs_98,31034_1_1_1,1d4vA,109,104,mmseqs,100.000000,1.000000,0.931624,109
trizod,pdbflex,mmseqs_98,18142_1_1_1,4lk9A,110,106,mmseqs,100.000000,1.000000,0.808824,110
trizod,pdbflex,mmseqs_98,26752_1_1_1,5d8fA,128,109,mmseqs,100.000000,0.851562,0.947826,109
trizod,pdbflex,mmseqs_98,15813_1_1_1,1omsC,117,115,mmseqs,100.000000,1.000000,0.966942,117
trizod,pdbflex,mmseqs_98,50368_1_1_1,2gk2B,108,106,mmseqs,100.000000,1.000000,0.972973,108
trizod,pdbflex,mmseqs_98,16741_1_1_1,2j55A,106,104,mmseqs,100.000000,0.990566,1.000000,105
trizod,pdbflex,mmseqs_98,19943_1_1_1,5hblA,108,106,mmseqs,100.000000,1.000000,0.850394,108
trizod,pdbflex,mmseqs_98,16353_1_1_1,6kc4A,116,100,mmseqs,100.000000,0.862069,0.980392,100
trizod,pdbflex,mmseqs_98,25305_1_1_1,2wwmD,101,95,mmseqs,100.000000,0.990099,0.980392,100
trizod,pdbflex,mmseqs_98,11471_1_2_2,4driB,94,87,mmseqs,100.000000,0.936170,0.897959,88
trizod,pdbflex,mmseqs_98,17550_1_1_1,2yhoE,79,77,mmseqs,100.000000,1.000000,1.000000,79
trizod,pdbflex,mmseqs_98,17808_1_1_1,3t6rA,69,66,mmseqs,100.000000,0.956522,0.916667,66
trizod,pdbflex,mmseqs_98,30556_1_1_1,6pceB,81,68,mmseqs,100.000000,0.864198,1.000000,70
trizod,pdbflex,mmseqs_98,27424_2_2_1,4w4mH,74,72,mmseqs,100.000000,1.000000,0.948718,74
trizod,pdbflex,mmseqs_98,16468_1_1_1,4fz0O,41,39,mmseqs,100.000000,0.975610,1.000000,40
trizod,pdbflex,mmseqs_98,30755_1_1_1,2qiuA,21,19,mmseqs,100.000000,1.000000,0.954545,21
trizod,pdbflex,mmseqs_98,17602_1_1_1,1k2yX,463,442,mmseqs,99.500000,1.000000,1.000000,463
trizod,pdbflex,mmseqs_98,26532_1_1_1,4s05A,231,215,mmseqs,99.500000,1.000000,1.000000,232
trizod,pdbflex,mmseqs_98,25728_1_1_1,1qftA,173,167,mmseqs,99.400000,0.988439,0.977143,171
trizod,pdbflex,mmseqs_98,34379_1_1_1,1t2pA,148,145,mmseqs,99.300000,0.986486,1.000000,146
trizod,pdbflex,mmseqs_98,30246_1_1_1,5mr3E,135,131,mmseqs,99.200000,0.992593,0.985294,134
trizod,pdbflex,mmseqs_98,50650_1_1_1,5m9tA,123,120,mmseqs,99.100000,1.000000,0.991935,123
trizod,pdbflex,mmseqs_98,34399_1_1_1,1tijA,120,118,mmseqs,99.100000,1.000000,1.000000,120
trizod,pdbflex,mmseqs_98,15011_1_1_1,1srrC,132,123,mmseqs,99.100000,0.939394,1.000000,124
trizod,pdbflex,mmseqs_98,28074_1_1_1,4je4A,107,103,mmseqs,99.000000,0.962617,0.971698,103
trizod,pdbflex,mmseqs_98,19671_1_1_1,4aj0B,107,97,mmseqs,99.000000,1.000000,1.000000,107
trizod,pdbflex,mmseqs_98,11055_1_1_1,5cdwB,100,93,mmseqs,98.900000,0.940000,0.940000,94
trizod,pdbflex,mmseqs_98,28028_1_1_1,4q5hC,154,152,mmseqs,98.700000,1.000000,0.987179,154
trizod,pdbflex,mmseqs_98,11075_1_1_1,5lb7B,78,73,mmseqs,98.600000,0.948718,0.925000,74
trizod,pdbflex,mmseqs_98,19376_1_1_1,1yruB,75,72,mmseqs,98.600000,0.973333,0.986486,73
trizod,pdbflex,mmseqs_95,28103_1_1_1,4k2dA,200,198,mmseqs,100.000000,1.000000,1.000000,200
trizod,pdbflex,mmseqs_95,15726_1_1_1,2vodB,197,190,mmseqs,100.000000,0.969543,0.989637,191
trizod,pdbflex,mmseqs_95,28009_1_1_1,4k81B,170,144,mmseqs,100.000000,0.976471,0.970760,166
trizod,pdbflex,mmseqs_95,15197_1_1_1,3ox5A,167,151,mmseqs,100.000000,0.910180,0.993464,152
trizod,pdbflex,mmseqs_95,19214_1_1_1,6pryA,165,145,mmseqs,100.000000,0.909091,1.000000,150
trizod,pdbflex,mmseqs_95,18761_1_1_1,3dxdA,140,133,mmseqs,100.000000,1.000000,1.000000,140
trizod,pdbflex,mmseqs_95,15511_1_1_1,2cjrA,128,117,mmseqs,100.000000,1.000000,1.000000,128
trizod,pdbflex,mmseqs_95,15760_1_1_1,2vzcA,129,127,mmseqs,100.000000,1.000000,0.984733,129
trizod,pdbflex,mmseqs_95,31034_1_1_1,1d4vA,109,104,mmseqs,100.000000,1.000000,0.931624,109
trizod,pdbflex,mmseqs_95,18142_1_1_1,4lk9A,110,106,mmseqs,100.000000,1.000000,0.808824,110
trizod,pdbflex,mmseqs_95,26752_1_1_1,5d8fA,128,109,mmseqs,100.000000,0.851562,0.947826,109
trizod,pdbflex,mmseqs_95,15813_1_1_1,1omsC,117,115,mmseqs,100.000000,1.000000,0.966942,117
trizod,pdbflex,mmseqs_95,50368_1_1_1,2gk2B,108,106,mmseqs,100.000000,1.000000,0.972973,108
trizod,pdbflex,mmseqs_95,16741_1_1_1,2j55A,106,104,mmseqs,100.000000,0.990566,1.000000,105
trizod,pdbflex,mmseqs_95,19943_1_1_1,5hblA,108,106,mmseqs,100.000000,1.000000,0.850394,108
trizod,pdbflex,mmseqs_95,16353_1_1_1,6kc4A,116,100,mmseqs,100.000000,0.862069,0.980392,100
trizod,pdbflex,mmseqs_95,25305_1_1_1,2wwmD,101,95,mmseqs,100.000000,0.990099,0.980392,100
trizod,pdbflex,mmseqs_95,11471_1_2_2,4driB,94,87,mmseqs,100.000000,0.936170,0.897959,88
trizod,pdbflex,mmseqs_95,17550_1_1_1,2yhoE,79,77,mmseqs,100.000000,1.000000,1.000000,79
trizod,pdbflex,mmseqs_95,17808_1_1_1,3t6rA,69,66,mmseqs,100.000000,0.956522,0.916667,66
trizod,pdbflex,mmseqs_95,30556_1_1_1,6pceB,81,68,mmseqs,100.000000,0.864198,1.000000,70
trizod,pdbflex,mmseqs_95,27424_2_2_1,4w4mH,74,72,mmseqs,100.000000,1.000000,0.948718,74
trizod,pdbflex,mmseqs_95,16468_1_1_1,4fz0O,41,39,mmseqs,100.000000,0.975610,1.000000,40
trizod,pdbflex,mmseqs_95,30755_1_1_1,2qiuA,21,19,mmseqs,100.000000,1.000000,0.954545,21
trizod,pdbflex,mmseqs_95,17602_1_1_1,1k2yX,463,442,mmseqs,99.500000,1.000000,1.000000,463
trizod,pdbflex,mmseqs_95,26532_1_1_1,4s05A,231,215,mmseqs,99.500000,1.000000,1.000000,232
trizod,pdbflex,mmseqs_95,25728_1_1_1,1qftA,173,167,mmseqs,99.400000,0.988439,0.977143,171
trizod,pdbflex,mmseqs_95,34379_1_1_1,1t2pA,148,145,mmseqs,99.300000,0.986486,1.000000,146
trizod,pdbflex,mmseqs_95,30246_1_1_1,5mr3E,135,131,mmseqs,99.200000,0.992593,0.985294,134
trizod,pdbflex,mmseqs_95,50650_1_1_1,5m9tA,123,120,mmseqs,99.100000,1.000000,0.991935,123
trizod,pdbflex,mmseqs_95,34399_1_1_1,1tijA,120,118,mmseqs,99.100000,1.000000,1.000000,120
trizod,pdbflex,mmseqs_95,15011_1_1_1,1srrC,132,123,mmseqs,99.100000,0.939394,1.000000,124
trizod,pdbflex,mmseqs_95,28074_1_1_1,4je4A,107,103,mmseqs,99.000000,0.962617,0.971698,103
trizod,pdbflex,mmseqs_95,19671_1_1_1,4aj0B,107,97,mmseqs,99.000000,1.000000,1.000000,107
trizod,pdbflex,mmseqs_95,11055_1_1_1,5cdwB,100,93,mmseqs,98.900000,0.940000,0.940000,94
trizod,pdbflex,mmseqs_95,28028_1_1_1,4q5hC,154,152,mmseqs,98.700000,1.000000,0.987179,154
trizod,pdbflex,mmseqs_95,11075_1_1_1,5lb7B,78,73,mmseqs,98.600000,0.948718,0.925000,74
trizod,pdbflex,mmseqs_95,19376_1_1_1,1yruB,75,72,mmseqs,98.600000,0.973333,0.986486,73
trizod,pdbflex,mmseqs_95,15094_1_1_1,4y65A,112,110,mmseqs,97.300000,1.000000,1.000000,112
trizod,pdbflex,mmseqs_95,50433_1_1_1,2qb1A,83,77,mmseqs,96.100000,0.927711,0.987179,77
trizod,pdbflex,mmseqs_90,28103_1_1_1,4k2dA,200,198,mmseqs,100.000000,1.000000,1.000000,200
trizod,pdbflex,mmseqs_90,15726_1_1_1,2vodB,197,190,mmseqs,100.000000,0.969543,0.989637,191
trizod,pdbflex,mmseqs_90,28009_1_1_1,4k81B,170,144,mmseqs,100.000000,0.976471,0.970760,166
trizod,pdbflex,mmseqs_90,15197_1_1_1,3ox5A,167,151,mmseqs,100.000000,0.910180,0.993464,152
trizod,pdbflex,mmseqs_90,19214_1_1_1,6pryA,165,145,mmseqs,100.000000,0.909091,1.000000,150
trizod,pdbflex,mmseqs_90,18761_1_1_1,3dxdA,140,133,mmseqs,100.000000,1.000000,1.000000,140
trizod,pdbflex,mmseqs_90,15511_1_1_1,2cjrA,128,117,mmseqs,100.000000,1.000000,1.000000,128
trizod,pdbflex,mmseqs_90,15760_1_1_1,2vzcA,129,127,mmseqs,100.000000,1.000000,0.984733,129
trizod,pdbflex,mmseqs_90,31034_1_1_1,1d4vA,109,104,mmseqs,100.000000,1.000000,0.931624,109
trizod,pdbflex,mmseqs_90,18142_1_1_1,4lk9A,110,106,mmseqs,100.000000,1.000000,0.808824,110
trizod,pdbflex,mmseqs_90,26752_1_1_1,5d8fA,128,109,mmseqs,100.000000,0.851562,0.947826,109
trizod,pdbflex,mmseqs_90,15813_1_1_1,1omsC,117,115,mmseqs,100.000000,1.000000,0.966942,117
trizod,pdbflex,mmseqs_90,50368_1_1_1,2gk2B,108,106,mmseqs,100.000000,1.000000,0.972973,108
trizod,pdbflex,mmseqs_90,16741_1_1_1,2j55A,106,104,mmseqs,100.000000,0.990566,1.000000,105
trizod,pdbflex,mmseqs_90,19943_1_1_1,5hblA,108,106,mmseqs,100.000000,1.000000,0.850394,108
trizod,pdbflex,mmseqs_90,16353_1_1_1,6kc4A,116,100,mmseqs,100.000000,0.862069,0.980392,100
trizod,pdbflex,mmseqs_90,25305_1_1_1,2wwmD,101,95,mmseqs,100.000000,0.990099,0.980392,100
trizod,pdbflex,mmseqs_90,11471_1_2_2,4driB,94,87,mmseqs,100.000000,0.936170,0.897959,88
trizod,pdbflex,mmseqs_90,17550_1_1_1,2yhoE,79,77,mmseqs,100.000000,1.000000,1.000000,79
trizod,pdbflex,mmseqs_90,17808_1_1_1,3t6rA,69,66,mmseqs,100.000000,0.956522,0.916667,66
trizod,pdbflex,mmseqs_90,30556_1_1_1,6pceB,81,68,mmseqs,100.000000,0.864198,1.000000,70
trizod,pdbflex,mmseqs_90,27424_2_2_1,4w4mH,74,72,mmseqs,100.000000,1.000000,0.948718,74
trizod,pdbflex,mmseqs_90,16468_1_1_1,4fz0O,41,39,mmseqs,100.000000,0.975610,1.000000,40
trizod,pdbflex,mmseqs_90,30755_1_1_1,2qiuA,21,19,mmseqs,100.000000,1.000000,0.954545,21
trizod,pdbflex,mmseqs_90,17602_1_1_1,1k2yX,463,442,mmseqs,99.500000,1.000000,1.000000,463
trizod,pdbflex,mmseqs_90,26532_1_1_1,4s05A,231,215,mmseqs,99.500000,1.000000,1.000000,232
trizod,pdbflex,mmseqs_90,25728_1_1_1,1qftA,173,167,mmseqs,99.400000,0.988439,0.977143,171
trizod,pdbflex,mmseqs_90,34379_1_1_1,1t2pA,148,145,mmseqs,99.300000,0.986486,1.000000,146
trizod,pdbflex,mmseqs_90,30246_1_1_1,5mr3E,135,131,mmseqs,99.200000,0.992593,0.985294,134
trizod,pdbflex,mmseqs_90,50650_1_1_1,5m9tA,123,120,mmseqs,99.100000,1.000000,0.991935,123
trizod,pdbflex,mmseqs_90,34399_1_1_1,1tijA,120,118,mmseqs,99.100000,1.000000,1.000000,120
trizod,pdbflex,mmseqs_90,15011_1_1_1,1srrC,132,123,mmseqs,99.100000,0.939394,1.000000,124
trizod,pdbflex,mmseqs_90,28074_1_1_1,4je4A,107,103,mmseqs,99.000000,0.962617,0.971698,103
trizod,pdbflex,mmseqs_90,19671_1_1_1,4aj0B,107,97,mmseqs,99.000000,1.000000,1.000000,107
trizod,pdbflex,mmseqs_90,11055_1_1_1,5cdwB,100,93,mmseqs,98.900000,0.940000,0.940000,94
trizod,pdbflex,mmseqs_90,28028_1_1_1,4q5hC,154,152,mmseqs,98.700000,1.000000,0.987179,154
trizod,pdbflex,mmseqs_90,11075_1_1_1,5lb7B,78,73,mmseqs,98.600000,0.948718,0.925000,74
trizod,pdbflex,mmseqs_90,19376_1_1_1,1yruB,75,72,mmseqs,98.600000,0.973333,0.986486,73
trizod,pdbflex,mmseqs_90,15094_1_1_1,4y65A,112,110,mmseqs,97.300000,1.000000,1.000000,112
trizod,pdbflex,mmseqs_90,50433_1_1_1,2qb1A,83,77,mmseqs,96.100000,0.927711,0.987179,77
trizod,pdbflex,mmseqs_90,30574_1_1_1,6nxmA,98,93,mmseqs,94.800000,1.000000,1.000000,98
trizod,pdbflex,mmseqs_90,50392_1_1_1,2fygA,151,126,mmseqs,91.900000,0.907285,1.000000,137
trizod,pdbflex,mmseqs_90,27451_1_1_1,1gtoA,63,61,mmseqs,91.800000,0.968254,0.983871,61
trizod,pdbflex,mmseqs_85,28103_1_1_1,4k2dA,200,198,mmseqs,100.000000,1.000000,1.000000,200
trizod,pdbflex,mmseqs_85,15726_1_1_1,2vodB,197,190,mmseqs,100.000000,0.969543,0.989637,191
trizod,pdbflex,mmseqs_85,28009_1_1_1,4k81B,170,144,mmseqs,100.000000,0.976471,0.970760,166
trizod,pdbflex,mmseqs_85,15197_1_1_1,3ox5A,167,151,mmseqs,100.000000,0.910180,0.993464,152
trizod,pdbflex,mmseqs_85,19214_1_1_1,6pryA,165,145,mmseqs,100.000000,0.909091,1.000000,150
trizod,pdbflex,mmseqs_85,18761_1_1_1,3dxdA,140,133,mmseqs,100.000000,1.000000,1.000000,140
trizod,pdbflex,mmseqs_85,15511_1_1_1,2cjrA,128,117,mmseqs,100.000000,1.000000,1.000000,128
trizod,pdbflex,mmseqs_85,15760_1_1_1,2vzcA,129,127,mmseqs,100.000000,1.000000,0.984733,129
trizod,pdbflex,mmseqs_85,31034_1_1_1,1d4vA,109,104,mmseqs,100.000000,1.000000,0.931624,109
trizod,pdbflex,mmseqs_85,18142_1_1_1,4lk9A,110,106,mmseqs,100.000000,1.000000,0.808824,110
trizod,pdbflex,mmseqs_85,26752_1_1_1,5d8fA,128,109,mmseqs,100.000000,0.851562,0.947826,109
trizod,pdbflex,mmseqs_85,15813_1_1_1,1omsC,117,115,mmseqs,100.000000,1.000000,0.966942,117
trizod,pdbflex,mmseqs_85,50368_1_1_1,2gk2B,108,106,mmseqs,100.000000,1.000000,0.972973,108
trizod,pdbflex,mmseqs_85,16741_1_1_1,2j55A,106,104,mmseqs,100.000000,0.990566,1.000000,105
trizod,pdbflex,mmseqs_85,19943_1_1_1,5hblA,108,106,mmseqs,100.000000,1.000000,0.850394,108
trizod,pdbflex,mmseqs_85,16353_1_1_1,6kc4A,116,100,mmseqs,100.000000,0.862069,0.980392,100
trizod,pdbflex,mmseqs_85,25305_1_1_1,2wwmD,101,95,mmseqs,100.000000,0.990099,0.980392,100
trizod,pdbflex,mmseqs_85,11471_1_2_2,4driB,94,87,mmseqs,100.000000,0.936170,0.897959,88
trizod,pdbflex,mmseqs_85,17550_1_1_1,2yhoE,79,77,mmseqs,100.000000,1.000000,1.000000,79
trizod,pdbflex,mmseqs_85,17808_1_1_1,3t6rA,69,66,mmseqs,100.000000,0.956522,0.916667,66
trizod,pdbflex,mmseqs_85,30556_1_1_1,6pceB,81,68,mmseqs,100.000000,0.864198,1.000000,70
trizod,pdbflex,mmseqs_85,27424_2_2_1,4w4mH,74,72,mmseqs,100.000000,1.000000,0.948718,74
trizod,pdbflex,mmseqs_85,16468_1_1_1,4fz0O,41,39,mmseqs,100.000000,0.975610,1.000000,40
trizod,pdbflex,mmseqs_85,30755_1_1_1,2qiuA,21,19,mmseqs,100.000000,1.000000,0.954545,21
trizod,pdbflex,mmseqs_85,17602_1_1_1,1k2yX,463,442,mmseqs,99.500000,1.000000,1.000000,463
trizod,pdbflex,mmseqs_85,26532_1_1_1,4s05A,231,215,mmseqs,99.500000,1.000000,1.000000,232
trizod,pdbflex,mmseqs_85,25728_1_1_1,1qftA,173,167,mmseqs,99.400000,0.988439,0.977143,171
trizod,pdbflex,mmseqs_85,34379_1_1_1,1t2pA,148,145,mmseqs,99.300000,0.986486,1.000000,146
trizod,pdbflex,mmseqs_85,30246_1_1_1,5mr3E,135,131,mmseqs,99.200000,0.992593,0.985294,134
trizod,pdbflex,mmseqs_85,50650_1_1_1,5m9tA,123,120,mmseqs,99.100000,1.000000,0.991935,123
trizod,pdbflex,mmseqs_85,34399_1_1_1,1tijA,120,118,mmseqs,99.100000,1.000000,1.000000,120
trizod,pdbflex,mmseqs_85,15011_1_1_1,1srrC,132,123,mmseqs,99.100000,0.939394,1.000000,124
trizod,pdbflex,mmseqs_85,28074_1_1_1,4je4A,107,103,mmseqs,99.000000,0.962617,0.971698,103
trizod,pdbflex,mmseqs_85,19671_1_1_1,4aj0B,107,97,mmseqs,99.000000,1.000000,1.000000,107
trizod,pdbflex,mmseqs_85,11055_1_1_1,5cdwB,100,93,mmseqs,98.900000,0.940000,0.940000,94
trizod,pdbflex,mmseqs_85,28028_1_1_1,4q5hC,154,152,mmseqs,98.700000,1.000000,0.987179,154
trizod,pdbflex,mmseqs_85,11075_1_1_1,5lb7B,78,73,mmseqs,98.600000,0.948718,0.925000,74
trizod,pdbflex,mmseqs_85,19376_1_1_1,1yruB,75,72,mmseqs,98.600000,0.973333,0.986486,73
trizod,pdbflex,mmseqs_85,15094_1_1_1,4y65A,112,110,mmseqs,97.300000,1.000000,1.000000,112
trizod,pdbflex,mmseqs_85,50433_1_1_1,2qb1A,83,77,mmseqs,96.100000,0.927711,0.987179,77
trizod,pdbflex,mmseqs_85,30574_1_1_1,6nxmA,98,93,mmseqs,94.800000,1.000000,1.000000,98
trizod,pdbflex,mmseqs_85,50392_1_1_1,2fygA,151,126,mmseqs,91.900000,0.907285,1.000000,137
trizod,pdbflex,mmseqs_85,27451_1_1_1,1gtoA,63,61,mmseqs,91.800000,0.968254,0.983871,61
trizod,pdbflex,mmseqs_85,19369_1_1_1,1ht9A,76,74,mmseqs,88.000000,0.986842,0.986842,75
trizod,pdbflex,mmseqs_85,34161_1_1_1,1osaA,150,147,mmseqs,87.100000,0.986667,1.000000,148
trizod,pdbflex,mmseqs_85,18821_1_1_1,6n3pK,81,78,mmseqs,86.000000,0.975309,0.987500,79
trizod,pdbflex,mmseqs_80,28103_1_1_1,4k2dA,200,198,mmseqs,100.000000,1.000000,1.000000,200
trizod,pdbflex,mmseqs_80,15726_1_1_1,2vodB,197,190,mmseqs,100.000000,0.969543,0.989637,191
trizod,pdbflex,mmseqs_80,28009_1_1_1,4k81B,170,144,mmseqs,100.000000,0.976471,0.970760,166
trizod,pdbflex,mmseqs_80,15197_1_1_1,3ox5A,167,151,mmseqs,100.000000,0.910180,0.993464,152
trizod,pdbflex,mmseqs_80,19214_1_1_1,6pryA,165,145,mmseqs,100.000000,0.909091,1.000000,150
trizod,pdbflex,mmseqs_80,18761_1_1_1,3dxdA,140,133,mmseqs,100.000000,1.000000,1.000000,140
trizod,pdbflex,mmseqs_80,15511_1_1_1,2cjrA,128,117,mmseqs,100.000000,1.000000,1.000000,128
trizod,pdbflex,mmseqs_80,15760_1_1_1,2vzcA,129,127,mmseqs,100.000000,1.000000,0.984733,129
trizod,pdbflex,mmseqs_80,31034_1_1_1,1d4vA,109,104,mmseqs,100.000000,1.000000,0.931624,109
trizod,pdbflex,mmseqs_80,18142_1_1_1,4lk9A,110,106,mmseqs,100.000000,1.000000,0.808824,110
trizod,pdbflex,mmseqs_80,26752_1_1_1,5d8fA,128,109,mmseqs,100.000000,0.851562,0.947826,109
trizod,pdbflex,mmseqs_80,15813_1_1_1,1omsC,117,115,mmseqs,100.000000,1.000000,0.966942,117
trizod,pdbflex,mmseqs_80,50368_1_1_1,2gk2B,108,106,mmseqs,100.000000,1.000000,0.972973,108
trizod,pdbflex,mmseqs_80,16741_1_1_1,2j55A,106,104,mmseqs,100.000000,0.990566,1.000000,105
trizod,pdbflex,mmseqs_80,19943_1_1_1,5hblA,108,106,mmseqs,100.000000,1.000000,0.850394,108
trizod,pdbflex,mmseqs_80,16353_1_1_1,6kc4A,116,100,mmseqs,100.000000,0.862069,0.980392,100
trizod,pdbflex,mmseqs_80,25305_1_1_1,2wwmD,101,95,mmseqs,100.000000,0.990099,0.980392,100
trizod,pdbflex,mmseqs_80,11471_1_2_2,4driB,94,87,mmseqs,100.000000,0.936170,0.897959,88
trizod,pdbflex,mmseqs_80,17550_1_1_1,2yhoE,79,77,mmseqs,100.000000,1.000000,1.000000,79
trizod,pdbflex,mmseqs_80,17808_1_1_1,3t6rA,69,66,mmseqs,100.000000,0.956522,0.916667,66
trizod,pdbflex,mmseqs_80,30556_1_1_1,6pceB,81,68,mmseqs,100.000000,0.864198,1.000000,70
trizod,pdbflex,mmseqs_80,27424_2_2_1,4w4mH,74,72,mmseqs,100.000000,1.000000,0.948718,74
trizod,pdbflex,mmseqs_80,16468_1_1_1,4fz0O,41,39,mmseqs,100.000000,0.975610,1.000000,40
trizod,pdbflex,mmseqs_80,30755_1_1_1,2qiuA,21,19,mmseqs,100.000000,1.000000,0.954545,21
trizod,pdbflex,mmseqs_80,17602_1_1_1,1k2yX,463,442,mmseqs,99.500000,1.000000,1.000000,463
trizod,pdbflex,mmseqs_80,26532_1_1_1,4s05A,231,215,mmseqs,99.500000,1.000000,1.000000,232
trizod,pdbflex,mmseqs_80,25728_1_1_1,1qftA,173,167,mmseqs,99.400000,0.988439,0.977143,171
trizod,pdbflex,mmseqs_80,34379_1_1_1,1t2pA,148,145,mmseqs,99.300000,0.986486,1.000000,146
trizod,pdbflex,mmseqs_80,30246_1_1_1,5mr3E,135,131,mmseqs,99.200000,0.992593,0.985294,134
trizod,pdbflex,mmseqs_80,50650_1_1_1,5m9tA,123,120,mmseqs,99.100000,1.000000,0.991935,123
trizod,pdbflex,mmseqs_80,34399_1_1_1,1tijA,120,118,mmseqs,99.100000,1.000000,1.000000,120
trizod,pdbflex,mmseqs_80,15011_1_1_1,1srrC,132,123,mmseqs,99.100000,0.939394,1.000000,124
trizod,pdbflex,mmseqs_80,28074_1_1_1,4je4A,107,103,mmseqs,99.000000,0.962617,0.971698,103
trizod,pdbflex,mmseqs_80,19671_1_1_1,4aj0B,107,97,mmseqs,99.000000,1.000000,1.000000,107
trizod,pdbflex,mmseqs_80,11055_1_1_1,5cdwB,100,93,mmseqs,98.900000,0.940000,0.940000,94
trizod,pdbflex,mmseqs_80,28028_1_1_1,4q5hC,154,152,mmseqs,98.700000,1.000000,0.987179,154
trizod,pdbflex,mmseqs_80,11075_1_1_1,5lb7B,78,73,mmseqs,98.600000,0.948718,0.925000,74
trizod,pdbflex,mmseqs_80,19376_1_1_1,1yruB,75,72,mmseqs,98.600000,0.973333,0.986486,73
trizod,pdbflex,mmseqs_80,15094_1_1_1,4y65A,112,110,mmseqs,97.300000,1.000000,1.000000,112
trizod,pdbflex,mmseqs_80,50433_1_1_1,2qb1A,83,77,mmseqs,96.100000,0.927711,0.987179,77
trizod,pdbflex,mmseqs_80,30574_1_1_1,6nxmA,98,93,mmseqs,94.800000,1.000000,1.000000,98
trizod,pdbflex,mmseqs_80,50392_1_1_1,2fygA,151,126,mmseqs,91.900000,0.907285,1.000000,137
trizod,pdbflex,mmseqs_80,27451_1_1_1,1gtoA,63,61,mmseqs,91.800000,0.968254,0.983871,61
trizod,pdbflex,mmseqs_80,19369_1_1_1,1ht9A,76,74,mmseqs,88.000000,0.986842,0.986842,75
trizod,pdbflex,mmseqs_80,34161_1_1_1,1osaA,150,147,mmseqs,87.100000,0.986667,1.000000,148
trizod,pdbflex,mmseqs_80,18821_1_1_1,6n3pK,81,78,mmseqs,86.000000,0.975309,0.987500,79
trizod,pdbflex,mmseqs_80,16606_1_1_1,1fvcA,110,107,mmseqs,80.500000,0.981818,0.990826,108
trizod,atlas,mmseqs_100,26854_1_1_1,2v0u_A,161,142,mmseqs,100.000000,0.906832,1.000000,146
trizod,atlas,mmseqs_100,15760_1_1_1,2vzc_A,129,127,mmseqs,100.000000,1.000000,0.984733,129
trizod,atlas,mmseqs_100,18348_1_1_1,2qjz_A,133,118,mmseqs,100.000000,0.894737,0.967480,119
trizod,atlas,mmseqs_100,19230_1_2_2,3lbl_A,83,78,mmseqs,100.000000,1.000000,0.873684,83
trizod,atlas,mmseqs_100,30556_1_1_1,6pce_B,81,68,mmseqs,100.000000,0.864198,1.000000,70
trizod,atlas,mmseqs_98,26854_1_1_1,2v0u_A,161,142,mmseqs,100.000000,0.906832,1.000000,146
trizod,atlas,mmseqs_98,15760_1_1_1,2vzc_A,129,127,mmseqs,100.000000,1.000000,0.984733,129
trizod,atlas,mmseqs_98,18348_1_1_1,2qjz_A,133,118,mmseqs,100.000000,0.894737,0.967480,119
trizod,atlas,mmseqs_98,19230_1_2_2,3lbl_A,83,78,mmseqs,100.000000,1.000000,0.873684,83
trizod,atlas,mmseqs_98,30556_1_1_1,6pce_B,81,68,mmseqs,100.000000,0.864198,1.000000,70
trizod,atlas,mmseqs_98,17602_1_1_1,1p5g_X,463,442,mmseqs,99.700000,1.000000,1.000000,463
trizod,atlas,mmseqs_98,30246_1_1_1,5ii7_A,135,131,mmseqs,99.200000,1.000000,0.978261,135
trizod,atlas,mmseqs_95,26854_1_1_1,2v0u_A,161,142,mmseqs,100.000000,0.906832,1.000000,146
trizod,atlas,mmseqs_95,15760_1_1_1,2vzc_A,129,127,mmseqs,100.000000,1.000000,0.984733,129
trizod,atlas,mmseqs_95,18348_1_1_1,2qjz_A,133,118,mmseqs,100.000000,0.894737,0.967480,119
trizod,atlas,mmseqs_95,19230_1_2_2,3lbl_A,83,78,mmseqs,100.000000,1.000000,0.873684,83
trizod,atlas,mmseqs_95,30556_1_1_1,6pce_B,81,68,mmseqs,100.000000,0.864198,1.000000,70
trizod,atlas,mmseqs_95,17602_1_1_1,1p5g_X,463,442,mmseqs,99.700000,1.000000,1.000000,463
trizod,atlas,mmseqs_95,30246_1_1_1,5ii7_A,135,131,mmseqs,99.200000,1.000000,0.978261,135
trizod,atlas,mmseqs_90,26854_1_1_1,2v0u_A,161,142,mmseqs,100.000000,0.906832,1.000000,146
trizod,atlas,mmseqs_90,15760_1_1_1,2vzc_A,129,127,mmseqs,100.000000,1.000000,0.984733,129
trizod,atlas,mmseqs_90,18348_1_1_1,2qjz_A,133,118,mmseqs,100.000000,0.894737,0.967480,119
trizod,atlas,mmseqs_90,19230_1_2_2,3lbl_A,83,78,mmseqs,100.000000,1.000000,0.873684,83
trizod,atlas,mmseqs_90,30556_1_1_1,6pce_B,81,68,mmseqs,100.000000,0.864198,1.000000,70
trizod,atlas,mmseqs_90,17602_1_1_1,1p5g_X,463,442,mmseqs,99.700000,1.000000,1.000000,463
trizod,atlas,mmseqs_90,30246_1_1_1,5ii7_A,135,131,mmseqs,99.200000,1.000000,0.978261,135
trizod,atlas,mmseqs_90,50392_1_1_1,2fyg_A,151,126,mmseqs,91.900000,0.907285,1.000000,137
trizod,atlas,mmseqs_85,26854_1_1_1,2v0u_A,161,142,mmseqs,100.000000,0.906832,1.000000,146
trizod,atlas,mmseqs_85,15760_1_1_1,2vzc_A,129,127,mmseqs,100.000000,1.000000,0.984733,129
trizod,atlas,mmseqs_85,18348_1_1_1,2qjz_A,133,118,mmseqs,100.000000,0.894737,0.967480,119
trizod,atlas,mmseqs_85,19230_1_2_2,3lbl_A,83,78,mmseqs,100.000000,1.000000,0.873684,83
trizod,atlas,mmseqs_85,30556_1_1_1,6pce_B,81,68,mmseqs,100.000000,0.864198,1.000000,70
trizod,atlas,mmseqs_85,17602_1_1_1,1p5g_X,463,442,mmseqs,99.700000,1.000000,1.000000,463
trizod,atlas,mmseqs_85,30246_1_1_1,5ii7_A,135,131,mmseqs,99.200000,1.000000,0.978261,135
trizod,atlas,mmseqs_85,50392_1_1_1,2fyg_A,151,126,mmseqs,91.900000,0.907285,1.000000,137
trizod,atlas,mmseqs_85,18821_1_1_1,1t8k_A,81,76,mmseqs,88.100000,0.938272,0.987013,76
trizod,atlas,mmseqs_80,26854_1_1_1,2v0u_A,161,142,mmseqs,100.000000,0.906832,1.000000,146
trizod,atlas,mmseqs_80,15760_1_1_1,2vzc_A,129,127,mmseqs,100.000000,1.000000,0.984733,129
trizod,atlas,mmseqs_80,18348_1_1_1,2qjz_A,133,118,mmseqs,100.000000,0.894737,0.967480,119
trizod,atlas,mmseqs_80,19230_1_2_2,3lbl_A,83,78,mmseqs,100.000000,1.000000,0.873684,83
trizod,atlas,mmseqs_80,30556_1_1_1,6pce_B,81,68,mmseqs,100.000000,0.864198,1.000000,70
trizod,atlas,mmseqs_80,17602_1_1_1,1p5g_X,463,442,mmseqs,99.700000,1.000000,1.000000,463
trizod,atlas,mmseqs_80,30246_1_1_1,5ii7_A,135,131,mmseqs,99.200000,1.000000,0.978261,135
trizod,atlas,mmseqs_80,50392_1_1_1,2fyg_A,151,126,mmseqs,91.900000,0.907285,1.000000,137
trizod,atlas,mmseqs_80,18821_1_1_1,1t8k_A,81,76,mmseqs,88.100000,0.938272,0.987013,76
trizod,plddt,exact,25150_1_1_1,DP01337,151,145,sequence,,,,
trizod,plddt,exact,16904_1_1_1,DP00070,140,138,sequence,,,,
trizod,plddt,mmseqs_100,25150_1_1_1,DP01337,151,145,mmseqs,100.000000,1.000000,1.000000,151
trizod,plddt,mmseqs_100,16904_1_1_1,DP00070,140,138,mmseqs,100.000000,1.000000,1.000000,140
trizod,plddt,mmseqs_100,16174_1_2_2,DP00799,97,95,mmseqs,100.000000,0.989691,1.000000,96
trizod,plddt,mmseqs_98,25150_1_1_1,DP01337,151,145,mmseqs,100.000000,1.000000,1.000000,151
trizod,plddt,mmseqs_98,16904_1_1_1,DP00070,140,138,mmseqs,100.000000,1.000000,1.000000,140
trizod,plddt,mmseqs_98,16174_1_2_2,DP00799,97,95,mmseqs,100.000000,0.989691,1.000000,96
trizod,plddt,mmseqs_98,30150_1_1_1,DP00298,212,208,mmseqs,99.500000,0.985849,0.896996,209
trizod,plddt,mmseqs_98,28009_1_1_1,DP00153,170,144,mmseqs,99.400000,0.982353,0.883598,167
trizod,plddt,mmseqs_98,34399_1_1_1,DP03297,120,118,mmseqs,99.100000,1.000000,0.821918,120
trizod,plddt,mmseqs_98,15548_1_1_1,DP01054,98,96,mmseqs,98.900000,1.000000,1.000000,98
trizod,plddt,mmseqs_98,34161_1_1_1,DP02013,150,147,mmseqs,98.600000,0.993333,1.000000,149
trizod,plddt,mmseqs_95,25150_1_1_1,DP01337,151,145,mmseqs,100.000000,1.000000,1.000000,151
trizod,plddt,mmseqs_95,16904_1_1_1,DP00070,140,138,mmseqs,100.000000,1.000000,1.000000,140
trizod,plddt,mmseqs_95,16174_1_2_2,DP00799,97,95,mmseqs,100.000000,0.989691,1.000000,96
trizod,plddt,mmseqs_95,30150_1_1_1,DP00298,212,208,mmseqs,99.500000,0.985849,0.896996,209
trizod,plddt,mmseqs_95,28009_1_1_1,DP00153,170,144,mmseqs,99.400000,0.982353,0.883598,167
trizod,plddt,mmseqs_95,34399_1_1_1,DP03297,120,118,mmseqs,99.100000,1.000000,0.821918,120
trizod,plddt,mmseqs_95,15548_1_1_1,DP01054,98,96,mmseqs,98.900000,1.000000,1.000000,98
trizod,plddt,mmseqs_95,34161_1_1_1,DP02013,150,147,mmseqs,98.600000,0.993333,1.000000,149
trizod,plddt,mmseqs_90,25150_1_1_1,DP01337,151,145,mmseqs,100.000000,1.000000,1.000000,151
trizod,plddt,mmseqs_90,16904_1_1_1,DP00070,140,138,mmseqs,100.000000,1.000000,1.000000,140
trizod,plddt,mmseqs_90,16174_1_2_2,DP00799,97,95,mmseqs,100.000000,0.989691,1.000000,96
trizod,plddt,mmseqs_90,30150_1_1_1,DP00298,212,208,mmseqs,99.500000,0.985849,0.896996,209
trizod,plddt,mmseqs_90,28009_1_1_1,DP00153,170,144,mmseqs,99.400000,0.982353,0.883598,167
trizod,plddt,mmseqs_90,34399_1_1_1,DP03297,120,118,mmseqs,99.100000,1.000000,0.821918,120
trizod,plddt,mmseqs_90,15548_1_1_1,DP01054,98,96,mmseqs,98.900000,1.000000,1.000000,98
trizod,plddt,mmseqs_90,34161_1_1_1,DP02013,150,147,mmseqs,98.600000,0.993333,1.000000,149
trizod,plddt,mmseqs_85,25150_1_1_1,DP01337,151,145,mmseqs,100.000000,1.000000,1.000000,151
trizod,plddt,mmseqs_85,16904_1_1_1,DP00070,140,138,mmseqs,100.000000,1.000000,1.000000,140
trizod,plddt,mmseqs_85,16174_1_2_2,DP00799,97,95,mmseqs,100.000000,0.989691,1.000000,96
trizod,plddt,mmseqs_85,30150_1_1_1,DP00298,212,208,mmseqs,99.500000,0.985849,0.896996,209
trizod,plddt,mmseqs_85,28009_1_1_1,DP00153,170,144,mmseqs,99.400000,0.982353,0.883598,167
trizod,plddt,mmseqs_85,34399_1_1_1,DP03297,120,118,mmseqs,99.100000,1.000000,0.821918,120
trizod,plddt,mmseqs_85,15548_1_1_1,DP01054,98,96,mmseqs,98.900000,1.000000,1.000000,98
trizod,plddt,mmseqs_85,34161_1_1_1,DP02013,150,147,mmseqs,98.600000,0.993333,1.000000,149
trizod,plddt,mmseqs_80,25150_1_1_1,DP01337,151,145,mmseqs,100.000000,1.000000,1.000000,151
trizod,plddt,mmseqs_80,16904_1_1_1,DP00070,140,138,mmseqs,100.000000,1.000000,1.000000,140
trizod,plddt,mmseqs_80,16174_1_2_2,DP00799,97,95,mmseqs,100.000000,0.989691,1.000000,96
trizod,plddt,mmseqs_80,30150_1_1_1,DP00298,212,208,mmseqs,99.500000,0.985849,0.896996,209
trizod,plddt,mmseqs_80,28009_1_1_1,DP00153,170,144,mmseqs,99.400000,0.982353,0.883598,167
trizod,plddt,mmseqs_80,34399_1_1_1,DP03297,120,118,mmseqs,99.100000,1.000000,0.821918,120
trizod,plddt,mmseqs_80,15548_1_1_1,DP01054,98,96,mmseqs,98.900000,1.000000,1.000000,98
trizod,plddt,mmseqs_80,34161_1_1_1,DP02013,150,147,mmseqs,98.600000,0.993333,1.000000,149
chezod,softdis,exact,4686,4oij_A,74,72,sequence,,,,
chezod,softdis,mmseqs_100,17926,3qv1_G,99,70,mmseqs,100.000000,0.828283,1.000000,82
chezod,softdis,mmseqs_100,5076,5yts_A,79,65,mmseqs,100.000000,0.987342,0.939759,78
chezod,softdis,mmseqs_100,4686,4oij_A,74,72,mmseqs,100.000000,1.000000,1.000000,74
chezod,softdis,mmseqs_100,4914,1cm9_A,71,69,mmseqs,100.000000,1.000000,0.959459,71
chezod,softdis,mmseqs_98,17926,3qv1_G,99,70,mmseqs,100.000000,0.828283,1.000000,82
chezod,softdis,mmseqs_98,5076,5yts_A,79,65,mmseqs,100.000000,0.987342,0.939759,78
chezod,softdis,mmseqs_98,4686,4oij_A,74,72,mmseqs,100.000000,1.000000,1.000000,74
chezod,softdis,mmseqs_98,4914,1cm9_A,71,69,mmseqs,100.000000,1.000000,0.959459,71
chezod,softdis,mmseqs_98,6047,3f2g_A,212,186,mmseqs,99.500000,1.000000,0.963636,212
chezod,softdis,mmseqs_98,4280,6ogk_A,92,89,mmseqs,98.800000,0.978261,0.909091,90
chezod,softdis,mmseqs_98,10010,6nkq_B,165,153,mmseqs,98.100000,0.969697,0.898876,160
chezod,softdis,mmseqs_95,17926,3qv1_G,99,70,mmseqs,100.000000,0.828283,1.000000,82
chezod,softdis,mmseqs_95,5076,5yts_A,79,65,mmseqs,100.000000,0.987342,0.939759,78
chezod,softdis,mmseqs_95,4686,4oij_A,74,72,mmseqs,100.000000,1.000000,1.000000,74
chezod,softdis,mmseqs_95,4914,1cm9_A,71,69,mmseqs,100.000000,1.000000,0.959459,71
chezod,softdis,mmseqs_95,6047,3f2g_A,212,186,mmseqs,99.500000,1.000000,0.963636,212
chezod,softdis,mmseqs_95,4280,6ogk_A,92,89,mmseqs,98.800000,0.978261,0.909091,90
chezod,softdis,mmseqs_95,10010,6nkq_B,165,153,mmseqs,98.100000,0.969697,0.898876,160
chezod,softdis,mmseqs_95,4922,1jxg_B,99,97,mmseqs,97.900000,1.000000,0.990000,99
chezod,softdis,mmseqs_95,5956,5eyo_A,87,80,mmseqs,97.500000,0.954023,0.943182,83
chezod,softdis,mmseqs_90,17926,3qv1_G,99,70,mmseqs,100.000000,0.828283,1.000000,82
chezod,softdis,mmseqs_90,5076,5yts_A,79,65,mmseqs,100.000000,0.987342,0.939759,78
chezod,softdis,mmseqs_90,4686,4oij_A,74,72,mmseqs,100.000000,1.000000,1.000000,74
chezod,softdis,mmseqs_90,4914,1cm9_A,71,69,mmseqs,100.000000,1.000000,0.959459,71
chezod,softdis,mmseqs_90,6047,3f2g_A,212,186,mmseqs,99.500000,1.000000,0.963636,212
chezod,softdis,mmseqs_90,4280,6ogk_A,92,89,mmseqs,98.800000,0.978261,0.909091,90
chezod,softdis,mmseqs_90,10010,6nkq_B,165,153,mmseqs,98.100000,0.969697,0.898876,160
chezod,softdis,mmseqs_90,4922,1jxg_B,99,97,mmseqs,97.900000,1.000000,0.990000,99
chezod,softdis,mmseqs_90,5956,5eyo_A,87,80,mmseqs,97.500000,0.954023,0.943182,83
chezod,softdis,mmseqs_85,17926,3qv1_G,99,70,mmseqs,100.000000,0.828283,1.000000,82
chezod,softdis,mmseqs_85,5076,5yts_A,79,65,mmseqs,100.000000,0.987342,0.939759,78
chezod,softdis,mmseqs_85,4686,4oij_A,74,72,mmseqs,100.000000,1.000000,1.000000,74
chezod,softdis,mmseqs_85,4914,1cm9_A,71,69,mmseqs,100.000000,1.000000,0.959459,71
chezod,softdis,mmseqs_85,6047,3f2g_A,212,186,mmseqs,99.500000,1.000000,0.963636,212
chezod,softdis,mmseqs_85,4280,6ogk_A,92,89,mmseqs,98.800000,0.978261,0.909091,90
chezod,softdis,mmseqs_85,10010,6nkq_B,165,153,mmseqs,98.100000,0.969697,0.898876,160
chezod,softdis,mmseqs_85,4922,1jxg_B,99,97,mmseqs,97.900000,1.000000,0.990000,99
chezod,softdis,mmseqs_85,5956,5eyo_A,87,80,mmseqs,97.500000,0.954023,0.943182,83
chezod,softdis,mmseqs_85,15162,1lti_A,167,149,mmseqs,86.200000,1.000000,0.869792,167
chezod,softdis,mmseqs_80,17926,3qv1_G,99,70,mmseqs,100.000000,0.828283,1.000000,82
chezod,softdis,mmseqs_80,5076,5yts_A,79,65,mmseqs,100.000000,0.987342,0.939759,78
chezod,softdis,mmseqs_80,4686,4oij_A,74,72,mmseqs,100.000000,1.000000,1.000000,74
chezod,softdis,mmseqs_80,4914,1cm9_A,71,69,mmseqs,100.000000,1.000000,0.959459,71
chezod,softdis,mmseqs_80,6047,3f2g_A,212,186,mmseqs,99.500000,1.000000,0.963636,212
chezod,softdis,mmseqs_80,4280,6ogk_A,92,89,mmseqs,98.800000,0.978261,0.909091,90
chezod,softdis,mmseqs_80,10010,6nkq_B,165,153,mmseqs,98.100000,0.969697,0.898876,160
chezod,softdis,mmseqs_80,4922,1jxg_B,99,97,mmseqs,97.900000,1.000000,0.990000,99
chezod,softdis,mmseqs_80,5956,5eyo_A,87,80,mmseqs,97.500000,0.954023,0.943182,83
chezod,softdis,mmseqs_80,15162,1lti_A,167,149,mmseqs,86.200000,1.000000,0.869792,167
chezod,softdis,mmseqs_80,6580,4gl9_H,164,135,mmseqs,82.300000,1.000000,0.965035,164
chezod,pdbflex,mmseqs_100,6047,3fn8A,212,186,mmseqs,100.000000,1.000000,0.963636,212
chezod,pdbflex,mmseqs_100,5076,6a6lA,79,65,mmseqs,100.000000,0.987342,0.939759,78
chezod,pdbflex,mmseqs_98,6047,3fn8A,212,186,mmseqs,100.000000,1.000000,0.963636,212
chezod,pdbflex,mmseqs_98,5076,6a6lA,79,65,mmseqs,100.000000,0.987342,0.939759,78
chezod,pdbflex,mmseqs_98,6970,1hh4A,183,175,mmseqs,98.900000,0.994536,0.947917,182
chezod,pdbflex,mmseqs_98,4280,6ogjB,92,89,mmseqs,98.800000,0.978261,0.918367,90
chezod,pdbflex,mmseqs_95,6047,3fn8A,212,186,mmseqs,100.000000,1.000000,0.963636,212
chezod,pdbflex,mmseqs_95,5076,6a6lA,79,65,mmseqs,100.000000,0.987342,0.939759,78
chezod,pdbflex,mmseqs_95,6970,1hh4A,183,175,mmseqs,98.900000,0.994536,0.947917,182
chezod,pdbflex,mmseqs_95,4280,6ogjB,92,89,mmseqs,98.800000,0.978261,0.918367,90
chezod,pdbflex,mmseqs_95,4922,1jxgA,99,97,mmseqs,97.900000,1.000000,0.990000,99
chezod,pdbflex,mmseqs_95,5956,5eyoC,87,80,mmseqs,97.500000,0.954023,0.943182,83
chezod,pdbflex,mmseqs_90,6047,3fn8A,212,186,mmseqs,100.000000,1.000000,0.963636,212
chezod,pdbflex,mmseqs_90,5076,6a6lA,79,65,mmseqs,100.000000,0.987342,0.939759,78
chezod,pdbflex,mmseqs_90,6970,1hh4A,183,175,mmseqs,98.900000,0.994536,0.947917,182
chezod,pdbflex,mmseqs_90,4280,6ogjB,92,89,mmseqs,98.800000,0.978261,0.918367,90
chezod,pdbflex,mmseqs_90,4922,1jxgA,99,97,mmseqs,97.900000,1.000000,0.990000,99
chezod,pdbflex,mmseqs_90,5956,5eyoC,87,80,mmseqs,97.500000,0.954023,0.943182,83
chezod,pdbflex,mmseqs_90,10010,1yupA,165,153,mmseqs,93.100000,0.969697,0.987654,160
chezod,pdbflex,mmseqs_85,6047,3fn8A,212,186,mmseqs,100.000000,1.000000,0.963636,212
chezod,pdbflex,mmseqs_85,5076,6a6lA,79,65,mmseqs,100.000000,0.987342,0.939759,78
chezod,pdbflex,mmseqs_85,6970,1hh4A,183,175,mmseqs,98.900000,0.994536,0.947917,182
chezod,pdbflex,mmseqs_85,4280,6ogjB,92,89,mmseqs,98.800000,0.978261,0.918367,90
chezod,pdbflex,mmseqs_85,4922,1jxgA,99,97,mmseqs,97.900000,1.000000,0.990000,99
chezod,pdbflex,mmseqs_85,5956,5eyoC,87,80,mmseqs,97.500000,0.954023,0.943182,83
chezod,pdbflex,mmseqs_85,10010,1yupA,165,153,mmseqs,93.100000,0.969697,0.987654,160
chezod,pdbflex,mmseqs_85,15162,1ltaA,167,149,mmseqs,86.200000,1.000000,0.888298,167
chezod,pdbflex,mmseqs_80,6047,3fn8A,212,186,mmseqs,100.000000,1.000000,0.963636,212
chezod,pdbflex,mmseqs_80,5076,6a6lA,79,65,mmseqs,100.000000,0.987342,0.939759,78
chezod,pdbflex,mmseqs_80,6970,1hh4A,183,175,mmseqs,98.900000,0.994536,0.947917,182
chezod,pdbflex,mmseqs_80,4280,6ogjB,92,89,mmseqs,98.800000,0.978261,0.918367,90
chezod,pdbflex,mmseqs_80,4922,1jxgA,99,97,mmseqs,97.900000,1.000000,0.990000,99
chezod,pdbflex,mmseqs_80,5956,5eyoC,87,80,mmseqs,97.500000,0.954023,0.943182,83
chezod,pdbflex,mmseqs_80,10010,1yupA,165,153,mmseqs,93.100000,0.969697,0.987654,160
chezod,pdbflex,mmseqs_80,15162,1ltaA,167,149,mmseqs,86.200000,1.000000,0.888298,167
chezod,atlas,exact,6047,3f0o_B,212,186,sequence,,,,
chezod,atlas,exact,6047,3f0p_A,212,186,sequence,,,,
chezod,atlas,mmseqs_100,6047,3f0o_B,212,186,mmseqs,100.000000,1.000000,1.000000,212
chezod,atlas,mmseqs_98,6047,3f0o_B,212,186,mmseqs,100.000000,1.000000,1.000000,212
chezod,atlas,mmseqs_95,6047,3f0o_B,212,186,mmseqs,100.000000,1.000000,1.000000,212
chezod,atlas,mmseqs_95,1128,2pw8_I,65,63,mmseqs,96.900000,1.000000,1.000000,65
chezod,atlas,mmseqs_90,6047,3f0o_B,212,186,mmseqs,100.000000,1.000000,1.000000,212
chezod,atlas,mmseqs_90,1128,2pw8_I,65,63,mmseqs,96.900000,1.000000,1.000000,65
chezod,atlas,mmseqs_85,6047,3f0o_B,212,186,mmseqs,100.000000,1.000000,1.000000,212
chezod,atlas,mmseqs_85,1128,2pw8_I,65,63,mmseqs,96.900000,1.000000,1.000000,65
chezod,atlas,mmseqs_80,6047,3f0o_B,212,186,mmseqs,100.000000,1.000000,1.000000,212
chezod,atlas,mmseqs_80,1128,2pw8_I,65,63,mmseqs,96.900000,1.000000,1.000000,65
chezod,plddt,exact,6139,DP00580,50,48,sequence,,,,
chezod,plddt,exact,16876,DP00667,185,182,sequence,,,,
chezod,plddt,exact,6968,DP00070,140,138,sequence,,,,
chezod,plddt,exact,25093,DP01291,82,80,sequence,,,,
chezod,plddt,exact,6047,DP00575,212,186,sequence,,,,
chezod,plddt,exact,11526,DP01140,148,146,sequence,,,,
chezod,plddt,exact,6974,DP00358,160,157,sequence,,,,
chezod,plddt,exact,17483,DP00705,109,105,sequence,,,,
chezod,plddt,exact,7279,DP00040,107,105,sequence,,,,
chezod,plddt,exact,17205,DP00277,69,67,sequence,,,,
chezod,plddt,exact,19332,DP01425,111,108,sequence,,,,
chezod,plddt,exact,1128,DP00137,65,63,sequence,,,,
chezod,plddt,mmseqs_100,4287,DP01503,268,77,mmseqs,100.000000,0.988806,0.913793,265
chezod,plddt,mmseqs_100,5736,DP00717,244,218,mmseqs,100.000000,0.963115,1.000000,235
chezod,plddt,mmseqs_100,6047,DP00575,212,186,mmseqs,100.000000,1.000000,1.000000,212
chezod,plddt,mmseqs_100,19521,DP00298,212,208,mmseqs,100.000000,0.985849,0.896996,209
chezod,plddt,mmseqs_100,15855,DP00704,168,158,mmseqs,100.000000,0.982143,1.000000,165
chezod,plddt,mmseqs_100,6974,DP00358,160,157,mmseqs,100.000000,1.000000,1.000000,160
chezod,plddt,mmseqs_100,16876,DP00667,185,182,mmseqs,100.000000,1.000000,1.000000,185
chezod,plddt,mmseqs_100,16912,DP03421,172,170,mmseqs,100.000000,1.000000,0.994220,172
chezod,plddt,mmseqs_100,11526,DP01140,148,146,mmseqs,100.000000,1.000000,1.000000,148
chezod,plddt,mmseqs_100,6968,DP00070,140,138,mmseqs,100.000000,1.000000,1.000000,140
chezod,plddt,mmseqs_100,5022,DP00626,115,112,mmseqs,100.000000,0.991304,0.820144,114
chezod,plddt,mmseqs_100,19332,DP01425,111,108,mmseqs,100.000000,1.000000,1.000000,111
chezod,plddt,mmseqs_100,17483,DP00705,109,105,mmseqs,100.000000,1.000000,1.000000,109
chezod,plddt,mmseqs_100,7279,DP00040,107,105,mmseqs,100.000000,1.000000,1.000000,107
chezod,plddt,mmseqs_100,4272,DP00069,96,94,mmseqs,100.000000,1.000000,0.827586,96
chezod,plddt,mmseqs_100,15086,DP01742,97,88,mmseqs,100.000000,0.917526,1.000000,89
chezod,plddt,mmseqs_100,25093,DP01291,82,80,mmseqs,100.000000,1.000000,1.000000,82
chezod,plddt,mmseqs_100,19364,DP00510,93,80,mmseqs,100.000000,0.870968,0.987805,81
chezod,plddt,mmseqs_100,17205,DP00277,69,67,mmseqs,100.000000,1.000000,1.000000,69
chezod,plddt,mmseqs_100,1128,DP00137,65,63,mmseqs,100.000000,1.000000,1.000000,65
chezod,plddt,mmseqs_100,11019,DP00543,67,62,mmseqs,100.000000,0.940299,1.000000,63
chezod,plddt,mmseqs_100,6078,DP00179,76,61,mmseqs,100.000000,0.894737,1.000000,68
chezod,plddt,mmseqs_100,6846,DP00475,63,56,mmseqs,100.000000,0.904762,0.982759,57
chezod,plddt,mmseqs_100,6139,DP00580,50,48,mmseqs,100.000000,1.000000,1.000000,50
chezod,plddt,mmseqs_98,4287,DP01503,268,77,mmseqs,100.000000,0.988806,0.913793,265
chezod,plddt,mmseqs_98,5736,DP00717,244,218,mmseqs,100.000000,0.963115,1.000000,235
chezod,plddt,mmseqs_98,6047,DP00575,212,186,mmseqs,100.000000,1.000000,1.000000,212
chezod,plddt,mmseqs_98,19521,DP00298,212,208,mmseqs,100.000000,0.985849,0.896996,209
chezod,plddt,mmseqs_98,15855,DP00704,168,158,mmseqs,100.000000,0.982143,1.000000,165
chezod,plddt,mmseqs_98,6974,DP00358,160,157,mmseqs,100.000000,1.000000,1.000000,160
chezod,plddt,mmseqs_98,16876,DP00667,185,182,mmseqs,100.000000,1.000000,1.000000,185
chezod,plddt,mmseqs_98,16912,DP03421,172,170,mmseqs,100.000000,1.000000,0.994220,172
chezod,plddt,mmseqs_98,11526,DP01140,148,146,mmseqs,100.000000,1.000000,1.000000,148
chezod,plddt,mmseqs_98,6968,DP00070,140,138,mmseqs,100.000000,1.000000,1.000000,140
chezod,plddt,mmseqs_98,5022,DP00626,115,112,mmseqs,100.000000,0.991304,0.820144,114
chezod,plddt,mmseqs_98,19332,DP01425,111,108,mmseqs,100.000000,1.000000,1.000000,111
chezod,plddt,mmseqs_98,17483,DP00705,109,105,mmseqs,100.000000,1.000000,1.000000,109
chezod,plddt,mmseqs_98,7279,DP00040,107,105,mmseqs,100.000000,1.000000,1.000000,107
chezod,plddt,mmseqs_98,4272,DP00069,96,94,mmseqs,100.000000,1.000000,0.827586,96
chezod,plddt,mmseqs_98,15086,DP01742,97,88,mmseqs,100.000000,0.917526,1.000000,89
chezod,plddt,mmseqs_98,25093,DP01291,82,80,mmseqs,100.000000,1.000000,1.000000,82
chezod,plddt,mmseqs_98,19364,DP00510,93,80,mmseqs,100.000000,0.870968,0.987805,81
chezod,plddt,mmseqs_98,17205,DP00277,69,67,mmseqs,100.000000,1.000000,1.000000,69
chezod,plddt,mmseqs_98,1128,DP00137,65,63,mmseqs,100.000000,1.000000,1.000000,65
chezod,plddt,mmseqs_98,11019,DP00543,67,62,mmseqs,100.000000,0.940299,1.000000,63
chezod,plddt,mmseqs_98,6078,DP00179,76,61,mmseqs,100.000000,0.894737,1.000000,68
chezod,plddt,mmseqs_98,6846,DP00475,63,56,mmseqs,100.000000,0.904762,0.982759,57
chezod,plddt,mmseqs_98,6139,DP00580,50,48,mmseqs,100.000000,1.000000,1.000000,50
chezod,plddt,mmseqs_98,6970,DP03298,183,175,mmseqs,99.400000,1.000000,0.953125,183
chezod,plddt,mmseqs_98,15131,DP01101,176,167,mmseqs,99.400000,0.954545,0.994083,168
chezod,plddt,mmseqs_98,16450,DP01854,130,125,mmseqs,99.200000,1.000000,1.000000,130
chezod,plddt,mmseqs_98,15141,DP00372,106,98,mmseqs,99.000000,1.000000,1.000000,106
chezod,plddt,mmseqs_98,15430,DP00347,87,85,mmseqs,98.800000,1.000000,1.000000,87
chezod,plddt,mmseqs_98,19114,DP01293,128,119,mmseqs,98.300000,0.937500,1.000000,120
chezod,plddt,mmseqs_98,15736,DP00607,187,166,mmseqs,98.200000,0.914439,0.814286,171
chezod,plddt,mmseqs_95,4287,DP01503,268,77,mmseqs,100.000000,0.988806,0.913793,265
chezod,plddt,mmseqs_95,5736,DP00717,244,218,mmseqs,100.000000,0.963115,1.000000,235
chezod,plddt,mmseqs_95,6047,DP00575,212,186,mmseqs,100.000000,1.000000,1.000000,212
chezod,plddt,mmseqs_95,19521,DP00298,212,208,mmseqs,100.000000,0.985849,0.896996,209
chezod,plddt,mmseqs_95,15855,DP00704,168,158,mmseqs,100.000000,0.982143,1.000000,165
chezod,plddt,mmseqs_95,6974,DP00358,160,157,mmseqs,100.000000,1.000000,1.000000,160
chezod,plddt,mmseqs_95,16876,DP00667,185,182,mmseqs,100.000000,1.000000,1.000000,185
chezod,plddt,mmseqs_95,16912,DP03421,172,170,mmseqs,100.000000,1.000000,0.994220,172
chezod,plddt,mmseqs_95,11526,DP01140,148,146,mmseqs,100.000000,1.000000,1.000000,148
chezod,plddt,mmseqs_95,6968,DP00070,140,138,mmseqs,100.000000,1.000000,1.000000,140
chezod,plddt,mmseqs_95,5022,DP00626,115,112,mmseqs,100.000000,0.991304,0.820144,114
chezod,plddt,mmseqs_95,19332,DP01425,111,108,mmseqs,100.000000,1.000000,1.000000,111
chezod,plddt,mmseqs_95,17483,DP00705,109,105,mmseqs,100.000000,1.000000,1.000000,109
chezod,plddt,mmseqs_95,7279,DP00040,107,105,mmseqs,100.000000,1.000000,1.000000,107
chezod,plddt,mmseqs_95,4272,DP00069,96,94,mmseqs,100.000000,1.000000,0.827586,96
chezod,plddt,mmseqs_95,15086,DP01742,97,88,mmseqs,100.000000,0.917526,1.000000,89
chezod,plddt,mmseqs_95,25093,DP01291,82,80,mmseqs,100.000000,1.000000,1.000000,82
chezod,plddt,mmseqs_95,19364,DP00510,93,80,mmseqs,100.000000,0.870968,0.987805,81
chezod,plddt,mmseqs_95,17205,DP00277,69,67,mmseqs,100.000000,1.000000,1.000000,69
chezod,plddt,mmseqs_95,1128,DP00137,65,63,mmseqs,100.000000,1.000000,1.000000,65
chezod,plddt,mmseqs_95,11019,DP00543,67,62,mmseqs,100.000000,0.940299,1.000000,63
chezod,plddt,mmseqs_95,6078,DP00179,76,61,mmseqs,100.000000,0.894737,1.000000,68
chezod,plddt,mmseqs_95,6846,DP00475,63,56,mmseqs,100.000000,0.904762,0.982759,57
chezod,plddt,mmseqs_95,6139,DP00580,50,48,mmseqs,100.000000,1.000000,1.000000,50
chezod,plddt,mmseqs_95,6970,DP03298,183,175,mmseqs,99.400000,1.000000,0.953125,183
chezod,plddt,mmseqs_95,15131,DP01101,176,167,mmseqs,99.400000,0.954545,0.994083,168
chezod,plddt,mmseqs_95,16450,DP01854,130,125,mmseqs,99.200000,1.000000,1.000000,130
chezod,plddt,mmseqs_95,15141,DP00372,106,98,mmseqs,99.000000,1.000000,1.000000,106
chezod,plddt,mmseqs_95,15430,DP00347,87,85,mmseqs,98.800000,1.000000,1.000000,87
chezod,plddt,mmseqs_95,19114,DP01293,128,119,mmseqs,98.300000,0.937500,1.000000,120
chezod,plddt,mmseqs_95,15736,DP00607,187,166,mmseqs,98.200000,0.914439,0.814286,171
chezod,plddt,mmseqs_95,15711,DP00652,153,147,mmseqs,97.300000,1.000000,0.993506,153
chezod,plddt,mmseqs_95,25327,DP01069,83,81,mmseqs,96.300000,1.000000,0.821782,83
chezod,plddt,mmseqs_90,4287,DP01503,268,77,mmseqs,100.000000,0.988806,0.913793,265
chezod,plddt,mmseqs_90,5736,DP00717,244,218,mmseqs,100.000000,0.963115,1.000000,235
chezod,plddt,mmseqs_90,6047,DP00575,212,186,mmseqs,100.000000,1.000000,1.000000,212
chezod,plddt,mmseqs_90,19521,DP00298,212,208,mmseqs,100.000000,0.985849,0.896996,209
chezod,plddt,mmseqs_90,15855,DP00704,168,158,mmseqs,100.000000,0.982143,1.000000,165
chezod,plddt,mmseqs_90,6974,DP00358,160,157,mmseqs,100.000000,1.000000,1.000000,160
chezod,plddt,mmseqs_90,16876,DP00667,185,182,mmseqs,100.000000,1.000000,1.000000,185
chezod,plddt,mmseqs_90,16912,DP03421,172,170,mmseqs,100.000000,1.000000,0.994220,172
chezod,plddt,mmseqs_90,11526,DP01140,148,146,mmseqs,100.000000,1.000000,1.000000,148
chezod,plddt,mmseqs_90,6968,DP00070,140,138,mmseqs,100.000000,1.000000,1.000000,140
chezod,plddt,mmseqs_90,5022,DP00626,115,112,mmseqs,100.000000,0.991304,0.820144,114
chezod,plddt,mmseqs_90,19332,DP01425,111,108,mmseqs,100.000000,1.000000,1.000000,111
chezod,plddt,mmseqs_90,17483,DP00705,109,105,mmseqs,100.000000,1.000000,1.000000,109
chezod,plddt,mmseqs_90,7279,DP00040,107,105,mmseqs,100.000000,1.000000,1.000000,107
chezod,plddt,mmseqs_90,4272,DP00069,96,94,mmseqs,100.000000,1.000000,0.827586,96
chezod,plddt,mmseqs_90,15086,DP01742,97,88,mmseqs,100.000000,0.917526,1.000000,89
chezod,plddt,mmseqs_90,25093,DP01291,82,80,mmseqs,100.000000,1.000000,1.000000,82
chezod,plddt,mmseqs_90,19364,DP00510,93,80,mmseqs,100.000000,0.870968,0.987805,81
chezod,plddt,mmseqs_90,17205,DP00277,69,67,mmseqs,100.000000,1.000000,1.000000,69
chezod,plddt,mmseqs_90,1128,DP00137,65,63,mmseqs,100.000000,1.000000,1.000000,65
chezod,plddt,mmseqs_90,11019,DP00543,67,62,mmseqs,100.000000,0.940299,1.000000,63
chezod,plddt,mmseqs_90,6078,DP00179,76,61,mmseqs,100.000000,0.894737,1.000000,68
chezod,plddt,mmseqs_90,6846,DP00475,63,56,mmseqs,100.000000,0.904762,0.982759,57
chezod,plddt,mmseqs_90,6139,DP00580,50,48,mmseqs,100.000000,1.000000,1.000000,50
chezod,plddt,mmseqs_90,6970,DP03298,183,175,mmseqs,99.400000,1.000000,0.953125,183
chezod,plddt,mmseqs_90,15131,DP01101,176,167,mmseqs,99.400000,0.954545,0.994083,168
chezod,plddt,mmseqs_90,16450,DP01854,130,125,mmseqs,99.200000,1.000000,1.000000,130
chezod,plddt,mmseqs_90,15141,DP00372,106,98,mmseqs,99.000000,1.000000,1.000000,106
chezod,plddt,mmseqs_90,15430,DP00347,87,85,mmseqs,98.800000,1.000000,1.000000,87
chezod,plddt,mmseqs_90,19114,DP01293,128,119,mmseqs,98.300000,0.937500,1.000000,120
chezod,plddt,mmseqs_90,15736,DP00607,187,166,mmseqs,98.200000,0.914439,0.814286,171
chezod,plddt,mmseqs_90,15711,DP00652,153,147,mmseqs,97.300000,1.000000,0.993506,153
chezod,plddt,mmseqs_90,25327,DP01069,83,81,mmseqs,96.300000,1.000000,0.821782,83
chezod,plddt,mmseqs_90,15174,DP01286,46,40,mmseqs,93.400000,1.000000,1.000000,46
chezod,plddt,mmseqs_85,4287,DP01503,268,77,mmseqs,100.000000,0.988806,0.913793,265
chezod,plddt,mmseqs_85,5736,DP00717,244,218,mmseqs,100.000000,0.963115,1.000000,235
chezod,plddt,mmseqs_85,6047,DP00575,212,186,mmseqs,100.000000,1.000000,1.000000,212
chezod,plddt,mmseqs_85,19521,DP00298,212,208,mmseqs,100.000000,0.985849,0.896996,209
chezod,plddt,mmseqs_85,15855,DP00704,168,158,mmseqs,100.000000,0.982143,1.000000,165
chezod,plddt,mmseqs_85,6974,DP00358,160,157,mmseqs,100.000000,1.000000,1.000000,160
chezod,plddt,mmseqs_85,16876,DP00667,185,182,mmseqs,100.000000,1.000000,1.000000,185
chezod,plddt,mmseqs_85,16912,DP03421,172,170,mmseqs,100.000000,1.000000,0.994220,172
chezod,plddt,mmseqs_85,11526,DP01140,148,146,mmseqs,100.000000,1.000000,1.000000,148
chezod,plddt,mmseqs_85,6968,DP00070,140,138,mmseqs,100.000000,1.000000,1.000000,140
chezod,plddt,mmseqs_85,5022,DP00626,115,112,mmseqs,100.000000,0.991304,0.820144,114
chezod,plddt,mmseqs_85,19332,DP01425,111,108,mmseqs,100.000000,1.000000,1.000000,111
chezod,plddt,mmseqs_85,17483,DP00705,109,105,mmseqs,100.000000,1.000000,1.000000,109
chezod,plddt,mmseqs_85,7279,DP00040,107,105,mmseqs,100.000000,1.000000,1.000000,107
chezod,plddt,mmseqs_85,4272,DP00069,96,94,mmseqs,100.000000,1.000000,0.827586,96
chezod,plddt,mmseqs_85,15086,DP01742,97,88,mmseqs,100.000000,0.917526,1.000000,89
chezod,plddt,mmseqs_85,25093,DP01291,82,80,mmseqs,100.000000,1.000000,1.000000,82
chezod,plddt,mmseqs_85,19364,DP00510,93,80,mmseqs,100.000000,0.870968,0.987805,81
chezod,plddt,mmseqs_85,17205,DP00277,69,67,mmseqs,100.000000,1.000000,1.000000,69
chezod,plddt,mmseqs_85,1128,DP00137,65,63,mmseqs,100.000000,1.000000,1.000000,65
chezod,plddt,mmseqs_85,11019,DP00543,67,62,mmseqs,100.000000,0.940299,1.000000,63
chezod,plddt,mmseqs_85,6078,DP00179,76,61,mmseqs,100.000000,0.894737,1.000000,68
chezod,plddt,mmseqs_85,6846,DP00475,63,56,mmseqs,100.000000,0.904762,0.982759,57
chezod,plddt,mmseqs_85,6139,DP00580,50,48,mmseqs,100.000000,1.000000,1.000000,50
chezod,plddt,mmseqs_85,6970,DP03298,183,175,mmseqs,99.400000,1.000000,0.953125,183
chezod,plddt,mmseqs_85,15131,DP01101,176,167,mmseqs,99.400000,0.954545,0.994083,168
chezod,plddt,mmseqs_85,16450,DP01854,130,125,mmseqs,99.200000,1.000000,1.000000,130
chezod,plddt,mmseqs_85,15141,DP00372,106,98,mmseqs,99.000000,1.000000,1.000000,106
chezod,plddt,mmseqs_85,15430,DP00347,87,85,mmseqs,98.800000,1.000000,1.000000,87
chezod,plddt,mmseqs_85,19114,DP01293,128,119,mmseqs,98.300000,0.937500,1.000000,120
chezod,plddt,mmseqs_85,15736,DP00607,187,166,mmseqs,98.200000,0.914439,0.814286,171
chezod,plddt,mmseqs_85,15711,DP00652,153,147,mmseqs,97.300000,1.000000,0.993506,153
chezod,plddt,mmseqs_85,25327,DP01069,83,81,mmseqs,96.300000,1.000000,0.821782,83
chezod,plddt,mmseqs_85,15174,DP01286,46,40,mmseqs,93.400000,1.000000,1.000000,46
chezod,plddt,mmseqs_80,4287,DP01503,268,77,mmseqs,100.000000,0.988806,0.913793,265
chezod,plddt,mmseqs_80,5736,DP00717,244,218,mmseqs,100.000000,0.963115,1.000000,235
chezod,plddt,mmseqs_80,6047,DP00575,212,186,mmseqs,100.000000,1.000000,1.000000,212
chezod,plddt,mmseqs_80,19521,DP00298,212,208,mmseqs,100.000000,0.985849,0.896996,209
chezod,plddt,mmseqs_80,15855,DP00704,168,158,mmseqs,100.000000,0.982143,1.000000,165
chezod,plddt,mmseqs_80,6974,DP00358,160,157,mmseqs,100.000000,1.000000,1.000000,160
chezod,plddt,mmseqs_80,16876,DP00667,185,182,mmseqs,100.000000,1.000000,1.000000,185
chezod,plddt,mmseqs_80,16912,DP03421,172,170,mmseqs,100.000000,1.000000,0.994220,172
chezod,plddt,mmseqs_80,11526,DP01140,148,146,mmseqs,100.000000,1.000000,1.000000,148
chezod,plddt,mmseqs_80,6968,DP00070,140,138,mmseqs,100.000000,1.000000,1.000000,140
chezod,plddt,mmseqs_80,5022,DP00626,115,112,mmseqs,100.000000,0.991304,0.820144,114
chezod,plddt,mmseqs_80,19332,DP01425,111,108,mmseqs,100.000000,1.000000,1.000000,111
chezod,plddt,mmseqs_80,17483,DP00705,109,105,mmseqs,100.000000,1.000000,1.000000,109
chezod,plddt,mmseqs_80,7279,DP00040,107,105,mmseqs,100.000000,1.000000,1.000000,107
chezod,plddt,mmseqs_80,4272,DP00069,96,94,mmseqs,100.000000,1.000000,0.827586,96
chezod,plddt,mmseqs_80,15086,DP01742,97,88,mmseqs,100.000000,0.917526,1.000000,89
chezod,plddt,mmseqs_80,25093,DP01291,82,80,mmseqs,100.000000,1.000000,1.000000,82
chezod,plddt,mmseqs_80,19364,DP00510,93,80,mmseqs,100.000000,0.870968,0.987805,81
chezod,plddt,mmseqs_80,17205,DP00277,69,67,mmseqs,100.000000,1.000000,1.000000,69
chezod,plddt,mmseqs_80,1128,DP00137,65,63,mmseqs,100.000000,1.000000,1.000000,65
chezod,plddt,mmseqs_80,11019,DP00543,67,62,mmseqs,100.000000,0.940299,1.000000,63
chezod,plddt,mmseqs_80,6078,DP00179,76,61,mmseqs,100.000000,0.894737,1.000000,68
chezod,plddt,mmseqs_80,6846,DP00475,63,56,mmseqs,100.000000,0.904762,0.982759,57
chezod,plddt,mmseqs_80,6139,DP00580,50,48,mmseqs,100.000000,1.000000,1.000000,50
chezod,plddt,mmseqs_80,6970,DP03298,183,175,mmseqs,99.400000,1.000000,0.953125,183
chezod,plddt,mmseqs_80,15131,DP01101,176,167,mmseqs,99.400000,0.954545,0.994083,168
chezod,plddt,mmseqs_80,16450,DP01854,130,125,mmseqs,99.200000,1.000000,1.000000,130
chezod,plddt,mmseqs_80,15141,DP00372,106,98,mmseqs,99.000000,1.000000,1.000000,106
chezod,plddt,mmseqs_80,15430,DP00347,87,85,mmseqs,98.800000,1.000000,1.000000,87
chezod,plddt,mmseqs_80,19114,DP01293,128,119,mmseqs,98.300000,0.937500,1.000000,120
chezod,plddt,mmseqs_80,15736,DP00607,187,166,mmseqs,98.200000,0.914439,0.814286,171
chezod,plddt,mmseqs_80,15711,DP00652,153,147,mmseqs,97.300000,1.000000,0.993506,153
chezod,plddt,mmseqs_80,25327,DP01069,83,81,mmseqs,96.300000,1.000000,0.821782,83
chezod,plddt,mmseqs_80,15174,DP01286,46,40,mmseqs,93.400000,1.000000,1.000000,46
chezod,plddt,mmseqs_80,6498,DP00907,77,71,mmseqs,84.600000,1.000000,0.950000,78
chezod,disprot,exact,19135,DP04241,467,465,sequence,,,,
chezod,disprot,mmseqs_100,19135,DP04241,467,465,mmseqs,100.000000,1.000000,1.000000,467
chezod,disprot,mmseqs_100,19507,DP04202,113,98,mmseqs,100.000000,0.884956,1.000000,100
chezod,disprot,mmseqs_98,19135,DP04241,467,465,mmseqs,100.000000,1.000000,1.000000,467
chezod,disprot,mmseqs_98,19507,DP04202,113,98,mmseqs,100.000000,0.884956,1.000000,100
chezod,disprot,mmseqs_95,19135,DP04241,467,465,mmseqs,100.000000,1.000000,1.000000,467
chezod,disprot,mmseqs_95,19507,DP04202,113,98,mmseqs,100.000000,0.884956,1.000000,100
chezod,disprot,mmseqs_90,19135,DP04241,467,465,mmseqs,100.000000,1.000000,1.000000,467
chezod,disprot,mmseqs_90,19507,DP04202,113,98,mmseqs,100.000000,0.884956,1.000000,100
chezod,disprot,mmseqs_85,19135,DP04241,467,465,mmseqs,100.000000,1.000000,1.000000,467
chezod,disprot,mmseqs_85,19507,DP04202,113,98,mmseqs,100.000000,0.884956,1.000000,100
chezod,disprot,mmseqs_80,19135,DP04241,467,465,mmseqs,100.000000,1.000000,1.000000,467
chezod,disprot,mmseqs_80,19507,DP04202,113,98,mmseqs,100.000000,0.884956,1.000000,100
softdis,pdbflex,exact,5n16_D,5n15A,138,138,sequence,,,,
softdis,pdbflex,exact,4djm_A,4djmD,239,239,sequence,,,,
softdis,pdbflex,exact,1ov8_C,1qhqA,140,140,sequence,,,,
softdis,pdbflex,exact,4kzv_A,4kzwA,134,134,sequence,,,,
softdis,pdbflex,exact,2py2_A,2py2A,136,136,sequence,,,,
softdis,pdbflex,exact,1l2o_B,3jtdB,156,156,sequence,,,,
softdis,pdbflex,exact,1ql3_A,1ql4A,99,99,sequence,,,,
softdis,pdbflex,exact,4ofi_A,4ofiC,115,115,sequence,,,,
softdis,pdbflex,exact,4of6_A,4of6B,120,120,sequence,,,,
softdis,pdbflex,exact,1osa_A,1osaA,148,148,sequence,,,,
softdis,pdbflex,exact,2oz1_B,2oz1F,138,138,sequence,,,,
softdis,pdbflex,exact,1pwp_A,1jkyA,776,776,sequence,,,,
softdis,pdbflex,exact,4hj6_A,4hj6B,178,178,sequence,,,,
softdis,pdbflex,exact,4hwh_A,4hwhE,88,88,sequence,,,,
softdis,pdbflex,exact,2rib_A,2ricC,160,160,sequence,,,,
softdis,pdbflex,exact,5zhc_A,5zi8A,113,113,sequence,,,,
softdis,pdbflex,exact,5v6f_A,5v6cB,138,138,sequence,,,,
softdis,pdbflex,exact,1wp8_B,1wp8A,89,89,sequence,,,,
softdis,pdbflex,exact,4lx8_A,4hnsA,124,124,sequence,,,,
softdis,pdbflex,exact,3dxe_C,3dxdA,140,140,sequence,,,,
softdis,pdbflex,exact,1bye_A,1byeA,213,213,sequence,,,,
softdis,pdbflex,exact,3cdg_K,3cdgF,120,120,sequence,,,,
softdis,pdbflex,exact,2ymz_A,2ymzA,130,130,sequence,,,,
softdis,pdbflex,exact,6mry_A,6mryA,48,48,sequence,,,,
softdis,pdbflex,exact,5u96_A,5u96A,52,52,sequence,,,,
softdis,pdbflex,exact,3jv6_B,3jv6B,107,107,sequence,,,,
softdis,pdbflex,exact,3oe3_A,3oe3C,98,98,sequence,,,,
softdis,pdbflex,exact,7ytq_A,3c22D,156,156,sequence,,,,
softdis,pdbflex,exact,1nw2_A,1nw2A,105,105,sequence,,,,
softdis,pdbflex,exact,6eun_A,6eunA,156,156,sequence,,,,
softdis,pdbflex,exact,2z8v_C,2z8vC,116,116,sequence,,,,
softdis,pdbflex,exact,2qyp_A,2qypB,91,91,sequence,,,,
softdis,pdbflex,exact,1br4_B,1br4B,150,150,sequence,,,,
softdis,pdbflex,exact,3alu_A,3aluA,157,157,sequence,,,,
softdis,pdbflex,exact,1zmk_B,1zmhA,29,29,sequence,,,,
softdis,pdbflex,exact,1bj3_B,1j34B,123,123,sequence,,,,
softdis,pdbflex,exact,1bj3_A,1bj3A,129,129,sequence,,,,
softdis,pdbflex,exact,2wfv_A,2wfvA,25,25,sequence,,,,
softdis,pdbflex,exact,1zv8_B,6lvnB,36,36,sequence,,,,
softdis,pdbflex,exact,1bxa_A,2j55A,105,105,sequence,,,,
softdis,pdbflex,exact,4qae_P,4qaeP,25,25,sequence,,,,
softdis,pdbflex,exact,3hzb_A,3hzbD,90,90,sequence,,,,
softdis,pdbflex,exact,1bcp_D,1ptoD,110,110,sequence,,,,
softdis,pdbflex,exact,4fz0_M,4fz0O,40,40,sequence,,,,
softdis,pdbflex,exact,4aoq_D,4aoqE,37,37,sequence,,,,
softdis,pdbflex,exact,1asy_A,1aszA,490,490,sequence,,,,
softdis,pdbflex,exact,2jjs_A,2uv3B,126,126,sequence,,,,
softdis,pdbflex,exact,5xe2_A,5xe2A,107,107,sequence,,,,
softdis,pdbflex,exact,5ntt_A,5nttA,287,287,sequence,,,,
softdis,pdbflex,exact,5m3d_A,5m3tB,101,101,sequence,,,,
softdis,pdbflex,exact,5mgr_A,5mgsH,146,146,sequence,,,,
softdis,pdbflex,exact,2puk_C,2pukC,106,106,sequence,,,,
softdis,pdbflex,exact,1kb2_B,1kb6B,110,110,sequence,,,,
softdis,pdbflex,exact,1eja_B,1c9tG,59,59,sequence,,,,
softdis,pdbflex,exact,5x7v_A,5x7vC,193,193,sequence,,,,
softdis,pdbflex,exact,5u52_E,1oqoC,34,34,sequence,,,,
softdis,pdbflex,exact,5ied_B,5f0eB,88,88,sequence,,,,
softdis,pdbflex,exact,4v0n_A,4v0lA,169,169,sequence,,,,
softdis,pdbflex,exact,5f5u_C,5f5uC,36,36,sequence,,,,
softdis,pdbflex,exact,5vd2_A,5vd4A,289,289,sequence,,,,
softdis,pdbflex,exact,6gqa_A,6gqnA,62,62,sequence,,,,
softdis,pdbflex,exact,6jjj_B,6jjjA,160,160,sequence,,,,
softdis,pdbflex,exact,4ybh_B,4ybhB,92,92,sequence,,,,
softdis,pdbflex,exact,3zpv_1,3zpv1,62,62,sequence,,,,
softdis,pdbflex,exact,6joj_A,5k5xA,356,356,sequence,,,,
softdis,pdbflex,exact,4xq3_A,4xq3F,91,91,sequence,,,,
softdis,pdbflex,exact,4v0u_E,4v0uE,84,84,sequence,,,,
softdis,pdbflex,exact,1r6j_A,1r6jA,82,82,sequence,,,,
softdis,pdbflex,exact,4qeg_A,5jdjA,91,91,sequence,,,,
softdis,pdbflex,exact,2pe8_A,2pehA,105,105,sequence,,,,
softdis,pdbflex,exact,4nxp_A,4nxrA,94,94,sequence,,,,
softdis,pdbflex,exact,1zzi_A,1zziA,82,82,sequence,,,,
softdis,pdbflex,exact,6ryl_C,6rydA,76,76,sequence,,,,
softdis,pdbflex,exact,5x5o_A,6jutA,310,310,sequence,,,,
softdis,pdbflex,exact,4mwi_A,4mwiA,294,294,sequence,,,,
softdis,pdbflex,exact,4m8a_A,4m8aB,72,72,sequence,,,,
softdis,pdbflex,exact,6jb6_A,6jb6A,205,205,sequence,,,,
softdis,pdbflex,exact,4riq_C,4riqC,27,27,sequence,,,,
softdis,pdbflex,exact,5f5t_C,5f5tC,84,84,sequence,,,,
softdis,pdbflex,exact,1th7_K,1th7A,81,81,sequence,,,,
softdis,pdbflex,exact,3isw_A,3iswB,99,99,sequence,,,,
softdis,pdbflex,exact,5mpw_A,5mpwA,115,115,sequence,,,,
softdis,pdbflex,exact,2yhn_A,2yhoE,79,79,sequence,,,,
softdis,pdbflex,exact,6oec_A,6oecL,162,162,sequence,,,,
softdis,pdbflex,exact,6d48_E,6d49A,127,127,sequence,,,,
softdis,pdbflex,exact,3oq9_H,3oq9H,100,100,sequence,,,,
softdis,pdbflex,exact,3utm_A,3utmA,351,351,sequence,,,,
softdis,pdbflex,exact,2f5z_K,2f60K,64,64,sequence,,,,
softdis,pdbflex,exact,6d07_A,6d07A,55,55,sequence,,,,
softdis,pdbflex,exact,4x8w_A,4x8wE,75,75,sequence,,,,
softdis,pdbflex,exact,6qav_D,6qauA,280,280,sequence,,,,
softdis,pdbflex,exact,1f7t_A,1f7tA,122,122,sequence,,,,
softdis,pdbflex,exact,2cyx_A,2cyxA,170,170,sequence,,,,
softdis,pdbflex,exact,5x3p_A,5x3pA,83,83,sequence,,,,
softdis,pdbflex,exact,3trt_A,3trtA,77,77,sequence,,,,
softdis,pdbflex,exact,5un5_D,5un5C,123,123,sequence,,,,
softdis,pdbflex,exact,1zke_A,1zkeD,83,83,sequence,,,,
softdis,pdbflex,exact,5e8v_A,5e92A,316,316,sequence,,,,
softdis,pdbflex,exact,4fi1_A,4fi1A,374,374,sequence,,,,
softdis,pdbflex,exact,4k57_A,4k57A,518,518,sequence,,,,
softdis,pdbflex,exact,2qkv_A,2qkvA,96,96,sequence,,,,
softdis,pdbflex,exact,6j4k_A,6j4kA,60,60,sequence,,,,
softdis,pdbflex,exact,1yn4_A,1yn4A,99,99,sequence,,,,
softdis,pdbflex,exact,5ytk_A,5ytkA,274,274,sequence,,,,
softdis,pdbflex,exact,4d9s_A,4d9sA,406,406,sequence,,,,
softdis,pdbflex,exact,2x5h_A,2x5hD,97,97,sequence,,,,
softdis,pdbflex,exact,3nbn_E,2f8xK,256,256,sequence,,,,
softdis,pdbflex,exact,5u8k_A,5u8kB,231,231,sequence,,,,
softdis,pdbflex,exact,4lmm_A,4n6xA,91,91,sequence,,,,
softdis,pdbflex,exact,3pm9_A,3pm9A,476,476,sequence,,,,
softdis,pdbflex,exact,6o8q_A,6o8qB,91,91,sequence,,,,
softdis,pdbflex,exact,2iug_A,2iuhA,120,120,sequence,,,,
softdis,pdbflex,exact,3qby_A,3qbyA,94,94,sequence,,,,
softdis,pdbflex,exact,4qey_A,4qeyA,132,132,sequence,,,,
softdis,pdbflex,exact,4lw9_Q,4lw9A,120,120,sequence,,,,
softdis,pdbflex,exact,4cc4_B,4cc4B,68,68,sequence,,,,
softdis,pdbflex,exact,6ovf_A,6ovfA,161,161,sequence,,,,
softdis,pdbflex,exact,5ydk_A,5ydkF,87,87,sequence,,,,
softdis,pdbflex,exact,4hwc_A,4hwcB,89,89,sequence,,,,
softdis,pdbflex,exact,5jxc_B,5jxcA,92,92,sequence,,,,
softdis,pdbflex,exact,3m4p_A,3m4qB,456,456,sequence,,,,
softdis,pdbflex,exact,3lg6_A,3lg6A,235,235,sequence,,,,
softdis,pdbflex,exact,4lhx_C,4lhzE,78,78,sequence,,,,
softdis,pdbflex,exact,2wx4_A,2wx4D,46,46,sequence,,,,
softdis,pdbflex,exact,5whf_C,5whfC,90,90,sequence,,,,
softdis,pdbflex,exact,5v6h_A,5v6hE,79,79,sequence,,,,
softdis,pdbflex,exact,6fia_A,6fiaD,104,104,sequence,,,,
softdis,pdbflex,exact,1xw3_A,1xw3A,110,110,sequence,,,,
softdis,pdbflex,exact,7ciz_C,5bnvF,70,70,sequence,,,,
softdis,pdbflex,exact,6box_A,6bp4B,303,303,sequence,,,,
softdis,pdbflex,exact,6ml2_A,6ml4A,151,151,sequence,,,,
softdis,pdbflex,exact,4cym_D,4cz2D,203,203,sequence,,,,
softdis,pdbflex,exact,3iqc_A,3iqcA,131,131,sequence,,,,
softdis,pdbflex,exact,4b6d_A,4b6dA,61,61,sequence,,,,
softdis,pdbflex,exact,4wci_A,4wciC,65,65,sequence,,,,
softdis,pdbflex,exact,3rl0_Q,3rl0M,37,37,sequence,,,,
softdis,pdbflex,exact,5aqf_D,5aquB,118,118,sequence,,,,
softdis,pdbflex,exact,6hc2_B,6hc2B,71,71,sequence,,,,
softdis,pdbflex,exact,5xka_A,5xkaA,288,288,sequence,,,,
softdis,pdbflex,exact,4z88_G,4z88D,73,73,sequence,,,,
softdis,pdbflex,exact,3aae_Y,3aaeX,37,37,sequence,,,,
softdis,pdbflex,exact,7sn6_A,4fxwA,106,106,sequence,,,,
softdis,pdbflex,exact,3uvt_A,3uvtC,111,111,sequence,,,,
softdis,pdbflex,exact,6cps_A,6cpsA,131,131,sequence,,,,
softdis,pdbflex,exact,5jhc_f,5jhcA,24,24,sequence,,,,
softdis,pdbflex,exact,3vux_E,3vuxG,35,35,sequence,,,,
softdis,pdbflex,exact,4r3v_A,4r3vA,183,183,sequence,,,,
softdis,pdbflex,exact,4y85_C,5iu2B,332,332,sequence,,,,
softdis,pdbflex,exact,4yxa_B,4yx1A,70,70,sequence,,,,
softdis,pdbflex,exact,1yn8_A,1yn8A,59,59,sequence,,,,
softdis,pdbflex,exact,3hup_A,3hupA,130,130,sequence,,,,
softdis,pdbflex,exact,4yyi_A,4yyhB,108,108,sequence,,,,
softdis,pdbflex,exact,3t6r_A,3t6rA,72,72,sequence,,,,
softdis,pdbflex,exact,6huf_K,6hufA,182,182,sequence,,,,
softdis,pdbflex,exact,2ho2_A,2oeiA,38,38,sequence,,,,
softdis,pdbflex,exact,3ulj_A,3uljB,90,90,sequence,,,,
softdis,pdbflex,exact,5ei9_F,5ei9E,144,144,sequence,,,,
softdis,pdbflex,exact,2fpe_G,2fpeA,62,62,sequence,,,,
softdis,pdbflex,exact,4tsf_I,2v7qJ,66,66,sequence,,,,
softdis,pdbflex,exact,6msq_A,6msqB,76,76,sequence,,,,
softdis,pdbflex,exact,3a7o_A,3a7oE,75,75,sequence,,,,
softdis,pdbflex,exact,5yts_A,6a6lA,83,83,sequence,,,,
softdis,pdbflex,exact,3wsr_A,3wwkC,128,128,sequence,,,,
softdis,pdbflex,exact,6c0t_A,6bg2A,347,347,sequence,,,,
softdis,pdbflex,exact,6msv_F,6msvD,92,92,sequence,,,,
softdis,pdbflex,exact,3woc_A,3wocA,151,151,sequence,,,,
softdis,pdbflex,exact,3qdo_A,3qdoA,109,109,sequence,,,,
softdis,pdbflex,exact,1ici_A,1iciA,256,256,sequence,,,,
softdis,pdbflex,exact,3zqm_G,3zqnI,72,72,sequence,,,,
softdis,pdbflex,exact,4d3p_A,4d3pA,147,147,sequence,,,,
softdis,pdbflex,exact,6bug_A,6buhA,82,82,sequence,,,,
softdis,pdbflex,exact,4q2n_A,4q2nB,103,103,sequence,,,,
softdis,pdbflex,exact,4pyu_A,4pyuA,76,76,sequence,,,,
softdis,pdbflex,exact,4eqm_A,4eqmA,294,294,sequence,,,,
softdis,pdbflex,exact,4w4m_A,4w4mH,78,78,sequence,,,,
softdis,pdbflex,exact,3fz2_A,3fz2E,134,134,sequence,,,,
softdis,pdbflex,exact,2bay_A,2bayE,61,61,sequence,,,,
softdis,pdbflex,exact,4lk9_A,4lk9A,136,136,sequence,,,,
softdis,pdbflex,exact,5t2q_A,5t2rA,108,108,sequence,,,,
softdis,pdbflex,exact,4k2e_A,4ooiB,112,112,sequence,,,,
softdis,pdbflex,exact,2vkj_A,2vkjA,106,106,sequence,,,,
softdis,pdbflex,exact,5np5_A,5np3D,61,61,sequence,,,,
softdis,pdbflex,exact,5i44_B,5i44B,69,69,sequence,,,,
softdis,pdbflex,exact,1gcp_A,1gcqC,70,70,sequence,,,,
softdis,pdbflex,exact,1nkn_A,3basB,89,89,sequence,,,,
softdis,pdbflex,exact,1oms_C,1omsC,121,121,sequence,,,,
softdis,pdbflex,exact,4gdo_A,4gdoA,43,43,sequence,,,,
softdis,pdbflex,exact,5dft_A,5dftA,101,101,sequence,,,,
softdis,pdbflex,exact,5csf_A,5csnA,95,95,sequence,,,,
softdis,pdbflex,exact,3wgd_A,3wgdC,113,113,sequence,,,,
softdis,pdbflex,exact,3r84_B,3r84V,92,92,sequence,,,,
softdis,pdbflex,exact,6br7_A,6br7B,133,133,sequence,,,,
softdis,pdbflex,exact,2y20_A,2y20C,58,58,sequence,,,,
softdis,pdbflex,exact,6ama_A,6amaY,71,71,sequence,,,,
softdis,pdbflex,exact,5l1o_A,5l1qA,401,401,sequence,,,,
softdis,pdbflex,exact,4i3w_C,4i3xA,488,488,sequence,,,,
softdis,pdbflex,exact,4zz7_E,4zz7A,501,501,sequence,,,,
softdis,pdbflex,exact,3soh_B,3sohB,80,80,sequence,,,,
softdis,pdbflex,exact,4bl6_A,4bl6C,94,94,sequence,,,,
softdis,pdbflex,exact,3nit_A,3nitA,90,90,sequence,,,,
softdis,pdbflex,exact,3rtl_A,3rtlB,121,121,sequence,,,,
softdis,pdbflex,exact,6kc4_A,6kc4A,102,102,sequence,,,,
softdis,pdbflex,exact,4y5o_A,4fqnA,98,98,sequence,,,,
softdis,pdbflex,exact,4j4a_A,4j4aA,27,27,sequence,,,,
softdis,pdbflex,exact,6n6s_B,6n6sD,72,72,sequence,,,,
softdis,pdbflex,exact,6f63_A,6f63A,98,98,sequence,,,,
softdis,pdbflex,exact,1zdn_A,1zdnA,158,158,sequence,,,,
softdis,pdbflex,exact,1yh2_A,1yh2A,169,169,sequence,,,,
softdis,pdbflex,exact,6n3f_C,6n3dA,96,96,sequence,,,,
softdis,pdbflex,exact,4d2h_A,4d2hA,38,38,sequence,,,,
softdis,pdbflex,exact,6aso_F,5vsuF,88,88,sequence,,,,
softdis,pdbflex,exact,6gfq_C,6gfoE,77,77,sequence,,,,
softdis,pdbflex,exact,2von_A,2vodB,193,193,sequence,,,,
softdis,pdbflex,exact,3mq1_D,3mq1A,103,103,sequence,,,,
softdis,pdbflex,exact,2qms_A,4wwqB,120,120,sequence,,,,
softdis,pdbflex,exact,5dc4_A,3uyoA,123,123,sequence,,,,
softdis,pdbflex,exact,6aup_A,6aupA,38,38,sequence,,,,
softdis,pdbflex,exact,4n9g_C,4jlrC,123,123,sequence,,,,
softdis,pdbflex,exact,4r4l_A,4r4lC,49,49,sequence,,,,
softdis,pdbflex,exact,2cxk_A,2cxkA,95,95,sequence,,,,
softdis,pdbflex,exact,2ek1_F,2ek1A,95,95,sequence,,,,
softdis,pdbflex,exact,1wmg_A,1wmgA,103,103,sequence,,,,
softdis,pdbflex,exact,2o94_A,2o94A,112,112,sequence,,,,
softdis,pdbflex,exact,4pav_A,4pavB,145,145,sequence,,,,
softdis,pdbflex,exact,3iv1_C,3iv1A,78,78,sequence,,,,
softdis,pdbflex,exact,2wwk_T,2wwmD,102,102,sequence,,,,
softdis,pdbflex,exact,4f2j_C,3uk3D,57,57,sequence,,,,
softdis,pdbflex,exact,6pxb_F,6pxcA,109,109,sequence,,,,
softdis,pdbflex,exact,2rkl_A,2rklA,53,53,sequence,,,,
softdis,pdbflex,exact,5fm8_A,5fm4B,112,112,sequence,,,,
softdis,pdbflex,exact,3d1m_C,3n1fD,102,102,sequence,,,,
softdis,pdbflex,exact,5z9j_D,5z9jC,398,398,sequence,,,,
softdis,pdbflex,exact,6dm9_B,6dm9B,78,78,sequence,,,,
softdis,pdbflex,exact,2pmu_A,2pmuB,110,110,sequence,,,,
softdis,pdbflex,exact,3r0j_A,5ed4E,250,250,sequence,,,,
softdis,pdbflex,exact,4j45_A,4j48A,86,86,sequence,,,,
softdis,pdbflex,exact,1gto_A,1gtoA,62,62,sequence,,,,
softdis,pdbflex,exact,2vi6_F,2vi6A,62,62,sequence,,,,
softdis,pdbflex,exact,3u7u_K,3u7uH,55,55,sequence,,,,
softdis,pdbflex,exact,3dvx_A,3dvxA,196,196,sequence,,,,
softdis,pdbflex,exact,4ylz_A,4ym1C,153,153,sequence,,,,
softdis,pdbflex,exact,3oei_C,3oeiC,96,96,sequence,,,,
softdis,pdbflex,exact,3otw_F,3otwA,163,163,sequence,,,,
softdis,pdbflex,exact,3vz2_A,3vz2B,470,470,sequence,,,,
softdis,pdbflex,exact,5umw_A,5umwA,151,151,sequence,,,,
softdis,pdbflex,exact,1nn4_B,1nn4A,162,162,sequence,,,,
softdis,pdbflex,exact,2x64_A,2x64B,207,207,sequence,,,,
softdis,pdbflex,exact,5eyo_A,5eyoC,88,88,sequence,,,,
softdis,pdbflex,exact,3qo2_A,3qo2A,64,64,sequence,,,,
softdis,pdbflex,exact,6o8o_A,6o8oB,111,111,sequence,,,,
softdis,pdbflex,exact,5t01_A,5t01A,64,64,sequence,,,,
softdis,pdbflex,exact,3vke_A,3vkeA,76,76,sequence,,,,
softdis,pdbflex,exact,6od3_A,6od5A,62,62,sequence,,,,
softdis,pdbflex,exact,3eu9_C,3eu9A,240,240,sequence,,,,
softdis,pdbflex,exact,1bu1_A,1bu1A,57,57,sequence,,,,
softdis,pdbflex,exact,3p3z_A,3p3oA,416,416,sequence,,,,
softdis,pdbflex,exact,1n5z_A,1jqqB,92,92,sequence,,,,
softdis,pdbflex,exact,3byb_B,3bybA,59,59,sequence,,,,
softdis,pdbflex,exact,2ybr_C,2ybrI,66,66,sequence,,,,
softdis,pdbflex,exact,5zi6_A,5zi6A,55,55,sequence,,,,
softdis,pdbflex,exact,4kg3_A,4kg3B,146,146,sequence,,,,
softdis,pdbflex,exact,1i07_A,1aojA,60,60,sequence,,,,
softdis,pdbflex,exact,5x5l_A,5x5lE,109,109,sequence,,,,
softdis,pdbflex,exact,2er8_A,2er8A,72,72,sequence,,,,
softdis,pdbflex,exact,3tp1_A,3tpwA,152,152,sequence,,,,
softdis,pdbflex,exact,3szs_A,3szsB,46,46,sequence,,,,
softdis,pdbflex,exact,5cer_B,5cerB,193,193,sequence,,,,
softdis,pdbflex,exact,5fgs_A,5fgsC,136,136,sequence,,,,
softdis,pdbflex,exact,2bwe_S,2bwfA,77,77,sequence,,,,
softdis,pdbflex,exact,3cjh_B,3cjhB,64,64,sequence,,,,
softdis,pdbflex,exact,2pys_A,2pysB,109,109,sequence,,,,
softdis,pdbflex,exact,5wb2_B,5wb2B,76,76,sequence,,,,
softdis,pdbflex,exact,1jr8_A,1jraA,117,117,sequence,,,,
softdis,pdbflex,exact,6jnl_A,6jnmA,101,101,sequence,,,,
softdis,pdbflex,exact,3kjn_B,3kjnB,95,95,sequence,,,,
softdis,pdbflex,exact,2vm2_A,2vm1C,118,118,sequence,,,,
softdis,pdbflex,exact,3ulg_B,2nxqA,134,134,sequence,,,,
softdis,pdbflex,exact,5xop_A,5xopA,66,66,sequence,,,,
softdis,pdbflex,exact,5a4w_C,5a4wA,212,212,sequence,,,,
softdis,pdbflex,exact,4pj1_O,4pj1Z,114,114,sequence,,,,
softdis,pdbflex,exact,4hjm_A,4n11A,111,111,sequence,,,,
softdis,pdbflex,exact,4ywe_A,4yweA,487,487,sequence,,,,
softdis,pdbflex,exact,3js5_A,3idoA,178,178,sequence,,,,
softdis,pdbflex,exact,2bet_A,2betC,172,172,sequence,,,,
softdis,pdbflex,exact,6lkp_A,6lkpC,184,184,sequence,,,,
softdis,pdbflex,exact,1w2i_A,1v3zA,91,91,sequence,,,,
softdis,pdbflex,exact,2bnz_D,2bnwB,53,53,sequence,,,,
softdis,pdbflex,exact,5ytq_C,5ytqA,77,77,sequence,,,,
softdis,pdbflex,exact,3mi9_A,3mi9A,351,351,sequence,,,,
softdis,pdbflex,exact,3dls_A,3dlsA,335,335,sequence,,,,
softdis,pdbflex,exact,4ijx_A,4ijxA,155,155,sequence,,,,
softdis,pdbflex,exact,5nld_A,5nldB,139,139,sequence,,,,
softdis,pdbflex,exact,5mg1_A,4q0jA,524,524,sequence,,,,
softdis,pdbflex,exact,1owf_A,1owgA,99,99,sequence,,,,
softdis,pdbflex,exact,6bpg_D,6bpgA,490,490,sequence,,,,
softdis,pdbflex,exact,4ji2_N,4ji0N,61,61,sequence,,,,
softdis,pdbflex,exact,3nsi_A,3nsiB,101,101,sequence,,,,
softdis,pdbflex,exact,6er7_A,6exrA,120,120,sequence,,,,
softdis,pdbflex,exact,2zbc_A,2zbcA,83,83,sequence,,,,
softdis,pdbflex,exact,2z3t_A,3a1lA,425,425,sequence,,,,
softdis,pdbflex,exact,5y5k_B,5y5fA,403,403,sequence,,,,
softdis,pdbflex,exact,2zi0_A,2zi0A,75,75,sequence,,,,
softdis,pdbflex,exact,2h3r_A,2oa5B,110,110,sequence,,,,
softdis,pdbflex,exact,4d6x_A,4d6yA,148,148,sequence,,,,
softdis,pdbflex,exact,6g1z_A,6g1zB,509,509,sequence,,,,
softdis,pdbflex,exact,5jvh_L,1nkwM,114,114,sequence,,,,
softdis,pdbflex,exact,2zug_A,2zugA,90,90,sequence,,,,
softdis,pdbflex,exact,5lsb_B,5lslE,84,84,sequence,,,,
softdis,pdbflex,exact,5xfi_A,5xfiA,153,153,sequence,,,,
softdis,pdbflex,exact,4eb5_A,4eb5A,382,382,sequence,,,,
softdis,pdbflex,exact,4fxe_D,4fxhB,95,95,sequence,,,,
softdis,pdbflex,exact,4ywu_A,4ohtA,465,465,sequence,,,,
softdis,pdbflex,exact,5xjr_E,3pgwH,92,92,sequence,,,,
softdis,pdbflex,exact,5duw_C,5duuB,155,155,sequence,,,,
softdis,pdbflex,exact,2yhf_A,2yhfA,118,118,sequence,,,,
softdis,pdbflex,exact,5ylg_A,4pxvC,49,49,sequence,,,,
softdis,pdbflex,exact,2zqk_M,2zqkM,77,77,sequence,,,,
softdis,pdbflex,exact,1d4t_A,1d4tA,104,104,sequence,,,,
softdis,pdbflex,exact,6cfx_A,6cfxD,80,80,sequence,,,,
softdis,pdbflex,exact,6f8a_A,6f8aA,400,400,sequence,,,,
softdis,pdbflex,exact,5lnl_A,5lnlC,151,151,sequence,,,,
softdis,pdbflex,exact,1jlv_A,1jlvA,209,209,sequence,,,,
softdis,pdbflex,exact,5vyg_B,5vygB,50,50,sequence,,,,
softdis,pdbflex,exact,3ia0_Z,3ia0A,119,119,sequence,,,,
softdis,pdbflex,exact,1kql_A,1kqlA,56,56,sequence,,,,
softdis,pdbflex,exact,3hvz_A,3hvzA,78,78,sequence,,,,
softdis,pdbflex,exact,1fbm_A,1vdfA,46,46,sequence,,,,
softdis,pdbflex,exact,3pmk_N,3pmkN,68,68,sequence,,,,
softdis,pdbflex,exact,3udb_A,3udbD,317,317,sequence,,,,
softdis,pdbflex,exact,3ox5_A,3ox5A,153,153,sequence,,,,
softdis,pdbflex,exact,3q5y_A,3q5yA,240,240,sequence,,,,
softdis,pdbflex,exact,5izd_A,5izdA,508,508,sequence,,,,
softdis,pdbflex,exact,3a9x_A,3a9zA,432,432,sequence,,,,
softdis,pdbflex,exact,6rfk_E,6rfkE,62,62,sequence,,,,
softdis,pdbflex,exact,5mnj_D,5mnjH,64,64,sequence,,,,
softdis,pdbflex,exact,1s7g_D,1s7gA,253,253,sequence,,,,
softdis,pdbflex,exact,4pw9_B,4pwaD,106,106,sequence,,,,
softdis,pdbflex,exact,4zk7_M,4zk7Q,111,111,sequence,,,,
softdis,pdbflex,exact,2pei_A,2peiD,109,109,sequence,,,,
softdis,pdbflex,exact,2dwz_A,2dvwA,231,231,sequence,,,,
softdis,pdbflex,exact,5wni_A,5wnjA,342,342,sequence,,,,
softdis,pdbflex,exact,4omy_A,4omzC,118,118,sequence,,,,
softdis,pdbflex,exact,4nat_B,4nauB,160,160,sequence,,,,
softdis,pdbflex,exact,5ltw_C,5ltwG,149,149,sequence,,,,
softdis,pdbflex,exact,1h0x_A,1h0yA,100,100,sequence,,,,
softdis,pdbflex,exact,6s45_A,6qqhA,128,128,sequence,,,,
softdis,pdbflex,exact,4hi2_B,6krbA,91,91,sequence,,,,
softdis,pdbflex,exact,1uke_A,5ukdA,194,194,sequence,,,,
softdis,pdbflex,exact,1b4f_A,1b4fB,82,82,sequence,,,,
softdis,pdbflex,exact,3bq7_A,3bq7C,81,81,sequence,,,,
softdis,pdbflex,exact,4mtd_A,4mteD,171,171,sequence,,,,
softdis,pdbflex,exact,6h6n_A,6h6nA,131,131,sequence,,,,
softdis,pdbflex,exact,1b6w_A,1b6wA,69,69,sequence,,,,
softdis,pdbflex,exact,5gi0_A,5gi0A,133,133,sequence,,,,
softdis,pdbflex,exact,1j2c_A,1ix3A,267,267,sequence,,,,
softdis,pdbflex,exact,4g8k_A,4g8lA,337,337,sequence,,,,
softdis,pdbflex,exact,4q9u_C,4q9uG,92,92,sequence,,,,
softdis,pdbflex,exact,6jy5_D,6jy5D,85,85,sequence,,,,
softdis,pdbflex,exact,3a1y_A,3a1yA,58,58,sequence,,,,
softdis,pdbflex,exact,6k4k_A,6oqqA,873,873,sequence,,,,
softdis,pdbflex,exact,2okd_A,2okdC,147,147,sequence,,,,
softdis,pdbflex,exact,5iqq_A,5iqqA,91,91,sequence,,,,
softdis,pdbflex,exact,3sq7_A,3sq7A,470,470,sequence,,,,
softdis,pdbflex,exact,4oiz_A,4oitB,113,113,sequence,,,,
softdis,pdbflex,exact,6j2z_F,6j2zB,108,108,sequence,,,,
softdis,pdbflex,exact,3ezz_A,3ezzA,144,144,sequence,,,,
softdis,pdbflex,exact,1xk8_A,1xk8D,147,147,sequence,,,,
softdis,pdbflex,exact,2wc8_A,2wc8D,95,95,sequence,,,,
softdis,pdbflex,exact,6i19_A,6q46A,113,113,sequence,,,,
softdis,pdbflex,exact,6app_B,4w2oB,106,106,sequence,,,,
softdis,pdbflex,exact,4ygc_B,4ygdH,104,104,sequence,,,,
softdis,pdbflex,exact,6ar4_A,6bjnA,125,125,sequence,,,,
softdis,pdbflex,exact,4i5t_A,4i5tA,333,333,sequence,,,,
softdis,pdbflex,exact,1qzw_A,1qzwA,440,440,sequence,,,,
softdis,pdbflex,exact,4asx_A,4asxA,322,322,sequence,,,,
softdis,pdbflex,exact,2oe0_A,2oe1A,114,114,sequence,,,,
softdis,pdbflex,exact,6is1_E,6is2A,128,128,sequence,,,,
softdis,pdbflex,exact,2nwa_A,2nwaA,88,88,sequence,,,,
softdis,pdbflex,exact,5lb7_B,5lb7B,80,80,sequence,,,,
softdis,pdbflex,exact,3kvp_A,3kvpD,72,72,sequence,,,,
softdis,pdbflex,exact,4g0i_A,4g0kA,328,328,sequence,,,,
softdis,pdbflex,exact,2fo0_A,2fo0A,495,495,sequence,,,,
softdis,pdbflex,exact,5gnj_G,5gnjB,89,89,sequence,,,,
softdis,pdbflex,exact,3qkb_A,3qkbA,111,111,sequence,,,,
softdis,pdbflex,exact,1vp7_C,1vp7B,100,100,sequence,,,,
softdis,pdbflex,exact,5vo1_A,5cenA,300,300,sequence,,,,
softdis,pdbflex,exact,6mgh_H,6mghD,163,163,sequence,,,,
softdis,pdbflex,exact,2i54_A,2i54A,247,247,sequence,,,,
softdis,pdbflex,exact,6liu_A,6livA,531,531,sequence,,,,
softdis,pdbflex,exact,2bpd_A,2bpdB,142,142,sequence,,,,
softdis,pdbflex,exact,3hug_A,3hugA,92,92,sequence,,,,
softdis,pdbflex,exact,6rxm_B,6rxmA,254,254,sequence,,,,
softdis,pdbflex,exact,3stq_A,3stqA,102,102,sequence,,,,
softdis,pdbflex,exact,3b0v_C,3b0vC,363,363,sequence,,,,
softdis,pdbflex,exact,3vfz_A,3vepH,86,86,sequence,,,,
softdis,pdbflex,exact,4emh_U,4emhA,105,105,sequence,,,,
softdis,pdbflex,exact,6cmv_A,6cmvB,139,139,sequence,,,,
softdis,pdbflex,exact,4ozj_A,4oznA,143,143,sequence,,,,
softdis,pdbflex,exact,4ykb_A,4ykbA,229,229,sequence,,,,
softdis,pdbflex,exact,6bbx_A,5w27A,144,144,sequence,,,,
softdis,pdbflex,exact,6pop_B,6pnuC,497,497,sequence,,,,
softdis,pdbflex,exact,4bf9_A,4bf9A,338,338,sequence,,,,
softdis,pdbflex,exact,2wst_A,2wstA,208,208,sequence,,,,
softdis,pdbflex,exact,3ul5_A,3ul5D,139,139,sequence,,,,
softdis,pdbflex,exact,3nc3_A,3nc6B,441,441,sequence,,,,
softdis,pdbflex,exact,6hjm_A,6hjmP,192,192,sequence,,,,
softdis,pdbflex,exact,2g0i_A,2g0jC,145,145,sequence,,,,
softdis,pdbflex,exact,5hxy_A,5hxyA,317,317,sequence,,,,
softdis,pdbflex,exact,4d0v_A,4d0vD,145,145,sequence,,,,
softdis,pdbflex,exact,4ids_A,4lemC,563,563,sequence,,,,
softdis,pdbflex,exact,6o3w_A,6o3xA,172,172,sequence,,,,
softdis,pdbflex,exact,4lfn_A,4lfnA,162,162,sequence,,,,
softdis,pdbflex,exact,6emt_A,6emuA,197,197,sequence,,,,
softdis,pdbflex,exact,5kyo_A,5kyoA,430,430,sequence,,,,
softdis,pdbflex,exact,6af3_A,6af4A,141,141,sequence,,,,
softdis,pdbflex,exact,2qra_D,2qraC,111,111,sequence,,,,
softdis,pdbflex,exact,4u39_N,4u39J,60,60,sequence,,,,
softdis,pdbflex,exact,4o1i_A,4o1iD,138,138,sequence,,,,
softdis,pdbflex,exact,4lgz_A,3v9lB,563,563,sequence,,,,
softdis,pdbflex,exact,5hsm_A,5x80A,160,160,sequence,,,,
softdis,pdbflex,exact,4pu8_B,4pu4D,118,118,sequence,,,,
softdis,pdbflex,exact,5d40_B,5d40A,427,427,sequence,,,,
softdis,pdbflex,exact,4h2w_C,4h2wC,103,103,sequence,,,,
softdis,pdbflex,exact,5m6h_A,6h6rA,127,127,sequence,,,,
softdis,pdbflex,exact,3hyb_A,3rg6C,155,155,sequence,,,,
softdis,pdbflex,exact,4qyj_H,4qyjA,516,516,sequence,,,,
softdis,pdbflex,exact,3ssq_A,3ssqA,122,122,sequence,,,,
softdis,pdbflex,exact,4h2t_C,4h2uD,110,110,sequence,,,,
softdis,pdbflex,exact,5tsg_B,5tshE,588,588,sequence,,,,
softdis,pdbflex,exact,1vb6_A,1vb6A,167,167,sequence,,,,
softdis,pdbflex,exact,1ri7_A,2e1cA,171,171,sequence,,,,
softdis,pdbflex,exact,2jca_A,2jbzA,143,143,sequence,,,,
softdis,pdbflex,exact,4gx7_A,4gx7A,152,152,sequence,,,,
softdis,pdbflex,exact,3kof_A,3kofA,337,337,sequence,,,,
softdis,pdbflex,exact,6gdv_C,6gduA,133,133,sequence,,,,
softdis,pdbflex,exact,4oml_A,4omlA,78,78,sequence,,,,
softdis,pdbflex,exact,3pnb_A,3nbkD,177,177,sequence,,,,
softdis,pdbflex,exact,5zrp_A,5zrkA,150,150,sequence,,,,
softdis,pdbflex,exact,2yca_A,2y5nB,417,417,sequence,,,,
softdis,pdbflex,exact,5u0i_A,5u0iB,140,140,sequence,,,,
softdis,pdbflex,exact,4yif_A,4yifB,164,164,sequence,,,,
softdis,pdbflex,exact,4l0e_A,4l0eA,446,446,sequence,,,,
softdis,pdbflex,exact,3zqp_A,3zqqC,164,164,sequence,,,,
softdis,pdbflex,exact,3ded_A,3dedC,113,113,sequence,,,,
softdis,pdbflex,exact,2omo_A,2omoA,124,124,sequence,,,,
softdis,pdbflex,exact,3k3s_A,3k3sA,105,105,sequence,,,,
softdis,pdbflex,exact,2cov_D,2covD,104,104,sequence,,,,
softdis,pdbflex,exact,5mp0_D,5mp0D,166,166,sequence,,,,
softdis,pdbflex,exact,6ctd_A,6ctdA,121,121,sequence,,,,
softdis,pdbflex,exact,3tb2_A,3tb2C,220,220,sequence,,,,
softdis,pdbflex,exact,4b04_C,4hrfA,160,160,sequence,,,,
softdis,pdbflex,exact,6g6j_A,6g6kA,94,94,sequence,,,,
softdis,pdbflex,exact,4e9m_A,4e9mA,144,144,sequence,,,,
softdis,pdbflex,exact,4n21_A,4n21C,130,130,sequence,,,,
softdis,pdbflex,exact,1n9s_J,1n9sC,93,93,sequence,,,,
softdis,pdbflex,exact,2uvn_A,2uvnA,414,414,sequence,,,,
softdis,pdbflex,exact,6fk3_A,6fk3A,536,536,sequence,,,,
softdis,pdbflex,exact,3is5_A,3is5F,285,285,sequence,,,,
softdis,pdbflex,exact,7q7c_A,6y6hA,327,327,sequence,,,,
softdis,pdbflex,exact,5ztn_A,6hdpA,429,429,sequence,,,,
softdis,pdbflex,exact,5vd1_A,5vcyA,311,311,sequence,,,,
softdis,pdbflex,exact,4kgi_A,4kgiC,223,223,sequence,,,,
softdis,pdbflex,exact,4iq1_A,4iw9B,231,231,sequence,,,,
softdis,pdbflex,exact,4ke3_A,4kdxA,229,229,sequence,,,,
softdis,pdbflex,exact,4igj_A,4kdyA,242,242,sequence,,,,
softdis,pdbflex,exact,4onx_A,4onxE,162,162,sequence,,,,
softdis,pdbflex,exact,4nea_A,4neaA,520,520,sequence,,,,
softdis,pdbflex,exact,4dxe_H,4dxeI,101,101,sequence,,,,
softdis,pdbflex,exact,4dxe_A,4jm7A,143,143,sequence,,,,
softdis,pdbflex,exact,3mlf_A,3mlfA,111,111,sequence,,,,
softdis,pdbflex,exact,4btj_A,4btmB,337,337,sequence,,,,
softdis,pdbflex,exact,3qmb_A,3qmbA,79,79,sequence,,,,
softdis,pdbflex,exact,3t64_A,3t64A,181,181,sequence,,,,
softdis,pdbflex,exact,6aso_G,4c92G,115,115,sequence,,,,
softdis,pdbflex,exact,4nmj_B,5ekcE,491,491,sequence,,,,
softdis,pdbflex,exact,1jxg_B,1jxgA,100,100,sequence,,,,
softdis,pdbflex,exact,4lfm_D,4lfkB,172,172,sequence,,,,
softdis,pdbflex,exact,1f7n_B,1f7rA,136,136,sequence,,,,
softdis,pdbflex,exact,2xj3_A,2xiuA,66,66,sequence,,,,
softdis,pdbflex,exact,4nyo_A,4nyoA,102,102,sequence,,,,
softdis,pdbflex,exact,1wnr_A,1wnrG,94,94,sequence,,,,
softdis,pdbflex,exact,2rgx_A,4ikeA,206,206,sequence,,,,
softdis,pdbflex,exact,3oft_A,3ofuA,396,396,sequence,,,,
softdis,pdbflex,exact,2djw_I,2djwA,92,92,sequence,,,,
softdis,pdbflex,exact,3gtj_J,4c3jJ,70,70,sequence,,,,
softdis,pdbflex,exact,4p78_A,4p7dB,143,143,sequence,,,,
softdis,pdbflex,exact,1fse_A,1fseB,74,74,sequence,,,,
softdis,pdbflex,exact,4u9g_B,4u9gA,187,187,sequence,,,,
softdis,pdbflex,exact,2cx3_A,4gqfA,164,164,sequence,,,,
softdis,pdbflex,exact,5y63_A,5y63A,183,183,sequence,,,,
softdis,pdbflex,exact,4jvz_A,4jvzC,99,99,sequence,,,,
softdis,pdbflex,exact,4s04_A,4s05A,232,232,sequence,,,,
softdis,pdbflex,exact,2rcf_A,2rcfA,91,91,sequence,,,,
softdis,pdbflex,exact,5cfi_A,5cfiA,152,152,sequence,,,,
softdis,pdbflex,exact,1fr3_H,1fr3A,67,67,sequence,,,,
softdis,pdbflex,exact,1fvr_A,1fvrB,327,327,sequence,,,,
softdis,pdbflex,exact,6ebb_A,6ebbA,120,120,sequence,,,,
softdis,pdbflex,exact,3f72_A,3f72B,122,122,sequence,,,,
softdis,pdbflex,exact,7x9o_A,3a6tA,129,129,sequence,,,,
softdis,pdbflex,exact,2hd3_A,2hd3B,103,103,sequence,,,,
softdis,pdbflex,exact,6ny6_Y,2a6sB,84,84,sequence,,,,
softdis,pdbflex,exact,2r2v_A,2r2vA,34,34,sequence,,,,
softdis,pdbflex,exact,2q73_A,2q73C,100,100,sequence,,,,
softdis,pdbflex,exact,2zv3_A,2zv3B,115,115,sequence,,,,
softdis,pdbflex,exact,6j75_A,6j76A,488,488,sequence,,,,
softdis,pdbflex,exact,5hbl_A,5hblA,127,127,sequence,,,,
softdis,pdbflex,exact,5l90_A,5l91A,410,410,sequence,,,,
softdis,pdbflex,exact,1o9r_A,1o9rA,162,162,sequence,,,,
softdis,pdbflex,exact,1nwx_4,3dll4,37,37,sequence,,,,
softdis,pdbflex,exact,3nfd_A,3nfdE,153,153,sequence,,,,
softdis,pdbflex,exact,5cfk_E,5cfkA,259,259,sequence,,,,
softdis,pdbflex,exact,4fg9_A,4fgbA,320,320,sequence,,,,
softdis,pdbflex,exact,3o6u_A,3o6uA,128,128,sequence,,,,
softdis,pdbflex,exact,1i85_B,1i85A,110,110,sequence,,,,
softdis,pdbflex,exact,6gbq_A,6gbqA,71,71,sequence,,,,
softdis,pdbflex,exact,3mop_D,3mopA,110,110,sequence,,,,
softdis,pdbflex,exact,6aso_D,4m7dG,93,93,sequence,,,,
softdis,pdbflex,exact,3b83_A,3b83C,100,100,sequence,,,,
softdis,pdbflex,exact,2w8b_C,2w8bG,118,118,sequence,,,,
softdis,pdbflex,exact,5l37_A,5l37C,95,95,sequence,,,,
softdis,pdbflex,exact,5yna_A,5ynhA,1102,1102,sequence,,,,
softdis,pdbflex,exact,3e0o_A,3e0oA,144,144,sequence,,,,
softdis,pdbflex,exact,5mki_B,5mknd,72,72,sequence,,,,
softdis,pdbflex,exact,4i5m_A,4i6bA,308,308,sequence,,,,
softdis,pdbflex,exact,6hde_C,6hdeB,152,152,sequence,,,,
softdis,pdbflex,exact,5agc_A,3q66A,264,264,sequence,,,,
softdis,pdbflex,exact,4yg1_A,4yg1A,72,72,sequence,,,,
softdis,pdbflex,exact,4j6b_A,4jbtA,410,410,sequence,,,,
softdis,pdbflex,exact,8or9_A,3rchA,480,480,sequence,,,,
softdis,pdbflex,exact,3sja_C,3sjaC,65,65,sequence,,,,
softdis,pdbflex,exact,6d3k_B,6d3kA,323,323,sequence,,,,
softdis,pdbflex,exact,1p78_A,1p71A,94,94,sequence,,,,
softdis,pdbflex,exact,4uhs_A,4uhkA,136,136,sequence,,,,
softdis,pdbflex,exact,6e7d_A,6e7dE,124,124,sequence,,,,
softdis,pdbflex,exact,2of5_H,2of5H,118,118,sequence,,,,
softdis,pdbflex,exact,4wqq_A,4wqqA,141,141,sequence,,,,
softdis,pdbflex,exact,1ojh_A,1ojhD,65,65,sequence,,,,
softdis,pdbflex,exact,6thh_A,6expF,104,104,sequence,,,,
softdis,pdbflex,exact,6nxv_A,6nv6B,207,207,sequence,,,,
softdis,pdbflex,exact,6ht6_A,6gibB,245,245,sequence,,,,
softdis,pdbflex,exact,5b6m_A,5b6nF,224,224,sequence,,,,
softdis,pdbflex,exact,5j7k_A,5j7kB,99,99,sequence,,,,
softdis,pdbflex,exact,3akj_A,3akkA,325,325,sequence,,,,
softdis,pdbflex,exact,1d5w_B,1dckB,126,126,sequence,,,,
softdis,pdbflex,exact,6e55_A,6e55A,90,90,sequence,,,,
softdis,pdbflex,exact,1dok_A,1dokA,77,77,sequence,,,,
softdis,pdbflex,exact,4zm0_A,3k33C,73,73,sequence,,,,
softdis,pdbflex,exact,3lyv_E,3lyvA,66,66,sequence,,,,
softdis,pdbflex,exact,1uxt_A,1uxpA,501,501,sequence,,,,
softdis,pdbflex,exact,3mli_A,3mliD,100,100,sequence,,,,
softdis,pdbflex,exact,1pqf_B,1pqfA,143,143,sequence,,,,
softdis,pdbflex,exact,3nmd_A,3nmdA,72,72,sequence,,,,
softdis,pdbflex,exact,1zg5_E,1je8E,82,82,sequence,,,,
softdis,pdbflex,exact,1sf8_A,1sf8G,126,126,sequence,,,,
softdis,pdbflex,exact,6g47_A,6g47A,209,209,sequence,,,,
softdis,pdbflex,exact,1kkl_H,1kklJ,100,100,sequence,,,,
softdis,pdbflex,exact,4y00_A,4y00A,103,103,sequence,,,,
softdis,pdbflex,exact,1w89_A,1w4vA,119,119,sequence,,,,
softdis,pdbflex,exact,3nd5_A,3nd5A,171,171,sequence,,,,
softdis,pdbflex,exact,6nf3_A,6dxrB,83,83,sequence,,,,
softdis,pdbflex,exact,2rfb_A,2rfbA,343,343,sequence,,,,
softdis,pdbflex,exact,1fte_B,1fthA,122,122,sequence,,,,
softdis,pdbflex,exact,1orj_A,1orjA,130,130,sequence,,,,
softdis,pdbflex,exact,4wk8_G,3qrfF,82,82,sequence,,,,
softdis,pdbflex,exact,4oxb_A,1qmtA,134,134,sequence,,,,
softdis,pdbflex,exact,3kfu_B,3kfuC,422,422,sequence,,,,
softdis,pdbflex,exact,1pht_A,1phtA,85,85,sequence,,,,
softdis,pdbflex,exact,2rgz_A,2qppB,264,264,sequence,,,,
softdis,pdbflex,exact,1k9a_A,1k9aB,450,450,sequence,,,,
softdis,pdbflex,exact,6f70_A,6f70A,252,252,sequence,,,,
softdis,pdbflex,exact,4e2i_4,4e2i2,78,78,sequence,,,,
softdis,pdbflex,exact,2c41_A,2c41C,158,158,sequence,,,,
softdis,pdbflex,exact,2q27_A,2q28A,564,564,sequence,,,,
softdis,pdbflex,exact,6q5v_A,6q5vA,215,215,sequence,,,,
softdis,pdbflex,exact,5hry_A,5hryH,169,169,sequence,,,,
softdis,pdbflex,exact,1r1u_A,1r1uC,106,106,sequence,,,,
softdis,pdbflex,exact,4zbd_A,4zb8A,222,222,sequence,,,,
softdis,pdbflex,exact,1g6w_A,1g6wD,261,261,sequence,,,,
softdis,pdbflex,exact,3aln_A,3aloA,327,327,sequence,,,,
softdis,pdbflex,exact,1qmp_A,1qmpA,130,130,sequence,,,,
softdis,pdbflex,exact,1gut_C,1gunA,68,68,sequence,,,,
softdis,pdbflex,exact,5xjr_G,3pgwG,76,76,sequence,,,,
softdis,pdbflex,exact,2gv5_A,3fwbA,161,161,sequence,,,,
softdis,pdbflex,exact,3pr8_B,3lxzA,229,229,sequence,,,,
softdis,pdbflex,exact,3lte_M,3lteD,132,132,sequence,,,,
softdis,pdbflex,exact,3cw1_F,3pgwF,86,86,sequence,,,,
softdis,pdbflex,exact,2qzj_A,2qzjA,136,136,sequence,,,,
softdis,pdbflex,exact,2zub_A,2zucB,324,324,sequence,,,,
softdis,pdbflex,exact,1wg0_A,1wg0A,243,243,sequence,,,,
softdis,pdbflex,exact,5tbk_I,5tbkI,421,421,sequence,,,,
softdis,pdbflex,exact,5e1r_A,5e1rC,426,426,sequence,,,,
softdis,pdbflex,exact,5jp5_A,5jp5D,145,145,sequence,,,,
softdis,pdbflex,exact,3c3i_B,3c3iB,141,141,sequence,,,,
softdis,pdbflex,exact,6bay_A,6bapA,515,515,sequence,,,,
softdis,pdbflex,exact,6iya_A,6iyaF,66,66,sequence,,,,
softdis,pdbflex,exact,1tk6_B,1tkpA,182,182,sequence,,,,
softdis,pdbflex,exact,2qq4_B,2qq4A,138,138,sequence,,,,
softdis,pdbflex,exact,4ox8_A,4ox8A,128,128,sequence,,,,
softdis,pdbflex,exact,6scf_G,6scfF,138,138,sequence,,,,
softdis,pdbflex,exact,3vp8_B,3vp8B,92,92,sequence,,,,
softdis,pdbflex,exact,4g46_A,6geqA,396,396,sequence,,,,
softdis,pdbflex,exact,3ffu_A,3ffuA,153,153,sequence,,,,
softdis,pdbflex,exact,2of5_A,2of5A,114,114,sequence,,,,
softdis,pdbflex,exact,2yjk_G,2yjkC,161,161,sequence,,,,
softdis,pdbflex,exact,4b09_A,4b09A,240,240,sequence,,,,
softdis,pdbflex,exact,6dv5_B,6dv5A,205,205,sequence,,,,
softdis,pdbflex,exact,1d1q_A,1d1qA,161,161,sequence,,,,
softdis,pdbflex,exact,1owf_B,1owfB,94,94,sequence,,,,
softdis,pdbflex,exact,2wal_A,2walA,159,159,sequence,,,,
softdis,pdbflex,exact,1wov_A,1wowA,250,250,sequence,,,,
softdis,pdbflex,exact,5ft8_U,5ft8B,154,154,sequence,,,,
softdis,pdbflex,exact,3tyw_A,3tywD,417,417,sequence,,,,
softdis,pdbflex,exact,3pqj_A,3pqkB,102,102,sequence,,,,
softdis,pdbflex,exact,1veq_B,1veiA,183,183,sequence,,,,
softdis,pdbflex,exact,4xjk_D,4xjkD,114,114,sequence,,,,
softdis,pdbflex,exact,4wxa_B,4wx8B,94,94,sequence,,,,
softdis,pdbflex,exact,5li6_A,5lieB,414,414,sequence,,,,
softdis,pdbflex,exact,5iuu_A,5iuwA,497,497,sequence,,,,
softdis,pdbflex,exact,5hk3_A,5hkcA,114,114,sequence,,,,
softdis,pdbflex,exact,5j7d_A,5j7dA,112,112,sequence,,,,
softdis,pdbflex,exact,5cba_E,4zaiA,88,88,sequence,,,,
softdis,pdbflex,exact,6f05_B,6ezyB,215,215,sequence,,,,
softdis,pdbflex,exact,4ivf_F,4ivfF,231,231,sequence,,,,
softdis,pdbflex,exact,1rp3_D,1rp3B,88,88,sequence,,,,
softdis,pdbflex,exact,1szp_A,1szpA,321,321,sequence,,,,
softdis,pdbflex,exact,2d00_C,2d00A,109,109,sequence,,,,
softdis,pdbflex,exact,1mo1_A,1mo1B,87,87,sequence,,,,
softdis,pdbflex,exact,5wt6_A,5wt6A,401,401,sequence,,,,
softdis,pdbflex,exact,5cqx_A,5cqxB,119,119,sequence,,,,
softdis,pdbflex,exact,6rtr_A,6rtsA,512,512,sequence,,,,
softdis,pdbflex,exact,2cvi_A,2cviA,83,83,sequence,,,,
softdis,pdbflex,exact,2htm_E,2cu3B,64,64,sequence,,,,
softdis,pdbflex,exact,4x09_A,6enpA,128,128,sequence,,,,
softdis,pdbflex,exact,3bid_H,3bidE,64,64,sequence,,,,
softdis,pdbflex,exact,3ahp_A,3ahpB,108,108,sequence,,,,
softdis,pdbflex,exact,4i7a_B,4i7aD,95,95,sequence,,,,
softdis,pdbflex,exact,3nel_A,3nenA,438,438,sequence,,,,
softdis,pdbflex,exact,3hz2_A,5ht9A,84,84,sequence,,,,
softdis,pdbflex,exact,3zdm_C,3zdmC,81,81,sequence,,,,
softdis,pdbflex,exact,2was_A,2watA,122,122,sequence,,,,
softdis,pdbflex,exact,5d9z_B,5d9zB,112,112,sequence,,,,
softdis,pdbflex,exact,5f2q_C,5f2qB,135,135,sequence,,,,
softdis,pdbflex,exact,5hiy_A,5hiyB,114,114,sequence,,,,
softdis,pdbflex,exact,4icu_A,4icvA,85,85,sequence,,,,
softdis,pdbflex,exact,1qfv_B,1qftA,175,175,sequence,,,,
softdis,pdbflex,exact,4zka_A,4zkaA,100,100,sequence,,,,
softdis,pdbflex,exact,3zxf_A,3zxfB,138,138,sequence,,,,
softdis,pdbflex,exact,2hyi_B,2hyiB,91,91,sequence,,,,
softdis,pdbflex,exact,5c6h_T,5c6hD,26,26,sequence,,,,
softdis,pdbflex,exact,3lnx_A,3lnxA,96,96,sequence,,,,
softdis,pdbflex,exact,2w10_A,2w10B,62,62,sequence,,,,
softdis,pdbflex,exact,6pce_A,6pceB,70,70,sequence,,,,
softdis,pdbflex,exact,1bt6_B,1a4pA,96,96,sequence,,,,
softdis,pdbflex,exact,2rjv_A,2rjvA,67,67,sequence,,,,
softdis,pdbflex,exact,2vut_I,2vusM,43,43,sequence,,,,
softdis,pdbflex,exact,2x7a_K,2x7aA,61,61,sequence,,,,
softdis,pdbflex,exact,1cxa_A,1l9jC,124,124,sequence,,,,
softdis,pdbflex,exact,6mtj_D,6mtnD,134,134,sequence,,,,
softdis,pdbflex,exact,3ghg_B,3ghgB,461,461,sequence,,,,
softdis,pdbflex,exact,1do5_A,1do5A,154,154,sequence,,,,
softdis,pdbflex,exact,1ehd_A,1ehhA,89,89,sequence,,,,
softdis,pdbflex,exact,4jur_I,4hfkB,105,105,sequence,,,,
softdis,pdbflex,exact,1rrp_C,1rrpA,204,204,sequence,,,,
softdis,pdbflex,exact,4z6y_C,4z6yH,56,56,sequence,,,,
softdis,pdbflex,exact,5vbf_A,5vbfA,478,478,sequence,,,,
softdis,pdbflex,exact,3p6y_C,3p5tM,90,90,sequence,,,,
softdis,pdbflex,exact,3ebx_A,6ebxA,62,62,sequence,,,,
softdis,pdbflex,exact,1gd2_E,1gd2E,70,70,sequence,,,,
softdis,pdbflex,exact,1ilr_1,1ilr1,152,152,sequence,,,,
softdis,pdbflex,exact,3tl8_A,3tl8D,349,349,sequence,,,,
softdis,pdbflex,exact,2b7j_A,2b7jB,200,200,sequence,,,,
softdis,pdbflex,exact,4fhq_A,4rsuJ,134,134,sequence,,,,
softdis,pdbflex,exact,5anr_B,4ct4B,378,378,sequence,,,,
softdis,pdbflex,exact,4cyb_A,4cybJ,173,173,sequence,,,,
softdis,pdbflex,exact,4lop_K,4loqL,29,29,sequence,,,,
softdis,pdbflex,exact,2fjc_A,2fjcB,156,156,sequence,,,,
softdis,pdbflex,exact,5eki_A,5ekiE,79,79,sequence,,,,
softdis,pdbflex,exact,3nm9_A,3nm9A,73,73,sequence,,,,
softdis,pdbflex,exact,1is6_A,1is3A,135,135,sequence,,,,
softdis,pdbflex,exact,4auv_A,4auvA,35,35,sequence,,,,
softdis,pdbflex,exact,6uci_A,6uciD,68,68,sequence,,,,
softdis,pdbflex,exact,5izs_A,5izsC,95,95,sequence,,,,
softdis,pdbflex,exact,6upp_A,6pryA,150,150,sequence,,,,
softdis,pdbflex,exact,4ezm_L,4gkoL,143,143,sequence,,,,
softdis,pdbflex,exact,6uv0_A,6uv1A,448,448,sequence,,,,
softdis,pdbflex,exact,1ytt_A,1msbA,115,115,sequence,,,,
softdis,pdbflex,exact,2jg7_A,2jg7A,510,510,sequence,,,,
softdis,pdbflex,exact,6flw_A,6flwA,144,144,sequence,,,,
softdis,pdbflex,exact,2vzc_A,2vzcA,131,131,sequence,,,,
softdis,pdbflex,exact,2gm3_A,2gm3A,175,175,sequence,,,,
softdis,pdbflex,exact,1per_L,2or1L,69,69,sequence,,,,
softdis,pdbflex,exact,2yf2_A,2yf2C,65,65,sequence,,,,
softdis,pdbflex,exact,4n6m_A,4n6mA,132,132,sequence,,,,
softdis,pdbflex,exact,5j0l_A,5j0lA,141,141,sequence,,,,
softdis,pdbflex,exact,4w7y_A,4w7yA,64,64,sequence,,,,
softdis,pdbflex,exact,5e1y_A,5e1yA,95,95,sequence,,,,
softdis,pdbflex,exact,5mkx_B,5fe6B,119,119,sequence,,,,
softdis,pdbflex,exact,6p17_B,6p1eB,123,123,sequence,,,,
softdis,pdbflex,exact,5or8_A,4qbmA,106,106,sequence,,,,
softdis,pdbflex,exact,3cbl_A,3bkbA,377,377,sequence,,,,
softdis,pdbflex,exact,6el8_A,6el8A,99,99,sequence,,,,
softdis,pdbflex,exact,4fr4_A,4fr4A,384,384,sequence,,,,
softdis,pdbflex,exact,6cd6_A,6cd6D,290,290,sequence,,,,
softdis,pdbflex,exact,2gjs_A,2gjsA,176,176,sequence,,,,
softdis,pdbflex,exact,2x18_E,2x18E,119,119,sequence,,,,
softdis,pdbflex,exact,4q0o_A,3g0jA,124,124,sequence,,,,
softdis,pdbflex,exact,2uzc_B,2uzcC,88,88,sequence,,,,
softdis,pdbflex,exact,3l9v_A,3l9vA,189,189,sequence,,,,
softdis,pdbflex,exact,5y5o_A,5y5pD,174,174,sequence,,,,
softdis,pdbflex,exact,6u8j_B,6u8jD,376,376,sequence,,,,
softdis,pdbflex,exact,5kko_A,5kkoC,55,55,sequence,,,,
softdis,pdbflex,exact,3ref_B,3refB,194,194,sequence,,,,
softdis,pdbflex,exact,4mpo_B,4mpoB,153,153,sequence,,,,
softdis,pdbflex,exact,6c43_B,6c43A,477,477,sequence,,,,
softdis,pdbflex,exact,3lus_A,3lusB,148,148,sequence,,,,
softdis,pdbflex,exact,4rqm_A,4rqmA,71,71,sequence,,,,
softdis,pdbflex,exact,1psr_A,1psrA,100,100,sequence,,,,
softdis,pdbflex,exact,1gxp_A,1gxqA,106,106,sequence,,,,
softdis,pdbflex,exact,4rkg_A,4rkhD,52,52,sequence,,,,
softdis,pdbflex,exact,2fjy_A,2fjyB,142,142,sequence,,,,
softdis,pdbflex,exact,5xpb_D,5xpcB,100,100,sequence,,,,
softdis,pdbflex,exact,5njk_E,5njkA,156,156,sequence,,,,
softdis,pdbflex,exact,4n4n_B,4n4oD,57,57,sequence,,,,
softdis,pdbflex,exact,3o22_A,3o2yA,162,162,sequence,,,,
softdis,pdbflex,exact,2aib_A,2a8fA,98,98,sequence,,,,
softdis,pdbflex,exact,2wc6_A,2wcmA,141,141,sequence,,,,
softdis,pdbflex,exact,5tzn_A,5tznA,137,137,sequence,,,,
softdis,pdbflex,exact,3eje_H,3ejbH,404,404,sequence,,,,
softdis,pdbflex,exact,1mav_A,1m5tA,124,124,sequence,,,,
softdis,pdbflex,exact,4bdt_B,1fssB,61,61,sequence,,,,
softdis,pdbflex,exact,1nob_A,1nobA,185,185,sequence,,,,
softdis,pdbflex,exact,5lxo_F,5lxoC,81,81,sequence,,,,
softdis,pdbflex,exact,4zcu_A,4zcvA,165,165,sequence,,,,
softdis,pdbflex,exact,4tum_A,4tumA,132,132,sequence,,,,
softdis,pdbflex,exact,6fer_A,6ferD,309,309,sequence,,,,
softdis,pdbflex,exact,2pqs_A,2pqsA,159,159,sequence,,,,
softdis,pdbflex,exact,1i5k_C,1i5kC,30,30,sequence,,,,
softdis,pdbflex,exact,4lxr_J,3e07A,114,114,sequence,,,,
softdis,pdbflex,exact,5zjr_A,5zjrA,84,84,sequence,,,,
softdis,pdbflex,exact,4aei_A,4aeiA,65,65,sequence,,,,
softdis,pdbflex,exact,3pqa_A,3pqaB,486,486,sequence,,,,
softdis,pdbflex,exact,6ifb_A,6ifbB,135,135,sequence,,,,
softdis,pdbflex,exact,1qiu_A,1qiuA,264,264,sequence,,,,
softdis,pdbflex,exact,2ibz_H,1kb9F,74,74,sequence,,,,
softdis,pdbflex,exact,3zie_A,3zieB,86,86,sequence,,,,
softdis,pdbflex,exact,2pr0_A,2pr0A,94,94,sequence,,,,
softdis,pdbflex,exact,4txo_D,4txoD,175,175,sequence,,,,
softdis,pdbflex,exact,1pal_A,1pvbA,108,108,sequence,,,,
softdis,pdbflex,mmseqs_100,5yna_A,5ynhA,1102,1102,mmseqs,100.000000,1.000000,1.000000,1102
softdis,pdbflex,mmseqs_100,4j3s_A,4aioA,905,884,mmseqs,100.000000,0.976796,1.000000,884
softdis,pdbflex,mmseqs_100,6k4k_A,6oqqA,873,873,mmseqs,100.000000,1.000000,1.000000,873
softdis,pdbflex,mmseqs_100,1pwp_A,1jkyA,776,776,mmseqs,100.000000,1.000000,1.000000,776
softdis,pdbflex,mmseqs_100,4lgz_A,3v9lB,563,563,mmseqs,100.000000,1.000000,1.000000,563
softdis,pdbflex,mmseqs_100,5tsg_B,5tshE,588,588,mmseqs,100.000000,1.000000,1.000000,588
softdis,pdbflex,mmseqs_100,4ids_A,4lemC,563,563,mmseqs,100.000000,1.000000,1.000000,563
softdis,pdbflex,mmseqs_100,2q27_A,2q28A,564,564,mmseqs,100.000000,1.000000,1.000000,564
softdis,pdbflex,mmseqs_100,6fk3_A,6fk3A,536,536,mmseqs,100.000000,1.000000,1.000000,536
softdis,pdbflex,mmseqs_100,2b7m_A,2pfvA,566,563,mmseqs,100.000000,0.994700,1.000000,563
softdis,pdbflex,mmseqs_100,6liu_A,6livA,531,531,mmseqs,100.000000,1.000000,1.000000,531
softdis,pdbflex,mmseqs_100,5mg1_A,4q0jA,524,524,mmseqs,100.000000,1.000000,1.000000,524
softdis,pdbflex,mmseqs_100,2jg7_A,2jg7A,510,510,mmseqs,100.000000,1.000000,1.000000,510
softdis,pdbflex,mmseqs_100,6bay_A,6bapA,515,515,mmseqs,100.000000,1.000000,1.000000,515
softdis,pdbflex,mmseqs_100,4nea_A,4neaA,520,520,mmseqs,100.000000,1.000000,1.000000,520
softdis,pdbflex,mmseqs_100,6g1z_A,6g1zB,509,509,mmseqs,100.000000,1.000000,1.000000,509
softdis,pdbflex,mmseqs_100,2fo0_A,2fo0A,495,495,mmseqs,100.000000,1.000000,1.000000,495
softdis,pdbflex,mmseqs_100,4k57_A,4k57A,518,518,mmseqs,100.000000,1.000000,1.000000,518
softdis,pdbflex,mmseqs_100,4zz7_E,4zz7A,501,501,mmseqs,100.000000,1.000000,1.000000,501
softdis,pdbflex,mmseqs_100,5izd_A,5izdA,508,508,mmseqs,100.000000,1.000000,1.000000,508
softdis,pdbflex,mmseqs_100,4qyj_H,4qyjA,516,516,mmseqs,100.000000,1.000000,1.000000,516
softdis,pdbflex,mmseqs_100,6rtr_A,6rtsA,512,512,mmseqs,100.000000,1.000000,1.000000,512
softdis,pdbflex,mmseqs_100,4nmj_B,5ekcE,491,491,mmseqs,100.000000,1.000000,1.000000,491
softdis,pdbflex,mmseqs_100,1uxt_A,1uxpA,501,501,mmseqs,100.000000,1.000000,1.000000,501
softdis,pdbflex,mmseqs_100,5iuu_A,5iuwA,497,497,mmseqs,100.000000,1.000000,1.000000,497
softdis,pdbflex,mmseqs_100,8or9_A,3rchA,480,480,mmseqs,100.000000,1.000000,1.000000,480
softdis,pdbflex,mmseqs_100,1asy_A,1aszA,490,490,mmseqs,100.000000,1.000000,1.000000,490
softdis,pdbflex,mmseqs_100,4i3w_C,4i3xA,488,488,mmseqs,100.000000,1.000000,1.000000,488
softdis,pdbflex,mmseqs_100,6pop_B,6pnuC,497,497,mmseqs,100.000000,1.000000,1.000000,497
softdis,pdbflex,mmseqs_100,6j75_A,6j76A,488,488,mmseqs,100.000000,1.000000,1.000000,488
softdis,pdbflex,mmseqs_100,3ghg_B,3ghgB,461,461,mmseqs,100.000000,1.000000,1.000000,461
softdis,pdbflex,mmseqs_100,6bpg_D,6bpgA,490,490,mmseqs,100.000000,1.000000,1.000000,490
softdis,pdbflex,mmseqs_100,3sq7_A,3sq7A,470,470,mmseqs,100.000000,1.000000,1.000000,470
softdis,pdbflex,mmseqs_100,4ywe_A,4yweA,487,487,mmseqs,100.000000,1.000000,1.000000,487
softdis,pdbflex,mmseqs_100,6c43_B,6c43A,477,477,mmseqs,100.000000,1.000000,1.000000,477
softdis,pdbflex,mmseqs_100,5vbf_A,5vbfA,478,478,mmseqs,100.000000,1.000000,1.000000,478
softdis,pdbflex,mmseqs_100,3m4p_A,3m4qB,456,456,mmseqs,100.000000,1.000000,1.000000,456
softdis,pdbflex,mmseqs_100,3pqa_A,3pqaB,486,486,mmseqs,100.000000,1.000000,1.000000,486
softdis,pdbflex,mmseqs_100,7jr5_A,6ptqA,490,482,mmseqs,100.000000,0.983673,1.000000,482
softdis,pdbflex,mmseqs_100,4ywu_A,4ohtA,465,465,mmseqs,100.000000,1.000000,1.000000,465
softdis,pdbflex,mmseqs_100,1k9a_A,1k9aB,450,450,mmseqs,100.000000,1.000000,1.000000,450
softdis,pdbflex,mmseqs_100,3pm9_A,3pm9A,476,476,mmseqs,100.000000,1.000000,1.000000,476
softdis,pdbflex,mmseqs_100,6uv0_A,6uv1A,448,448,mmseqs,100.000000,1.000000,1.000000,448
softdis,pdbflex,mmseqs_100,3vz2_A,3vz2B,470,470,mmseqs,100.000000,1.000000,1.000000,470
softdis,pdbflex,mmseqs_100,4l0e_A,4l0eA,446,446,mmseqs,100.000000,1.000000,1.000000,446
softdis,pdbflex,mmseqs_100,3nel_A,3nenA,438,438,mmseqs,100.000000,1.000000,1.000000,438
softdis,pdbflex,mmseqs_100,5ztn_A,6hdpA,429,429,mmseqs,100.000000,1.000000,1.000000,429
softdis,pdbflex,mmseqs_100,5kyo_A,5kyoA,430,430,mmseqs,100.000000,1.000000,1.000000,430
softdis,pdbflex,mmseqs_100,3nc3_A,3nc6B,441,441,mmseqs,100.000000,1.000000,1.000000,441
softdis,pdbflex,mmseqs_100,3tku_A,5otfA,433,416,mmseqs,100.000000,0.960739,0.992840,416
softdis,pdbflex,mmseqs_100,5d40_B,5d40A,427,427,mmseqs,100.000000,1.000000,1.000000,427
softdis,pdbflex,mmseqs_100,1qzw_A,1qzwA,440,440,mmseqs,100.000000,1.000000,1.000000,440
softdis,pdbflex,mmseqs_100,3a9x_A,3a9zA,432,432,mmseqs,100.000000,1.000000,1.000000,432
softdis,pdbflex,mmseqs_100,2z3t_A,3a1lA,425,425,mmseqs,100.000000,1.000000,1.000000,425
softdis,pdbflex,mmseqs_100,4d9s_A,4d9sA,406,406,mmseqs,100.000000,1.000000,1.000000,406
softdis,pdbflex,mmseqs_100,3kfu_B,3kfuC,422,422,mmseqs,100.000000,1.000000,1.000000,422
softdis,pdbflex,mmseqs_100,5tbk_I,5tbkI,421,421,mmseqs,100.000000,1.000000,1.000000,421
softdis,pdbflex,mmseqs_100,3p3z_A,3p3oA,416,416,mmseqs,100.000000,1.000000,1.000000,416
softdis,pdbflex,mmseqs_100,2uvn_A,2uvnA,414,414,mmseqs,100.000000,1.000000,1.000000,414
softdis,pdbflex,mmseqs_100,5li6_A,5lieB,414,414,mmseqs,100.000000,1.000000,1.000000,414
softdis,pdbflex,mmseqs_100,2wio_A,2jjpA,431,411,mmseqs,100.000000,0.953596,1.000000,411
softdis,pdbflex,mmseqs_100,2yca_A,2y5nB,417,417,mmseqs,100.000000,1.000000,1.000000,417
softdis,pdbflex,mmseqs_100,5e1r_A,5e1rC,426,426,mmseqs,100.000000,1.000000,1.000000,426
softdis,pdbflex,mmseqs_100,4j6b_A,4jbtA,410,410,mmseqs,100.000000,1.000000,1.000000,410
softdis,pdbflex,mmseqs_100,3tyw_A,3tywD,417,417,mmseqs,100.000000,1.000000,1.000000,417
softdis,pdbflex,mmseqs_100,5l90_A,5l91A,410,410,mmseqs,100.000000,1.000000,1.000000,410
softdis,pdbflex,mmseqs_100,8qrd_F,5mnvA,410,407,mmseqs,100.000000,0.992683,1.000000,407
softdis,pdbflex,mmseqs_100,3eje_H,3ejbH,404,404,mmseqs,100.000000,1.000000,1.000000,404
softdis,pdbflex,mmseqs_100,3oft_A,3ofuA,396,396,mmseqs,100.000000,1.000000,1.000000,396
softdis,pdbflex,mmseqs_100,5wt6_A,5wt6A,401,401,mmseqs,100.000000,1.000000,1.000000,401
softdis,pdbflex,mmseqs_100,5z9j_D,5z9jC,398,398,mmseqs,100.000000,1.000000,1.000000,398
softdis,pdbflex,mmseqs_100,6f8a_A,6f8aA,400,400,mmseqs,100.000000,1.000000,1.000000,400
softdis,pdbflex,mmseqs_100,5l1o_A,5l1qA,401,401,mmseqs,100.000000,1.000000,1.000000,401
softdis,pdbflex,mmseqs_100,5y5k_B,5y5fA,403,403,mmseqs,100.000000,1.000000,1.000000,403
softdis,pdbflex,mmseqs_100,2onl_C,1kwpA,406,400,mmseqs,100.000000,0.985222,1.000000,400
softdis,pdbflex,mmseqs_100,4g46_A,6geqA,396,396,mmseqs,100.000000,1.000000,1.000000,396
softdis,pdbflex,mmseqs_100,4fr4_A,4fr4A,384,384,mmseqs,100.000000,1.000000,1.000000,384
softdis,pdbflex,mmseqs_100,4fi1_A,4fi1A,374,374,mmseqs,100.000000,1.000000,1.000000,374
softdis,pdbflex,mmseqs_100,3cbl_A,3bkbA,377,377,mmseqs,100.000000,1.000000,1.000000,377
softdis,pdbflex,mmseqs_100,1r0e_A,1j1cB,391,386,mmseqs,100.000000,0.987212,0.919048,386
softdis,pdbflex,mmseqs_100,6u8j_B,6u8jD,376,376,mmseqs,100.000000,1.000000,1.000000,376
softdis,pdbflex,mmseqs_100,5anr_B,4ct4B,378,378,mmseqs,100.000000,1.000000,1.000000,378
softdis,pdbflex,mmseqs_100,5hbe_A,5xs2A,364,362,mmseqs,100.000000,0.994505,0.952632,362
softdis,pdbflex,mmseqs_100,4eb5_A,4eb5A,382,382,mmseqs,100.000000,1.000000,1.000000,382
softdis,pdbflex,mmseqs_100,6joj_A,5k5xA,356,356,mmseqs,100.000000,1.000000,1.000000,356
softdis,pdbflex,mmseqs_100,1ayr_A,1cf1C,368,366,mmseqs,100.000000,0.994565,0.905941,366
softdis,pdbflex,mmseqs_100,3mi9_A,3mi9A,351,351,mmseqs,100.000000,1.000000,1.000000,351
softdis,pdbflex,mmseqs_100,5x8i_B,6q8kA,346,338,mmseqs,100.000000,0.976879,0.997050,338
softdis,pdbflex,mmseqs_100,3b0v_C,3b0vC,363,363,mmseqs,100.000000,1.000000,1.000000,363
softdis,pdbflex,mmseqs_100,4ifc_A,6pk6A,358,350,mmseqs,100.000000,0.977654,0.997151,350
softdis,pdbflex,mmseqs_100,6c0t_A,6bg2A,347,347,mmseqs,100.000000,1.000000,1.000000,347
softdis,pdbflex,mmseqs_100,3tac_A,6lnmA,361,345,mmseqs,100.000000,0.955679,0.982906,345
softdis,pdbflex,mmseqs_100,5wni_A,5wnjA,342,342,mmseqs,100.000000,1.000000,1.000000,342
softdis,pdbflex,mmseqs_100,3tl8_A,3tl8D,349,349,mmseqs,100.000000,1.000000,1.000000,349
softdis,pdbflex,mmseqs_100,4g0i_A,4g0kA,328,328,mmseqs,100.000000,1.000000,1.000000,328
softdis,pdbflex,mmseqs_100,3utm_A,3utmA,351,351,mmseqs,100.000000,1.000000,1.000000,351
softdis,pdbflex,mmseqs_100,2rfb_A,2rfbA,343,343,mmseqs,100.000000,1.000000,1.000000,343
softdis,pdbflex,mmseqs_100,4i5t_A,4i5tA,333,333,mmseqs,100.000000,1.000000,1.000000,333
softdis,pdbflex,mmseqs_100,4bf9_A,4bf9A,338,338,mmseqs,100.000000,1.000000,1.000000,338
softdis,pdbflex,mmseqs_100,4btj_A,4btmB,337,337,mmseqs,100.000000,1.000000,1.000000,337
softdis,pdbflex,mmseqs_100,4y85_C,5iu2B,332,332,mmseqs,100.000000,1.000000,1.000000,332
softdis,pdbflex,mmseqs_100,3akj_A,3akkA,325,325,mmseqs,100.000000,1.000000,1.000000,325
softdis,pdbflex,mmseqs_100,2v62_A,5uu1A,345,324,mmseqs,100.000000,0.939130,1.000000,324
softdis,pdbflex,mmseqs_100,3dls_A,3dlsA,335,335,mmseqs,100.000000,1.000000,1.000000,335
softdis,pdbflex,mmseqs_100,4q5j_A,4oh4A,341,333,mmseqs,100.000000,0.976540,1.000000,333
softdis,pdbflex,mmseqs_100,1fvr_A,1fvrB,327,327,mmseqs,100.000000,1.000000,1.000000,327
softdis,pdbflex,mmseqs_100,3aln_A,3aloA,327,327,mmseqs,100.000000,1.000000,1.000000,327
softdis,pdbflex,mmseqs_100,4asx_A,4asxA,322,322,mmseqs,100.000000,1.000000,1.000000,322
softdis,pdbflex,mmseqs_100,3kof_A,3kofA,337,337,mmseqs,100.000000,1.000000,1.000000,337
softdis,pdbflex,mmseqs_100,4g8k_A,4g8lA,337,337,mmseqs,100.000000,1.000000,1.000000,337
softdis,pdbflex,mmseqs_100,5e8v_A,5e92A,316,316,mmseqs,100.000000,1.000000,1.000000,316
softdis,pdbflex,mmseqs_100,8gw3_A,5gjfA,326,310,mmseqs,100.000000,0.950920,0.984127,310
softdis,pdbflex,mmseqs_100,4fg9_A,4fgbA,320,320,mmseqs,100.000000,1.000000,1.000000,320
softdis,pdbflex,mmseqs_100,6d3k_B,6d3kA,323,323,mmseqs,100.000000,1.000000,1.000000,323
softdis,pdbflex,mmseqs_100,7q7c_A,6y6hA,327,327,mmseqs,100.000000,1.000000,1.000000,327
softdis,pdbflex,mmseqs_100,3k35_A,5y2fA,318,316,mmseqs,100.000000,0.993711,1.000000,316
softdis,pdbflex,mmseqs_100,1szp_A,1szpA,321,321,mmseqs,100.000000,1.000000,1.000000,321
softdis,pdbflex,mmseqs_100,3udb_A,3udbD,317,317,mmseqs,100.000000,1.000000,1.000000,317
softdis,pdbflex,mmseqs_100,5vd1_A,5vcyA,311,311,mmseqs,100.000000,1.000000,1.000000,311
softdis,pdbflex,mmseqs_100,5ikw_A,4w9wA,310,306,mmseqs,100.000000,0.987097,1.000000,306
softdis,pdbflex,mmseqs_100,6fer_A,6ferD,309,309,mmseqs,100.000000,1.000000,1.000000,309
softdis,pdbflex,mmseqs_100,6box_A,6bp4B,303,303,mmseqs,100.000000,1.000000,1.000000,303
softdis,pdbflex,mmseqs_100,4c57_A,5y7zA,340,311,mmseqs,100.000000,0.914706,0.993610,311
softdis,pdbflex,mmseqs_100,4i5m_A,4i6bA,308,308,mmseqs,100.000000,1.000000,1.000000,308
softdis,pdbflex,mmseqs_100,5x5o_A,6jutA,310,310,mmseqs,100.000000,1.000000,1.000000,310
softdis,pdbflex,mmseqs_100,2zub_A,2zucB,324,324,mmseqs,100.000000,1.000000,1.000000,324
softdis,pdbflex,mmseqs_100,3tno_A,3igxA,345,324,mmseqs,100.000000,0.939130,1.000000,324
softdis,pdbflex,mmseqs_100,5hxy_A,5hxyA,317,317,mmseqs,100.000000,1.000000,1.000000,317
softdis,pdbflex,mmseqs_100,5vo1_A,5cenA,300,300,mmseqs,100.000000,1.000000,1.000000,300
softdis,pdbflex,mmseqs_100,3bce_A,2r4bA,328,298,mmseqs,100.000000,0.908537,0.928349,298
softdis,pdbflex,mmseqs_100,2qqf_A,1q17C,308,300,mmseqs,100.000000,0.974026,1.000000,300
softdis,pdbflex,mmseqs_100,5mqv_D,1ckjA,314,294,mmseqs,100.000000,0.936306,0.927445,294
softdis,pdbflex,mmseqs_100,2c3j_A,2ydiA,297,289,mmseqs,100.000000,0.973064,1.000000,289
softdis,pdbflex,mmseqs_100,6ng0_B,6cqdB,309,292,mmseqs,100.000000,0.944984,0.983165,292
softdis,pdbflex,mmseqs_100,4nvq_A,5jiyA,285,274,mmseqs,100.000000,0.961404,1.000000,274
softdis,pdbflex,mmseqs_100,5v21_A,5jlbA,297,277,mmseqs,100.000000,0.932660,0.992832,277
softdis,pdbflex,mmseqs_100,5vd2_A,5vd4A,289,289,mmseqs,100.000000,1.000000,1.000000,289
softdis,pdbflex,mmseqs_100,5ntt_A,5nttA,287,287,mmseqs,100.000000,1.000000,1.000000,287
softdis,pdbflex,mmseqs_100,4mwi_A,4mwiA,294,294,mmseqs,100.000000,1.000000,1.000000,294
softdis,pdbflex,mmseqs_100,6cd6_A,6cd6D,290,290,mmseqs,100.000000,1.000000,1.000000,290
softdis,pdbflex,mmseqs_100,2vwi_A,3dakD,303,290,mmseqs,100.000000,0.957096,1.000000,290
softdis,pdbflex,mmseqs_100,3is5_A,3is5F,285,285,mmseqs,100.000000,1.000000,1.000000,285
softdis,pdbflex,mmseqs_100,1u46_A,4ewhA,291,275,mmseqs,100.000000,0.945017,1.000000,275
softdis,pdbflex,mmseqs_100,4eqm_A,4eqmA,294,294,mmseqs,100.000000,1.000000,1.000000,294
softdis,pdbflex,mmseqs_100,4wsy_A,4k18A,286,273,mmseqs,100.000000,0.954545,0.985560,273
softdis,pdbflex,mmseqs_100,5xka_A,5xkaA,288,288,mmseqs,100.000000,1.000000,1.000000,288
softdis,pdbflex,mmseqs_100,6qav_D,6qauA,280,280,mmseqs,100.000000,1.000000,1.000000,280
softdis,pdbflex,mmseqs_100,5ytk_A,5ytkA,274,274,mmseqs,100.000000,1.000000,1.000000,274
softdis,pdbflex,mmseqs_100,3dae_A,2fh9A,283,270,mmseqs,100.000000,0.954064,0.985401,270
softdis,pdbflex,mmseqs_100,1g6w_A,1g6wD,261,261,mmseqs,100.000000,1.000000,1.000000,261
softdis,pdbflex,mmseqs_100,6rxm_B,6rxmA,254,254,mmseqs,100.000000,1.000000,1.000000,254
softdis,pdbflex,mmseqs_100,5agc_A,3q66A,264,264,mmseqs,100.000000,1.000000,1.000000,264
softdis,pdbflex,mmseqs_100,1ici_A,1iciA,256,256,mmseqs,100.000000,1.000000,1.000000,256
softdis,pdbflex,mmseqs_100,1j2c_A,1ix3A,267,267,mmseqs,100.000000,1.000000,1.000000,267
softdis,pdbflex,mmseqs_100,1qiu_A,1qiuA,264,264,mmseqs,100.000000,1.000000,1.000000,264
softdis,pdbflex,mmseqs_100,2rgz_A,2qppB,264,264,mmseqs,100.000000,1.000000,1.000000,264
softdis,pdbflex,mmseqs_100,1s7g_D,1s7gA,253,253,mmseqs,100.000000,1.000000,1.000000,253
softdis,pdbflex,mmseqs_100,5cfk_E,5cfkA,259,259,mmseqs,100.000000,1.000000,1.000000,259
softdis,pdbflex,mmseqs_100,1wov_A,1wowA,250,250,mmseqs,100.000000,1.000000,1.000000,250
softdis,pdbflex,mmseqs_100,3nbn_E,2f8xK,256,256,mmseqs,100.000000,1.000000,1.000000,256
softdis,pdbflex,mmseqs_100,3q5y_A,3q5yA,240,240,mmseqs,100.000000,1.000000,1.000000,240
softdis,pdbflex,mmseqs_100,1wg0_A,1wg0A,243,243,mmseqs,100.000000,1.000000,1.000000,243
softdis,pdbflex,mmseqs_100,2i54_A,2i54A,247,247,mmseqs,100.000000,1.000000,1.000000,247
softdis,pdbflex,mmseqs_100,3r0j_A,5ed4E,250,250,mmseqs,100.000000,1.000000,1.000000,250
softdis,pdbflex,mmseqs_100,4igj_A,4kdyA,242,242,mmseqs,100.000000,1.000000,1.000000,242
softdis,pdbflex,mmseqs_100,3eu9_C,3eu9A,240,240,mmseqs,100.000000,1.000000,1.000000,240
softdis,pdbflex,mmseqs_100,6ht6_A,6gibB,245,245,mmseqs,100.000000,1.000000,1.000000,245
softdis,pdbflex,mmseqs_100,6f70_A,6f70A,252,252,mmseqs,100.000000,1.000000,1.000000,252
softdis,pdbflex,mmseqs_100,4djm_A,4djmD,239,239,mmseqs,100.000000,1.000000,1.000000,239
softdis,pdbflex,mmseqs_100,4ivf_F,4ivfF,231,231,mmseqs,100.000000,1.000000,1.000000,231
softdis,pdbflex,mmseqs_100,4b09_A,4b09A,240,240,mmseqs,100.000000,1.000000,1.000000,240
softdis,pdbflex,mmseqs_100,4ke3_A,4kdxA,229,229,mmseqs,100.000000,1.000000,1.000000,229
softdis,pdbflex,mmseqs_100,2dwz_A,2dvwA,231,231,mmseqs,100.000000,1.000000,1.000000,231
softdis,pdbflex,mmseqs_100,3lg6_A,3lg6A,235,235,mmseqs,100.000000,1.000000,1.000000,235
softdis,pdbflex,mmseqs_100,4iq1_A,4iw9B,231,231,mmseqs,100.000000,1.000000,1.000000,231
softdis,pdbflex,mmseqs_100,3tb2_A,3tb2C,220,220,mmseqs,100.000000,1.000000,1.000000,220
softdis,pdbflex,mmseqs_100,4zbd_A,4zb8A,222,222,mmseqs,100.000000,1.000000,1.000000,222
softdis,pdbflex,mmseqs_100,4s04_A,4s05A,232,232,mmseqs,100.000000,1.000000,1.000000,232
softdis,pdbflex,mmseqs_100,4ykb_A,4ykbA,229,229,mmseqs,100.000000,1.000000,1.000000,229
softdis,pdbflex,mmseqs_100,3pr8_B,3lxzA,229,229,mmseqs,100.000000,1.000000,1.000000,229
softdis,pdbflex,mmseqs_100,4kgi_A,4kgiC,223,223,mmseqs,100.000000,1.000000,1.000000,223
softdis,pdbflex,mmseqs_100,5b6m_A,5b6nF,224,224,mmseqs,100.000000,1.000000,1.000000,224
softdis,pdbflex,mmseqs_100,5u8k_A,5u8kB,231,231,mmseqs,100.000000,1.000000,1.000000,231
softdis,pdbflex,mmseqs_100,6q5v_A,6q5vA,215,215,mmseqs,100.000000,1.000000,1.000000,215
softdis,pdbflex,mmseqs_100,4pnf_E,4yh2A,227,221,mmseqs,100.000000,0.973568,0.995495,221
softdis,pdbflex,mmseqs_100,6f05_B,6ezyB,215,215,mmseqs,100.000000,1.000000,1.000000,215
softdis,pdbflex,mmseqs_100,4yo0_B,6iccL,233,213,mmseqs,100.000000,0.914163,0.995327,213
softdis,pdbflex,mmseqs_100,1bi1_A,1c0wB,226,225,mmseqs,100.000000,0.995575,1.000000,225
softdis,pdbflex,mmseqs_100,1bye_A,1byeA,213,213,mmseqs,100.000000,1.000000,1.000000,213
softdis,pdbflex,mmseqs_100,1jlv_A,1jlvA,209,209,mmseqs,100.000000,1.000000,1.000000,209
softdis,pdbflex,mmseqs_100,6nxv_A,6nv6B,207,207,mmseqs,100.000000,1.000000,1.000000,207
softdis,pdbflex,mmseqs_100,2x64_A,2x64B,207,207,mmseqs,100.000000,1.000000,1.000000,207
softdis,pdbflex,mmseqs_100,5a4w_C,5a4wA,212,212,mmseqs,100.000000,1.000000,1.000000,212
softdis,pdbflex,mmseqs_100,1rrp_C,1rrpA,204,204,mmseqs,100.000000,1.000000,1.000000,204
softdis,pdbflex,mmseqs_100,2b7j_A,2b7jB,200,200,mmseqs,100.000000,1.000000,1.000000,200
softdis,pdbflex,mmseqs_100,4cym_D,4cz2D,203,203,mmseqs,100.000000,1.000000,1.000000,203
softdis,pdbflex,mmseqs_100,5jre_F,5jr9A,219,218,mmseqs,100.000000,0.995434,0.995434,218
softdis,pdbflex,mmseqs_100,2wst_A,2wstA,208,208,mmseqs,100.000000,1.000000,1.000000,208
softdis,pdbflex,mmseqs_100,6dv5_B,6dv5A,205,205,mmseqs,100.000000,1.000000,1.000000,205
softdis,pdbflex,mmseqs_100,6g47_A,6g47A,209,209,mmseqs,100.000000,1.000000,1.000000,209
softdis,pdbflex,mmseqs_100,2rgx_A,4ikeA,206,206,mmseqs,100.000000,1.000000,1.000000,206
softdis,pdbflex,mmseqs_100,6emt_A,6emuA,197,197,mmseqs,100.000000,1.000000,1.000000,197
softdis,pdbflex,mmseqs_100,2cls_A,2rexD,198,196,mmseqs,100.000000,0.989899,0.994924,196
softdis,pdbflex,mmseqs_100,6jb6_A,6jb6A,205,205,mmseqs,100.000000,1.000000,1.000000,205
softdis,pdbflex,mmseqs_100,1lti_A,1ltaA,192,188,mmseqs,100.000000,0.979167,1.000000,188
softdis,pdbflex,mmseqs_100,5x7v_A,5x7vC,193,193,mmseqs,100.000000,1.000000,1.000000,193
softdis,pdbflex,mmseqs_100,3dvx_A,3dvxA,196,196,mmseqs,100.000000,1.000000,1.000000,196
softdis,pdbflex,mmseqs_100,4r3v_A,4r3vA,183,183,mmseqs,100.000000,1.000000,1.000000,183
softdis,pdbflex,mmseqs_100,1uke_A,5ukdA,194,194,mmseqs,100.000000,1.000000,1.000000,194
softdis,pdbflex,mmseqs_100,3ref_B,3refB,194,194,mmseqs,100.000000,1.000000,1.000000,194
softdis,pdbflex,mmseqs_100,2von_A,2vodB,193,193,mmseqs,100.000000,1.000000,1.000000,193
softdis,pdbflex,mmseqs_100,5y63_A,5y63A,183,183,mmseqs,100.000000,1.000000,1.000000,183
softdis,pdbflex,mmseqs_100,4u9g_B,4u9gA,187,187,mmseqs,100.000000,1.000000,1.000000,187
softdis,pdbflex,mmseqs_100,3l9v_A,3l9vA,189,189,mmseqs,100.000000,1.000000,1.000000,189
softdis,pdbflex,mmseqs_100,3ma2_D,1bqqM,181,174,mmseqs,100.000000,0.961326,1.000000,174
softdis,pdbflex,mmseqs_100,3js5_A,3idoA,178,178,mmseqs,100.000000,1.000000,1.000000,178
softdis,pdbflex,mmseqs_100,6f2r_A,6f2rC,213,182,mmseqs,100.000000,0.854460,0.896552,182
softdis,pdbflex,mmseqs_100,1nob_A,1nobA,185,185,mmseqs,100.000000,1.000000,1.000000,185
softdis,pdbflex,mmseqs_100,9dj9_A,3f81A,191,183,mmseqs,100.000000,0.958115,1.000000,183
softdis,pdbflex,mmseqs_100,4d8k_A,1lckA,175,174,mmseqs,100.000000,0.994286,0.994286,174
softdis,pdbflex,mmseqs_100,1qfv_B,1qftA,175,175,mmseqs,100.000000,1.000000,1.000000,175
softdis,pdbflex,mmseqs_100,6hjm_A,6hjmP,192,192,mmseqs,100.000000,1.000000,1.000000,192
softdis,pdbflex,mmseqs_100,6lkp_A,6lkpC,184,184,mmseqs,100.000000,1.000000,1.000000,184
softdis,pdbflex,mmseqs_100,1veq_B,1veiA,183,183,mmseqs,100.000000,1.000000,1.000000,183
softdis,pdbflex,mmseqs_100,6huf_K,6hufA,182,182,mmseqs,100.000000,1.000000,1.000000,182
softdis,pdbflex,mmseqs_100,3t64_A,3t64A,181,181,mmseqs,100.000000,1.000000,1.000000,181
softdis,pdbflex,mmseqs_100,4txo_D,4txoD,175,175,mmseqs,100.000000,1.000000,1.000000,175
softdis,pdbflex,mmseqs_100,1wms_A,1s8fB,177,175,mmseqs,100.000000,0.988701,0.988701,175
softdis,pdbflex,mmseqs_100,2gm3_A,2gm3A,175,175,mmseqs,100.000000,1.000000,1.000000,175
softdis,pdbflex,mmseqs_100,5cer_B,5cerB,193,193,mmseqs,100.000000,1.000000,1.000000,193
softdis,pdbflex,mmseqs_100,3pnb_A,3nbkD,177,177,mmseqs,100.000000,1.000000,1.000000,177
softdis,pdbflex,mmseqs_100,5mp0_D,5mp0D,166,166,mmseqs,100.000000,1.000000,1.000000,166
softdis,pdbflex,mmseqs_100,2bet_A,2betC,172,172,mmseqs,100.000000,1.000000,1.000000,172
softdis,pdbflex,mmseqs_100,2gjs_A,2gjsA,176,176,mmseqs,100.000000,1.000000,1.000000,176
softdis,pdbflex,mmseqs_100,1tk6_B,1tkpA,182,182,mmseqs,100.000000,1.000000,1.000000,182
softdis,pdbflex,mmseqs_100,2cyx_A,2cyxA,170,170,mmseqs,100.000000,1.000000,1.000000,170
softdis,pdbflex,mmseqs_100,4cyb_A,4cybJ,173,173,mmseqs,100.000000,1.000000,1.000000,173
softdis,pdbflex,mmseqs_100,5y5o_A,5y5pD,174,174,mmseqs,100.000000,1.000000,1.000000,174
softdis,pdbflex,mmseqs_100,1yh2_A,1yh2A,169,169,mmseqs,100.000000,1.000000,1.000000,169
softdis,pdbflex,mmseqs_100,4hj6_A,4hj6B,178,178,mmseqs,100.000000,1.000000,1.000000,178
softdis,pdbflex,mmseqs_100,4lfm_D,4lfkB,172,172,mmseqs,100.000000,1.000000,1.000000,172
softdis,pdbflex,mmseqs_100,4mtd_A,4mteD,171,171,mmseqs,100.000000,1.000000,1.000000,171
softdis,pdbflex,mmseqs_100,6jjj_B,6jjjA,160,160,mmseqs,100.000000,1.000000,1.000000,160
softdis,pdbflex,mmseqs_100,6o3w_A,6o3xA,172,172,mmseqs,100.000000,1.000000,1.000000,172
softdis,pdbflex,mmseqs_100,3nd5_A,3nd5A,171,171,mmseqs,100.000000,1.000000,1.000000,171
softdis,pdbflex,mmseqs_100,4v0n_A,4v0lA,169,169,mmseqs,100.000000,1.000000,1.000000,169
softdis,pdbflex,mmseqs_100,7ytq_A,3c22D,156,156,mmseqs,100.000000,1.000000,1.000000,156
softdis,pdbflex,mmseqs_100,1d1q_A,1d1qA,161,161,mmseqs,100.000000,1.000000,1.000000,161
softdis,pdbflex,mmseqs_100,2pqs_A,2pqsA,159,159,mmseqs,100.000000,1.000000,1.000000,159
softdis,pdbflex,mmseqs_100,3alu_A,3aluA,157,157,mmseqs,100.000000,1.000000,1.000000,157
softdis,pdbflex,mmseqs_100,5hry_A,5hryH,169,169,mmseqs,100.000000,1.000000,1.000000,169
softdis,pdbflex,mmseqs_100,1ri7_A,2e1cA,171,171,mmseqs,100.000000,1.000000,1.000000,171
softdis,pdbflex,mmseqs_100,1wp0_A,2ggtA,165,161,mmseqs,100.000000,0.975758,0.981707,161
softdis,pdbflex,mmseqs_100,4ora_B,1tcoB,170,169,mmseqs,100.000000,0.994118,1.000000,169
softdis,pdbflex,mmseqs_100,2cx3_A,4gqfA,164,164,mmseqs,100.000000,1.000000,1.000000,164
softdis,pdbflex,mmseqs_100,1vb6_A,1vb6A,167,167,mmseqs,100.000000,1.000000,1.000000,167
softdis,pdbflex,mmseqs_100,2xr5_A,6ghvC,166,151,mmseqs,100.000000,0.909639,0.974194,151
softdis,pdbflex,mmseqs_100,3o22_A,3o2yA,162,162,mmseqs,100.000000,1.000000,1.000000,162
softdis,pdbflex,mmseqs_100,4zcu_A,4zcvA,165,165,mmseqs,100.000000,1.000000,1.000000,165
softdis,pdbflex,mmseqs_100,6ml2_A,6ml4A,151,151,mmseqs,100.000000,1.000000,1.000000,151
softdis,pdbflex,mmseqs_100,6mgh_H,6mghD,163,163,mmseqs,100.000000,1.000000,1.000000,163
softdis,pdbflex,mmseqs_100,3otw_F,3otwA,163,163,mmseqs,100.000000,1.000000,1.000000,163
softdis,pdbflex,mmseqs_100,5duw_C,5duuB,155,155,mmseqs,100.000000,1.000000,1.000000,155
softdis,pdbflex,mmseqs_100,1zdn_A,1zdnA,158,158,mmseqs,100.000000,1.000000,1.000000,158
softdis,pdbflex,mmseqs_100,5njk_E,5njkA,156,156,mmseqs,100.000000,1.000000,1.000000,156
softdis,pdbflex,mmseqs_100,4b04_C,4hrfA,160,160,mmseqs,100.000000,1.000000,1.000000,160
softdis,pdbflex,mmseqs_100,4ezm_L,4gkoL,143,143,mmseqs,100.000000,1.000000,1.000000,143
softdis,pdbflex,mmseqs_100,1umn_K,2ux1G,165,164,mmseqs,100.000000,0.993939,0.993939,164
softdis,pdbflex,mmseqs_100,4onx_A,4onxE,162,162,mmseqs,100.000000,1.000000,1.000000,162
softdis,pdbflex,mmseqs_100,5ond_A,2ougA,162,161,mmseqs,100.000000,0.993827,0.993827,161
softdis,pdbflex,mmseqs_100,1nn4_B,1nn4A,162,162,mmseqs,100.000000,1.000000,1.000000,162
softdis,pdbflex,mmseqs_100,2wal_A,2walA,159,159,mmseqs,100.000000,1.000000,1.000000,159
softdis,pdbflex,mmseqs_100,4lfn_A,4lfnA,162,162,mmseqs,100.000000,1.000000,1.000000,162
softdis,pdbflex,mmseqs_100,4ylz_A,4ym1C,153,153,mmseqs,100.000000,1.000000,1.000000,153
softdis,pdbflex,mmseqs_100,1o9r_A,1o9rA,162,162,mmseqs,100.000000,1.000000,1.000000,162
softdis,pdbflex,mmseqs_100,4mpo_B,4mpoB,153,153,mmseqs,100.000000,1.000000,1.000000,153
softdis,pdbflex,mmseqs_100,6ovf_A,6ovfA,161,161,mmseqs,100.000000,1.000000,1.000000,161
softdis,pdbflex,mmseqs_100,3ffu_A,3ffuA,153,153,mmseqs,100.000000,1.000000,1.000000,153
softdis,pdbflex,mmseqs_100,4ijx_A,4ijxA,155,155,mmseqs,100.000000,1.000000,1.000000,155
softdis,pdbflex,mmseqs_100,5ei9_F,5ei9E,144,144,mmseqs,100.000000,1.000000,1.000000,144
softdis,pdbflex,mmseqs_100,1do5_A,1do5A,154,154,mmseqs,100.000000,1.000000,1.000000,154
softdis,pdbflex,mmseqs_100,2rib_A,2ricC,160,160,mmseqs,100.000000,1.000000,1.000000,160
softdis,pdbflex,mmseqs_100,5id2_A,1xvwB,164,153,mmseqs,100.000000,0.932927,0.956250,153
softdis,pdbflex,mmseqs_100,2bpd_A,2bpdB,142,142,mmseqs,100.000000,1.000000,1.000000,142
softdis,pdbflex,mmseqs_100,4nat_B,4nauB,160,160,mmseqs,100.000000,1.000000,1.000000,160
softdis,pdbflex,mmseqs_100,5xfi_A,5xfiA,153,153,mmseqs,100.000000,1.000000,1.000000,153
softdis,pdbflex,mmseqs_100,1ilr_1,1ilr1,152,152,mmseqs,100.000000,1.000000,1.000000,152
softdis,pdbflex,mmseqs_100,2gv5_A,3fwbA,161,161,mmseqs,100.000000,1.000000,1.000000,161
softdis,pdbflex,mmseqs_100,2c41_A,2c41C,158,158,mmseqs,100.000000,1.000000,1.000000,158
softdis,pdbflex,mmseqs_100,4wqq_A,4wqqA,141,141,mmseqs,100.000000,1.000000,1.000000,141
softdis,pdbflex,mmseqs_100,3woc_A,3wocA,151,151,mmseqs,100.000000,1.000000,1.000000,151
softdis,pdbflex,mmseqs_100,5f2q_C,5f2qB,135,135,mmseqs,100.000000,1.000000,1.000000,135
softdis,pdbflex,mmseqs_100,5mgr_A,5mgsH,146,146,mmseqs,100.000000,1.000000,1.000000,146
softdis,pdbflex,mmseqs_100,3zqp_A,3zqqC,164,164,mmseqs,100.000000,1.000000,1.000000,164
softdis,pdbflex,mmseqs_100,6hde_C,6hdeB,152,152,mmseqs,100.000000,1.000000,1.000000,152
softdis,pdbflex,mmseqs_100,5umw_A,5umwA,151,151,mmseqs,100.000000,1.000000,1.000000,151
softdis,pdbflex,mmseqs_100,3ox5_A,3ox5A,153,153,mmseqs,100.000000,1.000000,1.000000,153
softdis,pdbflex,mmseqs_100,4yif_A,4yifB,164,164,mmseqs,100.000000,1.000000,1.000000,164
softdis,pdbflex,mmseqs_100,5cfi_A,5cfiA,152,152,mmseqs,100.000000,1.000000,1.000000,152
softdis,pdbflex,mmseqs_100,3hyb_A,3rg6C,155,155,mmseqs,100.000000,1.000000,1.000000,155
softdis,pdbflex,mmseqs_100,6oec_A,6oecL,162,162,mmseqs,100.000000,1.000000,1.000000,162
softdis,pdbflex,mmseqs_100,1br4_B,1br4B,150,150,mmseqs,100.000000,1.000000,1.000000,150
softdis,pdbflex,mmseqs_100,2py2_A,2py2A,136,136,mmseqs,100.000000,1.000000,1.000000,136
softdis,pdbflex,mmseqs_100,2yjk_G,2yjkC,161,161,mmseqs,100.000000,1.000000,1.000000,161
softdis,pdbflex,mmseqs_100,3e0o_A,3e0oA,144,144,mmseqs,100.000000,1.000000,1.000000,144
softdis,pdbflex,mmseqs_100,3o4o_A,2i1bA,158,153,mmseqs,100.000000,0.968354,1.000000,153
softdis,pdbflex,mmseqs_100,4lk9_A,4lk9A,136,136,mmseqs,100.000000,1.000000,1.000000,136
softdis,pdbflex,mmseqs_100,5ft8_U,5ft8B,154,154,mmseqs,100.000000,1.000000,1.000000,154
softdis,pdbflex,mmseqs_100,5jp5_A,5jp5D,145,145,mmseqs,100.000000,1.000000,1.000000,145
softdis,pdbflex,mmseqs_100,5zrp_A,5zrkA,150,150,mmseqs,100.000000,1.000000,1.000000,150
softdis,pdbflex,mmseqs_100,6upp_A,6pryA,150,150,mmseqs,100.000000,1.000000,1.000000,150
softdis,pdbflex,mmseqs_100,2fjy_A,2fjyB,142,142,mmseqs,100.000000,1.000000,1.000000,142
softdis,pdbflex,mmseqs_100,3tp1_A,3tpwA,152,152,mmseqs,100.000000,1.000000,1.000000,152
softdis,pdbflex,mmseqs_100,1l2o_B,3jtdB,156,156,mmseqs,100.000000,1.000000,1.000000,156
softdis,pdbflex,mmseqs_100,2okd_A,2okdC,147,147,mmseqs,100.000000,1.000000,1.000000,147
softdis,pdbflex,mmseqs_100,3nfd_A,3nfdE,153,153,mmseqs,100.000000,1.000000,1.000000,153
softdis,pdbflex,mmseqs_100,6bbx_A,5w27A,144,144,mmseqs,100.000000,1.000000,1.000000,144
softdis,pdbflex,mmseqs_100,4fhq_A,4rsuJ,134,134,mmseqs,100.000000,1.000000,1.000000,134
softdis,pdbflex,mmseqs_100,2fjc_A,2fjcB,156,156,mmseqs,100.000000,1.000000,1.000000,156
softdis,pdbflex,mmseqs_100,4gx7_A,4gx7A,152,152,mmseqs,100.000000,1.000000,1.000000,152
softdis,pdbflex,mmseqs_100,4kzv_A,4kzwA,134,134,mmseqs,100.000000,1.000000,1.000000,134
softdis,pdbflex,mmseqs_100,5hsm_A,5x80A,160,160,mmseqs,100.000000,1.000000,1.000000,160
softdis,pdbflex,mmseqs_100,4kg3_A,4kg3B,146,146,mmseqs,100.000000,1.000000,1.000000,146
softdis,pdbflex,mmseqs_100,4p78_A,4p7dB,143,143,mmseqs,100.000000,1.000000,1.000000,143
softdis,pdbflex,mmseqs_100,6flw_A,6flwA,144,144,mmseqs,100.000000,1.000000,1.000000,144
softdis,pdbflex,mmseqs_100,3ezz_A,3ezzA,144,144,mmseqs,100.000000,1.000000,1.000000,144
softdis,pdbflex,mmseqs_100,4oxb_A,1qmtA,134,134,mmseqs,100.000000,1.000000,1.000000,134
softdis,pdbflex,mmseqs_100,4d3p_A,4d3pA,147,147,mmseqs,100.000000,1.000000,1.000000,147
softdis,pdbflex,mmseqs_100,4pav_A,4pavB,145,145,mmseqs,100.000000,1.000000,1.000000,145
softdis,pdbflex,mmseqs_100,5tzn_A,5tznA,137,137,mmseqs,100.000000,1.000000,1.000000,137
softdis,pdbflex,mmseqs_100,2wc6_A,2wcmA,141,141,mmseqs,100.000000,1.000000,1.000000,141
softdis,pdbflex,mmseqs_100,3hup_A,3hupA,130,130,mmseqs,100.000000,1.000000,1.000000,130
softdis,pdbflex,mmseqs_100,4dxe_A,4jm7A,143,143,mmseqs,100.000000,1.000000,1.000000,143
softdis,pdbflex,mmseqs_100,5ltw_C,5ltwG,149,149,mmseqs,100.000000,1.000000,1.000000,149
softdis,pdbflex,mmseqs_100,5lnl_A,5lnlC,151,151,mmseqs,100.000000,1.000000,1.000000,151
softdis,pdbflex,mmseqs_100,4d0v_A,4d0vD,145,145,mmseqs,100.000000,1.000000,1.000000,145
softdis,pdbflex,mmseqs_100,4e9m_A,4e9mA,144,144,mmseqs,100.000000,1.000000,1.000000,144
softdis,pdbflex,mmseqs_100,1xk8_A,1xk8D,147,147,mmseqs,100.000000,1.000000,1.000000,147
softdis,pdbflex,mmseqs_100,3wsr_A,3wwkC,128,128,mmseqs,100.000000,1.000000,1.000000,128
softdis,pdbflex,mmseqs_100,3zxf_A,3zxfB,138,138,mmseqs,100.000000,1.000000,1.000000,138
softdis,pdbflex,mmseqs_100,4d6x_A,4d6yA,148,148,mmseqs,100.000000,1.000000,1.000000,148
softdis,pdbflex,mmseqs_100,5ii7_A,5mr3E,138,136,mmseqs,100.000000,0.985507,1.000000,136
softdis,pdbflex,mmseqs_100,5nld_A,5nldB,139,139,mmseqs,100.000000,1.000000,1.000000,139
softdis,pdbflex,mmseqs_100,5u0i_A,5u0iB,140,140,mmseqs,100.000000,1.000000,1.000000,140
softdis,pdbflex,mmseqs_100,1pqf_B,1pqfA,143,143,mmseqs,100.000000,1.000000,1.000000,143
softdis,pdbflex,mmseqs_100,6af3_A,6af4A,141,141,mmseqs,100.000000,1.000000,1.000000,141
softdis,pdbflex,mmseqs_100,6ifb_A,6ifbB,135,135,mmseqs,100.000000,1.000000,1.000000,135
softdis,pdbflex,mmseqs_100,1osa_A,1osaA,148,148,mmseqs,100.000000,1.000000,1.000000,148
softdis,pdbflex,mmseqs_100,3dxe_C,3dxdA,140,140,mmseqs,100.000000,1.000000,1.000000,140
softdis,pdbflex,mmseqs_100,6eun_A,6eunA,156,156,mmseqs,100.000000,1.000000,1.000000,156
softdis,pdbflex,mmseqs_100,7o4p_A,3vy7A,148,139,mmseqs,100.000000,0.939189,0.985816,139
softdis,pdbflex,mmseqs_100,2g0i_A,2g0jC,145,145,mmseqs,100.000000,1.000000,1.000000,145
softdis,pdbflex,mmseqs_100,1bj3_A,1bj3A,129,129,mmseqs,100.000000,1.000000,1.000000,129
softdis,pdbflex,mmseqs_100,4ozj_A,4oznA,143,143,mmseqs,100.000000,1.000000,1.000000,143
softdis,pdbflex,mmseqs_100,5h9p_A,6q17A,158,138,mmseqs,100.000000,0.873418,0.992806,138
softdis,pdbflex,mmseqs_100,4erh_B,4rhaA,148,141,mmseqs,100.000000,0.952703,0.965753,141
softdis,pdbflex,mmseqs_100,1ov8_C,1qhqA,140,140,mmseqs,100.000000,1.000000,1.000000,140
softdis,pdbflex,mmseqs_100,3lus_A,3lusB,148,148,mmseqs,100.000000,1.000000,1.000000,148
softdis,pdbflex,mmseqs_100,3ul5_A,3ul5D,139,139,mmseqs,100.000000,1.000000,1.000000,139
softdis,pdbflex,mmseqs_100,4x09_A,6enpA,128,128,mmseqs,100.000000,1.000000,1.000000,128
softdis,pdbflex,mmseqs_100,5gi0_A,5gi0A,133,133,mmseqs,100.000000,1.000000,1.000000,133
softdis,pdbflex,mmseqs_100,5v6f_A,5v6cB,138,138,mmseqs,100.000000,1.000000,1.000000,138
softdis,pdbflex,mmseqs_100,2oz1_B,2oz1F,138,138,mmseqs,100.000000,1.000000,1.000000,138
softdis,pdbflex,mmseqs_100,2qzj_A,2qzjA,136,136,mmseqs,100.000000,1.000000,1.000000,136
softdis,pdbflex,mmseqs_100,1is6_A,1is3A,135,135,mmseqs,100.000000,1.000000,1.000000,135
softdis,pdbflex,mmseqs_100,5m6h_A,6h6rA,127,127,mmseqs,100.000000,1.000000,1.000000,127
softdis,pdbflex,mmseqs_100,5n16_D,5n15A,138,138,mmseqs,100.000000,1.000000,1.000000,138
softdis,pdbflex,mmseqs_100,6mtj_D,6mtnD,134,134,mmseqs,100.000000,1.000000,1.000000,134
softdis,pdbflex,mmseqs_100,1yxj_B,1ypuB,130,128,mmseqs,100.000000,0.984615,0.948148,128
softdis,pdbflex,mmseqs_100,2ymz_A,2ymzA,130,130,mmseqs,100.000000,1.000000,1.000000,130
softdis,pdbflex,mmseqs_100,1bj3_B,1j34B,123,123,mmseqs,100.000000,1.000000,1.000000,123
softdis,pdbflex,mmseqs_100,3ljd_A,2vq8A,126,125,mmseqs,100.000000,0.992063,0.899281,125
softdis,pdbflex,mmseqs_100,3fz2_A,3fz2E,134,134,mmseqs,100.000000,1.000000,1.000000,134
softdis,pdbflex,mmseqs_100,6d48_E,6d49A,127,127,mmseqs,100.000000,1.000000,1.000000,127
softdis,pdbflex,mmseqs_100,1kcg_A,1mpuA,124,124,mmseqs,100.000000,1.000000,0.898551,124
softdis,pdbflex,mmseqs_100,2gwf_B,2fzpA,134,134,mmseqs,100.000000,1.000000,0.930556,134
softdis,pdbflex,mmseqs_100,6e7d_A,6e7dE,124,124,mmseqs,100.000000,1.000000,1.000000,124
softdis,pdbflex,mmseqs_100,7x9o_A,3a6tA,129,129,mmseqs,100.000000,1.000000,1.000000,129
softdis,pdbflex,mmseqs_100,3c3i_B,3c3iB,141,141,mmseqs,100.000000,1.000000,1.000000,141
softdis,pdbflex,mmseqs_100,6scf_G,6scfF,138,138,mmseqs,100.000000,1.000000,1.000000,138
softdis,pdbflex,mmseqs_100,1f7n_B,1f7rA,136,136,mmseqs,100.000000,1.000000,1.000000,136
softdis,pdbflex,mmseqs_100,5fgs_A,5fgsC,136,136,mmseqs,100.000000,1.000000,1.000000,136
softdis,pdbflex,mmseqs_100,2jca_A,2jbzA,143,143,mmseqs,100.000000,1.000000,1.000000,143
softdis,pdbflex,mmseqs_100,2qq4_B,2qq4A,138,138,mmseqs,100.000000,1.000000,1.000000,138
softdis,pdbflex,mmseqs_100,4n6m_A,4n6mA,132,132,mmseqs,100.000000,1.000000,1.000000,132
softdis,pdbflex,mmseqs_100,1b6e_A,3bdwA,128,123,mmseqs,100.000000,0.960938,1.000000,123
softdis,pdbflex,mmseqs_100,4uhs_A,4uhkA,136,136,mmseqs,100.000000,1.000000,1.000000,136
softdis,pdbflex,mmseqs_100,5y61_B,5eazA,138,135,mmseqs,100.000000,0.978261,1.000000,135
softdis,pdbflex,mmseqs_100,2vzc_A,2vzcA,131,131,mmseqs,100.000000,1.000000,1.000000,131
softdis,pdbflex,mmseqs_100,4o1i_A,4o1iD,138,138,mmseqs,100.000000,1.000000,1.000000,138
softdis,pdbflex,mmseqs_100,5v52_D,3r0nA,140,127,mmseqs,100.000000,0.907143,0.992188,127
softdis,pdbflex,mmseqs_100,6br7_A,6br7B,133,133,mmseqs,100.000000,1.000000,1.000000,133
softdis,pdbflex,mmseqs_100,6s45_A,6qqhA,128,128,mmseqs,100.000000,1.000000,1.000000,128
softdis,pdbflex,mmseqs_100,3iqc_A,3iqcA,131,131,mmseqs,100.000000,1.000000,1.000000,131
softdis,pdbflex,mmseqs_100,1oxk_B,2r25B,134,132,mmseqs,100.000000,0.985075,0.992481,132
softdis,pdbflex,mmseqs_100,1za3_R,1d4vA,134,115,mmseqs,100.000000,0.858209,0.982906,115
softdis,pdbflex,mmseqs_100,6cmv_A,6cmvB,139,139,mmseqs,100.000000,1.000000,1.000000,139
softdis,pdbflex,mmseqs_100,6cps_A,6cpsA,131,131,mmseqs,100.000000,1.000000,1.000000,131
softdis,pdbflex,mmseqs_100,1qmp_A,1qmpA,130,130,mmseqs,100.000000,1.000000,1.000000,130
softdis,pdbflex,mmseqs_100,3lte_M,3lteD,132,132,mmseqs,100.000000,1.000000,1.000000,132
softdis,pdbflex,mmseqs_100,4pup_A,4qybB,131,125,mmseqs,100.000000,0.954198,1.000000,125
softdis,pdbflex,mmseqs_100,2omo_A,2omoA,124,124,mmseqs,100.000000,1.000000,1.000000,124
softdis,pdbflex,mmseqs_100,3ulg_B,2nxqA,134,134,mmseqs,100.000000,1.000000,1.000000,134
softdis,pdbflex,mmseqs_100,4n21_A,4n21C,130,130,mmseqs,100.000000,1.000000,1.000000,130
softdis,pdbflex,mmseqs_100,1cxa_A,1l9jC,124,124,mmseqs,100.000000,1.000000,1.000000,124
softdis,pdbflex,mmseqs_100,3cdg_K,3cdgF,120,120,mmseqs,100.000000,1.000000,1.000000,120
softdis,pdbflex,mmseqs_100,4o32_A,3ul3B,138,128,mmseqs,100.000000,0.927536,1.000000,128
softdis,pdbflex,mmseqs_100,4tum_A,4tumA,132,132,mmseqs,100.000000,1.000000,1.000000,132
softdis,pdbflex,mmseqs_100,1jr8_A,1jraA,117,117,mmseqs,100.000000,1.000000,1.000000,117
softdis,pdbflex,mmseqs_100,6h6n_A,6h6nA,131,131,mmseqs,100.000000,1.000000,1.000000,131
softdis,pdbflex,mmseqs_100,2jjs_A,2uv3B,126,126,mmseqs,100.000000,1.000000,1.000000,126
softdis,pdbflex,mmseqs_100,2yhf_A,2yhfA,118,118,mmseqs,100.000000,1.000000,1.000000,118
softdis,pdbflex,mmseqs_100,5hbl_A,5hblA,127,127,mmseqs,100.000000,1.000000,1.000000,127
softdis,pdbflex,mmseqs_100,5s8c_A,5encA,128,128,mmseqs,100.000000,1.000000,0.977099,128
softdis,pdbflex,mmseqs_100,6gdv_C,6gduA,133,133,mmseqs,100.000000,1.000000,1.000000,133
softdis,pdbflex,mmseqs_100,6is1_E,6is2A,128,128,mmseqs,100.000000,1.000000,1.000000,128
softdis,pdbflex,mmseqs_100,4qey_A,4qeyA,132,132,mmseqs,100.000000,1.000000,1.000000,132
softdis,pdbflex,mmseqs_100,5dc4_A,3uyoA,123,123,mmseqs,100.000000,1.000000,1.000000,123
softdis,pdbflex,mmseqs_100,2j1k_T,1f5wA,128,126,mmseqs,100.000000,0.984375,1.000000,126
softdis,pdbflex,mmseqs_100,6p17_B,6p1eB,123,123,mmseqs,100.000000,1.000000,1.000000,123
softdis,pdbflex,mmseqs_100,2fwe_A,1uc7A,134,125,mmseqs,100.000000,0.932836,1.000000,125
softdis,pdbflex,mmseqs_100,3h7q_A,3ne3B,132,130,mmseqs,100.000000,0.984848,1.000000,130
softdis,pdbflex,mmseqs_100,6ar4_A,6bjnA,125,125,mmseqs,100.000000,1.000000,1.000000,125
softdis,pdbflex,mmseqs_100,4ox8_A,4ox8A,128,128,mmseqs,100.000000,1.000000,1.000000,128
softdis,pdbflex,mmseqs_100,3rtl_A,3rtlB,121,121,mmseqs,100.000000,1.000000,1.000000,121
softdis,pdbflex,mmseqs_100,4lw9_Q,4lw9A,120,120,mmseqs,100.000000,1.000000,1.000000,120
softdis,pdbflex,mmseqs_100,1orj_A,1orjA,130,130,mmseqs,100.000000,1.000000,1.000000,130
softdis,pdbflex,mmseqs_100,1sf8_A,1sf8G,126,126,mmseqs,100.000000,1.000000,1.000000,126
softdis,pdbflex,mmseqs_100,2j80_A,1p0zA,135,129,mmseqs,100.000000,0.955556,0.984733,129
softdis,pdbflex,mmseqs_100,5cqx_A,5cqxB,119,119,mmseqs,100.000000,1.000000,1.000000,119
softdis,pdbflex,mmseqs_100,2iug_A,2iuhA,120,120,mmseqs,100.000000,1.000000,1.000000,120
softdis,pdbflex,mmseqs_100,2x18_E,2x18E,119,119,mmseqs,100.000000,1.000000,1.000000,119
softdis,pdbflex,mmseqs_100,1d5w_B,1dckB,126,126,mmseqs,100.000000,1.000000,1.000000,126
softdis,pdbflex,mmseqs_100,3o6u_A,3o6uA,128,128,mmseqs,100.000000,1.000000,1.000000,128
softdis,pdbflex,mmseqs_100,3wgd_A,3wgdC,113,113,mmseqs,100.000000,1.000000,1.000000,113
softdis,pdbflex,mmseqs_100,4lx8_A,4hnsA,124,124,mmseqs,100.000000,1.000000,1.000000,124
softdis,pdbflex,mmseqs_100,4q0o_A,3g0jA,124,124,mmseqs,100.000000,1.000000,1.000000,124
softdis,pdbflex,mmseqs_100,1w89_A,1w4vA,119,119,mmseqs,100.000000,1.000000,1.000000,119
softdis,pdbflex,mmseqs_100,2qms_A,4wwqB,120,120,mmseqs,100.000000,1.000000,1.000000,120
softdis,pdbflex,mmseqs_100,4of6_A,4of6B,120,120,mmseqs,100.000000,1.000000,1.000000,120
softdis,pdbflex,mmseqs_100,4ofi_A,4ofiC,115,115,mmseqs,100.000000,1.000000,1.000000,115
softdis,pdbflex,mmseqs_100,1mav_A,1m5tA,124,124,mmseqs,100.000000,1.000000,1.000000,124
softdis,pdbflex,mmseqs_100,2atp_C,1bqhH,122,122,mmseqs,100.000000,1.000000,0.945736,122
softdis,pdbflex,mmseqs_100,4lxr_J,3e07A,114,114,mmseqs,100.000000,1.000000,1.000000,114
softdis,pdbflex,mmseqs_100,5mkx_B,5fe6B,119,119,mmseqs,100.000000,1.000000,1.000000,119
softdis,pdbflex,mmseqs_100,5t2q_A,5t2rA,108,108,mmseqs,100.000000,1.000000,1.000000,108
softdis,pdbflex,mmseqs_100,5cmo_C,5suvA,125,125,mmseqs,100.000000,1.000000,0.992063,125
softdis,pdbflex,mmseqs_100,5d9z_B,5d9zB,112,112,mmseqs,100.000000,1.000000,1.000000,112
softdis,pdbflex,mmseqs_100,1fte_B,1fthA,122,122,mmseqs,100.000000,1.000000,1.000000,122
softdis,pdbflex,mmseqs_100,1ytt_A,1msbA,115,115,mmseqs,100.000000,1.000000,1.000000,115
softdis,pdbflex,mmseqs_100,2vm2_A,2vm1C,118,118,mmseqs,100.000000,1.000000,1.000000,118
softdis,pdbflex,mmseqs_100,5mpw_A,5mpwA,115,115,mmseqs,100.000000,1.000000,1.000000,115
softdis,pdbflex,mmseqs_100,7xne_A,6yijA,133,117,mmseqs,100.000000,0.879699,0.983193,117
softdis,pdbflex,mmseqs_100,2w8b_C,2w8bG,118,118,mmseqs,100.000000,1.000000,1.000000,118
softdis,pdbflex,mmseqs_100,2oe0_A,2oe1A,114,114,mmseqs,100.000000,1.000000,1.000000,114
softdis,pdbflex,mmseqs_100,3f72_A,3f72B,122,122,mmseqs,100.000000,1.000000,1.000000,122
softdis,pdbflex,mmseqs_100,2qra_D,2qraC,111,111,mmseqs,100.000000,1.000000,1.000000,111
softdis,pdbflex,mmseqs_100,3uvt_A,3uvtC,111,111,mmseqs,100.000000,1.000000,1.000000,111
softdis,pdbflex,mmseqs_100,2of5_A,2of5A,114,114,mmseqs,100.000000,1.000000,1.000000,114
softdis,pdbflex,mmseqs_100,3ia0_Z,3ia0A,119,119,mmseqs,100.000000,1.000000,1.000000,119
softdis,pdbflex,mmseqs_100,5hiy_A,5hiyB,114,114,mmseqs,100.000000,1.000000,1.000000,114
softdis,pdbflex,mmseqs_100,4oiz_A,4oitB,113,113,mmseqs,100.000000,1.000000,1.000000,113
softdis,pdbflex,mmseqs_100,1f7t_A,1f7tA,122,122,mmseqs,100.000000,1.000000,1.000000,122
softdis,pdbflex,mmseqs_100,1oms_C,1omsC,121,121,mmseqs,100.000000,1.000000,1.000000,121
softdis,pdbflex,mmseqs_100,2cov_D,2covD,104,104,mmseqs,100.000000,1.000000,1.000000,104
softdis,pdbflex,mmseqs_100,3ded_A,3dedC,113,113,mmseqs,100.000000,1.000000,1.000000,113
softdis,pdbflex,mmseqs_100,3ssq_A,3ssqA,122,122,mmseqs,100.000000,1.000000,1.000000,122
softdis,pdbflex,mmseqs_100,4pu8_B,4pu4D,118,118,mmseqs,100.000000,1.000000,1.000000,118
softdis,pdbflex,mmseqs_100,7s4e_A,6haxE,125,121,mmseqs,100.000000,0.968000,0.983740,121
softdis,pdbflex,mmseqs_100,6azr_B,3dgeC,123,122,mmseqs,100.000000,0.991870,1.000000,122
softdis,pdbflex,mmseqs_100,6ctd_A,6ctdA,121,121,mmseqs,100.000000,1.000000,1.000000,121
softdis,pdbflex,mmseqs_100,2was_A,2watA,122,122,mmseqs,100.000000,1.000000,1.000000,122
softdis,pdbflex,mmseqs_100,5fm8_A,5fm4B,112,112,mmseqs,100.000000,1.000000,1.000000,112
softdis,pdbflex,mmseqs_100,2of5_H,2of5H,118,118,mmseqs,100.000000,1.000000,1.000000,118
softdis,pdbflex,mmseqs_100,5un5_D,5un5C,123,123,mmseqs,100.000000,1.000000,1.000000,123
softdis,pdbflex,mmseqs_100,2z8v_C,2z8vC,116,116,mmseqs,100.000000,1.000000,1.000000,116
softdis,pdbflex,mmseqs_100,3f8b_A,3f8fA,116,116,mmseqs,100.000000,1.000000,0.920635,116
softdis,pdbflex,mmseqs_100,2zv3_A,2zv3B,115,115,mmseqs,100.000000,1.000000,1.000000,115
softdis,pdbflex,mmseqs_100,4xjk_D,4xjkD,114,114,mmseqs,100.000000,1.000000,1.000000,114
softdis,pdbflex,mmseqs_100,5e6n_A,5azhA,118,115,mmseqs,100.000000,0.974576,0.898438,115
softdis,pdbflex,mmseqs_100,6f5c_A,6quaB,127,117,mmseqs,100.000000,0.921260,1.000000,117
softdis,pdbflex,mmseqs_100,6j2z_F,6j2zB,108,108,mmseqs,100.000000,1.000000,1.000000,108
softdis,pdbflex,mmseqs_100,6jnl_A,6jnmA,101,101,mmseqs,100.000000,1.000000,1.000000,101
softdis,pdbflex,mmseqs_100,1kb2_B,1kb6B,110,110,mmseqs,100.000000,1.000000,1.000000,110
softdis,pdbflex,mmseqs_100,5j0l_A,5j0lA,141,141,mmseqs,100.000000,1.000000,1.000000,141
softdis,pdbflex,mmseqs_100,6ebb_A,6ebbA,120,120,mmseqs,100.000000,1.000000,1.000000,120
softdis,pdbflex,mmseqs_100,6er7_A,6exrA,120,120,mmseqs,100.000000,1.000000,1.000000,120
softdis,pdbflex,mmseqs_100,3ahp_A,3ahpB,108,108,mmseqs,100.000000,1.000000,1.000000,108
softdis,pdbflex,mmseqs_100,1i85_B,1i85A,110,110,mmseqs,100.000000,1.000000,1.000000,110
softdis,pdbflex,mmseqs_100,2pmu_A,2pmuB,110,110,mmseqs,100.000000,1.000000,1.000000,110
softdis,pdbflex,mmseqs_100,4pj1_O,4pj1Z,114,114,mmseqs,100.000000,1.000000,1.000000,114
softdis,pdbflex,mmseqs_100,4hjm_A,4n11A,111,111,mmseqs,100.000000,1.000000,1.000000,111
softdis,pdbflex,mmseqs_100,5aqf_D,5aquB,118,118,mmseqs,100.000000,1.000000,1.000000,118
softdis,pdbflex,mmseqs_100,5j7d_A,5j7dA,112,112,mmseqs,100.000000,1.000000,1.000000,112
softdis,pdbflex,mmseqs_100,5zhc_A,5zi8A,113,113,mmseqs,100.000000,1.000000,1.000000,113
softdis,pdbflex,mmseqs_100,1xw3_A,1xw3A,110,110,mmseqs,100.000000,1.000000,1.000000,110
softdis,pdbflex,mmseqs_100,2gsg_A,2otuA,116,114,mmseqs,100.000000,0.982759,0.991304,114
softdis,pdbflex,mmseqs_100,3jv6_B,3jv6B,107,107,mmseqs,100.000000,1.000000,1.000000,107
softdis,pdbflex,mmseqs_100,3r7n_B,1pyoD,112,104,mmseqs,100.000000,0.928571,0.990476,104
softdis,pdbflex,mmseqs_100,4n9g_C,4jlrC,123,123,mmseqs,100.000000,1.000000,1.000000,123
softdis,pdbflex,mmseqs_100,4yyi_A,4yyhB,108,108,mmseqs,100.000000,1.000000,1.000000,108
softdis,pdbflex,mmseqs_100,6i19_A,6q46A,113,113,mmseqs,100.000000,1.000000,1.000000,113
softdis,pdbflex,mmseqs_100,4rwx_A,4rwwA,114,113,mmseqs,100.000000,0.991228,1.000000,113
softdis,pdbflex,mmseqs_100,5or8_A,4qbmA,106,106,mmseqs,100.000000,1.000000,1.000000,106
softdis,pdbflex,mmseqs_100,5yny_A,5ynxA,128,118,mmseqs,100.000000,0.921875,1.000000,118
softdis,pdbflex,mmseqs_100,7sn6_A,4fxwA,106,106,mmseqs,100.000000,1.000000,1.000000,106
softdis,pdbflex,mmseqs_100,5xe2_A,5xe2A,107,107,mmseqs,100.000000,1.000000,1.000000,107
softdis,pdbflex,mmseqs_100,1bcp_D,1ptoD,110,110,mmseqs,100.000000,1.000000,1.000000,110
softdis,pdbflex,mmseqs_100,4y00_A,4y00A,103,103,mmseqs,100.000000,1.000000,1.000000,103
softdis,pdbflex,mmseqs_100,5x5l_A,5x5lE,109,109,mmseqs,100.000000,1.000000,1.000000,109
softdis,pdbflex,mmseqs_100,6pxb_F,6pxcA,109,109,mmseqs,100.000000,1.000000,1.000000,109
softdis,pdbflex,mmseqs_100,3qkb_A,3qkbA,111,111,mmseqs,100.000000,1.000000,1.000000,111
softdis,pdbflex,mmseqs_100,1gxp_A,1gxqA,106,106,mmseqs,100.000000,1.000000,1.000000,106
softdis,pdbflex,mmseqs_100,2pys_A,2pysB,109,109,mmseqs,100.000000,1.000000,1.000000,109
softdis,pdbflex,mmseqs_100,3dar_A,3cafA,105,100,mmseqs,100.000000,0.952381,1.000000,100
softdis,pdbflex,mmseqs_100,3mlf_A,3mlfA,111,111,mmseqs,100.000000,1.000000,1.000000,111
softdis,pdbflex,mmseqs_100,6app_B,4w2oB,106,106,mmseqs,100.000000,1.000000,1.000000,106
softdis,pdbflex,mmseqs_100,6gbg_D,2gk2B,115,107,mmseqs,100.000000,0.930435,0.963964,107
softdis,pdbflex,mmseqs_100,6ppp_G,3swnF,119,113,mmseqs,100.000000,0.949580,0.965812,113
softdis,pdbflex,mmseqs_100,3nsi_A,3nsiB,101,101,mmseqs,100.000000,1.000000,1.000000,101
softdis,pdbflex,mmseqs_100,3tkz_A,4je4A,109,103,mmseqs,100.000000,0.944954,0.971698,103
softdis,pdbflex,mmseqs_100,1bxa_A,2j55A,105,105,mmseqs,100.000000,1.000000,1.000000,105
softdis,pdbflex,mmseqs_100,3d1m_C,3n1fD,102,102,mmseqs,100.000000,1.000000,1.000000,102
softdis,pdbflex,mmseqs_100,3mop_D,3mopA,110,110,mmseqs,100.000000,1.000000,1.000000,110
softdis,pdbflex,mmseqs_100,4omy_A,4omzC,118,118,mmseqs,100.000000,1.000000,1.000000,118
softdis,pdbflex,mmseqs_100,2puk_C,2pukC,106,106,mmseqs,100.000000,1.000000,1.000000,106
softdis,pdbflex,mmseqs_100,5hk3_A,5hkcA,114,114,mmseqs,100.000000,1.000000,1.000000,114
softdis,pdbflex,mmseqs_100,6aso_G,4c92G,115,115,mmseqs,100.000000,1.000000,1.000000,115
softdis,pdbflex,mmseqs_100,1d4t_A,1d4tA,104,104,mmseqs,100.000000,1.000000,1.000000,104
softdis,pdbflex,mmseqs_100,1nw2_A,1nw2A,105,105,mmseqs,100.000000,1.000000,1.000000,105
softdis,pdbflex,mmseqs_100,4emh_U,4emhA,105,105,mmseqs,100.000000,1.000000,1.000000,105
softdis,pdbflex,mmseqs_100,4k2e_A,4ooiB,112,112,mmseqs,100.000000,1.000000,1.000000,112
softdis,pdbflex,mmseqs_100,4h2t_C,4h2uD,110,110,mmseqs,100.000000,1.000000,1.000000,110
softdis,pdbflex,mmseqs_100,4zk7_M,4zk7Q,111,111,mmseqs,100.000000,1.000000,1.000000,111
softdis,pdbflex,mmseqs_100,6kc4_A,6kc4A,102,102,mmseqs,100.000000,1.000000,1.000000,102
softdis,pdbflex,mmseqs_100,2d00_C,2d00A,109,109,mmseqs,100.000000,1.000000,1.000000,109
softdis,pdbflex,mmseqs_100,5ym6_A,5ym8B,115,108,mmseqs,100.000000,0.939130,1.000000,108
softdis,pdbflex,mmseqs_100,2hd3_A,2hd3B,103,103,mmseqs,100.000000,1.000000,1.000000,103
softdis,pdbflex,mmseqs_100,2pe8_A,2pehA,105,105,mmseqs,100.000000,1.000000,1.000000,105
softdis,pdbflex,mmseqs_100,3k3s_A,3k3sA,105,105,mmseqs,100.000000,1.000000,1.000000,105
softdis,pdbflex,mmseqs_100,3qby_A,3qbyA,94,94,mmseqs,100.000000,1.000000,1.000000,94
softdis,pdbflex,mmseqs_100,3qdo_A,3qdoA,109,109,mmseqs,100.000000,1.000000,1.000000,109
softdis,pdbflex,mmseqs_100,5j7k_A,5j7kB,99,99,mmseqs,100.000000,1.000000,1.000000,99
softdis,pdbflex,mmseqs_100,1ql3_A,1ql4A,99,99,mmseqs,100.000000,1.000000,1.000000,99
softdis,pdbflex,mmseqs_100,3nit_A,3nitA,90,90,mmseqs,100.000000,1.000000,1.000000,90
softdis,pdbflex,mmseqs_100,4jur_I,4hfkB,105,105,mmseqs,100.000000,1.000000,1.000000,105
softdis,pdbflex,mmseqs_100,1ehd_A,1ehhA,89,89,mmseqs,100.000000,1.000000,1.000000,89
softdis,pdbflex,mmseqs_100,2pei_A,2peiD,109,109,mmseqs,100.000000,1.000000,1.000000,109
softdis,pdbflex,mmseqs_100,2wwk_T,2wwmD,102,102,mmseqs,100.000000,1.000000,1.000000,102
softdis,pdbflex,mmseqs_100,4nyo_A,4nyoA,102,102,mmseqs,100.000000,1.000000,1.000000,102
softdis,pdbflex,mmseqs_100,4pw9_B,4pwaD,106,106,mmseqs,100.000000,1.000000,1.000000,106
softdis,pdbflex,mmseqs_100,4q2n_A,4q2nB,103,103,mmseqs,100.000000,1.000000,1.000000,103
softdis,pdbflex,mmseqs_100,6thh_A,6expF,104,104,mmseqs,100.000000,1.000000,1.000000,104
softdis,pdbflex,mmseqs_100,3oei_C,3oeiC,96,96,mmseqs,100.000000,1.000000,1.000000,96
softdis,pdbflex,mmseqs_100,4ygc_B,4ygdH,104,104,mmseqs,100.000000,1.000000,1.000000,104
softdis,pdbflex,mmseqs_100,6el8_A,6el8A,99,99,mmseqs,100.000000,1.000000,1.000000,99
softdis,pdbflex,mmseqs_100,6n3f_C,6n3dA,96,96,mmseqs,100.000000,1.000000,1.000000,96
softdis,pdbflex,mmseqs_100,8eg6_B,3qnwB,109,100,mmseqs,100.000000,0.917431,1.000000,100
softdis,pdbflex,mmseqs_100,1r1u_A,1r1uC,106,106,mmseqs,100.000000,1.000000,1.000000,106
softdis,pdbflex,mmseqs_100,2ql5_B,4lszD,97,97,mmseqs,100.000000,1.000000,0.923810,97
softdis,pdbflex,mmseqs_100,2vkj_A,2vkjA,106,106,mmseqs,100.000000,1.000000,1.000000,106
softdis,pdbflex,mmseqs_100,6o8o_A,6o8oB,111,111,mmseqs,100.000000,1.000000,1.000000,111
softdis,pdbflex,mmseqs_100,1jxg_B,1jxgA,100,100,mmseqs,100.000000,1.000000,1.000000,100
softdis,pdbflex,mmseqs_100,1psr_A,1psrA,100,100,mmseqs,100.000000,1.000000,1.000000,100
softdis,pdbflex,mmseqs_100,1wmg_A,1wmgA,103,103,mmseqs,100.000000,1.000000,1.000000,103
softdis,pdbflex,mmseqs_100,2pr0_A,2pr0A,94,94,mmseqs,100.000000,1.000000,1.000000,94
softdis,pdbflex,mmseqs_100,3oq9_H,3oq9H,100,100,mmseqs,100.000000,1.000000,1.000000,100
softdis,pdbflex,mmseqs_100,3stq_A,3stqA,102,102,mmseqs,100.000000,1.000000,1.000000,102
softdis,pdbflex,mmseqs_100,4h2w_C,4h2wC,103,103,mmseqs,100.000000,1.000000,1.000000,103
softdis,pdbflex,mmseqs_100,4zka_A,4zkaA,100,100,mmseqs,100.000000,1.000000,1.000000,100
softdis,pdbflex,mmseqs_100,5ied_B,5f0eB,88,88,mmseqs,100.000000,1.000000,1.000000,88
softdis,pdbflex,mmseqs_100,5m3d_A,5m3tB,101,101,mmseqs,100.000000,1.000000,1.000000,101
softdis,pdbflex,mmseqs_100,6lbi_C,3co6C,118,100,mmseqs,100.000000,0.847458,1.000000,100
softdis,pdbflex,mmseqs_100,1bt6_B,1a4pA,96,96,mmseqs,100.000000,1.000000,1.000000,96
softdis,pdbflex,mmseqs_100,3kjn_B,3kjnB,95,95,mmseqs,100.000000,1.000000,1.000000,95
softdis,pdbflex,mmseqs_100,5jvh_L,1nkwM,114,114,mmseqs,100.000000,1.000000,1.000000,114
softdis,pdbflex,mmseqs_100,5to4_A,5eg3B,101,97,mmseqs,100.000000,0.960396,0.850877,97
softdis,pdbflex,mmseqs_100,5xpb_D,5xpcB,100,100,mmseqs,100.000000,1.000000,1.000000,100
softdis,pdbflex,mmseqs_100,3oe3_A,3oe3C,98,98,mmseqs,100.000000,1.000000,1.000000,98
softdis,pdbflex,mmseqs_100,1pal_A,1pvbA,108,107,mmseqs,100.000000,0.990741,0.990741,107
softdis,pdbflex,mmseqs_100,2q73_A,2q73C,100,100,mmseqs,100.000000,1.000000,1.000000,100
softdis,pdbflex,mmseqs_100,3b83_A,3b83C,100,100,mmseqs,100.000000,1.000000,1.000000,100
softdis,pdbflex,mmseqs_100,5dft_A,5dftA,101,101,mmseqs,100.000000,1.000000,1.000000,101
softdis,pdbflex,mmseqs_100,2cxk_A,2cxkA,95,95,mmseqs,100.000000,1.000000,1.000000,95
softdis,pdbflex,mmseqs_100,6fia_A,6fiaD,104,104,mmseqs,100.000000,1.000000,1.000000,104
softdis,pdbflex,mmseqs_100,3isw_A,3iswB,99,99,mmseqs,100.000000,1.000000,1.000000,99
softdis,pdbflex,mmseqs_100,4jvz_A,4jvzC,99,99,mmseqs,100.000000,1.000000,1.000000,99
softdis,pdbflex,mmseqs_100,3pqj_A,3pqkB,102,102,mmseqs,100.000000,1.000000,1.000000,102
softdis,pdbflex,mmseqs_100,4dxe_H,4dxeI,101,101,mmseqs,100.000000,1.000000,1.000000,101
softdis,pdbflex,mmseqs_100,4j45_A,4j48A,86,86,mmseqs,100.000000,1.000000,1.000000,86
softdis,pdbflex,mmseqs_100,2hyi_B,2hyiB,91,91,mmseqs,100.000000,1.000000,1.000000,91
softdis,pdbflex,mmseqs_100,3mq1_D,3mq1A,103,103,mmseqs,100.000000,1.000000,1.000000,103
softdis,pdbflex,mmseqs_100,4y5o_A,4fqnA,98,98,mmseqs,100.000000,1.000000,1.000000,98
softdis,pdbflex,mmseqs_100,1owf_A,1owgA,99,99,mmseqs,100.000000,1.000000,1.000000,99
softdis,pdbflex,mmseqs_100,1vp7_C,1vp7B,100,100,mmseqs,100.000000,1.000000,1.000000,100
softdis,pdbflex,mmseqs_100,2qkv_A,2qkvA,96,96,mmseqs,100.000000,1.000000,1.000000,96
softdis,pdbflex,mmseqs_100,2rcf_A,2rcfA,91,91,mmseqs,100.000000,1.000000,1.000000,91
softdis,pdbflex,mmseqs_100,2vph_A,5ez0D,100,92,mmseqs,100.000000,0.920000,0.859813,92
softdis,pdbflex,mmseqs_100,3ulj_A,3uljB,90,90,mmseqs,100.000000,1.000000,1.000000,90
softdis,pdbflex,mmseqs_100,1aue_A,4driB,100,90,mmseqs,100.000000,0.900000,0.918367,90
softdis,pdbflex,mmseqs_100,1kkl_H,1kklJ,100,100,mmseqs,100.000000,1.000000,1.000000,100
softdis,pdbflex,mmseqs_100,3lnx_A,3lnxA,96,96,mmseqs,100.000000,1.000000,1.000000,96
softdis,pdbflex,mmseqs_100,5l37_A,5l37C,95,95,mmseqs,100.000000,1.000000,1.000000,95
softdis,pdbflex,mmseqs_100,1n9s_J,1n9sC,93,93,mmseqs,100.000000,1.000000,1.000000,93
softdis,pdbflex,mmseqs_100,1w2i_A,1v3zA,91,91,mmseqs,100.000000,1.000000,1.000000,91
softdis,pdbflex,mmseqs_100,3mli_A,3mliD,100,100,mmseqs,100.000000,1.000000,1.000000,100
softdis,pdbflex,mmseqs_100,1n5z_A,1jqqB,92,92,mmseqs,100.000000,1.000000,1.000000,92
softdis,pdbflex,mmseqs_100,4hi2_B,6krbA,91,91,mmseqs,100.000000,1.000000,1.000000,91
softdis,pdbflex,mmseqs_100,5csf_A,5csnA,95,95,mmseqs,100.000000,1.000000,1.000000,95
softdis,pdbflex,mmseqs_100,1owf_B,1owfB,94,94,mmseqs,100.000000,1.000000,1.000000,94
softdis,pdbflex,mmseqs_100,1yn4_A,1yn4A,99,99,mmseqs,100.000000,1.000000,1.000000,99
softdis,pdbflex,mmseqs_100,2aib_A,2a8fA,98,98,mmseqs,100.000000,1.000000,1.000000,98
softdis,pdbflex,mmseqs_100,2h3r_A,2oa5B,110,110,mmseqs,100.000000,1.000000,1.000000,110
softdis,pdbflex,mmseqs_100,2x5h_A,2x5hD,97,97,mmseqs,100.000000,1.000000,1.000000,97
softdis,pdbflex,mmseqs_100,2ek1_F,2ek1A,95,95,mmseqs,100.000000,1.000000,1.000000,95
softdis,pdbflex,mmseqs_100,2o94_A,2o94A,112,112,mmseqs,100.000000,1.000000,1.000000,112
softdis,pdbflex,mmseqs_100,4pjo_B,1d3bL,95,91,mmseqs,100.000000,0.957895,1.000000,91
softdis,pdbflex,mmseqs_100,1h0x_A,1h0yA,100,100,mmseqs,100.000000,1.000000,1.000000,100
softdis,pdbflex,mmseqs_100,2qyp_A,2qypB,91,91,mmseqs,100.000000,1.000000,1.000000,91
softdis,pdbflex,mmseqs_100,2wc8_A,2wc8D,95,95,mmseqs,100.000000,1.000000,1.000000,95
softdis,pdbflex,mmseqs_100,3p6y_C,3p5tM,90,90,mmseqs,100.000000,1.000000,1.000000,90
softdis,pdbflex,mmseqs_100,4uow_5,4c4kO,93,93,mmseqs,100.000000,1.000000,0.948980,93
softdis,pdbflex,mmseqs_100,5e1y_A,5e1yA,95,95,mmseqs,100.000000,1.000000,1.000000,95
softdis,pdbflex,mmseqs_100,1mfg_A,2h3lA,95,92,mmseqs,100.000000,0.968421,0.893204,92
softdis,pdbflex,mmseqs_100,5xjr_E,3pgwH,92,92,mmseqs,100.000000,1.000000,1.000000,92
softdis,pdbflex,mmseqs_100,2hnw_E,2hnuA,80,80,mmseqs,100.000000,1.000000,0.987654,80
softdis,pdbflex,mmseqs_100,4lmm_A,4n6xA,91,91,mmseqs,100.000000,1.000000,1.000000,91
softdis,pdbflex,mmseqs_100,4nxp_A,4nxrA,94,94,mmseqs,100.000000,1.000000,1.000000,94
softdis,pdbflex,mmseqs_100,6aso_E,5vsuE,93,93,mmseqs,100.000000,1.000000,0.968750,93
softdis,pdbflex,mmseqs_100,6c12_D,1x6iA,101,87,mmseqs,100.000000,0.861386,0.956044,87
softdis,pdbflex,mmseqs_100,6msv_F,6msvD,92,92,mmseqs,100.000000,1.000000,1.000000,92
softdis,pdbflex,mmseqs_100,6ppn_C,4emgA,95,93,mmseqs,100.000000,0.978947,1.000000,93
softdis,pdbflex,mmseqs_100,5cba_E,4zaiA,88,88,mmseqs,100.000000,1.000000,1.000000,88
softdis,pdbflex,mmseqs_100,3b4d_A,3ucgA,96,88,mmseqs,100.000000,0.916667,0.988764,88
softdis,pdbflex,mmseqs_100,4fxe_D,4fxhB,95,95,mmseqs,100.000000,1.000000,1.000000,95
softdis,pdbflex,mmseqs_100,4qeg_A,5jdjA,91,91,mmseqs,100.000000,1.000000,1.000000,91
softdis,pdbflex,mmseqs_100,5iqq_A,5iqqA,91,91,mmseqs,100.000000,1.000000,1.000000,91
softdis,pdbflex,mmseqs_100,5lsb_B,5lslE,84,84,mmseqs,100.000000,1.000000,1.000000,84
softdis,pdbflex,mmseqs_100,6a77_A,5o5iA,91,89,mmseqs,100.000000,0.978022,0.967391,89
softdis,pdbflex,mmseqs_100,2nwa_A,2nwaA,88,88,mmseqs,100.000000,1.000000,1.000000,88
softdis,pdbflex,mmseqs_100,3hzb_A,3hzbD,90,90,mmseqs,100.000000,1.000000,1.000000,90
softdis,pdbflex,mmseqs_100,1wnr_A,1wnrG,94,94,mmseqs,100.000000,1.000000,1.000000,94
softdis,pdbflex,mmseqs_100,3hug_A,3hugA,92,92,mmseqs,100.000000,1.000000,1.000000,92
softdis,pdbflex,mmseqs_100,4i7a_B,4i7aD,95,95,mmseqs,100.000000,1.000000,1.000000,95
softdis,pdbflex,mmseqs_100,4v0u_E,4v0uE,84,84,mmseqs,100.000000,1.000000,1.000000,84
softdis,pdbflex,mmseqs_100,4wxa_B,4wx8B,94,94,mmseqs,100.000000,1.000000,1.000000,94
softdis,pdbflex,mmseqs_100,4xq3_A,4xq3F,91,91,mmseqs,100.000000,1.000000,1.000000,91
softdis,pdbflex,mmseqs_100,6e55_A,6e55A,90,90,mmseqs,100.000000,1.000000,1.000000,90
softdis,pdbflex,mmseqs_100,6ny6_Y,2a6sB,84,84,mmseqs,100.000000,1.000000,1.000000,84
softdis,pdbflex,mmseqs_100,2djw_I,2djwA,92,92,mmseqs,100.000000,1.000000,1.000000,92
softdis,pdbflex,mmseqs_100,2zug_A,2zugA,90,90,mmseqs,100.000000,1.000000,1.000000,90
softdis,pdbflex,mmseqs_100,1pht_A,1phtA,85,85,mmseqs,100.000000,1.000000,1.000000,85
softdis,pdbflex,mmseqs_100,2j8b_A,2uwrA,79,78,mmseqs,100.000000,0.987342,0.987342,78
softdis,pdbflex,mmseqs_100,2uzc_B,2uzcC,88,88,mmseqs,100.000000,1.000000,1.000000,88
softdis,pdbflex,mmseqs_100,3cw1_F,3pgwF,86,86,mmseqs,100.000000,1.000000,1.000000,86
softdis,pdbflex,mmseqs_100,4kyp_A,1bcgA,84,76,mmseqs,100.000000,0.904762,0.987013,76
softdis,pdbflex,mmseqs_100,4ybh_B,4ybhB,92,92,mmseqs,100.000000,1.000000,1.000000,92
softdis,pdbflex,mmseqs_100,6mye_A,5vwcA,95,91,mmseqs,100.000000,0.957895,0.900990,91
softdis,pdbflex,mmseqs_100,6xnj_A,4jopA,91,87,mmseqs,100.000000,0.956044,1.000000,87
softdis,pdbflex,mmseqs_100,8a58_C,6fgaC,85,85,mmseqs,100.000000,1.000000,0.841584,85
softdis,pdbflex,mmseqs_100,4wk8_G,3qrfF,82,82,mmseqs,100.000000,1.000000,1.000000,82
softdis,pdbflex,mmseqs_100,3hz2_A,5ht9A,84,84,mmseqs,100.000000,1.000000,1.000000,84
softdis,pdbflex,mmseqs_100,6aso_C,3bw1A,97,89,mmseqs,100.000000,0.917526,0.927083,89
softdis,pdbflex,mmseqs_100,6aso_D,4m7dG,93,93,mmseqs,100.000000,1.000000,1.000000,93
softdis,pdbflex,mmseqs_100,6jy5_D,6jy5D,85,85,mmseqs,100.000000,1.000000,1.000000,85
softdis,pdbflex,mmseqs_100,2vsp_A,6eziA,91,85,mmseqs,100.000000,0.934066,0.955056,85
softdis,pdbflex,mmseqs_100,3bq7_A,3bq7C,81,81,mmseqs,100.000000,1.000000,1.000000,81
softdis,pdbflex,mmseqs_100,3kfd_I,6macK,85,80,mmseqs,100.000000,0.941176,1.000000,80
softdis,pdbflex,mmseqs_100,3vp8_B,3vp8B,92,92,mmseqs,100.000000,1.000000,1.000000,92
softdis,pdbflex,mmseqs_100,5tda_A,3ny2D,76,75,mmseqs,100.000000,0.986842,1.000000,75
softdis,pdbflex,mmseqs_100,1p78_A,1p71A,94,94,mmseqs,100.000000,1.000000,1.000000,94
softdis,pdbflex,mmseqs_100,3r84_B,3r84V,92,92,mmseqs,100.000000,1.000000,1.000000,92
softdis,pdbflex,mmseqs_100,6f63_A,6f63A,98,98,mmseqs,100.000000,1.000000,1.000000,98
softdis,pdbflex,mmseqs_100,3qmb_A,3qmbA,79,79,mmseqs,100.000000,1.000000,1.000000,79
softdis,pdbflex,mmseqs_100,3t6r_A,3t6rA,72,72,mmseqs,100.000000,1.000000,1.000000,72
softdis,pdbflex,mmseqs_100,4bl6_A,4bl6C,94,94,mmseqs,100.000000,1.000000,1.000000,94
softdis,pdbflex,mmseqs_100,5yts_A,6a6lA,83,83,mmseqs,100.000000,1.000000,1.000000,83
softdis,pdbflex,mmseqs_100,6o8q_A,6o8qB,91,91,mmseqs,100.000000,1.000000,1.000000,91
softdis,pdbflex,mmseqs_100,5zjr_A,5zjrA,84,84,mmseqs,100.000000,1.000000,1.000000,84
softdis,pdbflex,mmseqs_100,4icu_A,4icvA,85,85,mmseqs,100.000000,1.000000,1.000000,85
softdis,pdbflex,mmseqs_100,4oml_A,4omlA,78,78,mmseqs,100.000000,1.000000,1.000000,78
softdis,pdbflex,mmseqs_100,5x3p_A,5x3pA,83,83,mmseqs,100.000000,1.000000,1.000000,83
softdis,pdbflex,mmseqs_100,6g6j_A,6g6kA,94,94,mmseqs,100.000000,1.000000,1.000000,94
softdis,pdbflex,mmseqs_100,3zie_A,3zieB,86,86,mmseqs,100.000000,1.000000,1.000000,86
softdis,pdbflex,mmseqs_100,2rb3_A,3bqpA,85,78,mmseqs,100.000000,0.917647,0.975000,78
softdis,pdbflex,mmseqs_100,5eyo_A,5eyoC,88,88,mmseqs,100.000000,1.000000,1.000000,88
softdis,pdbflex,mmseqs_100,2yhn_A,2yhoE,79,79,mmseqs,100.000000,1.000000,1.000000,79
softdis,pdbflex,mmseqs_100,5gnj_G,5gnjB,89,89,mmseqs,100.000000,1.000000,1.000000,89
softdis,pdbflex,mmseqs_100,6aso_F,5vsuF,88,88,mmseqs,100.000000,1.000000,1.000000,88
softdis,pdbflex,mmseqs_100,6mpf_S,5wnpS,80,80,mmseqs,100.000000,1.000000,0.987654,80
softdis,pdbflex,mmseqs_100,1wp8_B,1wp8A,89,89,mmseqs,100.000000,1.000000,1.000000,89
softdis,pdbflex,mmseqs_100,4hwc_A,4hwcB,89,89,mmseqs,100.000000,1.000000,1.000000,89
softdis,pdbflex,mmseqs_100,5eki_A,5ekiE,79,79,mmseqs,100.000000,1.000000,1.000000,79
softdis,pdbflex,mmseqs_100,1gcp_A,1gcqC,70,70,mmseqs,100.000000,1.000000,1.000000,70
softdis,pdbflex,mmseqs_100,1b4f_A,1b4fB,82,82,mmseqs,100.000000,1.000000,1.000000,82
softdis,pdbflex,mmseqs_100,1gua_B,4g0nB,81,78,mmseqs,100.000000,0.962963,1.000000,78
softdis,pdbflex,mmseqs_100,2v6x_A,5fvlA,85,83,mmseqs,100.000000,0.976471,1.000000,83
softdis,pdbflex,mmseqs_100,4pyu_A,4pyuA,76,76,mmseqs,100.000000,1.000000,1.000000,76
softdis,pdbflex,mmseqs_100,4z88_G,4z88D,73,73,mmseqs,100.000000,1.000000,1.000000,73
softdis,pdbflex,mmseqs_100,5jxc_B,5jxcA,92,92,mmseqs,100.000000,1.000000,1.000000,92
softdis,pdbflex,mmseqs_100,5v6h_A,5v6hE,79,79,mmseqs,100.000000,1.000000,1.000000,79
softdis,pdbflex,mmseqs_100,5whf_C,5whfC,90,90,mmseqs,100.000000,1.000000,1.000000,90
softdis,pdbflex,mmseqs_100,7ulg_A,2ctxA,72,71,mmseqs,100.000000,0.986111,1.000000,71
softdis,pdbflex,mmseqs_100,1mo1_A,1mo1B,87,87,mmseqs,100.000000,1.000000,1.000000,87
softdis,pdbflex,mmseqs_100,1r6j_A,1r6jA,82,82,mmseqs,100.000000,1.000000,1.000000,82
softdis,pdbflex,mmseqs_100,1zg5_E,1je8E,82,82,mmseqs,100.000000,1.000000,1.000000,82
softdis,pdbflex,mmseqs_100,1zke_A,1zkeD,83,83,mmseqs,100.000000,1.000000,1.000000,83
softdis,pdbflex,mmseqs_100,5izs_A,5izsC,95,95,mmseqs,100.000000,1.000000,1.000000,95
softdis,pdbflex,mmseqs_100,5wb2_B,5wb2B,76,76,mmseqs,100.000000,1.000000,1.000000,76
softdis,pdbflex,mmseqs_100,2cvi_A,2cviA,83,83,mmseqs,100.000000,1.000000,1.000000,83
softdis,pdbflex,mmseqs_100,3vfz_A,3vepH,86,86,mmseqs,100.000000,1.000000,1.000000,86
softdis,pdbflex,mmseqs_100,1zzi_A,1zziA,82,82,mmseqs,100.000000,1.000000,1.000000,82
softdis,pdbflex,mmseqs_100,3zdm_C,3zdmC,81,81,mmseqs,100.000000,1.000000,1.000000,81
softdis,pdbflex,mmseqs_100,6bug_A,6buhA,82,82,mmseqs,100.000000,1.000000,1.000000,82
softdis,pdbflex,mmseqs_100,1dok_A,1dokA,77,77,mmseqs,100.000000,1.000000,1.000000,77
softdis,pdbflex,mmseqs_100,1nkn_A,3basB,89,89,mmseqs,100.000000,1.000000,1.000000,89
softdis,pdbflex,mmseqs_100,1th7_K,1th7A,81,81,mmseqs,100.000000,1.000000,1.000000,81
softdis,pdbflex,mmseqs_100,5c13_A,5wxhA,64,63,mmseqs,100.000000,0.984375,1.000000,63
softdis,pdbflex,mmseqs_100,3hvz_A,3hvzA,78,78,mmseqs,100.000000,1.000000,1.000000,78
softdis,pdbflex,mmseqs_100,4w4m_A,4w4mH,78,78,mmseqs,100.000000,1.000000,1.000000,78
softdis,pdbflex,mmseqs_100,6xa9_B,5w8uB,80,77,mmseqs,100.000000,0.962500,0.974684,77
softdis,pdbflex,mmseqs_100,1n8e_A,1fzaA,89,87,mmseqs,100.000000,0.977528,1.000000,87
softdis,pdbflex,mmseqs_100,2bwe_S,2bwfA,77,77,mmseqs,100.000000,1.000000,1.000000,77
softdis,pdbflex,mmseqs_100,2ybr_C,2ybrI,66,66,mmseqs,100.000000,1.000000,1.000000,66
softdis,pdbflex,mmseqs_100,3qv1_G,6kezM,82,78,mmseqs,100.000000,0.951220,0.975000,78
softdis,pdbflex,mmseqs_100,4q9u_C,4q9uG,92,92,mmseqs,100.000000,1.000000,1.000000,92
softdis,pdbflex,mmseqs_100,6ryl_C,6rydA,76,76,mmseqs,100.000000,1.000000,1.000000,76
softdis,pdbflex,mmseqs_100,2zbc_A,2zbcA,83,83,mmseqs,100.000000,1.000000,1.000000,83
softdis,pdbflex,mmseqs_100,4hwh_A,4hwhE,88,88,mmseqs,100.000000,1.000000,1.000000,88
softdis,pdbflex,mmseqs_100,1rp3_D,1rp3B,88,88,mmseqs,100.000000,1.000000,1.000000,88
softdis,pdbflex,mmseqs_100,2ibz_H,1kb9F,74,74,mmseqs,100.000000,1.000000,1.000000,74
softdis,pdbflex,mmseqs_100,4x8w_A,4x8wE,75,75,mmseqs,100.000000,1.000000,1.000000,75
softdis,pdbflex,mmseqs_100,5lb7_B,5lb7B,80,80,mmseqs,100.000000,1.000000,1.000000,80
softdis,pdbflex,mmseqs_100,3obh_A,4g06A,82,73,mmseqs,100.000000,0.890244,0.924051,73
softdis,pdbflex,mmseqs_100,4aei_A,4aeiA,65,64,mmseqs,100.000000,0.984615,0.984615,64
softdis,pdbflex,mmseqs_100,6gfq_C,6gfoE,77,77,mmseqs,100.000000,1.000000,1.000000,77
softdis,pdbflex,mmseqs_100,6pce_A,6pceB,70,70,mmseqs,100.000000,1.000000,1.000000,70
softdis,pdbflex,mmseqs_100,5f5t_C,5f5tC,84,84,mmseqs,100.000000,1.000000,1.000000,84
softdis,pdbflex,mmseqs_100,7cqv_E,3ucwD,80,77,mmseqs,100.000000,0.962500,0.974684,77
softdis,pdbflex,mmseqs_100,8kg2_M,3r3mA,76,76,mmseqs,100.000000,1.000000,0.894118,76
softdis,pdbflex,mmseqs_100,3soh_B,3sohB,80,80,mmseqs,100.000000,1.000000,1.000000,80
softdis,pdbflex,mmseqs_100,4e2i_4,4e2i2,78,78,mmseqs,100.000000,1.000000,1.000000,78
softdis,pdbflex,mmseqs_100,5ydk_A,5ydkF,87,87,mmseqs,100.000000,1.000000,1.000000,87
softdis,pdbflex,mmseqs_100,6ppp_F,4emkB,77,75,mmseqs,100.000000,0.974026,1.000000,75
softdis,pdbflex,mmseqs_100,3vke_A,3vkeA,76,76,mmseqs,100.000000,1.000000,1.000000,76
softdis,pdbflex,mmseqs_100,4uus_F,5zjrB,76,73,mmseqs,100.000000,0.960526,0.986486,73
softdis,pdbflex,mmseqs_100,5ako_B,3vpvA,77,77,mmseqs,100.000000,1.000000,0.905882,77
softdis,pdbflex,mmseqs_100,5xjr_G,3pgwG,76,76,mmseqs,100.000000,1.000000,1.000000,76
softdis,pdbflex,mmseqs_100,6nf3_A,6dxrB,83,83,mmseqs,100.000000,1.000000,1.000000,83
softdis,pdbflex,mmseqs_100,1va7_A,1ruwA,70,69,mmseqs,100.000000,0.985714,1.000000,69
softdis,pdbflex,mmseqs_100,3gtj_J,4c3jJ,70,70,mmseqs,100.000000,1.000000,1.000000,70
softdis,pdbflex,mmseqs_100,3kvp_A,3kvpD,72,72,mmseqs,100.000000,1.000000,1.000000,72
softdis,pdbflex,mmseqs_100,1ppj_U,5nmiU,78,78,mmseqs,100.000000,1.000000,0.857143,78
softdis,pdbflex,mmseqs_100,3trt_A,3trtA,77,77,mmseqs,100.000000,1.000000,1.000000,77
softdis,pdbflex,mmseqs_100,6cfx_A,6cfxD,80,80,mmseqs,100.000000,1.000000,1.000000,80
softdis,pdbflex,mmseqs_100,3nm9_A,3nm9A,73,73,mmseqs,100.000000,1.000000,1.000000,73
softdis,pdbflex,mmseqs_100,4cc4_B,4cc4B,68,68,mmseqs,100.000000,1.000000,1.000000,68
softdis,pdbflex,mmseqs_100,2er8_A,2er8A,72,72,mmseqs,100.000000,1.000000,1.000000,72
softdis,pdbflex,mmseqs_100,5mki_B,5mknd,72,72,mmseqs,100.000000,1.000000,1.000000,72
softdis,pdbflex,mmseqs_100,2zqk_M,2zqkM,77,77,mmseqs,100.000000,1.000000,1.000000,77
softdis,pdbflex,mmseqs_100,6hc2_B,6hc2B,71,71,mmseqs,100.000000,1.000000,1.000000,71
softdis,pdbflex,mmseqs_100,3ebx_A,6ebxA,62,62,mmseqs,100.000000,1.000000,1.000000,62
softdis,pdbflex,mmseqs_100,4m8a_A,4m8aB,72,72,mmseqs,100.000000,1.000000,1.000000,72
softdis,pdbflex,mmseqs_100,6u0j_B,6n3pK,85,77,mmseqs,100.000000,0.905882,0.962500,77
softdis,pdbflex,mmseqs_100,1wdx_A,1tg0A,69,68,mmseqs,100.000000,0.985507,1.000000,68
softdis,pdbflex,mmseqs_100,3zpv_1,3zpv1,62,62,mmseqs,100.000000,1.000000,1.000000,62
softdis,pdbflex,mmseqs_100,5mnj_D,5mnjH,64,64,mmseqs,100.000000,1.000000,1.000000,64
softdis,pdbflex,mmseqs_100,4lhx_C,4lhzE,78,78,mmseqs,100.000000,1.000000,1.000000,78
softdis,pdbflex,mmseqs_100,4yg1_A,4yg1A,72,72,mmseqs,100.000000,1.000000,1.000000,72
softdis,pdbflex,mmseqs_100,4bdt_B,1fssB,61,61,mmseqs,100.000000,1.000000,1.000000,61
softdis,pdbflex,mmseqs_100,4yxa_B,4yx1A,70,70,mmseqs,100.000000,1.000000,1.000000,70
softdis,pdbflex,mmseqs_100,4zm0_A,3k33C,73,73,mmseqs,100.000000,1.000000,1.000000,73
softdis,pdbflex,mmseqs_100,4rqm_A,4rqmA,71,71,mmseqs,100.000000,1.000000,1.000000,71
softdis,pdbflex,mmseqs_100,5i44_B,5i44B,69,69,mmseqs,100.000000,1.000000,1.000000,69
softdis,pdbflex,mmseqs_100,5lxo_F,5lxoC,81,81,mmseqs,100.000000,1.000000,1.000000,81
softdis,pdbflex,mmseqs_100,6ama_A,6amaY,71,71,mmseqs,100.000000,1.000000,1.000000,71
softdis,pdbflex,mmseqs_100,2rjv_A,2rjvA,67,67,mmseqs,100.000000,1.000000,1.000000,67
softdis,pdbflex,mmseqs_100,2zi0_A,2zi0A,75,75,mmseqs,100.000000,1.000000,1.000000,75
softdis,pdbflex,mmseqs_100,3iv1_C,3iv1A,78,78,mmseqs,100.000000,1.000000,1.000000,78
softdis,pdbflex,mmseqs_100,1eja_B,1c9tG,59,59,mmseqs,100.000000,1.000000,1.000000,59
softdis,pdbflex,mmseqs_100,3byb_B,3bybA,59,59,mmseqs,100.000000,1.000000,1.000000,59
softdis,pdbflex,mmseqs_100,6gbq_A,6gbqA,71,71,mmseqs,100.000000,1.000000,1.000000,71
softdis,pdbflex,mmseqs_100,1fse_A,1fseB,74,74,mmseqs,100.000000,1.000000,1.000000,74
softdis,pdbflex,mmseqs_100,3bid_H,3bidE,64,64,mmseqs,100.000000,1.000000,1.000000,64
softdis,pdbflex,mmseqs_100,3lyv_E,3lyvA,66,66,mmseqs,100.000000,1.000000,1.000000,66
softdis,pdbflex,mmseqs_100,4wci_A,4wciC,65,65,mmseqs,100.000000,1.000000,1.000000,65
softdis,pdbflex,mmseqs_100,6rfk_E,6rfkE,62,62,mmseqs,100.000000,1.000000,1.000000,62
softdis,pdbflex,mmseqs_100,2w10_A,2w10B,62,62,mmseqs,100.000000,1.000000,1.000000,62
softdis,pdbflex,mmseqs_100,3nmd_A,3nmdA,72,72,mmseqs,100.000000,1.000000,1.000000,72
softdis,pdbflex,mmseqs_100,3qo2_A,3qo2A,64,64,mmseqs,100.000000,1.000000,1.000000,64
softdis,pdbflex,mmseqs_100,3zqm_G,3zqnI,72,72,mmseqs,100.000000,1.000000,1.000000,72
softdis,pdbflex,mmseqs_100,4b6d_A,4b6dA,61,61,mmseqs,100.000000,1.000000,1.000000,61
softdis,pdbflex,mmseqs_100,3a7o_A,3a7oE,75,75,mmseqs,100.000000,1.000000,1.000000,75
softdis,pdbflex,mmseqs_100,2f5z_K,2f60K,64,64,mmseqs,100.000000,1.000000,1.000000,64
softdis,pdbflex,mmseqs_100,3pmk_N,3pmkN,68,68,mmseqs,100.000000,1.000000,1.000000,68
softdis,pdbflex,mmseqs_100,6dm9_A,6dm9A,78,77,mmseqs,100.000000,0.987179,0.987179,77
softdis,pdbflex,mmseqs_100,6dm9_B,6dm9B,78,78,mmseqs,100.000000,1.000000,1.000000,78
softdis,pdbflex,mmseqs_100,2xdj_A,2wz7B,83,75,mmseqs,100.000000,0.903614,1.000000,75
softdis,pdbflex,mmseqs_100,6msq_A,6msqB,76,76,mmseqs,100.000000,1.000000,1.000000,76
softdis,pdbflex,mmseqs_100,1kli_L,5l2zL,69,58,mmseqs,100.000000,0.840580,1.000000,58
softdis,pdbflex,mmseqs_100,2r1j_L,3jxbC,68,67,mmseqs,100.000000,0.985294,1.000000,67
softdis,pdbflex,mmseqs_100,2yf2_A,2yf2C,65,65,mmseqs,100.000000,1.000000,1.000000,65
softdis,pdbflex,mmseqs_100,3cjh_B,3cjhB,64,64,mmseqs,100.000000,1.000000,1.000000,64
softdis,pdbflex,mmseqs_100,5np5_A,5np3D,61,61,mmseqs,100.000000,1.000000,1.000000,61
softdis,pdbflex,mmseqs_100,7ciz_C,5bnvF,70,70,mmseqs,100.000000,1.000000,1.000000,70
softdis,pdbflex,mmseqs_100,1aap_A,1zjdB,58,56,mmseqs,100.000000,0.965517,0.982456,56
softdis,pdbflex,mmseqs_100,1per_L,2or1L,69,69,mmseqs,100.000000,1.000000,1.000000,69
softdis,pdbflex,mmseqs_100,2xj3_A,2xiuA,66,66,mmseqs,100.000000,1.000000,1.000000,66
softdis,pdbflex,mmseqs_100,1b6w_A,1b6wA,69,69,mmseqs,100.000000,1.000000,1.000000,69
softdis,pdbflex,mmseqs_100,1ojh_A,1ojhD,65,65,mmseqs,100.000000,1.000000,1.000000,65
softdis,pdbflex,mmseqs_100,2drm_A,2drkA,58,57,mmseqs,100.000000,0.982759,0.966102,57
softdis,pdbflex,mmseqs_100,5xop_A,5xopA,66,66,mmseqs,100.000000,1.000000,1.000000,66
softdis,pdbflex,mmseqs_100,2fpe_G,2fpeA,62,62,mmseqs,100.000000,1.000000,1.000000,62
softdis,pdbflex,mmseqs_100,2htm_E,2cu3B,64,64,mmseqs,100.000000,1.000000,1.000000,64
softdis,pdbflex,mmseqs_100,7tpb_A,2j05A,66,61,mmseqs,100.000000,0.924242,0.938462,61
softdis,pdbflex,mmseqs_100,4u39_N,4u39J,60,60,mmseqs,100.000000,1.000000,1.000000,60
softdis,pdbflex,mmseqs_100,4x8u_L,5l2zL,55,55,mmseqs,100.000000,1.000000,0.948276,55
softdis,pdbflex,mmseqs_100,1i07_A,1aojA,60,60,mmseqs,100.000000,1.000000,1.000000,60
softdis,pdbflex,mmseqs_100,3sja_C,3sjaC,65,65,mmseqs,100.000000,1.000000,1.000000,65
softdis,pdbflex,mmseqs_100,4f2j_C,3uk3D,57,57,mmseqs,100.000000,1.000000,1.000000,57
softdis,pdbflex,mmseqs_100,5ytq_C,5ytqA,77,77,mmseqs,100.000000,1.000000,1.000000,77
softdis,pdbflex,mmseqs_100,1gto_A,1gtoA,62,62,mmseqs,100.000000,1.000000,1.000000,62
softdis,pdbflex,mmseqs_100,1yn8_A,1yn8A,59,59,mmseqs,100.000000,1.000000,1.000000,59
softdis,pdbflex,mmseqs_100,3m06_A,3m0dA,72,66,mmseqs,100.000000,0.916667,1.000000,66
softdis,pdbflex,mmseqs_100,3u7u_K,3u7uH,55,55,mmseqs,100.000000,1.000000,1.000000,55
softdis,pdbflex,mmseqs_100,4ji2_N,4ji0N,61,61,mmseqs,100.000000,1.000000,1.000000,61
softdis,pdbflex,mmseqs_100,5cci_B,1n7sB,67,66,mmseqs,100.000000,0.985075,0.970588,66
softdis,pdbflex,mmseqs_100,5ih2_A,1b07A,58,57,mmseqs,100.000000,0.982759,0.876923,57
softdis,pdbflex,mmseqs_100,6iya_A,6iyaF,66,66,mmseqs,100.000000,1.000000,1.000000,66
softdis,pdbflex,mmseqs_100,1fr3_H,1fr3A,67,67,mmseqs,100.000000,1.000000,1.000000,67
softdis,pdbflex,mmseqs_100,1gut_C,1gunA,68,68,mmseqs,100.000000,1.000000,1.000000,68
softdis,pdbflex,mmseqs_100,2bay_A,2bayE,61,61,mmseqs,100.000000,1.000000,1.000000,61
softdis,pdbflex,mmseqs_100,2bmg_A,3tk5B,53,53,mmseqs,100.000000,1.000000,0.981481,53
softdis,pdbflex,mmseqs_100,6j4k_A,6j4kA,60,60,mmseqs,100.000000,1.000000,1.000000,60
softdis,pdbflex,mmseqs_100,5zi6_A,5zi6A,55,55,mmseqs,100.000000,1.000000,1.000000,55
softdis,pdbflex,mmseqs_100,6n6s_B,6n6sD,72,72,mmseqs,100.000000,1.000000,1.000000,72
softdis,pdbflex,mmseqs_100,6dfy_C,6a8rB,64,60,mmseqs,100.000000,0.937500,1.000000,60
softdis,pdbflex,mmseqs_100,1bu1_A,1bu1A,57,57,mmseqs,100.000000,1.000000,1.000000,57
softdis,pdbflex,mmseqs_100,1gd2_E,1gd2E,70,70,mmseqs,100.000000,1.000000,1.000000,70
softdis,pdbflex,mmseqs_100,5vyg_B,5vygB,50,50,mmseqs,100.000000,1.000000,1.000000,50
softdis,pdbflex,mmseqs_100,2vi6_F,2vi6A,62,62,mmseqs,100.000000,1.000000,1.000000,62
softdis,pdbflex,mmseqs_100,4rkg_A,4rkhD,52,52,mmseqs,100.000000,1.000000,1.000000,52
softdis,pdbflex,mmseqs_100,4mn3_A,4x3kA,56,56,mmseqs,100.000000,1.000000,0.875000,56
softdis,pdbflex,mmseqs_100,4tsf_I,2v7qJ,66,66,mmseqs,100.000000,1.000000,1.000000,66
softdis,pdbflex,mmseqs_100,6d07_A,6d07A,55,55,mmseqs,100.000000,1.000000,1.000000,55
softdis,pdbflex,mmseqs_100,6gqa_A,6gqnA,62,62,mmseqs,100.000000,1.000000,1.000000,62
softdis,pdbflex,mmseqs_100,6od3_A,6od5A,62,62,mmseqs,100.000000,1.000000,1.000000,62
softdis,pdbflex,mmseqs_100,4n4n_B,4n4oD,57,57,mmseqs,100.000000,1.000000,1.000000,57
softdis,pdbflex,mmseqs_100,4w7y_A,4w7yA,64,64,mmseqs,100.000000,1.000000,1.000000,64
softdis,pdbflex,mmseqs_100,2x7a_K,2x7aA,61,61,mmseqs,100.000000,1.000000,1.000000,61
softdis,pdbflex,mmseqs_100,5kko_A,5kkoC,55,55,mmseqs,100.000000,1.000000,1.000000,55
softdis,pdbflex,mmseqs_100,2y20_A,2y20C,58,58,mmseqs,100.000000,1.000000,1.000000,58
softdis,pdbflex,mmseqs_100,6uci_A,6uciD,68,68,mmseqs,100.000000,1.000000,1.000000,68
softdis,pdbflex,mmseqs_100,5t01_A,5t01A,64,64,mmseqs,100.000000,1.000000,1.000000,64
softdis,pdbflex,mmseqs_100,6mry_A,6mryA,48,48,mmseqs,100.000000,1.000000,1.000000,48
softdis,pdbflex,mmseqs_100,1kql_A,1kqlA,56,56,mmseqs,100.000000,1.000000,1.000000,56
softdis,pdbflex,mmseqs_100,2bnz_D,2bnwB,53,53,mmseqs,100.000000,1.000000,1.000000,53
softdis,pdbflex,mmseqs_100,3a1y_A,3a1yA,58,58,mmseqs,100.000000,1.000000,1.000000,58
softdis,pdbflex,mmseqs_100,3szs_A,3szsB,46,46,mmseqs,100.000000,1.000000,1.000000,46
softdis,pdbflex,mmseqs_100,5ylg_A,4pxvC,49,49,mmseqs,100.000000,1.000000,1.000000,49
softdis,pdbflex,mmseqs_100,2ltn_B,1rinD,52,49,mmseqs,100.000000,0.942308,1.000000,49
softdis,pdbflex,mmseqs_100,2rkl_A,2rklA,53,53,mmseqs,100.000000,1.000000,1.000000,53
softdis,pdbflex,mmseqs_100,5u96_A,5u96A,52,52,mmseqs,100.000000,1.000000,1.000000,52
softdis,pdbflex,mmseqs_100,4fz0_M,4fz0O,40,40,mmseqs,100.000000,1.000000,1.000000,40
softdis,pdbflex,mmseqs_100,4z6y_C,4z6yH,56,56,mmseqs,100.000000,1.000000,1.000000,56
softdis,pdbflex,mmseqs_100,2vut_I,2vusM,43,43,mmseqs,100.000000,1.000000,1.000000,43
softdis,pdbflex,mmseqs_100,2wx4_A,2wx4D,46,46,mmseqs,100.000000,1.000000,1.000000,46
softdis,pdbflex,mmseqs_100,4mon_A,1krlA,45,44,mmseqs,100.000000,0.977778,1.000000,44
softdis,pdbflex,mmseqs_100,3m9h_A,3m91A,55,51,mmseqs,100.000000,0.927273,1.000000,51
softdis,pdbflex,mmseqs_100,1fbm_A,1vdfA,46,46,mmseqs,100.000000,1.000000,1.000000,46
softdis,pdbflex,mmseqs_100,6aup_A,6aupA,38,38,mmseqs,100.000000,1.000000,1.000000,38
softdis,pdbflex,mmseqs_100,2ho2_A,2oeiA,38,38,mmseqs,100.000000,1.000000,1.000000,38
softdis,pdbflex,mmseqs_100,5cx2_D,5cx2A,49,49,mmseqs,100.000000,1.000000,0.890909,49
softdis,pdbflex,mmseqs_100,4r4l_A,4r4lC,49,49,mmseqs,100.000000,1.000000,1.000000,49
softdis,pdbflex,mmseqs_100,3vux_E,3vuxG,35,35,mmseqs,100.000000,1.000000,1.000000,35
softdis,pdbflex,mmseqs_100,4aoq_D,4aoqE,37,37,mmseqs,100.000000,1.000000,1.000000,37
softdis,pdbflex,mmseqs_100,4d2h_A,4d2hA,38,38,mmseqs,100.000000,1.000000,1.000000,38
softdis,pdbflex,mmseqs_100,1nwx_4,3dll4,37,37,mmseqs,100.000000,1.000000,1.000000,37
softdis,pdbflex,mmseqs_100,3aae_Y,3aaeX,37,37,mmseqs,100.000000,1.000000,1.000000,37
softdis,pdbflex,mmseqs_100,4gdo_A,4gdoA,43,43,mmseqs,100.000000,1.000000,1.000000,43
softdis,pdbflex,mmseqs_100,5u52_E,1oqoC,34,34,mmseqs,100.000000,1.000000,1.000000,34
softdis,pdbflex,mmseqs_100,1zmk_B,1zmhA,29,29,mmseqs,100.000000,1.000000,1.000000,29
softdis,pdbflex,mmseqs_100,3rl0_Q,3rl0M,37,37,mmseqs,100.000000,1.000000,1.000000,37
softdis,pdbflex,mmseqs_100,5f5u_C,5f5uC,36,36,mmseqs,100.000000,1.000000,1.000000,36
softdis,pdbflex,mmseqs_100,1zv8_B,6lvnB,36,36,mmseqs,100.000000,1.000000,1.000000,36
softdis,pdbflex,mmseqs_100,4auv_A,4auvA,35,35,mmseqs,100.000000,1.000000,1.000000,35
softdis,pdbflex,mmseqs_100,2r2v_A,2r2vA,34,34,mmseqs,100.000000,1.000000,1.000000,34
softdis,pdbflex,mmseqs_100,4qae_P,4qaeP,25,25,mmseqs,100.000000,1.000000,1.000000,25
softdis,pdbflex,mmseqs_100,2afq_C,6p9uC,29,28,mmseqs,100.000000,0.965517,0.903226,28
softdis,pdbflex,mmseqs_100,2wfv_A,2wfvA,25,25,mmseqs,100.000000,1.000000,1.000000,25
softdis,pdbflex,mmseqs_100,4riq_C,4riqC,27,27,mmseqs,100.000000,1.000000,1.000000,27
softdis,pdbflex,mmseqs_100,1i5k_C,1i5kC,30,30,mmseqs,100.000000,1.000000,1.000000,30
softdis,pdbflex,mmseqs_100,5c6h_T,5c6hD,26,26,mmseqs,100.000000,1.000000,1.000000,26
softdis,pdbflex,mmseqs_100,4lop_K,4loqL,29,29,mmseqs,100.000000,1.000000,1.000000,29
softdis,pdbflex,mmseqs_100,4j4a_A,4j4aA,27,27,mmseqs,100.000000,1.000000,1.000000,27
softdis,pdbflex,mmseqs_100,5wob_a,2qiuA,20,20,mmseqs,100.000000,1.000000,0.909091,20
softdis,pdbflex,mmseqs_100,7m5c_B,2jbyB,25,22,mmseqs,100.000000,0.880000,0.846154,22
softdis,pdbflex,mmseqs_100,5jhc_f,5jhcA,24,24,mmseqs,100.000000,1.000000,1.000000,24
softdis,pdbflex,mmseqs_98,5yna_A,5ynhA,1102,1102,mmseqs,100.000000,1.000000,1.000000,1102
softdis,pdbflex,mmseqs_98,4j3s_A,4aioA,905,884,mmseqs,100.000000,0.976796,1.000000,884
softdis,pdbflex,mmseqs_98,6k4k_A,6oqqA,873,873,mmseqs,100.000000,1.000000,1.000000,873
softdis,pdbflex,mmseqs_98,1pwp_A,1jkyA,776,776,mmseqs,100.000000,1.000000,1.000000,776
softdis,pdbflex,mmseqs_98,4lgz_A,3v9lB,563,563,mmseqs,100.000000,1.000000,1.000000,563
softdis,pdbflex,mmseqs_98,5tsg_B,5tshE,588,588,mmseqs,100.000000,1.000000,1.000000,588
softdis,pdbflex,mmseqs_98,4ids_A,4lemC,563,563,mmseqs,100.000000,1.000000,1.000000,563
softdis,pdbflex,mmseqs_98,2q27_A,2q28A,564,564,mmseqs,100.000000,1.000000,1.000000,564
softdis,pdbflex,mmseqs_98,6fk3_A,6fk3A,536,536,mmseqs,100.000000,1.000000,1.000000,536
softdis,pdbflex,mmseqs_98,2b7m_A,2pfvA,566,563,mmseqs,100.000000,0.994700,1.000000,563
softdis,pdbflex,mmseqs_98,6liu_A,6livA,531,531,mmseqs,100.000000,1.000000,1.000000,531
softdis,pdbflex,mmseqs_98,5mg1_A,4q0jA,524,524,mmseqs,100.000000,1.000000,1.000000,524
softdis,pdbflex,mmseqs_98,2jg7_A,2jg7A,510,510,mmseqs,100.000000,1.000000,1.000000,510
softdis,pdbflex,mmseqs_98,6bay_A,6bapA,515,515,mmseqs,100.000000,1.000000,1.000000,515
softdis,pdbflex,mmseqs_98,4nea_A,4neaA,520,520,mmseqs,100.000000,1.000000,1.000000,520
softdis,pdbflex,mmseqs_98,6g1z_A,6g1zB,509,509,mmseqs,100.000000,1.000000,1.000000,509
softdis,pdbflex,mmseqs_98,2fo0_A,2fo0A,495,495,mmseqs,100.000000,1.000000,1.000000,495
softdis,pdbflex,mmseqs_98,4k57_A,4k57A,518,518,mmseqs,100.000000,1.000000,1.000000,518
softdis,pdbflex,mmseqs_98,4zz7_E,4zz7A,501,501,mmseqs,100.000000,1.000000,1.000000,501
softdis,pdbflex,mmseqs_98,5izd_A,5izdA,508,508,mmseqs,100.000000,1.000000,1.000000,508
softdis,pdbflex,mmseqs_98,4qyj_H,4qyjA,516,516,mmseqs,100.000000,1.000000,1.000000,516
softdis,pdbflex,mmseqs_98,6rtr_A,6rtsA,512,512,mmseqs,100.000000,1.000000,1.000000,512
softdis,pdbflex,mmseqs_98,4nmj_B,5ekcE,491,491,mmseqs,100.000000,1.000000,1.000000,491
softdis,pdbflex,mmseqs_98,1uxt_A,1uxpA,501,501,mmseqs,100.000000,1.000000,1.000000,501
softdis,pdbflex,mmseqs_98,5iuu_A,5iuwA,497,497,mmseqs,100.000000,1.000000,1.000000,497
softdis,pdbflex,mmseqs_98,8or9_A,3rchA,480,480,mmseqs,100.000000,1.000000,1.000000,480
softdis,pdbflex,mmseqs_98,1asy_A,1aszA,490,490,mmseqs,100.000000,1.000000,1.000000,490
softdis,pdbflex,mmseqs_98,4i3w_C,4i3xA,488,488,mmseqs,100.000000,1.000000,1.000000,488
softdis,pdbflex,mmseqs_98,6pop_B,6pnuC,497,497,mmseqs,100.000000,1.000000,1.000000,497
softdis,pdbflex,mmseqs_98,6j75_A,6j76A,488,488,mmseqs,100.000000,1.000000,1.000000,488
softdis,pdbflex,mmseqs_98,3ghg_B,3ghgB,461,461,mmseqs,100.000000,1.000000,1.000000,461
softdis,pdbflex,mmseqs_98,6bpg_D,6bpgA,490,490,mmseqs,100.000000,1.000000,1.000000,490
softdis,pdbflex,mmseqs_98,3sq7_A,3sq7A,470,470,mmseqs,100.000000,1.000000,1.000000,470
softdis,pdbflex,mmseqs_98,4ywe_A,4yweA,487,487,mmseqs,100.000000,1.000000,1.000000,487
softdis,pdbflex,mmseqs_98,6c43_B,6c43A,477,477,mmseqs,100.000000,1.000000,1.000000,477
softdis,pdbflex,mmseqs_98,5vbf_A,5vbfA,478,478,mmseqs,100.000000,1.000000,1.000000,478
softdis,pdbflex,mmseqs_98,3m4p_A,3m4qB,456,456,mmseqs,100.000000,1.000000,1.000000,456
softdis,pdbflex,mmseqs_98,3pqa_A,3pqaB,486,486,mmseqs,100.000000,1.000000,1.000000,486
softdis,pdbflex,mmseqs_98,7jr5_A,6ptqA,490,482,mmseqs,100.000000,0.983673,1.000000,482
softdis,pdbflex,mmseqs_98,4ywu_A,4ohtA,465,465,mmseqs,100.000000,1.000000,1.000000,465
softdis,pdbflex,mmseqs_98,1k9a_A,1k9aB,450,450,mmseqs,100.000000,1.000000,1.000000,450
softdis,pdbflex,mmseqs_98,3pm9_A,3pm9A,476,476,mmseqs,100.000000,1.000000,1.000000,476
softdis,pdbflex,mmseqs_98,6uv0_A,6uv1A,448,448,mmseqs,100.000000,1.000000,1.000000,448
softdis,pdbflex,mmseqs_98,3vz2_A,3vz2B,470,470,mmseqs,100.000000,1.000000,1.000000,470
softdis,pdbflex,mmseqs_98,4l0e_A,4l0eA,446,446,mmseqs,100.000000,1.000000,1.000000,446
softdis,pdbflex,mmseqs_98,3nel_A,3nenA,438,438,mmseqs,100.000000,1.000000,1.000000,438
softdis,pdbflex,mmseqs_98,5ztn_A,6hdpA,429,429,mmseqs,100.000000,1.000000,1.000000,429
softdis,pdbflex,mmseqs_98,5kyo_A,5kyoA,430,430,mmseqs,100.000000,1.000000,1.000000,430
softdis,pdbflex,mmseqs_98,3nc3_A,3nc6B,441,441,mmseqs,100.000000,1.000000,1.000000,441
softdis,pdbflex,mmseqs_98,3tku_A,5otfA,433,416,mmseqs,100.000000,0.960739,0.992840,416
softdis,pdbflex,mmseqs_98,5d40_B,5d40A,427,427,mmseqs,100.000000,1.000000,1.000000,427
softdis,pdbflex,mmseqs_98,1qzw_A,1qzwA,440,440,mmseqs,100.000000,1.000000,1.000000,440
softdis,pdbflex,mmseqs_98,3a9x_A,3a9zA,432,432,mmseqs,100.000000,1.000000,1.000000,432
softdis,pdbflex,mmseqs_98,2z3t_A,3a1lA,425,425,mmseqs,100.000000,1.000000,1.000000,425
softdis,pdbflex,mmseqs_98,4d9s_A,4d9sA,406,406,mmseqs,100.000000,1.000000,1.000000,406
softdis,pdbflex,mmseqs_98,3kfu_B,3kfuC,422,422,mmseqs,100.000000,1.000000,1.000000,422
softdis,pdbflex,mmseqs_98,5tbk_I,5tbkI,421,421,mmseqs,100.000000,1.000000,1.000000,421
softdis,pdbflex,mmseqs_98,3p3z_A,3p3oA,416,416,mmseqs,100.000000,1.000000,1.000000,416
softdis,pdbflex,mmseqs_98,2uvn_A,2uvnA,414,414,mmseqs,100.000000,1.000000,1.000000,414
softdis,pdbflex,mmseqs_98,5li6_A,5lieB,414,414,mmseqs,100.000000,1.000000,1.000000,414
softdis,pdbflex,mmseqs_98,2wio_A,2jjpA,431,411,mmseqs,100.000000,0.953596,1.000000,411
softdis,pdbflex,mmseqs_98,2yca_A,2y5nB,417,417,mmseqs,100.000000,1.000000,1.000000,417
softdis,pdbflex,mmseqs_98,5e1r_A,5e1rC,426,426,mmseqs,100.000000,1.000000,1.000000,426
softdis,pdbflex,mmseqs_98,4j6b_A,4jbtA,410,410,mmseqs,100.000000,1.000000,1.000000,410
softdis,pdbflex,mmseqs_98,3tyw_A,3tywD,417,417,mmseqs,100.000000,1.000000,1.000000,417
softdis,pdbflex,mmseqs_98,5l90_A,5l91A,410,410,mmseqs,100.000000,1.000000,1.000000,410
softdis,pdbflex,mmseqs_98,8qrd_F,5mnvA,410,407,mmseqs,100.000000,0.992683,1.000000,407
softdis,pdbflex,mmseqs_98,3eje_H,3ejbH,404,404,mmseqs,100.000000,1.000000,1.000000,404
softdis,pdbflex,mmseqs_98,3oft_A,3ofuA,396,396,mmseqs,100.000000,1.000000,1.000000,396
softdis,pdbflex,mmseqs_98,5wt6_A,5wt6A,401,401,mmseqs,100.000000,1.000000,1.000000,401
softdis,pdbflex,mmseqs_98,5z9j_D,5z9jC,398,398,mmseqs,100.000000,1.000000,1.000000,398
softdis,pdbflex,mmseqs_98,6f8a_A,6f8aA,400,400,mmseqs,100.000000,1.000000,1.000000,400
softdis,pdbflex,mmseqs_98,5l1o_A,5l1qA,401,401,mmseqs,100.000000,1.000000,1.000000,401
softdis,pdbflex,mmseqs_98,5y5k_B,5y5fA,403,403,mmseqs,100.000000,1.000000,1.000000,403
softdis,pdbflex,mmseqs_98,2onl_C,1kwpA,406,400,mmseqs,100.000000,0.985222,1.000000,400
softdis,pdbflex,mmseqs_98,4g46_A,6geqA,396,396,mmseqs,100.000000,1.000000,1.000000,396
softdis,pdbflex,mmseqs_98,4fr4_A,4fr4A,384,384,mmseqs,100.000000,1.000000,1.000000,384
softdis,pdbflex,mmseqs_98,4fi1_A,4fi1A,374,374,mmseqs,100.000000,1.000000,1.000000,374
softdis,pdbflex,mmseqs_98,3cbl_A,3bkbA,377,377,mmseqs,100.000000,1.000000,1.000000,377
softdis,pdbflex,mmseqs_98,1r0e_A,1j1cB,391,386,mmseqs,100.000000,0.987212,0.919048,386
softdis,pdbflex,mmseqs_98,6u8j_B,6u8jD,376,376,mmseqs,100.000000,1.000000,1.000000,376
softdis,pdbflex,mmseqs_98,5anr_B,4ct4B,378,378,mmseqs,100.000000,1.000000,1.000000,378
softdis,pdbflex,mmseqs_98,5hbe_A,5xs2A,364,362,mmseqs,100.000000,0.994505,0.952632,362
softdis,pdbflex,mmseqs_98,4eb5_A,4eb5A,382,382,mmseqs,100.000000,1.000000,1.000000,382
softdis,pdbflex,mmseqs_98,6joj_A,5k5xA,356,356,mmseqs,100.000000,1.000000,1.000000,356
softdis,pdbflex,mmseqs_98,1ayr_A,1cf1C,368,366,mmseqs,100.000000,0.994565,0.905941,366
softdis,pdbflex,mmseqs_98,3mi9_A,3mi9A,351,351,mmseqs,100.000000,1.000000,1.000000,351
softdis,pdbflex,mmseqs_98,5x8i_B,6q8kA,346,338,mmseqs,100.000000,0.976879,0.997050,338
softdis,pdbflex,mmseqs_98,3b0v_C,3b0vC,363,363,mmseqs,100.000000,1.000000,1.000000,363
softdis,pdbflex,mmseqs_98,4ifc_A,6pk6A,358,350,mmseqs,100.000000,0.977654,0.997151,350
softdis,pdbflex,mmseqs_98,6c0t_A,6bg2A,347,347,mmseqs,100.000000,1.000000,1.000000,347
softdis,pdbflex,mmseqs_98,3tac_A,6lnmA,361,345,mmseqs,100.000000,0.955679,0.982906,345
softdis,pdbflex,mmseqs_98,5wni_A,5wnjA,342,342,mmseqs,100.000000,1.000000,1.000000,342
softdis,pdbflex,mmseqs_98,3tl8_A,3tl8D,349,349,mmseqs,100.000000,1.000000,1.000000,349
softdis,pdbflex,mmseqs_98,4g0i_A,4g0kA,328,328,mmseqs,100.000000,1.000000,1.000000,328
softdis,pdbflex,mmseqs_98,3utm_A,3utmA,351,351,mmseqs,100.000000,1.000000,1.000000,351
softdis,pdbflex,mmseqs_98,2rfb_A,2rfbA,343,343,mmseqs,100.000000,1.000000,1.000000,343
softdis,pdbflex,mmseqs_98,4i5t_A,4i5tA,333,333,mmseqs,100.000000,1.000000,1.000000,333
softdis,pdbflex,mmseqs_98,4bf9_A,4bf9A,338,338,mmseqs,100.000000,1.000000,1.000000,338
softdis,pdbflex,mmseqs_98,4btj_A,4btmB,337,337,mmseqs,100.000000,1.000000,1.000000,337
softdis,pdbflex,mmseqs_98,4y85_C,5iu2B,332,332,mmseqs,100.000000,1.000000,1.000000,332
softdis,pdbflex,mmseqs_98,3akj_A,3akkA,325,325,mmseqs,100.000000,1.000000,1.000000,325
softdis,pdbflex,mmseqs_98,2v62_A,5uu1A,345,324,mmseqs,100.000000,0.939130,1.000000,324
softdis,pdbflex,mmseqs_98,3dls_A,3dlsA,335,335,mmseqs,100.000000,1.000000,1.000000,335
softdis,pdbflex,mmseqs_98,4q5j_A,4oh4A,341,333,mmseqs,100.000000,0.976540,1.000000,333
softdis,pdbflex,mmseqs_98,1fvr_A,1fvrB,327,327,mmseqs,100.000000,1.000000,1.000000,327
softdis,pdbflex,mmseqs_98,3aln_A,3aloA,327,327,mmseqs,100.000000,1.000000,1.000000,327
softdis,pdbflex,mmseqs_98,4asx_A,4asxA,322,322,mmseqs,100.000000,1.000000,1.000000,322
softdis,pdbflex,mmseqs_98,3kof_A,3kofA,337,337,mmseqs,100.000000,1.000000,1.000000,337
softdis,pdbflex,mmseqs_98,4g8k_A,4g8lA,337,337,mmseqs,100.000000,1.000000,1.000000,337
softdis,pdbflex,mmseqs_98,5e8v_A,5e92A,316,316,mmseqs,100.000000,1.000000,1.000000,316
softdis,pdbflex,mmseqs_98,8gw3_A,5gjfA,326,310,mmseqs,100.000000,0.950920,0.984127,310
softdis,pdbflex,mmseqs_98,4fg9_A,4fgbA,320,320,mmseqs,100.000000,1.000000,1.000000,320
softdis,pdbflex,mmseqs_98,6d3k_B,6d3kA,323,323,mmseqs,100.000000,1.000000,1.000000,323
softdis,pdbflex,mmseqs_98,7q7c_A,6y6hA,327,327,mmseqs,100.000000,1.000000,1.000000,327
softdis,pdbflex,mmseqs_98,3k35_A,5y2fA,318,316,mmseqs,100.000000,0.993711,1.000000,316
softdis,pdbflex,mmseqs_98,1szp_A,1szpA,321,321,mmseqs,100.000000,1.000000,1.000000,321
softdis,pdbflex,mmseqs_98,3udb_A,3udbD,317,317,mmseqs,100.000000,1.000000,1.000000,317
softdis,pdbflex,mmseqs_98,5vd1_A,5vcyA,311,311,mmseqs,100.000000,1.000000,1.000000,311
softdis,pdbflex,mmseqs_98,5ikw_A,4w9wA,310,306,mmseqs,100.000000,0.987097,1.000000,306
softdis,pdbflex,mmseqs_98,6fer_A,6ferD,309,309,mmseqs,100.000000,1.000000,1.000000,309
softdis,pdbflex,mmseqs_98,6box_A,6bp4B,303,303,mmseqs,100.000000,1.000000,1.000000,303
softdis,pdbflex,mmseqs_98,4c57_A,5y7zA,340,311,mmseqs,100.000000,0.914706,0.993610,311
softdis,pdbflex,mmseqs_98,4i5m_A,4i6bA,308,308,mmseqs,100.000000,1.000000,1.000000,308
softdis,pdbflex,mmseqs_98,5x5o_A,6jutA,310,310,mmseqs,100.000000,1.000000,1.000000,310
softdis,pdbflex,mmseqs_98,2zub_A,2zucB,324,324,mmseqs,100.000000,1.000000,1.000000,324
softdis,pdbflex,mmseqs_98,3tno_A,3igxA,345,324,mmseqs,100.000000,0.939130,1.000000,324
softdis,pdbflex,mmseqs_98,5hxy_A,5hxyA,317,317,mmseqs,100.000000,1.000000,1.000000,317
softdis,pdbflex,mmseqs_98,5vo1_A,5cenA,300,300,mmseqs,100.000000,1.000000,1.000000,300
softdis,pdbflex,mmseqs_98,3bce_A,2r4bA,328,298,mmseqs,100.000000,0.908537,0.928349,298
softdis,pdbflex,mmseqs_98,2qqf_A,1q17C,308,300,mmseqs,100.000000,0.974026,1.000000,300
softdis,pdbflex,mmseqs_98,5mqv_D,1ckjA,314,294,mmseqs,100.000000,0.936306,0.927445,294
softdis,pdbflex,mmseqs_98,2c3j_A,2ydiA,297,289,mmseqs,100.000000,0.973064,1.000000,289
softdis,pdbflex,mmseqs_98,6ng0_B,6cqdB,309,292,mmseqs,100.000000,0.944984,0.983165,292
softdis,pdbflex,mmseqs_98,4nvq_A,5jiyA,285,274,mmseqs,100.000000,0.961404,1.000000,274
softdis,pdbflex,mmseqs_98,5v21_A,5jlbA,297,277,mmseqs,100.000000,0.932660,0.992832,277
softdis,pdbflex,mmseqs_98,5vd2_A,5vd4A,289,289,mmseqs,100.000000,1.000000,1.000000,289
softdis,pdbflex,mmseqs_98,5ntt_A,5nttA,287,287,mmseqs,100.000000,1.000000,1.000000,287
softdis,pdbflex,mmseqs_98,4mwi_A,4mwiA,294,294,mmseqs,100.000000,1.000000,1.000000,294
softdis,pdbflex,mmseqs_98,6cd6_A,6cd6D,290,290,mmseqs,100.000000,1.000000,1.000000,290
softdis,pdbflex,mmseqs_98,2vwi_A,3dakD,303,290,mmseqs,100.000000,0.957096,1.000000,290
softdis,pdbflex,mmseqs_98,3is5_A,3is5F,285,285,mmseqs,100.000000,1.000000,1.000000,285
softdis,pdbflex,mmseqs_98,1u46_A,4ewhA,291,275,mmseqs,100.000000,0.945017,1.000000,275
softdis,pdbflex,mmseqs_98,4eqm_A,4eqmA,294,294,mmseqs,100.000000,1.000000,1.000000,294
softdis,pdbflex,mmseqs_98,4wsy_A,4k18A,286,273,mmseqs,100.000000,0.954545,0.985560,273
softdis,pdbflex,mmseqs_98,5xka_A,5xkaA,288,288,mmseqs,100.000000,1.000000,1.000000,288
softdis,pdbflex,mmseqs_98,6qav_D,6qauA,280,280,mmseqs,100.000000,1.000000,1.000000,280
softdis,pdbflex,mmseqs_98,5ytk_A,5ytkA,274,274,mmseqs,100.000000,1.000000,1.000000,274
softdis,pdbflex,mmseqs_98,3dae_A,2fh9A,283,270,mmseqs,100.000000,0.954064,0.985401,270
softdis,pdbflex,mmseqs_98,1g6w_A,1g6wD,261,261,mmseqs,100.000000,1.000000,1.000000,261
softdis,pdbflex,mmseqs_98,6rxm_B,6rxmA,254,254,mmseqs,100.000000,1.000000,1.000000,254
softdis,pdbflex,mmseqs_98,5agc_A,3q66A,264,264,mmseqs,100.000000,1.000000,1.000000,264
softdis,pdbflex,mmseqs_98,1ici_A,1iciA,256,256,mmseqs,100.000000,1.000000,1.000000,256
softdis,pdbflex,mmseqs_98,1j2c_A,1ix3A,267,267,mmseqs,100.000000,1.000000,1.000000,267
softdis,pdbflex,mmseqs_98,1qiu_A,1qiuA,264,264,mmseqs,100.000000,1.000000,1.000000,264
softdis,pdbflex,mmseqs_98,2rgz_A,2qppB,264,264,mmseqs,100.000000,1.000000,1.000000,264
softdis,pdbflex,mmseqs_98,1s7g_D,1s7gA,253,253,mmseqs,100.000000,1.000000,1.000000,253
softdis,pdbflex,mmseqs_98,5cfk_E,5cfkA,259,259,mmseqs,100.000000,1.000000,1.000000,259
softdis,pdbflex,mmseqs_98,1wov_A,1wowA,250,250,mmseqs,100.000000,1.000000,1.000000,250
softdis,pdbflex,mmseqs_98,3nbn_E,2f8xK,256,256,mmseqs,100.000000,1.000000,1.000000,256
softdis,pdbflex,mmseqs_98,3q5y_A,3q5yA,240,240,mmseqs,100.000000,1.000000,1.000000,240
softdis,pdbflex,mmseqs_98,1wg0_A,1wg0A,243,243,mmseqs,100.000000,1.000000,1.000000,243
softdis,pdbflex,mmseqs_98,2i54_A,2i54A,247,247,mmseqs,100.000000,1.000000,1.000000,247
softdis,pdbflex,mmseqs_98,3r0j_A,5ed4E,250,250,mmseqs,100.000000,1.000000,1.000000,250
softdis,pdbflex,mmseqs_98,4igj_A,4kdyA,242,242,mmseqs,100.000000,1.000000,1.000000,242
softdis,pdbflex,mmseqs_98,3eu9_C,3eu9A,240,240,mmseqs,100.000000,1.000000,1.000000,240
softdis,pdbflex,mmseqs_98,6ht6_A,6gibB,245,245,mmseqs,100.000000,1.000000,1.000000,245
softdis,pdbflex,mmseqs_98,6f70_A,6f70A,252,252,mmseqs,100.000000,1.000000,1.000000,252
softdis,pdbflex,mmseqs_98,4djm_A,4djmD,239,239,mmseqs,100.000000,1.000000,1.000000,239
softdis,pdbflex,mmseqs_98,4ivf_F,4ivfF,231,231,mmseqs,100.000000,1.000000,1.000000,231
softdis,pdbflex,mmseqs_98,4b09_A,4b09A,240,240,mmseqs,100.000000,1.000000,1.000000,240
softdis,pdbflex,mmseqs_98,4ke3_A,4kdxA,229,229,mmseqs,100.000000,1.000000,1.000000,229
softdis,pdbflex,mmseqs_98,2dwz_A,2dvwA,231,231,mmseqs,100.000000,1.000000,1.000000,231
softdis,pdbflex,mmseqs_98,3lg6_A,3lg6A,235,235,mmseqs,100.000000,1.000000,1.000000,235
softdis,pdbflex,mmseqs_98,4iq1_A,4iw9B,231,231,mmseqs,100.000000,1.000000,1.000000,231
softdis,pdbflex,mmseqs_98,3tb2_A,3tb2C,220,220,mmseqs,100.000000,1.000000,1.000000,220
softdis,pdbflex,mmseqs_98,4zbd_A,4zb8A,222,222,mmseqs,100.000000,1.000000,1.000000,222
softdis,pdbflex,mmseqs_98,4s04_A,4s05A,232,232,mmseqs,100.000000,1.000000,1.000000,232
softdis,pdbflex,mmseqs_98,4ykb_A,4ykbA,229,229,mmseqs,100.000000,1.000000,1.000000,229
softdis,pdbflex,mmseqs_98,3pr8_B,3lxzA,229,229,mmseqs,100.000000,1.000000,1.000000,229
softdis,pdbflex,mmseqs_98,4kgi_A,4kgiC,223,223,mmseqs,100.000000,1.000000,1.000000,223
softdis,pdbflex,mmseqs_98,5b6m_A,5b6nF,224,224,mmseqs,100.000000,1.000000,1.000000,224
softdis,pdbflex,mmseqs_98,5u8k_A,5u8kB,231,231,mmseqs,100.000000,1.000000,1.000000,231
softdis,pdbflex,mmseqs_98,6q5v_A,6q5vA,215,215,mmseqs,100.000000,1.000000,1.000000,215
softdis,pdbflex,mmseqs_98,4pnf_E,4yh2A,227,221,mmseqs,100.000000,0.973568,0.995495,221
softdis,pdbflex,mmseqs_98,6f05_B,6ezyB,215,215,mmseqs,100.000000,1.000000,1.000000,215
softdis,pdbflex,mmseqs_98,4yo0_B,6iccL,233,213,mmseqs,100.000000,0.914163,0.995327,213
softdis,pdbflex,mmseqs_98,1bi1_A,1c0wB,226,225,mmseqs,100.000000,0.995575,1.000000,225
softdis,pdbflex,mmseqs_98,1bye_A,1byeA,213,213,mmseqs,100.000000,1.000000,1.000000,213
softdis,pdbflex,mmseqs_98,1jlv_A,1jlvA,209,209,mmseqs,100.000000,1.000000,1.000000,209
softdis,pdbflex,mmseqs_98,6nxv_A,6nv6B,207,207,mmseqs,100.000000,1.000000,1.000000,207
softdis,pdbflex,mmseqs_98,2x64_A,2x64B,207,207,mmseqs,100.000000,1.000000,1.000000,207
softdis,pdbflex,mmseqs_98,5a4w_C,5a4wA,212,212,mmseqs,100.000000,1.000000,1.000000,212
softdis,pdbflex,mmseqs_98,1rrp_C,1rrpA,204,204,mmseqs,100.000000,1.000000,1.000000,204
softdis,pdbflex,mmseqs_98,2b7j_A,2b7jB,200,200,mmseqs,100.000000,1.000000,1.000000,200
softdis,pdbflex,mmseqs_98,4cym_D,4cz2D,203,203,mmseqs,100.000000,1.000000,1.000000,203
softdis,pdbflex,mmseqs_98,5jre_F,5jr9A,219,218,mmseqs,100.000000,0.995434,0.995434,218
softdis,pdbflex,mmseqs_98,2wst_A,2wstA,208,208,mmseqs,100.000000,1.000000,1.000000,208
softdis,pdbflex,mmseqs_98,6dv5_B,6dv5A,205,205,mmseqs,100.000000,1.000000,1.000000,205
softdis,pdbflex,mmseqs_98,6g47_A,6g47A,209,209,mmseqs,100.000000,1.000000,1.000000,209
softdis,pdbflex,mmseqs_98,2rgx_A,4ikeA,206,206,mmseqs,100.000000,1.000000,1.000000,206
softdis,pdbflex,mmseqs_98,6emt_A,6emuA,197,197,mmseqs,100.000000,1.000000,1.000000,197
softdis,pdbflex,mmseqs_98,2cls_A,2rexD,198,196,mmseqs,100.000000,0.989899,0.994924,196
softdis,pdbflex,mmseqs_98,6jb6_A,6jb6A,205,205,mmseqs,100.000000,1.000000,1.000000,205
softdis,pdbflex,mmseqs_98,1lti_A,1ltaA,192,188,mmseqs,100.000000,0.979167,1.000000,188
softdis,pdbflex,mmseqs_98,5x7v_A,5x7vC,193,193,mmseqs,100.000000,1.000000,1.000000,193
softdis,pdbflex,mmseqs_98,3dvx_A,3dvxA,196,196,mmseqs,100.000000,1.000000,1.000000,196
softdis,pdbflex,mmseqs_98,4r3v_A,4r3vA,183,183,mmseqs,100.000000,1.000000,1.000000,183
softdis,pdbflex,mmseqs_98,1uke_A,5ukdA,194,194,mmseqs,100.000000,1.000000,1.000000,194
softdis,pdbflex,mmseqs_98,3ref_B,3refB,194,194,mmseqs,100.000000,1.000000,1.000000,194
softdis,pdbflex,mmseqs_98,2von_A,2vodB,193,193,mmseqs,100.000000,1.000000,1.000000,193
softdis,pdbflex,mmseqs_98,5y63_A,5y63A,183,183,mmseqs,100.000000,1.000000,1.000000,183
softdis,pdbflex,mmseqs_98,4u9g_B,4u9gA,187,187,mmseqs,100.000000,1.000000,1.000000,187
softdis,pdbflex,mmseqs_98,3l9v_A,3l9vA,189,189,mmseqs,100.000000,1.000000,1.000000,189
softdis,pdbflex,mmseqs_98,3ma2_D,1bqqM,181,174,mmseqs,100.000000,0.961326,1.000000,174
softdis,pdbflex,mmseqs_98,3js5_A,3idoA,178,178,mmseqs,100.000000,1.000000,1.000000,178
softdis,pdbflex,mmseqs_98,6f2r_A,6f2rC,213,182,mmseqs,100.000000,0.854460,0.896552,182
softdis,pdbflex,mmseqs_98,1nob_A,1nobA,185,185,mmseqs,100.000000,1.000000,1.000000,185
softdis,pdbflex,mmseqs_98,9dj9_A,3f81A,191,183,mmseqs,100.000000,0.958115,1.000000,183
softdis,pdbflex,mmseqs_98,4d8k_A,1lckA,175,174,mmseqs,100.000000,0.994286,0.994286,174
softdis,pdbflex,mmseqs_98,1qfv_B,1qftA,175,175,mmseqs,100.000000,1.000000,1.000000,175
softdis,pdbflex,mmseqs_98,6hjm_A,6hjmP,192,192,mmseqs,100.000000,1.000000,1.000000,192
softdis,pdbflex,mmseqs_98,6lkp_A,6lkpC,184,184,mmseqs,100.000000,1.000000,1.000000,184
softdis,pdbflex,mmseqs_98,1veq_B,1veiA,183,183,mmseqs,100.000000,1.000000,1.000000,183
softdis,pdbflex,mmseqs_98,6huf_K,6hufA,182,182,mmseqs,100.000000,1.000000,1.000000,182
softdis,pdbflex,mmseqs_98,3t64_A,3t64A,181,181,mmseqs,100.000000,1.000000,1.000000,181
softdis,pdbflex,mmseqs_98,4txo_D,4txoD,175,175,mmseqs,100.000000,1.000000,1.000000,175
softdis,pdbflex,mmseqs_98,1wms_A,1s8fB,177,175,mmseqs,100.000000,0.988701,0.988701,175
softdis,pdbflex,mmseqs_98,2gm3_A,2gm3A,175,175,mmseqs,100.000000,1.000000,1.000000,175
softdis,pdbflex,mmseqs_98,5cer_B,5cerB,193,193,mmseqs,100.000000,1.000000,1.000000,193
softdis,pdbflex,mmseqs_98,3pnb_A,3nbkD,177,177,mmseqs,100.000000,1.000000,1.000000,177
softdis,pdbflex,mmseqs_98,5mp0_D,5mp0D,166,166,mmseqs,100.000000,1.000000,1.000000,166
softdis,pdbflex,mmseqs_98,2bet_A,2betC,172,172,mmseqs,100.000000,1.000000,1.000000,172
softdis,pdbflex,mmseqs_98,2gjs_A,2gjsA,176,176,mmseqs,100.000000,1.000000,1.000000,176
softdis,pdbflex,mmseqs_98,1tk6_B,1tkpA,182,182,mmseqs,100.000000,1.000000,1.000000,182
softdis,pdbflex,mmseqs_98,2cyx_A,2cyxA,170,170,mmseqs,100.000000,1.000000,1.000000,170
softdis,pdbflex,mmseqs_98,4cyb_A,4cybJ,173,173,mmseqs,100.000000,1.000000,1.000000,173
softdis,pdbflex,mmseqs_98,5y5o_A,5y5pD,174,174,mmseqs,100.000000,1.000000,1.000000,174
softdis,pdbflex,mmseqs_98,1yh2_A,1yh2A,169,169,mmseqs,100.000000,1.000000,1.000000,169
softdis,pdbflex,mmseqs_98,4hj6_A,4hj6B,178,178,mmseqs,100.000000,1.000000,1.000000,178
softdis,pdbflex,mmseqs_98,4lfm_D,4lfkB,172,172,mmseqs,100.000000,1.000000,1.000000,172
softdis,pdbflex,mmseqs_98,4mtd_A,4mteD,171,171,mmseqs,100.000000,1.000000,1.000000,171
softdis,pdbflex,mmseqs_98,6jjj_B,6jjjA,160,160,mmseqs,100.000000,1.000000,1.000000,160
softdis,pdbflex,mmseqs_98,6o3w_A,6o3xA,172,172,mmseqs,100.000000,1.000000,1.000000,172
softdis,pdbflex,mmseqs_98,3nd5_A,3nd5A,171,171,mmseqs,100.000000,1.000000,1.000000,171
softdis,pdbflex,mmseqs_98,4v0n_A,4v0lA,169,169,mmseqs,100.000000,1.000000,1.000000,169
softdis,pdbflex,mmseqs_98,7ytq_A,3c22D,156,156,mmseqs,100.000000,1.000000,1.000000,156
softdis,pdbflex,mmseqs_98,1d1q_A,1d1qA,161,161,mmseqs,100.000000,1.000000,1.000000,161
softdis,pdbflex,mmseqs_98,2pqs_A,2pqsA,159,159,mmseqs,100.000000,1.000000,1.000000,159
softdis,pdbflex,mmseqs_98,3alu_A,3aluA,157,157,mmseqs,100.000000,1.000000,1.000000,157
softdis,pdbflex,mmseqs_98,5hry_A,5hryH,169,169,mmseqs,100.000000,1.000000,1.000000,169
softdis,pdbflex,mmseqs_98,1ri7_A,2e1cA,171,171,mmseqs,100.000000,1.000000,1.000000,171
softdis,pdbflex,mmseqs_98,1wp0_A,2ggtA,165,161,mmseqs,100.000000,0.975758,0.981707,161
softdis,pdbflex,mmseqs_98,4ora_B,1tcoB,170,169,mmseqs,100.000000,0.994118,1.000000,169
softdis,pdbflex,mmseqs_98,2cx3_A,4gqfA,164,164,mmseqs,100.000000,1.000000,1.000000,164
softdis,pdbflex,mmseqs_98,1vb6_A,1vb6A,167,167,mmseqs,100.000000,1.000000,1.000000,167
softdis,pdbflex,mmseqs_98,2xr5_A,6ghvC,166,151,mmseqs,100.000000,0.909639,0.974194,151
softdis,pdbflex,mmseqs_98,3o22_A,3o2yA,162,162,mmseqs,100.000000,1.000000,1.000000,162
softdis,pdbflex,mmseqs_98,4zcu_A,4zcvA,165,165,mmseqs,100.000000,1.000000,1.000000,165
softdis,pdbflex,mmseqs_98,6ml2_A,6ml4A,151,151,mmseqs,100.000000,1.000000,1.000000,151
softdis,pdbflex,mmseqs_98,6mgh_H,6mghD,163,163,mmseqs,100.000000,1.000000,1.000000,163
softdis,pdbflex,mmseqs_98,3otw_F,3otwA,163,163,mmseqs,100.000000,1.000000,1.000000,163
softdis,pdbflex,mmseqs_98,5duw_C,5duuB,155,155,mmseqs,100.000000,1.000000,1.000000,155
softdis,pdbflex,mmseqs_98,1zdn_A,1zdnA,158,158,mmseqs,100.000000,1.000000,1.000000,158
softdis,pdbflex,mmseqs_98,5njk_E,5njkA,156,156,mmseqs,100.000000,1.000000,1.000000,156
softdis,pdbflex,mmseqs_98,4b04_C,4hrfA,160,160,mmseqs,100.000000,1.000000,1.000000,160
softdis,pdbflex,mmseqs_98,4ezm_L,4gkoL,143,143,mmseqs,100.000000,1.000000,1.000000,143
softdis,pdbflex,mmseqs_98,1umn_K,2ux1G,165,164,mmseqs,100.000000,0.993939,0.993939,164
softdis,pdbflex,mmseqs_98,4onx_A,4onxE,162,162,mmseqs,100.000000,1.000000,1.000000,162
softdis,pdbflex,mmseqs_98,5ond_A,2ougA,162,161,mmseqs,100.000000,0.993827,0.993827,161
softdis,pdbflex,mmseqs_98,1nn4_B,1nn4A,162,162,mmseqs,100.000000,1.000000,1.000000,162
softdis,pdbflex,mmseqs_98,2wal_A,2walA,159,159,mmseqs,100.000000,1.000000,1.000000,159
softdis,pdbflex,mmseqs_98,4lfn_A,4lfnA,162,162,mmseqs,100.000000,1.000000,1.000000,162
softdis,pdbflex,mmseqs_98,4ylz_A,4ym1C,153,153,mmseqs,100.000000,1.000000,1.000000,153
softdis,pdbflex,mmseqs_98,1o9r_A,1o9rA,162,162,mmseqs,100.000000,1.000000,1.000000,162
softdis,pdbflex,mmseqs_98,4mpo_B,4mpoB,153,153,mmseqs,100.000000,1.000000,1.000000,153
softdis,pdbflex,mmseqs_98,6ovf_A,6ovfA,161,161,mmseqs,100.000000,1.000000,1.000000,161
softdis,pdbflex,mmseqs_98,3ffu_A,3ffuA,153,153,mmseqs,100.000000,1.000000,1.000000,153
softdis,pdbflex,mmseqs_98,4ijx_A,4ijxA,155,155,mmseqs,100.000000,1.000000,1.000000,155
softdis,pdbflex,mmseqs_98,5ei9_F,5ei9E,144,144,mmseqs,100.000000,1.000000,1.000000,144
softdis,pdbflex,mmseqs_98,1do5_A,1do5A,154,154,mmseqs,100.000000,1.000000,1.000000,154
softdis,pdbflex,mmseqs_98,2rib_A,2ricC,160,160,mmseqs,100.000000,1.000000,1.000000,160
softdis,pdbflex,mmseqs_98,5id2_A,1xvwB,164,153,mmseqs,100.000000,0.932927,0.956250,153
softdis,pdbflex,mmseqs_98,2bpd_A,2bpdB,142,142,mmseqs,100.000000,1.000000,1.000000,142
softdis,pdbflex,mmseqs_98,4nat_B,4nauB,160,160,mmseqs,100.000000,1.000000,1.000000,160
softdis,pdbflex,mmseqs_98,5xfi_A,5xfiA,153,153,mmseqs,100.000000,1.000000,1.000000,153
softdis,pdbflex,mmseqs_98,1ilr_1,1ilr1,152,152,mmseqs,100.000000,1.000000,1.000000,152
softdis,pdbflex,mmseqs_98,2gv5_A,3fwbA,161,161,mmseqs,100.000000,1.000000,1.000000,161
softdis,pdbflex,mmseqs_98,2c41_A,2c41C,158,158,mmseqs,100.000000,1.000000,1.000000,158
softdis,pdbflex,mmseqs_98,4wqq_A,4wqqA,141,141,mmseqs,100.000000,1.000000,1.000000,141
softdis,pdbflex,mmseqs_98,3woc_A,3wocA,151,151,mmseqs,100.000000,1.000000,1.000000,151
softdis,pdbflex,mmseqs_98,5f2q_C,5f2qB,135,135,mmseqs,100.000000,1.000000,1.000000,135
softdis,pdbflex,mmseqs_98,5mgr_A,5mgsH,146,146,mmseqs,100.000000,1.000000,1.000000,146
softdis,pdbflex,mmseqs_98,3zqp_A,3zqqC,164,164,mmseqs,100.000000,1.000000,1.000000,164
softdis,pdbflex,mmseqs_98,6hde_C,6hdeB,152,152,mmseqs,100.000000,1.000000,1.000000,152
softdis,pdbflex,mmseqs_98,5umw_A,5umwA,151,151,mmseqs,100.000000,1.000000,1.000000,151
softdis,pdbflex,mmseqs_98,3ox5_A,3ox5A,153,153,mmseqs,100.000000,1.000000,1.000000,153
softdis,pdbflex,mmseqs_98,4yif_A,4yifB,164,164,mmseqs,100.000000,1.000000,1.000000,164
softdis,pdbflex,mmseqs_98,5cfi_A,5cfiA,152,152,mmseqs,100.000000,1.000000,1.000000,152
softdis,pdbflex,mmseqs_98,3hyb_A,3rg6C,155,155,mmseqs,100.000000,1.000000,1.000000,155
softdis,pdbflex,mmseqs_98,6oec_A,6oecL,162,162,mmseqs,100.000000,1.000000,1.000000,162
softdis,pdbflex,mmseqs_98,1br4_B,1br4B,150,150,mmseqs,100.000000,1.000000,1.000000,150
softdis,pdbflex,mmseqs_98,2py2_A,2py2A,136,136,mmseqs,100.000000,1.000000,1.000000,136
softdis,pdbflex,mmseqs_98,2yjk_G,2yjkC,161,161,mmseqs,100.000000,1.000000,1.000000,161
softdis,pdbflex,mmseqs_98,3e0o_A,3e0oA,144,144,mmseqs,100.000000,1.000000,1.000000,144
softdis,pdbflex,mmseqs_98,3o4o_A,2i1bA,158,153,mmseqs,100.000000,0.968354,1.000000,153
softdis,pdbflex,mmseqs_98,4lk9_A,4lk9A,136,136,mmseqs,100.000000,1.000000,1.000000,136
softdis,pdbflex,mmseqs_98,5ft8_U,5ft8B,154,154,mmseqs,100.000000,1.000000,1.000000,154
softdis,pdbflex,mmseqs_98,5jp5_A,5jp5D,145,145,mmseqs,100.000000,1.000000,1.000000,145
softdis,pdbflex,mmseqs_98,5zrp_A,5zrkA,150,150,mmseqs,100.000000,1.000000,1.000000,150
softdis,pdbflex,mmseqs_98,6upp_A,6pryA,150,150,mmseqs,100.000000,1.000000,1.000000,150
softdis,pdbflex,mmseqs_98,2fjy_A,2fjyB,142,142,mmseqs,100.000000,1.000000,1.000000,142
softdis,pdbflex,mmseqs_98,3tp1_A,3tpwA,152,152,mmseqs,100.000000,1.000000,1.000000,152
softdis,pdbflex,mmseqs_98,1l2o_B,3jtdB,156,156,mmseqs,100.000000,1.000000,1.000000,156
softdis,pdbflex,mmseqs_98,2okd_A,2okdC,147,147,mmseqs,100.000000,1.000000,1.000000,147
softdis,pdbflex,mmseqs_98,3nfd_A,3nfdE,153,153,mmseqs,100.000000,1.000000,1.000000,153
softdis,pdbflex,mmseqs_98,6bbx_A,5w27A,144,144,mmseqs,100.000000,1.000000,1.000000,144
softdis,pdbflex,mmseqs_98,4fhq_A,4rsuJ,134,134,mmseqs,100.000000,1.000000,1.000000,134
softdis,pdbflex,mmseqs_98,2fjc_A,2fjcB,156,156,mmseqs,100.000000,1.000000,1.000000,156
softdis,pdbflex,mmseqs_98,4gx7_A,4gx7A,152,152,mmseqs,100.000000,1.000000,1.000000,152
softdis,pdbflex,mmseqs_98,4kzv_A,4kzwA,134,134,mmseqs,100.000000,1.000000,1.000000,134
softdis,pdbflex,mmseqs_98,5hsm_A,5x80A,160,160,mmseqs,100.000000,1.000000,1.000000,160
softdis,pdbflex,mmseqs_98,4kg3_A,4kg3B,146,146,mmseqs,100.000000,1.000000,1.000000,146
softdis,pdbflex,mmseqs_98,4p78_A,4p7dB,143,143,mmseqs,100.000000,1.000000,1.000000,143
softdis,pdbflex,mmseqs_98,6flw_A,6flwA,144,144,mmseqs,100.000000,1.000000,1.000000,144
softdis,pdbflex,mmseqs_98,3ezz_A,3ezzA,144,144,mmseqs,100.000000,1.000000,1.000000,144
softdis,pdbflex,mmseqs_98,4oxb_A,1qmtA,134,134,mmseqs,100.000000,1.000000,1.000000,134
softdis,pdbflex,mmseqs_98,4d3p_A,4d3pA,147,147,mmseqs,100.000000,1.000000,1.000000,147
softdis,pdbflex,mmseqs_98,4pav_A,4pavB,145,145,mmseqs,100.000000,1.000000,1.000000,145
softdis,pdbflex,mmseqs_98,5tzn_A,5tznA,137,137,mmseqs,100.000000,1.000000,1.000000,137
softdis,pdbflex,mmseqs_98,2wc6_A,2wcmA,141,141,mmseqs,100.000000,1.000000,1.000000,141
softdis,pdbflex,mmseqs_98,3hup_A,3hupA,130,130,mmseqs,100.000000,1.000000,1.000000,130
softdis,pdbflex,mmseqs_98,4dxe_A,4jm7A,143,143,mmseqs,100.000000,1.000000,1.000000,143
softdis,pdbflex,mmseqs_98,5ltw_C,5ltwG,149,149,mmseqs,100.000000,1.000000,1.000000,149
softdis,pdbflex,mmseqs_98,5lnl_A,5lnlC,151,151,mmseqs,100.000000,1.000000,1.000000,151
softdis,pdbflex,mmseqs_98,4d0v_A,4d0vD,145,145,mmseqs,100.000000,1.000000,1.000000,145
softdis,pdbflex,mmseqs_98,4e9m_A,4e9mA,144,144,mmseqs,100.000000,1.000000,1.000000,144
softdis,pdbflex,mmseqs_98,1xk8_A,1xk8D,147,147,mmseqs,100.000000,1.000000,1.000000,147
softdis,pdbflex,mmseqs_98,3wsr_A,3wwkC,128,128,mmseqs,100.000000,1.000000,1.000000,128
softdis,pdbflex,mmseqs_98,3zxf_A,3zxfB,138,138,mmseqs,100.000000,1.000000,1.000000,138
softdis,pdbflex,mmseqs_98,4d6x_A,4d6yA,148,148,mmseqs,100.000000,1.000000,1.000000,148
softdis,pdbflex,mmseqs_98,5ii7_A,5mr3E,138,136,mmseqs,100.000000,0.985507,1.000000,136
softdis,pdbflex,mmseqs_98,5nld_A,5nldB,139,139,mmseqs,100.000000,1.000000,1.000000,139
softdis,pdbflex,mmseqs_98,5u0i_A,5u0iB,140,140,mmseqs,100.000000,1.000000,1.000000,140
softdis,pdbflex,mmseqs_98,1pqf_B,1pqfA,143,143,mmseqs,100.000000,1.000000,1.000000,143
softdis,pdbflex,mmseqs_98,6af3_A,6af4A,141,141,mmseqs,100.000000,1.000000,1.000000,141
softdis,pdbflex,mmseqs_98,6ifb_A,6ifbB,135,135,mmseqs,100.000000,1.000000,1.000000,135
softdis,pdbflex,mmseqs_98,1osa_A,1osaA,148,148,mmseqs,100.000000,1.000000,1.000000,148
softdis,pdbflex,mmseqs_98,3dxe_C,3dxdA,140,140,mmseqs,100.000000,1.000000,1.000000,140
softdis,pdbflex,mmseqs_98,6eun_A,6eunA,156,156,mmseqs,100.000000,1.000000,1.000000,156
softdis,pdbflex,mmseqs_98,7o4p_A,3vy7A,148,139,mmseqs,100.000000,0.939189,0.985816,139
softdis,pdbflex,mmseqs_98,2g0i_A,2g0jC,145,145,mmseqs,100.000000,1.000000,1.000000,145
softdis,pdbflex,mmseqs_98,1bj3_A,1bj3A,129,129,mmseqs,100.000000,1.000000,1.000000,129
softdis,pdbflex,mmseqs_98,4ozj_A,4oznA,143,143,mmseqs,100.000000,1.000000,1.000000,143
softdis,pdbflex,mmseqs_98,5h9p_A,6q17A,158,138,mmseqs,100.000000,0.873418,0.992806,138
softdis,pdbflex,mmseqs_98,4erh_B,4rhaA,148,141,mmseqs,100.000000,0.952703,0.965753,141
softdis,pdbflex,mmseqs_98,1ov8_C,1qhqA,140,140,mmseqs,100.000000,1.000000,1.000000,140
softdis,pdbflex,mmseqs_98,3lus_A,3lusB,148,148,mmseqs,100.000000,1.000000,1.000000,148
softdis,pdbflex,mmseqs_98,3ul5_A,3ul5D,139,139,mmseqs,100.000000,1.000000,1.000000,139
softdis,pdbflex,mmseqs_98,4x09_A,6enpA,128,128,mmseqs,100.000000,1.000000,1.000000,128
softdis,pdbflex,mmseqs_98,5gi0_A,5gi0A,133,133,mmseqs,100.000000,1.000000,1.000000,133
softdis,pdbflex,mmseqs_98,5v6f_A,5v6cB,138,138,mmseqs,100.000000,1.000000,1.000000,138
softdis,pdbflex,mmseqs_98,2oz1_B,2oz1F,138,138,mmseqs,100.000000,1.000000,1.000000,138
softdis,pdbflex,mmseqs_98,2qzj_A,2qzjA,136,136,mmseqs,100.000000,1.000000,1.000000,136
softdis,pdbflex,mmseqs_98,1is6_A,1is3A,135,135,mmseqs,100.000000,1.000000,1.000000,135
softdis,pdbflex,mmseqs_98,5m6h_A,6h6rA,127,127,mmseqs,100.000000,1.000000,1.000000,127
softdis,pdbflex,mmseqs_98,5n16_D,5n15A,138,138,mmseqs,100.000000,1.000000,1.000000,138
softdis,pdbflex,mmseqs_98,6mtj_D,6mtnD,134,134,mmseqs,100.000000,1.000000,1.000000,134
softdis,pdbflex,mmseqs_98,1yxj_B,1ypuB,130,128,mmseqs,100.000000,0.984615,0.948148,128
softdis,pdbflex,mmseqs_98,2ymz_A,2ymzA,130,130,mmseqs,100.000000,1.000000,1.000000,130
softdis,pdbflex,mmseqs_98,1bj3_B,1j34B,123,123,mmseqs,100.000000,1.000000,1.000000,123
softdis,pdbflex,mmseqs_98,3ljd_A,2vq8A,126,125,mmseqs,100.000000,0.992063,0.899281,125
softdis,pdbflex,mmseqs_98,3fz2_A,3fz2E,134,134,mmseqs,100.000000,1.000000,1.000000,134
softdis,pdbflex,mmseqs_98,6d48_E,6d49A,127,127,mmseqs,100.000000,1.000000,1.000000,127
softdis,pdbflex,mmseqs_98,1kcg_A,1mpuA,124,124,mmseqs,100.000000,1.000000,0.898551,124
softdis,pdbflex,mmseqs_98,2gwf_B,2fzpA,134,134,mmseqs,100.000000,1.000000,0.930556,134
softdis,pdbflex,mmseqs_98,6e7d_A,6e7dE,124,124,mmseqs,100.000000,1.000000,1.000000,124
softdis,pdbflex,mmseqs_98,7x9o_A,3a6tA,129,129,mmseqs,100.000000,1.000000,1.000000,129
softdis,pdbflex,mmseqs_98,3c3i_B,3c3iB,141,141,mmseqs,100.000000,1.000000,1.000000,141
softdis,pdbflex,mmseqs_98,6scf_G,6scfF,138,138,mmseqs,100.000000,1.000000,1.000000,138
softdis,pdbflex,mmseqs_98,1f7n_B,1f7rA,136,136,mmseqs,100.000000,1.000000,1.000000,136
softdis,pdbflex,mmseqs_98,5fgs_A,5fgsC,136,136,mmseqs,100.000000,1.000000,1.000000,136
softdis,pdbflex,mmseqs_98,2jca_A,2jbzA,143,143,mmseqs,100.000000,1.000000,1.000000,143
softdis,pdbflex,mmseqs_98,2qq4_B,2qq4A,138,138,mmseqs,100.000000,1.000000,1.000000,138
softdis,pdbflex,mmseqs_98,4n6m_A,4n6mA,132,132,mmseqs,100.000000,1.000000,1.000000,132
softdis,pdbflex,mmseqs_98,1b6e_A,3bdwA,128,123,mmseqs,100.000000,0.960938,1.000000,123
softdis,pdbflex,mmseqs_98,4uhs_A,4uhkA,136,136,mmseqs,100.000000,1.000000,1.000000,136
softdis,pdbflex,mmseqs_98,5y61_B,5eazA,138,135,mmseqs,100.000000,0.978261,1.000000,135
softdis,pdbflex,mmseqs_98,2vzc_A,2vzcA,131,131,mmseqs,100.000000,1.000000,1.000000,131
softdis,pdbflex,mmseqs_98,4o1i_A,4o1iD,138,138,mmseqs,100.000000,1.000000,1.000000,138
softdis,pdbflex,mmseqs_98,5v52_D,3r0nA,140,127,mmseqs,100.000000,0.907143,0.992188,127
softdis,pdbflex,mmseqs_98,6br7_A,6br7B,133,133,mmseqs,100.000000,1.000000,1.000000,133
softdis,pdbflex,mmseqs_98,6s45_A,6qqhA,128,128,mmseqs,100.000000,1.000000,1.000000,128
softdis,pdbflex,mmseqs_98,3iqc_A,3iqcA,131,131,mmseqs,100.000000,1.000000,1.000000,131
softdis,pdbflex,mmseqs_98,1oxk_B,2r25B,134,132,mmseqs,100.000000,0.985075,0.992481,132
softdis,pdbflex,mmseqs_98,1za3_R,1d4vA,134,115,mmseqs,100.000000,0.858209,0.982906,115
softdis,pdbflex,mmseqs_98,6cmv_A,6cmvB,139,139,mmseqs,100.000000,1.000000,1.000000,139
softdis,pdbflex,mmseqs_98,6cps_A,6cpsA,131,131,mmseqs,100.000000,1.000000,1.000000,131
softdis,pdbflex,mmseqs_98,1qmp_A,1qmpA,130,130,mmseqs,100.000000,1.000000,1.000000,130
softdis,pdbflex,mmseqs_98,3lte_M,3lteD,132,132,mmseqs,100.000000,1.000000,1.000000,132
softdis,pdbflex,mmseqs_98,4pup_A,4qybB,131,125,mmseqs,100.000000,0.954198,1.000000,125
softdis,pdbflex,mmseqs_98,2omo_A,2omoA,124,124,mmseqs,100.000000,1.000000,1.000000,124
softdis,pdbflex,mmseqs_98,3ulg_B,2nxqA,134,134,mmseqs,100.000000,1.000000,1.000000,134
softdis,pdbflex,mmseqs_98,4n21_A,4n21C,130,130,mmseqs,100.000000,1.000000,1.000000,130
softdis,pdbflex,mmseqs_98,1cxa_A,1l9jC,124,124,mmseqs,100.000000,1.000000,1.000000,124
softdis,pdbflex,mmseqs_98,3cdg_K,3cdgF,120,120,mmseqs,100.000000,1.000000,1.000000,120
softdis,pdbflex,mmseqs_98,4o32_A,3ul3B,138,128,mmseqs,100.000000,0.927536,1.000000,128
softdis,pdbflex,mmseqs_98,4tum_A,4tumA,132,132,mmseqs,100.000000,1.000000,1.000000,132
softdis,pdbflex,mmseqs_98,1jr8_A,1jraA,117,117,mmseqs,100.000000,1.000000,1.000000,117
softdis,pdbflex,mmseqs_98,6h6n_A,6h6nA,131,131,mmseqs,100.000000,1.000000,1.000000,131
softdis,pdbflex,mmseqs_98,2jjs_A,2uv3B,126,126,mmseqs,100.000000,1.000000,1.000000,126
softdis,pdbflex,mmseqs_98,2yhf_A,2yhfA,118,118,mmseqs,100.000000,1.000000,1.000000,118
softdis,pdbflex,mmseqs_98,5hbl_A,5hblA,127,127,mmseqs,100.000000,1.000000,1.000000,127
softdis,pdbflex,mmseqs_98,5s8c_A,5encA,128,128,mmseqs,100.000000,1.000000,0.977099,128
softdis,pdbflex,mmseqs_98,6gdv_C,6gduA,133,133,mmseqs,100.000000,1.000000,1.000000,133
softdis,pdbflex,mmseqs_98,6is1_E,6is2A,128,128,mmseqs,100.000000,1.000000,1.000000,128
softdis,pdbflex,mmseqs_98,4qey_A,4qeyA,132,132,mmseqs,100.000000,1.000000,1.000000,132
softdis,pdbflex,mmseqs_98,5dc4_A,3uyoA,123,123,mmseqs,100.000000,1.000000,1.000000,123
softdis,pdbflex,mmseqs_98,2j1k_T,1f5wA,128,126,mmseqs,100.000000,0.984375,1.000000,126
softdis,pdbflex,mmseqs_98,6p17_B,6p1eB,123,123,mmseqs,100.000000,1.000000,1.000000,123
softdis,pdbflex,mmseqs_98,2fwe_A,1uc7A,134,125,mmseqs,100.000000,0.932836,1.000000,125
softdis,pdbflex,mmseqs_98,3h7q_A,3ne3B,132,130,mmseqs,100.000000,0.984848,1.000000,130
softdis,pdbflex,mmseqs_98,6ar4_A,6bjnA,125,125,mmseqs,100.000000,1.000000,1.000000,125
softdis,pdbflex,mmseqs_98,4ox8_A,4ox8A,128,128,mmseqs,100.000000,1.000000,1.000000,128
softdis,pdbflex,mmseqs_98,3rtl_A,3rtlB,121,121,mmseqs,100.000000,1.000000,1.000000,121
softdis,pdbflex,mmseqs_98,4lw9_Q,4lw9A,120,120,mmseqs,100.000000,1.000000,1.000000,120
softdis,pdbflex,mmseqs_98,1orj_A,1orjA,130,130,mmseqs,100.000000,1.000000,1.000000,130
softdis,pdbflex,mmseqs_98,1sf8_A,1sf8G,126,126,mmseqs,100.000000,1.000000,1.000000,126
softdis,pdbflex,mmseqs_98,2j80_A,1p0zA,135,129,mmseqs,100.000000,0.955556,0.984733,129
softdis,pdbflex,mmseqs_98,5cqx_A,5cqxB,119,119,mmseqs,100.000000,1.000000,1.000000,119
softdis,pdbflex,mmseqs_98,2iug_A,2iuhA,120,120,mmseqs,100.000000,1.000000,1.000000,120
softdis,pdbflex,mmseqs_98,2x18_E,2x18E,119,119,mmseqs,100.000000,1.000000,1.000000,119
softdis,pdbflex,mmseqs_98,1d5w_B,1dckB,126,126,mmseqs,100.000000,1.000000,1.000000,126
softdis,pdbflex,mmseqs_98,3o6u_A,3o6uA,128,128,mmseqs,100.000000,1.000000,1.000000,128
softdis,pdbflex,mmseqs_98,3wgd_A,3wgdC,113,113,mmseqs,100.000000,1.000000,1.000000,113
softdis,pdbflex,mmseqs_98,4lx8_A,4hnsA,124,124,mmseqs,100.000000,1.000000,1.000000,124
softdis,pdbflex,mmseqs_98,4q0o_A,3g0jA,124,124,mmseqs,100.000000,1.000000,1.000000,124
softdis,pdbflex,mmseqs_98,1w89_A,1w4vA,119,119,mmseqs,100.000000,1.000000,1.000000,119
softdis,pdbflex,mmseqs_98,2qms_A,4wwqB,120,120,mmseqs,100.000000,1.000000,1.000000,120
softdis,pdbflex,mmseqs_98,4of6_A,4of6B,120,120,mmseqs,100.000000,1.000000,1.000000,120
softdis,pdbflex,mmseqs_98,4ofi_A,4ofiC,115,115,mmseqs,100.000000,1.000000,1.000000,115
softdis,pdbflex,mmseqs_98,1mav_A,1m5tA,124,124,mmseqs,100.000000,1.000000,1.000000,124
softdis,pdbflex,mmseqs_98,2atp_C,1bqhH,122,122,mmseqs,100.000000,1.000000,0.945736,122
softdis,pdbflex,mmseqs_98,4lxr_J,3e07A,114,114,mmseqs,100.000000,1.000000,1.000000,114
softdis,pdbflex,mmseqs_98,5mkx_B,5fe6B,119,119,mmseqs,100.000000,1.000000,1.000000,119
softdis,pdbflex,mmseqs_98,5t2q_A,5t2rA,108,108,mmseqs,100.000000,1.000000,1.000000,108
softdis,pdbflex,mmseqs_98,5cmo_C,5suvA,125,125,mmseqs,100.000000,1.000000,0.992063,125
softdis,pdbflex,mmseqs_98,5d9z_B,5d9zB,112,112,mmseqs,100.000000,1.000000,1.000000,112
softdis,pdbflex,mmseqs_98,1fte_B,1fthA,122,122,mmseqs,100.000000,1.000000,1.000000,122
softdis,pdbflex,mmseqs_98,1ytt_A,1msbA,115,115,mmseqs,100.000000,1.000000,1.000000,115
softdis,pdbflex,mmseqs_98,2vm2_A,2vm1C,118,118,mmseqs,100.000000,1.000000,1.000000,118
softdis,pdbflex,mmseqs_98,5mpw_A,5mpwA,115,115,mmseqs,100.000000,1.000000,1.000000,115
softdis,pdbflex,mmseqs_98,7xne_A,6yijA,133,117,mmseqs,100.000000,0.879699,0.983193,117
softdis,pdbflex,mmseqs_98,2w8b_C,2w8bG,118,118,mmseqs,100.000000,1.000000,1.000000,118
softdis,pdbflex,mmseqs_98,2oe0_A,2oe1A,114,114,mmseqs,100.000000,1.000000,1.000000,114
softdis,pdbflex,mmseqs_98,3f72_A,3f72B,122,122,mmseqs,100.000000,1.000000,1.000000,122
softdis,pdbflex,mmseqs_98,2qra_D,2qraC,111,111,mmseqs,100.000000,1.000000,1.000000,111
softdis,pdbflex,mmseqs_98,3uvt_A,3uvtC,111,111,mmseqs,100.000000,1.000000,1.000000,111
softdis,pdbflex,mmseqs_98,2of5_A,2of5A,114,114,mmseqs,100.000000,1.000000,1.000000,114
softdis,pdbflex,mmseqs_98,3ia0_Z,3ia0A,119,119,mmseqs,100.000000,1.000000,1.000000,119
softdis,pdbflex,mmseqs_98,5hiy_A,5hiyB,114,114,mmseqs,100.000000,1.000000,1.000000,114
softdis,pdbflex,mmseqs_98,4oiz_A,4oitB,113,113,mmseqs,100.000000,1.000000,1.000000,113
softdis,pdbflex,mmseqs_98,1f7t_A,1f7tA,122,122,mmseqs,100.000000,1.000000,1.000000,122
softdis,pdbflex,mmseqs_98,1oms_C,1omsC,121,121,mmseqs,100.000000,1.000000,1.000000,121
softdis,pdbflex,mmseqs_98,2cov_D,2covD,104,104,mmseqs,100.000000,1.000000,1.000000,104
softdis,pdbflex,mmseqs_98,3ded_A,3dedC,113,113,mmseqs,100.000000,1.000000,1.000000,113
softdis,pdbflex,mmseqs_98,3ssq_A,3ssqA,122,122,mmseqs,100.000000,1.000000,1.000000,122
softdis,pdbflex,mmseqs_98,4pu8_B,4pu4D,118,118,mmseqs,100.000000,1.000000,1.000000,118
softdis,pdbflex,mmseqs_98,7s4e_A,6haxE,125,121,mmseqs,100.000000,0.968000,0.983740,121
softdis,pdbflex,mmseqs_98,6azr_B,3dgeC,123,122,mmseqs,100.000000,0.991870,1.000000,122
softdis,pdbflex,mmseqs_98,6ctd_A,6ctdA,121,121,mmseqs,100.000000,1.000000,1.000000,121
softdis,pdbflex,mmseqs_98,2was_A,2watA,122,122,mmseqs,100.000000,1.000000,1.000000,122
softdis,pdbflex,mmseqs_98,5fm8_A,5fm4B,112,112,mmseqs,100.000000,1.000000,1.000000,112
softdis,pdbflex,mmseqs_98,2of5_H,2of5H,118,118,mmseqs,100.000000,1.000000,1.000000,118
softdis,pdbflex,mmseqs_98,5un5_D,5un5C,123,123,mmseqs,100.000000,1.000000,1.000000,123
softdis,pdbflex,mmseqs_98,2z8v_C,2z8vC,116,116,mmseqs,100.000000,1.000000,1.000000,116
softdis,pdbflex,mmseqs_98,3f8b_A,3f8fA,116,116,mmseqs,100.000000,1.000000,0.920635,116
softdis,pdbflex,mmseqs_98,2zv3_A,2zv3B,115,115,mmseqs,100.000000,1.000000,1.000000,115
softdis,pdbflex,mmseqs_98,4xjk_D,4xjkD,114,114,mmseqs,100.000000,1.000000,1.000000,114
softdis,pdbflex,mmseqs_98,5e6n_A,5azhA,118,115,mmseqs,100.000000,0.974576,0.898438,115
softdis,pdbflex,mmseqs_98,6f5c_A,6quaB,127,117,mmseqs,100.000000,0.921260,1.000000,117
softdis,pdbflex,mmseqs_98,6j2z_F,6j2zB,108,108,mmseqs,100.000000,1.000000,1.000000,108
softdis,pdbflex,mmseqs_98,6jnl_A,6jnmA,101,101,mmseqs,100.000000,1.000000,1.000000,101
softdis,pdbflex,mmseqs_98,1kb2_B,1kb6B,110,110,mmseqs,100.000000,1.000000,1.000000,110
softdis,pdbflex,mmseqs_98,5j0l_A,5j0lA,141,141,mmseqs,100.000000,1.000000,1.000000,141
softdis,pdbflex,mmseqs_98,6ebb_A,6ebbA,120,120,mmseqs,100.000000,1.000000,1.000000,120
softdis,pdbflex,mmseqs_98,6er7_A,6exrA,120,120,mmseqs,100.000000,1.000000,1.000000,120
softdis,pdbflex,mmseqs_98,3ahp_A,3ahpB,108,108,mmseqs,100.000000,1.000000,1.000000,108
softdis,pdbflex,mmseqs_98,1i85_B,1i85A,110,110,mmseqs,100.000000,1.000000,1.000000,110
softdis,pdbflex,mmseqs_98,2pmu_A,2pmuB,110,110,mmseqs,100.000000,1.000000,1.000000,110
softdis,pdbflex,mmseqs_98,4pj1_O,4pj1Z,114,114,mmseqs,100.000000,1.000000,1.000000,114
softdis,pdbflex,mmseqs_98,4hjm_A,4n11A,111,111,mmseqs,100.000000,1.000000,1.000000,111
softdis,pdbflex,mmseqs_98,5aqf_D,5aquB,118,118,mmseqs,100.000000,1.000000,1.000000,118
softdis,pdbflex,mmseqs_98,5j7d_A,5j7dA,112,112,mmseqs,100.000000,1.000000,1.000000,112
softdis,pdbflex,mmseqs_98,5zhc_A,5zi8A,113,113,mmseqs,100.000000,1.000000,1.000000,113
softdis,pdbflex,mmseqs_98,1xw3_A,1xw3A,110,110,mmseqs,100.000000,1.000000,1.000000,110
softdis,pdbflex,mmseqs_98,2gsg_A,2otuA,116,114,mmseqs,100.000000,0.982759,0.991304,114
softdis,pdbflex,mmseqs_98,3jv6_B,3jv6B,107,107,mmseqs,100.000000,1.000000,1.000000,107
softdis,pdbflex,mmseqs_98,3r7n_B,1pyoD,112,104,mmseqs,100.000000,0.928571,0.990476,104
softdis,pdbflex,mmseqs_98,4n9g_C,4jlrC,123,123,mmseqs,100.000000,1.000000,1.000000,123
softdis,pdbflex,mmseqs_98,4yyi_A,4yyhB,108,108,mmseqs,100.000000,1.000000,1.000000,108
softdis,pdbflex,mmseqs_98,6i19_A,6q46A,113,113,mmseqs,100.000000,1.000000,1.000000,113
softdis,pdbflex,mmseqs_98,4rwx_A,4rwwA,114,113,mmseqs,100.000000,0.991228,1.000000,113
softdis,pdbflex,mmseqs_98,5or8_A,4qbmA,106,106,mmseqs,100.000000,1.000000,1.000000,106
softdis,pdbflex,mmseqs_98,5yny_A,5ynxA,128,118,mmseqs,100.000000,0.921875,1.000000,118
softdis,pdbflex,mmseqs_98,7sn6_A,4fxwA,106,106,mmseqs,100.000000,1.000000,1.000000,106
softdis,pdbflex,mmseqs_98,5xe2_A,5xe2A,107,107,mmseqs,100.000000,1.000000,1.000000,107
softdis,pdbflex,mmseqs_98,1bcp_D,1ptoD,110,110,mmseqs,100.000000,1.000000,1.000000,110
softdis,pdbflex,mmseqs_98,4y00_A,4y00A,103,103,mmseqs,100.000000,1.000000,1.000000,103
softdis,pdbflex,mmseqs_98,5x5l_A,5x5lE,109,109,mmseqs,100.000000,1.000000,1.000000,109
softdis,pdbflex,mmseqs_98,6pxb_F,6pxcA,109,109,mmseqs,100.000000,1.000000,1.000000,109
softdis,pdbflex,mmseqs_98,3qkb_A,3qkbA,111,111,mmseqs,100.000000,1.000000,1.000000,111
softdis,pdbflex,mmseqs_98,1gxp_A,1gxqA,106,106,mmseqs,100.000000,1.000000,1.000000,106
softdis,pdbflex,mmseqs_98,2pys_A,2pysB,109,109,mmseqs,100.000000,1.000000,1.000000,109
softdis,pdbflex,mmseqs_98,3dar_A,3cafA,105,100,mmseqs,100.000000,0.952381,1.000000,100
softdis,pdbflex,mmseqs_98,3mlf_A,3mlfA,111,111,mmseqs,100.000000,1.000000,1.000000,111
softdis,pdbflex,mmseqs_98,6app_B,4w2oB,106,106,mmseqs,100.000000,1.000000,1.000000,106
softdis,pdbflex,mmseqs_98,6gbg_D,2gk2B,115,107,mmseqs,100.000000,0.930435,0.963964,107
softdis,pdbflex,mmseqs_98,6ppp_G,3swnF,119,113,mmseqs,100.000000,0.949580,0.965812,113
softdis,pdbflex,mmseqs_98,3nsi_A,3nsiB,101,101,mmseqs,100.000000,1.000000,1.000000,101
softdis,pdbflex,mmseqs_98,3tkz_A,4je4A,109,103,mmseqs,100.000000,0.944954,0.971698,103
softdis,pdbflex,mmseqs_98,1bxa_A,2j55A,105,105,mmseqs,100.000000,1.000000,1.000000,105
softdis,pdbflex,mmseqs_98,3d1m_C,3n1fD,102,102,mmseqs,100.000000,1.000000,1.000000,102
softdis,pdbflex,mmseqs_98,3mop_D,3mopA,110,110,mmseqs,100.000000,1.000000,1.000000,110
softdis,pdbflex,mmseqs_98,4omy_A,4omzC,118,118,mmseqs,100.000000,1.000000,1.000000,118
softdis,pdbflex,mmseqs_98,2puk_C,2pukC,106,106,mmseqs,100.000000,1.000000,1.000000,106
softdis,pdbflex,mmseqs_98,5hk3_A,5hkcA,114,114,mmseqs,100.000000,1.000000,1.000000,114
softdis,pdbflex,mmseqs_98,6aso_G,4c92G,115,115,mmseqs,100.000000,1.000000,1.000000,115
softdis,pdbflex,mmseqs_98,1d4t_A,1d4tA,104,104,mmseqs,100.000000,1.000000,1.000000,104
softdis,pdbflex,mmseqs_98,1nw2_A,1nw2A,105,105,mmseqs,100.000000,1.000000,1.000000,105
softdis,pdbflex,mmseqs_98,4emh_U,4emhA,105,105,mmseqs,100.000000,1.000000,1.000000,105
softdis,pdbflex,mmseqs_98,4k2e_A,4ooiB,112,112,mmseqs,100.000000,1.000000,1.000000,112
softdis,pdbflex,mmseqs_98,4h2t_C,4h2uD,110,110,mmseqs,100.000000,1.000000,1.000000,110
softdis,pdbflex,mmseqs_98,4zk7_M,4zk7Q,111,111,mmseqs,100.000000,1.000000,1.000000,111
softdis,pdbflex,mmseqs_98,6kc4_A,6kc4A,102,102,mmseqs,100.000000,1.000000,1.000000,102
softdis,pdbflex,mmseqs_98,2d00_C,2d00A,109,109,mmseqs,100.000000,1.000000,1.000000,109
softdis,pdbflex,mmseqs_98,5ym6_A,5ym8B,115,108,mmseqs,100.000000,0.939130,1.000000,108
softdis,pdbflex,mmseqs_98,2hd3_A,2hd3B,103,103,mmseqs,100.000000,1.000000,1.000000,103
softdis,pdbflex,mmseqs_98,2pe8_A,2pehA,105,105,mmseqs,100.000000,1.000000,1.000000,105
softdis,pdbflex,mmseqs_98,3k3s_A,3k3sA,105,105,mmseqs,100.000000,1.000000,1.000000,105
softdis,pdbflex,mmseqs_98,3qby_A,3qbyA,94,94,mmseqs,100.000000,1.000000,1.000000,94
softdis,pdbflex,mmseqs_98,3qdo_A,3qdoA,109,109,mmseqs,100.000000,1.000000,1.000000,109
softdis,pdbflex,mmseqs_98,5j7k_A,5j7kB,99,99,mmseqs,100.000000,1.000000,1.000000,99
softdis,pdbflex,mmseqs_98,1ql3_A,1ql4A,99,99,mmseqs,100.000000,1.000000,1.000000,99
softdis,pdbflex,mmseqs_98,3nit_A,3nitA,90,90,mmseqs,100.000000,1.000000,1.000000,90
softdis,pdbflex,mmseqs_98,4jur_I,4hfkB,105,105,mmseqs,100.000000,1.000000,1.000000,105
softdis,pdbflex,mmseqs_98,1ehd_A,1ehhA,89,89,mmseqs,100.000000,1.000000,1.000000,89
softdis,pdbflex,mmseqs_98,2pei_A,2peiD,109,109,mmseqs,100.000000,1.000000,1.000000,109
softdis,pdbflex,mmseqs_98,2wwk_T,2wwmD,102,102,mmseqs,100.000000,1.000000,1.000000,102
softdis,pdbflex,mmseqs_98,4nyo_A,4nyoA,102,102,mmseqs,100.000000,1.000000,1.000000,102
softdis,pdbflex,mmseqs_98,4pw9_B,4pwaD,106,106,mmseqs,100.000000,1.000000,1.000000,106
softdis,pdbflex,mmseqs_98,4q2n_A,4q2nB,103,103,mmseqs,100.000000,1.000000,1.000000,103
softdis,pdbflex,mmseqs_98,6thh_A,6expF,104,104,mmseqs,100.000000,1.000000,1.000000,104
softdis,pdbflex,mmseqs_98,3oei_C,3oeiC,96,96,mmseqs,100.000000,1.000000,1.000000,96
softdis,pdbflex,mmseqs_98,4ygc_B,4ygdH,104,104,mmseqs,100.000000,1.000000,1.000000,104
softdis,pdbflex,mmseqs_98,6el8_A,6el8A,99,99,mmseqs,100.000000,1.000000,1.000000,99
softdis,pdbflex,mmseqs_98,6n3f_C,6n3dA,96,96,mmseqs,100.000000,1.000000,1.000000,96
softdis,pdbflex,mmseqs_98,8eg6_B,3qnwB,109,100,mmseqs,100.000000,0.917431,1.000000,100
softdis,pdbflex,mmseqs_98,1r1u_A,1r1uC,106,106,mmseqs,100.000000,1.000000,1.000000,106
softdis,pdbflex,mmseqs_98,2ql5_B,4lszD,97,97,mmseqs,100.000000,1.000000,0.923810,97
softdis,pdbflex,mmseqs_98,2vkj_A,2vkjA,106,106,mmseqs,100.000000,1.000000,1.000000,106
softdis,pdbflex,mmseqs_98,6o8o_A,6o8oB,111,111,mmseqs,100.000000,1.000000,1.000000,111
softdis,pdbflex,mmseqs_98,1jxg_B,1jxgA,100,100,mmseqs,100.000000,1.000000,1.000000,100
softdis,pdbflex,mmseqs_98,1psr_A,1psrA,100,100,mmseqs,100.000000,1.000000,1.000000,100
softdis,pdbflex,mmseqs_98,1wmg_A,1wmgA,103,103,mmseqs,100.000000,1.000000,1.000000,103
softdis,pdbflex,mmseqs_98,2pr0_A,2pr0A,94,94,mmseqs,100.000000,1.000000,1.000000,94
softdis,pdbflex,mmseqs_98,3oq9_H,3oq9H,100,100,mmseqs,100.000000,1.000000,1.000000,100
softdis,pdbflex,mmseqs_98,3stq_A,3stqA,102,102,mmseqs,100.000000,1.000000,1.000000,102
softdis,pdbflex,mmseqs_98,4h2w_C,4h2wC,103,103,mmseqs,100.000000,1.000000,1.000000,103
softdis,pdbflex,mmseqs_98,4zka_A,4zkaA,100,100,mmseqs,100.000000,1.000000,1.000000,100
softdis,pdbflex,mmseqs_98,5ied_B,5f0eB,88,88,mmseqs,100.000000,1.000000,1.000000,88
softdis,pdbflex,mmseqs_98,5m3d_A,5m3tB,101,101,mmseqs,100.000000,1.000000,1.000000,101
softdis,pdbflex,mmseqs_98,6lbi_C,3co6C,118,100,mmseqs,100.000000,0.847458,1.000000,100
softdis,pdbflex,mmseqs_98,1bt6_B,1a4pA,96,96,mmseqs,100.000000,1.000000,1.000000,96
softdis,pdbflex,mmseqs_98,3kjn_B,3kjnB,95,95,mmseqs,100.000000,1.000000,1.000000,95
softdis,pdbflex,mmseqs_98,5jvh_L,1nkwM,114,114,mmseqs,100.000000,1.000000,1.000000,114
softdis,pdbflex,mmseqs_98,5to4_A,5eg3B,101,97,mmseqs,100.000000,0.960396,0.850877,97
softdis,pdbflex,mmseqs_98,5xpb_D,5xpcB,100,100,mmseqs,100.000000,1.000000,1.000000,100
softdis,pdbflex,mmseqs_98,3oe3_A,3oe3C,98,98,mmseqs,100.000000,1.000000,1.000000,98
softdis,pdbflex,mmseqs_98,1pal_A,1pvbA,108,107,mmseqs,100.000000,0.990741,0.990741,107
softdis,pdbflex,mmseqs_98,2q73_A,2q73C,100,100,mmseqs,100.000000,1.000000,1.000000,100
softdis,pdbflex,mmseqs_98,3b83_A,3b83C,100,100,mmseqs,100.000000,1.000000,1.000000,100
softdis,pdbflex,mmseqs_98,5dft_A,5dftA,101,101,mmseqs,100.000000,1.000000,1.000000,101
softdis,pdbflex,mmseqs_98,2cxk_A,2cxkA,95,95,mmseqs,100.000000,1.000000,1.000000,95
softdis,pdbflex,mmseqs_98,6fia_A,6fiaD,104,104,mmseqs,100.000000,1.000000,1.000000,104
softdis,pdbflex,mmseqs_98,3isw_A,3iswB,99,99,mmseqs,100.000000,1.000000,1.000000,99
softdis,pdbflex,mmseqs_98,4jvz_A,4jvzC,99,99,mmseqs,100.000000,1.000000,1.000000,99
softdis,pdbflex,mmseqs_98,3pqj_A,3pqkB,102,102,mmseqs,100.000000,1.000000,1.000000,102
softdis,pdbflex,mmseqs_98,4dxe_H,4dxeI,101,101,mmseqs,100.000000,1.000000,1.000000,101
softdis,pdbflex,mmseqs_98,4j45_A,4j48A,86,86,mmseqs,100.000000,1.000000,1.000000,86
softdis,pdbflex,mmseqs_98,2hyi_B,2hyiB,91,91,mmseqs,100.000000,1.000000,1.000000,91
softdis,pdbflex,mmseqs_98,3mq1_D,3mq1A,103,103,mmseqs,100.000000,1.000000,1.000000,103
softdis,pdbflex,mmseqs_98,4y5o_A,4fqnA,98,98,mmseqs,100.000000,1.000000,1.000000,98
softdis,pdbflex,mmseqs_98,1owf_A,1owgA,99,99,mmseqs,100.000000,1.000000,1.000000,99
softdis,pdbflex,mmseqs_98,1vp7_C,1vp7B,100,100,mmseqs,100.000000,1.000000,1.000000,100
softdis,pdbflex,mmseqs_98,2qkv_A,2qkvA,96,96,mmseqs,100.000000,1.000000,1.000000,96
softdis,pdbflex,mmseqs_98,2rcf_A,2rcfA,91,91,mmseqs,100.000000,1.000000,1.000000,91
softdis,pdbflex,mmseqs_98,2vph_A,5ez0D,100,92,mmseqs,100.000000,0.920000,0.859813,92
softdis,pdbflex,mmseqs_98,3ulj_A,3uljB,90,90,mmseqs,100.000000,1.000000,1.000000,90
softdis,pdbflex,mmseqs_98,1aue_A,4driB,100,90,mmseqs,100.000000,0.900000,0.918367,90
softdis,pdbflex,mmseqs_98,1kkl_H,1kklJ,100,100,mmseqs,100.000000,1.000000,1.000000,100
softdis,pdbflex,mmseqs_98,3lnx_A,3lnxA,96,96,mmseqs,100.000000,1.000000,1.000000,96
softdis,pdbflex,mmseqs_98,5l37_A,5l37C,95,95,mmseqs,100.000000,1.000000,1.000000,95
softdis,pdbflex,mmseqs_98,1n9s_J,1n9sC,93,93,mmseqs,100.000000,1.000000,1.000000,93
softdis,pdbflex,mmseqs_98,1w2i_A,1v3zA,91,91,mmseqs,100.000000,1.000000,1.000000,91
softdis,pdbflex,mmseqs_98,3mli_A,3mliD,100,100,mmseqs,100.000000,1.000000,1.000000,100
softdis,pdbflex,mmseqs_98,1n5z_A,1jqqB,92,92,mmseqs,100.000000,1.000000,1.000000,92
softdis,pdbflex,mmseqs_98,4hi2_B,6krbA,91,91,mmseqs,100.000000,1.000000,1.000000,91
softdis,pdbflex,mmseqs_98,5csf_A,5csnA,95,95,mmseqs,100.000000,1.000000,1.000000,95
softdis,pdbflex,mmseqs_98,1owf_B,1owfB,94,94,mmseqs,100.000000,1.000000,1.000000,94
softdis,pdbflex,mmseqs_98,1yn4_A,1yn4A,99,99,mmseqs,100.000000,1.000000,1.000000,99
softdis,pdbflex,mmseqs_98,2aib_A,2a8fA,98,98,mmseqs,100.000000,1.000000,1.000000,98
softdis,pdbflex,mmseqs_98,2h3r_A,2oa5B,110,110,mmseqs,100.000000,1.000000,1.000000,110
softdis,pdbflex,mmseqs_98,2x5h_A,2x5hD,97,97,mmseqs,100.000000,1.000000,1.000000,97
softdis,pdbflex,mmseqs_98,2ek1_F,2ek1A,95,95,mmseqs,100.000000,1.000000,1.000000,95
softdis,pdbflex,mmseqs_98,2o94_A,2o94A,112,112,mmseqs,100.000000,1.000000,1.000000,112
softdis,pdbflex,mmseqs_98,4pjo_B,1d3bL,95,91,mmseqs,100.000000,0.957895,1.000000,91
softdis,pdbflex,mmseqs_98,1h0x_A,1h0yA,100,100,mmseqs,100.000000,1.000000,1.000000,100
softdis,pdbflex,mmseqs_98,2qyp_A,2qypB,91,91,mmseqs,100.000000,1.000000,1.000000,91
softdis,pdbflex,mmseqs_98,2wc8_A,2wc8D,95,95,mmseqs,100.000000,1.000000,1.000000,95
softdis,pdbflex,mmseqs_98,3p6y_C,3p5tM,90,90,mmseqs,100.000000,1.000000,1.000000,90
softdis,pdbflex,mmseqs_98,4uow_5,4c4kO,93,93,mmseqs,100.000000,1.000000,0.948980,93
softdis,pdbflex,mmseqs_98,5e1y_A,5e1yA,95,95,mmseqs,100.000000,1.000000,1.000000,95
softdis,pdbflex,mmseqs_98,1mfg_A,2h3lA,95,92,mmseqs,100.000000,0.968421,0.893204,92
softdis,pdbflex,mmseqs_98,5xjr_E,3pgwH,92,92,mmseqs,100.000000,1.000000,1.000000,92
softdis,pdbflex,mmseqs_98,2hnw_E,2hnuA,80,80,mmseqs,100.000000,1.000000,0.987654,80
softdis,pdbflex,mmseqs_98,4lmm_A,4n6xA,91,91,mmseqs,100.000000,1.000000,1.000000,91
softdis,pdbflex,mmseqs_98,4nxp_A,4nxrA,94,94,mmseqs,100.000000,1.000000,1.000000,94
softdis,pdbflex,mmseqs_98,6aso_E,5vsuE,93,93,mmseqs,100.000000,1.000000,0.968750,93
softdis,pdbflex,mmseqs_98,6c12_D,1x6iA,101,87,mmseqs,100.000000,0.861386,0.956044,87
softdis,pdbflex,mmseqs_98,6msv_F,6msvD,92,92,mmseqs,100.000000,1.000000,1.000000,92
softdis,pdbflex,mmseqs_98,6ppn_C,4emgA,95,93,mmseqs,100.000000,0.978947,1.000000,93
softdis,pdbflex,mmseqs_98,5cba_E,4zaiA,88,88,mmseqs,100.000000,1.000000,1.000000,88
softdis,pdbflex,mmseqs_98,3b4d_A,3ucgA,96,88,mmseqs,100.000000,0.916667,0.988764,88
softdis,pdbflex,mmseqs_98,4fxe_D,4fxhB,95,95,mmseqs,100.000000,1.000000,1.000000,95
softdis,pdbflex,mmseqs_98,4qeg_A,5jdjA,91,91,mmseqs,100.000000,1.000000,1.000000,91
softdis,pdbflex,mmseqs_98,5iqq_A,5iqqA,91,91,mmseqs,100.000000,1.000000,1.000000,91
softdis,pdbflex,mmseqs_98,5lsb_B,5lslE,84,84,mmseqs,100.000000,1.000000,1.000000,84
softdis,pdbflex,mmseqs_98,6a77_A,5o5iA,91,89,mmseqs,100.000000,0.978022,0.967391,89
softdis,pdbflex,mmseqs_98,2nwa_A,2nwaA,88,88,mmseqs,100.000000,1.000000,1.000000,88
softdis,pdbflex,mmseqs_98,3hzb_A,3hzbD,90,90,mmseqs,100.000000,1.000000,1.000000,90
softdis,pdbflex,mmseqs_98,1wnr_A,1wnrG,94,94,mmseqs,100.000000,1.000000,1.000000,94
softdis,pdbflex,mmseqs_98,3hug_A,3hugA,92,92,mmseqs,100.000000,1.000000,1.000000,92
softdis,pdbflex,mmseqs_98,4i7a_B,4i7aD,95,95,mmseqs,100.000000,1.000000,1.000000,95
softdis,pdbflex,mmseqs_98,4v0u_E,4v0uE,84,84,mmseqs,100.000000,1.000000,1.000000,84
softdis,pdbflex,mmseqs_98,4wxa_B,4wx8B,94,94,mmseqs,100.000000,1.000000,1.000000,94
softdis,pdbflex,mmseqs_98,4xq3_A,4xq3F,91,91,mmseqs,100.000000,1.000000,1.000000,91
softdis,pdbflex,mmseqs_98,6e55_A,6e55A,90,90,mmseqs,100.000000,1.000000,1.000000,90
softdis,pdbflex,mmseqs_98,6ny6_Y,2a6sB,84,84,mmseqs,100.000000,1.000000,1.000000,84
softdis,pdbflex,mmseqs_98,2djw_I,2djwA,92,92,mmseqs,100.000000,1.000000,1.000000,92
softdis,pdbflex,mmseqs_98,2zug_A,2zugA,90,90,mmseqs,100.000000,1.000000,1.000000,90
softdis,pdbflex,mmseqs_98,1pht_A,1phtA,85,85,mmseqs,100.000000,1.000000,1.000000,85
softdis,pdbflex,mmseqs_98,2j8b_A,2uwrA,79,78,mmseqs,100.000000,0.987342,0.987342,78
softdis,pdbflex,mmseqs_98,2uzc_B,2uzcC,88,88,mmseqs,100.000000,1.000000,1.000000,88
softdis,pdbflex,mmseqs_98,3cw1_F,3pgwF,86,86,mmseqs,100.000000,1.000000,1.000000,86
softdis,pdbflex,mmseqs_98,4kyp_A,1bcgA,84,76,mmseqs,100.000000,0.904762,0.987013,76
softdis,pdbflex,mmseqs_98,4ybh_B,4ybhB,92,92,mmseqs,100.000000,1.000000,1.000000,92
softdis,pdbflex,mmseqs_98,6mye_A,5vwcA,95,91,mmseqs,100.000000,0.957895,0.900990,91
softdis,pdbflex,mmseqs_98,6xnj_A,4jopA,91,87,mmseqs,100.000000,0.956044,1.000000,87
softdis,pdbflex,mmseqs_98,8a58_C,6fgaC,85,85,mmseqs,100.000000,1.000000,0.841584,85
softdis,pdbflex,mmseqs_98,4wk8_G,3qrfF,82,82,mmseqs,100.000000,1.000000,1.000000,82
softdis,pdbflex,mmseqs_98,3hz2_A,5ht9A,84,84,mmseqs,100.000000,1.000000,1.000000,84
softdis,pdbflex,mmseqs_98,6aso_C,3bw1A,97,89,mmseqs,100.000000,0.917526,0.927083,89
softdis,pdbflex,mmseqs_98,6aso_D,4m7dG,93,93,mmseqs,100.000000,1.000000,1.000000,93
softdis,pdbflex,mmseqs_98,6jy5_D,6jy5D,85,85,mmseqs,100.000000,1.000000,1.000000,85
softdis,pdbflex,mmseqs_98,2vsp_A,6eziA,91,85,mmseqs,100.000000,0.934066,0.955056,85
softdis,pdbflex,mmseqs_98,3bq7_A,3bq7C,81,81,mmseqs,100.000000,1.000000,1.000000,81
softdis,pdbflex,mmseqs_98,3kfd_I,6macK,85,80,mmseqs,100.000000,0.941176,1.000000,80
softdis,pdbflex,mmseqs_98,3vp8_B,3vp8B,92,92,mmseqs,100.000000,1.000000,1.000000,92
softdis,pdbflex,mmseqs_98,5tda_A,3ny2D,76,75,mmseqs,100.000000,0.986842,1.000000,75
softdis,pdbflex,mmseqs_98,1p78_A,1p71A,94,94,mmseqs,100.000000,1.000000,1.000000,94
softdis,pdbflex,mmseqs_98,3r84_B,3r84V,92,92,mmseqs,100.000000,1.000000,1.000000,92
softdis,pdbflex,mmseqs_98,6f63_A,6f63A,98,98,mmseqs,100.000000,1.000000,1.000000,98
softdis,pdbflex,mmseqs_98,3qmb_A,3qmbA,79,79,mmseqs,100.000000,1.000000,1.000000,79
softdis,pdbflex,mmseqs_98,3t6r_A,3t6rA,72,72,mmseqs,100.000000,1.000000,1.000000,72
softdis,pdbflex,mmseqs_98,4bl6_A,4bl6C,94,94,mmseqs,100.000000,1.000000,1.000000,94
softdis,pdbflex,mmseqs_98,5yts_A,6a6lA,83,83,mmseqs,100.000000,1.000000,1.000000,83
softdis,pdbflex,mmseqs_98,6o8q_A,6o8qB,91,91,mmseqs,100.000000,1.000000,1.000000,91
softdis,pdbflex,mmseqs_98,5zjr_A,5zjrA,84,84,mmseqs,100.000000,1.000000,1.000000,84
softdis,pdbflex,mmseqs_98,4icu_A,4icvA,85,85,mmseqs,100.000000,1.000000,1.000000,85
softdis,pdbflex,mmseqs_98,4oml_A,4omlA,78,78,mmseqs,100.000000,1.000000,1.000000,78
softdis,pdbflex,mmseqs_98,5x3p_A,5x3pA,83,83,mmseqs,100.000000,1.000000,1.000000,83
softdis,pdbflex,mmseqs_98,6g6j_A,6g6kA,94,94,mmseqs,100.000000,1.000000,1.000000,94
softdis,pdbflex,mmseqs_98,3zie_A,3zieB,86,86,mmseqs,100.000000,1.000000,1.000000,86
softdis,pdbflex,mmseqs_98,2rb3_A,3bqpA,85,78,mmseqs,100.000000,0.917647,0.975000,78
softdis,pdbflex,mmseqs_98,5eyo_A,5eyoC,88,88,mmseqs,100.000000,1.000000,1.000000,88
softdis,pdbflex,mmseqs_98,2yhn_A,2yhoE,79,79,mmseqs,100.000000,1.000000,1.000000,79
softdis,pdbflex,mmseqs_98,5gnj_G,5gnjB,89,89,mmseqs,100.000000,1.000000,1.000000,89
softdis,pdbflex,mmseqs_98,6aso_F,5vsuF,88,88,mmseqs,100.000000,1.000000,1.000000,88
softdis,pdbflex,mmseqs_98,6mpf_S,5wnpS,80,80,mmseqs,100.000000,1.000000,0.987654,80
softdis,pdbflex,mmseqs_98,1wp8_B,1wp8A,89,89,mmseqs,100.000000,1.000000,1.000000,89
softdis,pdbflex,mmseqs_98,4hwc_A,4hwcB,89,89,mmseqs,100.000000,1.000000,1.000000,89
softdis,pdbflex,mmseqs_98,5eki_A,5ekiE,79,79,mmseqs,100.000000,1.000000,1.000000,79
softdis,pdbflex,mmseqs_98,1gcp_A,1gcqC,70,70,mmseqs,100.000000,1.000000,1.000000,70
softdis,pdbflex,mmseqs_98,1b4f_A,1b4fB,82,82,mmseqs,100.000000,1.000000,1.000000,82
softdis,pdbflex,mmseqs_98,1gua_B,4g0nB,81,78,mmseqs,100.000000,0.962963,1.000000,78
softdis,pdbflex,mmseqs_98,2v6x_A,5fvlA,85,83,mmseqs,100.000000,0.976471,1.000000,83
softdis,pdbflex,mmseqs_98,4pyu_A,4pyuA,76,76,mmseqs,100.000000,1.000000,1.000000,76
softdis,pdbflex,mmseqs_98,4z88_G,4z88D,73,73,mmseqs,100.000000,1.000000,1.000000,73
softdis,pdbflex,mmseqs_98,5jxc_B,5jxcA,92,92,mmseqs,100.000000,1.000000,1.000000,92
softdis,pdbflex,mmseqs_98,5v6h_A,5v6hE,79,79,mmseqs,100.000000,1.000000,1.000000,79
softdis,pdbflex,mmseqs_98,5whf_C,5whfC,90,90,mmseqs,100.000000,1.000000,1.000000,90
softdis,pdbflex,mmseqs_98,7ulg_A,2ctxA,72,71,mmseqs,100.000000,0.986111,1.000000,71
softdis,pdbflex,mmseqs_98,1mo1_A,1mo1B,87,87,mmseqs,100.000000,1.000000,1.000000,87
softdis,pdbflex,mmseqs_98,1r6j_A,1r6jA,82,82,mmseqs,100.000000,1.000000,1.000000,82
softdis,pdbflex,mmseqs_98,1zg5_E,1je8E,82,82,mmseqs,100.000000,1.000000,1.000000,82
softdis,pdbflex,mmseqs_98,1zke_A,1zkeD,83,83,mmseqs,100.000000,1.000000,1.000000,83
softdis,pdbflex,mmseqs_98,5izs_A,5izsC,95,95,mmseqs,100.000000,1.000000,1.000000,95
softdis,pdbflex,mmseqs_98,5wb2_B,5wb2B,76,76,mmseqs,100.000000,1.000000,1.000000,76
softdis,pdbflex,mmseqs_98,2cvi_A,2cviA,83,83,mmseqs,100.000000,1.000000,1.000000,83
softdis,pdbflex,mmseqs_98,3vfz_A,3vepH,86,86,mmseqs,100.000000,1.000000,1.000000,86
softdis,pdbflex,mmseqs_98,1zzi_A,1zziA,82,82,mmseqs,100.000000,1.000000,1.000000,82
softdis,pdbflex,mmseqs_98,3zdm_C,3zdmC,81,81,mmseqs,100.000000,1.000000,1.000000,81
softdis,pdbflex,mmseqs_98,6bug_A,6buhA,82,82,mmseqs,100.000000,1.000000,1.000000,82
softdis,pdbflex,mmseqs_98,1dok_A,1dokA,77,77,mmseqs,100.000000,1.000000,1.000000,77
softdis,pdbflex,mmseqs_98,1nkn_A,3basB,89,89,mmseqs,100.000000,1.000000,1.000000,89
softdis,pdbflex,mmseqs_98,1th7_K,1th7A,81,81,mmseqs,100.000000,1.000000,1.000000,81
softdis,pdbflex,mmseqs_98,5c13_A,5wxhA,64,63,mmseqs,100.000000,0.984375,1.000000,63
softdis,pdbflex,mmseqs_98,3hvz_A,3hvzA,78,78,mmseqs,100.000000,1.000000,1.000000,78
softdis,pdbflex,mmseqs_98,4w4m_A,4w4mH,78,78,mmseqs,100.000000,1.000000,1.000000,78
softdis,pdbflex,mmseqs_98,6xa9_B,5w8uB,80,77,mmseqs,100.000000,0.962500,0.974684,77
softdis,pdbflex,mmseqs_98,1n8e_A,1fzaA,89,87,mmseqs,100.000000,0.977528,1.000000,87
softdis,pdbflex,mmseqs_98,2bwe_S,2bwfA,77,77,mmseqs,100.000000,1.000000,1.000000,77
softdis,pdbflex,mmseqs_98,2ybr_C,2ybrI,66,66,mmseqs,100.000000,1.000000,1.000000,66
softdis,pdbflex,mmseqs_98,3qv1_G,6kezM,82,78,mmseqs,100.000000,0.951220,0.975000,78
softdis,pdbflex,mmseqs_98,4q9u_C,4q9uG,92,92,mmseqs,100.000000,1.000000,1.000000,92
softdis,pdbflex,mmseqs_98,6ryl_C,6rydA,76,76,mmseqs,100.000000,1.000000,1.000000,76
softdis,pdbflex,mmseqs_98,2zbc_A,2zbcA,83,83,mmseqs,100.000000,1.000000,1.000000,83
softdis,pdbflex,mmseqs_98,4hwh_A,4hwhE,88,88,mmseqs,100.000000,1.000000,1.000000,88
softdis,pdbflex,mmseqs_98,1rp3_D,1rp3B,88,88,mmseqs,100.000000,1.000000,1.000000,88
softdis,pdbflex,mmseqs_98,2ibz_H,1kb9F,74,74,mmseqs,100.000000,1.000000,1.000000,74
softdis,pdbflex,mmseqs_98,4x8w_A,4x8wE,75,75,mmseqs,100.000000,1.000000,1.000000,75
softdis,pdbflex,mmseqs_98,5lb7_B,5lb7B,80,80,mmseqs,100.000000,1.000000,1.000000,80
softdis,pdbflex,mmseqs_98,3obh_A,4g06A,82,73,mmseqs,100.000000,0.890244,0.924051,73
softdis,pdbflex,mmseqs_98,4aei_A,4aeiA,65,64,mmseqs,100.000000,0.984615,0.984615,64
softdis,pdbflex,mmseqs_98,6gfq_C,6gfoE,77,77,mmseqs,100.000000,1.000000,1.000000,77
softdis,pdbflex,mmseqs_98,6pce_A,6pceB,70,70,mmseqs,100.000000,1.000000,1.000000,70
softdis,pdbflex,mmseqs_98,5f5t_C,5f5tC,84,84,mmseqs,100.000000,1.000000,1.000000,84
softdis,pdbflex,mmseqs_98,7cqv_E,3ucwD,80,77,mmseqs,100.000000,0.962500,0.974684,77
softdis,pdbflex,mmseqs_98,8kg2_M,3r3mA,76,76,mmseqs,100.000000,1.000000,0.894118,76
softdis,pdbflex,mmseqs_98,3soh_B,3sohB,80,80,mmseqs,100.000000,1.000000,1.000000,80
softdis,pdbflex,mmseqs_98,4e2i_4,4e2i2,78,78,mmseqs,100.000000,1.000000,1.000000,78
softdis,pdbflex,mmseqs_98,5ydk_A,5ydkF,87,87,mmseqs,100.000000,1.000000,1.000000,87
softdis,pdbflex,mmseqs_98,6ppp_F,4emkB,77,75,mmseqs,100.000000,0.974026,1.000000,75
softdis,pdbflex,mmseqs_98,3vke_A,3vkeA,76,76,mmseqs,100.000000,1.000000,1.000000,76
softdis,pdbflex,mmseqs_98,4uus_F,5zjrB,76,73,mmseqs,100.000000,0.960526,0.986486,73
softdis,pdbflex,mmseqs_98,5ako_B,3vpvA,77,77,mmseqs,100.000000,1.000000,0.905882,77
softdis,pdbflex,mmseqs_98,5xjr_G,3pgwG,76,76,mmseqs,100.000000,1.000000,1.000000,76
softdis,pdbflex,mmseqs_98,6nf3_A,6dxrB,83,83,mmseqs,100.000000,1.000000,1.000000,83
softdis,pdbflex,mmseqs_98,1va7_A,1ruwA,70,69,mmseqs,100.000000,0.985714,1.000000,69
softdis,pdbflex,mmseqs_98,3gtj_J,4c3jJ,70,70,mmseqs,100.000000,1.000000,1.000000,70
softdis,pdbflex,mmseqs_98,3kvp_A,3kvpD,72,72,mmseqs,100.000000,1.000000,1.000000,72
softdis,pdbflex,mmseqs_98,1ppj_U,5nmiU,78,78,mmseqs,100.000000,1.000000,0.857143,78
softdis,pdbflex,mmseqs_98,3trt_A,3trtA,77,77,mmseqs,100.000000,1.000000,1.000000,77
softdis,pdbflex,mmseqs_98,6cfx_A,6cfxD,80,80,mmseqs,100.000000,1.000000,1.000000,80
softdis,pdbflex,mmseqs_98,3nm9_A,3nm9A,73,73,mmseqs,100.000000,1.000000,1.000000,73
softdis,pdbflex,mmseqs_98,4cc4_B,4cc4B,68,68,mmseqs,100.000000,1.000000,1.000000,68
softdis,pdbflex,mmseqs_98,2er8_A,2er8A,72,72,mmseqs,100.000000,1.000000,1.000000,72
softdis,pdbflex,mmseqs_98,5mki_B,5mknd,72,72,mmseqs,100.000000,1.000000,1.000000,72
softdis,pdbflex,mmseqs_98,2zqk_M,2zqkM,77,77,mmseqs,100.000000,1.000000,1.000000,77
softdis,pdbflex,mmseqs_98,6hc2_B,6hc2B,71,71,mmseqs,100.000000,1.000000,1.000000,71
softdis,pdbflex,mmseqs_98,3ebx_A,6ebxA,62,62,mmseqs,100.000000,1.000000,1.000000,62
softdis,pdbflex,mmseqs_98,4m8a_A,4m8aB,72,72,mmseqs,100.000000,1.000000,1.000000,72
softdis,pdbflex,mmseqs_98,6u0j_B,6n3pK,85,77,mmseqs,100.000000,0.905882,0.962500,77
softdis,pdbflex,mmseqs_98,1wdx_A,1tg0A,69,68,mmseqs,100.000000,0.985507,1.000000,68
softdis,pdbflex,mmseqs_98,3zpv_1,3zpv1,62,62,mmseqs,100.000000,1.000000,1.000000,62
softdis,pdbflex,mmseqs_98,5mnj_D,5mnjH,64,64,mmseqs,100.000000,1.000000,1.000000,64
softdis,pdbflex,mmseqs_98,4lhx_C,4lhzE,78,78,mmseqs,100.000000,1.000000,1.000000,78
softdis,pdbflex,mmseqs_98,4yg1_A,4yg1A,72,72,mmseqs,100.000000,1.000000,1.000000,72
softdis,pdbflex,mmseqs_98,4bdt_B,1fssB,61,61,mmseqs,100.000000,1.000000,1.000000,61
softdis,pdbflex,mmseqs_98,4yxa_B,4yx1A,70,70,mmseqs,100.000000,1.000000,1.000000,70
softdis,pdbflex,mmseqs_98,4zm0_A,3k33C,73,73,mmseqs,100.000000,1.000000,1.000000,73
softdis,pdbflex,mmseqs_98,4rqm_A,4rqmA,71,71,mmseqs,100.000000,1.000000,1.000000,71
softdis,pdbflex,mmseqs_98,5i44_B,5i44B,69,69,mmseqs,100.000000,1.000000,1.000000,69
softdis,pdbflex,mmseqs_98,5lxo_F,5lxoC,81,81,mmseqs,100.000000,1.000000,1.000000,81
softdis,pdbflex,mmseqs_98,6ama_A,6amaY,71,71,mmseqs,100.000000,1.000000,1.000000,71
softdis,pdbflex,mmseqs_98,2rjv_A,2rjvA,67,67,mmseqs,100.000000,1.000000,1.000000,67
softdis,pdbflex,mmseqs_98,2zi0_A,2zi0A,75,75,mmseqs,100.000000,1.000000,1.000000,75
softdis,pdbflex,mmseqs_98,3iv1_C,3iv1A,78,78,mmseqs,100.000000,1.000000,1.000000,78
softdis,pdbflex,mmseqs_98,1eja_B,1c9tG,59,59,mmseqs,100.000000,1.000000,1.000000,59
softdis,pdbflex,mmseqs_98,3byb_B,3bybA,59,59,mmseqs,100.000000,1.000000,1.000000,59
softdis,pdbflex,mmseqs_98,6gbq_A,6gbqA,71,71,mmseqs,100.000000,1.000000,1.000000,71
softdis,pdbflex,mmseqs_98,1fse_A,1fseB,74,74,mmseqs,100.000000,1.000000,1.000000,74
softdis,pdbflex,mmseqs_98,3bid_H,3bidE,64,64,mmseqs,100.000000,1.000000,1.000000,64
softdis,pdbflex,mmseqs_98,3lyv_E,3lyvA,66,66,mmseqs,100.000000,1.000000,1.000000,66
softdis,pdbflex,mmseqs_98,4wci_A,4wciC,65,65,mmseqs,100.000000,1.000000,1.000000,65
softdis,pdbflex,mmseqs_98,6rfk_E,6rfkE,62,62,mmseqs,100.000000,1.000000,1.000000,62
softdis,pdbflex,mmseqs_98,2w10_A,2w10B,62,62,mmseqs,100.000000,1.000000,1.000000,62
softdis,pdbflex,mmseqs_98,3nmd_A,3nmdA,72,72,mmseqs,100.000000,1.000000,1.000000,72
softdis,pdbflex,mmseqs_98,3qo2_A,3qo2A,64,64,mmseqs,100.000000,1.000000,1.000000,64
softdis,pdbflex,mmseqs_98,3zqm_G,3zqnI,72,72,mmseqs,100.000000,1.000000,1.000000,72
softdis,pdbflex,mmseqs_98,4b6d_A,4b6dA,61,61,mmseqs,100.000000,1.000000,1.000000,61
softdis,pdbflex,mmseqs_98,3a7o_A,3a7oE,75,75,mmseqs,100.000000,1.000000,1.000000,75
softdis,pdbflex,mmseqs_98,2f5z_K,2f60K,64,64,mmseqs,100.000000,1.000000,1.000000,64
softdis,pdbflex,mmseqs_98,3pmk_N,3pmkN,68,68,mmseqs,100.000000,1.000000,1.000000,68
softdis,pdbflex,mmseqs_98,6dm9_A,6dm9A,78,77,mmseqs,100.000000,0.987179,0.987179,77
softdis,pdbflex,mmseqs_98,6dm9_B,6dm9B,78,78,mmseqs,100.000000,1.000000,1.000000,78
softdis,pdbflex,mmseqs_98,2xdj_A,2wz7B,83,75,mmseqs,100.000000,0.903614,1.000000,75
softdis,pdbflex,mmseqs_98,6msq_A,6msqB,76,76,mmseqs,100.000000,1.000000,1.000000,76
softdis,pdbflex,mmseqs_98,1kli_L,5l2zL,69,58,mmseqs,100.000000,0.840580,1.000000,58
softdis,pdbflex,mmseqs_98,2r1j_L,3jxbC,68,67,mmseqs,100.000000,0.985294,1.000000,67
softdis,pdbflex,mmseqs_98,2yf2_A,2yf2C,65,65,mmseqs,100.000000,1.000000,1.000000,65
softdis,pdbflex,mmseqs_98,3cjh_B,3cjhB,64,64,mmseqs,100.000000,1.000000,1.000000,64
softdis,pdbflex,mmseqs_98,5np5_A,5np3D,61,61,mmseqs,100.000000,1.000000,1.000000,61
softdis,pdbflex,mmseqs_98,7ciz_C,5bnvF,70,70,mmseqs,100.000000,1.000000,1.000000,70
softdis,pdbflex,mmseqs_98,1aap_A,1zjdB,58,56,mmseqs,100.000000,0.965517,0.982456,56
softdis,pdbflex,mmseqs_98,1per_L,2or1L,69,69,mmseqs,100.000000,1.000000,1.000000,69
softdis,pdbflex,mmseqs_98,2xj3_A,2xiuA,66,66,mmseqs,100.000000,1.000000,1.000000,66
softdis,pdbflex,mmseqs_98,1b6w_A,1b6wA,69,69,mmseqs,100.000000,1.000000,1.000000,69
softdis,pdbflex,mmseqs_98,1ojh_A,1ojhD,65,65,mmseqs,100.000000,1.000000,1.000000,65
softdis,pdbflex,mmseqs_98,2drm_A,2drkA,58,57,mmseqs,100.000000,0.982759,0.966102,57
softdis,pdbflex,mmseqs_98,5xop_A,5xopA,66,66,mmseqs,100.000000,1.000000,1.000000,66
softdis,pdbflex,mmseqs_98,2fpe_G,2fpeA,62,62,mmseqs,100.000000,1.000000,1.000000,62
softdis,pdbflex,mmseqs_98,2htm_E,2cu3B,64,64,mmseqs,100.000000,1.000000,1.000000,64
softdis,pdbflex,mmseqs_98,7tpb_A,2j05A,66,61,mmseqs,100.000000,0.924242,0.938462,61
softdis,pdbflex,mmseqs_98,4u39_N,4u39J,60,60,mmseqs,100.000000,1.000000,1.000000,60
softdis,pdbflex,mmseqs_98,4x8u_L,5l2zL,55,55,mmseqs,100.000000,1.000000,0.948276,55
softdis,pdbflex,mmseqs_98,1i07_A,1aojA,60,60,mmseqs,100.000000,1.000000,1.000000,60
softdis,pdbflex,mmseqs_98,3sja_C,3sjaC,65,65,mmseqs,100.000000,1.000000,1.000000,65
softdis,pdbflex,mmseqs_98,4f2j_C,3uk3D,57,57,mmseqs,100.000000,1.000000,1.000000,57
softdis,pdbflex,mmseqs_98,5ytq_C,5ytqA,77,77,mmseqs,100.000000,1.000000,1.000000,77
softdis,pdbflex,mmseqs_98,1gto_A,1gtoA,62,62,mmseqs,100.000000,1.000000,1.000000,62
softdis,pdbflex,mmseqs_98,1yn8_A,1yn8A,59,59,mmseqs,100.000000,1.000000,1.000000,59
softdis,pdbflex,mmseqs_98,3m06_A,3m0dA,72,66,mmseqs,100.000000,0.916667,1.000000,66
softdis,pdbflex,mmseqs_98,3u7u_K,3u7uH,55,55,mmseqs,100.000000,1.000000,1.000000,55
softdis,pdbflex,mmseqs_98,4ji2_N,4ji0N,61,61,mmseqs,100.000000,1.000000,1.000000,61
softdis,pdbflex,mmseqs_98,5cci_B,1n7sB,67,66,mmseqs,100.000000,0.985075,0.970588,66
softdis,pdbflex,mmseqs_98,5ih2_A,1b07A,58,57,mmseqs,100.000000,0.982759,0.876923,57
softdis,pdbflex,mmseqs_98,6iya_A,6iyaF,66,66,mmseqs,100.000000,1.000000,1.000000,66
softdis,pdbflex,mmseqs_98,1fr3_H,1fr3A,67,67,mmseqs,100.000000,1.000000,1.000000,67
softdis,pdbflex,mmseqs_98,1gut_C,1gunA,68,68,mmseqs,100.000000,1.000000,1.000000,68
softdis,pdbflex,mmseqs_98,2bay_A,2bayE,61,61,mmseqs,100.000000,1.000000,1.000000,61
softdis,pdbflex,mmseqs_98,2bmg_A,3tk5B,53,53,mmseqs,100.000000,1.000000,0.981481,53
softdis,pdbflex,mmseqs_98,6j4k_A,6j4kA,60,60,mmseqs,100.000000,1.000000,1.000000,60
softdis,pdbflex,mmseqs_98,5zi6_A,5zi6A,55,55,mmseqs,100.000000,1.000000,1.000000,55
softdis,pdbflex,mmseqs_98,6n6s_B,6n6sD,72,72,mmseqs,100.000000,1.000000,1.000000,72
softdis,pdbflex,mmseqs_98,6dfy_C,6a8rB,64,60,mmseqs,100.000000,0.937500,1.000000,60
softdis,pdbflex,mmseqs_98,1bu1_A,1bu1A,57,57,mmseqs,100.000000,1.000000,1.000000,57
softdis,pdbflex,mmseqs_98,1gd2_E,1gd2E,70,70,mmseqs,100.000000,1.000000,1.000000,70
softdis,pdbflex,mmseqs_98,5vyg_B,5vygB,50,50,mmseqs,100.000000,1.000000,1.000000,50
softdis,pdbflex,mmseqs_98,2vi6_F,2vi6A,62,62,mmseqs,100.000000,1.000000,1.000000,62
softdis,pdbflex,mmseqs_98,4rkg_A,4rkhD,52,52,mmseqs,100.000000,1.000000,1.000000,52
softdis,pdbflex,mmseqs_98,4mn3_A,4x3kA,56,56,mmseqs,100.000000,1.000000,0.875000,56
softdis,pdbflex,mmseqs_98,4tsf_I,2v7qJ,66,66,mmseqs,100.000000,1.000000,1.000000,66
softdis,pdbflex,mmseqs_98,6d07_A,6d07A,55,55,mmseqs,100.000000,1.000000,1.000000,55
softdis,pdbflex,mmseqs_98,6gqa_A,6gqnA,62,62,mmseqs,100.000000,1.000000,1.000000,62
softdis,pdbflex,mmseqs_98,6od3_A,6od5A,62,62,mmseqs,100.000000,1.000000,1.000000,62
softdis,pdbflex,mmseqs_98,4n4n_B,4n4oD,57,57,mmseqs,100.000000,1.000000,1.000000,57
softdis,pdbflex,mmseqs_98,4w7y_A,4w7yA,64,64,mmseqs,100.000000,1.000000,1.000000,64
softdis,pdbflex,mmseqs_98,2x7a_K,2x7aA,61,61,mmseqs,100.000000,1.000000,1.000000,61
softdis,pdbflex,mmseqs_98,5kko_A,5kkoC,55,55,mmseqs,100.000000,1.000000,1.000000,55
softdis,pdbflex,mmseqs_98,2y20_A,2y20C,58,58,mmseqs,100.000000,1.000000,1.000000,58
softdis,pdbflex,mmseqs_98,6uci_A,6uciD,68,68,mmseqs,100.000000,1.000000,1.000000,68
softdis,pdbflex,mmseqs_98,5t01_A,5t01A,64,64,mmseqs,100.000000,1.000000,1.000000,64
softdis,pdbflex,mmseqs_98,6mry_A,6mryA,48,48,mmseqs,100.000000,1.000000,1.000000,48
softdis,pdbflex,mmseqs_98,1kql_A,1kqlA,56,56,mmseqs,100.000000,1.000000,1.000000,56
softdis,pdbflex,mmseqs_98,2bnz_D,2bnwB,53,53,mmseqs,100.000000,1.000000,1.000000,53
softdis,pdbflex,mmseqs_98,3a1y_A,3a1yA,58,58,mmseqs,100.000000,1.000000,1.000000,58
softdis,pdbflex,mmseqs_98,3szs_A,3szsB,46,46,mmseqs,100.000000,1.000000,1.000000,46
softdis,pdbflex,mmseqs_98,5ylg_A,4pxvC,49,49,mmseqs,100.000000,1.000000,1.000000,49
softdis,pdbflex,mmseqs_98,2ltn_B,1rinD,52,49,mmseqs,100.000000,0.942308,1.000000,49
softdis,pdbflex,mmseqs_98,2rkl_A,2rklA,53,53,mmseqs,100.000000,1.000000,1.000000,53
softdis,pdbflex,mmseqs_98,5u96_A,5u96A,52,52,mmseqs,100.000000,1.000000,1.000000,52
softdis,pdbflex,mmseqs_98,4fz0_M,4fz0O,40,40,mmseqs,100.000000,1.000000,1.000000,40
softdis,pdbflex,mmseqs_98,4z6y_C,4z6yH,56,56,mmseqs,100.000000,1.000000,1.000000,56
softdis,pdbflex,mmseqs_98,2vut_I,2vusM,43,43,mmseqs,100.000000,1.000000,1.000000,43
softdis,pdbflex,mmseqs_98,2wx4_A,2wx4D,46,46,mmseqs,100.000000,1.000000,1.000000,46
softdis,pdbflex,mmseqs_98,4mon_A,1krlA,45,44,mmseqs,100.000000,0.977778,1.000000,44
softdis,pdbflex,mmseqs_98,3m9h_A,3m91A,55,51,mmseqs,100.000000,0.927273,1.000000,51
softdis,pdbflex,mmseqs_98,1fbm_A,1vdfA,46,46,mmseqs,100.000000,1.000000,1.000000,46
softdis,pdbflex,mmseqs_98,6aup_A,6aupA,38,38,mmseqs,100.000000,1.000000,1.000000,38
softdis,pdbflex,mmseqs_98,2ho2_A,2oeiA,38,38,mmseqs,100.000000,1.000000,1.000000,38
softdis,pdbflex,mmseqs_98,5cx2_D,5cx2A,49,49,mmseqs,100.000000,1.000000,0.890909,49
softdis,pdbflex,mmseqs_98,4r4l_A,4r4lC,49,49,mmseqs,100.000000,1.000000,1.000000,49
softdis,pdbflex,mmseqs_98,3vux_E,3vuxG,35,35,mmseqs,100.000000,1.000000,1.000000,35
softdis,pdbflex,mmseqs_98,4aoq_D,4aoqE,37,37,mmseqs,100.000000,1.000000,1.000000,37
softdis,pdbflex,mmseqs_98,4d2h_A,4d2hA,38,38,mmseqs,100.000000,1.000000,1.000000,38
softdis,pdbflex,mmseqs_98,1nwx_4,3dll4,37,37,mmseqs,100.000000,1.000000,1.000000,37
softdis,pdbflex,mmseqs_98,3aae_Y,3aaeX,37,37,mmseqs,100.000000,1.000000,1.000000,37
softdis,pdbflex,mmseqs_98,4gdo_A,4gdoA,43,43,mmseqs,100.000000,1.000000,1.000000,43
softdis,pdbflex,mmseqs_98,5u52_E,1oqoC,34,34,mmseqs,100.000000,1.000000,1.000000,34
softdis,pdbflex,mmseqs_98,1zmk_B,1zmhA,29,29,mmseqs,100.000000,1.000000,1.000000,29
softdis,pdbflex,mmseqs_98,3rl0_Q,3rl0M,37,37,mmseqs,100.000000,1.000000,1.000000,37
softdis,pdbflex,mmseqs_98,5f5u_C,5f5uC,36,36,mmseqs,100.000000,1.000000,1.000000,36
softdis,pdbflex,mmseqs_98,1zv8_B,6lvnB,36,36,mmseqs,100.000000,1.000000,1.000000,36
softdis,pdbflex,mmseqs_98,4auv_A,4auvA,35,35,mmseqs,100.000000,1.000000,1.000000,35
softdis,pdbflex,mmseqs_98,2r2v_A,2r2vA,34,34,mmseqs,100.000000,1.000000,1.000000,34
softdis,pdbflex,mmseqs_98,4qae_P,4qaeP,25,25,mmseqs,100.000000,1.000000,1.000000,25
softdis,pdbflex,mmseqs_98,2afq_C,6p9uC,29,28,mmseqs,100.000000,0.965517,0.903226,28
softdis,pdbflex,mmseqs_98,2wfv_A,2wfvA,25,25,mmseqs,100.000000,1.000000,1.000000,25
softdis,pdbflex,mmseqs_98,4riq_C,4riqC,27,27,mmseqs,100.000000,1.000000,1.000000,27
softdis,pdbflex,mmseqs_98,1i5k_C,1i5kC,30,30,mmseqs,100.000000,1.000000,1.000000,30
softdis,pdbflex,mmseqs_98,5c6h_T,5c6hD,26,26,mmseqs,100.000000,1.000000,1.000000,26
softdis,pdbflex,mmseqs_98,4lop_K,4loqL,29,29,mmseqs,100.000000,1.000000,1.000000,29
softdis,pdbflex,mmseqs_98,4j4a_A,4j4aA,27,27,mmseqs,100.000000,1.000000,1.000000,27
softdis,pdbflex,mmseqs_98,5wob_a,2qiuA,20,20,mmseqs,100.000000,1.000000,0.909091,20
softdis,pdbflex,mmseqs_98,7m5c_B,2jbyB,25,22,mmseqs,100.000000,0.880000,0.846154,22
softdis,pdbflex,mmseqs_98,5jhc_f,5jhcA,24,24,mmseqs,100.000000,1.000000,1.000000,24
softdis,pdbflex,mmseqs_98,5uyr_A,5akpB,640,640,mmseqs,99.800000,1.000000,1.000000,640
softdis,pdbflex,mmseqs_98,5kj5_A,5kloA,520,520,mmseqs,99.800000,1.000000,1.000000,520
softdis,pdbflex,mmseqs_98,3ibr_A,3nouC,505,505,mmseqs,99.800000,1.000000,1.000000,505
softdis,pdbflex,mmseqs_98,4lqq_D,5nclA,508,508,mmseqs,99.800000,1.000000,1.000000,508
softdis,pdbflex,mmseqs_98,4v37_A,4v3fA,497,497,mmseqs,99.700000,1.000000,1.000000,497
softdis,pdbflex,mmseqs_98,4go3_H,4go4A,495,495,mmseqs,99.700000,1.000000,1.000000,495
softdis,pdbflex,mmseqs_98,2w8n_A,2w8pA,487,487,mmseqs,99.700000,1.000000,1.000000,487
softdis,pdbflex,mmseqs_98,2euh_A,2id2C,475,475,mmseqs,99.700000,1.000000,1.000000,475
softdis,pdbflex,mmseqs_98,3cv8_A,2zbzA,412,412,mmseqs,99.700000,1.000000,1.000000,412
softdis,pdbflex,mmseqs_98,4l77_A,4fyzA,398,398,mmseqs,99.700000,1.000000,1.000000,398
softdis,pdbflex,mmseqs_98,5de9_A,2d0eA,410,406,mmseqs,99.700000,0.990244,0.997543,406
softdis,pdbflex,mmseqs_98,1z8o_A,1z8pA,404,404,mmseqs,99.700000,1.000000,1.000000,404
softdis,pdbflex,mmseqs_98,1how_A,1q8zB,373,373,mmseqs,99.700000,1.000000,1.000000,373
softdis,pdbflex,mmseqs_98,3pew_A,3peyA,395,395,mmseqs,99.700000,1.000000,1.000000,395
softdis,pdbflex,mmseqs_98,6ln1_B,4azeA,347,346,mmseqs,99.700000,1.000000,0.905759,347
softdis,pdbflex,mmseqs_98,2hvy_A,2rfkA,346,334,mmseqs,99.700000,0.965318,1.000000,334
softdis,pdbflex,mmseqs_98,3rhj_C,3rhrA,517,517,mmseqs,99.600000,1.000000,1.000000,517
softdis,pdbflex,mmseqs_98,4ccb_A,3lctA,327,318,mmseqs,99.600000,0.972477,0.924419,318
softdis,pdbflex,mmseqs_98,6cj5_A,2ac3A,316,316,mmseqs,99.600000,1.000000,1.000000,316
softdis,pdbflex,mmseqs_98,2ycr_A,4bdiA,323,323,mmseqs,99.600000,1.000000,0.981763,323
softdis,pdbflex,mmseqs_98,4c8b_A,6s1fA,334,310,mmseqs,99.600000,0.928144,0.977918,310
softdis,pdbflex,mmseqs_98,2w9f_B,2w99B,306,306,mmseqs,99.600000,1.000000,1.000000,306
softdis,pdbflex,mmseqs_98,1zyc_A,1zxeC,303,303,mmseqs,99.600000,1.000000,1.000000,303
softdis,pdbflex,mmseqs_98,3zon_A,6nzpB,335,296,mmseqs,99.600000,0.883582,0.933754,296
softdis,pdbflex,mmseqs_98,6oyw_C,5vilA,294,293,mmseqs,99.600000,0.996599,1.000000,293
softdis,pdbflex,mmseqs_98,2xke_A,2w5bA,279,279,mmseqs,99.600000,1.000000,1.000000,279
softdis,pdbflex,mmseqs_98,4i5i_A,4kxqA,287,271,mmseqs,99.600000,0.944251,0.964413,271
softdis,pdbflex,mmseqs_98,3rsm_A,1k2yX,463,463,mmseqs,99.500000,1.000000,1.000000,463
softdis,pdbflex,mmseqs_98,6cz5_A,4pxaA,480,448,mmseqs,99.500000,0.933333,0.959315,448
softdis,pdbflex,mmseqs_98,7xbm_A,3zk5A,444,436,mmseqs,99.500000,0.981982,1.000000,436
softdis,pdbflex,mmseqs_98,3ivy_A,2x5lA,433,417,mmseqs,99.500000,0.963048,0.967517,417
softdis,pdbflex,mmseqs_98,6wgw_B,4c9pA,437,417,mmseqs,99.500000,0.954233,0.990499,417
softdis,pdbflex,mmseqs_98,1ipj_A,1ipkC,416,416,mmseqs,99.500000,1.000000,1.000000,416
softdis,pdbflex,mmseqs_98,2c3n_A,2c3qA,247,247,mmseqs,99.500000,1.000000,1.000000,247
softdis,pdbflex,mmseqs_98,6wzw_A,4ypaA,226,226,mmseqs,99.500000,1.000000,1.000000,226
softdis,pdbflex,mmseqs_98,2h4h_A,2h59A,246,246,mmseqs,99.500000,1.000000,1.000000,246
softdis,pdbflex,mmseqs_98,3f65_D,3gfuA,224,224,mmseqs,99.500000,1.000000,1.000000,224
softdis,pdbflex,mmseqs_98,1h4h_A,1h4hB,209,209,mmseqs,99.500000,1.000000,1.000000,209
softdis,pdbflex,mmseqs_98,1n0l_A,3dpaA,224,218,mmseqs,99.500000,0.973214,1.000000,218
softdis,pdbflex,mmseqs_98,3f2g_A,3fn8A,220,220,mmseqs,99.500000,1.000000,1.000000,220
softdis,pdbflex,mmseqs_98,1wnv_C,4gphC,215,215,mmseqs,99.500000,1.000000,1.000000,215
softdis,pdbflex,mmseqs_98,3rfz_C,1klfA,211,205,mmseqs,99.500000,0.971564,1.000000,205
softdis,pdbflex,mmseqs_98,5n2n_A,5lnmA,206,206,mmseqs,99.500000,1.000000,1.000000,206
softdis,pdbflex,mmseqs_98,5vyo_A,4k2dA,200,200,mmseqs,99.500000,1.000000,1.000000,200
softdis,pdbflex,mmseqs_98,5dch_A,3h93A,192,192,mmseqs,99.400000,1.000000,1.000000,192
softdis,pdbflex,mmseqs_98,2pq5_A,2gwoC,205,198,mmseqs,99.400000,0.965854,1.000000,198
softdis,pdbflex,mmseqs_98,1yzt_A,1z08C,184,170,mmseqs,99.400000,0.923913,1.000000,170
softdis,pdbflex,mmseqs_98,1slh_A,4gcyA,174,174,mmseqs,99.400000,1.000000,1.000000,174
softdis,pdbflex,mmseqs_98,4gv8_A,4wrkA,169,169,mmseqs,99.400000,1.000000,1.000000,169
softdis,pdbflex,mmseqs_98,3hvs_A,3hvvA,167,167,mmseqs,99.400000,1.000000,1.000000,167
softdis,pdbflex,mmseqs_98,7mgj_A,4yfiC,330,330,mmseqs,99.300000,1.000000,1.000000,330
softdis,pdbflex,mmseqs_98,1a54_A,1qulA,321,321,mmseqs,99.300000,1.000000,1.000000,321
softdis,pdbflex,mmseqs_98,3lvp_A,1p4oB,336,313,mmseqs,99.300000,0.931548,0.972050,313
softdis,pdbflex,mmseqs_98,2ab4_A,1ze1A,309,309,mmseqs,99.300000,1.000000,1.000000,309
softdis,pdbflex,mmseqs_98,3ori_D,3f69B,311,311,mmseqs,99.300000,1.000000,1.000000,311
softdis,pdbflex,mmseqs_98,6gtt_A,6eimB,302,302,mmseqs,99.300000,1.000000,1.000000,302
softdis,pdbflex,mmseqs_98,5ut4_A,5i4nA,289,289,mmseqs,99.300000,1.000000,0.996552,289
softdis,pdbflex,mmseqs_98,4wnm_A,4gfgA,299,286,mmseqs,99.300000,0.956522,0.989691,288
softdis,pdbflex,mmseqs_98,3hny_M,1d7pM,159,158,mmseqs,99.300000,0.993711,0.993711,158
softdis,pdbflex,mmseqs_98,3hji_A,3hjkA,154,154,mmseqs,99.300000,1.000000,1.000000,154
softdis,pdbflex,mmseqs_98,1ib5_A,1bzoA,151,151,mmseqs,99.300000,1.000000,1.000000,151
softdis,pdbflex,mmseqs_98,4qib_A,1f8aB,159,157,mmseqs,99.300000,0.987421,0.940120,157
softdis,pdbflex,mmseqs_98,6gay_A,4kukA,146,146,mmseqs,99.300000,1.000000,1.000000,146
softdis,pdbflex,mmseqs_98,1t2o_A,1t2pA,146,146,mmseqs,99.300000,1.000000,1.000000,146
softdis,pdbflex,mmseqs_98,1ji4_A,4eveA,144,144,mmseqs,99.300000,1.000000,0.878049,144
softdis,pdbflex,mmseqs_98,1sg2_A,1u2mC,153,143,mmseqs,99.300000,0.934641,1.000000,143
softdis,pdbflex,mmseqs_98,3ggf_A,4fzaB,301,281,mmseqs,99.200000,0.933555,0.992933,281
softdis,pdbflex,mmseqs_98,3b9c_A,2jj6A,144,134,mmseqs,99.200000,0.930556,1.000000,134
softdis,pdbflex,mmseqs_98,3mbg_A,3tk0A,139,126,mmseqs,99.200000,0.906475,1.000000,126
softdis,pdbflex,mmseqs_98,7ssi_C,4le2C,139,139,mmseqs,99.200000,1.000000,1.000000,139
softdis,pdbflex,mmseqs_98,1rxe_A,2fxiA,131,131,mmseqs,99.200000,1.000000,1.000000,131
softdis,pdbflex,mmseqs_98,1fhw_A,1u2bA,129,124,mmseqs,99.200000,0.961240,0.905797,125
softdis,pdbflex,mmseqs_98,2gkg_A,2nt4A,127,127,mmseqs,99.200000,1.000000,1.000000,127
softdis,pdbflex,mmseqs_98,5xu7_A,5xuhA,126,126,mmseqs,99.200000,1.000000,1.000000,126
softdis,pdbflex,mmseqs_98,4fvj_A,4fvfB,133,128,mmseqs,99.200000,0.962406,1.000000,128
softdis,pdbflex,mmseqs_98,5yps_A,5ypsA,250,249,mmseqs,99.100000,0.996000,0.996000,249
softdis,pdbflex,mmseqs_98,5arl_D,5ar6A,134,120,mmseqs,99.100000,0.895522,0.983607,120
softdis,pdbflex,mmseqs_98,3q15_C,1srrC,126,124,mmseqs,99.100000,0.984127,1.000000,124
softdis,pdbflex,mmseqs_98,3gj9_A,3dj1A,124,124,mmseqs,99.100000,1.000000,1.000000,124
softdis,pdbflex,mmseqs_98,5d8e_A,5d8fA,115,115,mmseqs,99.100000,1.000000,1.000000,115
softdis,pdbflex,mmseqs_98,3ikd_A,3kacB,123,123,mmseqs,99.100000,1.000000,1.000000,123
softdis,pdbflex,mmseqs_98,1hh7_A,1hh7A,114,114,mmseqs,99.100000,1.000000,1.000000,114
softdis,pdbflex,mmseqs_98,3etw_A,3etzB,119,119,mmseqs,99.100000,1.000000,1.000000,119
softdis,pdbflex,mmseqs_98,3a4g_A,3a51A,411,411,mmseqs,99.000000,1.000000,1.000000,411
softdis,pdbflex,mmseqs_98,3orx_C,4rqvA,316,309,mmseqs,99.000000,0.977848,0.993569,309
softdis,pdbflex,mmseqs_98,6s75_D,6gt1B,310,302,mmseqs,99.000000,0.974194,1.000000,302
softdis,pdbflex,mmseqs_98,8v1o_A,2nruB,327,305,mmseqs,99.000000,0.932722,0.993485,305
softdis,pdbflex,mmseqs_98,2aky_A,1dvrA,220,220,mmseqs,99.000000,1.000000,1.000000,220
softdis,pdbflex,mmseqs_98,8bqf_A,1e4vA,234,214,mmseqs,99.000000,0.914530,1.000000,214
softdis,pdbflex,mmseqs_98,6a2q_A,6a2sA,118,111,mmseqs,99.000000,0.940678,1.000000,111
softdis,pdbflex,mmseqs_98,6uy1_A,6kmjA,114,111,mmseqs,99.000000,0.973684,0.991071,111
softdis,pdbflex,mmseqs_98,1zm0_A,2i5fA,114,107,mmseqs,99.000000,0.938596,0.981651,107
softdis,pdbflex,mmseqs_98,2pvo_C,1faaA,111,111,mmseqs,99.000000,1.000000,0.895161,111
softdis,pdbflex,mmseqs_98,4r0o_B,2w88A,106,106,mmseqs,99.000000,1.000000,1.000000,106
softdis,pdbflex,mmseqs_98,5g4r_A,4qylA,118,111,mmseqs,99.000000,0.940678,0.948718,111
softdis,pdbflex,mmseqs_98,3or0_B,1kh8A,104,104,mmseqs,99.000000,1.000000,0.832000,104
softdis,pdbflex,mmseqs_98,2wg5_E,2wg6A,109,109,mmseqs,99.000000,1.000000,1.000000,109
softdis,pdbflex,mmseqs_98,2wwm_C,2wwkO,109,109,mmseqs,99.000000,1.000000,1.000000,109
softdis,pdbflex,mmseqs_98,2bjd_A,4oj3B,101,101,mmseqs,99.000000,1.000000,1.000000,101
softdis,pdbflex,mmseqs_98,4jhn_A,4qamA,421,396,mmseqs,98.900000,0.940618,0.990000,396
softdis,pdbflex,mmseqs_98,7uor_A,1f4tA,385,367,mmseqs,98.900000,0.953247,0.997283,367
softdis,pdbflex,mmseqs_98,7b3q_A,3dkcA,299,298,mmseqs,98.900000,0.996656,0.940063,298
softdis,pdbflex,mmseqs_98,4yzm_A,4f1mA,287,287,mmseqs,98.900000,1.000000,1.000000,287
softdis,pdbflex,mmseqs_98,3q4z_A,4eqcA,306,297,mmseqs,98.900000,0.970588,0.986711,297
softdis,pdbflex,mmseqs_98,8e0a_A,1f6bB,198,198,mmseqs,98.900000,1.000000,1.000000,198
softdis,pdbflex,mmseqs_98,1t6g_C,2qz2A,184,184,mmseqs,98.900000,1.000000,1.000000,184
softdis,pdbflex,mmseqs_98,3qmx_A,4mjbA,99,99,mmseqs,98.900000,1.000000,1.000000,99
softdis,pdbflex,mmseqs_98,5ke6_A,5ke9A,93,93,mmseqs,98.900000,1.000000,1.000000,93
softdis,pdbflex,mmseqs_98,5n4w_R,4a0cD,102,91,mmseqs,98.900000,0.892157,0.928571,91
softdis,pdbflex,mmseqs_98,2aoa_A,5cdwB,99,99,mmseqs,98.900000,1.000000,0.990000,99
softdis,pdbflex,mmseqs_98,5kl2_A,5kl4A,93,93,mmseqs,98.900000,1.000000,1.000000,93
softdis,pdbflex,mmseqs_98,4mqw_A,1xwdA,102,92,mmseqs,98.900000,0.901961,1.000000,92
softdis,pdbflex,mmseqs_98,3o5n_A,5ovpA,112,95,mmseqs,98.900000,0.848214,0.989583,95
softdis,pdbflex,mmseqs_98,1waa_A,1waaF,93,93,mmseqs,98.900000,1.000000,1.000000,93
softdis,pdbflex,mmseqs_98,5hyb_A,4zv5A,91,91,mmseqs,98.900000,1.000000,1.000000,91
softdis,pdbflex,mmseqs_98,3tes_A,4m6aB,98,92,mmseqs,98.900000,0.938776,1.000000,92
softdis,pdbflex,mmseqs_98,7quv_A,5hloB,95,92,mmseqs,98.900000,0.968421,0.978723,92
softdis,pdbflex,mmseqs_98,6r26_A,5hsqA,510,501,mmseqs,98.800000,0.982353,1.000000,503
softdis,pdbflex,mmseqs_98,1s4i_B,1xtmB,175,175,mmseqs,98.800000,1.000000,1.000000,175
softdis,pdbflex,mmseqs_98,4x39_A,4x37A,168,168,mmseqs,98.800000,1.000000,1.000000,168
softdis,pdbflex,mmseqs_98,1mx2_B,1mx4B,168,168,mmseqs,98.800000,1.000000,1.000000,168
softdis,pdbflex,mmseqs_98,3t5g_A,1xtsA,181,171,mmseqs,98.800000,0.944751,0.966102,171
softdis,pdbflex,mmseqs_98,1pk1_B,1pk3C,89,89,mmseqs,98.800000,1.000000,1.000000,89
softdis,pdbflex,mmseqs_98,1kwa_A,6nidB,88,86,mmseqs,98.800000,0.977273,0.977273,86
softdis,pdbflex,mmseqs_98,8yr7_A,1l6oA,109,89,mmseqs,98.800000,0.816514,0.936842,89
softdis,pdbflex,mmseqs_98,5e6p_B,5tytA,88,84,mmseqs,98.800000,0.954545,0.943820,84
softdis,pdbflex,mmseqs_98,6nnt_A,6mlwA,468,468,mmseqs,98.700000,1.000000,1.000000,468
softdis,pdbflex,mmseqs_98,2cdo_A,2cdpA,160,160,mmseqs,98.700000,1.000000,1.000000,160
softdis,pdbflex,mmseqs_98,2bjy_A,6hx2B,156,156,mmseqs,98.700000,1.000000,1.000000,156
softdis,pdbflex,mmseqs_98,5tte_E,4q5hC,167,154,mmseqs,98.700000,0.922156,0.987179,154
softdis,pdbflex,mmseqs_98,3clc_D,4i6uA,82,82,mmseqs,98.700000,1.000000,1.000000,82
softdis,pdbflex,mmseqs_98,6mg3_B,6mg1A,78,78,mmseqs,98.700000,1.000000,1.000000,78
softdis,pdbflex,mmseqs_98,6nw2_A,4neuA,310,294,mmseqs,98.600000,0.948387,0.882883,294
softdis,pdbflex,mmseqs_98,2yxs_A,3ap5A,164,152,mmseqs,98.600000,0.926829,0.987013,152
softdis,pdbflex,mmseqs_98,2pmh_A,2efqA,150,150,mmseqs,98.600000,1.000000,1.000000,150
softdis,pdbflex,mmseqs_98,7ote_A,3dqwA,293,284,mmseqs,98.500000,0.969283,0.993007,284
softdis,pdbflex,mmseqs_98,3rdv_D,2qk0A,72,71,mmseqs,98.500000,0.986111,0.959459,71
softdis,pdbflex,mmseqs_98,3hp3_I,2nwgA,68,68,mmseqs,98.500000,1.000000,1.000000,68
softdis,pdbflex,mmseqs_98,6e4n_A,6e4oA,71,71,mmseqs,98.500000,1.000000,1.000000,71
softdis,pdbflex,mmseqs_98,6at0_A,6aszA,69,69,mmseqs,98.500000,1.000000,1.000000,69
softdis,pdbflex,mmseqs_98,5jfz_B,5jffD,68,68,mmseqs,98.500000,1.000000,1.000000,68
softdis,pdbflex,mmseqs_98,6tms_G,6tmsA,69,69,mmseqs,98.500000,1.000000,1.000000,69
softdis,pdbflex,mmseqs_98,3rl0_k,3rk3E,63,63,mmseqs,98.400000,1.000000,1.000000,63
softdis,pdbflex,mmseqs_98,2qbl_A,4kkyX,421,412,mmseqs,98.300000,0.978622,0.997579,412
softdis,pdbflex,mmseqs_98,2bpm_A,4gcjA,309,303,mmseqs,98.300000,0.980583,1.000000,306
softdis,pdbflex,mmseqs_98,1s6c_A,2i2rF,183,180,mmseqs,98.300000,0.983607,1.000000,180
softdis,pdbflex,mmseqs_98,9fz4_A,2fygA,131,122,mmseqs,98.300000,0.931298,0.953125,122
softdis,pdbflex,mmseqs_98,4ahe_A,5m9tA,123,123,mmseqs,98.300000,1.000000,0.991935,123
softdis,pdbflex,mmseqs_98,7dmy_A,3uv2A,144,124,mmseqs,98.300000,0.861111,0.984127,124
softdis,pdbflex,mmseqs_98,3gax_B,1tijA,120,120,mmseqs,98.300000,1.000000,1.000000,120
softdis,pdbflex,mmseqs_98,4l85_A,1zh4A,123,120,mmseqs,98.300000,0.975610,0.991736,120
softdis,pdbflex,mmseqs_98,4omo_B,4rtzA,61,61,mmseqs,98.300000,1.000000,1.000000,61
softdis,pdbflex,mmseqs_98,4f16_A,2f2vA,62,62,mmseqs,98.300000,1.000000,1.000000,62
softdis,pdbflex,mmseqs_98,4wb8_A,5m71A,337,336,mmseqs,98.200000,0.997033,0.951841,336
softdis,pdbflex,mmseqs_98,7aay_A,5u6cA,294,290,mmseqs,98.200000,0.986395,0.933333,294
softdis,pdbflex,mmseqs_98,4cym_A,4cz2B,230,230,mmseqs,98.200000,1.000000,1.000000,230
softdis,pdbflex,mmseqs_98,3aaj_B,1hqvA,167,166,mmseqs,98.200000,0.994012,0.879581,168
softdis,pdbflex,mmseqs_98,3twu_A,3twqA,167,167,mmseqs,98.200000,1.000000,0.965714,169
softdis,pdbflex,mmseqs_98,4m32_A,4m35A,168,168,mmseqs,98.200000,1.000000,1.000000,168
softdis,pdbflex,mmseqs_98,2f9d_A,3lqvB,125,115,mmseqs,98.200000,0.920000,1.000000,115
softdis,pdbflex,mmseqs_98,6ywq_A,6y7rA,113,113,mmseqs,98.200000,1.000000,1.000000,113
softdis,pdbflex,mmseqs_98,3ulr_B,5nxjA,65,58,mmseqs,98.200000,0.892308,0.966667,58
softdis,pdbflex,mmseqs_98,2wuj_A,2wukC,57,57,mmseqs,98.200000,1.000000,1.000000,57
softdis,pdbflex,mmseqs_98,8a36_A,6gg9B,162,162,mmseqs,98.100000,1.000000,1.000000,162
softdis,pdbflex,mmseqs_98,2hdx_A,5w3rA,111,109,mmseqs,98.100000,0.981982,0.956140,109
softdis,pdbflex,mmseqs_98,2h2b_A,2h2cA,107,107,mmseqs,98.100000,1.000000,1.000000,107
softdis,pdbflex,mmseqs_98,5zk1_A,1dh3A,59,55,mmseqs,98.100000,0.932203,1.000000,55
softdis,pdbflex,mmseqs_98,3u01_A,3snfA,104,104,mmseqs,98.000000,1.000000,1.000000,104
softdis,pdbflex,mmseqs_98,5z2h_A,5z2iB,105,105,mmseqs,98.000000,1.000000,1.000000,105
softdis,pdbflex,mmseqs_98,5mz7_A,6qjfB,101,100,mmseqs,98.000000,0.990099,0.961538,100
softdis,pdbflex,mmseqs_95,5yna_A,5ynhA,1102,1102,mmseqs,100.000000,1.000000,1.000000,1102
softdis,pdbflex,mmseqs_95,4j3s_A,4aioA,905,884,mmseqs,100.000000,0.976796,1.000000,884
softdis,pdbflex,mmseqs_95,6k4k_A,6oqqA,873,873,mmseqs,100.000000,1.000000,1.000000,873
softdis,pdbflex,mmseqs_95,1pwp_A,1jkyA,776,776,mmseqs,100.000000,1.000000,1.000000,776
softdis,pdbflex,mmseqs_95,4lgz_A,3v9lB,563,563,mmseqs,100.000000,1.000000,1.000000,563
softdis,pdbflex,mmseqs_95,5tsg_B,5tshE,588,588,mmseqs,100.000000,1.000000,1.000000,588
softdis,pdbflex,mmseqs_95,4ids_A,4lemC,563,563,mmseqs,100.000000,1.000000,1.000000,563
softdis,pdbflex,mmseqs_95,2q27_A,2q28A,564,564,mmseqs,100.000000,1.000000,1.000000,564
softdis,pdbflex,mmseqs_95,6fk3_A,6fk3A,536,536,mmseqs,100.000000,1.000000,1.000000,536
softdis,pdbflex,mmseqs_95,2b7m_A,2pfvA,566,563,mmseqs,100.000000,0.994700,1.000000,563
softdis,pdbflex,mmseqs_95,6liu_A,6livA,531,531,mmseqs,100.000000,1.000000,1.000000,531
softdis,pdbflex,mmseqs_95,5mg1_A,4q0jA,524,524,mmseqs,100.000000,1.000000,1.000000,524
softdis,pdbflex,mmseqs_95,2jg7_A,2jg7A,510,510,mmseqs,100.000000,1.000000,1.000000,510
softdis,pdbflex,mmseqs_95,6bay_A,6bapA,515,515,mmseqs,100.000000,1.000000,1.000000,515
softdis,pdbflex,mmseqs_95,4nea_A,4neaA,520,520,mmseqs,100.000000,1.000000,1.000000,520
softdis,pdbflex,mmseqs_95,6g1z_A,6g1zB,509,509,mmseqs,100.000000,1.000000,1.000000,509
softdis,pdbflex,mmseqs_95,2fo0_A,2fo0A,495,495,mmseqs,100.000000,1.000000,1.000000,495
softdis,pdbflex,mmseqs_95,4k57_A,4k57A,518,518,mmseqs,100.000000,1.000000,1.000000,518
softdis,pdbflex,mmseqs_95,4zz7_E,4zz7A,501,501,mmseqs,100.000000,1.000000,1.000000,501
softdis,pdbflex,mmseqs_95,5izd_A,5izdA,508,508,mmseqs,100.000000,1.000000,1.000000,508
softdis,pdbflex,mmseqs_95,4qyj_H,4qyjA,516,516,mmseqs,100.000000,1.000000,1.000000,516
softdis,pdbflex,mmseqs_95,6rtr_A,6rtsA,512,512,mmseqs,100.000000,1.000000,1.000000,512
softdis,pdbflex,mmseqs_95,4nmj_B,5ekcE,491,491,mmseqs,100.000000,1.000000,1.000000,491
softdis,pdbflex,mmseqs_95,1uxt_A,1uxpA,501,501,mmseqs,100.000000,1.000000,1.000000,501
softdis,pdbflex,mmseqs_95,5iuu_A,5iuwA,497,497,mmseqs,100.000000,1.000000,1.000000,497
softdis,pdbflex,mmseqs_95,8or9_A,3rchA,480,480,mmseqs,100.000000,1.000000,1.000000,480
softdis,pdbflex,mmseqs_95,1asy_A,1aszA,490,490,mmseqs,100.000000,1.000000,1.000000,490
softdis,pdbflex,mmseqs_95,4i3w_C,4i3xA,488,488,mmseqs,100.000000,1.000000,1.000000,488
softdis,pdbflex,mmseqs_95,6pop_B,6pnuC,497,497,mmseqs,100.000000,1.000000,1.000000,497
softdis,pdbflex,mmseqs_95,6j75_A,6j76A,488,488,mmseqs,100.000000,1.000000,1.000000,488
softdis,pdbflex,mmseqs_95,3ghg_B,3ghgB,461,461,mmseqs,100.000000,1.000000,1.000000,461
softdis,pdbflex,mmseqs_95,6bpg_D,6bpgA,490,490,mmseqs,100.000000,1.000000,1.000000,490
softdis,pdbflex,mmseqs_95,3sq7_A,3sq7A,470,470,mmseqs,100.000000,1.000000,1.000000,470
softdis,pdbflex,mmseqs_95,4ywe_A,4yweA,487,487,mmseqs,100.000000,1.000000,1.000000,487
softdis,pdbflex,mmseqs_95,6c43_B,6c43A,477,477,mmseqs,100.000000,1.000000,1.000000,477
softdis,pdbflex,mmseqs_95,5vbf_A,5vbfA,478,478,mmseqs,100.000000,1.000000,1.000000,478
softdis,pdbflex,mmseqs_95,3m4p_A,3m4qB,456,456,mmseqs,100.000000,1.000000,1.000000,456
softdis,pdbflex,mmseqs_95,3pqa_A,3pqaB,486,486,mmseqs,100.000000,1.000000,1.000000,486
softdis,pdbflex,mmseqs_95,7jr5_A,6ptqA,490,482,mmseqs,100.000000,0.983673,1.000000,482
softdis,pdbflex,mmseqs_95,4ywu_A,4ohtA,465,465,mmseqs,100.000000,1.000000,1.000000,465
softdis,pdbflex,mmseqs_95,1k9a_A,1k9aB,450,450,mmseqs,100.000000,1.000000,1.000000,450
softdis,pdbflex,mmseqs_95,3pm9_A,3pm9A,476,476,mmseqs,100.000000,1.000000,1.000000,476
softdis,pdbflex,mmseqs_95,6uv0_A,6uv1A,448,448,mmseqs,100.000000,1.000000,1.000000,448
softdis,pdbflex,mmseqs_95,3vz2_A,3vz2B,470,470,mmseqs,100.000000,1.000000,1.000000,470
softdis,pdbflex,mmseqs_95,4l0e_A,4l0eA,446,446,mmseqs,100.000000,1.000000,1.000000,446
softdis,pdbflex,mmseqs_95,3nel_A,3nenA,438,438,mmseqs,100.000000,1.000000,1.000000,438
softdis,pdbflex,mmseqs_95,5ztn_A,6hdpA,429,429,mmseqs,100.000000,1.000000,1.000000,429
softdis,pdbflex,mmseqs_95,5kyo_A,5kyoA,430,430,mmseqs,100.000000,1.000000,1.000000,430
softdis,pdbflex,mmseqs_95,3nc3_A,3nc6B,441,441,mmseqs,100.000000,1.000000,1.000000,441
softdis,pdbflex,mmseqs_95,3tku_A,5otfA,433,416,mmseqs,100.000000,0.960739,0.992840,416
softdis,pdbflex,mmseqs_95,5d40_B,5d40A,427,427,mmseqs,100.000000,1.000000,1.000000,427
softdis,pdbflex,mmseqs_95,1qzw_A,1qzwA,440,440,mmseqs,100.000000,1.000000,1.000000,440
softdis,pdbflex,mmseqs_95,3a9x_A,3a9zA,432,432,mmseqs,100.000000,1.000000,1.000000,432
softdis,pdbflex,mmseqs_95,2z3t_A,3a1lA,425,425,mmseqs,100.000000,1.000000,1.000000,425
softdis,pdbflex,mmseqs_95,4d9s_A,4d9sA,406,406,mmseqs,100.000000,1.000000,1.000000,406
softdis,pdbflex,mmseqs_95,3kfu_B,3kfuC,422,422,mmseqs,100.000000,1.000000,1.000000,422
softdis,pdbflex,mmseqs_95,5tbk_I,5tbkI,421,421,mmseqs,100.000000,1.000000,1.000000,421
softdis,pdbflex,mmseqs_95,3p3z_A,3p3oA,416,416,mmseqs,100.000000,1.000000,1.000000,416
softdis,pdbflex,mmseqs_95,2uvn_A,2uvnA,414,414,mmseqs,100.000000,1.000000,1.000000,414
softdis,pdbflex,mmseqs_95,5li6_A,5lieB,414,414,mmseqs,100.000000,1.000000,1.000000,414
softdis,pdbflex,mmseqs_95,2wio_A,2jjpA,431,411,mmseqs,100.000000,0.953596,1.000000,411
softdis,pdbflex,mmseqs_95,2yca_A,2y5nB,417,417,mmseqs,100.000000,1.000000,1.000000,417
softdis,pdbflex,mmseqs_95,5e1r_A,5e1rC,426,426,mmseqs,100.000000,1.000000,1.000000,426
softdis,pdbflex,mmseqs_95,4j6b_A,4jbtA,410,410,mmseqs,100.000000,1.000000,1.000000,410
softdis,pdbflex,mmseqs_95,3tyw_A,3tywD,417,417,mmseqs,100.000000,1.000000,1.000000,417
softdis,pdbflex,mmseqs_95,5l90_A,5l91A,410,410,mmseqs,100.000000,1.000000,1.000000,410
softdis,pdbflex,mmseqs_95,8qrd_F,5mnvA,410,407,mmseqs,100.000000,0.992683,1.000000,407
softdis,pdbflex,mmseqs_95,3eje_H,3ejbH,404,404,mmseqs,100.000000,1.000000,1.000000,404
softdis,pdbflex,mmseqs_95,3oft_A,3ofuA,396,396,mmseqs,100.000000,1.000000,1.000000,396
softdis,pdbflex,mmseqs_95,5wt6_A,5wt6A,401,401,mmseqs,100.000000,1.000000,1.000000,401
softdis,pdbflex,mmseqs_95,5z9j_D,5z9jC,398,398,mmseqs,100.000000,1.000000,1.000000,398
softdis,pdbflex,mmseqs_95,6f8a_A,6f8aA,400,400,mmseqs,100.000000,1.000000,1.000000,400
softdis,pdbflex,mmseqs_95,5l1o_A,5l1qA,401,401,mmseqs,100.000000,1.000000,1.000000,401
softdis,pdbflex,mmseqs_95,5y5k_B,5y5fA,403,403,mmseqs,100.000000,1.000000,1.000000,403
softdis,pdbflex,mmseqs_95,2onl_C,1kwpA,406,400,mmseqs,100.000000,0.985222,1.000000,400
softdis,pdbflex,mmseqs_95,4g46_A,6geqA,396,396,mmseqs,100.000000,1.000000,1.000000,396
softdis,pdbflex,mmseqs_95,4fr4_A,4fr4A,384,384,mmseqs,100.000000,1.000000,1.000000,384
softdis,pdbflex,mmseqs_95,4fi1_A,4fi1A,374,374,mmseqs,100.000000,1.000000,1.000000,374
softdis,pdbflex,mmseqs_95,3cbl_A,3bkbA,377,377,mmseqs,100.000000,1.000000,1.000000,377
softdis,pdbflex,mmseqs_95,1r0e_A,1j1cB,391,386,mmseqs,100.000000,0.987212,0.919048,386
softdis,pdbflex,mmseqs_95,6u8j_B,6u8jD,376,376,mmseqs,100.000000,1.000000,1.000000,376
softdis,pdbflex,mmseqs_95,5anr_B,4ct4B,378,378,mmseqs,100.000000,1.000000,1.000000,378
softdis,pdbflex,mmseqs_95,5hbe_A,5xs2A,364,362,mmseqs,100.000000,0.994505,0.952632,362
softdis,pdbflex,mmseqs_95,4eb5_A,4eb5A,382,382,mmseqs,100.000000,1.000000,1.000000,382
softdis,pdbflex,mmseqs_95,6joj_A,5k5xA,356,356,mmseqs,100.000000,1.000000,1.000000,356
softdis,pdbflex,mmseqs_95,1ayr_A,1cf1C,368,366,mmseqs,100.000000,0.994565,0.905941,366
softdis,pdbflex,mmseqs_95,3mi9_A,3mi9A,351,351,mmseqs,100.000000,1.000000,1.000000,351
softdis,pdbflex,mmseqs_95,5x8i_B,6q8kA,346,338,mmseqs,100.000000,0.976879,0.997050,338
softdis,pdbflex,mmseqs_95,3b0v_C,3b0vC,363,363,mmseqs,100.000000,1.000000,1.000000,363
softdis,pdbflex,mmseqs_95,4ifc_A,6pk6A,358,350,mmseqs,100.000000,0.977654,0.997151,350
softdis,pdbflex,mmseqs_95,6c0t_A,6bg2A,347,347,mmseqs,100.000000,1.000000,1.000000,347
softdis,pdbflex,mmseqs_95,3tac_A,6lnmA,361,345,mmseqs,100.000000,0.955679,0.982906,345
softdis,pdbflex,mmseqs_95,5wni_A,5wnjA,342,342,mmseqs,100.000000,1.000000,1.000000,342
softdis,pdbflex,mmseqs_95,3tl8_A,3tl8D,349,349,mmseqs,100.000000,1.000000,1.000000,349
softdis,pdbflex,mmseqs_95,4g0i_A,4g0kA,328,328,mmseqs,100.000000,1.000000,1.000000,328
softdis,pdbflex,mmseqs_95,3utm_A,3utmA,351,351,mmseqs,100.000000,1.000000,1.000000,351
softdis,pdbflex,mmseqs_95,2rfb_A,2rfbA,343,343,mmseqs,100.000000,1.000000,1.000000,343
softdis,pdbflex,mmseqs_95,4i5t_A,4i5tA,333,333,mmseqs,100.000000,1.000000,1.000000,333
softdis,pdbflex,mmseqs_95,4bf9_A,4bf9A,338,338,mmseqs,100.000000,1.000000,1.000000,338
softdis,pdbflex,mmseqs_95,4btj_A,4btmB,337,337,mmseqs,100.000000,1.000000,1.000000,337
softdis,pdbflex,mmseqs_95,4y85_C,5iu2B,332,332,mmseqs,100.000000,1.000000,1.000000,332
softdis,pdbflex,mmseqs_95,3akj_A,3akkA,325,325,mmseqs,100.000000,1.000000,1.000000,325
softdis,pdbflex,mmseqs_95,2v62_A,5uu1A,345,324,mmseqs,100.000000,0.939130,1.000000,324
softdis,pdbflex,mmseqs_95,3dls_A,3dlsA,335,335,mmseqs,100.000000,1.000000,1.000000,335
softdis,pdbflex,mmseqs_95,4q5j_A,4oh4A,341,333,mmseqs,100.000000,0.976540,1.000000,333
softdis,pdbflex,mmseqs_95,1fvr_A,1fvrB,327,327,mmseqs,100.000000,1.000000,1.000000,327
softdis,pdbflex,mmseqs_95,3aln_A,3aloA,327,327,mmseqs,100.000000,1.000000,1.000000,327
softdis,pdbflex,mmseqs_95,4asx_A,4asxA,322,322,mmseqs,100.000000,1.000000,1.000000,322
softdis,pdbflex,mmseqs_95,3kof_A,3kofA,337,337,mmseqs,100.000000,1.000000,1.000000,337
softdis,pdbflex,mmseqs_95,4g8k_A,4g8lA,337,337,mmseqs,100.000000,1.000000,1.000000,337
softdis,pdbflex,mmseqs_95,5e8v_A,5e92A,316,316,mmseqs,100.000000,1.000000,1.000000,316
softdis,pdbflex,mmseqs_95,8gw3_A,5gjfA,326,310,mmseqs,100.000000,0.950920,0.984127,310
softdis,pdbflex,mmseqs_95,4fg9_A,4fgbA,320,320,mmseqs,100.000000,1.000000,1.000000,320
softdis,pdbflex,mmseqs_95,6d3k_B,6d3kA,323,323,mmseqs,100.000000,1.000000,1.000000,323
softdis,pdbflex,mmseqs_95,7q7c_A,6y6hA,327,327,mmseqs,100.000000,1.000000,1.000000,327
softdis,pdbflex,mmseqs_95,3k35_A,5y2fA,318,316,mmseqs,100.000000,0.993711,1.000000,316
softdis,pdbflex,mmseqs_95,1szp_A,1szpA,321,321,mmseqs,100.000000,1.000000,1.000000,321
softdis,pdbflex,mmseqs_95,3udb_A,3udbD,317,317,mmseqs,100.000000,1.000000,1.000000,317
softdis,pdbflex,mmseqs_95,5vd1_A,5vcyA,311,311,mmseqs,100.000000,1.000000,1.000000,311
softdis,pdbflex,mmseqs_95,5ikw_A,4w9wA,310,306,mmseqs,100.000000,0.987097,1.000000,306
softdis,pdbflex,mmseqs_95,6fer_A,6ferD,309,309,mmseqs,100.000000,1.000000,1.000000,309
softdis,pdbflex,mmseqs_95,6box_A,6bp4B,303,303,mmseqs,100.000000,1.000000,1.000000,303
softdis,pdbflex,mmseqs_95,4c57_A,5y7zA,340,311,mmseqs,100.000000,0.914706,0.993610,311
softdis,pdbflex,mmseqs_95,4i5m_A,4i6bA,308,308,mmseqs,100.000000,1.000000,1.000000,308
softdis,pdbflex,mmseqs_95,5x5o_A,6jutA,310,310,mmseqs,100.000000,1.000000,1.000000,310
softdis,pdbflex,mmseqs_95,2zub_A,2zucB,324,324,mmseqs,100.000000,1.000000,1.000000,324
softdis,pdbflex,mmseqs_95,3tno_A,3igxA,345,324,mmseqs,100.000000,0.939130,1.000000,324
softdis,pdbflex,mmseqs_95,5hxy_A,5hxyA,317,317,mmseqs,100.000000,1.000000,1.000000,317
softdis,pdbflex,mmseqs_95,5vo1_A,5cenA,300,300,mmseqs,100.000000,1.000000,1.000000,300
softdis,pdbflex,mmseqs_95,3bce_A,2r4bA,328,298,mmseqs,100.000000,0.908537,0.928349,298
softdis,pdbflex,mmseqs_95,2qqf_A,1q17C,308,300,mmseqs,100.000000,0.974026,1.000000,300
softdis,pdbflex,mmseqs_95,5mqv_D,1ckjA,314,294,mmseqs,100.000000,0.936306,0.927445,294
softdis,pdbflex,mmseqs_95,2c3j_A,2ydiA,297,289,mmseqs,100.000000,0.973064,1.000000,289
softdis,pdbflex,mmseqs_95,6ng0_B,6cqdB,309,292,mmseqs,100.000000,0.944984,0.983165,292
softdis,pdbflex,mmseqs_95,4nvq_A,5jiyA,285,274,mmseqs,100.000000,0.961404,1.000000,274
softdis,pdbflex,mmseqs_95,5v21_A,5jlbA,297,277,mmseqs,100.000000,0.932660,0.992832,277
softdis,pdbflex,mmseqs_95,5vd2_A,5vd4A,289,289,mmseqs,100.000000,1.000000,1.000000,289
softdis,pdbflex,mmseqs_95,5ntt_A,5nttA,287,287,mmseqs,100.000000,1.000000,1.000000,287
softdis,pdbflex,mmseqs_95,4mwi_A,4mwiA,294,294,mmseqs,100.000000,1.000000,1.000000,294
softdis,pdbflex,mmseqs_95,6cd6_A,6cd6D,290,290,mmseqs,100.000000,1.000000,1.000000,290
softdis,pdbflex,mmseqs_95,2vwi_A,3dakD,303,290,mmseqs,100.000000,0.957096,1.000000,290
softdis,pdbflex,mmseqs_95,3is5_A,3is5F,285,285,mmseqs,100.000000,1.000000,1.000000,285
softdis,pdbflex,mmseqs_95,1u46_A,4ewhA,291,275,mmseqs,100.000000,0.945017,1.000000,275
softdis,pdbflex,mmseqs_95,4eqm_A,4eqmA,294,294,mmseqs,100.000000,1.000000,1.000000,294
softdis,pdbflex,mmseqs_95,4wsy_A,4k18A,286,273,mmseqs,100.000000,0.954545,0.985560,273
softdis,pdbflex,mmseqs_95,5xka_A,5xkaA,288,288,mmseqs,100.000000,1.000000,1.000000,288
softdis,pdbflex,mmseqs_95,6qav_D,6qauA,280,280,mmseqs,100.000000,1.000000,1.000000,280
softdis,pdbflex,mmseqs_95,5ytk_A,5ytkA,274,274,mmseqs,100.000000,1.000000,1.000000,274
softdis,pdbflex,mmseqs_95,3dae_A,2fh9A,283,270,mmseqs,100.000000,0.954064,0.985401,270
softdis,pdbflex,mmseqs_95,1g6w_A,1g6wD,261,261,mmseqs,100.000000,1.000000,1.000000,261
softdis,pdbflex,mmseqs_95,6rxm_B,6rxmA,254,254,mmseqs,100.000000,1.000000,1.000000,254
softdis,pdbflex,mmseqs_95,5agc_A,3q66A,264,264,mmseqs,100.000000,1.000000,1.000000,264
softdis,pdbflex,mmseqs_95,1ici_A,1iciA,256,256,mmseqs,100.000000,1.000000,1.000000,256
softdis,pdbflex,mmseqs_95,1j2c_A,1ix3A,267,267,mmseqs,100.000000,1.000000,1.000000,267
softdis,pdbflex,mmseqs_95,1qiu_A,1qiuA,264,264,mmseqs,100.000000,1.000000,1.000000,264
softdis,pdbflex,mmseqs_95,2rgz_A,2qppB,264,264,mmseqs,100.000000,1.000000,1.000000,264
softdis,pdbflex,mmseqs_95,1s7g_D,1s7gA,253,253,mmseqs,100.000000,1.000000,1.000000,253
softdis,pdbflex,mmseqs_95,5cfk_E,5cfkA,259,259,mmseqs,100.000000,1.000000,1.000000,259
softdis,pdbflex,mmseqs_95,1wov_A,1wowA,250,250,mmseqs,100.000000,1.000000,1.000000,250
softdis,pdbflex,mmseqs_95,3nbn_E,2f8xK,256,256,mmseqs,100.000000,1.000000,1.000000,256
softdis,pdbflex,mmseqs_95,3q5y_A,3q5yA,240,240,mmseqs,100.000000,1.000000,1.000000,240
softdis,pdbflex,mmseqs_95,1wg0_A,1wg0A,243,243,mmseqs,100.000000,1.000000,1.000000,243
softdis,pdbflex,mmseqs_95,2i54_A,2i54A,247,247,mmseqs,100.000000,1.000000,1.000000,247
softdis,pdbflex,mmseqs_95,3r0j_A,5ed4E,250,250,mmseqs,100.000000,1.000000,1.000000,250
softdis,pdbflex,mmseqs_95,4igj_A,4kdyA,242,242,mmseqs,100.000000,1.000000,1.000000,242
softdis,pdbflex,mmseqs_95,3eu9_C,3eu9A,240,240,mmseqs,100.000000,1.000000,1.000000,240
softdis,pdbflex,mmseqs_95,6ht6_A,6gibB,245,245,mmseqs,100.000000,1.000000,1.000000,245
softdis,pdbflex,mmseqs_95,6f70_A,6f70A,252,252,mmseqs,100.000000,1.000000,1.000000,252
softdis,pdbflex,mmseqs_95,4djm_A,4djmD,239,239,mmseqs,100.000000,1.000000,1.000000,239
softdis,pdbflex,mmseqs_95,4ivf_F,4ivfF,231,231,mmseqs,100.000000,1.000000,1.000000,231
softdis,pdbflex,mmseqs_95,4b09_A,4b09A,240,240,mmseqs,100.000000,1.000000,1.000000,240
softdis,pdbflex,mmseqs_95,4ke3_A,4kdxA,229,229,mmseqs,100.000000,1.000000,1.000000,229
softdis,pdbflex,mmseqs_95,2dwz_A,2dvwA,231,231,mmseqs,100.000000,1.000000,1.000000,231
softdis,pdbflex,mmseqs_95,3lg6_A,3lg6A,235,235,mmseqs,100.000000,1.000000,1.000000,235
softdis,pdbflex,mmseqs_95,4iq1_A,4iw9B,231,231,mmseqs,100.000000,1.000000,1.000000,231
softdis,pdbflex,mmseqs_95,3tb2_A,3tb2C,220,220,mmseqs,100.000000,1.000000,1.000000,220
softdis,pdbflex,mmseqs_95,4zbd_A,4zb8A,222,222,mmseqs,100.000000,1.000000,1.000000,222
softdis,pdbflex,mmseqs_95,4s04_A,4s05A,232,232,mmseqs,100.000000,1.000000,1.000000,232
softdis,pdbflex,mmseqs_95,4ykb_A,4ykbA,229,229,mmseqs,100.000000,1.000000,1.000000,229
softdis,pdbflex,mmseqs_95,3pr8_B,3lxzA,229,229,mmseqs,100.000000,1.000000,1.000000,229
softdis,pdbflex,mmseqs_95,4kgi_A,4kgiC,223,223,mmseqs,100.000000,1.000000,1.000000,223
softdis,pdbflex,mmseqs_95,5b6m_A,5b6nF,224,224,mmseqs,100.000000,1.000000,1.000000,224
softdis,pdbflex,mmseqs_95,5u8k_A,5u8kB,231,231,mmseqs,100.000000,1.000000,1.000000,231
softdis,pdbflex,mmseqs_95,6q5v_A,6q5vA,215,215,mmseqs,100.000000,1.000000,1.000000,215
softdis,pdbflex,mmseqs_95,4pnf_E,4yh2A,227,221,mmseqs,100.000000,0.973568,0.995495,221
softdis,pdbflex,mmseqs_95,6f05_B,6ezyB,215,215,mmseqs,100.000000,1.000000,1.000000,215
softdis,pdbflex,mmseqs_95,4yo0_B,6iccL,233,213,mmseqs,100.000000,0.914163,0.995327,213
softdis,pdbflex,mmseqs_95,1bi1_A,1c0wB,226,225,mmseqs,100.000000,0.995575,1.000000,225
softdis,pdbflex,mmseqs_95,1bye_A,1byeA,213,213,mmseqs,100.000000,1.000000,1.000000,213
softdis,pdbflex,mmseqs_95,1jlv_A,1jlvA,209,209,mmseqs,100.000000,1.000000,1.000000,209
softdis,pdbflex,mmseqs_95,6nxv_A,6nv6B,207,207,mmseqs,100.000000,1.000000,1.000000,207
softdis,pdbflex,mmseqs_95,2x64_A,2x64B,207,207,mmseqs,100.000000,1.000000,1.000000,207
softdis,pdbflex,mmseqs_95,5a4w_C,5a4wA,212,212,mmseqs,100.000000,1.000000,1.000000,212
softdis,pdbflex,mmseqs_95,1rrp_C,1rrpA,204,204,mmseqs,100.000000,1.000000,1.000000,204
softdis,pdbflex,mmseqs_95,2b7j_A,2b7jB,200,200,mmseqs,100.000000,1.000000,1.000000,200
softdis,pdbflex,mmseqs_95,4cym_D,4cz2D,203,203,mmseqs,100.000000,1.000000,1.000000,203
softdis,pdbflex,mmseqs_95,5jre_F,5jr9A,219,218,mmseqs,100.000000,0.995434,0.995434,218
softdis,pdbflex,mmseqs_95,2wst_A,2wstA,208,208,mmseqs,100.000000,1.000000,1.000000,208
softdis,pdbflex,mmseqs_95,6dv5_B,6dv5A,205,205,mmseqs,100.000000,1.000000,1.000000,205
softdis,pdbflex,mmseqs_95,6g47_A,6g47A,209,209,mmseqs,100.000000,1.000000,1.000000,209
softdis,pdbflex,mmseqs_95,2rgx_A,4ikeA,206,206,mmseqs,100.000000,1.000000,1.000000,206
softdis,pdbflex,mmseqs_95,6emt_A,6emuA,197,197,mmseqs,100.000000,1.000000,1.000000,197
softdis,pdbflex,mmseqs_95,2cls_A,2rexD,198,196,mmseqs,100.000000,0.989899,0.994924,196
softdis,pdbflex,mmseqs_95,6jb6_A,6jb6A,205,205,mmseqs,100.000000,1.000000,1.000000,205
softdis,pdbflex,mmseqs_95,1lti_A,1ltaA,192,188,mmseqs,100.000000,0.979167,1.000000,188
softdis,pdbflex,mmseqs_95,5x7v_A,5x7vC,193,193,mmseqs,100.000000,1.000000,1.000000,193
softdis,pdbflex,mmseqs_95,3dvx_A,3dvxA,196,196,mmseqs,100.000000,1.000000,1.000000,196
softdis,pdbflex,mmseqs_95,4r3v_A,4r3vA,183,183,mmseqs,100.000000,1.000000,1.000000,183
softdis,pdbflex,mmseqs_95,1uke_A,5ukdA,194,194,mmseqs,100.000000,1.000000,1.000000,194
softdis,pdbflex,mmseqs_95,3ref_B,3refB,194,194,mmseqs,100.000000,1.000000,1.000000,194
softdis,pdbflex,mmseqs_95,2von_A,2vodB,193,193,mmseqs,100.000000,1.000000,1.000000,193
softdis,pdbflex,mmseqs_95,5y63_A,5y63A,183,183,mmseqs,100.000000,1.000000,1.000000,183
softdis,pdbflex,mmseqs_95,4u9g_B,4u9gA,187,187,mmseqs,100.000000,1.000000,1.000000,187
softdis,pdbflex,mmseqs_95,3l9v_A,3l9vA,189,189,mmseqs,100.000000,1.000000,1.000000,189
softdis,pdbflex,mmseqs_95,3ma2_D,1bqqM,181,174,mmseqs,100.000000,0.961326,1.000000,174
softdis,pdbflex,mmseqs_95,3js5_A,3idoA,178,178,mmseqs,100.000000,1.000000,1.000000,178
softdis,pdbflex,mmseqs_95,6f2r_A,6f2rC,213,182,mmseqs,100.000000,0.854460,0.896552,182
softdis,pdbflex,mmseqs_95,1nob_A,1nobA,185,185,mmseqs,100.000000,1.000000,1.000000,185
softdis,pdbflex,mmseqs_95,9dj9_A,3f81A,191,183,mmseqs,100.000000,0.958115,1.000000,183
softdis,pdbflex,mmseqs_95,4d8k_A,1lckA,175,174,mmseqs,100.000000,0.994286,0.994286,174
softdis,pdbflex,mmseqs_95,1qfv_B,1qftA,175,175,mmseqs,100.000000,1.000000,1.000000,175
softdis,pdbflex,mmseqs_95,6hjm_A,6hjmP,192,192,mmseqs,100.000000,1.000000,1.000000,192
softdis,pdbflex,mmseqs_95,6lkp_A,6lkpC,184,184,mmseqs,100.000000,1.000000,1.000000,184
softdis,pdbflex,mmseqs_95,1veq_B,1veiA,183,183,mmseqs,100.000000,1.000000,1.000000,183
softdis,pdbflex,mmseqs_95,6huf_K,6hufA,182,182,mmseqs,100.000000,1.000000,1.000000,182
softdis,pdbflex,mmseqs_95,3t64_A,3t64A,181,181,mmseqs,100.000000,1.000000,1.000000,181
softdis,pdbflex,mmseqs_95,4txo_D,4txoD,175,175,mmseqs,100.000000,1.000000,1.000000,175
softdis,pdbflex,mmseqs_95,1wms_A,1s8fB,177,175,mmseqs,100.000000,0.988701,0.988701,175
softdis,pdbflex,mmseqs_95,2gm3_A,2gm3A,175,175,mmseqs,100.000000,1.000000,1.000000,175
softdis,pdbflex,mmseqs_95,5cer_B,5cerB,193,193,mmseqs,100.000000,1.000000,1.000000,193
softdis,pdbflex,mmseqs_95,3pnb_A,3nbkD,177,177,mmseqs,100.000000,1.000000,1.000000,177
softdis,pdbflex,mmseqs_95,5mp0_D,5mp0D,166,166,mmseqs,100.000000,1.000000,1.000000,166
softdis,pdbflex,mmseqs_95,2bet_A,2betC,172,172,mmseqs,100.000000,1.000000,1.000000,172
softdis,pdbflex,mmseqs_95,2gjs_A,2gjsA,176,176,mmseqs,100.000000,1.000000,1.000000,176
softdis,pdbflex,mmseqs_95,1tk6_B,1tkpA,182,182,mmseqs,100.000000,1.000000,1.000000,182
softdis,pdbflex,mmseqs_95,2cyx_A,2cyxA,170,170,mmseqs,100.000000,1.000000,1.000000,170
softdis,pdbflex,mmseqs_95,4cyb_A,4cybJ,173,173,mmseqs,100.000000,1.000000,1.000000,173
softdis,pdbflex,mmseqs_95,5y5o_A,5y5pD,174,174,mmseqs,100.000000,1.000000,1.000000,174
softdis,pdbflex,mmseqs_95,1yh2_A,1yh2A,169,169,mmseqs,100.000000,1.000000,1.000000,169
softdis,pdbflex,mmseqs_95,4hj6_A,4hj6B,178,178,mmseqs,100.000000,1.000000,1.000000,178
softdis,pdbflex,mmseqs_95,4lfm_D,4lfkB,172,172,mmseqs,100.000000,1.000000,1.000000,172
softdis,pdbflex,mmseqs_95,4mtd_A,4mteD,171,171,mmseqs,100.000000,1.000000,1.000000,171
softdis,pdbflex,mmseqs_95,6jjj_B,6jjjA,160,160,mmseqs,100.000000,1.000000,1.000000,160
softdis,pdbflex,mmseqs_95,6o3w_A,6o3xA,172,172,mmseqs,100.000000,1.000000,1.000000,172
softdis,pdbflex,mmseqs_95,3nd5_A,3nd5A,171,171,mmseqs,100.000000,1.000000,1.000000,171
softdis,pdbflex,mmseqs_95,4v0n_A,4v0lA,169,169,mmseqs,100.000000,1.000000,1.000000,169
softdis,pdbflex,mmseqs_95,7ytq_A,3c22D,156,156,mmseqs,100.000000,1.000000,1.000000,156
softdis,pdbflex,mmseqs_95,1d1q_A,1d1qA,161,161,mmseqs,100.000000,1.000000,1.000000,161
softdis,pdbflex,mmseqs_95,2pqs_A,2pqsA,159,159,mmseqs,100.000000,1.000000,1.000000,159
softdis,pdbflex,mmseqs_95,3alu_A,3aluA,157,157,mmseqs,100.000000,1.000000,1.000000,157
softdis,pdbflex,mmseqs_95,5hry_A,5hryH,169,169,mmseqs,100.000000,1.000000,1.000000,169
softdis,pdbflex,mmseqs_95,1ri7_A,2e1cA,171,171,mmseqs,100.000000,1.000000,1.000000,171
softdis,pdbflex,mmseqs_95,1wp0_A,2ggtA,165,161,mmseqs,100.000000,0.975758,0.981707,161
softdis,pdbflex,mmseqs_95,4ora_B,1tcoB,170,169,mmseqs,100.000000,0.994118,1.000000,169
softdis,pdbflex,mmseqs_95,2cx3_A,4gqfA,164,164,mmseqs,100.000000,1.000000,1.000000,164
softdis,pdbflex,mmseqs_95,1vb6_A,1vb6A,167,167,mmseqs,100.000000,1.000000,1.000000,167
softdis,pdbflex,mmseqs_95,2xr5_A,6ghvC,166,151,mmseqs,100.000000,0.909639,0.974194,151
softdis,pdbflex,mmseqs_95,3o22_A,3o2yA,162,162,mmseqs,100.000000,1.000000,1.000000,162
softdis,pdbflex,mmseqs_95,4zcu_A,4zcvA,165,165,mmseqs,100.000000,1.000000,1.000000,165
softdis,pdbflex,mmseqs_95,6ml2_A,6ml4A,151,151,mmseqs,100.000000,1.000000,1.000000,151
softdis,pdbflex,mmseqs_95,6mgh_H,6mghD,163,163,mmseqs,100.000000,1.000000,1.000000,163
softdis,pdbflex,mmseqs_95,3otw_F,3otwA,163,163,mmseqs,100.000000,1.000000,1.000000,163
softdis,pdbflex,mmseqs_95,5duw_C,5duuB,155,155,mmseqs,100.000000,1.000000,1.000000,155
softdis,pdbflex,mmseqs_95,1zdn_A,1zdnA,158,158,mmseqs,100.000000,1.000000,1.000000,158
softdis,pdbflex,mmseqs_95,5njk_E,5njkA,156,156,mmseqs,100.000000,1.000000,1.000000,156
softdis,pdbflex,mmseqs_95,4b04_C,4hrfA,160,160,mmseqs,100.000000,1.000000,1.000000,160
softdis,pdbflex,mmseqs_95,4ezm_L,4gkoL,143,143,mmseqs,100.000000,1.000000,1.000000,143
softdis,pdbflex,mmseqs_95,1umn_K,2ux1G,165,164,mmseqs,100.000000,0.993939,0.993939,164
softdis,pdbflex,mmseqs_95,4onx_A,4onxE,162,162,mmseqs,100.000000,1.000000,1.000000,162
softdis,pdbflex,mmseqs_95,5ond_A,2ougA,162,161,mmseqs,100.000000,0.993827,0.993827,161
softdis,pdbflex,mmseqs_95,1nn4_B,1nn4A,162,162,mmseqs,100.000000,1.000000,1.000000,162
softdis,pdbflex,mmseqs_95,2wal_A,2walA,159,159,mmseqs,100.000000,1.000000,1.000000,159
softdis,pdbflex,mmseqs_95,4lfn_A,4lfnA,162,162,mmseqs,100.000000,1.000000,1.000000,162
softdis,pdbflex,mmseqs_95,4ylz_A,4ym1C,153,153,mmseqs,100.000000,1.000000,1.000000,153
softdis,pdbflex,mmseqs_95,1o9r_A,1o9rA,162,162,mmseqs,100.000000,1.000000,1.000000,162
softdis,pdbflex,mmseqs_95,4mpo_B,4mpoB,153,153,mmseqs,100.000000,1.000000,1.000000,153
softdis,pdbflex,mmseqs_95,6ovf_A,6ovfA,161,161,mmseqs,100.000000,1.000000,1.000000,161
softdis,pdbflex,mmseqs_95,3ffu_A,3ffuA,153,153,mmseqs,100.000000,1.000000,1.000000,153
softdis,pdbflex,mmseqs_95,4ijx_A,4ijxA,155,155,mmseqs,100.000000,1.000000,1.000000,155
softdis,pdbflex,mmseqs_95,5ei9_F,5ei9E,144,144,mmseqs,100.000000,1.000000,1.000000,144
softdis,pdbflex,mmseqs_95,1do5_A,1do5A,154,154,mmseqs,100.000000,1.000000,1.000000,154
softdis,pdbflex,mmseqs_95,2rib_A,2ricC,160,160,mmseqs,100.000000,1.000000,1.000000,160
softdis,pdbflex,mmseqs_95,5id2_A,1xvwB,164,153,mmseqs,100.000000,0.932927,0.956250,153
softdis,pdbflex,mmseqs_95,2bpd_A,2bpdB,142,142,mmseqs,100.000000,1.000000,1.000000,142
softdis,pdbflex,mmseqs_95,4nat_B,4nauB,160,160,mmseqs,100.000000,1.000000,1.000000,160
softdis,pdbflex,mmseqs_95,5xfi_A,5xfiA,153,153,mmseqs,100.000000,1.000000,1.000000,153
softdis,pdbflex,mmseqs_95,1ilr_1,1ilr1,152,152,mmseqs,100.000000,1.000000,1.000000,152
softdis,pdbflex,mmseqs_95,2gv5_A,3fwbA,161,161,mmseqs,100.000000,1.000000,1.000000,161
softdis,pdbflex,mmseqs_95,2c41_A,2c41C,158,158,mmseqs,100.000000,1.000000,1.000000,158
softdis,pdbflex,mmseqs_95,4wqq_A,4wqqA,141,141,mmseqs,100.000000,1.000000,1.000000,141
softdis,pdbflex,mmseqs_95,3woc_A,3wocA,151,151,mmseqs,100.000000,1.000000,1.000000,151
softdis,pdbflex,mmseqs_95,5f2q_C,5f2qB,135,135,mmseqs,100.000000,1.000000,1.000000,135
softdis,pdbflex,mmseqs_95,5mgr_A,5mgsH,146,146,mmseqs,100.000000,1.000000,1.000000,146
softdis,pdbflex,mmseqs_95,3zqp_A,3zqqC,164,164,mmseqs,100.000000,1.000000,1.000000,164
softdis,pdbflex,mmseqs_95,6hde_C,6hdeB,152,152,mmseqs,100.000000,1.000000,1.000000,152
softdis,pdbflex,mmseqs_95,5umw_A,5umwA,151,151,mmseqs,100.000000,1.000000,1.000000,151
softdis,pdbflex,mmseqs_95,3ox5_A,3ox5A,153,153,mmseqs,100.000000,1.000000,1.000000,153
softdis,pdbflex,mmseqs_95,4yif_A,4yifB,164,164,mmseqs,100.000000,1.000000,1.000000,164
softdis,pdbflex,mmseqs_95,5cfi_A,5cfiA,152,152,mmseqs,100.000000,1.000000,1.000000,152
softdis,pdbflex,mmseqs_95,3hyb_A,3rg6C,155,155,mmseqs,100.000000,1.000000,1.000000,155
softdis,pdbflex,mmseqs_95,6oec_A,6oecL,162,162,mmseqs,100.000000,1.000000,1.000000,162
softdis,pdbflex,mmseqs_95,1br4_B,1br4B,150,150,mmseqs,100.000000,1.000000,1.000000,150
softdis,pdbflex,mmseqs_95,2py2_A,2py2A,136,136,mmseqs,100.000000,1.000000,1.000000,136
softdis,pdbflex,mmseqs_95,2yjk_G,2yjkC,161,161,mmseqs,100.000000,1.000000,1.000000,161
softdis,pdbflex,mmseqs_95,3e0o_A,3e0oA,144,144,mmseqs,100.000000,1.000000,1.000000,144
softdis,pdbflex,mmseqs_95,3o4o_A,2i1bA,158,153,mmseqs,100.000000,0.968354,1.000000,153
softdis,pdbflex,mmseqs_95,4lk9_A,4lk9A,136,136,mmseqs,100.000000,1.000000,1.000000,136
softdis,pdbflex,mmseqs_95,5ft8_U,5ft8B,154,154,mmseqs,100.000000,1.000000,1.000000,154
softdis,pdbflex,mmseqs_95,5jp5_A,5jp5D,145,145,mmseqs,100.000000,1.000000,1.000000,145
softdis,pdbflex,mmseqs_95,5zrp_A,5zrkA,150,150,mmseqs,100.000000,1.000000,1.000000,150
softdis,pdbflex,mmseqs_95,6upp_A,6pryA,150,150,mmseqs,100.000000,1.000000,1.000000,150
softdis,pdbflex,mmseqs_95,2fjy_A,2fjyB,142,142,mmseqs,100.000000,1.000000,1.000000,142
softdis,pdbflex,mmseqs_95,3tp1_A,3tpwA,152,152,mmseqs,100.000000,1.000000,1.000000,152
softdis,pdbflex,mmseqs_95,1l2o_B,3jtdB,156,156,mmseqs,100.000000,1.000000,1.000000,156
softdis,pdbflex,mmseqs_95,2okd_A,2okdC,147,147,mmseqs,100.000000,1.000000,1.000000,147
softdis,pdbflex,mmseqs_95,3nfd_A,3nfdE,153,153,mmseqs,100.000000,1.000000,1.000000,153
softdis,pdbflex,mmseqs_95,6bbx_A,5w27A,144,144,mmseqs,100.000000,1.000000,1.000000,144
softdis,pdbflex,mmseqs_95,4fhq_A,4rsuJ,134,134,mmseqs,100.000000,1.000000,1.000000,134
softdis,pdbflex,mmseqs_95,2fjc_A,2fjcB,156,156,mmseqs,100.000000,1.000000,1.000000,156
softdis,pdbflex,mmseqs_95,4gx7_A,4gx7A,152,152,mmseqs,100.000000,1.000000,1.000000,152
softdis,pdbflex,mmseqs_95,4kzv_A,4kzwA,134,134,mmseqs,100.000000,1.000000,1.000000,134
softdis,pdbflex,mmseqs_95,5hsm_A,5x80A,160,160,mmseqs,100.000000,1.000000,1.000000,160
softdis,pdbflex,mmseqs_95,4kg3_A,4kg3B,146,146,mmseqs,100.000000,1.000000,1.000000,146
softdis,pdbflex,mmseqs_95,4p78_A,4p7dB,143,143,mmseqs,100.000000,1.000000,1.000000,143
softdis,pdbflex,mmseqs_95,6flw_A,6flwA,144,144,mmseqs,100.000000,1.000000,1.000000,144
softdis,pdbflex,mmseqs_95,3ezz_A,3ezzA,144,144,mmseqs,100.000000,1.000000,1.000000,144
softdis,pdbflex,mmseqs_95,4oxb_A,1qmtA,134,134,mmseqs,100.000000,1.000000,1.000000,134
softdis,pdbflex,mmseqs_95,4d3p_A,4d3pA,147,147,mmseqs,100.000000,1.000000,1.000000,147
softdis,pdbflex,mmseqs_95,4pav_A,4pavB,145,145,mmseqs,100.000000,1.000000,1.000000,145
softdis,pdbflex,mmseqs_95,5tzn_A,5tznA,137,137,mmseqs,100.000000,1.000000,1.000000,137
softdis,pdbflex,mmseqs_95,2wc6_A,2wcmA,141,141,mmseqs,100.000000,1.000000,1.000000,141
softdis,pdbflex,mmseqs_95,3hup_A,3hupA,130,130,mmseqs,100.000000,1.000000,1.000000,130
softdis,pdbflex,mmseqs_95,4dxe_A,4jm7A,143,143,mmseqs,100.000000,1.000000,1.000000,143
softdis,pdbflex,mmseqs_95,5ltw_C,5ltwG,149,149,mmseqs,100.000000,1.000000,1.000000,149
softdis,pdbflex,mmseqs_95,5lnl_A,5lnlC,151,151,mmseqs,100.000000,1.000000,1.000000,151
softdis,pdbflex,mmseqs_95,4d0v_A,4d0vD,145,145,mmseqs,100.000000,1.000000,1.000000,145
softdis,pdbflex,mmseqs_95,4e9m_A,4e9mA,144,144,mmseqs,100.000000,1.000000,1.000000,144
softdis,pdbflex,mmseqs_95,1xk8_A,1xk8D,147,147,mmseqs,100.000000,1.000000,1.000000,147
softdis,pdbflex,mmseqs_95,3wsr_A,3wwkC,128,128,mmseqs,100.000000,1.000000,1.000000,128
softdis,pdbflex,mmseqs_95,3zxf_A,3zxfB,138,138,mmseqs,100.000000,1.000000,1.000000,138
softdis,pdbflex,mmseqs_95,4d6x_A,4d6yA,148,148,mmseqs,100.000000,1.000000,1.000000,148
softdis,pdbflex,mmseqs_95,5ii7_A,5mr3E,138,136,mmseqs,100.000000,0.985507,1.000000,136
softdis,pdbflex,mmseqs_95,5nld_A,5nldB,139,139,mmseqs,100.000000,1.000000,1.000000,139
softdis,pdbflex,mmseqs_95,5u0i_A,5u0iB,140,140,mmseqs,100.000000,1.000000,1.000000,140
softdis,pdbflex,mmseqs_95,1pqf_B,1pqfA,143,143,mmseqs,100.000000,1.000000,1.000000,143
softdis,pdbflex,mmseqs_95,6af3_A,6af4A,141,141,mmseqs,100.000000,1.000000,1.000000,141
softdis,pdbflex,mmseqs_95,6ifb_A,6ifbB,135,135,mmseqs,100.000000,1.000000,1.000000,135
softdis,pdbflex,mmseqs_95,1osa_A,1osaA,148,148,mmseqs,100.000000,1.000000,1.000000,148
softdis,pdbflex,mmseqs_95,3dxe_C,3dxdA,140,140,mmseqs,100.000000,1.000000,1.000000,140
softdis,pdbflex,mmseqs_95,6eun_A,6eunA,156,156,mmseqs,100.000000,1.000000,1.000000,156
softdis,pdbflex,mmseqs_95,7o4p_A,3vy7A,148,139,mmseqs,100.000000,0.939189,0.985816,139
softdis,pdbflex,mmseqs_95,2g0i_A,2g0jC,145,145,mmseqs,100.000000,1.000000,1.000000,145
softdis,pdbflex,mmseqs_95,1bj3_A,1bj3A,129,129,mmseqs,100.000000,1.000000,1.000000,129
softdis,pdbflex,mmseqs_95,4ozj_A,4oznA,143,143,mmseqs,100.000000,1.000000,1.000000,143
softdis,pdbflex,mmseqs_95,5h9p_A,6q17A,158,138,mmseqs,100.000000,0.873418,0.992806,138
softdis,pdbflex,mmseqs_95,4erh_B,4rhaA,148,141,mmseqs,100.000000,0.952703,0.965753,141
softdis,pdbflex,mmseqs_95,1ov8_C,1qhqA,140,140,mmseqs,100.000000,1.000000,1.000000,140
softdis,pdbflex,mmseqs_95,3lus_A,3lusB,148,148,mmseqs,100.000000,1.000000,1.000000,148
softdis,pdbflex,mmseqs_95,3ul5_A,3ul5D,139,139,mmseqs,100.000000,1.000000,1.000000,139
softdis,pdbflex,mmseqs_95,4x09_A,6enpA,128,128,mmseqs,100.000000,1.000000,1.000000,128
softdis,pdbflex,mmseqs_95,5gi0_A,5gi0A,133,133,mmseqs,100.000000,1.000000,1.000000,133
softdis,pdbflex,mmseqs_95,5v6f_A,5v6cB,138,138,mmseqs,100.000000,1.000000,1.000000,138
softdis,pdbflex,mmseqs_95,2oz1_B,2oz1F,138,138,mmseqs,100.000000,1.000000,1.000000,138
softdis,pdbflex,mmseqs_95,2qzj_A,2qzjA,136,136,mmseqs,100.000000,1.000000,1.000000,136
softdis,pdbflex,mmseqs_95,1is6_A,1is3A,135,135,mmseqs,100.000000,1.000000,1.000000,135
softdis,pdbflex,mmseqs_95,5m6h_A,6h6rA,127,127,mmseqs,100.000000,1.000000,1.000000,127
softdis,pdbflex,mmseqs_95,5n16_D,5n15A,138,138,mmseqs,100.000000,1.000000,1.000000,138
softdis,pdbflex,mmseqs_95,6mtj_D,6mtnD,134,134,mmseqs,100.000000,1.000000,1.000000,134
softdis,pdbflex,mmseqs_95,1yxj_B,1ypuB,130,128,mmseqs,100.000000,0.984615,0.948148,128
softdis,pdbflex,mmseqs_95,2ymz_A,2ymzA,130,130,mmseqs,100.000000,1.000000,1.000000,130
softdis,pdbflex,mmseqs_95,1bj3_B,1j34B,123,123,mmseqs,100.000000,1.000000,1.000000,123
softdis,pdbflex,mmseqs_95,3ljd_A,2vq8A,126,125,mmseqs,100.000000,0.992063,0.899281,125
softdis,pdbflex,mmseqs_95,3fz2_A,3fz2E,134,134,mmseqs,100.000000,1.000000,1.000000,134
softdis,pdbflex,mmseqs_95,6d48_E,6d49A,127,127,mmseqs,100.000000,1.000000,1.000000,127
softdis,pdbflex,mmseqs_95,1kcg_A,1mpuA,124,124,mmseqs,100.000000,1.000000,0.898551,124
softdis,pdbflex,mmseqs_95,2gwf_B,2fzpA,134,134,mmseqs,100.000000,1.000000,0.930556,134
softdis,pdbflex,mmseqs_95,6e7d_A,6e7dE,124,124,mmseqs,100.000000,1.000000,1.000000,124
softdis,pdbflex,mmseqs_95,7x9o_A,3a6tA,129,129,mmseqs,100.000000,1.000000,1.000000,129
softdis,pdbflex,mmseqs_95,3c3i_B,3c3iB,141,141,mmseqs,100.000000,1.000000,1.000000,141
softdis,pdbflex,mmseqs_95,6scf_G,6scfF,138,138,mmseqs,100.000000,1.000000,1.000000,138
softdis,pdbflex,mmseqs_95,1f7n_B,1f7rA,136,136,mmseqs,100.000000,1.000000,1.000000,136
softdis,pdbflex,mmseqs_95,5fgs_A,5fgsC,136,136,mmseqs,100.000000,1.000000,1.000000,136
softdis,pdbflex,mmseqs_95,2jca_A,2jbzA,143,143,mmseqs,100.000000,1.000000,1.000000,143
softdis,pdbflex,mmseqs_95,2qq4_B,2qq4A,138,138,mmseqs,100.000000,1.000000,1.000000,138
softdis,pdbflex,mmseqs_95,4n6m_A,4n6mA,132,132,mmseqs,100.000000,1.000000,1.000000,132
softdis,pdbflex,mmseqs_95,1b6e_A,3bdwA,128,123,mmseqs,100.000000,0.960938,1.000000,123
softdis,pdbflex,mmseqs_95,4uhs_A,4uhkA,136,136,mmseqs,100.000000,1.000000,1.000000,136
softdis,pdbflex,mmseqs_95,5y61_B,5eazA,138,135,mmseqs,100.000000,0.978261,1.000000,135
softdis,pdbflex,mmseqs_95,2vzc_A,2vzcA,131,131,mmseqs,100.000000,1.000000,1.000000,131
softdis,pdbflex,mmseqs_95,4o1i_A,4o1iD,138,138,mmseqs,100.000000,1.000000,1.000000,138
softdis,pdbflex,mmseqs_95,5v52_D,3r0nA,140,127,mmseqs,100.000000,0.907143,0.992188,127
softdis,pdbflex,mmseqs_95,6br7_A,6br7B,133,133,mmseqs,100.000000,1.000000,1.000000,133
softdis,pdbflex,mmseqs_95,6s45_A,6qqhA,128,128,mmseqs,100.000000,1.000000,1.000000,128
softdis,pdbflex,mmseqs_95,3iqc_A,3iqcA,131,131,mmseqs,100.000000,1.000000,1.000000,131
softdis,pdbflex,mmseqs_95,1oxk_B,2r25B,134,132,mmseqs,100.000000,0.985075,0.992481,132
softdis,pdbflex,mmseqs_95,1za3_R,1d4vA,134,115,mmseqs,100.000000,0.858209,0.982906,115
softdis,pdbflex,mmseqs_95,6cmv_A,6cmvB,139,139,mmseqs,100.000000,1.000000,1.000000,139
softdis,pdbflex,mmseqs_95,6cps_A,6cpsA,131,131,mmseqs,100.000000,1.000000,1.000000,131
softdis,pdbflex,mmseqs_95,1qmp_A,1qmpA,130,130,mmseqs,100.000000,1.000000,1.000000,130
softdis,pdbflex,mmseqs_95,3lte_M,3lteD,132,132,mmseqs,100.000000,1.000000,1.000000,132
softdis,pdbflex,mmseqs_95,4pup_A,4qybB,131,125,mmseqs,100.000000,0.954198,1.000000,125
softdis,pdbflex,mmseqs_95,2omo_A,2omoA,124,124,mmseqs,100.000000,1.000000,1.000000,124
softdis,pdbflex,mmseqs_95,3ulg_B,2nxqA,134,134,mmseqs,100.000000,1.000000,1.000000,134
softdis,pdbflex,mmseqs_95,4n21_A,4n21C,130,130,mmseqs,100.000000,1.000000,1.000000,130
softdis,pdbflex,mmseqs_95,1cxa_A,1l9jC,124,124,mmseqs,100.000000,1.000000,1.000000,124
softdis,pdbflex,mmseqs_95,3cdg_K,3cdgF,120,120,mmseqs,100.000000,1.000000,1.000000,120
softdis,pdbflex,mmseqs_95,4o32_A,3ul3B,138,128,mmseqs,100.000000,0.927536,1.000000,128
softdis,pdbflex,mmseqs_95,4tum_A,4tumA,132,132,mmseqs,100.000000,1.000000,1.000000,132
softdis,pdbflex,mmseqs_95,1jr8_A,1jraA,117,117,mmseqs,100.000000,1.000000,1.000000,117
softdis,pdbflex,mmseqs_95,6h6n_A,6h6nA,131,131,mmseqs,100.000000,1.000000,1.000000,131
softdis,pdbflex,mmseqs_95,2jjs_A,2uv3B,126,126,mmseqs,100.000000,1.000000,1.000000,126
softdis,pdbflex,mmseqs_95,2yhf_A,2yhfA,118,118,mmseqs,100.000000,1.000000,1.000000,118
softdis,pdbflex,mmseqs_95,5hbl_A,5hblA,127,127,mmseqs,100.000000,1.000000,1.000000,127
softdis,pdbflex,mmseqs_95,5s8c_A,5encA,128,128,mmseqs,100.000000,1.000000,0.977099,128
softdis,pdbflex,mmseqs_95,6gdv_C,6gduA,133,133,mmseqs,100.000000,1.000000,1.000000,133
softdis,pdbflex,mmseqs_95,6is1_E,6is2A,128,128,mmseqs,100.000000,1.000000,1.000000,128
softdis,pdbflex,mmseqs_95,4qey_A,4qeyA,132,132,mmseqs,100.000000,1.000000,1.000000,132
softdis,pdbflex,mmseqs_95,5dc4_A,3uyoA,123,123,mmseqs,100.000000,1.000000,1.000000,123
softdis,pdbflex,mmseqs_95,2j1k_T,1f5wA,128,126,mmseqs,100.000000,0.984375,1.000000,126
softdis,pdbflex,mmseqs_95,6p17_B,6p1eB,123,123,mmseqs,100.000000,1.000000,1.000000,123
softdis,pdbflex,mmseqs_95,2fwe_A,1uc7A,134,125,mmseqs,100.000000,0.932836,1.000000,125
softdis,pdbflex,mmseqs_95,3h7q_A,3ne3B,132,130,mmseqs,100.000000,0.984848,1.000000,130
softdis,pdbflex,mmseqs_95,6ar4_A,6bjnA,125,125,mmseqs,100.000000,1.000000,1.000000,125
softdis,pdbflex,mmseqs_95,4ox8_A,4ox8A,128,128,mmseqs,100.000000,1.000000,1.000000,128
softdis,pdbflex,mmseqs_95,3rtl_A,3rtlB,121,121,mmseqs,100.000000,1.000000,1.000000,121
softdis,pdbflex,mmseqs_95,4lw9_Q,4lw9A,120,120,mmseqs,100.000000,1.000000,1.000000,120
softdis,pdbflex,mmseqs_95,1orj_A,1orjA,130,130,mmseqs,100.000000,1.000000,1.000000,130
softdis,pdbflex,mmseqs_95,1sf8_A,1sf8G,126,126,mmseqs,100.000000,1.000000,1.000000,126
softdis,pdbflex,mmseqs_95,2j80_A,1p0zA,135,129,mmseqs,100.000000,0.955556,0.984733,129
softdis,pdbflex,mmseqs_95,5cqx_A,5cqxB,119,119,mmseqs,100.000000,1.000000,1.000000,119
softdis,pdbflex,mmseqs_95,2iug_A,2iuhA,120,120,mmseqs,100.000000,1.000000,1.000000,120
softdis,pdbflex,mmseqs_95,2x18_E,2x18E,119,119,mmseqs,100.000000,1.000000,1.000000,119
softdis,pdbflex,mmseqs_95,1d5w_B,1dckB,126,126,mmseqs,100.000000,1.000000,1.000000,126
softdis,pdbflex,mmseqs_95,3o6u_A,3o6uA,128,128,mmseqs,100.000000,1.000000,1.000000,128
softdis,pdbflex,mmseqs_95,3wgd_A,3wgdC,113,113,mmseqs,100.000000,1.000000,1.000000,113
softdis,pdbflex,mmseqs_95,4lx8_A,4hnsA,124,124,mmseqs,100.000000,1.000000,1.000000,124
softdis,pdbflex,mmseqs_95,4q0o_A,3g0jA,124,124,mmseqs,100.000000,1.000000,1.000000,124
softdis,pdbflex,mmseqs_95,1w89_A,1w4vA,119,119,mmseqs,100.000000,1.000000,1.000000,119
softdis,pdbflex,mmseqs_95,2qms_A,4wwqB,120,120,mmseqs,100.000000,1.000000,1.000000,120
softdis,pdbflex,mmseqs_95,4of6_A,4of6B,120,120,mmseqs,100.000000,1.000000,1.000000,120
softdis,pdbflex,mmseqs_95,4ofi_A,4ofiC,115,115,mmseqs,100.000000,1.000000,1.000000,115
softdis,pdbflex,mmseqs_95,1mav_A,1m5tA,124,124,mmseqs,100.000000,1.000000,1.000000,124
softdis,pdbflex,mmseqs_95,2atp_C,1bqhH,122,122,mmseqs,100.000000,1.000000,0.945736,122
softdis,pdbflex,mmseqs_95,4lxr_J,3e07A,114,114,mmseqs,100.000000,1.000000,1.000000,114
softdis,pdbflex,mmseqs_95,5mkx_B,5fe6B,119,119,mmseqs,100.000000,1.000000,1.000000,119
softdis,pdbflex,mmseqs_95,5t2q_A,5t2rA,108,108,mmseqs,100.000000,1.000000,1.000000,108
softdis,pdbflex,mmseqs_95,5cmo_C,5suvA,125,125,mmseqs,100.000000,1.000000,0.992063,125
softdis,pdbflex,mmseqs_95,5d9z_B,5d9zB,112,112,mmseqs,100.000000,1.000000,1.000000,112
softdis,pdbflex,mmseqs_95,1fte_B,1fthA,122,122,mmseqs,100.000000,1.000000,1.000000,122
softdis,pdbflex,mmseqs_95,1ytt_A,1msbA,115,115,mmseqs,100.000000,1.000000,1.000000,115
softdis,pdbflex,mmseqs_95,2vm2_A,2vm1C,118,118,mmseqs,100.000000,1.000000,1.000000,118
softdis,pdbflex,mmseqs_95,5mpw_A,5mpwA,115,115,mmseqs,100.000000,1.000000,1.000000,115
softdis,pdbflex,mmseqs_95,7xne_A,6yijA,133,117,mmseqs,100.000000,0.879699,0.983193,117
softdis,pdbflex,mmseqs_95,2w8b_C,2w8bG,118,118,mmseqs,100.000000,1.000000,1.000000,118
softdis,pdbflex,mmseqs_95,2oe0_A,2oe1A,114,114,mmseqs,100.000000,1.000000,1.000000,114
softdis,pdbflex,mmseqs_95,3f72_A,3f72B,122,122,mmseqs,100.000000,1.000000,1.000000,122
softdis,pdbflex,mmseqs_95,2qra_D,2qraC,111,111,mmseqs,100.000000,1.000000,1.000000,111
softdis,pdbflex,mmseqs_95,3uvt_A,3uvtC,111,111,mmseqs,100.000000,1.000000,1.000000,111
softdis,pdbflex,mmseqs_95,2of5_A,2of5A,114,114,mmseqs,100.000000,1.000000,1.000000,114
softdis,pdbflex,mmseqs_95,3ia0_Z,3ia0A,119,119,mmseqs,100.000000,1.000000,1.000000,119
softdis,pdbflex,mmseqs_95,5hiy_A,5hiyB,114,114,mmseqs,100.000000,1.000000,1.000000,114
softdis,pdbflex,mmseqs_95,4oiz_A,4oitB,113,113,mmseqs,100.000000,1.000000,1.000000,113
softdis,pdbflex,mmseqs_95,1f7t_A,1f7tA,122,122,mmseqs,100.000000,1.000000,1.000000,122
softdis,pdbflex,mmseqs_95,1oms_C,1omsC,121,121,mmseqs,100.000000,1.000000,1.000000,121
softdis,pdbflex,mmseqs_95,2cov_D,2covD,104,104,mmseqs,100.000000,1.000000,1.000000,104
softdis,pdbflex,mmseqs_95,3ded_A,3dedC,113,113,mmseqs,100.000000,1.000000,1.000000,113
softdis,pdbflex,mmseqs_95,3ssq_A,3ssqA,122,122,mmseqs,100.000000,1.000000,1.000000,122
softdis,pdbflex,mmseqs_95,4pu8_B,4pu4D,118,118,mmseqs,100.000000,1.000000,1.000000,118
softdis,pdbflex,mmseqs_95,7s4e_A,6haxE,125,121,mmseqs,100.000000,0.968000,0.983740,121
softdis,pdbflex,mmseqs_95,6azr_B,3dgeC,123,122,mmseqs,100.000000,0.991870,1.000000,122
softdis,pdbflex,mmseqs_95,6ctd_A,6ctdA,121,121,mmseqs,100.000000,1.000000,1.000000,121
softdis,pdbflex,mmseqs_95,2was_A,2watA,122,122,mmseqs,100.000000,1.000000,1.000000,122
softdis,pdbflex,mmseqs_95,5fm8_A,5fm4B,112,112,mmseqs,100.000000,1.000000,1.000000,112
softdis,pdbflex,mmseqs_95,2of5_H,2of5H,118,118,mmseqs,100.000000,1.000000,1.000000,118
softdis,pdbflex,mmseqs_95,5un5_D,5un5C,123,123,mmseqs,100.000000,1.000000,1.000000,123
softdis,pdbflex,mmseqs_95,2z8v_C,2z8vC,116,116,mmseqs,100.000000,1.000000,1.000000,116
softdis,pdbflex,mmseqs_95,3f8b_A,3f8fA,116,116,mmseqs,100.000000,1.000000,0.920635,116
softdis,pdbflex,mmseqs_95,2zv3_A,2zv3B,115,115,mmseqs,100.000000,1.000000,1.000000,115
softdis,pdbflex,mmseqs_95,4xjk_D,4xjkD,114,114,mmseqs,100.000000,1.000000,1.000000,114
softdis,pdbflex,mmseqs_95,5e6n_A,5azhA,118,115,mmseqs,100.000000,0.974576,0.898438,115
softdis,pdbflex,mmseqs_95,6f5c_A,6quaB,127,117,mmseqs,100.000000,0.921260,1.000000,117
softdis,pdbflex,mmseqs_95,6j2z_F,6j2zB,108,108,mmseqs,100.000000,1.000000,1.000000,108
softdis,pdbflex,mmseqs_95,6jnl_A,6jnmA,101,101,mmseqs,100.000000,1.000000,1.000000,101
softdis,pdbflex,mmseqs_95,1kb2_B,1kb6B,110,110,mmseqs,100.000000,1.000000,1.000000,110
softdis,pdbflex,mmseqs_95,5j0l_A,5j0lA,141,141,mmseqs,100.000000,1.000000,1.000000,141
softdis,pdbflex,mmseqs_95,6ebb_A,6ebbA,120,120,mmseqs,100.000000,1.000000,1.000000,120
softdis,pdbflex,mmseqs_95,6er7_A,6exrA,120,120,mmseqs,100.000000,1.000000,1.000000,120
softdis,pdbflex,mmseqs_95,3ahp_A,3ahpB,108,108,mmseqs,100.000000,1.000000,1.000000,108
softdis,pdbflex,mmseqs_95,1i85_B,1i85A,110,110,mmseqs,100.000000,1.000000,1.000000,110
softdis,pdbflex,mmseqs_95,2pmu_A,2pmuB,110,110,mmseqs,100.000000,1.000000,1.000000,110
softdis,pdbflex,mmseqs_95,4pj1_O,4pj1Z,114,114,mmseqs,100.000000,1.000000,1.000000,114
softdis,pdbflex,mmseqs_95,4hjm_A,4n11A,111,111,mmseqs,100.000000,1.000000,1.000000,111
softdis,pdbflex,mmseqs_95,5aqf_D,5aquB,118,118,mmseqs,100.000000,1.000000,1.000000,118
softdis,pdbflex,mmseqs_95,5j7d_A,5j7dA,112,112,mmseqs,100.000000,1.000000,1.000000,112
softdis,pdbflex,mmseqs_95,5zhc_A,5zi8A,113,113,mmseqs,100.000000,1.000000,1.000000,113
softdis,pdbflex,mmseqs_95,1xw3_A,1xw3A,110,110,mmseqs,100.000000,1.000000,1.000000,110
softdis,pdbflex,mmseqs_95,2gsg_A,2otuA,116,114,mmseqs,100.000000,0.982759,0.991304,114
softdis,pdbflex,mmseqs_95,3jv6_B,3jv6B,107,107,mmseqs,100.000000,1.000000,1.000000,107
softdis,pdbflex,mmseqs_95,3r7n_B,1pyoD,112,104,mmseqs,100.000000,0.928571,0.990476,104
softdis,pdbflex,mmseqs_95,4n9g_C,4jlrC,123,123,mmseqs,100.000000,1.000000,1.000000,123
softdis,pdbflex,mmseqs_95,4yyi_A,4yyhB,108,108,mmseqs,100.000000,1.000000,1.000000,108
softdis,pdbflex,mmseqs_95,6i19_A,6q46A,113,113,mmseqs,100.000000,1.000000,1.000000,113
softdis,pdbflex,mmseqs_95,4rwx_A,4rwwA,114,113,mmseqs,100.000000,0.991228,1.000000,113
softdis,pdbflex,mmseqs_95,5or8_A,4qbmA,106,106,mmseqs,100.000000,1.000000,1.000000,106
softdis,pdbflex,mmseqs_95,5yny_A,5ynxA,128,118,mmseqs,100.000000,0.921875,1.000000,118
softdis,pdbflex,mmseqs_95,7sn6_A,4fxwA,106,106,mmseqs,100.000000,1.000000,1.000000,106
softdis,pdbflex,mmseqs_95,5xe2_A,5xe2A,107,107,mmseqs,100.000000,1.000000,1.000000,107
softdis,pdbflex,mmseqs_95,1bcp_D,1ptoD,110,110,mmseqs,100.000000,1.000000,1.000000,110
softdis,pdbflex,mmseqs_95,4y00_A,4y00A,103,103,mmseqs,100.000000,1.000000,1.000000,103
softdis,pdbflex,mmseqs_95,5x5l_A,5x5lE,109,109,mmseqs,100.000000,1.000000,1.000000,109
softdis,pdbflex,mmseqs_95,6pxb_F,6pxcA,109,109,mmseqs,100.000000,1.000000,1.000000,109
softdis,pdbflex,mmseqs_95,3qkb_A,3qkbA,111,111,mmseqs,100.000000,1.000000,1.000000,111
softdis,pdbflex,mmseqs_95,1gxp_A,1gxqA,106,106,mmseqs,100.000000,1.000000,1.000000,106
softdis,pdbflex,mmseqs_95,2pys_A,2pysB,109,109,mmseqs,100.000000,1.000000,1.000000,109
softdis,pdbflex,mmseqs_95,3dar_A,3cafA,105,100,mmseqs,100.000000,0.952381,1.000000,100
softdis,pdbflex,mmseqs_95,3mlf_A,3mlfA,111,111,mmseqs,100.000000,1.000000,1.000000,111
softdis,pdbflex,mmseqs_95,6app_B,4w2oB,106,106,mmseqs,100.000000,1.000000,1.000000,106
softdis,pdbflex,mmseqs_95,6gbg_D,2gk2B,115,107,mmseqs,100.000000,0.930435,0.963964,107
softdis,pdbflex,mmseqs_95,6ppp_G,3swnF,119,113,mmseqs,100.000000,0.949580,0.965812,113
softdis,pdbflex,mmseqs_95,3nsi_A,3nsiB,101,101,mmseqs,100.000000,1.000000,1.000000,101
softdis,pdbflex,mmseqs_95,3tkz_A,4je4A,109,103,mmseqs,100.000000,0.944954,0.971698,103
softdis,pdbflex,mmseqs_95,1bxa_A,2j55A,105,105,mmseqs,100.000000,1.000000,1.000000,105
softdis,pdbflex,mmseqs_95,3d1m_C,3n1fD,102,102,mmseqs,100.000000,1.000000,1.000000,102
softdis,pdbflex,mmseqs_95,3mop_D,3mopA,110,110,mmseqs,100.000000,1.000000,1.000000,110
softdis,pdbflex,mmseqs_95,4omy_A,4omzC,118,118,mmseqs,100.000000,1.000000,1.000000,118
softdis,pdbflex,mmseqs_95,2puk_C,2pukC,106,106,mmseqs,100.000000,1.000000,1.000000,106
softdis,pdbflex,mmseqs_95,5hk3_A,5hkcA,114,114,mmseqs,100.000000,1.000000,1.000000,114
softdis,pdbflex,mmseqs_95,6aso_G,4c92G,115,115,mmseqs,100.000000,1.000000,1.000000,115
softdis,pdbflex,mmseqs_95,1d4t_A,1d4tA,104,104,mmseqs,100.000000,1.000000,1.000000,104
softdis,pdbflex,mmseqs_95,1nw2_A,1nw2A,105,105,mmseqs,100.000000,1.000000,1.000000,105
softdis,pdbflex,mmseqs_95,4emh_U,4emhA,105,105,mmseqs,100.000000,1.000000,1.000000,105
softdis,pdbflex,mmseqs_95,4k2e_A,4ooiB,112,112,mmseqs,100.000000,1.000000,1.000000,112
softdis,pdbflex,mmseqs_95,4h2t_C,4h2uD,110,110,mmseqs,100.000000,1.000000,1.000000,110
softdis,pdbflex,mmseqs_95,4zk7_M,4zk7Q,111,111,mmseqs,100.000000,1.000000,1.000000,111
softdis,pdbflex,mmseqs_95,6kc4_A,6kc4A,102,102,mmseqs,100.000000,1.000000,1.000000,102
softdis,pdbflex,mmseqs_95,2d00_C,2d00A,109,109,mmseqs,100.000000,1.000000,1.000000,109
softdis,pdbflex,mmseqs_95,5ym6_A,5ym8B,115,108,mmseqs,100.000000,0.939130,1.000000,108
softdis,pdbflex,mmseqs_95,2hd3_A,2hd3B,103,103,mmseqs,100.000000,1.000000,1.000000,103
softdis,pdbflex,mmseqs_95,2pe8_A,2pehA,105,105,mmseqs,100.000000,1.000000,1.000000,105
softdis,pdbflex,mmseqs_95,3k3s_A,3k3sA,105,105,mmseqs,100.000000,1.000000,1.000000,105
softdis,pdbflex,mmseqs_95,3qby_A,3qbyA,94,94,mmseqs,100.000000,1.000000,1.000000,94
softdis,pdbflex,mmseqs_95,3qdo_A,3qdoA,109,109,mmseqs,100.000000,1.000000,1.000000,109
softdis,pdbflex,mmseqs_95,5j7k_A,5j7kB,99,99,mmseqs,100.000000,1.000000,1.000000,99
softdis,pdbflex,mmseqs_95,1ql3_A,1ql4A,99,99,mmseqs,100.000000,1.000000,1.000000,99
softdis,pdbflex,mmseqs_95,3nit_A,3nitA,90,90,mmseqs,100.000000,1.000000,1.000000,90
softdis,pdbflex,mmseqs_95,4jur_I,4hfkB,105,105,mmseqs,100.000000,1.000000,1.000000,105
softdis,pdbflex,mmseqs_95,1ehd_A,1ehhA,89,89,mmseqs,100.000000,1.000000,1.000000,89
softdis,pdbflex,mmseqs_95,2pei_A,2peiD,109,109,mmseqs,100.000000,1.000000,1.000000,109
softdis,pdbflex,mmseqs_95,2wwk_T,2wwmD,102,102,mmseqs,100.000000,1.000000,1.000000,102
softdis,pdbflex,mmseqs_95,4nyo_A,4nyoA,102,102,mmseqs,100.000000,1.000000,1.000000,102
softdis,pdbflex,mmseqs_95,4pw9_B,4pwaD,106,106,mmseqs,100.000000,1.000000,1.000000,106
softdis,pdbflex,mmseqs_95,4q2n_A,4q2nB,103,103,mmseqs,100.000000,1.000000,1.000000,103
softdis,pdbflex,mmseqs_95,6thh_A,6expF,104,104,mmseqs,100.000000,1.000000,1.000000,104
softdis,pdbflex,mmseqs_95,3oei_C,3oeiC,96,96,mmseqs,100.000000,1.000000,1.000000,96
softdis,pdbflex,mmseqs_95,4ygc_B,4ygdH,104,104,mmseqs,100.000000,1.000000,1.000000,104
softdis,pdbflex,mmseqs_95,6el8_A,6el8A,99,99,mmseqs,100.000000,1.000000,1.000000,99
softdis,pdbflex,mmseqs_95,6n3f_C,6n3dA,96,96,mmseqs,100.000000,1.000000,1.000000,96
softdis,pdbflex,mmseqs_95,8eg6_B,3qnwB,109,100,mmseqs,100.000000,0.917431,1.000000,100
softdis,pdbflex,mmseqs_95,1r1u_A,1r1uC,106,106,mmseqs,100.000000,1.000000,1.000000,106
softdis,pdbflex,mmseqs_95,2ql5_B,4lszD,97,97,mmseqs,100.000000,1.000000,0.923810,97
softdis,pdbflex,mmseqs_95,2vkj_A,2vkjA,106,106,mmseqs,100.000000,1.000000,1.000000,106
softdis,pdbflex,mmseqs_95,6o8o_A,6o8oB,111,111,mmseqs,100.000000,1.000000,1.000000,111
softdis,pdbflex,mmseqs_95,1jxg_B,1jxgA,100,100,mmseqs,100.000000,1.000000,1.000000,100
softdis,pdbflex,mmseqs_95,1psr_A,1psrA,100,100,mmseqs,100.000000,1.000000,1.000000,100
softdis,pdbflex,mmseqs_95,1wmg_A,1wmgA,103,103,mmseqs,100.000000,1.000000,1.000000,103
softdis,pdbflex,mmseqs_95,2pr0_A,2pr0A,94,94,mmseqs,100.000000,1.000000,1.000000,94
softdis,pdbflex,mmseqs_95,3oq9_H,3oq9H,100,100,mmseqs,100.000000,1.000000,1.000000,100
softdis,pdbflex,mmseqs_95,3stq_A,3stqA,102,102,mmseqs,100.000000,1.000000,1.000000,102
softdis,pdbflex,mmseqs_95,4h2w_C,4h2wC,103,103,mmseqs,100.000000,1.000000,1.000000,103
softdis,pdbflex,mmseqs_95,4zka_A,4zkaA,100,100,mmseqs,100.000000,1.000000,1.000000,100
softdis,pdbflex,mmseqs_95,5ied_B,5f0eB,88,88,mmseqs,100.000000,1.000000,1.000000,88
softdis,pdbflex,mmseqs_95,5m3d_A,5m3tB,101,101,mmseqs,100.000000,1.000000,1.000000,101
softdis,pdbflex,mmseqs_95,6lbi_C,3co6C,118,100,mmseqs,100.000000,0.847458,1.000000,100
softdis,pdbflex,mmseqs_95,1bt6_B,1a4pA,96,96,mmseqs,100.000000,1.000000,1.000000,96
softdis,pdbflex,mmseqs_95,3kjn_B,3kjnB,95,95,mmseqs,100.000000,1.000000,1.000000,95
softdis,pdbflex,mmseqs_95,5jvh_L,1nkwM,114,114,mmseqs,100.000000,1.000000,1.000000,114
softdis,pdbflex,mmseqs_95,5to4_A,5eg3B,101,97,mmseqs,100.000000,0.960396,0.850877,97
softdis,pdbflex,mmseqs_95,5xpb_D,5xpcB,100,100,mmseqs,100.000000,1.000000,1.000000,100
softdis,pdbflex,mmseqs_95,3oe3_A,3oe3C,98,98,mmseqs,100.000000,1.000000,1.000000,98
softdis,pdbflex,mmseqs_95,1pal_A,1pvbA,108,107,mmseqs,100.000000,0.990741,0.990741,107
softdis,pdbflex,mmseqs_95,2q73_A,2q73C,100,100,mmseqs,100.000000,1.000000,1.000000,100
softdis,pdbflex,mmseqs_95,3b83_A,3b83C,100,100,mmseqs,100.000000,1.000000,1.000000,100
softdis,pdbflex,mmseqs_95,5dft_A,5dftA,101,101,mmseqs,100.000000,1.000000,1.000000,101
softdis,pdbflex,mmseqs_95,2cxk_A,2cxkA,95,95,mmseqs,100.000000,1.000000,1.000000,95
softdis,pdbflex,mmseqs_95,6fia_A,6fiaD,104,104,mmseqs,100.000000,1.000000,1.000000,104
softdis,pdbflex,mmseqs_95,3isw_A,3iswB,99,99,mmseqs,100.000000,1.000000,1.000000,99
softdis,pdbflex,mmseqs_95,4jvz_A,4jvzC,99,99,mmseqs,100.000000,1.000000,1.000000,99
softdis,pdbflex,mmseqs_95,3pqj_A,3pqkB,102,102,mmseqs,100.000000,1.000000,1.000000,102
softdis,pdbflex,mmseqs_95,4dxe_H,4dxeI,101,101,mmseqs,100.000000,1.000000,1.000000,101
softdis,pdbflex,mmseqs_95,4j45_A,4j48A,86,86,mmseqs,100.000000,1.000000,1.000000,86
softdis,pdbflex,mmseqs_95,2hyi_B,2hyiB,91,91,mmseqs,100.000000,1.000000,1.000000,91
softdis,pdbflex,mmseqs_95,3mq1_D,3mq1A,103,103,mmseqs,100.000000,1.000000,1.000000,103
softdis,pdbflex,mmseqs_95,4y5o_A,4fqnA,98,98,mmseqs,100.000000,1.000000,1.000000,98
softdis,pdbflex,mmseqs_95,1owf_A,1owgA,99,99,mmseqs,100.000000,1.000000,1.000000,99
softdis,pdbflex,mmseqs_95,1vp7_C,1vp7B,100,100,mmseqs,100.000000,1.000000,1.000000,100
softdis,pdbflex,mmseqs_95,2qkv_A,2qkvA,96,96,mmseqs,100.000000,1.000000,1.000000,96
softdis,pdbflex,mmseqs_95,2rcf_A,2rcfA,91,91,mmseqs,100.000000,1.000000,1.000000,91
softdis,pdbflex,mmseqs_95,2vph_A,5ez0D,100,92,mmseqs,100.000000,0.920000,0.859813,92
softdis,pdbflex,mmseqs_95,3ulj_A,3uljB,90,90,mmseqs,100.000000,1.000000,1.000000,90
softdis,pdbflex,mmseqs_95,1aue_A,4driB,100,90,mmseqs,100.000000,0.900000,0.918367,90
softdis,pdbflex,mmseqs_95,1kkl_H,1kklJ,100,100,mmseqs,100.000000,1.000000,1.000000,100
softdis,pdbflex,mmseqs_95,3lnx_A,3lnxA,96,96,mmseqs,100.000000,1.000000,1.000000,96
softdis,pdbflex,mmseqs_95,5l37_A,5l37C,95,95,mmseqs,100.000000,1.000000,1.000000,95
softdis,pdbflex,mmseqs_95,1n9s_J,1n9sC,93,93,mmseqs,100.000000,1.000000,1.000000,93
softdis,pdbflex,mmseqs_95,1w2i_A,1v3zA,91,91,mmseqs,100.000000,1.000000,1.000000,91
softdis,pdbflex,mmseqs_95,3mli_A,3mliD,100,100,mmseqs,100.000000,1.000000,1.000000,100
softdis,pdbflex,mmseqs_95,1n5z_A,1jqqB,92,92,mmseqs,100.000000,1.000000,1.000000,92
softdis,pdbflex,mmseqs_95,4hi2_B,6krbA,91,91,mmseqs,100.000000,1.000000,1.000000,91
softdis,pdbflex,mmseqs_95,5csf_A,5csnA,95,95,mmseqs,100.000000,1.000000,1.000000,95
softdis,pdbflex,mmseqs_95,1owf_B,1owfB,94,94,mmseqs,100.000000,1.000000,1.000000,94
softdis,pdbflex,mmseqs_95,1yn4_A,1yn4A,99,99,mmseqs,100.000000,1.000000,1.000000,99
softdis,pdbflex,mmseqs_95,2aib_A,2a8fA,98,98,mmseqs,100.000000,1.000000,1.000000,98
softdis,pdbflex,mmseqs_95,2h3r_A,2oa5B,110,110,mmseqs,100.000000,1.000000,1.000000,110
softdis,pdbflex,mmseqs_95,2x5h_A,2x5hD,97,97,mmseqs,100.000000,1.000000,1.000000,97
softdis,pdbflex,mmseqs_95,2ek1_F,2ek1A,95,95,mmseqs,100.000000,1.000000,1.000000,95
softdis,pdbflex,mmseqs_95,2o94_A,2o94A,112,112,mmseqs,100.000000,1.000000,1.000000,112
softdis,pdbflex,mmseqs_95,4pjo_B,1d3bL,95,91,mmseqs,100.000000,0.957895,1.000000,91
softdis,pdbflex,mmseqs_95,1h0x_A,1h0yA,100,100,mmseqs,100.000000,1.000000,1.000000,100
softdis,pdbflex,mmseqs_95,2qyp_A,2qypB,91,91,mmseqs,100.000000,1.000000,1.000000,91
softdis,pdbflex,mmseqs_95,2wc8_A,2wc8D,95,95,mmseqs,100.000000,1.000000,1.000000,95
softdis,pdbflex,mmseqs_95,3p6y_C,3p5tM,90,90,mmseqs,100.000000,1.000000,1.000000,90
softdis,pdbflex,mmseqs_95,4uow_5,4c4kO,93,93,mmseqs,100.000000,1.000000,0.948980,93
softdis,pdbflex,mmseqs_95,5e1y_A,5e1yA,95,95,mmseqs,100.000000,1.000000,1.000000,95
softdis,pdbflex,mmseqs_95,1mfg_A,2h3lA,95,92,mmseqs,100.000000,0.968421,0.893204,92
softdis,pdbflex,mmseqs_95,5xjr_E,3pgwH,92,92,mmseqs,100.000000,1.000000,1.000000,92
softdis,pdbflex,mmseqs_95,2hnw_E,2hnuA,80,80,mmseqs,100.000000,1.000000,0.987654,80
softdis,pdbflex,mmseqs_95,4lmm_A,4n6xA,91,91,mmseqs,100.000000,1.000000,1.000000,91
softdis,pdbflex,mmseqs_95,4nxp_A,4nxrA,94,94,mmseqs,100.000000,1.000000,1.000000,94
softdis,pdbflex,mmseqs_95,6aso_E,5vsuE,93,93,mmseqs,100.000000,1.000000,0.968750,93
softdis,pdbflex,mmseqs_95,6c12_D,1x6iA,101,87,mmseqs,100.000000,0.861386,0.956044,87
softdis,pdbflex,mmseqs_95,6msv_F,6msvD,92,92,mmseqs,100.000000,1.000000,1.000000,92
softdis,pdbflex,mmseqs_95,6ppn_C,4emgA,95,93,mmseqs,100.000000,0.978947,1.000000,93
softdis,pdbflex,mmseqs_95,5cba_E,4zaiA,88,88,mmseqs,100.000000,1.000000,1.000000,88
softdis,pdbflex,mmseqs_95,3b4d_A,3ucgA,96,88,mmseqs,100.000000,0.916667,0.988764,88
softdis,pdbflex,mmseqs_95,4fxe_D,4fxhB,95,95,mmseqs,100.000000,1.000000,1.000000,95
softdis,pdbflex,mmseqs_95,4qeg_A,5jdjA,91,91,mmseqs,100.000000,1.000000,1.000000,91
softdis,pdbflex,mmseqs_95,5iqq_A,5iqqA,91,91,mmseqs,100.000000,1.000000,1.000000,91
softdis,pdbflex,mmseqs_95,5lsb_B,5lslE,84,84,mmseqs,100.000000,1.000000,1.000000,84
softdis,pdbflex,mmseqs_95,6a77_A,5o5iA,91,89,mmseqs,100.000000,0.978022,0.967391,89
softdis,pdbflex,mmseqs_95,2nwa_A,2nwaA,88,88,mmseqs,100.000000,1.000000,1.000000,88
softdis,pdbflex,mmseqs_95,3hzb_A,3hzbD,90,90,mmseqs,100.000000,1.000000,1.000000,90
softdis,pdbflex,mmseqs_95,1wnr_A,1wnrG,94,94,mmseqs,100.000000,1.000000,1.000000,94
softdis,pdbflex,mmseqs_95,3hug_A,3hugA,92,92,mmseqs,100.000000,1.000000,1.000000,92
softdis,pdbflex,mmseqs_95,4i7a_B,4i7aD,95,95,mmseqs,100.000000,1.000000,1.000000,95
softdis,pdbflex,mmseqs_95,4v0u_E,4v0uE,84,84,mmseqs,100.000000,1.000000,1.000000,84
softdis,pdbflex,mmseqs_95,4wxa_B,4wx8B,94,94,mmseqs,100.000000,1.000000,1.000000,94
softdis,pdbflex,mmseqs_95,4xq3_A,4xq3F,91,91,mmseqs,100.000000,1.000000,1.000000,91
softdis,pdbflex,mmseqs_95,6e55_A,6e55A,90,90,mmseqs,100.000000,1.000000,1.000000,90
softdis,pdbflex,mmseqs_95,6ny6_Y,2a6sB,84,84,mmseqs,100.000000,1.000000,1.000000,84
softdis,pdbflex,mmseqs_95,2djw_I,2djwA,92,92,mmseqs,100.000000,1.000000,1.000000,92
softdis,pdbflex,mmseqs_95,2zug_A,2zugA,90,90,mmseqs,100.000000,1.000000,1.000000,90
softdis,pdbflex,mmseqs_95,1pht_A,1phtA,85,85,mmseqs,100.000000,1.000000,1.000000,85
softdis,pdbflex,mmseqs_95,2j8b_A,2uwrA,79,78,mmseqs,100.000000,0.987342,0.987342,78
softdis,pdbflex,mmseqs_95,2uzc_B,2uzcC,88,88,mmseqs,100.000000,1.000000,1.000000,88
softdis,pdbflex,mmseqs_95,3cw1_F,3pgwF,86,86,mmseqs,100.000000,1.000000,1.000000,86
softdis,pdbflex,mmseqs_95,4kyp_A,1bcgA,84,76,mmseqs,100.000000,0.904762,0.987013,76
softdis,pdbflex,mmseqs_95,4ybh_B,4ybhB,92,92,mmseqs,100.000000,1.000000,1.000000,92
softdis,pdbflex,mmseqs_95,6mye_A,5vwcA,95,91,mmseqs,100.000000,0.957895,0.900990,91
softdis,pdbflex,mmseqs_95,6xnj_A,4jopA,91,87,mmseqs,100.000000,0.956044,1.000000,87
softdis,pdbflex,mmseqs_95,8a58_C,6fgaC,85,85,mmseqs,100.000000,1.000000,0.841584,85
softdis,pdbflex,mmseqs_95,4wk8_G,3qrfF,82,82,mmseqs,100.000000,1.000000,1.000000,82
softdis,pdbflex,mmseqs_95,3hz2_A,5ht9A,84,84,mmseqs,100.000000,1.000000,1.000000,84
softdis,pdbflex,mmseqs_95,6aso_C,3bw1A,97,89,mmseqs,100.000000,0.917526,0.927083,89
softdis,pdbflex,mmseqs_95,6aso_D,4m7dG,93,93,mmseqs,100.000000,1.000000,1.000000,93
softdis,pdbflex,mmseqs_95,6jy5_D,6jy5D,85,85,mmseqs,100.000000,1.000000,1.000000,85
softdis,pdbflex,mmseqs_95,2vsp_A,6eziA,91,85,mmseqs,100.000000,0.934066,0.955056,85
softdis,pdbflex,mmseqs_95,3bq7_A,3bq7C,81,81,mmseqs,100.000000,1.000000,1.000000,81
softdis,pdbflex,mmseqs_95,3kfd_I,6macK,85,80,mmseqs,100.000000,0.941176,1.000000,80
softdis,pdbflex,mmseqs_95,3vp8_B,3vp8B,92,92,mmseqs,100.000000,1.000000,1.000000,92
softdis,pdbflex,mmseqs_95,5tda_A,3ny2D,76,75,mmseqs,100.000000,0.986842,1.000000,75
softdis,pdbflex,mmseqs_95,1p78_A,1p71A,94,94,mmseqs,100.000000,1.000000,1.000000,94
softdis,pdbflex,mmseqs_95,3r84_B,3r84V,92,92,mmseqs,100.000000,1.000000,1.000000,92
softdis,pdbflex,mmseqs_95,6f63_A,6f63A,98,98,mmseqs,100.000000,1.000000,1.000000,98
softdis,pdbflex,mmseqs_95,3qmb_A,3qmbA,79,79,mmseqs,100.000000,1.000000,1.000000,79
softdis,pdbflex,mmseqs_95,3t6r_A,3t6rA,72,72,mmseqs,100.000000,1.000000,1.000000,72
softdis,pdbflex,mmseqs_95,4bl6_A,4bl6C,94,94,mmseqs,100.000000,1.000000,1.000000,94
softdis,pdbflex,mmseqs_95,5yts_A,6a6lA,83,83,mmseqs,100.000000,1.000000,1.000000,83
softdis,pdbflex,mmseqs_95,6o8q_A,6o8qB,91,91,mmseqs,100.000000,1.000000,1.000000,91
softdis,pdbflex,mmseqs_95,5zjr_A,5zjrA,84,84,mmseqs,100.000000,1.000000,1.000000,84
softdis,pdbflex,mmseqs_95,4icu_A,4icvA,85,85,mmseqs,100.000000,1.000000,1.000000,85
softdis,pdbflex,mmseqs_95,4oml_A,4omlA,78,78,mmseqs,100.000000,1.000000,1.000000,78
softdis,pdbflex,mmseqs_95,5x3p_A,5x3pA,83,83,mmseqs,100.000000,1.000000,1.000000,83
softdis,pdbflex,mmseqs_95,6g6j_A,6g6kA,94,94,mmseqs,100.000000,1.000000,1.000000,94
softdis,pdbflex,mmseqs_95,3zie_A,3zieB,86,86,mmseqs,100.000000,1.000000,1.000000,86
softdis,pdbflex,mmseqs_95,2rb3_A,3bqpA,85,78,mmseqs,100.000000,0.917647,0.975000,78
softdis,pdbflex,mmseqs_95,5eyo_A,5eyoC,88,88,mmseqs,100.000000,1.000000,1.000000,88
softdis,pdbflex,mmseqs_95,2yhn_A,2yhoE,79,79,mmseqs,100.000000,1.000000,1.000000,79
softdis,pdbflex,mmseqs_95,5gnj_G,5gnjB,89,89,mmseqs,100.000000,1.000000,1.000000,89
softdis,pdbflex,mmseqs_95,6aso_F,5vsuF,88,88,mmseqs,100.000000,1.000000,1.000000,88
softdis,pdbflex,mmseqs_95,6mpf_S,5wnpS,80,80,mmseqs,100.000000,1.000000,0.987654,80
softdis,pdbflex,mmseqs_95,1wp8_B,1wp8A,89,89,mmseqs,100.000000,1.000000,1.000000,89
softdis,pdbflex,mmseqs_95,4hwc_A,4hwcB,89,89,mmseqs,100.000000,1.000000,1.000000,89
softdis,pdbflex,mmseqs_95,5eki_A,5ekiE,79,79,mmseqs,100.000000,1.000000,1.000000,79
softdis,pdbflex,mmseqs_95,1gcp_A,1gcqC,70,70,mmseqs,100.000000,1.000000,1.000000,70
softdis,pdbflex,mmseqs_95,1b4f_A,1b4fB,82,82,mmseqs,100.000000,1.000000,1.000000,82
softdis,pdbflex,mmseqs_95,1gua_B,4g0nB,81,78,mmseqs,100.000000,0.962963,1.000000,78
softdis,pdbflex,mmseqs_95,2v6x_A,5fvlA,85,83,mmseqs,100.000000,0.976471,1.000000,83
softdis,pdbflex,mmseqs_95,4pyu_A,4pyuA,76,76,mmseqs,100.000000,1.000000,1.000000,76
softdis,pdbflex,mmseqs_95,4z88_G,4z88D,73,73,mmseqs,100.000000,1.000000,1.000000,73
softdis,pdbflex,mmseqs_95,5jxc_B,5jxcA,92,92,mmseqs,100.000000,1.000000,1.000000,92
softdis,pdbflex,mmseqs_95,5v6h_A,5v6hE,79,79,mmseqs,100.000000,1.000000,1.000000,79
softdis,pdbflex,mmseqs_95,5whf_C,5whfC,90,90,mmseqs,100.000000,1.000000,1.000000,90
softdis,pdbflex,mmseqs_95,7ulg_A,2ctxA,72,71,mmseqs,100.000000,0.986111,1.000000,71
softdis,pdbflex,mmseqs_95,1mo1_A,1mo1B,87,87,mmseqs,100.000000,1.000000,1.000000,87
softdis,pdbflex,mmseqs_95,1r6j_A,1r6jA,82,82,mmseqs,100.000000,1.000000,1.000000,82
softdis,pdbflex,mmseqs_95,1zg5_E,1je8E,82,82,mmseqs,100.000000,1.000000,1.000000,82
softdis,pdbflex,mmseqs_95,1zke_A,1zkeD,83,83,mmseqs,100.000000,1.000000,1.000000,83
softdis,pdbflex,mmseqs_95,5izs_A,5izsC,95,95,mmseqs,100.000000,1.000000,1.000000,95
softdis,pdbflex,mmseqs_95,5wb2_B,5wb2B,76,76,mmseqs,100.000000,1.000000,1.000000,76
softdis,pdbflex,mmseqs_95,2cvi_A,2cviA,83,83,mmseqs,100.000000,1.000000,1.000000,83
softdis,pdbflex,mmseqs_95,3vfz_A,3vepH,86,86,mmseqs,100.000000,1.000000,1.000000,86
softdis,pdbflex,mmseqs_95,1zzi_A,1zziA,82,82,mmseqs,100.000000,1.000000,1.000000,82
softdis,pdbflex,mmseqs_95,3zdm_C,3zdmC,81,81,mmseqs,100.000000,1.000000,1.000000,81
softdis,pdbflex,mmseqs_95,6bug_A,6buhA,82,82,mmseqs,100.000000,1.000000,1.000000,82
softdis,pdbflex,mmseqs_95,1dok_A,1dokA,77,77,mmseqs,100.000000,1.000000,1.000000,77
softdis,pdbflex,mmseqs_95,1nkn_A,3basB,89,89,mmseqs,100.000000,1.000000,1.000000,89
softdis,pdbflex,mmseqs_95,1th7_K,1th7A,81,81,mmseqs,100.000000,1.000000,1.000000,81
softdis,pdbflex,mmseqs_95,5c13_A,5wxhA,64,63,mmseqs,100.000000,0.984375,1.000000,63
softdis,pdbflex,mmseqs_95,3hvz_A,3hvzA,78,78,mmseqs,100.000000,1.000000,1.000000,78
softdis,pdbflex,mmseqs_95,4w4m_A,4w4mH,78,78,mmseqs,100.000000,1.000000,1.000000,78
softdis,pdbflex,mmseqs_95,6xa9_B,5w8uB,80,77,mmseqs,100.000000,0.962500,0.974684,77
softdis,pdbflex,mmseqs_95,1n8e_A,1fzaA,89,87,mmseqs,100.000000,0.977528,1.000000,87
softdis,pdbflex,mmseqs_95,2bwe_S,2bwfA,77,77,mmseqs,100.000000,1.000000,1.000000,77
softdis,pdbflex,mmseqs_95,2ybr_C,2ybrI,66,66,mmseqs,100.000000,1.000000,1.000000,66
softdis,pdbflex,mmseqs_95,3qv1_G,6kezM,82,78,mmseqs,100.000000,0.951220,0.975000,78
softdis,pdbflex,mmseqs_95,4q9u_C,4q9uG,92,92,mmseqs,100.000000,1.000000,1.000000,92
softdis,pdbflex,mmseqs_95,6ryl_C,6rydA,76,76,mmseqs,100.000000,1.000000,1.000000,76
softdis,pdbflex,mmseqs_95,2zbc_A,2zbcA,83,83,mmseqs,100.000000,1.000000,1.000000,83
softdis,pdbflex,mmseqs_95,4hwh_A,4hwhE,88,88,mmseqs,100.000000,1.000000,1.000000,88
softdis,pdbflex,mmseqs_95,1rp3_D,1rp3B,88,88,mmseqs,100.000000,1.000000,1.000000,88
softdis,pdbflex,mmseqs_95,2ibz_H,1kb9F,74,74,mmseqs,100.000000,1.000000,1.000000,74
softdis,pdbflex,mmseqs_95,4x8w_A,4x8wE,75,75,mmseqs,100.000000,1.000000,1.000000,75
softdis,pdbflex,mmseqs_95,5lb7_B,5lb7B,80,80,mmseqs,100.000000,1.000000,1.000000,80
softdis,pdbflex,mmseqs_95,3obh_A,4g06A,82,73,mmseqs,100.000000,0.890244,0.924051,73
softdis,pdbflex,mmseqs_95,4aei_A,4aeiA,65,64,mmseqs,100.000000,0.984615,0.984615,64
softdis,pdbflex,mmseqs_95,6gfq_C,6gfoE,77,77,mmseqs,100.000000,1.000000,1.000000,77
softdis,pdbflex,mmseqs_95,6pce_A,6pceB,70,70,mmseqs,100.000000,1.000000,1.000000,70
softdis,pdbflex,mmseqs_95,5f5t_C,5f5tC,84,84,mmseqs,100.000000,1.000000,1.000000,84
softdis,pdbflex,mmseqs_95,7cqv_E,3ucwD,80,77,mmseqs,100.000000,0.962500,0.974684,77
softdis,pdbflex,mmseqs_95,8kg2_M,3r3mA,76,76,mmseqs,100.000000,1.000000,0.894118,76
softdis,pdbflex,mmseqs_95,3soh_B,3sohB,80,80,mmseqs,100.000000,1.000000,1.000000,80
softdis,pdbflex,mmseqs_95,4e2i_4,4e2i2,78,78,mmseqs,100.000000,1.000000,1.000000,78
softdis,pdbflex,mmseqs_95,5ydk_A,5ydkF,87,87,mmseqs,100.000000,1.000000,1.000000,87
softdis,pdbflex,mmseqs_95,6ppp_F,4emkB,77,75,mmseqs,100.000000,0.974026,1.000000,75
softdis,pdbflex,mmseqs_95,3vke_A,3vkeA,76,76,mmseqs,100.000000,1.000000,1.000000,76
softdis,pdbflex,mmseqs_95,4uus_F,5zjrB,76,73,mmseqs,100.000000,0.960526,0.986486,73
softdis,pdbflex,mmseqs_95,5ako_B,3vpvA,77,77,mmseqs,100.000000,1.000000,0.905882,77
softdis,pdbflex,mmseqs_95,5xjr_G,3pgwG,76,76,mmseqs,100.000000,1.000000,1.000000,76
softdis,pdbflex,mmseqs_95,6nf3_A,6dxrB,83,83,mmseqs,100.000000,1.000000,1.000000,83
softdis,pdbflex,mmseqs_95,1va7_A,1ruwA,70,69,mmseqs,100.000000,0.985714,1.000000,69
softdis,pdbflex,mmseqs_95,3gtj_J,4c3jJ,70,70,mmseqs,100.000000,1.000000,1.000000,70
softdis,pdbflex,mmseqs_95,3kvp_A,3kvpD,72,72,mmseqs,100.000000,1.000000,1.000000,72
softdis,pdbflex,mmseqs_95,1ppj_U,5nmiU,78,78,mmseqs,100.000000,1.000000,0.857143,78
softdis,pdbflex,mmseqs_95,3trt_A,3trtA,77,77,mmseqs,100.000000,1.000000,1.000000,77
softdis,pdbflex,mmseqs_95,6cfx_A,6cfxD,80,80,mmseqs,100.000000,1.000000,1.000000,80
softdis,pdbflex,mmseqs_95,3nm9_A,3nm9A,73,73,mmseqs,100.000000,1.000000,1.000000,73
softdis,pdbflex,mmseqs_95,4cc4_B,4cc4B,68,68,mmseqs,100.000000,1.000000,1.000000,68
softdis,pdbflex,mmseqs_95,2er8_A,2er8A,72,72,mmseqs,100.000000,1.000000,1.000000,72
softdis,pdbflex,mmseqs_95,5mki_B,5mknd,72,72,mmseqs,100.000000,1.000000,1.000000,72
softdis,pdbflex,mmseqs_95,2zqk_M,2zqkM,77,77,mmseqs,100.000000,1.000000,1.000000,77
softdis,pdbflex,mmseqs_95,6hc2_B,6hc2B,71,71,mmseqs,100.000000,1.000000,1.000000,71
softdis,pdbflex,mmseqs_95,3ebx_A,6ebxA,62,62,mmseqs,100.000000,1.000000,1.000000,62
softdis,pdbflex,mmseqs_95,4m8a_A,4m8aB,72,72,mmseqs,100.000000,1.000000,1.000000,72
softdis,pdbflex,mmseqs_95,6u0j_B,6n3pK,85,77,mmseqs,100.000000,0.905882,0.962500,77
softdis,pdbflex,mmseqs_95,1wdx_A,1tg0A,69,68,mmseqs,100.000000,0.985507,1.000000,68
softdis,pdbflex,mmseqs_95,3zpv_1,3zpv1,62,62,mmseqs,100.000000,1.000000,1.000000,62
softdis,pdbflex,mmseqs_95,5mnj_D,5mnjH,64,64,mmseqs,100.000000,1.000000,1.000000,64
softdis,pdbflex,mmseqs_95,4lhx_C,4lhzE,78,78,mmseqs,100.000000,1.000000,1.000000,78
softdis,pdbflex,mmseqs_95,4yg1_A,4yg1A,72,72,mmseqs,100.000000,1.000000,1.000000,72
softdis,pdbflex,mmseqs_95,4bdt_B,1fssB,61,61,mmseqs,100.000000,1.000000,1.000000,61
softdis,pdbflex,mmseqs_95,4yxa_B,4yx1A,70,70,mmseqs,100.000000,1.000000,1.000000,70
softdis,pdbflex,mmseqs_95,4zm0_A,3k33C,73,73,mmseqs,100.000000,1.000000,1.000000,73
softdis,pdbflex,mmseqs_95,4rqm_A,4rqmA,71,71,mmseqs,100.000000,1.000000,1.000000,71
softdis,pdbflex,mmseqs_95,5i44_B,5i44B,69,69,mmseqs,100.000000,1.000000,1.000000,69
softdis,pdbflex,mmseqs_95,5lxo_F,5lxoC,81,81,mmseqs,100.000000,1.000000,1.000000,81
softdis,pdbflex,mmseqs_95,6ama_A,6amaY,71,71,mmseqs,100.000000,1.000000,1.000000,71
softdis,pdbflex,mmseqs_95,2rjv_A,2rjvA,67,67,mmseqs,100.000000,1.000000,1.000000,67
softdis,pdbflex,mmseqs_95,2zi0_A,2zi0A,75,75,mmseqs,100.000000,1.000000,1.000000,75
softdis,pdbflex,mmseqs_95,3iv1_C,3iv1A,78,78,mmseqs,100.000000,1.000000,1.000000,78
softdis,pdbflex,mmseqs_95,1eja_B,1c9tG,59,59,mmseqs,100.000000,1.000000,1.000000,59
softdis,pdbflex,mmseqs_95,3byb_B,3bybA,59,59,mmseqs,100.000000,1.000000,1.000000,59
softdis,pdbflex,mmseqs_95,6gbq_A,6gbqA,71,71,mmseqs,100.000000,1.000000,1.000000,71
softdis,pdbflex,mmseqs_95,1fse_A,1fseB,74,74,mmseqs,100.000000,1.000000,1.000000,74
softdis,pdbflex,mmseqs_95,3bid_H,3bidE,64,64,mmseqs,100.000000,1.000000,1.000000,64
softdis,pdbflex,mmseqs_95,3lyv_E,3lyvA,66,66,mmseqs,100.000000,1.000000,1.000000,66
softdis,pdbflex,mmseqs_95,4wci_A,4wciC,65,65,mmseqs,100.000000,1.000000,1.000000,65
softdis,pdbflex,mmseqs_95,6rfk_E,6rfkE,62,62,mmseqs,100.000000,1.000000,1.000000,62
softdis,pdbflex,mmseqs_95,2w10_A,2w10B,62,62,mmseqs,100.000000,1.000000,1.000000,62
softdis,pdbflex,mmseqs_95,3nmd_A,3nmdA,72,72,mmseqs,100.000000,1.000000,1.000000,72
softdis,pdbflex,mmseqs_95,3qo2_A,3qo2A,64,64,mmseqs,100.000000,1.000000,1.000000,64
softdis,pdbflex,mmseqs_95,3zqm_G,3zqnI,72,72,mmseqs,100.000000,1.000000,1.000000,72
softdis,pdbflex,mmseqs_95,4b6d_A,4b6dA,61,61,mmseqs,100.000000,1.000000,1.000000,61
softdis,pdbflex,mmseqs_95,3a7o_A,3a7oE,75,75,mmseqs,100.000000,1.000000,1.000000,75
softdis,pdbflex,mmseqs_95,2f5z_K,2f60K,64,64,mmseqs,100.000000,1.000000,1.000000,64
softdis,pdbflex,mmseqs_95,3pmk_N,3pmkN,68,68,mmseqs,100.000000,1.000000,1.000000,68
softdis,pdbflex,mmseqs_95,6dm9_A,6dm9A,78,77,mmseqs,100.000000,0.987179,0.987179,77
softdis,pdbflex,mmseqs_95,6dm9_B,6dm9B,78,78,mmseqs,100.000000,1.000000,1.000000,78
softdis,pdbflex,mmseqs_95,2xdj_A,2wz7B,83,75,mmseqs,100.000000,0.903614,1.000000,75
softdis,pdbflex,mmseqs_95,6msq_A,6msqB,76,76,mmseqs,100.000000,1.000000,1.000000,76
softdis,pdbflex,mmseqs_95,1kli_L,5l2zL,69,58,mmseqs,100.000000,0.840580,1.000000,58
softdis,pdbflex,mmseqs_95,2r1j_L,3jxbC,68,67,mmseqs,100.000000,0.985294,1.000000,67
softdis,pdbflex,mmseqs_95,2yf2_A,2yf2C,65,65,mmseqs,100.000000,1.000000,1.000000,65
softdis,pdbflex,mmseqs_95,3cjh_B,3cjhB,64,64,mmseqs,100.000000,1.000000,1.000000,64
softdis,pdbflex,mmseqs_95,5np5_A,5np3D,61,61,mmseqs,100.000000,1.000000,1.000000,61
softdis,pdbflex,mmseqs_95,7ciz_C,5bnvF,70,70,mmseqs,100.000000,1.000000,1.000000,70
softdis,pdbflex,mmseqs_95,1aap_A,1zjdB,58,56,mmseqs,100.000000,0.965517,0.982456,56
softdis,pdbflex,mmseqs_95,1per_L,2or1L,69,69,mmseqs,100.000000,1.000000,1.000000,69
softdis,pdbflex,mmseqs_95,2xj3_A,2xiuA,66,66,mmseqs,100.000000,1.000000,1.000000,66
softdis,pdbflex,mmseqs_95,1b6w_A,1b6wA,69,69,mmseqs,100.000000,1.000000,1.000000,69
softdis,pdbflex,mmseqs_95,1ojh_A,1ojhD,65,65,mmseqs,100.000000,1.000000,1.000000,65
softdis,pdbflex,mmseqs_95,2drm_A,2drkA,58,57,mmseqs,100.000000,0.982759,0.966102,57
softdis,pdbflex,mmseqs_95,5xop_A,5xopA,66,66,mmseqs,100.000000,1.000000,1.000000,66
softdis,pdbflex,mmseqs_95,2fpe_G,2fpeA,62,62,mmseqs,100.000000,1.000000,1.000000,62
softdis,pdbflex,mmseqs_95,2htm_E,2cu3B,64,64,mmseqs,100.000000,1.000000,1.000000,64
softdis,pdbflex,mmseqs_95,7tpb_A,2j05A,66,61,mmseqs,100.000000,0.924242,0.938462,61
softdis,pdbflex,mmseqs_95,4u39_N,4u39J,60,60,mmseqs,100.000000,1.000000,1.000000,60
softdis,pdbflex,mmseqs_95,4x8u_L,5l2zL,55,55,mmseqs,100.000000,1.000000,0.948276,55
softdis,pdbflex,mmseqs_95,1i07_A,1aojA,60,60,mmseqs,100.000000,1.000000,1.000000,60
softdis,pdbflex,mmseqs_95,3sja_C,3sjaC,65,65,mmseqs,100.000000,1.000000,1.000000,65
softdis,pdbflex,mmseqs_95,4f2j_C,3uk3D,57,57,mmseqs,100.000000,1.000000,1.000000,57
softdis,pdbflex,mmseqs_95,5ytq_C,5ytqA,77,77,mmseqs,100.000000,1.000000,1.000000,77
softdis,pdbflex,mmseqs_95,1gto_A,1gtoA,62,62,mmseqs,100.000000,1.000000,1.000000,62
softdis,pdbflex,mmseqs_95,1yn8_A,1yn8A,59,59,mmseqs,100.000000,1.000000,1.000000,59
softdis,pdbflex,mmseqs_95,3m06_A,3m0dA,72,66,mmseqs,100.000000,0.916667,1.000000,66
softdis,pdbflex,mmseqs_95,3u7u_K,3u7uH,55,55,mmseqs,100.000000,1.000000,1.000000,55
softdis,pdbflex,mmseqs_95,4ji2_N,4ji0N,61,61,mmseqs,100.000000,1.000000,1.000000,61
softdis,pdbflex,mmseqs_95,5cci_B,1n7sB,67,66,mmseqs,100.000000,0.985075,0.970588,66
softdis,pdbflex,mmseqs_95,5ih2_A,1b07A,58,57,mmseqs,100.000000,0.982759,0.876923,57
softdis,pdbflex,mmseqs_95,6iya_A,6iyaF,66,66,mmseqs,100.000000,1.000000,1.000000,66
softdis,pdbflex,mmseqs_95,1fr3_H,1fr3A,67,67,mmseqs,100.000000,1.000000,1.000000,67
softdis,pdbflex,mmseqs_95,1gut_C,1gunA,68,68,mmseqs,100.000000,1.000000,1.000000,68
softdis,pdbflex,mmseqs_95,2bay_A,2bayE,61,61,mmseqs,100.000000,1.000000,1.000000,61
softdis,pdbflex,mmseqs_95,2bmg_A,3tk5B,53,53,mmseqs,100.000000,1.000000,0.981481,53
softdis,pdbflex,mmseqs_95,6j4k_A,6j4kA,60,60,mmseqs,100.000000,1.000000,1.000000,60
softdis,pdbflex,mmseqs_95,5zi6_A,5zi6A,55,55,mmseqs,100.000000,1.000000,1.000000,55
softdis,pdbflex,mmseqs_95,6n6s_B,6n6sD,72,72,mmseqs,100.000000,1.000000,1.000000,72
softdis,pdbflex,mmseqs_95,6dfy_C,6a8rB,64,60,mmseqs,100.000000,0.937500,1.000000,60
softdis,pdbflex,mmseqs_95,1bu1_A,1bu1A,57,57,mmseqs,100.000000,1.000000,1.000000,57
softdis,pdbflex,mmseqs_95,1gd2_E,1gd2E,70,70,mmseqs,100.000000,1.000000,1.000000,70
softdis,pdbflex,mmseqs_95,5vyg_B,5vygB,50,50,mmseqs,100.000000,1.000000,1.000000,50
softdis,pdbflex,mmseqs_95,2vi6_F,2vi6A,62,62,mmseqs,100.000000,1.000000,1.000000,62
softdis,pdbflex,mmseqs_95,4rkg_A,4rkhD,52,52,mmseqs,100.000000,1.000000,1.000000,52
softdis,pdbflex,mmseqs_95,4mn3_A,4x3kA,56,56,mmseqs,100.000000,1.000000,0.875000,56
softdis,pdbflex,mmseqs_95,4tsf_I,2v7qJ,66,66,mmseqs,100.000000,1.000000,1.000000,66
softdis,pdbflex,mmseqs_95,6d07_A,6d07A,55,55,mmseqs,100.000000,1.000000,1.000000,55
softdis,pdbflex,mmseqs_95,6gqa_A,6gqnA,62,62,mmseqs,100.000000,1.000000,1.000000,62
softdis,pdbflex,mmseqs_95,6od3_A,6od5A,62,62,mmseqs,100.000000,1.000000,1.000000,62
softdis,pdbflex,mmseqs_95,4n4n_B,4n4oD,57,57,mmseqs,100.000000,1.000000,1.000000,57
softdis,pdbflex,mmseqs_95,4w7y_A,4w7yA,64,64,mmseqs,100.000000,1.000000,1.000000,64
softdis,pdbflex,mmseqs_95,2x7a_K,2x7aA,61,61,mmseqs,100.000000,1.000000,1.000000,61
softdis,pdbflex,mmseqs_95,5kko_A,5kkoC,55,55,mmseqs,100.000000,1.000000,1.000000,55
softdis,pdbflex,mmseqs_95,2y20_A,2y20C,58,58,mmseqs,100.000000,1.000000,1.000000,58
softdis,pdbflex,mmseqs_95,6uci_A,6uciD,68,68,mmseqs,100.000000,1.000000,1.000000,68
softdis,pdbflex,mmseqs_95,5t01_A,5t01A,64,64,mmseqs,100.000000,1.000000,1.000000,64
softdis,pdbflex,mmseqs_95,6mry_A,6mryA,48,48,mmseqs,100.000000,1.000000,1.000000,48
softdis,pdbflex,mmseqs_95,1kql_A,1kqlA,56,56,mmseqs,100.000000,1.000000,1.000000,56
softdis,pdbflex,mmseqs_95,2bnz_D,2bnwB,53,53,mmseqs,100.000000,1.000000,1.000000,53
softdis,pdbflex,mmseqs_95,3a1y_A,3a1yA,58,58,mmseqs,100.000000,1.000000,1.000000,58
softdis,pdbflex,mmseqs_95,3szs_A,3szsB,46,46,mmseqs,100.000000,1.000000,1.000000,46
softdis,pdbflex,mmseqs_95,5ylg_A,4pxvC,49,49,mmseqs,100.000000,1.000000,1.000000,49
softdis,pdbflex,mmseqs_95,2ltn_B,1rinD,52,49,mmseqs,100.000000,0.942308,1.000000,49
softdis,pdbflex,mmseqs_95,2rkl_A,2rklA,53,53,mmseqs,100.000000,1.000000,1.000000,53
softdis,pdbflex,mmseqs_95,5u96_A,5u96A,52,52,mmseqs,100.000000,1.000000,1.000000,52
softdis,pdbflex,mmseqs_95,4fz0_M,4fz0O,40,40,mmseqs,100.000000,1.000000,1.000000,40
softdis,pdbflex,mmseqs_95,4z6y_C,4z6yH,56,56,mmseqs,100.000000,1.000000,1.000000,56
softdis,pdbflex,mmseqs_95,2vut_I,2vusM,43,43,mmseqs,100.000000,1.000000,1.000000,43
softdis,pdbflex,mmseqs_95,2wx4_A,2wx4D,46,46,mmseqs,100.000000,1.000000,1.000000,46
softdis,pdbflex,mmseqs_95,4mon_A,1krlA,45,44,mmseqs,100.000000,0.977778,1.000000,44
softdis,pdbflex,mmseqs_95,3m9h_A,3m91A,55,51,mmseqs,100.000000,0.927273,1.000000,51
softdis,pdbflex,mmseqs_95,1fbm_A,1vdfA,46,46,mmseqs,100.000000,1.000000,1.000000,46
softdis,pdbflex,mmseqs_95,6aup_A,6aupA,38,38,mmseqs,100.000000,1.000000,1.000000,38
softdis,pdbflex,mmseqs_95,2ho2_A,2oeiA,38,38,mmseqs,100.000000,1.000000,1.000000,38
softdis,pdbflex,mmseqs_95,5cx2_D,5cx2A,49,49,mmseqs,100.000000,1.000000,0.890909,49
softdis,pdbflex,mmseqs_95,4r4l_A,4r4lC,49,49,mmseqs,100.000000,1.000000,1.000000,49
softdis,pdbflex,mmseqs_95,3vux_E,3vuxG,35,35,mmseqs,100.000000,1.000000,1.000000,35
softdis,pdbflex,mmseqs_95,4aoq_D,4aoqE,37,37,mmseqs,100.000000,1.000000,1.000000,37
softdis,pdbflex,mmseqs_95,4d2h_A,4d2hA,38,38,mmseqs,100.000000,1.000000,1.000000,38
softdis,pdbflex,mmseqs_95,1nwx_4,3dll4,37,37,mmseqs,100.000000,1.000000,1.000000,37
softdis,pdbflex,mmseqs_95,3aae_Y,3aaeX,37,37,mmseqs,100.000000,1.000000,1.000000,37
softdis,pdbflex,mmseqs_95,4gdo_A,4gdoA,43,43,mmseqs,100.000000,1.000000,1.000000,43
softdis,pdbflex,mmseqs_95,5u52_E,1oqoC,34,34,mmseqs,100.000000,1.000000,1.000000,34
softdis,pdbflex,mmseqs_95,1zmk_B,1zmhA,29,29,mmseqs,100.000000,1.000000,1.000000,29
softdis,pdbflex,mmseqs_95,3rl0_Q,3rl0M,37,37,mmseqs,100.000000,1.000000,1.000000,37
softdis,pdbflex,mmseqs_95,5f5u_C,5f5uC,36,36,mmseqs,100.000000,1.000000,1.000000,36
softdis,pdbflex,mmseqs_95,1zv8_B,6lvnB,36,36,mmseqs,100.000000,1.000000,1.000000,36
softdis,pdbflex,mmseqs_95,4auv_A,4auvA,35,35,mmseqs,100.000000,1.000000,1.000000,35
softdis,pdbflex,mmseqs_95,2r2v_A,2r2vA,34,34,mmseqs,100.000000,1.000000,1.000000,34
softdis,pdbflex,mmseqs_95,4qae_P,4qaeP,25,25,mmseqs,100.000000,1.000000,1.000000,25
softdis,pdbflex,mmseqs_95,2afq_C,6p9uC,29,28,mmseqs,100.000000,0.965517,0.903226,28
softdis,pdbflex,mmseqs_95,2wfv_A,2wfvA,25,25,mmseqs,100.000000,1.000000,1.000000,25
softdis,pdbflex,mmseqs_95,4riq_C,4riqC,27,27,mmseqs,100.000000,1.000000,1.000000,27
softdis,pdbflex,mmseqs_95,1i5k_C,1i5kC,30,30,mmseqs,100.000000,1.000000,1.000000,30
softdis,pdbflex,mmseqs_95,5c6h_T,5c6hD,26,26,mmseqs,100.000000,1.000000,1.000000,26
softdis,pdbflex,mmseqs_95,4lop_K,4loqL,29,29,mmseqs,100.000000,1.000000,1.000000,29
softdis,pdbflex,mmseqs_95,4j4a_A,4j4aA,27,27,mmseqs,100.000000,1.000000,1.000000,27
softdis,pdbflex,mmseqs_95,5wob_a,2qiuA,20,20,mmseqs,100.000000,1.000000,0.909091,20
softdis,pdbflex,mmseqs_95,7m5c_B,2jbyB,25,22,mmseqs,100.000000,0.880000,0.846154,22
softdis,pdbflex,mmseqs_95,5jhc_f,5jhcA,24,24,mmseqs,100.000000,1.000000,1.000000,24
softdis,pdbflex,mmseqs_95,5uyr_A,5akpB,640,640,mmseqs,99.800000,1.000000,1.000000,640
softdis,pdbflex,mmseqs_95,5kj5_A,5kloA,520,520,mmseqs,99.800000,1.000000,1.000000,520
softdis,pdbflex,mmseqs_95,3ibr_A,3nouC,505,505,mmseqs,99.800000,1.000000,1.000000,505
softdis,pdbflex,mmseqs_95,4lqq_D,5nclA,508,508,mmseqs,99.800000,1.000000,1.000000,508
softdis,pdbflex,mmseqs_95,4v37_A,4v3fA,497,497,mmseqs,99.700000,1.000000,1.000000,497
softdis,pdbflex,mmseqs_95,4go3_H,4go4A,495,495,mmseqs,99.700000,1.000000,1.000000,495
softdis,pdbflex,mmseqs_95,2w8n_A,2w8pA,487,487,mmseqs,99.700000,1.000000,1.000000,487
softdis,pdbflex,mmseqs_95,2euh_A,2id2C,475,475,mmseqs,99.700000,1.000000,1.000000,475
softdis,pdbflex,mmseqs_95,3cv8_A,2zbzA,412,412,mmseqs,99.700000,1.000000,1.000000,412
softdis,pdbflex,mmseqs_95,4l77_A,4fyzA,398,398,mmseqs,99.700000,1.000000,1.000000,398
softdis,pdbflex,mmseqs_95,5de9_A,2d0eA,410,406,mmseqs,99.700000,0.990244,0.997543,406
softdis,pdbflex,mmseqs_95,1z8o_A,1z8pA,404,404,mmseqs,99.700000,1.000000,1.000000,404
softdis,pdbflex,mmseqs_95,1how_A,1q8zB,373,373,mmseqs,99.700000,1.000000,1.000000,373
softdis,pdbflex,mmseqs_95,3pew_A,3peyA,395,395,mmseqs,99.700000,1.000000,1.000000,395
softdis,pdbflex,mmseqs_95,6ln1_B,4azeA,347,346,mmseqs,99.700000,1.000000,0.905759,347
softdis,pdbflex,mmseqs_95,2hvy_A,2rfkA,346,334,mmseqs,99.700000,0.965318,1.000000,334
softdis,pdbflex,mmseqs_95,3rhj_C,3rhrA,517,517,mmseqs,99.600000,1.000000,1.000000,517
softdis,pdbflex,mmseqs_95,4ccb_A,3lctA,327,318,mmseqs,99.600000,0.972477,0.924419,318
softdis,pdbflex,mmseqs_95,6cj5_A,2ac3A,316,316,mmseqs,99.600000,1.000000,1.000000,316
softdis,pdbflex,mmseqs_95,2ycr_A,4bdiA,323,323,mmseqs,99.600000,1.000000,0.981763,323
softdis,pdbflex,mmseqs_95,4c8b_A,6s1fA,334,310,mmseqs,99.600000,0.928144,0.977918,310
softdis,pdbflex,mmseqs_95,2w9f_B,2w99B,306,306,mmseqs,99.600000,1.000000,1.000000,306
softdis,pdbflex,mmseqs_95,1zyc_A,1zxeC,303,303,mmseqs,99.600000,1.000000,1.000000,303
softdis,pdbflex,mmseqs_95,3zon_A,6nzpB,335,296,mmseqs,99.600000,0.883582,0.933754,296
softdis,pdbflex,mmseqs_95,6oyw_C,5vilA,294,293,mmseqs,99.600000,0.996599,1.000000,293
softdis,pdbflex,mmseqs_95,2xke_A,2w5bA,279,279,mmseqs,99.600000,1.000000,1.000000,279
softdis,pdbflex,mmseqs_95,4i5i_A,4kxqA,287,271,mmseqs,99.600000,0.944251,0.964413,271
softdis,pdbflex,mmseqs_95,3rsm_A,1k2yX,463,463,mmseqs,99.500000,1.000000,1.000000,463
softdis,pdbflex,mmseqs_95,6cz5_A,4pxaA,480,448,mmseqs,99.500000,0.933333,0.959315,448
softdis,pdbflex,mmseqs_95,7xbm_A,3zk5A,444,436,mmseqs,99.500000,0.981982,1.000000,436
softdis,pdbflex,mmseqs_95,3ivy_A,2x5lA,433,417,mmseqs,99.500000,0.963048,0.967517,417
softdis,pdbflex,mmseqs_95,6wgw_B,4c9pA,437,417,mmseqs,99.500000,0.954233,0.990499,417
softdis,pdbflex,mmseqs_95,1ipj_A,1ipkC,416,416,mmseqs,99.500000,1.000000,1.000000,416
softdis,pdbflex,mmseqs_95,2c3n_A,2c3qA,247,247,mmseqs,99.500000,1.000000,1.000000,247
softdis,pdbflex,mmseqs_95,6wzw_A,4ypaA,226,226,mmseqs,99.500000,1.000000,1.000000,226
softdis,pdbflex,mmseqs_95,2h4h_A,2h59A,246,246,mmseqs,99.500000,1.000000,1.000000,246
softdis,pdbflex,mmseqs_95,3f65_D,3gfuA,224,224,mmseqs,99.500000,1.000000,1.000000,224
softdis,pdbflex,mmseqs_95,1h4h_A,1h4hB,209,209,mmseqs,99.500000,1.000000,1.000000,209
softdis,pdbflex,mmseqs_95,1n0l_A,3dpaA,224,218,mmseqs,99.500000,0.973214,1.000000,218
softdis,pdbflex,mmseqs_95,3f2g_A,3fn8A,220,220,mmseqs,99.500000,1.000000,1.000000,220
softdis,pdbflex,mmseqs_95,1wnv_C,4gphC,215,215,mmseqs,99.500000,1.000000,1.000000,215
softdis,pdbflex,mmseqs_95,3rfz_C,1klfA,211,205,mmseqs,99.500000,0.971564,1.000000,205
softdis,pdbflex,mmseqs_95,5n2n_A,5lnmA,206,206,mmseqs,99.500000,1.000000,1.000000,206
softdis,pdbflex,mmseqs_95,5vyo_A,4k2dA,200,200,mmseqs,99.500000,1.000000,1.000000,200
softdis,pdbflex,mmseqs_95,5dch_A,3h93A,192,192,mmseqs,99.400000,1.000000,1.000000,192
softdis,pdbflex,mmseqs_95,2pq5_A,2gwoC,205,198,mmseqs,99.400000,0.965854,1.000000,198
softdis,pdbflex,mmseqs_95,1yzt_A,1z08C,184,170,mmseqs,99.400000,0.923913,1.000000,170
softdis,pdbflex,mmseqs_95,1slh_A,4gcyA,174,174,mmseqs,99.400000,1.000000,1.000000,174
softdis,pdbflex,mmseqs_95,4gv8_A,4wrkA,169,169,mmseqs,99.400000,1.000000,1.000000,169
softdis,pdbflex,mmseqs_95,3hvs_A,3hvvA,167,167,mmseqs,99.400000,1.000000,1.000000,167
softdis,pdbflex,mmseqs_95,7mgj_A,4yfiC,330,330,mmseqs,99.300000,1.000000,1.000000,330
softdis,pdbflex,mmseqs_95,1a54_A,1qulA,321,321,mmseqs,99.300000,1.000000,1.000000,321
softdis,pdbflex,mmseqs_95,3lvp_A,1p4oB,336,313,mmseqs,99.300000,0.931548,0.972050,313
softdis,pdbflex,mmseqs_95,2ab4_A,1ze1A,309,309,mmseqs,99.300000,1.000000,1.000000,309
softdis,pdbflex,mmseqs_95,3ori_D,3f69B,311,311,mmseqs,99.300000,1.000000,1.000000,311
softdis,pdbflex,mmseqs_95,6gtt_A,6eimB,302,302,mmseqs,99.300000,1.000000,1.000000,302
softdis,pdbflex,mmseqs_95,5ut4_A,5i4nA,289,289,mmseqs,99.300000,1.000000,0.996552,289
softdis,pdbflex,mmseqs_95,4wnm_A,4gfgA,299,286,mmseqs,99.300000,0.956522,0.989691,288
softdis,pdbflex,mmseqs_95,3hny_M,1d7pM,159,158,mmseqs,99.300000,0.993711,0.993711,158
softdis,pdbflex,mmseqs_95,3hji_A,3hjkA,154,154,mmseqs,99.300000,1.000000,1.000000,154
softdis,pdbflex,mmseqs_95,1ib5_A,1bzoA,151,151,mmseqs,99.300000,1.000000,1.000000,151
softdis,pdbflex,mmseqs_95,4qib_A,1f8aB,159,157,mmseqs,99.300000,0.987421,0.940120,157
softdis,pdbflex,mmseqs_95,6gay_A,4kukA,146,146,mmseqs,99.300000,1.000000,1.000000,146
softdis,pdbflex,mmseqs_95,1t2o_A,1t2pA,146,146,mmseqs,99.300000,1.000000,1.000000,146
softdis,pdbflex,mmseqs_95,1ji4_A,4eveA,144,144,mmseqs,99.300000,1.000000,0.878049,144
softdis,pdbflex,mmseqs_95,1sg2_A,1u2mC,153,143,mmseqs,99.300000,0.934641,1.000000,143
softdis,pdbflex,mmseqs_95,3ggf_A,4fzaB,301,281,mmseqs,99.200000,0.933555,0.992933,281
softdis,pdbflex,mmseqs_95,3b9c_A,2jj6A,144,134,mmseqs,99.200000,0.930556,1.000000,134
softdis,pdbflex,mmseqs_95,3mbg_A,3tk0A,139,126,mmseqs,99.200000,0.906475,1.000000,126
softdis,pdbflex,mmseqs_95,7ssi_C,4le2C,139,139,mmseqs,99.200000,1.000000,1.000000,139
softdis,pdbflex,mmseqs_95,1rxe_A,2fxiA,131,131,mmseqs,99.200000,1.000000,1.000000,131
softdis,pdbflex,mmseqs_95,1fhw_A,1u2bA,129,124,mmseqs,99.200000,0.961240,0.905797,125
softdis,pdbflex,mmseqs_95,2gkg_A,2nt4A,127,127,mmseqs,99.200000,1.000000,1.000000,127
softdis,pdbflex,mmseqs_95,5xu7_A,5xuhA,126,126,mmseqs,99.200000,1.000000,1.000000,126
softdis,pdbflex,mmseqs_95,4fvj_A,4fvfB,133,128,mmseqs,99.200000,0.962406,1.000000,128
softdis,pdbflex,mmseqs_95,5yps_A,5ypsA,250,249,mmseqs,99.100000,0.996000,0.996000,249
softdis,pdbflex,mmseqs_95,5arl_D,5ar6A,134,120,mmseqs,99.100000,0.895522,0.983607,120
softdis,pdbflex,mmseqs_95,3q15_C,1srrC,126,124,mmseqs,99.100000,0.984127,1.000000,124
softdis,pdbflex,mmseqs_95,3gj9_A,3dj1A,124,124,mmseqs,99.100000,1.000000,1.000000,124
softdis,pdbflex,mmseqs_95,5d8e_A,5d8fA,115,115,mmseqs,99.100000,1.000000,1.000000,115
softdis,pdbflex,mmseqs_95,3ikd_A,3kacB,123,123,mmseqs,99.100000,1.000000,1.000000,123
softdis,pdbflex,mmseqs_95,1hh7_A,1hh7A,114,114,mmseqs,99.100000,1.000000,1.000000,114
softdis,pdbflex,mmseqs_95,3etw_A,3etzB,119,119,mmseqs,99.100000,1.000000,1.000000,119
softdis,pdbflex,mmseqs_95,3a4g_A,3a51A,411,411,mmseqs,99.000000,1.000000,1.000000,411
softdis,pdbflex,mmseqs_95,3orx_C,4rqvA,316,309,mmseqs,99.000000,0.977848,0.993569,309
softdis,pdbflex,mmseqs_95,6s75_D,6gt1B,310,302,mmseqs,99.000000,0.974194,1.000000,302
softdis,pdbflex,mmseqs_95,8v1o_A,2nruB,327,305,mmseqs,99.000000,0.932722,0.993485,305
softdis,pdbflex,mmseqs_95,2aky_A,1dvrA,220,220,mmseqs,99.000000,1.000000,1.000000,220
softdis,pdbflex,mmseqs_95,8bqf_A,1e4vA,234,214,mmseqs,99.000000,0.914530,1.000000,214
softdis,pdbflex,mmseqs_95,6a2q_A,6a2sA,118,111,mmseqs,99.000000,0.940678,1.000000,111
softdis,pdbflex,mmseqs_95,6uy1_A,6kmjA,114,111,mmseqs,99.000000,0.973684,0.991071,111
softdis,pdbflex,mmseqs_95,1zm0_A,2i5fA,114,107,mmseqs,99.000000,0.938596,0.981651,107
softdis,pdbflex,mmseqs_95,2pvo_C,1faaA,111,111,mmseqs,99.000000,1.000000,0.895161,111
softdis,pdbflex,mmseqs_95,4r0o_B,2w88A,106,106,mmseqs,99.000000,1.000000,1.000000,106
softdis,pdbflex,mmseqs_95,5g4r_A,4qylA,118,111,mmseqs,99.000000,0.940678,0.948718,111
softdis,pdbflex,mmseqs_95,3or0_B,1kh8A,104,104,mmseqs,99.000000,1.000000,0.832000,104
softdis,pdbflex,mmseqs_95,2wg5_E,2wg6A,109,109,mmseqs,99.000000,1.000000,1.000000,109
softdis,pdbflex,mmseqs_95,2wwm_C,2wwkO,109,109,mmseqs,99.000000,1.000000,1.000000,109
softdis,pdbflex,mmseqs_95,2bjd_A,4oj3B,101,101,mmseqs,99.000000,1.000000,1.000000,101
softdis,pdbflex,mmseqs_95,4jhn_A,4qamA,421,396,mmseqs,98.900000,0.940618,0.990000,396
softdis,pdbflex,mmseqs_95,7uor_A,1f4tA,385,367,mmseqs,98.900000,0.953247,0.997283,367
softdis,pdbflex,mmseqs_95,7b3q_A,3dkcA,299,298,mmseqs,98.900000,0.996656,0.940063,298
softdis,pdbflex,mmseqs_95,4yzm_A,4f1mA,287,287,mmseqs,98.900000,1.000000,1.000000,287
softdis,pdbflex,mmseqs_95,3q4z_A,4eqcA,306,297,mmseqs,98.900000,0.970588,0.986711,297
softdis,pdbflex,mmseqs_95,8e0a_A,1f6bB,198,198,mmseqs,98.900000,1.000000,1.000000,198
softdis,pdbflex,mmseqs_95,1t6g_C,2qz2A,184,184,mmseqs,98.900000,1.000000,1.000000,184
softdis,pdbflex,mmseqs_95,3qmx_A,4mjbA,99,99,mmseqs,98.900000,1.000000,1.000000,99
softdis,pdbflex,mmseqs_95,5ke6_A,5ke9A,93,93,mmseqs,98.900000,1.000000,1.000000,93
softdis,pdbflex,mmseqs_95,5n4w_R,4a0cD,102,91,mmseqs,98.900000,0.892157,0.928571,91
softdis,pdbflex,mmseqs_95,2aoa_A,5cdwB,99,99,mmseqs,98.900000,1.000000,0.990000,99
softdis,pdbflex,mmseqs_95,5kl2_A,5kl4A,93,93,mmseqs,98.900000,1.000000,1.000000,93
softdis,pdbflex,mmseqs_95,4mqw_A,1xwdA,102,92,mmseqs,98.900000,0.901961,1.000000,92
softdis,pdbflex,mmseqs_95,3o5n_A,5ovpA,112,95,mmseqs,98.900000,0.848214,0.989583,95
softdis,pdbflex,mmseqs_95,1waa_A,1waaF,93,93,mmseqs,98.900000,1.000000,1.000000,93
softdis,pdbflex,mmseqs_95,5hyb_A,4zv5A,91,91,mmseqs,98.900000,1.000000,1.000000,91
softdis,pdbflex,mmseqs_95,3tes_A,4m6aB,98,92,mmseqs,98.900000,0.938776,1.000000,92
softdis,pdbflex,mmseqs_95,7quv_A,5hloB,95,92,mmseqs,98.900000,0.968421,0.978723,92
softdis,pdbflex,mmseqs_95,6r26_A,5hsqA,510,501,mmseqs,98.800000,0.982353,1.000000,503
softdis,pdbflex,mmseqs_95,1s4i_B,1xtmB,175,175,mmseqs,98.800000,1.000000,1.000000,175
softdis,pdbflex,mmseqs_95,4x39_A,4x37A,168,168,mmseqs,98.800000,1.000000,1.000000,168
softdis,pdbflex,mmseqs_95,1mx2_B,1mx4B,168,168,mmseqs,98.800000,1.000000,1.000000,168
softdis,pdbflex,mmseqs_95,3t5g_A,1xtsA,181,171,mmseqs,98.800000,0.944751,0.966102,171
softdis,pdbflex,mmseqs_95,1pk1_B,1pk3C,89,89,mmseqs,98.800000,1.000000,1.000000,89
softdis,pdbflex,mmseqs_95,1kwa_A,6nidB,88,86,mmseqs,98.800000,0.977273,0.977273,86
softdis,pdbflex,mmseqs_95,8yr7_A,1l6oA,109,89,mmseqs,98.800000,0.816514,0.936842,89
softdis,pdbflex,mmseqs_95,5e6p_B,5tytA,88,84,mmseqs,98.800000,0.954545,0.943820,84
softdis,pdbflex,mmseqs_95,6nnt_A,6mlwA,468,468,mmseqs,98.700000,1.000000,1.000000,468
softdis,pdbflex,mmseqs_95,2cdo_A,2cdpA,160,160,mmseqs,98.700000,1.000000,1.000000,160
softdis,pdbflex,mmseqs_95,2bjy_A,6hx2B,156,156,mmseqs,98.700000,1.000000,1.000000,156
softdis,pdbflex,mmseqs_95,5tte_E,4q5hC,167,154,mmseqs,98.700000,0.922156,0.987179,154
softdis,pdbflex,mmseqs_95,3clc_D,4i6uA,82,82,mmseqs,98.700000,1.000000,1.000000,82
softdis,pdbflex,mmseqs_95,6mg3_B,6mg1A,78,78,mmseqs,98.700000,1.000000,1.000000,78
softdis,pdbflex,mmseqs_95,6nw2_A,4neuA,310,294,mmseqs,98.600000,0.948387,0.882883,294
softdis,pdbflex,mmseqs_95,2yxs_A,3ap5A,164,152,mmseqs,98.600000,0.926829,0.987013,152
softdis,pdbflex,mmseqs_95,2pmh_A,2efqA,150,150,mmseqs,98.600000,1.000000,1.000000,150
softdis,pdbflex,mmseqs_95,7ote_A,3dqwA,293,284,mmseqs,98.500000,0.969283,0.993007,284
softdis,pdbflex,mmseqs_95,3rdv_D,2qk0A,72,71,mmseqs,98.500000,0.986111,0.959459,71
softdis,pdbflex,mmseqs_95,3hp3_I,2nwgA,68,68,mmseqs,98.500000,1.000000,1.000000,68
softdis,pdbflex,mmseqs_95,6e4n_A,6e4oA,71,71,mmseqs,98.500000,1.000000,1.000000,71
softdis,pdbflex,mmseqs_95,6at0_A,6aszA,69,69,mmseqs,98.500000,1.000000,1.000000,69
softdis,pdbflex,mmseqs_95,5jfz_B,5jffD,68,68,mmseqs,98.500000,1.000000,1.000000,68
softdis,pdbflex,mmseqs_95,6tms_G,6tmsA,69,69,mmseqs,98.500000,1.000000,1.000000,69
softdis,pdbflex,mmseqs_95,3rl0_k,3rk3E,63,63,mmseqs,98.400000,1.000000,1.000000,63
softdis,pdbflex,mmseqs_95,2qbl_A,4kkyX,421,412,mmseqs,98.300000,0.978622,0.997579,412
softdis,pdbflex,mmseqs_95,2bpm_A,4gcjA,309,303,mmseqs,98.300000,0.980583,1.000000,306
softdis,pdbflex,mmseqs_95,1s6c_A,2i2rF,183,180,mmseqs,98.300000,0.983607,1.000000,180
softdis,pdbflex,mmseqs_95,9fz4_A,2fygA,131,122,mmseqs,98.300000,0.931298,0.953125,122
softdis,pdbflex,mmseqs_95,4ahe_A,5m9tA,123,123,mmseqs,98.300000,1.000000,0.991935,123
softdis,pdbflex,mmseqs_95,7dmy_A,3uv2A,144,124,mmseqs,98.300000,0.861111,0.984127,124
softdis,pdbflex,mmseqs_95,3gax_B,1tijA,120,120,mmseqs,98.300000,1.000000,1.000000,120
softdis,pdbflex,mmseqs_95,4l85_A,1zh4A,123,120,mmseqs,98.300000,0.975610,0.991736,120
softdis,pdbflex,mmseqs_95,4omo_B,4rtzA,61,61,mmseqs,98.300000,1.000000,1.000000,61
softdis,pdbflex,mmseqs_95,4f16_A,2f2vA,62,62,mmseqs,98.300000,1.000000,1.000000,62
softdis,pdbflex,mmseqs_95,4wb8_A,5m71A,337,336,mmseqs,98.200000,0.997033,0.951841,336
softdis,pdbflex,mmseqs_95,7aay_A,5u6cA,294,290,mmseqs,98.200000,0.986395,0.933333,294
softdis,pdbflex,mmseqs_95,4cym_A,4cz2B,230,230,mmseqs,98.200000,1.000000,1.000000,230
softdis,pdbflex,mmseqs_95,3aaj_B,1hqvA,167,166,mmseqs,98.200000,0.994012,0.879581,168
softdis,pdbflex,mmseqs_95,3twu_A,3twqA,167,167,mmseqs,98.200000,1.000000,0.965714,169
softdis,pdbflex,mmseqs_95,4m32_A,4m35A,168,168,mmseqs,98.200000,1.000000,1.000000,168
softdis,pdbflex,mmseqs_95,2f9d_A,3lqvB,125,115,mmseqs,98.200000,0.920000,1.000000,115
softdis,pdbflex,mmseqs_95,6ywq_A,6y7rA,113,113,mmseqs,98.200000,1.000000,1.000000,113
softdis,pdbflex,mmseqs_95,3ulr_B,5nxjA,65,58,mmseqs,98.200000,0.892308,0.966667,58
softdis,pdbflex,mmseqs_95,2wuj_A,2wukC,57,57,mmseqs,98.200000,1.000000,1.000000,57
softdis,pdbflex,mmseqs_95,8a36_A,6gg9B,162,162,mmseqs,98.100000,1.000000,1.000000,162
softdis,pdbflex,mmseqs_95,2hdx_A,5w3rA,111,109,mmseqs,98.100000,0.981982,0.956140,109
softdis,pdbflex,mmseqs_95,2h2b_A,2h2cA,107,107,mmseqs,98.100000,1.000000,1.000000,107
softdis,pdbflex,mmseqs_95,5zk1_A,1dh3A,59,55,mmseqs,98.100000,0.932203,1.000000,55
softdis,pdbflex,mmseqs_95,3u01_A,3snfA,104,104,mmseqs,98.000000,1.000000,1.000000,104
softdis,pdbflex,mmseqs_95,5z2h_A,5z2iB,105,105,mmseqs,98.000000,1.000000,1.000000,105
softdis,pdbflex,mmseqs_95,5mz7_A,6qjfB,101,100,mmseqs,98.000000,0.990099,0.961538,100
softdis,pdbflex,mmseqs_95,4az8_A,4b0mM,240,235,mmseqs,97.900000,1.000000,1.000000,240
softdis,pdbflex,mmseqs_95,6ogk_A,6ogjB,99,97,mmseqs,97.900000,1.000000,0.989796,99
softdis,pdbflex,mmseqs_95,3o9o_A,3gwkC,108,98,mmseqs,97.900000,0.907407,1.000000,98
softdis,pdbflex,mmseqs_95,6ano_B,6ap0B,96,96,mmseqs,97.900000,1.000000,1.000000,96
softdis,pdbflex,mmseqs_95,5j7e_A,4lloB,146,133,mmseqs,97.700000,0.910959,0.992537,133
softdis,pdbflex,mmseqs_95,6gc5_A,6gd3C,90,87,mmseqs,97.700000,0.966667,1.000000,87
softdis,pdbflex,mmseqs_95,3jsv_C,2zvoB,94,90,mmseqs,97.700000,0.957447,0.978261,90
softdis,pdbflex,mmseqs_95,2uw9_A,3d0eA,342,332,mmseqs,97.600000,0.979532,0.991045,335
softdis,pdbflex,mmseqs_95,4y94_B,1btkB,171,169,mmseqs,97.600000,0.988304,1.000000,169
softdis,pdbflex,mmseqs_95,2iyn_A,2jbaA,127,127,mmseqs,97.600000,1.000000,1.000000,127
softdis,pdbflex,mmseqs_95,5ya0_C,1opdA,85,85,mmseqs,97.600000,1.000000,1.000000,85
softdis,pdbflex,mmseqs_95,3ll1_A,3ll0A,122,119,mmseqs,97.500000,0.975410,0.968000,121
softdis,pdbflex,mmseqs_95,1r22_A,1r23A,122,122,mmseqs,97.500000,1.000000,1.000000,122
softdis,pdbflex,mmseqs_95,4pzn_A,4pzoE,82,82,mmseqs,97.500000,1.000000,1.000000,82
softdis,pdbflex,mmseqs_95,1hq6_C,1ibwA,81,81,mmseqs,97.500000,1.000000,1.000000,81
softdis,pdbflex,mmseqs_95,2x2o_A,2xoeA,119,119,mmseqs,97.400000,1.000000,1.000000,119
softdis,pdbflex,mmseqs_95,4g31_A,4x7lA,299,298,mmseqs,97.300000,0.996656,0.949527,301
softdis,pdbflex,mmseqs_95,1naq_A,4y65A,112,112,mmseqs,97.300000,1.000000,1.000000,112
softdis,pdbflex,mmseqs_95,4icb_A,1ht9A,76,76,mmseqs,97.300000,1.000000,1.000000,76
softdis,pdbflex,mmseqs_95,1oau_L,6k65L,110,108,mmseqs,97.200000,0.981818,0.939130,108
softdis,pdbflex,mmseqs_95,1ijv_B,2nlfA,36,36,mmseqs,97.200000,1.000000,1.000000,36
softdis,pdbflex,mmseqs_95,3hwf_B,6qmuA,198,178,mmseqs,97.100000,0.898990,0.946809,178
softdis,pdbflex,mmseqs_95,5yrk_B,5yrjA,142,142,mmseqs,97.100000,1.000000,1.000000,142
softdis,pdbflex,mmseqs_95,7f9m_C,3kgrA,112,104,mmseqs,97.100000,0.928571,0.981132,104
softdis,pdbflex,mmseqs_95,4xdx_A,1qe6D,70,70,mmseqs,97.100000,1.000000,0.972222,70
softdis,pdbflex,mmseqs_95,6igt_A,6igoC,135,135,mmseqs,97.000000,1.000000,1.000000,135
softdis,pdbflex,mmseqs_95,3m9e_A,2nllB,105,103,mmseqs,97.000000,0.980952,1.000000,103
softdis,pdbflex,mmseqs_95,7x4v_B,3uciA,68,68,mmseqs,97.000000,1.000000,0.944444,68
softdis,pdbflex,mmseqs_95,3snz_A,3so1H,97,97,mmseqs,96.900000,1.000000,1.000000,97
softdis,pdbflex,mmseqs_95,2awu_A,3rl8C,105,97,mmseqs,96.900000,0.923810,0.923810,97
softdis,pdbflex,mmseqs_95,1wtp_A,1xyiA,66,66,mmseqs,96.900000,1.000000,1.000000,66
softdis,pdbflex,mmseqs_95,6gl8_A,5vauA,172,160,mmseqs,96.800000,0.930233,0.952381,160
softdis,pdbflex,mmseqs_95,2vsl_A,4kmpA,96,94,mmseqs,96.800000,0.979167,0.959184,94
softdis,pdbflex,mmseqs_95,6nz3_A,6nxmA,96,96,mmseqs,96.800000,1.000000,1.000000,96
softdis,pdbflex,mmseqs_95,5whb_B,5wplI,35,32,mmseqs,96.800000,0.914286,1.000000,32
softdis,pdbflex,mmseqs_95,2vje_A,6sqrA,64,61,mmseqs,96.700000,0.953125,0.884058,61
softdis,pdbflex,mmseqs_95,3k7p_B,6fxlA,179,179,mmseqs,96.600000,1.000000,1.000000,179
softdis,pdbflex,mmseqs_95,3ee7_A,6w4bB,121,113,mmseqs,96.400000,0.933884,0.965812,113
softdis,pdbflex,mmseqs_95,5qu1_A,5qu4B,82,82,mmseqs,96.400000,1.000000,0.977011,85
softdis,pdbflex,mmseqs_95,7apj_A,6s9wA,440,437,mmseqs,96.300000,0.993182,0.995516,444
softdis,pdbflex,mmseqs_95,3v2o_A,4qqiA,183,183,mmseqs,96.300000,1.000000,1.000000,190
softdis,pdbflex,mmseqs_95,4uyd_A,5z1tA,153,135,mmseqs,96.300000,0.882353,0.971631,137
softdis,pdbflex,mmseqs_95,1lky_A,2qb1A,77,77,mmseqs,96.100000,1.000000,0.987179,77
softdis,pdbflex,mmseqs_95,4jzw_R,4rfnM,28,26,mmseqs,96.100000,0.928571,0.928571,26
softdis,pdbflex,mmseqs_95,3u5p_P,4gu0E,28,26,mmseqs,96.100000,0.928571,1.000000,26
softdis,pdbflex,mmseqs_95,6iur_C,4n6jA,50,50,mmseqs,96.000000,1.000000,1.000000,50
softdis,pdbflex,mmseqs_95,4kl6_A,4kl5B,137,137,mmseqs,95.700000,1.000000,0.979167,141
softdis,pdbflex,mmseqs_95,7ylb_D,2cjrA,122,118,mmseqs,95.700000,0.967213,0.921875,118
softdis,pdbflex,mmseqs_95,2egk_A,2pntB,101,94,mmseqs,95.700000,0.930693,0.959184,94
softdis,pdbflex,mmseqs_95,6i69_A,1iblF,101,94,mmseqs,95.700000,0.930693,0.930693,94
softdis,pdbflex,mmseqs_95,4hsv_A,1f9qD,71,70,mmseqs,95.700000,0.985915,1.000000,70
softdis,pdbflex,mmseqs_95,5cbo_A,5cbnA,176,176,mmseqs,95.400000,1.000000,1.000000,176
softdis,pdbflex,mmseqs_95,3w98_A,1aoiE,112,111,mmseqs,95.400000,0.991071,0.956897,111
softdis,pdbflex,mmseqs_95,2ecs_A,4croA,66,66,mmseqs,95.400000,1.000000,1.000000,66
softdis,pdbflex,mmseqs_95,3fi2_A,4kkeA,353,352,mmseqs,95.300000,0.997167,0.994521,363
softdis,pdbflex,mmseqs_95,5jx4_B,1hzaA,66,63,mmseqs,95.300000,0.954545,0.970149,65
softdis,pdbflex,mmseqs_95,4hmm_A,1uw3A,132,106,mmseqs,95.200000,0.803030,1.000000,106
softdis,pdbflex,mmseqs_95,4ag2_C,4ag1C,84,84,mmseqs,95.200000,1.000000,1.000000,84
softdis,pdbflex,mmseqs_95,4lk9_B,4gu0E,21,21,mmseqs,95.200000,1.000000,0.807692,21
softdis,pdbflex,mmseqs_95,6nd9_E,3gprD,124,124,mmseqs,95.100000,1.000000,1.000000,124
softdis,pdbflex,mmseqs_95,6blw_A,6b0oA,124,119,mmseqs,95.100000,1.000000,1.000000,124
softdis,pdbflex,mmseqs_95,5nx3_C,6gfiE,81,81,mmseqs,95.000000,1.000000,1.000000,81
softdis,pdbflex,mmseqs_90,5yna_A,5ynhA,1102,1102,mmseqs,100.000000,1.000000,1.000000,1102
softdis,pdbflex,mmseqs_90,4j3s_A,4aioA,905,884,mmseqs,100.000000,0.976796,1.000000,884
softdis,pdbflex,mmseqs_90,6k4k_A,6oqqA,873,873,mmseqs,100.000000,1.000000,1.000000,873
softdis,pdbflex,mmseqs_90,1pwp_A,1jkyA,776,776,mmseqs,100.000000,1.000000,1.000000,776
softdis,pdbflex,mmseqs_90,4lgz_A,3v9lB,563,563,mmseqs,100.000000,1.000000,1.000000,563
softdis,pdbflex,mmseqs_90,5tsg_B,5tshE,588,588,mmseqs,100.000000,1.000000,1.000000,588
softdis,pdbflex,mmseqs_90,4ids_A,4lemC,563,563,mmseqs,100.000000,1.000000,1.000000,563
softdis,pdbflex,mmseqs_90,2q27_A,2q28A,564,564,mmseqs,100.000000,1.000000,1.000000,564
softdis,pdbflex,mmseqs_90,6fk3_A,6fk3A,536,536,mmseqs,100.000000,1.000000,1.000000,536
softdis,pdbflex,mmseqs_90,2b7m_A,2pfvA,566,563,mmseqs,100.000000,0.994700,1.000000,563
softdis,pdbflex,mmseqs_90,6liu_A,6livA,531,531,mmseqs,100.000000,1.000000,1.000000,531
softdis,pdbflex,mmseqs_90,5mg1_A,4q0jA,524,524,mmseqs,100.000000,1.000000,1.000000,524
softdis,pdbflex,mmseqs_90,2jg7_A,2jg7A,510,510,mmseqs,100.000000,1.000000,1.000000,510
softdis,pdbflex,mmseqs_90,6bay_A,6bapA,515,515,mmseqs,100.000000,1.000000,1.000000,515
softdis,pdbflex,mmseqs_90,4nea_A,4neaA,520,520,mmseqs,100.000000,1.000000,1.000000,520
softdis,pdbflex,mmseqs_90,6g1z_A,6g1zB,509,509,mmseqs,100.000000,1.000000,1.000000,509
softdis,pdbflex,mmseqs_90,2fo0_A,2fo0A,495,495,mmseqs,100.000000,1.000000,1.000000,495
softdis,pdbflex,mmseqs_90,4k57_A,4k57A,518,518,mmseqs,100.000000,1.000000,1.000000,518
softdis,pdbflex,mmseqs_90,4zz7_E,4zz7A,501,501,mmseqs,100.000000,1.000000,1.000000,501
softdis,pdbflex,mmseqs_90,5izd_A,5izdA,508,508,mmseqs,100.000000,1.000000,1.000000,508
softdis,pdbflex,mmseqs_90,4qyj_H,4qyjA,516,516,mmseqs,100.000000,1.000000,1.000000,516
softdis,pdbflex,mmseqs_90,6rtr_A,6rtsA,512,512,mmseqs,100.000000,1.000000,1.000000,512
softdis,pdbflex,mmseqs_90,4nmj_B,5ekcE,491,491,mmseqs,100.000000,1.000000,1.000000,491
softdis,pdbflex,mmseqs_90,1uxt_A,1uxpA,501,501,mmseqs,100.000000,1.000000,1.000000,501
softdis,pdbflex,mmseqs_90,5iuu_A,5iuwA,497,497,mmseqs,100.000000,1.000000,1.000000,497
softdis,pdbflex,mmseqs_90,8or9_A,3rchA,480,480,mmseqs,100.000000,1.000000,1.000000,480
softdis,pdbflex,mmseqs_90,1asy_A,1aszA,490,490,mmseqs,100.000000,1.000000,1.000000,490
softdis,pdbflex,mmseqs_90,4i3w_C,4i3xA,488,488,mmseqs,100.000000,1.000000,1.000000,488
softdis,pdbflex,mmseqs_90,6pop_B,6pnuC,497,497,mmseqs,100.000000,1.000000,1.000000,497
softdis,pdbflex,mmseqs_90,6j75_A,6j76A,488,488,mmseqs,100.000000,1.000000,1.000000,488
softdis,pdbflex,mmseqs_90,3ghg_B,3ghgB,461,461,mmseqs,100.000000,1.000000,1.000000,461
softdis,pdbflex,mmseqs_90,6bpg_D,6bpgA,490,490,mmseqs,100.000000,1.000000,1.000000,490
softdis,pdbflex,mmseqs_90,3sq7_A,3sq7A,470,470,mmseqs,100.000000,1.000000,1.000000,470
softdis,pdbflex,mmseqs_90,4ywe_A,4yweA,487,487,mmseqs,100.000000,1.000000,1.000000,487
softdis,pdbflex,mmseqs_90,6c43_B,6c43A,477,477,mmseqs,100.000000,1.000000,1.000000,477
softdis,pdbflex,mmseqs_90,5vbf_A,5vbfA,478,478,mmseqs,100.000000,1.000000,1.000000,478
softdis,pdbflex,mmseqs_90,3m4p_A,3m4qB,456,456,mmseqs,100.000000,1.000000,1.000000,456
softdis,pdbflex,mmseqs_90,3pqa_A,3pqaB,486,486,mmseqs,100.000000,1.000000,1.000000,486
softdis,pdbflex,mmseqs_90,7jr5_A,6ptqA,490,482,mmseqs,100.000000,0.983673,1.000000,482
softdis,pdbflex,mmseqs_90,4ywu_A,4ohtA,465,465,mmseqs,100.000000,1.000000,1.000000,465
softdis,pdbflex,mmseqs_90,1k9a_A,1k9aB,450,450,mmseqs,100.000000,1.000000,1.000000,450
softdis,pdbflex,mmseqs_90,3pm9_A,3pm9A,476,476,mmseqs,100.000000,1.000000,1.000000,476
softdis,pdbflex,mmseqs_90,6uv0_A,6uv1A,448,448,mmseqs,100.000000,1.000000,1.000000,448
softdis,pdbflex,mmseqs_90,3vz2_A,3vz2B,470,470,mmseqs,100.000000,1.000000,1.000000,470
softdis,pdbflex,mmseqs_90,4l0e_A,4l0eA,446,446,mmseqs,100.000000,1.000000,1.000000,446
softdis,pdbflex,mmseqs_90,3nel_A,3nenA,438,438,mmseqs,100.000000,1.000000,1.000000,438
softdis,pdbflex,mmseqs_90,5ztn_A,6hdpA,429,429,mmseqs,100.000000,1.000000,1.000000,429
softdis,pdbflex,mmseqs_90,5kyo_A,5kyoA,430,430,mmseqs,100.000000,1.000000,1.000000,430
softdis,pdbflex,mmseqs_90,3nc3_A,3nc6B,441,441,mmseqs,100.000000,1.000000,1.000000,441
softdis,pdbflex,mmseqs_90,3tku_A,5otfA,433,416,mmseqs,100.000000,0.960739,0.992840,416
softdis,pdbflex,mmseqs_90,5d40_B,5d40A,427,427,mmseqs,100.000000,1.000000,1.000000,427
softdis,pdbflex,mmseqs_90,1qzw_A,1qzwA,440,440,mmseqs,100.000000,1.000000,1.000000,440
softdis,pdbflex,mmseqs_90,3a9x_A,3a9zA,432,432,mmseqs,100.000000,1.000000,1.000000,432
softdis,pdbflex,mmseqs_90,2z3t_A,3a1lA,425,425,mmseqs,100.000000,1.000000,1.000000,425
softdis,pdbflex,mmseqs_90,4d9s_A,4d9sA,406,406,mmseqs,100.000000,1.000000,1.000000,406
softdis,pdbflex,mmseqs_90,3kfu_B,3kfuC,422,422,mmseqs,100.000000,1.000000,1.000000,422
softdis,pdbflex,mmseqs_90,5tbk_I,5tbkI,421,421,mmseqs,100.000000,1.000000,1.000000,421
softdis,pdbflex,mmseqs_90,3p3z_A,3p3oA,416,416,mmseqs,100.000000,1.000000,1.000000,416
softdis,pdbflex,mmseqs_90,2uvn_A,2uvnA,414,414,mmseqs,100.000000,1.000000,1.000000,414
softdis,pdbflex,mmseqs_90,5li6_A,5lieB,414,414,mmseqs,100.000000,1.000000,1.000000,414
softdis,pdbflex,mmseqs_90,2wio_A,2jjpA,431,411,mmseqs,100.000000,0.953596,1.000000,411
softdis,pdbflex,mmseqs_90,2yca_A,2y5nB,417,417,mmseqs,100.000000,1.000000,1.000000,417
softdis,pdbflex,mmseqs_90,5e1r_A,5e1rC,426,426,mmseqs,100.000000,1.000000,1.000000,426
softdis,pdbflex,mmseqs_90,4j6b_A,4jbtA,410,410,mmseqs,100.000000,1.000000,1.000000,410
softdis,pdbflex,mmseqs_90,3tyw_A,3tywD,417,417,mmseqs,100.000000,1.000000,1.000000,417
softdis,pdbflex,mmseqs_90,5l90_A,5l91A,410,410,mmseqs,100.000000,1.000000,1.000000,410
softdis,pdbflex,mmseqs_90,8qrd_F,5mnvA,410,407,mmseqs,100.000000,0.992683,1.000000,407
softdis,pdbflex,mmseqs_90,3eje_H,3ejbH,404,404,mmseqs,100.000000,1.000000,1.000000,404
softdis,pdbflex,mmseqs_90,3oft_A,3ofuA,396,396,mmseqs,100.000000,1.000000,1.000000,396
softdis,pdbflex,mmseqs_90,5wt6_A,5wt6A,401,401,mmseqs,100.000000,1.000000,1.000000,401
softdis,pdbflex,mmseqs_90,5z9j_D,5z9jC,398,398,mmseqs,100.000000,1.000000,1.000000,398
softdis,pdbflex,mmseqs_90,6f8a_A,6f8aA,400,400,mmseqs,100.000000,1.000000,1.000000,400
softdis,pdbflex,mmseqs_90,5l1o_A,5l1qA,401,401,mmseqs,100.000000,1.000000,1.000000,401
softdis,pdbflex,mmseqs_90,5y5k_B,5y5fA,403,403,mmseqs,100.000000,1.000000,1.000000,403
softdis,pdbflex,mmseqs_90,2onl_C,1kwpA,406,400,mmseqs,100.000000,0.985222,1.000000,400
softdis,pdbflex,mmseqs_90,4g46_A,6geqA,396,396,mmseqs,100.000000,1.000000,1.000000,396
softdis,pdbflex,mmseqs_90,4fr4_A,4fr4A,384,384,mmseqs,100.000000,1.000000,1.000000,384
softdis,pdbflex,mmseqs_90,4fi1_A,4fi1A,374,374,mmseqs,100.000000,1.000000,1.000000,374
softdis,pdbflex,mmseqs_90,3cbl_A,3bkbA,377,377,mmseqs,100.000000,1.000000,1.000000,377
softdis,pdbflex,mmseqs_90,1r0e_A,1j1cB,391,386,mmseqs,100.000000,0.987212,0.919048,386
softdis,pdbflex,mmseqs_90,6u8j_B,6u8jD,376,376,mmseqs,100.000000,1.000000,1.000000,376
softdis,pdbflex,mmseqs_90,5anr_B,4ct4B,378,378,mmseqs,100.000000,1.000000,1.000000,378
softdis,pdbflex,mmseqs_90,5hbe_A,5xs2A,364,362,mmseqs,100.000000,0.994505,0.952632,362
softdis,pdbflex,mmseqs_90,4eb5_A,4eb5A,382,382,mmseqs,100.000000,1.000000,1.000000,382
softdis,pdbflex,mmseqs_90,6joj_A,5k5xA,356,356,mmseqs,100.000000,1.000000,1.000000,356
softdis,pdbflex,mmseqs_90,1ayr_A,1cf1C,368,366,mmseqs,100.000000,0.994565,0.905941,366
softdis,pdbflex,mmseqs_90,3mi9_A,3mi9A,351,351,mmseqs,100.000000,1.000000,1.000000,351
softdis,pdbflex,mmseqs_90,5x8i_B,6q8kA,346,338,mmseqs,100.000000,0.976879,0.997050,338
softdis,pdbflex,mmseqs_90,3b0v_C,3b0vC,363,363,mmseqs,100.000000,1.000000,1.000000,363
softdis,pdbflex,mmseqs_90,4ifc_A,6pk6A,358,350,mmseqs,100.000000,0.977654,0.997151,350
softdis,pdbflex,mmseqs_90,6c0t_A,6bg2A,347,347,mmseqs,100.000000,1.000000,1.000000,347
softdis,pdbflex,mmseqs_90,3tac_A,6lnmA,361,345,mmseqs,100.000000,0.955679,0.982906,345
softdis,pdbflex,mmseqs_90,5wni_A,5wnjA,342,342,mmseqs,100.000000,1.000000,1.000000,342
softdis,pdbflex,mmseqs_90,3tl8_A,3tl8D,349,349,mmseqs,100.000000,1.000000,1.000000,349
softdis,pdbflex,mmseqs_90,4g0i_A,4g0kA,328,328,mmseqs,100.000000,1.000000,1.000000,328
softdis,pdbflex,mmseqs_90,3utm_A,3utmA,351,351,mmseqs,100.000000,1.000000,1.000000,351
softdis,pdbflex,mmseqs_90,2rfb_A,2rfbA,343,343,mmseqs,100.000000,1.000000,1.000000,343
softdis,pdbflex,mmseqs_90,4i5t_A,4i5tA,333,333,mmseqs,100.000000,1.000000,1.000000,333
softdis,pdbflex,mmseqs_90,4bf9_A,4bf9A,338,338,mmseqs,100.000000,1.000000,1.000000,338
softdis,pdbflex,mmseqs_90,4btj_A,4btmB,337,337,mmseqs,100.000000,1.000000,1.000000,337
softdis,pdbflex,mmseqs_90,4y85_C,5iu2B,332,332,mmseqs,100.000000,1.000000,1.000000,332
softdis,pdbflex,mmseqs_90,3akj_A,3akkA,325,325,mmseqs,100.000000,1.000000,1.000000,325
softdis,pdbflex,mmseqs_90,2v62_A,5uu1A,345,324,mmseqs,100.000000,0.939130,1.000000,324
softdis,pdbflex,mmseqs_90,3dls_A,3dlsA,335,335,mmseqs,100.000000,1.000000,1.000000,335
softdis,pdbflex,mmseqs_90,4q5j_A,4oh4A,341,333,mmseqs,100.000000,0.976540,1.000000,333
softdis,pdbflex,mmseqs_90,1fvr_A,1fvrB,327,327,mmseqs,100.000000,1.000000,1.000000,327
softdis,pdbflex,mmseqs_90,3aln_A,3aloA,327,327,mmseqs,100.000000,1.000000,1.000000,327
softdis,pdbflex,mmseqs_90,4asx_A,4asxA,322,322,mmseqs,100.000000,1.000000,1.000000,322
softdis,pdbflex,mmseqs_90,3kof_A,3kofA,337,337,mmseqs,100.000000,1.000000,1.000000,337
softdis,pdbflex,mmseqs_90,4g8k_A,4g8lA,337,337,mmseqs,100.000000,1.000000,1.000000,337
softdis,pdbflex,mmseqs_90,5e8v_A,5e92A,316,316,mmseqs,100.000000,1.000000,1.000000,316
softdis,pdbflex,mmseqs_90,8gw3_A,5gjfA,326,310,mmseqs,100.000000,0.950920,0.984127,310
softdis,pdbflex,mmseqs_90,4fg9_A,4fgbA,320,320,mmseqs,100.000000,1.000000,1.000000,320
softdis,pdbflex,mmseqs_90,6d3k_B,6d3kA,323,323,mmseqs,100.000000,1.000000,1.000000,323
softdis,pdbflex,mmseqs_90,7q7c_A,6y6hA,327,327,mmseqs,100.000000,1.000000,1.000000,327
softdis,pdbflex,mmseqs_90,3k35_A,5y2fA,318,316,mmseqs,100.000000,0.993711,1.000000,316
softdis,pdbflex,mmseqs_90,1szp_A,1szpA,321,321,mmseqs,100.000000,1.000000,1.000000,321
softdis,pdbflex,mmseqs_90,3udb_A,3udbD,317,317,mmseqs,100.000000,1.000000,1.000000,317
softdis,pdbflex,mmseqs_90,5vd1_A,5vcyA,311,311,mmseqs,100.000000,1.000000,1.000000,311
softdis,pdbflex,mmseqs_90,5ikw_A,4w9wA,310,306,mmseqs,100.000000,0.987097,1.000000,306
softdis,pdbflex,mmseqs_90,6fer_A,6ferD,309,309,mmseqs,100.000000,1.000000,1.000000,309
softdis,pdbflex,mmseqs_90,6box_A,6bp4B,303,303,mmseqs,100.000000,1.000000,1.000000,303
softdis,pdbflex,mmseqs_90,4c57_A,5y7zA,340,311,mmseqs,100.000000,0.914706,0.993610,311
softdis,pdbflex,mmseqs_90,4i5m_A,4i6bA,308,308,mmseqs,100.000000,1.000000,1.000000,308
softdis,pdbflex,mmseqs_90,5x5o_A,6jutA,310,310,mmseqs,100.000000,1.000000,1.000000,310
softdis,pdbflex,mmseqs_90,2zub_A,2zucB,324,324,mmseqs,100.000000,1.000000,1.000000,324
softdis,pdbflex,mmseqs_90,3tno_A,3igxA,345,324,mmseqs,100.000000,0.939130,1.000000,324
softdis,pdbflex,mmseqs_90,5hxy_A,5hxyA,317,317,mmseqs,100.000000,1.000000,1.000000,317
softdis,pdbflex,mmseqs_90,5vo1_A,5cenA,300,300,mmseqs,100.000000,1.000000,1.000000,300
softdis,pdbflex,mmseqs_90,3bce_A,2r4bA,328,298,mmseqs,100.000000,0.908537,0.928349,298
softdis,pdbflex,mmseqs_90,2qqf_A,1q17C,308,300,mmseqs,100.000000,0.974026,1.000000,300
softdis,pdbflex,mmseqs_90,5mqv_D,1ckjA,314,294,mmseqs,100.000000,0.936306,0.927445,294
softdis,pdbflex,mmseqs_90,2c3j_A,2ydiA,297,289,mmseqs,100.000000,0.973064,1.000000,289
softdis,pdbflex,mmseqs_90,6ng0_B,6cqdB,309,292,mmseqs,100.000000,0.944984,0.983165,292
softdis,pdbflex,mmseqs_90,4nvq_A,5jiyA,285,274,mmseqs,100.000000,0.961404,1.000000,274
softdis,pdbflex,mmseqs_90,5v21_A,5jlbA,297,277,mmseqs,100.000000,0.932660,0.992832,277
softdis,pdbflex,mmseqs_90,5vd2_A,5vd4A,289,289,mmseqs,100.000000,1.000000,1.000000,289
softdis,pdbflex,mmseqs_90,5ntt_A,5nttA,287,287,mmseqs,100.000000,1.000000,1.000000,287
softdis,pdbflex,mmseqs_90,4mwi_A,4mwiA,294,294,mmseqs,100.000000,1.000000,1.000000,294
softdis,pdbflex,mmseqs_90,6cd6_A,6cd6D,290,290,mmseqs,100.000000,1.000000,1.000000,290
softdis,pdbflex,mmseqs_90,2vwi_A,3dakD,303,290,mmseqs,100.000000,0.957096,1.000000,290
softdis,pdbflex,mmseqs_90,3is5_A,3is5F,285,285,mmseqs,100.000000,1.000000,1.000000,285
softdis,pdbflex,mmseqs_90,1u46_A,4ewhA,291,275,mmseqs,100.000000,0.945017,1.000000,275
softdis,pdbflex,mmseqs_90,4eqm_A,4eqmA,294,294,mmseqs,100.000000,1.000000,1.000000,294
softdis,pdbflex,mmseqs_90,4wsy_A,4k18A,286,273,mmseqs,100.000000,0.954545,0.985560,273
softdis,pdbflex,mmseqs_90,5xka_A,5xkaA,288,288,mmseqs,100.000000,1.000000,1.000000,288
softdis,pdbflex,mmseqs_90,6qav_D,6qauA,280,280,mmseqs,100.000000,1.000000,1.000000,280
softdis,pdbflex,mmseqs_90,5ytk_A,5ytkA,274,274,mmseqs,100.000000,1.000000,1.000000,274
softdis,pdbflex,mmseqs_90,3dae_A,2fh9A,283,270,mmseqs,100.000000,0.954064,0.985401,270
softdis,pdbflex,mmseqs_90,1g6w_A,1g6wD,261,261,mmseqs,100.000000,1.000000,1.000000,261
softdis,pdbflex,mmseqs_90,6rxm_B,6rxmA,254,254,mmseqs,100.000000,1.000000,1.000000,254
softdis,pdbflex,mmseqs_90,5agc_A,3q66A,264,264,mmseqs,100.000000,1.000000,1.000000,264
softdis,pdbflex,mmseqs_90,1ici_A,1iciA,256,256,mmseqs,100.000000,1.000000,1.000000,256
softdis,pdbflex,mmseqs_90,1j2c_A,1ix3A,267,267,mmseqs,100.000000,1.000000,1.000000,267
softdis,pdbflex,mmseqs_90,1qiu_A,1qiuA,264,264,mmseqs,100.000000,1.000000,1.000000,264
softdis,pdbflex,mmseqs_90,2rgz_A,2qppB,264,264,mmseqs,100.000000,1.000000,1.000000,264
softdis,pdbflex,mmseqs_90,1s7g_D,1s7gA,253,253,mmseqs,100.000000,1.000000,1.000000,253
softdis,pdbflex,mmseqs_90,5cfk_E,5cfkA,259,259,mmseqs,100.000000,1.000000,1.000000,259
softdis,pdbflex,mmseqs_90,1wov_A,1wowA,250,250,mmseqs,100.000000,1.000000,1.000000,250
softdis,pdbflex,mmseqs_90,3nbn_E,2f8xK,256,256,mmseqs,100.000000,1.000000,1.000000,256
softdis,pdbflex,mmseqs_90,3q5y_A,3q5yA,240,240,mmseqs,100.000000,1.000000,1.000000,240
softdis,pdbflex,mmseqs_90,1wg0_A,1wg0A,243,243,mmseqs,100.000000,1.000000,1.000000,243
softdis,pdbflex,mmseqs_90,2i54_A,2i54A,247,247,mmseqs,100.000000,1.000000,1.000000,247
softdis,pdbflex,mmseqs_90,3r0j_A,5ed4E,250,250,mmseqs,100.000000,1.000000,1.000000,250
softdis,pdbflex,mmseqs_90,4igj_A,4kdyA,242,242,mmseqs,100.000000,1.000000,1.000000,242
softdis,pdbflex,mmseqs_90,3eu9_C,3eu9A,240,240,mmseqs,100.000000,1.000000,1.000000,240
softdis,pdbflex,mmseqs_90,6ht6_A,6gibB,245,245,mmseqs,100.000000,1.000000,1.000000,245
softdis,pdbflex,mmseqs_90,6f70_A,6f70A,252,252,mmseqs,100.000000,1.000000,1.000000,252
softdis,pdbflex,mmseqs_90,4djm_A,4djmD,239,239,mmseqs,100.000000,1.000000,1.000000,239
softdis,pdbflex,mmseqs_90,4ivf_F,4ivfF,231,231,mmseqs,100.000000,1.000000,1.000000,231
softdis,pdbflex,mmseqs_90,4b09_A,4b09A,240,240,mmseqs,100.000000,1.000000,1.000000,240
softdis,pdbflex,mmseqs_90,4ke3_A,4kdxA,229,229,mmseqs,100.000000,1.000000,1.000000,229
softdis,pdbflex,mmseqs_90,2dwz_A,2dvwA,231,231,mmseqs,100.000000,1.000000,1.000000,231
softdis,pdbflex,mmseqs_90,3lg6_A,3lg6A,235,235,mmseqs,100.000000,1.000000,1.000000,235
softdis,pdbflex,mmseqs_90,4iq1_A,4iw9B,231,231,mmseqs,100.000000,1.000000,1.000000,231
softdis,pdbflex,mmseqs_90,3tb2_A,3tb2C,220,220,mmseqs,100.000000,1.000000,1.000000,220
softdis,pdbflex,mmseqs_90,4zbd_A,4zb8A,222,222,mmseqs,100.000000,1.000000,1.000000,222
softdis,pdbflex,mmseqs_90,4s04_A,4s05A,232,232,mmseqs,100.000000,1.000000,1.000000,232
softdis,pdbflex,mmseqs_90,4ykb_A,4ykbA,229,229,mmseqs,100.000000,1.000000,1.000000,229
softdis,pdbflex,mmseqs_90,3pr8_B,3lxzA,229,229,mmseqs,100.000000,1.000000,1.000000,229
softdis,pdbflex,mmseqs_90,4kgi_A,4kgiC,223,223,mmseqs,100.000000,1.000000,1.000000,223
softdis,pdbflex,mmseqs_90,5b6m_A,5b6nF,224,224,mmseqs,100.000000,1.000000,1.000000,224
softdis,pdbflex,mmseqs_90,5u8k_A,5u8kB,231,231,mmseqs,100.000000,1.000000,1.000000,231
softdis,pdbflex,mmseqs_90,6q5v_A,6q5vA,215,215,mmseqs,100.000000,1.000000,1.000000,215
softdis,pdbflex,mmseqs_90,4pnf_E,4yh2A,227,221,mmseqs,100.000000,0.973568,0.995495,221
softdis,pdbflex,mmseqs_90,6f05_B,6ezyB,215,215,mmseqs,100.000000,1.000000,1.000000,215
softdis,pdbflex,mmseqs_90,4yo0_B,6iccL,233,213,mmseqs,100.000000,0.914163,0.995327,213
softdis,pdbflex,mmseqs_90,1bi1_A,1c0wB,226,225,mmseqs,100.000000,0.995575,1.000000,225
softdis,pdbflex,mmseqs_90,1bye_A,1byeA,213,213,mmseqs,100.000000,1.000000,1.000000,213
softdis,pdbflex,mmseqs_90,1jlv_A,1jlvA,209,209,mmseqs,100.000000,1.000000,1.000000,209
softdis,pdbflex,mmseqs_90,6nxv_A,6nv6B,207,207,mmseqs,100.000000,1.000000,1.000000,207
softdis,pdbflex,mmseqs_90,2x64_A,2x64B,207,207,mmseqs,100.000000,1.000000,1.000000,207
softdis,pdbflex,mmseqs_90,5a4w_C,5a4wA,212,212,mmseqs,100.000000,1.000000,1.000000,212
softdis,pdbflex,mmseqs_90,1rrp_C,1rrpA,204,204,mmseqs,100.000000,1.000000,1.000000,204
softdis,pdbflex,mmseqs_90,2b7j_A,2b7jB,200,200,mmseqs,100.000000,1.000000,1.000000,200
softdis,pdbflex,mmseqs_90,4cym_D,4cz2D,203,203,mmseqs,100.000000,1.000000,1.000000,203
softdis,pdbflex,mmseqs_90,5jre_F,5jr9A,219,218,mmseqs,100.000000,0.995434,0.995434,218
softdis,pdbflex,mmseqs_90,2wst_A,2wstA,208,208,mmseqs,100.000000,1.000000,1.000000,208
softdis,pdbflex,mmseqs_90,6dv5_B,6dv5A,205,205,mmseqs,100.000000,1.000000,1.000000,205
softdis,pdbflex,mmseqs_90,6g47_A,6g47A,209,209,mmseqs,100.000000,1.000000,1.000000,209
softdis,pdbflex,mmseqs_90,2rgx_A,4ikeA,206,206,mmseqs,100.000000,1.000000,1.000000,206
softdis,pdbflex,mmseqs_90,6emt_A,6emuA,197,197,mmseqs,100.000000,1.000000,1.000000,197
softdis,pdbflex,mmseqs_90,2cls_A,2rexD,198,196,mmseqs,100.000000,0.989899,0.994924,196
softdis,pdbflex,mmseqs_90,6jb6_A,6jb6A,205,205,mmseqs,100.000000,1.000000,1.000000,205
softdis,pdbflex,mmseqs_90,1lti_A,1ltaA,192,188,mmseqs,100.000000,0.979167,1.000000,188
softdis,pdbflex,mmseqs_90,5x7v_A,5x7vC,193,193,mmseqs,100.000000,1.000000,1.000000,193
softdis,pdbflex,mmseqs_90,3dvx_A,3dvxA,196,196,mmseqs,100.000000,1.000000,1.000000,196
softdis,pdbflex,mmseqs_90,4r3v_A,4r3vA,183,183,mmseqs,100.000000,1.000000,1.000000,183
softdis,pdbflex,mmseqs_90,1uke_A,5ukdA,194,194,mmseqs,100.000000,1.000000,1.000000,194
softdis,pdbflex,mmseqs_90,3ref_B,3refB,194,194,mmseqs,100.000000,1.000000,1.000000,194
softdis,pdbflex,mmseqs_90,2von_A,2vodB,193,193,mmseqs,100.000000,1.000000,1.000000,193
softdis,pdbflex,mmseqs_90,5y63_A,5y63A,183,183,mmseqs,100.000000,1.000000,1.000000,183
softdis,pdbflex,mmseqs_90,4u9g_B,4u9gA,187,187,mmseqs,100.000000,1.000000,1.000000,187
softdis,pdbflex,mmseqs_90,3l9v_A,3l9vA,189,189,mmseqs,100.000000,1.000000,1.000000,189
softdis,pdbflex,mmseqs_90,3ma2_D,1bqqM,181,174,mmseqs,100.000000,0.961326,1.000000,174
softdis,pdbflex,mmseqs_90,3js5_A,3idoA,178,178,mmseqs,100.000000,1.000000,1.000000,178
softdis,pdbflex,mmseqs_90,6f2r_A,6f2rC,213,182,mmseqs,100.000000,0.854460,0.896552,182
softdis,pdbflex,mmseqs_90,1nob_A,1nobA,185,185,mmseqs,100.000000,1.000000,1.000000,185
softdis,pdbflex,mmseqs_90,9dj9_A,3f81A,191,183,mmseqs,100.000000,0.958115,1.000000,183
softdis,pdbflex,mmseqs_90,4d8k_A,1lckA,175,174,mmseqs,100.000000,0.994286,0.994286,174
softdis,pdbflex,mmseqs_90,1qfv_B,1qftA,175,175,mmseqs,100.000000,1.000000,1.000000,175
softdis,pdbflex,mmseqs_90,6hjm_A,6hjmP,192,192,mmseqs,100.000000,1.000000,1.000000,192
softdis,pdbflex,mmseqs_90,6lkp_A,6lkpC,184,184,mmseqs,100.000000,1.000000,1.000000,184
softdis,pdbflex,mmseqs_90,1veq_B,1veiA,183,183,mmseqs,100.000000,1.000000,1.000000,183
softdis,pdbflex,mmseqs_90,6huf_K,6hufA,182,182,mmseqs,100.000000,1.000000,1.000000,182
softdis,pdbflex,mmseqs_90,3t64_A,3t64A,181,181,mmseqs,100.000000,1.000000,1.000000,181
softdis,pdbflex,mmseqs_90,4txo_D,4txoD,175,175,mmseqs,100.000000,1.000000,1.000000,175
softdis,pdbflex,mmseqs_90,1wms_A,1s8fB,177,175,mmseqs,100.000000,0.988701,0.988701,175
softdis,pdbflex,mmseqs_90,2gm3_A,2gm3A,175,175,mmseqs,100.000000,1.000000,1.000000,175
softdis,pdbflex,mmseqs_90,5cer_B,5cerB,193,193,mmseqs,100.000000,1.000000,1.000000,193
softdis,pdbflex,mmseqs_90,3pnb_A,3nbkD,177,177,mmseqs,100.000000,1.000000,1.000000,177
softdis,pdbflex,mmseqs_90,5mp0_D,5mp0D,166,166,mmseqs,100.000000,1.000000,1.000000,166
softdis,pdbflex,mmseqs_90,2bet_A,2betC,172,172,mmseqs,100.000000,1.000000,1.000000,172
softdis,pdbflex,mmseqs_90,2gjs_A,2gjsA,176,176,mmseqs,100.000000,1.000000,1.000000,176
softdis,pdbflex,mmseqs_90,1tk6_B,1tkpA,182,182,mmseqs,100.000000,1.000000,1.000000,182
softdis,pdbflex,mmseqs_90,2cyx_A,2cyxA,170,170,mmseqs,100.000000,1.000000,1.000000,170
softdis,pdbflex,mmseqs_90,4cyb_A,4cybJ,173,173,mmseqs,100.000000,1.000000,1.000000,173
softdis,pdbflex,mmseqs_90,5y5o_A,5y5pD,174,174,mmseqs,100.000000,1.000000,1.000000,174
softdis,pdbflex,mmseqs_90,1yh2_A,1yh2A,169,169,mmseqs,100.000000,1.000000,1.000000,169
softdis,pdbflex,mmseqs_90,4hj6_A,4hj6B,178,178,mmseqs,100.000000,1.000000,1.000000,178
softdis,pdbflex,mmseqs_90,4lfm_D,4lfkB,172,172,mmseqs,100.000000,1.000000,1.000000,172
softdis,pdbflex,mmseqs_90,4mtd_A,4mteD,171,171,mmseqs,100.000000,1.000000,1.000000,171
softdis,pdbflex,mmseqs_90,6jjj_B,6jjjA,160,160,mmseqs,100.000000,1.000000,1.000000,160
softdis,pdbflex,mmseqs_90,6o3w_A,6o3xA,172,172,mmseqs,100.000000,1.000000,1.000000,172
softdis,pdbflex,mmseqs_90,3nd5_A,3nd5A,171,171,mmseqs,100.000000,1.000000,1.000000,171
softdis,pdbflex,mmseqs_90,4v0n_A,4v0lA,169,169,mmseqs,100.000000,1.000000,1.000000,169
softdis,pdbflex,mmseqs_90,7ytq_A,3c22D,156,156,mmseqs,100.000000,1.000000,1.000000,156
softdis,pdbflex,mmseqs_90,1d1q_A,1d1qA,161,161,mmseqs,100.000000,1.000000,1.000000,161
softdis,pdbflex,mmseqs_90,2pqs_A,2pqsA,159,159,mmseqs,100.000000,1.000000,1.000000,159
softdis,pdbflex,mmseqs_90,3alu_A,3aluA,157,157,mmseqs,100.000000,1.000000,1.000000,157
softdis,pdbflex,mmseqs_90,5hry_A,5hryH,169,169,mmseqs,100.000000,1.000000,1.000000,169
softdis,pdbflex,mmseqs_90,1ri7_A,2e1cA,171,171,mmseqs,100.000000,1.000000,1.000000,171
softdis,pdbflex,mmseqs_90,1wp0_A,2ggtA,165,161,mmseqs,100.000000,0.975758,0.981707,161
softdis,pdbflex,mmseqs_90,4ora_B,1tcoB,170,169,mmseqs,100.000000,0.994118,1.000000,169
softdis,pdbflex,mmseqs_90,2cx3_A,4gqfA,164,164,mmseqs,100.000000,1.000000,1.000000,164
softdis,pdbflex,mmseqs_90,1vb6_A,1vb6A,167,167,mmseqs,100.000000,1.000000,1.000000,167
softdis,pdbflex,mmseqs_90,2xr5_A,6ghvC,166,151,mmseqs,100.000000,0.909639,0.974194,151
softdis,pdbflex,mmseqs_90,3o22_A,3o2yA,162,162,mmseqs,100.000000,1.000000,1.000000,162
softdis,pdbflex,mmseqs_90,4zcu_A,4zcvA,165,165,mmseqs,100.000000,1.000000,1.000000,165
softdis,pdbflex,mmseqs_90,6ml2_A,6ml4A,151,151,mmseqs,100.000000,1.000000,1.000000,151
softdis,pdbflex,mmseqs_90,6mgh_H,6mghD,163,163,mmseqs,100.000000,1.000000,1.000000,163
softdis,pdbflex,mmseqs_90,3otw_F,3otwA,163,163,mmseqs,100.000000,1.000000,1.000000,163
softdis,pdbflex,mmseqs_90,5duw_C,5duuB,155,155,mmseqs,100.000000,1.000000,1.000000,155
softdis,pdbflex,mmseqs_90,1zdn_A,1zdnA,158,158,mmseqs,100.000000,1.000000,1.000000,158
softdis,pdbflex,mmseqs_90,5njk_E,5njkA,156,156,mmseqs,100.000000,1.000000,1.000000,156
softdis,pdbflex,mmseqs_90,4b04_C,4hrfA,160,160,mmseqs,100.000000,1.000000,1.000000,160
softdis,pdbflex,mmseqs_90,4ezm_L,4gkoL,143,143,mmseqs,100.000000,1.000000,1.000000,143
softdis,pdbflex,mmseqs_90,1umn_K,2ux1G,165,164,mmseqs,100.000000,0.993939,0.993939,164
softdis,pdbflex,mmseqs_90,4onx_A,4onxE,162,162,mmseqs,100.000000,1.000000,1.000000,162
softdis,pdbflex,mmseqs_90,5ond_A,2ougA,162,161,mmseqs,100.000000,0.993827,0.993827,161
softdis,pdbflex,mmseqs_90,1nn4_B,1nn4A,162,162,mmseqs,100.000000,1.000000,1.000000,162
softdis,pdbflex,mmseqs_90,2wal_A,2walA,159,159,mmseqs,100.000000,1.000000,1.000000,159
softdis,pdbflex,mmseqs_90,4lfn_A,4lfnA,162,162,mmseqs,100.000000,1.000000,1.000000,162
softdis,pdbflex,mmseqs_90,4ylz_A,4ym1C,153,153,mmseqs,100.000000,1.000000,1.000000,153
softdis,pdbflex,mmseqs_90,1o9r_A,1o9rA,162,162,mmseqs,100.000000,1.000000,1.000000,162
softdis,pdbflex,mmseqs_90,4mpo_B,4mpoB,153,153,mmseqs,100.000000,1.000000,1.000000,153
softdis,pdbflex,mmseqs_90,6ovf_A,6ovfA,161,161,mmseqs,100.000000,1.000000,1.000000,161
softdis,pdbflex,mmseqs_90,3ffu_A,3ffuA,153,153,mmseqs,100.000000,1.000000,1.000000,153
softdis,pdbflex,mmseqs_90,4ijx_A,4ijxA,155,155,mmseqs,100.000000,1.000000,1.000000,155
softdis,pdbflex,mmseqs_90,5ei9_F,5ei9E,144,144,mmseqs,100.000000,1.000000,1.000000,144
softdis,pdbflex,mmseqs_90,1do5_A,1do5A,154,154,mmseqs,100.000000,1.000000,1.000000,154
softdis,pdbflex,mmseqs_90,2rib_A,2ricC,160,160,mmseqs,100.000000,1.000000,1.000000,160
softdis,pdbflex,mmseqs_90,5id2_A,1xvwB,164,153,mmseqs,100.000000,0.932927,0.956250,153
softdis,pdbflex,mmseqs_90,2bpd_A,2bpdB,142,142,mmseqs,100.000000,1.000000,1.000000,142
softdis,pdbflex,mmseqs_90,4nat_B,4nauB,160,160,mmseqs,100.000000,1.000000,1.000000,160
softdis,pdbflex,mmseqs_90,5xfi_A,5xfiA,153,153,mmseqs,100.000000,1.000000,1.000000,153
softdis,pdbflex,mmseqs_90,1ilr_1,1ilr1,152,152,mmseqs,100.000000,1.000000,1.000000,152
softdis,pdbflex,mmseqs_90,2gv5_A,3fwbA,161,161,mmseqs,100.000000,1.000000,1.000000,161
softdis,pdbflex,mmseqs_90,2c41_A,2c41C,158,158,mmseqs,100.000000,1.000000,1.000000,158
softdis,pdbflex,mmseqs_90,4wqq_A,4wqqA,141,141,mmseqs,100.000000,1.000000,1.000000,141
softdis,pdbflex,mmseqs_90,3woc_A,3wocA,151,151,mmseqs,100.000000,1.000000,1.000000,151
softdis,pdbflex,mmseqs_90,5f2q_C,5f2qB,135,135,mmseqs,100.000000,1.000000,1.000000,135
softdis,pdbflex,mmseqs_90,5mgr_A,5mgsH,146,146,mmseqs,100.000000,1.000000,1.000000,146
softdis,pdbflex,mmseqs_90,3zqp_A,3zqqC,164,164,mmseqs,100.000000,1.000000,1.000000,164
softdis,pdbflex,mmseqs_90,6hde_C,6hdeB,152,152,mmseqs,100.000000,1.000000,1.000000,152
softdis,pdbflex,mmseqs_90,5umw_A,5umwA,151,151,mmseqs,100.000000,1.000000,1.000000,151
softdis,pdbflex,mmseqs_90,3ox5_A,3ox5A,153,153,mmseqs,100.000000,1.000000,1.000000,153
softdis,pdbflex,mmseqs_90,4yif_A,4yifB,164,164,mmseqs,100.000000,1.000000,1.000000,164
softdis,pdbflex,mmseqs_90,5cfi_A,5cfiA,152,152,mmseqs,100.000000,1.000000,1.000000,152
softdis,pdbflex,mmseqs_90,3hyb_A,3rg6C,155,155,mmseqs,100.000000,1.000000,1.000000,155
softdis,pdbflex,mmseqs_90,6oec_A,6oecL,162,162,mmseqs,100.000000,1.000000,1.000000,162
softdis,pdbflex,mmseqs_90,1br4_B,1br4B,150,150,mmseqs,100.000000,1.000000,1.000000,150
softdis,pdbflex,mmseqs_90,2py2_A,2py2A,136,136,mmseqs,100.000000,1.000000,1.000000,136
softdis,pdbflex,mmseqs_90,2yjk_G,2yjkC,161,161,mmseqs,100.000000,1.000000,1.000000,161
softdis,pdbflex,mmseqs_90,3e0o_A,3e0oA,144,144,mmseqs,100.000000,1.000000,1.000000,144
softdis,pdbflex,mmseqs_90,3o4o_A,2i1bA,158,153,mmseqs,100.000000,0.968354,1.000000,153
softdis,pdbflex,mmseqs_90,4lk9_A,4lk9A,136,136,mmseqs,100.000000,1.000000,1.000000,136
softdis,pdbflex,mmseqs_90,5ft8_U,5ft8B,154,154,mmseqs,100.000000,1.000000,1.000000,154
softdis,pdbflex,mmseqs_90,5jp5_A,5jp5D,145,145,mmseqs,100.000000,1.000000,1.000000,145
softdis,pdbflex,mmseqs_90,5zrp_A,5zrkA,150,150,mmseqs,100.000000,1.000000,1.000000,150
softdis,pdbflex,mmseqs_90,6upp_A,6pryA,150,150,mmseqs,100.000000,1.000000,1.000000,150
softdis,pdbflex,mmseqs_90,2fjy_A,2fjyB,142,142,mmseqs,100.000000,1.000000,1.000000,142
softdis,pdbflex,mmseqs_90,3tp1_A,3tpwA,152,152,mmseqs,100.000000,1.000000,1.000000,152
softdis,pdbflex,mmseqs_90,1l2o_B,3jtdB,156,156,mmseqs,100.000000,1.000000,1.000000,156
softdis,pdbflex,mmseqs_90,2okd_A,2okdC,147,147,mmseqs,100.000000,1.000000,1.000000,147
softdis,pdbflex,mmseqs_90,3nfd_A,3nfdE,153,153,mmseqs,100.000000,1.000000,1.000000,153
softdis,pdbflex,mmseqs_90,6bbx_A,5w27A,144,144,mmseqs,100.000000,1.000000,1.000000,144
softdis,pdbflex,mmseqs_90,4fhq_A,4rsuJ,134,134,mmseqs,100.000000,1.000000,1.000000,134
softdis,pdbflex,mmseqs_90,2fjc_A,2fjcB,156,156,mmseqs,100.000000,1.000000,1.000000,156
softdis,pdbflex,mmseqs_90,4gx7_A,4gx7A,152,152,mmseqs,100.000000,1.000000,1.000000,152
softdis,pdbflex,mmseqs_90,4kzv_A,4kzwA,134,134,mmseqs,100.000000,1.000000,1.000000,134
softdis,pdbflex,mmseqs_90,5hsm_A,5x80A,160,160,mmseqs,100.000000,1.000000,1.000000,160
softdis,pdbflex,mmseqs_90,4kg3_A,4kg3B,146,146,mmseqs,100.000000,1.000000,1.000000,146
softdis,pdbflex,mmseqs_90,4p78_A,4p7dB,143,143,mmseqs,100.000000,1.000000,1.000000,143
softdis,pdbflex,mmseqs_90,6flw_A,6flwA,144,144,mmseqs,100.000000,1.000000,1.000000,144
softdis,pdbflex,mmseqs_90,3ezz_A,3ezzA,144,144,mmseqs,100.000000,1.000000,1.000000,144
softdis,pdbflex,mmseqs_90,4oxb_A,1qmtA,134,134,mmseqs,100.000000,1.000000,1.000000,134
softdis,pdbflex,mmseqs_90,4d3p_A,4d3pA,147,147,mmseqs,100.000000,1.000000,1.000000,147
softdis,pdbflex,mmseqs_90,4pav_A,4pavB,145,145,mmseqs,100.000000,1.000000,1.000000,145
softdis,pdbflex,mmseqs_90,5tzn_A,5tznA,137,137,mmseqs,100.000000,1.000000,1.000000,137
softdis,pdbflex,mmseqs_90,2wc6_A,2wcmA,141,141,mmseqs,100.000000,1.000000,1.000000,141
softdis,pdbflex,mmseqs_90,3hup_A,3hupA,130,130,mmseqs,100.000000,1.000000,1.000000,130
softdis,pdbflex,mmseqs_90,4dxe_A,4jm7A,143,143,mmseqs,100.000000,1.000000,1.000000,143
softdis,pdbflex,mmseqs_90,5ltw_C,5ltwG,149,149,mmseqs,100.000000,1.000000,1.000000,149
softdis,pdbflex,mmseqs_90,5lnl_A,5lnlC,151,151,mmseqs,100.000000,1.000000,1.000000,151
softdis,pdbflex,mmseqs_90,4d0v_A,4d0vD,145,145,mmseqs,100.000000,1.000000,1.000000,145
softdis,pdbflex,mmseqs_90,4e9m_A,4e9mA,144,144,mmseqs,100.000000,1.000000,1.000000,144
softdis,pdbflex,mmseqs_90,1xk8_A,1xk8D,147,147,mmseqs,100.000000,1.000000,1.000000,147
softdis,pdbflex,mmseqs_90,3wsr_A,3wwkC,128,128,mmseqs,100.000000,1.000000,1.000000,128
softdis,pdbflex,mmseqs_90,3zxf_A,3zxfB,138,138,mmseqs,100.000000,1.000000,1.000000,138
softdis,pdbflex,mmseqs_90,4d6x_A,4d6yA,148,148,mmseqs,100.000000,1.000000,1.000000,148
softdis,pdbflex,mmseqs_90,5ii7_A,5mr3E,138,136,mmseqs,100.000000,0.985507,1.000000,136
softdis,pdbflex,mmseqs_90,5nld_A,5nldB,139,139,mmseqs,100.000000,1.000000,1.000000,139
softdis,pdbflex,mmseqs_90,5u0i_A,5u0iB,140,140,mmseqs,100.000000,1.000000,1.000000,140
softdis,pdbflex,mmseqs_90,1pqf_B,1pqfA,143,143,mmseqs,100.000000,1.000000,1.000000,143
softdis,pdbflex,mmseqs_90,6af3_A,6af4A,141,141,mmseqs,100.000000,1.000000,1.000000,141
softdis,pdbflex,mmseqs_90,6ifb_A,6ifbB,135,135,mmseqs,100.000000,1.000000,1.000000,135
softdis,pdbflex,mmseqs_90,1osa_A,1osaA,148,148,mmseqs,100.000000,1.000000,1.000000,148
softdis,pdbflex,mmseqs_90,3dxe_C,3dxdA,140,140,mmseqs,100.000000,1.000000,1.000000,140
softdis,pdbflex,mmseqs_90,6eun_A,6eunA,156,156,mmseqs,100.000000,1.000000,1.000000,156
softdis,pdbflex,mmseqs_90,7o4p_A,3vy7A,148,139,mmseqs,100.000000,0.939189,0.985816,139
softdis,pdbflex,mmseqs_90,2g0i_A,2g0jC,145,145,mmseqs,100.000000,1.000000,1.000000,145
softdis,pdbflex,mmseqs_90,1bj3_A,1bj3A,129,129,mmseqs,100.000000,1.000000,1.000000,129
softdis,pdbflex,mmseqs_90,4ozj_A,4oznA,143,143,mmseqs,100.000000,1.000000,1.000000,143
softdis,pdbflex,mmseqs_90,5h9p_A,6q17A,158,138,mmseqs,100.000000,0.873418,0.992806,138
softdis,pdbflex,mmseqs_90,4erh_B,4rhaA,148,141,mmseqs,100.000000,0.952703,0.965753,141
softdis,pdbflex,mmseqs_90,1ov8_C,1qhqA,140,140,mmseqs,100.000000,1.000000,1.000000,140
softdis,pdbflex,mmseqs_90,3lus_A,3lusB,148,148,mmseqs,100.000000,1.000000,1.000000,148
softdis,pdbflex,mmseqs_90,3ul5_A,3ul5D,139,139,mmseqs,100.000000,1.000000,1.000000,139
softdis,pdbflex,mmseqs_90,4x09_A,6enpA,128,128,mmseqs,100.000000,1.000000,1.000000,128
softdis,pdbflex,mmseqs_90,5gi0_A,5gi0A,133,133,mmseqs,100.000000,1.000000,1.000000,133
softdis,pdbflex,mmseqs_90,5v6f_A,5v6cB,138,138,mmseqs,100.000000,1.000000,1.000000,138
softdis,pdbflex,mmseqs_90,2oz1_B,2oz1F,138,138,mmseqs,100.000000,1.000000,1.000000,138
softdis,pdbflex,mmseqs_90,2qzj_A,2qzjA,136,136,mmseqs,100.000000,1.000000,1.000000,136
softdis,pdbflex,mmseqs_90,1is6_A,1is3A,135,135,mmseqs,100.000000,1.000000,1.000000,135
softdis,pdbflex,mmseqs_90,5m6h_A,6h6rA,127,127,mmseqs,100.000000,1.000000,1.000000,127
softdis,pdbflex,mmseqs_90,5n16_D,5n15A,138,138,mmseqs,100.000000,1.000000,1.000000,138
softdis,pdbflex,mmseqs_90,6mtj_D,6mtnD,134,134,mmseqs,100.000000,1.000000,1.000000,134
softdis,pdbflex,mmseqs_90,1yxj_B,1ypuB,130,128,mmseqs,100.000000,0.984615,0.948148,128
softdis,pdbflex,mmseqs_90,2ymz_A,2ymzA,130,130,mmseqs,100.000000,1.000000,1.000000,130
softdis,pdbflex,mmseqs_90,1bj3_B,1j34B,123,123,mmseqs,100.000000,1.000000,1.000000,123
softdis,pdbflex,mmseqs_90,3ljd_A,2vq8A,126,125,mmseqs,100.000000,0.992063,0.899281,125
softdis,pdbflex,mmseqs_90,3fz2_A,3fz2E,134,134,mmseqs,100.000000,1.000000,1.000000,134
softdis,pdbflex,mmseqs_90,6d48_E,6d49A,127,127,mmseqs,100.000000,1.000000,1.000000,127
softdis,pdbflex,mmseqs_90,1kcg_A,1mpuA,124,124,mmseqs,100.000000,1.000000,0.898551,124
softdis,pdbflex,mmseqs_90,2gwf_B,2fzpA,134,134,mmseqs,100.000000,1.000000,0.930556,134
softdis,pdbflex,mmseqs_90,6e7d_A,6e7dE,124,124,mmseqs,100.000000,1.000000,1.000000,124
softdis,pdbflex,mmseqs_90,7x9o_A,3a6tA,129,129,mmseqs,100.000000,1.000000,1.000000,129
softdis,pdbflex,mmseqs_90,3c3i_B,3c3iB,141,141,mmseqs,100.000000,1.000000,1.000000,141
softdis,pdbflex,mmseqs_90,6scf_G,6scfF,138,138,mmseqs,100.000000,1.000000,1.000000,138
softdis,pdbflex,mmseqs_90,1f7n_B,1f7rA,136,136,mmseqs,100.000000,1.000000,1.000000,136
softdis,pdbflex,mmseqs_90,5fgs_A,5fgsC,136,136,mmseqs,100.000000,1.000000,1.000000,136
softdis,pdbflex,mmseqs_90,2jca_A,2jbzA,143,143,mmseqs,100.000000,1.000000,1.000000,143
softdis,pdbflex,mmseqs_90,2qq4_B,2qq4A,138,138,mmseqs,100.000000,1.000000,1.000000,138
softdis,pdbflex,mmseqs_90,4n6m_A,4n6mA,132,132,mmseqs,100.000000,1.000000,1.000000,132
softdis,pdbflex,mmseqs_90,1b6e_A,3bdwA,128,123,mmseqs,100.000000,0.960938,1.000000,123
softdis,pdbflex,mmseqs_90,4uhs_A,4uhkA,136,136,mmseqs,100.000000,1.000000,1.000000,136
softdis,pdbflex,mmseqs_90,5y61_B,5eazA,138,135,mmseqs,100.000000,0.978261,1.000000,135
softdis,pdbflex,mmseqs_90,2vzc_A,2vzcA,131,131,mmseqs,100.000000,1.000000,1.000000,131
softdis,pdbflex,mmseqs_90,4o1i_A,4o1iD,138,138,mmseqs,100.000000,1.000000,1.000000,138
softdis,pdbflex,mmseqs_90,5v52_D,3r0nA,140,127,mmseqs,100.000000,0.907143,0.992188,127
softdis,pdbflex,mmseqs_90,6br7_A,6br7B,133,133,mmseqs,100.000000,1.000000,1.000000,133
softdis,pdbflex,mmseqs_90,6s45_A,6qqhA,128,128,mmseqs,100.000000,1.000000,1.000000,128
softdis,pdbflex,mmseqs_90,3iqc_A,3iqcA,131,131,mmseqs,100.000000,1.000000,1.000000,131
softdis,pdbflex,mmseqs_90,1oxk_B,2r25B,134,132,mmseqs,100.000000,0.985075,0.992481,132
softdis,pdbflex,mmseqs_90,1za3_R,1d4vA,134,115,mmseqs,100.000000,0.858209,0.982906,115
softdis,pdbflex,mmseqs_90,6cmv_A,6cmvB,139,139,mmseqs,100.000000,1.000000,1.000000,139
softdis,pdbflex,mmseqs_90,6cps_A,6cpsA,131,131,mmseqs,100.000000,1.000000,1.000000,131
softdis,pdbflex,mmseqs_90,1qmp_A,1qmpA,130,130,mmseqs,100.000000,1.000000,1.000000,130
softdis,pdbflex,mmseqs_90,3lte_M,3lteD,132,132,mmseqs,100.000000,1.000000,1.000000,132
softdis,pdbflex,mmseqs_90,4pup_A,4qybB,131,125,mmseqs,100.000000,0.954198,1.000000,125
softdis,pdbflex,mmseqs_90,2omo_A,2omoA,124,124,mmseqs,100.000000,1.000000,1.000000,124
softdis,pdbflex,mmseqs_90,3ulg_B,2nxqA,134,134,mmseqs,100.000000,1.000000,1.000000,134
softdis,pdbflex,mmseqs_90,4n21_A,4n21C,130,130,mmseqs,100.000000,1.000000,1.000000,130
softdis,pdbflex,mmseqs_90,1cxa_A,1l9jC,124,124,mmseqs,100.000000,1.000000,1.000000,124
softdis,pdbflex,mmseqs_90,3cdg_K,3cdgF,120,120,mmseqs,100.000000,1.000000,1.000000,120
softdis,pdbflex,mmseqs_90,4o32_A,3ul3B,138,128,mmseqs,100.000000,0.927536,1.000000,128
softdis,pdbflex,mmseqs_90,4tum_A,4tumA,132,132,mmseqs,100.000000,1.000000,1.000000,132
softdis,pdbflex,mmseqs_90,1jr8_A,1jraA,117,117,mmseqs,100.000000,1.000000,1.000000,117
softdis,pdbflex,mmseqs_90,6h6n_A,6h6nA,131,131,mmseqs,100.000000,1.000000,1.000000,131
softdis,pdbflex,mmseqs_90,2jjs_A,2uv3B,126,126,mmseqs,100.000000,1.000000,1.000000,126
softdis,pdbflex,mmseqs_90,2yhf_A,2yhfA,118,118,mmseqs,100.000000,1.000000,1.000000,118
softdis,pdbflex,mmseqs_90,5hbl_A,5hblA,127,127,mmseqs,100.000000,1.000000,1.000000,127
softdis,pdbflex,mmseqs_90,5s8c_A,5encA,128,128,mmseqs,100.000000,1.000000,0.977099,128
softdis,pdbflex,mmseqs_90,6gdv_C,6gduA,133,133,mmseqs,100.000000,1.000000,1.000000,133
softdis,pdbflex,mmseqs_90,6is1_E,6is2A,128,128,mmseqs,100.000000,1.000000,1.000000,128
softdis,pdbflex,mmseqs_90,4qey_A,4qeyA,132,132,mmseqs,100.000000,1.000000,1.000000,132
softdis,pdbflex,mmseqs_90,5dc4_A,3uyoA,123,123,mmseqs,100.000000,1.000000,1.000000,123
softdis,pdbflex,mmseqs_90,2j1k_T,1f5wA,128,126,mmseqs,100.000000,0.984375,1.000000,126
softdis,pdbflex,mmseqs_90,6p17_B,6p1eB,123,123,mmseqs,100.000000,1.000000,1.000000,123
softdis,pdbflex,mmseqs_90,2fwe_A,1uc7A,134,125,mmseqs,100.000000,0.932836,1.000000,125
softdis,pdbflex,mmseqs_90,3h7q_A,3ne3B,132,130,mmseqs,100.000000,0.984848,1.000000,130
softdis,pdbflex,mmseqs_90,6ar4_A,6bjnA,125,125,mmseqs,100.000000,1.000000,1.000000,125
softdis,pdbflex,mmseqs_90,4ox8_A,4ox8A,128,128,mmseqs,100.000000,1.000000,1.000000,128
softdis,pdbflex,mmseqs_90,3rtl_A,3rtlB,121,121,mmseqs,100.000000,1.000000,1.000000,121
softdis,pdbflex,mmseqs_90,4lw9_Q,4lw9A,120,120,mmseqs,100.000000,1.000000,1.000000,120
softdis,pdbflex,mmseqs_90,1orj_A,1orjA,130,130,mmseqs,100.000000,1.000000,1.000000,130
softdis,pdbflex,mmseqs_90,1sf8_A,1sf8G,126,126,mmseqs,100.000000,1.000000,1.000000,126
softdis,pdbflex,mmseqs_90,2j80_A,1p0zA,135,129,mmseqs,100.000000,0.955556,0.984733,129
softdis,pdbflex,mmseqs_90,5cqx_A,5cqxB,119,119,mmseqs,100.000000,1.000000,1.000000,119
softdis,pdbflex,mmseqs_90,2iug_A,2iuhA,120,120,mmseqs,100.000000,1.000000,1.000000,120
softdis,pdbflex,mmseqs_90,2x18_E,2x18E,119,119,mmseqs,100.000000,1.000000,1.000000,119
softdis,pdbflex,mmseqs_90,1d5w_B,1dckB,126,126,mmseqs,100.000000,1.000000,1.000000,126
softdis,pdbflex,mmseqs_90,3o6u_A,3o6uA,128,128,mmseqs,100.000000,1.000000,1.000000,128
softdis,pdbflex,mmseqs_90,3wgd_A,3wgdC,113,113,mmseqs,100.000000,1.000000,1.000000,113
softdis,pdbflex,mmseqs_90,4lx8_A,4hnsA,124,124,mmseqs,100.000000,1.000000,1.000000,124
softdis,pdbflex,mmseqs_90,4q0o_A,3g0jA,124,124,mmseqs,100.000000,1.000000,1.000000,124
softdis,pdbflex,mmseqs_90,1w89_A,1w4vA,119,119,mmseqs,100.000000,1.000000,1.000000,119
softdis,pdbflex,mmseqs_90,2qms_A,4wwqB,120,120,mmseqs,100.000000,1.000000,1.000000,120
softdis,pdbflex,mmseqs_90,4of6_A,4of6B,120,120,mmseqs,100.000000,1.000000,1.000000,120
softdis,pdbflex,mmseqs_90,4ofi_A,4ofiC,115,115,mmseqs,100.000000,1.000000,1.000000,115
softdis,pdbflex,mmseqs_90,1mav_A,1m5tA,124,124,mmseqs,100.000000,1.000000,1.000000,124
softdis,pdbflex,mmseqs_90,2atp_C,1bqhH,122,122,mmseqs,100.000000,1.000000,0.945736,122
softdis,pdbflex,mmseqs_90,4lxr_J,3e07A,114,114,mmseqs,100.000000,1.000000,1.000000,114
softdis,pdbflex,mmseqs_90,5mkx_B,5fe6B,119,119,mmseqs,100.000000,1.000000,1.000000,119
softdis,pdbflex,mmseqs_90,5t2q_A,5t2rA,108,108,mmseqs,100.000000,1.000000,1.000000,108
softdis,pdbflex,mmseqs_90,5cmo_C,5suvA,125,125,mmseqs,100.000000,1.000000,0.992063,125
softdis,pdbflex,mmseqs_90,5d9z_B,5d9zB,112,112,mmseqs,100.000000,1.000000,1.000000,112
softdis,pdbflex,mmseqs_90,1fte_B,1fthA,122,122,mmseqs,100.000000,1.000000,1.000000,122
softdis,pdbflex,mmseqs_90,1ytt_A,1msbA,115,115,mmseqs,100.000000,1.000000,1.000000,115
softdis,pdbflex,mmseqs_90,2vm2_A,2vm1C,118,118,mmseqs,100.000000,1.000000,1.000000,118
softdis,pdbflex,mmseqs_90,5mpw_A,5mpwA,115,115,mmseqs,100.000000,1.000000,1.000000,115
softdis,pdbflex,mmseqs_90,7xne_A,6yijA,133,117,mmseqs,100.000000,0.879699,0.983193,117
softdis,pdbflex,mmseqs_90,2w8b_C,2w8bG,118,118,mmseqs,100.000000,1.000000,1.000000,118
softdis,pdbflex,mmseqs_90,2oe0_A,2oe1A,114,114,mmseqs,100.000000,1.000000,1.000000,114
softdis,pdbflex,mmseqs_90,3f72_A,3f72B,122,122,mmseqs,100.000000,1.000000,1.000000,122
softdis,pdbflex,mmseqs_90,2qra_D,2qraC,111,111,mmseqs,100.000000,1.000000,1.000000,111
softdis,pdbflex,mmseqs_90,3uvt_A,3uvtC,111,111,mmseqs,100.000000,1.000000,1.000000,111
softdis,pdbflex,mmseqs_90,2of5_A,2of5A,114,114,mmseqs,100.000000,1.000000,1.000000,114
softdis,pdbflex,mmseqs_90,3ia0_Z,3ia0A,119,119,mmseqs,100.000000,1.000000,1.000000,119
softdis,pdbflex,mmseqs_90,5hiy_A,5hiyB,114,114,mmseqs,100.000000,1.000000,1.000000,114
softdis,pdbflex,mmseqs_90,4oiz_A,4oitB,113,113,mmseqs,100.000000,1.000000,1.000000,113
softdis,pdbflex,mmseqs_90,1f7t_A,1f7tA,122,122,mmseqs,100.000000,1.000000,1.000000,122
softdis,pdbflex,mmseqs_90,1oms_C,1omsC,121,121,mmseqs,100.000000,1.000000,1.000000,121
softdis,pdbflex,mmseqs_90,2cov_D,2covD,104,104,mmseqs,100.000000,1.000000,1.000000,104
softdis,pdbflex,mmseqs_90,3ded_A,3dedC,113,113,mmseqs,100.000000,1.000000,1.000000,113
softdis,pdbflex,mmseqs_90,3ssq_A,3ssqA,122,122,mmseqs,100.000000,1.000000,1.000000,122
softdis,pdbflex,mmseqs_90,4pu8_B,4pu4D,118,118,mmseqs,100.000000,1.000000,1.000000,118
softdis,pdbflex,mmseqs_90,7s4e_A,6haxE,125,121,mmseqs,100.000000,0.968000,0.983740,121
softdis,pdbflex,mmseqs_90,6azr_B,3dgeC,123,122,mmseqs,100.000000,0.991870,1.000000,122
softdis,pdbflex,mmseqs_90,6ctd_A,6ctdA,121,121,mmseqs,100.000000,1.000000,1.000000,121
softdis,pdbflex,mmseqs_90,2was_A,2watA,122,122,mmseqs,100.000000,1.000000,1.000000,122
softdis,pdbflex,mmseqs_90,5fm8_A,5fm4B,112,112,mmseqs,100.000000,1.000000,1.000000,112
softdis,pdbflex,mmseqs_90,2of5_H,2of5H,118,118,mmseqs,100.000000,1.000000,1.000000,118
softdis,pdbflex,mmseqs_90,5un5_D,5un5C,123,123,mmseqs,100.000000,1.000000,1.000000,123
softdis,pdbflex,mmseqs_90,2z8v_C,2z8vC,116,116,mmseqs,100.000000,1.000000,1.000000,116
softdis,pdbflex,mmseqs_90,3f8b_A,3f8fA,116,116,mmseqs,100.000000,1.000000,0.920635,116
softdis,pdbflex,mmseqs_90,2zv3_A,2zv3B,115,115,mmseqs,100.000000,1.000000,1.000000,115
softdis,pdbflex,mmseqs_90,4xjk_D,4xjkD,114,114,mmseqs,100.000000,1.000000,1.000000,114
softdis,pdbflex,mmseqs_90,5e6n_A,5azhA,118,115,mmseqs,100.000000,0.974576,0.898438,115
softdis,pdbflex,mmseqs_90,6f5c_A,6quaB,127,117,mmseqs,100.000000,0.921260,1.000000,117
softdis,pdbflex,mmseqs_90,6j2z_F,6j2zB,108,108,mmseqs,100.000000,1.000000,1.000000,108
softdis,pdbflex,mmseqs_90,6jnl_A,6jnmA,101,101,mmseqs,100.000000,1.000000,1.000000,101
softdis,pdbflex,mmseqs_90,1kb2_B,1kb6B,110,110,mmseqs,100.000000,1.000000,1.000000,110
softdis,pdbflex,mmseqs_90,5j0l_A,5j0lA,141,141,mmseqs,100.000000,1.000000,1.000000,141
softdis,pdbflex,mmseqs_90,6ebb_A,6ebbA,120,120,mmseqs,100.000000,1.000000,1.000000,120
softdis,pdbflex,mmseqs_90,6er7_A,6exrA,120,120,mmseqs,100.000000,1.000000,1.000000,120
softdis,pdbflex,mmseqs_90,3ahp_A,3ahpB,108,108,mmseqs,100.000000,1.000000,1.000000,108
softdis,pdbflex,mmseqs_90,1i85_B,1i85A,110,110,mmseqs,100.000000,1.000000,1.000000,110
softdis,pdbflex,mmseqs_90,2pmu_A,2pmuB,110,110,mmseqs,100.000000,1.000000,1.000000,110
softdis,pdbflex,mmseqs_90,4pj1_O,4pj1Z,114,114,mmseqs,100.000000,1.000000,1.000000,114
softdis,pdbflex,mmseqs_90,4hjm_A,4n11A,111,111,mmseqs,100.000000,1.000000,1.000000,111
softdis,pdbflex,mmseqs_90,5aqf_D,5aquB,118,118,mmseqs,100.000000,1.000000,1.000000,118
softdis,pdbflex,mmseqs_90,5j7d_A,5j7dA,112,112,mmseqs,100.000000,1.000000,1.000000,112
softdis,pdbflex,mmseqs_90,5zhc_A,5zi8A,113,113,mmseqs,100.000000,1.000000,1.000000,113
softdis,pdbflex,mmseqs_90,1xw3_A,1xw3A,110,110,mmseqs,100.000000,1.000000,1.000000,110
softdis,pdbflex,mmseqs_90,2gsg_A,2otuA,116,114,mmseqs,100.000000,0.982759,0.991304,114
softdis,pdbflex,mmseqs_90,3jv6_B,3jv6B,107,107,mmseqs,100.000000,1.000000,1.000000,107
softdis,pdbflex,mmseqs_90,3r7n_B,1pyoD,112,104,mmseqs,100.000000,0.928571,0.990476,104
softdis,pdbflex,mmseqs_90,4n9g_C,4jlrC,123,123,mmseqs,100.000000,1.000000,1.000000,123
softdis,pdbflex,mmseqs_90,4yyi_A,4yyhB,108,108,mmseqs,100.000000,1.000000,1.000000,108
softdis,pdbflex,mmseqs_90,6i19_A,6q46A,113,113,mmseqs,100.000000,1.000000,1.000000,113
softdis,pdbflex,mmseqs_90,4rwx_A,4rwwA,114,113,mmseqs,100.000000,0.991228,1.000000,113
softdis,pdbflex,mmseqs_90,5or8_A,4qbmA,106,106,mmseqs,100.000000,1.000000,1.000000,106
softdis,pdbflex,mmseqs_90,5yny_A,5ynxA,128,118,mmseqs,100.000000,0.921875,1.000000,118
softdis,pdbflex,mmseqs_90,7sn6_A,4fxwA,106,106,mmseqs,100.000000,1.000000,1.000000,106
softdis,pdbflex,mmseqs_90,5xe2_A,5xe2A,107,107,mmseqs,100.000000,1.000000,1.000000,107
softdis,pdbflex,mmseqs_90,1bcp_D,1ptoD,110,110,mmseqs,100.000000,1.000000,1.000000,110
softdis,pdbflex,mmseqs_90,4y00_A,4y00A,103,103,mmseqs,100.000000,1.000000,1.000000,103
softdis,pdbflex,mmseqs_90,5x5l_A,5x5lE,109,109,mmseqs,100.000000,1.000000,1.000000,109
softdis,pdbflex,mmseqs_90,6pxb_F,6pxcA,109,109,mmseqs,100.000000,1.000000,1.000000,109
softdis,pdbflex,mmseqs_90,3qkb_A,3qkbA,111,111,mmseqs,100.000000,1.000000,1.000000,111
softdis,pdbflex,mmseqs_90,1gxp_A,1gxqA,106,106,mmseqs,100.000000,1.000000,1.000000,106
softdis,pdbflex,mmseqs_90,2pys_A,2pysB,109,109,mmseqs,100.000000,1.000000,1.000000,109
softdis,pdbflex,mmseqs_90,3dar_A,3cafA,105,100,mmseqs,100.000000,0.952381,1.000000,100
softdis,pdbflex,mmseqs_90,3mlf_A,3mlfA,111,111,mmseqs,100.000000,1.000000,1.000000,111
softdis,pdbflex,mmseqs_90,6app_B,4w2oB,106,106,mmseqs,100.000000,1.000000,1.000000,106
softdis,pdbflex,mmseqs_90,6gbg_D,2gk2B,115,107,mmseqs,100.000000,0.930435,0.963964,107
softdis,pdbflex,mmseqs_90,6ppp_G,3swnF,119,113,mmseqs,100.000000,0.949580,0.965812,113
softdis,pdbflex,mmseqs_90,3nsi_A,3nsiB,101,101,mmseqs,100.000000,1.000000,1.000000,101
softdis,pdbflex,mmseqs_90,3tkz_A,4je4A,109,103,mmseqs,100.000000,0.944954,0.971698,103
softdis,pdbflex,mmseqs_90,1bxa_A,2j55A,105,105,mmseqs,100.000000,1.000000,1.000000,105
softdis,pdbflex,mmseqs_90,3d1m_C,3n1fD,102,102,mmseqs,100.000000,1.000000,1.000000,102
softdis,pdbflex,mmseqs_90,3mop_D,3mopA,110,110,mmseqs,100.000000,1.000000,1.000000,110
softdis,pdbflex,mmseqs_90,4omy_A,4omzC,118,118,mmseqs,100.000000,1.000000,1.000000,118
softdis,pdbflex,mmseqs_90,2puk_C,2pukC,106,106,mmseqs,100.000000,1.000000,1.000000,106
softdis,pdbflex,mmseqs_90,5hk3_A,5hkcA,114,114,mmseqs,100.000000,1.000000,1.000000,114
softdis,pdbflex,mmseqs_90,6aso_G,4c92G,115,115,mmseqs,100.000000,1.000000,1.000000,115
softdis,pdbflex,mmseqs_90,1d4t_A,1d4tA,104,104,mmseqs,100.000000,1.000000,1.000000,104
softdis,pdbflex,mmseqs_90,1nw2_A,1nw2A,105,105,mmseqs,100.000000,1.000000,1.000000,105
softdis,pdbflex,mmseqs_90,4emh_U,4emhA,105,105,mmseqs,100.000000,1.000000,1.000000,105
softdis,pdbflex,mmseqs_90,4k2e_A,4ooiB,112,112,mmseqs,100.000000,1.000000,1.000000,112
softdis,pdbflex,mmseqs_90,4h2t_C,4h2uD,110,110,mmseqs,100.000000,1.000000,1.000000,110
softdis,pdbflex,mmseqs_90,4zk7_M,4zk7Q,111,111,mmseqs,100.000000,1.000000,1.000000,111
softdis,pdbflex,mmseqs_90,6kc4_A,6kc4A,102,102,mmseqs,100.000000,1.000000,1.000000,102
softdis,pdbflex,mmseqs_90,2d00_C,2d00A,109,109,mmseqs,100.000000,1.000000,1.000000,109
softdis,pdbflex,mmseqs_90,5ym6_A,5ym8B,115,108,mmseqs,100.000000,0.939130,1.000000,108
softdis,pdbflex,mmseqs_90,2hd3_A,2hd3B,103,103,mmseqs,100.000000,1.000000,1.000000,103
softdis,pdbflex,mmseqs_90,2pe8_A,2pehA,105,105,mmseqs,100.000000,1.000000,1.000000,105
softdis,pdbflex,mmseqs_90,3k3s_A,3k3sA,105,105,mmseqs,100.000000,1.000000,1.000000,105
softdis,pdbflex,mmseqs_90,3qby_A,3qbyA,94,94,mmseqs,100.000000,1.000000,1.000000,94
softdis,pdbflex,mmseqs_90,3qdo_A,3qdoA,109,109,mmseqs,100.000000,1.000000,1.000000,109
softdis,pdbflex,mmseqs_90,5j7k_A,5j7kB,99,99,mmseqs,100.000000,1.000000,1.000000,99
softdis,pdbflex,mmseqs_90,1ql3_A,1ql4A,99,99,mmseqs,100.000000,1.000000,1.000000,99
softdis,pdbflex,mmseqs_90,3nit_A,3nitA,90,90,mmseqs,100.000000,1.000000,1.000000,90
softdis,pdbflex,mmseqs_90,4jur_I,4hfkB,105,105,mmseqs,100.000000,1.000000,1.000000,105
softdis,pdbflex,mmseqs_90,1ehd_A,1ehhA,89,89,mmseqs,100.000000,1.000000,1.000000,89
softdis,pdbflex,mmseqs_90,2pei_A,2peiD,109,109,mmseqs,100.000000,1.000000,1.000000,109
softdis,pdbflex,mmseqs_90,2wwk_T,2wwmD,102,102,mmseqs,100.000000,1.000000,1.000000,102
softdis,pdbflex,mmseqs_90,4nyo_A,4nyoA,102,102,mmseqs,100.000000,1.000000,1.000000,102
softdis,pdbflex,mmseqs_90,4pw9_B,4pwaD,106,106,mmseqs,100.000000,1.000000,1.000000,106
softdis,pdbflex,mmseqs_90,4q2n_A,4q2nB,103,103,mmseqs,100.000000,1.000000,1.000000,103
softdis,pdbflex,mmseqs_90,6thh_A,6expF,104,104,mmseqs,100.000000,1.000000,1.000000,104
softdis,pdbflex,mmseqs_90,3oei_C,3oeiC,96,96,mmseqs,100.000000,1.000000,1.000000,96
softdis,pdbflex,mmseqs_90,4ygc_B,4ygdH,104,104,mmseqs,100.000000,1.000000,1.000000,104
softdis,pdbflex,mmseqs_90,6el8_A,6el8A,99,99,mmseqs,100.000000,1.000000,1.000000,99
softdis,pdbflex,mmseqs_90,6n3f_C,6n3dA,96,96,mmseqs,100.000000,1.000000,1.000000,96
softdis,pdbflex,mmseqs_90,8eg6_B,3qnwB,109,100,mmseqs,100.000000,0.917431,1.000000,100
softdis,pdbflex,mmseqs_90,1r1u_A,1r1uC,106,106,mmseqs,100.000000,1.000000,1.000000,106
softdis,pdbflex,mmseqs_90,2ql5_B,4lszD,97,97,mmseqs,100.000000,1.000000,0.923810,97
softdis,pdbflex,mmseqs_90,2vkj_A,2vkjA,106,106,mmseqs,100.000000,1.000000,1.000000,106
softdis,pdbflex,mmseqs_90,6o8o_A,6o8oB,111,111,mmseqs,100.000000,1.000000,1.000000,111
softdis,pdbflex,mmseqs_90,1jxg_B,1jxgA,100,100,mmseqs,100.000000,1.000000,1.000000,100
softdis,pdbflex,mmseqs_90,1psr_A,1psrA,100,100,mmseqs,100.000000,1.000000,1.000000,100
softdis,pdbflex,mmseqs_90,1wmg_A,1wmgA,103,103,mmseqs,100.000000,1.000000,1.000000,103
softdis,pdbflex,mmseqs_90,2pr0_A,2pr0A,94,94,mmseqs,100.000000,1.000000,1.000000,94
softdis,pdbflex,mmseqs_90,3oq9_H,3oq9H,100,100,mmseqs,100.000000,1.000000,1.000000,100
softdis,pdbflex,mmseqs_90,3stq_A,3stqA,102,102,mmseqs,100.000000,1.000000,1.000000,102
softdis,pdbflex,mmseqs_90,4h2w_C,4h2wC,103,103,mmseqs,100.000000,1.000000,1.000000,103
softdis,pdbflex,mmseqs_90,4zka_A,4zkaA,100,100,mmseqs,100.000000,1.000000,1.000000,100
softdis,pdbflex,mmseqs_90,5ied_B,5f0eB,88,88,mmseqs,100.000000,1.000000,1.000000,88
softdis,pdbflex,mmseqs_90,5m3d_A,5m3tB,101,101,mmseqs,100.000000,1.000000,1.000000,101
softdis,pdbflex,mmseqs_90,6lbi_C,3co6C,118,100,mmseqs,100.000000,0.847458,1.000000,100
softdis,pdbflex,mmseqs_90,1bt6_B,1a4pA,96,96,mmseqs,100.000000,1.000000,1.000000,96
softdis,pdbflex,mmseqs_90,3kjn_B,3kjnB,95,95,mmseqs,100.000000,1.000000,1.000000,95
softdis,pdbflex,mmseqs_90,5jvh_L,1nkwM,114,114,mmseqs,100.000000,1.000000,1.000000,114
softdis,pdbflex,mmseqs_90,5to4_A,5eg3B,101,97,mmseqs,100.000000,0.960396,0.850877,97
softdis,pdbflex,mmseqs_90,5xpb_D,5xpcB,100,100,mmseqs,100.000000,1.000000,1.000000,100
softdis,pdbflex,mmseqs_90,3oe3_A,3oe3C,98,98,mmseqs,100.000000,1.000000,1.000000,98
softdis,pdbflex,mmseqs_90,1pal_A,1pvbA,108,107,mmseqs,100.000000,0.990741,0.990741,107
softdis,pdbflex,mmseqs_90,2q73_A,2q73C,100,100,mmseqs,100.000000,1.000000,1.000000,100
softdis,pdbflex,mmseqs_90,3b83_A,3b83C,100,100,mmseqs,100.000000,1.000000,1.000000,100
softdis,pdbflex,mmseqs_90,5dft_A,5dftA,101,101,mmseqs,100.000000,1.000000,1.000000,101
softdis,pdbflex,mmseqs_90,2cxk_A,2cxkA,95,95,mmseqs,100.000000,1.000000,1.000000,95
softdis,pdbflex,mmseqs_90,6fia_A,6fiaD,104,104,mmseqs,100.000000,1.000000,1.000000,104
softdis,pdbflex,mmseqs_90,3isw_A,3iswB,99,99,mmseqs,100.000000,1.000000,1.000000,99
softdis,pdbflex,mmseqs_90,4jvz_A,4jvzC,99,99,mmseqs,100.000000,1.000000,1.000000,99
softdis,pdbflex,mmseqs_90,3pqj_A,3pqkB,102,102,mmseqs,100.000000,1.000000,1.000000,102
softdis,pdbflex,mmseqs_90,4dxe_H,4dxeI,101,101,mmseqs,100.000000,1.000000,1.000000,101
softdis,pdbflex,mmseqs_90,4j45_A,4j48A,86,86,mmseqs,100.000000,1.000000,1.000000,86
softdis,pdbflex,mmseqs_90,2hyi_B,2hyiB,91,91,mmseqs,100.000000,1.000000,1.000000,91
softdis,pdbflex,mmseqs_90,3mq1_D,3mq1A,103,103,mmseqs,100.000000,1.000000,1.000000,103
softdis,pdbflex,mmseqs_90,4y5o_A,4fqnA,98,98,mmseqs,100.000000,1.000000,1.000000,98
softdis,pdbflex,mmseqs_90,1owf_A,1owgA,99,99,mmseqs,100.000000,1.000000,1.000000,99
softdis,pdbflex,mmseqs_90,1vp7_C,1vp7B,100,100,mmseqs,100.000000,1.000000,1.000000,100
softdis,pdbflex,mmseqs_90,2qkv_A,2qkvA,96,96,mmseqs,100.000000,1.000000,1.000000,96
softdis,pdbflex,mmseqs_90,2rcf_A,2rcfA,91,91,mmseqs,100.000000,1.000000,1.000000,91
softdis,pdbflex,mmseqs_90,2vph_A,5ez0D,100,92,mmseqs,100.000000,0.920000,0.859813,92
softdis,pdbflex,mmseqs_90,3ulj_A,3uljB,90,90,mmseqs,100.000000,1.000000,1.000000,90
softdis,pdbflex,mmseqs_90,1aue_A,4driB,100,90,mmseqs,100.000000,0.900000,0.918367,90
softdis,pdbflex,mmseqs_90,1kkl_H,1kklJ,100,100,mmseqs,100.000000,1.000000,1.000000,100
softdis,pdbflex,mmseqs_90,3lnx_A,3lnxA,96,96,mmseqs,100.000000,1.000000,1.000000,96
softdis,pdbflex,mmseqs_90,5l37_A,5l37C,95,95,mmseqs,100.000000,1.000000,1.000000,95
softdis,pdbflex,mmseqs_90,1n9s_J,1n9sC,93,93,mmseqs,100.000000,1.000000,1.000000,93
softdis,pdbflex,mmseqs_90,1w2i_A,1v3zA,91,91,mmseqs,100.000000,1.000000,1.000000,91
softdis,pdbflex,mmseqs_90,3mli_A,3mliD,100,100,mmseqs,100.000000,1.000000,1.000000,100
softdis,pdbflex,mmseqs_90,1n5z_A,1jqqB,92,92,mmseqs,100.000000,1.000000,1.000000,92
softdis,pdbflex,mmseqs_90,4hi2_B,6krbA,91,91,mmseqs,100.000000,1.000000,1.000000,91
softdis,pdbflex,mmseqs_90,5csf_A,5csnA,95,95,mmseqs,100.000000,1.000000,1.000000,95
softdis,pdbflex,mmseqs_90,1owf_B,1owfB,94,94,mmseqs,100.000000,1.000000,1.000000,94
softdis,pdbflex,mmseqs_90,1yn4_A,1yn4A,99,99,mmseqs,100.000000,1.000000,1.000000,99
softdis,pdbflex,mmseqs_90,2aib_A,2a8fA,98,98,mmseqs,100.000000,1.000000,1.000000,98
softdis,pdbflex,mmseqs_90,2h3r_A,2oa5B,110,110,mmseqs,100.000000,1.000000,1.000000,110
softdis,pdbflex,mmseqs_90,2x5h_A,2x5hD,97,97,mmseqs,100.000000,1.000000,1.000000,97
softdis,pdbflex,mmseqs_90,2ek1_F,2ek1A,95,95,mmseqs,100.000000,1.000000,1.000000,95
softdis,pdbflex,mmseqs_90,2o94_A,2o94A,112,112,mmseqs,100.000000,1.000000,1.000000,112
softdis,pdbflex,mmseqs_90,4pjo_B,1d3bL,95,91,mmseqs,100.000000,0.957895,1.000000,91
softdis,pdbflex,mmseqs_90,1h0x_A,1h0yA,100,100,mmseqs,100.000000,1.000000,1.000000,100
softdis,pdbflex,mmseqs_90,2qyp_A,2qypB,91,91,mmseqs,100.000000,1.000000,1.000000,91
softdis,pdbflex,mmseqs_90,2wc8_A,2wc8D,95,95,mmseqs,100.000000,1.000000,1.000000,95
softdis,pdbflex,mmseqs_90,3p6y_C,3p5tM,90,90,mmseqs,100.000000,1.000000,1.000000,90
softdis,pdbflex,mmseqs_90,4uow_5,4c4kO,93,93,mmseqs,100.000000,1.000000,0.948980,93
softdis,pdbflex,mmseqs_90,5e1y_A,5e1yA,95,95,mmseqs,100.000000,1.000000,1.000000,95
softdis,pdbflex,mmseqs_90,1mfg_A,2h3lA,95,92,mmseqs,100.000000,0.968421,0.893204,92
softdis,pdbflex,mmseqs_90,5xjr_E,3pgwH,92,92,mmseqs,100.000000,1.000000,1.000000,92
softdis,pdbflex,mmseqs_90,2hnw_E,2hnuA,80,80,mmseqs,100.000000,1.000000,0.987654,80
softdis,pdbflex,mmseqs_90,4lmm_A,4n6xA,91,91,mmseqs,100.000000,1.000000,1.000000,91
softdis,pdbflex,mmseqs_90,4nxp_A,4nxrA,94,94,mmseqs,100.000000,1.000000,1.000000,94
softdis,pdbflex,mmseqs_90,6aso_E,5vsuE,93,93,mmseqs,100.000000,1.000000,0.968750,93
softdis,pdbflex,mmseqs_90,6c12_D,1x6iA,101,87,mmseqs,100.000000,0.861386,0.956044,87
softdis,pdbflex,mmseqs_90,6msv_F,6msvD,92,92,mmseqs,100.000000,1.000000,1.000000,92
softdis,pdbflex,mmseqs_90,6ppn_C,4emgA,95,93,mmseqs,100.000000,0.978947,1.000000,93
softdis,pdbflex,mmseqs_90,5cba_E,4zaiA,88,88,mmseqs,100.000000,1.000000,1.000000,88
softdis,pdbflex,mmseqs_90,3b4d_A,3ucgA,96,88,mmseqs,100.000000,0.916667,0.988764,88
softdis,pdbflex,mmseqs_90,4fxe_D,4fxhB,95,95,mmseqs,100.000000,1.000000,1.000000,95
softdis,pdbflex,mmseqs_90,4qeg_A,5jdjA,91,91,mmseqs,100.000000,1.000000,1.000000,91
softdis,pdbflex,mmseqs_90,5iqq_A,5iqqA,91,91,mmseqs,100.000000,1.000000,1.000000,91
softdis,pdbflex,mmseqs_90,5lsb_B,5lslE,84,84,mmseqs,100.000000,1.000000,1.000000,84
softdis,pdbflex,mmseqs_90,6a77_A,5o5iA,91,89,mmseqs,100.000000,0.978022,0.967391,89
softdis,pdbflex,mmseqs_90,2nwa_A,2nwaA,88,88,mmseqs,100.000000,1.000000,1.000000,88
softdis,pdbflex,mmseqs_90,3hzb_A,3hzbD,90,90,mmseqs,100.000000,1.000000,1.000000,90
softdis,pdbflex,mmseqs_90,1wnr_A,1wnrG,94,94,mmseqs,100.000000,1.000000,1.000000,94
softdis,pdbflex,mmseqs_90,3hug_A,3hugA,92,92,mmseqs,100.000000,1.000000,1.000000,92
softdis,pdbflex,mmseqs_90,4i7a_B,4i7aD,95,95,mmseqs,100.000000,1.000000,1.000000,95
softdis,pdbflex,mmseqs_90,4v0u_E,4v0uE,84,84,mmseqs,100.000000,1.000000,1.000000,84
softdis,pdbflex,mmseqs_90,4wxa_B,4wx8B,94,94,mmseqs,100.000000,1.000000,1.000000,94
softdis,pdbflex,mmseqs_90,4xq3_A,4xq3F,91,91,mmseqs,100.000000,1.000000,1.000000,91
softdis,pdbflex,mmseqs_90,6e55_A,6e55A,90,90,mmseqs,100.000000,1.000000,1.000000,90
softdis,pdbflex,mmseqs_90,6ny6_Y,2a6sB,84,84,mmseqs,100.000000,1.000000,1.000000,84
softdis,pdbflex,mmseqs_90,2djw_I,2djwA,92,92,mmseqs,100.000000,1.000000,1.000000,92
softdis,pdbflex,mmseqs_90,2zug_A,2zugA,90,90,mmseqs,100.000000,1.000000,1.000000,90
softdis,pdbflex,mmseqs_90,1pht_A,1phtA,85,85,mmseqs,100.000000,1.000000,1.000000,85
softdis,pdbflex,mmseqs_90,2j8b_A,2uwrA,79,78,mmseqs,100.000000,0.987342,0.987342,78
softdis,pdbflex,mmseqs_90,2uzc_B,2uzcC,88,88,mmseqs,100.000000,1.000000,1.000000,88
softdis,pdbflex,mmseqs_90,3cw1_F,3pgwF,86,86,mmseqs,100.000000,1.000000,1.000000,86
softdis,pdbflex,mmseqs_90,4kyp_A,1bcgA,84,76,mmseqs,100.000000,0.904762,0.987013,76
softdis,pdbflex,mmseqs_90,4ybh_B,4ybhB,92,92,mmseqs,100.000000,1.000000,1.000000,92
softdis,pdbflex,mmseqs_90,6mye_A,5vwcA,95,91,mmseqs,100.000000,0.957895,0.900990,91
softdis,pdbflex,mmseqs_90,6xnj_A,4jopA,91,87,mmseqs,100.000000,0.956044,1.000000,87
softdis,pdbflex,mmseqs_90,8a58_C,6fgaC,85,85,mmseqs,100.000000,1.000000,0.841584,85
softdis,pdbflex,mmseqs_90,4wk8_G,3qrfF,82,82,mmseqs,100.000000,1.000000,1.000000,82
softdis,pdbflex,mmseqs_90,3hz2_A,5ht9A,84,84,mmseqs,100.000000,1.000000,1.000000,84
softdis,pdbflex,mmseqs_90,6aso_C,3bw1A,97,89,mmseqs,100.000000,0.917526,0.927083,89
softdis,pdbflex,mmseqs_90,6aso_D,4m7dG,93,93,mmseqs,100.000000,1.000000,1.000000,93
softdis,pdbflex,mmseqs_90,6jy5_D,6jy5D,85,85,mmseqs,100.000000,1.000000,1.000000,85
softdis,pdbflex,mmseqs_90,2vsp_A,6eziA,91,85,mmseqs,100.000000,0.934066,0.955056,85
softdis,pdbflex,mmseqs_90,3bq7_A,3bq7C,81,81,mmseqs,100.000000,1.000000,1.000000,81
softdis,pdbflex,mmseqs_90,3kfd_I,6macK,85,80,mmseqs,100.000000,0.941176,1.000000,80
softdis,pdbflex,mmseqs_90,3vp8_B,3vp8B,92,92,mmseqs,100.000000,1.000000,1.000000,92
softdis,pdbflex,mmseqs_90,5tda_A,3ny2D,76,75,mmseqs,100.000000,0.986842,1.000000,75
softdis,pdbflex,mmseqs_90,1p78_A,1p71A,94,94,mmseqs,100.000000,1.000000,1.000000,94
softdis,pdbflex,mmseqs_90,3r84_B,3r84V,92,92,mmseqs,100.000000,1.000000,1.000000,92
softdis,pdbflex,mmseqs_90,6f63_A,6f63A,98,98,mmseqs,100.000000,1.000000,1.000000,98
softdis,pdbflex,mmseqs_90,3qmb_A,3qmbA,79,79,mmseqs,100.000000,1.000000,1.000000,79
softdis,pdbflex,mmseqs_90,3t6r_A,3t6rA,72,72,mmseqs,100.000000,1.000000,1.000000,72
softdis,pdbflex,mmseqs_90,4bl6_A,4bl6C,94,94,mmseqs,100.000000,1.000000,1.000000,94
softdis,pdbflex,mmseqs_90,5yts_A,6a6lA,83,83,mmseqs,100.000000,1.000000,1.000000,83
softdis,pdbflex,mmseqs_90,6o8q_A,6o8qB,91,91,mmseqs,100.000000,1.000000,1.000000,91
softdis,pdbflex,mmseqs_90,5zjr_A,5zjrA,84,84,mmseqs,100.000000,1.000000,1.000000,84
softdis,pdbflex,mmseqs_90,4icu_A,4icvA,85,85,mmseqs,100.000000,1.000000,1.000000,85
softdis,pdbflex,mmseqs_90,4oml_A,4omlA,78,78,mmseqs,100.000000,1.000000,1.000000,78
softdis,pdbflex,mmseqs_90,5x3p_A,5x3pA,83,83,mmseqs,100.000000,1.000000,1.000000,83
softdis,pdbflex,mmseqs_90,6g6j_A,6g6kA,94,94,mmseqs,100.000000,1.000000,1.000000,94
softdis,pdbflex,mmseqs_90,3zie_A,3zieB,86,86,mmseqs,100.000000,1.000000,1.000000,86
softdis,pdbflex,mmseqs_90,2rb3_A,3bqpA,85,78,mmseqs,100.000000,0.917647,0.975000,78
softdis,pdbflex,mmseqs_90,5eyo_A,5eyoC,88,88,mmseqs,100.000000,1.000000,1.000000,88
softdis,pdbflex,mmseqs_90,2yhn_A,2yhoE,79,79,mmseqs,100.000000,1.000000,1.000000,79
softdis,pdbflex,mmseqs_90,5gnj_G,5gnjB,89,89,mmseqs,100.000000,1.000000,1.000000,89
softdis,pdbflex,mmseqs_90,6aso_F,5vsuF,88,88,mmseqs,100.000000,1.000000,1.000000,88
softdis,pdbflex,mmseqs_90,6mpf_S,5wnpS,80,80,mmseqs,100.000000,1.000000,0.987654,80
softdis,pdbflex,mmseqs_90,1wp8_B,1wp8A,89,89,mmseqs,100.000000,1.000000,1.000000,89
softdis,pdbflex,mmseqs_90,4hwc_A,4hwcB,89,89,mmseqs,100.000000,1.000000,1.000000,89
softdis,pdbflex,mmseqs_90,5eki_A,5ekiE,79,79,mmseqs,100.000000,1.000000,1.000000,79
softdis,pdbflex,mmseqs_90,1gcp_A,1gcqC,70,70,mmseqs,100.000000,1.000000,1.000000,70
softdis,pdbflex,mmseqs_90,1b4f_A,1b4fB,82,82,mmseqs,100.000000,1.000000,1.000000,82
softdis,pdbflex,mmseqs_90,1gua_B,4g0nB,81,78,mmseqs,100.000000,0.962963,1.000000,78
softdis,pdbflex,mmseqs_90,2v6x_A,5fvlA,85,83,mmseqs,100.000000,0.976471,1.000000,83
softdis,pdbflex,mmseqs_90,4pyu_A,4pyuA,76,76,mmseqs,100.000000,1.000000,1.000000,76
softdis,pdbflex,mmseqs_90,4z88_G,4z88D,73,73,mmseqs,100.000000,1.000000,1.000000,73
softdis,pdbflex,mmseqs_90,5jxc_B,5jxcA,92,92,mmseqs,100.000000,1.000000,1.000000,92
softdis,pdbflex,mmseqs_90,5v6h_A,5v6hE,79,79,mmseqs,100.000000,1.000000,1.000000,79
softdis,pdbflex,mmseqs_90,5whf_C,5whfC,90,90,mmseqs,100.000000,1.000000,1.000000,90
softdis,pdbflex,mmseqs_90,7ulg_A,2ctxA,72,71,mmseqs,100.000000,0.986111,1.000000,71
softdis,pdbflex,mmseqs_90,1mo1_A,1mo1B,87,87,mmseqs,100.000000,1.000000,1.000000,87
softdis,pdbflex,mmseqs_90,1r6j_A,1r6jA,82,82,mmseqs,100.000000,1.000000,1.000000,82
softdis,pdbflex,mmseqs_90,1zg5_E,1je8E,82,82,mmseqs,100.000000,1.000000,1.000000,82
softdis,pdbflex,mmseqs_90,1zke_A,1zkeD,83,83,mmseqs,100.000000,1.000000,1.000000,83
softdis,pdbflex,mmseqs_90,5izs_A,5izsC,95,95,mmseqs,100.000000,1.000000,1.000000,95
softdis,pdbflex,mmseqs_90,5wb2_B,5wb2B,76,76,mmseqs,100.000000,1.000000,1.000000,76
softdis,pdbflex,mmseqs_90,2cvi_A,2cviA,83,83,mmseqs,100.000000,1.000000,1.000000,83
softdis,pdbflex,mmseqs_90,3vfz_A,3vepH,86,86,mmseqs,100.000000,1.000000,1.000000,86
softdis,pdbflex,mmseqs_90,1zzi_A,1zziA,82,82,mmseqs,100.000000,1.000000,1.000000,82
softdis,pdbflex,mmseqs_90,3zdm_C,3zdmC,81,81,mmseqs,100.000000,1.000000,1.000000,81
softdis,pdbflex,mmseqs_90,6bug_A,6buhA,82,82,mmseqs,100.000000,1.000000,1.000000,82
softdis,pdbflex,mmseqs_90,1dok_A,1dokA,77,77,mmseqs,100.000000,1.000000,1.000000,77
softdis,pdbflex,mmseqs_90,1nkn_A,3basB,89,89,mmseqs,100.000000,1.000000,1.000000,89
softdis,pdbflex,mmseqs_90,1th7_K,1th7A,81,81,mmseqs,100.000000,1.000000,1.000000,81
softdis,pdbflex,mmseqs_90,5c13_A,5wxhA,64,63,mmseqs,100.000000,0.984375,1.000000,63
softdis,pdbflex,mmseqs_90,3hvz_A,3hvzA,78,78,mmseqs,100.000000,1.000000,1.000000,78
softdis,pdbflex,mmseqs_90,4w4m_A,4w4mH,78,78,mmseqs,100.000000,1.000000,1.000000,78
softdis,pdbflex,mmseqs_90,6xa9_B,5w8uB,80,77,mmseqs,100.000000,0.962500,0.974684,77
softdis,pdbflex,mmseqs_90,1n8e_A,1fzaA,89,87,mmseqs,100.000000,0.977528,1.000000,87
softdis,pdbflex,mmseqs_90,2bwe_S,2bwfA,77,77,mmseqs,100.000000,1.000000,1.000000,77
softdis,pdbflex,mmseqs_90,2ybr_C,2ybrI,66,66,mmseqs,100.000000,1.000000,1.000000,66
softdis,pdbflex,mmseqs_90,3qv1_G,6kezM,82,78,mmseqs,100.000000,0.951220,0.975000,78
softdis,pdbflex,mmseqs_90,4q9u_C,4q9uG,92,92,mmseqs,100.000000,1.000000,1.000000,92
softdis,pdbflex,mmseqs_90,6ryl_C,6rydA,76,76,mmseqs,100.000000,1.000000,1.000000,76
softdis,pdbflex,mmseqs_90,2zbc_A,2zbcA,83,83,mmseqs,100.000000,1.000000,1.000000,83
softdis,pdbflex,mmseqs_90,4hwh_A,4hwhE,88,88,mmseqs,100.000000,1.000000,1.000000,88
softdis,pdbflex,mmseqs_90,1rp3_D,1rp3B,88,88,mmseqs,100.000000,1.000000,1.000000,88
softdis,pdbflex,mmseqs_90,2ibz_H,1kb9F,74,74,mmseqs,100.000000,1.000000,1.000000,74
softdis,pdbflex,mmseqs_90,4x8w_A,4x8wE,75,75,mmseqs,100.000000,1.000000,1.000000,75
softdis,pdbflex,mmseqs_90,5lb7_B,5lb7B,80,80,mmseqs,100.000000,1.000000,1.000000,80
softdis,pdbflex,mmseqs_90,3obh_A,4g06A,82,73,mmseqs,100.000000,0.890244,0.924051,73
softdis,pdbflex,mmseqs_90,4aei_A,4aeiA,65,64,mmseqs,100.000000,0.984615,0.984615,64
softdis,pdbflex,mmseqs_90,6gfq_C,6gfoE,77,77,mmseqs,100.000000,1.000000,1.000000,77
softdis,pdbflex,mmseqs_90,6pce_A,6pceB,70,70,mmseqs,100.000000,1.000000,1.000000,70
softdis,pdbflex,mmseqs_90,5f5t_C,5f5tC,84,84,mmseqs,100.000000,1.000000,1.000000,84
softdis,pdbflex,mmseqs_90,7cqv_E,3ucwD,80,77,mmseqs,100.000000,0.962500,0.974684,77
softdis,pdbflex,mmseqs_90,8kg2_M,3r3mA,76,76,mmseqs,100.000000,1.000000,0.894118,76
softdis,pdbflex,mmseqs_90,3soh_B,3sohB,80,80,mmseqs,100.000000,1.000000,1.000000,80
softdis,pdbflex,mmseqs_90,4e2i_4,4e2i2,78,78,mmseqs,100.000000,1.000000,1.000000,78
softdis,pdbflex,mmseqs_90,5ydk_A,5ydkF,87,87,mmseqs,100.000000,1.000000,1.000000,87
softdis,pdbflex,mmseqs_90,6ppp_F,4emkB,77,75,mmseqs,100.000000,0.974026,1.000000,75
softdis,pdbflex,mmseqs_90,3vke_A,3vkeA,76,76,mmseqs,100.000000,1.000000,1.000000,76
softdis,pdbflex,mmseqs_90,4uus_F,5zjrB,76,73,mmseqs,100.000000,0.960526,0.986486,73
softdis,pdbflex,mmseqs_90,5ako_B,3vpvA,77,77,mmseqs,100.000000,1.000000,0.905882,77
softdis,pdbflex,mmseqs_90,5xjr_G,3pgwG,76,76,mmseqs,100.000000,1.000000,1.000000,76
softdis,pdbflex,mmseqs_90,6nf3_A,6dxrB,83,83,mmseqs,100.000000,1.000000,1.000000,83
softdis,pdbflex,mmseqs_90,1va7_A,1ruwA,70,69,mmseqs,100.000000,0.985714,1.000000,69
softdis,pdbflex,mmseqs_90,3gtj_J,4c3jJ,70,70,mmseqs,100.000000,1.000000,1.000000,70
softdis,pdbflex,mmseqs_90,3kvp_A,3kvpD,72,72,mmseqs,100.000000,1.000000,1.000000,72
softdis,pdbflex,mmseqs_90,1ppj_U,5nmiU,78,78,mmseqs,100.000000,1.000000,0.857143,78
softdis,pdbflex,mmseqs_90,3trt_A,3trtA,77,77,mmseqs,100.000000,1.000000,1.000000,77
softdis,pdbflex,mmseqs_90,6cfx_A,6cfxD,80,80,mmseqs,100.000000,1.000000,1.000000,80
softdis,pdbflex,mmseqs_90,3nm9_A,3nm9A,73,73,mmseqs,100.000000,1.000000,1.000000,73
softdis,pdbflex,mmseqs_90,4cc4_B,4cc4B,68,68,mmseqs,100.000000,1.000000,1.000000,68
softdis,pdbflex,mmseqs_90,2er8_A,2er8A,72,72,mmseqs,100.000000,1.000000,1.000000,72
softdis,pdbflex,mmseqs_90,5mki_B,5mknd,72,72,mmseqs,100.000000,1.000000,1.000000,72
softdis,pdbflex,mmseqs_90,2zqk_M,2zqkM,77,77,mmseqs,100.000000,1.000000,1.000000,77
softdis,pdbflex,mmseqs_90,6hc2_B,6hc2B,71,71,mmseqs,100.000000,1.000000,1.000000,71
softdis,pdbflex,mmseqs_90,3ebx_A,6ebxA,62,62,mmseqs,100.000000,1.000000,1.000000,62
softdis,pdbflex,mmseqs_90,4m8a_A,4m8aB,72,72,mmseqs,100.000000,1.000000,1.000000,72
softdis,pdbflex,mmseqs_90,6u0j_B,6n3pK,85,77,mmseqs,100.000000,0.905882,0.962500,77
softdis,pdbflex,mmseqs_90,1wdx_A,1tg0A,69,68,mmseqs,100.000000,0.985507,1.000000,68
softdis,pdbflex,mmseqs_90,3zpv_1,3zpv1,62,62,mmseqs,100.000000,1.000000,1.000000,62
softdis,pdbflex,mmseqs_90,5mnj_D,5mnjH,64,64,mmseqs,100.000000,1.000000,1.000000,64
softdis,pdbflex,mmseqs_90,4lhx_C,4lhzE,78,78,mmseqs,100.000000,1.000000,1.000000,78
softdis,pdbflex,mmseqs_90,4yg1_A,4yg1A,72,72,mmseqs,100.000000,1.000000,1.000000,72
softdis,pdbflex,mmseqs_90,4bdt_B,1fssB,61,61,mmseqs,100.000000,1.000000,1.000000,61
softdis,pdbflex,mmseqs_90,4yxa_B,4yx1A,70,70,mmseqs,100.000000,1.000000,1.000000,70
softdis,pdbflex,mmseqs_90,4zm0_A,3k33C,73,73,mmseqs,100.000000,1.000000,1.000000,73
softdis,pdbflex,mmseqs_90,4rqm_A,4rqmA,71,71,mmseqs,100.000000,1.000000,1.000000,71
softdis,pdbflex,mmseqs_90,5i44_B,5i44B,69,69,mmseqs,100.000000,1.000000,1.000000,69
softdis,pdbflex,mmseqs_90,5lxo_F,5lxoC,81,81,mmseqs,100.000000,1.000000,1.000000,81
softdis,pdbflex,mmseqs_90,6ama_A,6amaY,71,71,mmseqs,100.000000,1.000000,1.000000,71
softdis,pdbflex,mmseqs_90,2rjv_A,2rjvA,67,67,mmseqs,100.000000,1.000000,1.000000,67
softdis,pdbflex,mmseqs_90,2zi0_A,2zi0A,75,75,mmseqs,100.000000,1.000000,1.000000,75
softdis,pdbflex,mmseqs_90,3iv1_C,3iv1A,78,78,mmseqs,100.000000,1.000000,1.000000,78
softdis,pdbflex,mmseqs_90,1eja_B,1c9tG,59,59,mmseqs,100.000000,1.000000,1.000000,59
softdis,pdbflex,mmseqs_90,3byb_B,3bybA,59,59,mmseqs,100.000000,1.000000,1.000000,59
softdis,pdbflex,mmseqs_90,6gbq_A,6gbqA,71,71,mmseqs,100.000000,1.000000,1.000000,71
softdis,pdbflex,mmseqs_90,1fse_A,1fseB,74,74,mmseqs,100.000000,1.000000,1.000000,74
softdis,pdbflex,mmseqs_90,3bid_H,3bidE,64,64,mmseqs,100.000000,1.000000,1.000000,64
softdis,pdbflex,mmseqs_90,3lyv_E,3lyvA,66,66,mmseqs,100.000000,1.000000,1.000000,66
softdis,pdbflex,mmseqs_90,4wci_A,4wciC,65,65,mmseqs,100.000000,1.000000,1.000000,65
softdis,pdbflex,mmseqs_90,6rfk_E,6rfkE,62,62,mmseqs,100.000000,1.000000,1.000000,62
softdis,pdbflex,mmseqs_90,2w10_A,2w10B,62,62,mmseqs,100.000000,1.000000,1.000000,62
softdis,pdbflex,mmseqs_90,3nmd_A,3nmdA,72,72,mmseqs,100.000000,1.000000,1.000000,72
softdis,pdbflex,mmseqs_90,3qo2_A,3qo2A,64,64,mmseqs,100.000000,1.000000,1.000000,64
softdis,pdbflex,mmseqs_90,3zqm_G,3zqnI,72,72,mmseqs,100.000000,1.000000,1.000000,72
softdis,pdbflex,mmseqs_90,4b6d_A,4b6dA,61,61,mmseqs,100.000000,1.000000,1.000000,61
softdis,pdbflex,mmseqs_90,3a7o_A,3a7oE,75,75,mmseqs,100.000000,1.000000,1.000000,75
softdis,pdbflex,mmseqs_90,2f5z_K,2f60K,64,64,mmseqs,100.000000,1.000000,1.000000,64
softdis,pdbflex,mmseqs_90,3pmk_N,3pmkN,68,68,mmseqs,100.000000,1.000000,1.000000,68
softdis,pdbflex,mmseqs_90,6dm9_A,6dm9A,78,77,mmseqs,100.000000,0.987179,0.987179,77
softdis,pdbflex,mmseqs_90,6dm9_B,6dm9B,78,78,mmseqs,100.000000,1.000000,1.000000,78
softdis,pdbflex,mmseqs_90,2xdj_A,2wz7B,83,75,mmseqs,100.000000,0.903614,1.000000,75
softdis,pdbflex,mmseqs_90,6msq_A,6msqB,76,76,mmseqs,100.000000,1.000000,1.000000,76
softdis,pdbflex,mmseqs_90,1kli_L,5l2zL,69,58,mmseqs,100.000000,0.840580,1.000000,58
softdis,pdbflex,mmseqs_90,2r1j_L,3jxbC,68,67,mmseqs,100.000000,0.985294,1.000000,67
softdis,pdbflex,mmseqs_90,2yf2_A,2yf2C,65,65,mmseqs,100.000000,1.000000,1.000000,65
softdis,pdbflex,mmseqs_90,3cjh_B,3cjhB,64,64,mmseqs,100.000000,1.000000,1.000000,64
softdis,pdbflex,mmseqs_90,5np5_A,5np3D,61,61,mmseqs,100.000000,1.000000,1.000000,61
softdis,pdbflex,mmseqs_90,7ciz_C,5bnvF,70,70,mmseqs,100.000000,1.000000,1.000000,70
softdis,pdbflex,mmseqs_90,1aap_A,1zjdB,58,56,mmseqs,100.000000,0.965517,0.982456,56
softdis,pdbflex,mmseqs_90,1per_L,2or1L,69,69,mmseqs,100.000000,1.000000,1.000000,69
softdis,pdbflex,mmseqs_90,2xj3_A,2xiuA,66,66,mmseqs,100.000000,1.000000,1.000000,66
softdis,pdbflex,mmseqs_90,1b6w_A,1b6wA,69,69,mmseqs,100.000000,1.000000,1.000000,69
softdis,pdbflex,mmseqs_90,1ojh_A,1ojhD,65,65,mmseqs,100.000000,1.000000,1.000000,65
softdis,pdbflex,mmseqs_90,2drm_A,2drkA,58,57,mmseqs,100.000000,0.982759,0.966102,57
softdis,pdbflex,mmseqs_90,5xop_A,5xopA,66,66,mmseqs,100.000000,1.000000,1.000000,66
softdis,pdbflex,mmseqs_90,2fpe_G,2fpeA,62,62,mmseqs,100.000000,1.000000,1.000000,62
softdis,pdbflex,mmseqs_90,2htm_E,2cu3B,64,64,mmseqs,100.000000,1.000000,1.000000,64
softdis,pdbflex,mmseqs_90,7tpb_A,2j05A,66,61,mmseqs,100.000000,0.924242,0.938462,61
softdis,pdbflex,mmseqs_90,4u39_N,4u39J,60,60,mmseqs,100.000000,1.000000,1.000000,60
softdis,pdbflex,mmseqs_90,4x8u_L,5l2zL,55,55,mmseqs,100.000000,1.000000,0.948276,55
softdis,pdbflex,mmseqs_90,1i07_A,1aojA,60,60,mmseqs,100.000000,1.000000,1.000000,60
softdis,pdbflex,mmseqs_90,3sja_C,3sjaC,65,65,mmseqs,100.000000,1.000000,1.000000,65
softdis,pdbflex,mmseqs_90,4f2j_C,3uk3D,57,57,mmseqs,100.000000,1.000000,1.000000,57
softdis,pdbflex,mmseqs_90,5ytq_C,5ytqA,77,77,mmseqs,100.000000,1.000000,1.000000,77
softdis,pdbflex,mmseqs_90,1gto_A,1gtoA,62,62,mmseqs,100.000000,1.000000,1.000000,62
softdis,pdbflex,mmseqs_90,1yn8_A,1yn8A,59,59,mmseqs,100.000000,1.000000,1.000000,59
softdis,pdbflex,mmseqs_90,3m06_A,3m0dA,72,66,mmseqs,100.000000,0.916667,1.000000,66
softdis,pdbflex,mmseqs_90,3u7u_K,3u7uH,55,55,mmseqs,100.000000,1.000000,1.000000,55
softdis,pdbflex,mmseqs_90,4ji2_N,4ji0N,61,61,mmseqs,100.000000,1.000000,1.000000,61
softdis,pdbflex,mmseqs_90,5cci_B,1n7sB,67,66,mmseqs,100.000000,0.985075,0.970588,66
softdis,pdbflex,mmseqs_90,5ih2_A,1b07A,58,57,mmseqs,100.000000,0.982759,0.876923,57
softdis,pdbflex,mmseqs_90,6iya_A,6iyaF,66,66,mmseqs,100.000000,1.000000,1.000000,66
softdis,pdbflex,mmseqs_90,1fr3_H,1fr3A,67,67,mmseqs,100.000000,1.000000,1.000000,67
softdis,pdbflex,mmseqs_90,1gut_C,1gunA,68,68,mmseqs,100.000000,1.000000,1.000000,68
softdis,pdbflex,mmseqs_90,2bay_A,2bayE,61,61,mmseqs,100.000000,1.000000,1.000000,61
softdis,pdbflex,mmseqs_90,2bmg_A,3tk5B,53,53,mmseqs,100.000000,1.000000,0.981481,53
softdis,pdbflex,mmseqs_90,6j4k_A,6j4kA,60,60,mmseqs,100.000000,1.000000,1.000000,60
softdis,pdbflex,mmseqs_90,5zi6_A,5zi6A,55,55,mmseqs,100.000000,1.000000,1.000000,55
softdis,pdbflex,mmseqs_90,6n6s_B,6n6sD,72,72,mmseqs,100.000000,1.000000,1.000000,72
softdis,pdbflex,mmseqs_90,6dfy_C,6a8rB,64,60,mmseqs,100.000000,0.937500,1.000000,60
softdis,pdbflex,mmseqs_90,1bu1_A,1bu1A,57,57,mmseqs,100.000000,1.000000,1.000000,57
softdis,pdbflex,mmseqs_90,1gd2_E,1gd2E,70,70,mmseqs,100.000000,1.000000,1.000000,70
softdis,pdbflex,mmseqs_90,5vyg_B,5vygB,50,50,mmseqs,100.000000,1.000000,1.000000,50
softdis,pdbflex,mmseqs_90,2vi6_F,2vi6A,62,62,mmseqs,100.000000,1.000000,1.000000,62
softdis,pdbflex,mmseqs_90,4rkg_A,4rkhD,52,52,mmseqs,100.000000,1.000000,1.000000,52
softdis,pdbflex,mmseqs_90,4mn3_A,4x3kA,56,56,mmseqs,100.000000,1.000000,0.875000,56
softdis,pdbflex,mmseqs_90,4tsf_I,2v7qJ,66,66,mmseqs,100.000000,1.000000,1.000000,66
softdis,pdbflex,mmseqs_90,6d07_A,6d07A,55,55,mmseqs,100.000000,1.000000,1.000000,55
softdis,pdbflex,mmseqs_90,6gqa_A,6gqnA,62,62,mmseqs,100.000000,1.000000,1.000000,62
softdis,pdbflex,mmseqs_90,6od3_A,6od5A,62,62,mmseqs,100.000000,1.000000,1.000000,62
softdis,pdbflex,mmseqs_90,4n4n_B,4n4oD,57,57,mmseqs,100.000000,1.000000,1.000000,57
softdis,pdbflex,mmseqs_90,4w7y_A,4w7yA,64,64,mmseqs,100.000000,1.000000,1.000000,64
softdis,pdbflex,mmseqs_90,2x7a_K,2x7aA,61,61,mmseqs,100.000000,1.000000,1.000000,61
softdis,pdbflex,mmseqs_90,5kko_A,5kkoC,55,55,mmseqs,100.000000,1.000000,1.000000,55
softdis,pdbflex,mmseqs_90,2y20_A,2y20C,58,58,mmseqs,100.000000,1.000000,1.000000,58
softdis,pdbflex,mmseqs_90,6uci_A,6uciD,68,68,mmseqs,100.000000,1.000000,1.000000,68
softdis,pdbflex,mmseqs_90,5t01_A,5t01A,64,64,mmseqs,100.000000,1.000000,1.000000,64
softdis,pdbflex,mmseqs_90,6mry_A,6mryA,48,48,mmseqs,100.000000,1.000000,1.000000,48
softdis,pdbflex,mmseqs_90,1kql_A,1kqlA,56,56,mmseqs,100.000000,1.000000,1.000000,56
softdis,pdbflex,mmseqs_90,2bnz_D,2bnwB,53,53,mmseqs,100.000000,1.000000,1.000000,53
softdis,pdbflex,mmseqs_90,3a1y_A,3a1yA,58,58,mmseqs,100.000000,1.000000,1.000000,58
softdis,pdbflex,mmseqs_90,3szs_A,3szsB,46,46,mmseqs,100.000000,1.000000,1.000000,46
softdis,pdbflex,mmseqs_90,5ylg_A,4pxvC,49,49,mmseqs,100.000000,1.000000,1.000000,49
softdis,pdbflex,mmseqs_90,2ltn_B,1rinD,52,49,mmseqs,100.000000,0.942308,1.000000,49
softdis,pdbflex,mmseqs_90,2rkl_A,2rklA,53,53,mmseqs,100.000000,1.000000,1.000000,53
softdis,pdbflex,mmseqs_90,5u96_A,5u96A,52,52,mmseqs,100.000000,1.000000,1.000000,52
softdis,pdbflex,mmseqs_90,4fz0_M,4fz0O,40,40,mmseqs,100.000000,1.000000,1.000000,40
softdis,pdbflex,mmseqs_90,4z6y_C,4z6yH,56,56,mmseqs,100.000000,1.000000,1.000000,56
softdis,pdbflex,mmseqs_90,2vut_I,2vusM,43,43,mmseqs,100.000000,1.000000,1.000000,43
softdis,pdbflex,mmseqs_90,2wx4_A,2wx4D,46,46,mmseqs,100.000000,1.000000,1.000000,46
softdis,pdbflex,mmseqs_90,4mon_A,1krlA,45,44,mmseqs,100.000000,0.977778,1.000000,44
softdis,pdbflex,mmseqs_90,3m9h_A,3m91A,55,51,mmseqs,100.000000,0.927273,1.000000,51
softdis,pdbflex,mmseqs_90,1fbm_A,1vdfA,46,46,mmseqs,100.000000,1.000000,1.000000,46
softdis,pdbflex,mmseqs_90,6aup_A,6aupA,38,38,mmseqs,100.000000,1.000000,1.000000,38
softdis,pdbflex,mmseqs_90,2ho2_A,2oeiA,38,38,mmseqs,100.000000,1.000000,1.000000,38
softdis,pdbflex,mmseqs_90,5cx2_D,5cx2A,49,49,mmseqs,100.000000,1.000000,0.890909,49
softdis,pdbflex,mmseqs_90,4r4l_A,4r4lC,49,49,mmseqs,100.000000,1.000000,1.000000,49
softdis,pdbflex,mmseqs_90,3vux_E,3vuxG,35,35,mmseqs,100.000000,1.000000,1.000000,35
softdis,pdbflex,mmseqs_90,4aoq_D,4aoqE,37,37,mmseqs,100.000000,1.000000,1.000000,37
softdis,pdbflex,mmseqs_90,4d2h_A,4d2hA,38,38,mmseqs,100.000000,1.000000,1.000000,38
softdis,pdbflex,mmseqs_90,1nwx_4,3dll4,37,37,mmseqs,100.000000,1.000000,1.000000,37
softdis,pdbflex,mmseqs_90,3aae_Y,3aaeX,37,37,mmseqs,100.000000,1.000000,1.000000,37
softdis,pdbflex,mmseqs_90,4gdo_A,4gdoA,43,43,mmseqs,100.000000,1.000000,1.000000,43
softdis,pdbflex,mmseqs_90,5u52_E,1oqoC,34,34,mmseqs,100.000000,1.000000,1.000000,34
softdis,pdbflex,mmseqs_90,1zmk_B,1zmhA,29,29,mmseqs,100.000000,1.000000,1.000000,29
softdis,pdbflex,mmseqs_90,3rl0_Q,3rl0M,37,37,mmseqs,100.000000,1.000000,1.000000,37
softdis,pdbflex,mmseqs_90,5f5u_C,5f5uC,36,36,mmseqs,100.000000,1.000000,1.000000,36
softdis,pdbflex,mmseqs_90,1zv8_B,6lvnB,36,36,mmseqs,100.000000,1.000000,1.000000,36
softdis,pdbflex,mmseqs_90,4auv_A,4auvA,35,35,mmseqs,100.000000,1.000000,1.000000,35
softdis,pdbflex,mmseqs_90,2r2v_A,2r2vA,34,34,mmseqs,100.000000,1.000000,1.000000,34
softdis,pdbflex,mmseqs_90,4qae_P,4qaeP,25,25,mmseqs,100.000000,1.000000,1.000000,25
softdis,pdbflex,mmseqs_90,2afq_C,6p9uC,29,28,mmseqs,100.000000,0.965517,0.903226,28
softdis,pdbflex,mmseqs_90,2wfv_A,2wfvA,25,25,mmseqs,100.000000,1.000000,1.000000,25
softdis,pdbflex,mmseqs_90,4riq_C,4riqC,27,27,mmseqs,100.000000,1.000000,1.000000,27
softdis,pdbflex,mmseqs_90,1i5k_C,1i5kC,30,30,mmseqs,100.000000,1.000000,1.000000,30
softdis,pdbflex,mmseqs_90,5c6h_T,5c6hD,26,26,mmseqs,100.000000,1.000000,1.000000,26
softdis,pdbflex,mmseqs_90,4lop_K,4loqL,29,29,mmseqs,100.000000,1.000000,1.000000,29
softdis,pdbflex,mmseqs_90,4j4a_A,4j4aA,27,27,mmseqs,100.000000,1.000000,1.000000,27
softdis,pdbflex,mmseqs_90,5wob_a,2qiuA,20,20,mmseqs,100.000000,1.000000,0.909091,20
softdis,pdbflex,mmseqs_90,7m5c_B,2jbyB,25,22,mmseqs,100.000000,0.880000,0.846154,22
softdis,pdbflex,mmseqs_90,5jhc_f,5jhcA,24,24,mmseqs,100.000000,1.000000,1.000000,24
softdis,pdbflex,mmseqs_90,5uyr_A,5akpB,640,640,mmseqs,99.800000,1.000000,1.000000,640
softdis,pdbflex,mmseqs_90,5kj5_A,5kloA,520,520,mmseqs,99.800000,1.000000,1.000000,520
softdis,pdbflex,mmseqs_90,3ibr_A,3nouC,505,505,mmseqs,99.800000,1.000000,1.000000,505
softdis,pdbflex,mmseqs_90,4lqq_D,5nclA,508,508,mmseqs,99.800000,1.000000,1.000000,508
softdis,pdbflex,mmseqs_90,4v37_A,4v3fA,497,497,mmseqs,99.700000,1.000000,1.000000,497
softdis,pdbflex,mmseqs_90,4go3_H,4go4A,495,495,mmseqs,99.700000,1.000000,1.000000,495
softdis,pdbflex,mmseqs_90,2w8n_A,2w8pA,487,487,mmseqs,99.700000,1.000000,1.000000,487
softdis,pdbflex,mmseqs_90,2euh_A,2id2C,475,475,mmseqs,99.700000,1.000000,1.000000,475
softdis,pdbflex,mmseqs_90,3cv8_A,2zbzA,412,412,mmseqs,99.700000,1.000000,1.000000,412
softdis,pdbflex,mmseqs_90,4l77_A,4fyzA,398,398,mmseqs,99.700000,1.000000,1.000000,398
softdis,pdbflex,mmseqs_90,5de9_A,2d0eA,410,406,mmseqs,99.700000,0.990244,0.997543,406
softdis,pdbflex,mmseqs_90,1z8o_A,1z8pA,404,404,mmseqs,99.700000,1.000000,1.000000,404
softdis,pdbflex,mmseqs_90,1how_A,1q8zB,373,373,mmseqs,99.700000,1.000000,1.000000,373
softdis,pdbflex,mmseqs_90,3pew_A,3peyA,395,395,mmseqs,99.700000,1.000000,1.000000,395
softdis,pdbflex,mmseqs_90,6ln1_B,4azeA,347,346,mmseqs,99.700000,1.000000,0.905759,347
softdis,pdbflex,mmseqs_90,2hvy_A,2rfkA,346,334,mmseqs,99.700000,0.965318,1.000000,334
softdis,pdbflex,mmseqs_90,3rhj_C,3rhrA,517,517,mmseqs,99.600000,1.000000,1.000000,517
softdis,pdbflex,mmseqs_90,4ccb_A,3lctA,327,318,mmseqs,99.600000,0.972477,0.924419,318
softdis,pdbflex,mmseqs_90,6cj5_A,2ac3A,316,316,mmseqs,99.600000,1.000000,1.000000,316
softdis,pdbflex,mmseqs_90,2ycr_A,4bdiA,323,323,mmseqs,99.600000,1.000000,0.981763,323
softdis,pdbflex,mmseqs_90,4c8b_A,6s1fA,334,310,mmseqs,99.600000,0.928144,0.977918,310
softdis,pdbflex,mmseqs_90,2w9f_B,2w99B,306,306,mmseqs,99.600000,1.000000,1.000000,306
softdis,pdbflex,mmseqs_90,1zyc_A,1zxeC,303,303,mmseqs,99.600000,1.000000,1.000000,303
softdis,pdbflex,mmseqs_90,3zon_A,6nzpB,335,296,mmseqs,99.600000,0.883582,0.933754,296
softdis,pdbflex,mmseqs_90,6oyw_C,5vilA,294,293,mmseqs,99.600000,0.996599,1.000000,293
softdis,pdbflex,mmseqs_90,2xke_A,2w5bA,279,279,mmseqs,99.600000,1.000000,1.000000,279
softdis,pdbflex,mmseqs_90,4i5i_A,4kxqA,287,271,mmseqs,99.600000,0.944251,0.964413,271
softdis,pdbflex,mmseqs_90,3rsm_A,1k2yX,463,463,mmseqs,99.500000,1.000000,1.000000,463
softdis,pdbflex,mmseqs_90,6cz5_A,4pxaA,480,448,mmseqs,99.500000,0.933333,0.959315,448
softdis,pdbflex,mmseqs_90,7xbm_A,3zk5A,444,436,mmseqs,99.500000,0.981982,1.000000,436
softdis,pdbflex,mmseqs_90,3ivy_A,2x5lA,433,417,mmseqs,99.500000,0.963048,0.967517,417
softdis,pdbflex,mmseqs_90,6wgw_B,4c9pA,437,417,mmseqs,99.500000,0.954233,0.990499,417
softdis,pdbflex,mmseqs_90,1ipj_A,1ipkC,416,416,mmseqs,99.500000,1.000000,1.000000,416
softdis,pdbflex,mmseqs_90,2c3n_A,2c3qA,247,247,mmseqs,99.500000,1.000000,1.000000,247
softdis,pdbflex,mmseqs_90,6wzw_A,4ypaA,226,226,mmseqs,99.500000,1.000000,1.000000,226
softdis,pdbflex,mmseqs_90,2h4h_A,2h59A,246,246,mmseqs,99.500000,1.000000,1.000000,246
softdis,pdbflex,mmseqs_90,3f65_D,3gfuA,224,224,mmseqs,99.500000,1.000000,1.000000,224
softdis,pdbflex,mmseqs_90,1h4h_A,1h4hB,209,209,mmseqs,99.500000,1.000000,1.000000,209
softdis,pdbflex,mmseqs_90,1n0l_A,3dpaA,224,218,mmseqs,99.500000,0.973214,1.000000,218
softdis,pdbflex,mmseqs_90,3f2g_A,3fn8A,220,220,mmseqs,99.500000,1.000000,1.000000,220
softdis,pdbflex,mmseqs_90,1wnv_C,4gphC,215,215,mmseqs,99.500000,1.000000,1.000000,215
softdis,pdbflex,mmseqs_90,3rfz_C,1klfA,211,205,mmseqs,99.500000,0.971564,1.000000,205
softdis,pdbflex,mmseqs_90,5n2n_A,5lnmA,206,206,mmseqs,99.500000,1.000000,1.000000,206
softdis,pdbflex,mmseqs_90,5vyo_A,4k2dA,200,200,mmseqs,99.500000,1.000000,1.000000,200
softdis,pdbflex,mmseqs_90,5dch_A,3h93A,192,192,mmseqs,99.400000,1.000000,1.000000,192
softdis,pdbflex,mmseqs_90,2pq5_A,2gwoC,205,198,mmseqs,99.400000,0.965854,1.000000,198
softdis,pdbflex,mmseqs_90,1yzt_A,1z08C,184,170,mmseqs,99.400000,0.923913,1.000000,170
softdis,pdbflex,mmseqs_90,1slh_A,4gcyA,174,174,mmseqs,99.400000,1.000000,1.000000,174
softdis,pdbflex,mmseqs_90,4gv8_A,4wrkA,169,169,mmseqs,99.400000,1.000000,1.000000,169
softdis,pdbflex,mmseqs_90,3hvs_A,3hvvA,167,167,mmseqs,99.400000,1.000000,1.000000,167
softdis,pdbflex,mmseqs_90,7mgj_A,4yfiC,330,330,mmseqs,99.300000,1.000000,1.000000,330
softdis,pdbflex,mmseqs_90,1a54_A,1qulA,321,321,mmseqs,99.300000,1.000000,1.000000,321
softdis,pdbflex,mmseqs_90,3lvp_A,1p4oB,336,313,mmseqs,99.300000,0.931548,0.972050,313
softdis,pdbflex,mmseqs_90,2ab4_A,1ze1A,309,309,mmseqs,99.300000,1.000000,1.000000,309
softdis,pdbflex,mmseqs_90,3ori_D,3f69B,311,311,mmseqs,99.300000,1.000000,1.000000,311
softdis,pdbflex,mmseqs_90,6gtt_A,6eimB,302,302,mmseqs,99.300000,1.000000,1.000000,302
softdis,pdbflex,mmseqs_90,5ut4_A,5i4nA,289,289,mmseqs,99.300000,1.000000,0.996552,289
softdis,pdbflex,mmseqs_90,4wnm_A,4gfgA,299,286,mmseqs,99.300000,0.956522,0.989691,288
softdis,pdbflex,mmseqs_90,3hny_M,1d7pM,159,158,mmseqs,99.300000,0.993711,0.993711,158
softdis,pdbflex,mmseqs_90,3hji_A,3hjkA,154,154,mmseqs,99.300000,1.000000,1.000000,154
softdis,pdbflex,mmseqs_90,1ib5_A,1bzoA,151,151,mmseqs,99.300000,1.000000,1.000000,151
softdis,pdbflex,mmseqs_90,4qib_A,1f8aB,159,157,mmseqs,99.300000,0.987421,0.940120,157
softdis,pdbflex,mmseqs_90,6gay_A,4kukA,146,146,mmseqs,99.300000,1.000000,1.000000,146
softdis,pdbflex,mmseqs_90,1t2o_A,1t2pA,146,146,mmseqs,99.300000,1.000000,1.000000,146
softdis,pdbflex,mmseqs_90,1ji4_A,4eveA,144,144,mmseqs,99.300000,1.000000,0.878049,144
softdis,pdbflex,mmseqs_90,1sg2_A,1u2mC,153,143,mmseqs,99.300000,0.934641,1.000000,143
softdis,pdbflex,mmseqs_90,3ggf_A,4fzaB,301,281,mmseqs,99.200000,0.933555,0.992933,281
softdis,pdbflex,mmseqs_90,3b9c_A,2jj6A,144,134,mmseqs,99.200000,0.930556,1.000000,134
softdis,pdbflex,mmseqs_90,3mbg_A,3tk0A,139,126,mmseqs,99.200000,0.906475,1.000000,126
softdis,pdbflex,mmseqs_90,7ssi_C,4le2C,139,139,mmseqs,99.200000,1.000000,1.000000,139
softdis,pdbflex,mmseqs_90,1rxe_A,2fxiA,131,131,mmseqs,99.200000,1.000000,1.000000,131
softdis,pdbflex,mmseqs_90,1fhw_A,1u2bA,129,124,mmseqs,99.200000,0.961240,0.905797,125
softdis,pdbflex,mmseqs_90,2gkg_A,2nt4A,127,127,mmseqs,99.200000,1.000000,1.000000,127
softdis,pdbflex,mmseqs_90,5xu7_A,5xuhA,126,126,mmseqs,99.200000,1.000000,1.000000,126
softdis,pdbflex,mmseqs_90,4fvj_A,4fvfB,133,128,mmseqs,99.200000,0.962406,1.000000,128
softdis,pdbflex,mmseqs_90,5yps_A,5ypsA,250,249,mmseqs,99.100000,0.996000,0.996000,249
softdis,pdbflex,mmseqs_90,5arl_D,5ar6A,134,120,mmseqs,99.100000,0.895522,0.983607,120
softdis,pdbflex,mmseqs_90,3q15_C,1srrC,126,124,mmseqs,99.100000,0.984127,1.000000,124
softdis,pdbflex,mmseqs_90,3gj9_A,3dj1A,124,124,mmseqs,99.100000,1.000000,1.000000,124
softdis,pdbflex,mmseqs_90,5d8e_A,5d8fA,115,115,mmseqs,99.100000,1.000000,1.000000,115
softdis,pdbflex,mmseqs_90,3ikd_A,3kacB,123,123,mmseqs,99.100000,1.000000,1.000000,123
softdis,pdbflex,mmseqs_90,1hh7_A,1hh7A,114,114,mmseqs,99.100000,1.000000,1.000000,114
softdis,pdbflex,mmseqs_90,3etw_A,3etzB,119,119,mmseqs,99.100000,1.000000,1.000000,119
softdis,pdbflex,mmseqs_90,3a4g_A,3a51A,411,411,mmseqs,99.000000,1.000000,1.000000,411
softdis,pdbflex,mmseqs_90,3orx_C,4rqvA,316,309,mmseqs,99.000000,0.977848,0.993569,309
softdis,pdbflex,mmseqs_90,6s75_D,6gt1B,310,302,mmseqs,99.000000,0.974194,1.000000,302
softdis,pdbflex,mmseqs_90,8v1o_A,2nruB,327,305,mmseqs,99.000000,0.932722,0.993485,305
softdis,pdbflex,mmseqs_90,2aky_A,1dvrA,220,220,mmseqs,99.000000,1.000000,1.000000,220
softdis,pdbflex,mmseqs_90,8bqf_A,1e4vA,234,214,mmseqs,99.000000,0.914530,1.000000,214
softdis,pdbflex,mmseqs_90,6a2q_A,6a2sA,118,111,mmseqs,99.000000,0.940678,1.000000,111
softdis,pdbflex,mmseqs_90,6uy1_A,6kmjA,114,111,mmseqs,99.000000,0.973684,0.991071,111
softdis,pdbflex,mmseqs_90,1zm0_A,2i5fA,114,107,mmseqs,99.000000,0.938596,0.981651,107
softdis,pdbflex,mmseqs_90,2pvo_C,1faaA,111,111,mmseqs,99.000000,1.000000,0.895161,111
softdis,pdbflex,mmseqs_90,4r0o_B,2w88A,106,106,mmseqs,99.000000,1.000000,1.000000,106
softdis,pdbflex,mmseqs_90,5g4r_A,4qylA,118,111,mmseqs,99.000000,0.940678,0.948718,111
softdis,pdbflex,mmseqs_90,3or0_B,1kh8A,104,104,mmseqs,99.000000,1.000000,0.832000,104
softdis,pdbflex,mmseqs_90,2wg5_E,2wg6A,109,109,mmseqs,99.000000,1.000000,1.000000,109
softdis,pdbflex,mmseqs_90,2wwm_C,2wwkO,109,109,mmseqs,99.000000,1.000000,1.000000,109
softdis,pdbflex,mmseqs_90,2bjd_A,4oj3B,101,101,mmseqs,99.000000,1.000000,1.000000,101
softdis,pdbflex,mmseqs_90,4jhn_A,4qamA,421,396,mmseqs,98.900000,0.940618,0.990000,396
softdis,pdbflex,mmseqs_90,7uor_A,1f4tA,385,367,mmseqs,98.900000,0.953247,0.997283,367
softdis,pdbflex,mmseqs_90,7b3q_A,3dkcA,299,298,mmseqs,98.900000,0.996656,0.940063,298
softdis,pdbflex,mmseqs_90,4yzm_A,4f1mA,287,287,mmseqs,98.900000,1.000000,1.000000,287
softdis,pdbflex,mmseqs_90,3q4z_A,4eqcA,306,297,mmseqs,98.900000,0.970588,0.986711,297
softdis,pdbflex,mmseqs_90,8e0a_A,1f6bB,198,198,mmseqs,98.900000,1.000000,1.000000,198
softdis,pdbflex,mmseqs_90,1t6g_C,2qz2A,184,184,mmseqs,98.900000,1.000000,1.000000,184
softdis,pdbflex,mmseqs_90,3qmx_A,4mjbA,99,99,mmseqs,98.900000,1.000000,1.000000,99
softdis,pdbflex,mmseqs_90,5ke6_A,5ke9A,93,93,mmseqs,98.900000,1.000000,1.000000,93
softdis,pdbflex,mmseqs_90,5n4w_R,4a0cD,102,91,mmseqs,98.900000,0.892157,0.928571,91
softdis,pdbflex,mmseqs_90,2aoa_A,5cdwB,99,99,mmseqs,98.900000,1.000000,0.990000,99
softdis,pdbflex,mmseqs_90,5kl2_A,5kl4A,93,93,mmseqs,98.900000,1.000000,1.000000,93
softdis,pdbflex,mmseqs_90,4mqw_A,1xwdA,102,92,mmseqs,98.900000,0.901961,1.000000,92
softdis,pdbflex,mmseqs_90,3o5n_A,5ovpA,112,95,mmseqs,98.900000,0.848214,0.989583,95
softdis,pdbflex,mmseqs_90,1waa_A,1waaF,93,93,mmseqs,98.900000,1.000000,1.000000,93
softdis,pdbflex,mmseqs_90,5hyb_A,4zv5A,91,91,mmseqs,98.900000,1.000000,1.000000,91
softdis,pdbflex,mmseqs_90,3tes_A,4m6aB,98,92,mmseqs,98.900000,0.938776,1.000000,92
softdis,pdbflex,mmseqs_90,7quv_A,5hloB,95,92,mmseqs,98.900000,0.968421,0.978723,92
softdis,pdbflex,mmseqs_90,6r26_A,5hsqA,510,501,mmseqs,98.800000,0.982353,1.000000,503
softdis,pdbflex,mmseqs_90,1s4i_B,1xtmB,175,175,mmseqs,98.800000,1.000000,1.000000,175
softdis,pdbflex,mmseqs_90,4x39_A,4x37A,168,168,mmseqs,98.800000,1.000000,1.000000,168
softdis,pdbflex,mmseqs_90,1mx2_B,1mx4B,168,168,mmseqs,98.800000,1.000000,1.000000,168
softdis,pdbflex,mmseqs_90,3t5g_A,1xtsA,181,171,mmseqs,98.800000,0.944751,0.966102,171
softdis,pdbflex,mmseqs_90,1pk1_B,1pk3C,89,89,mmseqs,98.800000,1.000000,1.000000,89
softdis,pdbflex,mmseqs_90,1kwa_A,6nidB,88,86,mmseqs,98.800000,0.977273,0.977273,86
softdis,pdbflex,mmseqs_90,8yr7_A,1l6oA,109,89,mmseqs,98.800000,0.816514,0.936842,89
softdis,pdbflex,mmseqs_90,5e6p_B,5tytA,88,84,mmseqs,98.800000,0.954545,0.943820,84
softdis,pdbflex,mmseqs_90,6nnt_A,6mlwA,468,468,mmseqs,98.700000,1.000000,1.000000,468
softdis,pdbflex,mmseqs_90,2cdo_A,2cdpA,160,160,mmseqs,98.700000,1.000000,1.000000,160
softdis,pdbflex,mmseqs_90,2bjy_A,6hx2B,156,156,mmseqs,98.700000,1.000000,1.000000,156
softdis,pdbflex,mmseqs_90,5tte_E,4q5hC,167,154,mmseqs,98.700000,0.922156,0.987179,154
softdis,pdbflex,mmseqs_90,3clc_D,4i6uA,82,82,mmseqs,98.700000,1.000000,1.000000,82
softdis,pdbflex,mmseqs_90,6mg3_B,6mg1A,78,78,mmseqs,98.700000,1.000000,1.000000,78
softdis,pdbflex,mmseqs_90,6nw2_A,4neuA,310,294,mmseqs,98.600000,0.948387,0.882883,294
softdis,pdbflex,mmseqs_90,2yxs_A,3ap5A,164,152,mmseqs,98.600000,0.926829,0.987013,152
softdis,pdbflex,mmseqs_90,2pmh_A,2efqA,150,150,mmseqs,98.600000,1.000000,1.000000,150
softdis,pdbflex,mmseqs_90,7ote_A,3dqwA,293,284,mmseqs,98.500000,0.969283,0.993007,284
softdis,pdbflex,mmseqs_90,3rdv_D,2qk0A,72,71,mmseqs,98.500000,0.986111,0.959459,71
softdis,pdbflex,mmseqs_90,3hp3_I,2nwgA,68,68,mmseqs,98.500000,1.000000,1.000000,68
softdis,pdbflex,mmseqs_90,6e4n_A,6e4oA,71,71,mmseqs,98.500000,1.000000,1.000000,71
softdis,pdbflex,mmseqs_90,6at0_A,6aszA,69,69,mmseqs,98.500000,1.000000,1.000000,69
softdis,pdbflex,mmseqs_90,5jfz_B,5jffD,68,68,mmseqs,98.500000,1.000000,1.000000,68
softdis,pdbflex,mmseqs_90,6tms_G,6tmsA,69,69,mmseqs,98.500000,1.000000,1.000000,69
softdis,pdbflex,mmseqs_90,3rl0_k,3rk3E,63,63,mmseqs,98.400000,1.000000,1.000000,63
softdis,pdbflex,mmseqs_90,2qbl_A,4kkyX,421,412,mmseqs,98.300000,0.978622,0.997579,412
softdis,pdbflex,mmseqs_90,2bpm_A,4gcjA,309,303,mmseqs,98.300000,0.980583,1.000000,306
softdis,pdbflex,mmseqs_90,1s6c_A,2i2rF,183,180,mmseqs,98.300000,0.983607,1.000000,180
softdis,pdbflex,mmseqs_90,9fz4_A,2fygA,131,122,mmseqs,98.300000,0.931298,0.953125,122
softdis,pdbflex,mmseqs_90,4ahe_A,5m9tA,123,123,mmseqs,98.300000,1.000000,0.991935,123
softdis,pdbflex,mmseqs_90,7dmy_A,3uv2A,144,124,mmseqs,98.300000,0.861111,0.984127,124
softdis,pdbflex,mmseqs_90,3gax_B,1tijA,120,120,mmseqs,98.300000,1.000000,1.000000,120
softdis,pdbflex,mmseqs_90,4l85_A,1zh4A,123,120,mmseqs,98.300000,0.975610,0.991736,120
softdis,pdbflex,mmseqs_90,4omo_B,4rtzA,61,61,mmseqs,98.300000,1.000000,1.000000,61
softdis,pdbflex,mmseqs_90,4f16_A,2f2vA,62,62,mmseqs,98.300000,1.000000,1.000000,62
softdis,pdbflex,mmseqs_90,4wb8_A,5m71A,337,336,mmseqs,98.200000,0.997033,0.951841,336
softdis,pdbflex,mmseqs_90,7aay_A,5u6cA,294,290,mmseqs,98.200000,0.986395,0.933333,294
softdis,pdbflex,mmseqs_90,4cym_A,4cz2B,230,230,mmseqs,98.200000,1.000000,1.000000,230
softdis,pdbflex,mmseqs_90,3aaj_B,1hqvA,167,166,mmseqs,98.200000,0.994012,0.879581,168
softdis,pdbflex,mmseqs_90,3twu_A,3twqA,167,167,mmseqs,98.200000,1.000000,0.965714,169
softdis,pdbflex,mmseqs_90,4m32_A,4m35A,168,168,mmseqs,98.200000,1.000000,1.000000,168
softdis,pdbflex,mmseqs_90,2f9d_A,3lqvB,125,115,mmseqs,98.200000,0.920000,1.000000,115
softdis,pdbflex,mmseqs_90,6ywq_A,6y7rA,113,113,mmseqs,98.200000,1.000000,1.000000,113
softdis,pdbflex,mmseqs_90,3ulr_B,5nxjA,65,58,mmseqs,98.200000,0.892308,0.966667,58
softdis,pdbflex,mmseqs_90,2wuj_A,2wukC,57,57,mmseqs,98.200000,1.000000,1.000000,57
softdis,pdbflex,mmseqs_90,8a36_A,6gg9B,162,162,mmseqs,98.100000,1.000000,1.000000,162
softdis,pdbflex,mmseqs_90,2hdx_A,5w3rA,111,109,mmseqs,98.100000,0.981982,0.956140,109
softdis,pdbflex,mmseqs_90,2h2b_A,2h2cA,107,107,mmseqs,98.100000,1.000000,1.000000,107
softdis,pdbflex,mmseqs_90,5zk1_A,1dh3A,59,55,mmseqs,98.100000,0.932203,1.000000,55
softdis,pdbflex,mmseqs_90,3u01_A,3snfA,104,104,mmseqs,98.000000,1.000000,1.000000,104
softdis,pdbflex,mmseqs_90,5z2h_A,5z2iB,105,105,mmseqs,98.000000,1.000000,1.000000,105
softdis,pdbflex,mmseqs_90,5mz7_A,6qjfB,101,100,mmseqs,98.000000,0.990099,0.961538,100
softdis,pdbflex,mmseqs_90,4az8_A,4b0mM,240,235,mmseqs,97.900000,1.000000,1.000000,240
softdis,pdbflex,mmseqs_90,6ogk_A,6ogjB,99,97,mmseqs,97.900000,1.000000,0.989796,99
softdis,pdbflex,mmseqs_90,3o9o_A,3gwkC,108,98,mmseqs,97.900000,0.907407,1.000000,98
softdis,pdbflex,mmseqs_90,6ano_B,6ap0B,96,96,mmseqs,97.900000,1.000000,1.000000,96
softdis,pdbflex,mmseqs_90,5j7e_A,4lloB,146,133,mmseqs,97.700000,0.910959,0.992537,133
softdis,pdbflex,mmseqs_90,6gc5_A,6gd3C,90,87,mmseqs,97.700000,0.966667,1.000000,87
softdis,pdbflex,mmseqs_90,3jsv_C,2zvoB,94,90,mmseqs,97.700000,0.957447,0.978261,90
softdis,pdbflex,mmseqs_90,2uw9_A,3d0eA,342,332,mmseqs,97.600000,0.979532,0.991045,335
softdis,pdbflex,mmseqs_90,4y94_B,1btkB,171,169,mmseqs,97.600000,0.988304,1.000000,169
softdis,pdbflex,mmseqs_90,2iyn_A,2jbaA,127,127,mmseqs,97.600000,1.000000,1.000000,127
softdis,pdbflex,mmseqs_90,5ya0_C,1opdA,85,85,mmseqs,97.600000,1.000000,1.000000,85
softdis,pdbflex,mmseqs_90,3ll1_A,3ll0A,122,119,mmseqs,97.500000,0.975410,0.968000,121
softdis,pdbflex,mmseqs_90,1r22_A,1r23A,122,122,mmseqs,97.500000,1.000000,1.000000,122
softdis,pdbflex,mmseqs_90,4pzn_A,4pzoE,82,82,mmseqs,97.500000,1.000000,1.000000,82
softdis,pdbflex,mmseqs_90,1hq6_C,1ibwA,81,81,mmseqs,97.500000,1.000000,1.000000,81
softdis,pdbflex,mmseqs_90,2x2o_A,2xoeA,119,119,mmseqs,97.400000,1.000000,1.000000,119
softdis,pdbflex,mmseqs_90,4g31_A,4x7lA,299,298,mmseqs,97.300000,0.996656,0.949527,301
softdis,pdbflex,mmseqs_90,1naq_A,4y65A,112,112,mmseqs,97.300000,1.000000,1.000000,112
softdis,pdbflex,mmseqs_90,4icb_A,1ht9A,76,76,mmseqs,97.300000,1.000000,1.000000,76
softdis,pdbflex,mmseqs_90,1oau_L,6k65L,110,108,mmseqs,97.200000,0.981818,0.939130,108
softdis,pdbflex,mmseqs_90,1ijv_B,2nlfA,36,36,mmseqs,97.200000,1.000000,1.000000,36
softdis,pdbflex,mmseqs_90,3hwf_B,6qmuA,198,178,mmseqs,97.100000,0.898990,0.946809,178
softdis,pdbflex,mmseqs_90,5yrk_B,5yrjA,142,142,mmseqs,97.100000,1.000000,1.000000,142
softdis,pdbflex,mmseqs_90,7f9m_C,3kgrA,112,104,mmseqs,97.100000,0.928571,0.981132,104
softdis,pdbflex,mmseqs_90,4xdx_A,1qe6D,70,70,mmseqs,97.100000,1.000000,0.972222,70
softdis,pdbflex,mmseqs_90,6igt_A,6igoC,135,135,mmseqs,97.000000,1.000000,1.000000,135
softdis,pdbflex,mmseqs_90,3m9e_A,2nllB,105,103,mmseqs,97.000000,0.980952,1.000000,103
softdis,pdbflex,mmseqs_90,7x4v_B,3uciA,68,68,mmseqs,97.000000,1.000000,0.944444,68
softdis,pdbflex,mmseqs_90,3snz_A,3so1H,97,97,mmseqs,96.900000,1.000000,1.000000,97
softdis,pdbflex,mmseqs_90,2awu_A,3rl8C,105,97,mmseqs,96.900000,0.923810,0.923810,97
softdis,pdbflex,mmseqs_90,1wtp_A,1xyiA,66,66,mmseqs,96.900000,1.000000,1.000000,66
softdis,pdbflex,mmseqs_90,6gl8_A,5vauA,172,160,mmseqs,96.800000,0.930233,0.952381,160
softdis,pdbflex,mmseqs_90,2vsl_A,4kmpA,96,94,mmseqs,96.800000,0.979167,0.959184,94
softdis,pdbflex,mmseqs_90,6nz3_A,6nxmA,96,96,mmseqs,96.800000,1.000000,1.000000,96
softdis,pdbflex,mmseqs_90,5whb_B,5wplI,35,32,mmseqs,96.800000,0.914286,1.000000,32
softdis,pdbflex,mmseqs_90,2vje_A,6sqrA,64,61,mmseqs,96.700000,0.953125,0.884058,61
softdis,pdbflex,mmseqs_90,3k7p_B,6fxlA,179,179,mmseqs,96.600000,1.000000,1.000000,179
softdis,pdbflex,mmseqs_90,3ee7_A,6w4bB,121,113,mmseqs,96.400000,0.933884,0.965812,113
softdis,pdbflex,mmseqs_90,5qu1_A,5qu4B,82,82,mmseqs,96.400000,1.000000,0.977011,85
softdis,pdbflex,mmseqs_90,7apj_A,6s9wA,440,437,mmseqs,96.300000,0.993182,0.995516,444
softdis,pdbflex,mmseqs_90,3v2o_A,4qqiA,183,183,mmseqs,96.300000,1.000000,1.000000,190
softdis,pdbflex,mmseqs_90,4uyd_A,5z1tA,153,135,mmseqs,96.300000,0.882353,0.971631,137
softdis,pdbflex,mmseqs_90,1lky_A,2qb1A,77,77,mmseqs,96.100000,1.000000,0.987179,77
softdis,pdbflex,mmseqs_90,4jzw_R,4rfnM,28,26,mmseqs,96.100000,0.928571,0.928571,26
softdis,pdbflex,mmseqs_90,3u5p_P,4gu0E,28,26,mmseqs,96.100000,0.928571,1.000000,26
softdis,pdbflex,mmseqs_90,6iur_C,4n6jA,50,50,mmseqs,96.000000,1.000000,1.000000,50
softdis,pdbflex,mmseqs_90,4kl6_A,4kl5B,137,137,mmseqs,95.700000,1.000000,0.979167,141
softdis,pdbflex,mmseqs_90,7ylb_D,2cjrA,122,118,mmseqs,95.700000,0.967213,0.921875,118
softdis,pdbflex,mmseqs_90,2egk_A,2pntB,101,94,mmseqs,95.700000,0.930693,0.959184,94
softdis,pdbflex,mmseqs_90,6i69_A,1iblF,101,94,mmseqs,95.700000,0.930693,0.930693,94
softdis,pdbflex,mmseqs_90,4hsv_A,1f9qD,71,70,mmseqs,95.700000,0.985915,1.000000,70
softdis,pdbflex,mmseqs_90,5cbo_A,5cbnA,176,176,mmseqs,95.400000,1.000000,1.000000,176
softdis,pdbflex,mmseqs_90,3w98_A,1aoiE,112,111,mmseqs,95.400000,0.991071,0.956897,111
softdis,pdbflex,mmseqs_90,2ecs_A,4croA,66,66,mmseqs,95.400000,1.000000,1.000000,66
softdis,pdbflex,mmseqs_90,3fi2_A,4kkeA,353,352,mmseqs,95.300000,0.997167,0.994521,363
softdis,pdbflex,mmseqs_90,5jx4_B,1hzaA,66,63,mmseqs,95.300000,0.954545,0.970149,65
softdis,pdbflex,mmseqs_90,4hmm_A,1uw3A,132,106,mmseqs,95.200000,0.803030,1.000000,106
softdis,pdbflex,mmseqs_90,4ag2_C,4ag1C,84,84,mmseqs,95.200000,1.000000,1.000000,84
softdis,pdbflex,mmseqs_90,4lk9_B,4gu0E,21,21,mmseqs,95.200000,1.000000,0.807692,21
softdis,pdbflex,mmseqs_90,6nd9_E,3gprD,124,124,mmseqs,95.100000,1.000000,1.000000,124
softdis,pdbflex,mmseqs_90,6blw_A,6b0oA,124,119,mmseqs,95.100000,1.000000,1.000000,124
softdis,pdbflex,mmseqs_90,5nx3_C,6gfiE,81,81,mmseqs,95.000000,1.000000,1.000000,81
softdis,pdbflex,mmseqs_90,8qqg_A,6u2hD,275,275,mmseqs,94.900000,1.000000,0.948276,275
softdis,pdbflex,mmseqs_90,8yjm_C,5bnvD,81,79,mmseqs,94.900000,0.975309,1.000000,79
softdis,pdbflex,mmseqs_90,2y8e_A,5lefA,179,174,mmseqs,94.800000,0.972067,0.910995,174
softdis,pdbflex,mmseqs_90,2fi5_I,1t8lB,58,58,mmseqs,94.800000,1.000000,0.983051,58
softdis,pdbflex,mmseqs_90,4oaz_R,4oayA,92,90,mmseqs,94.500000,0.989130,0.989011,91
softdis,pdbflex,mmseqs_90,6nkq_B,1yupA,178,162,mmseqs,94.400000,0.910112,1.000000,162
softdis,pdbflex,mmseqs_90,7fds_A,4zjmE,128,119,mmseqs,94.400000,0.984375,1.000000,126
softdis,pdbflex,mmseqs_90,4s1z_F,5af6G,36,35,mmseqs,94.400000,1.000000,1.000000,36
softdis,pdbflex,mmseqs_90,4bn1_A,3d14A,285,267,mmseqs,94.300000,0.936842,0.981618,267
softdis,pdbflex,mmseqs_90,3hjw_B,2ausD,53,53,mmseqs,94.300000,1.000000,0.883333,53
softdis,pdbflex,mmseqs_90,2otg_C,3jvtC,157,156,mmseqs,94.200000,0.993631,1.000000,156
softdis,pdbflex,mmseqs_90,5c0z_C,3o1yA,105,104,mmseqs,94.200000,0.990476,0.990476,104
softdis,pdbflex,mmseqs_90,6rfo_A,1erkA,372,358,mmseqs,94.100000,0.986559,1.000000,373
softdis,pdbflex,mmseqs_90,6aez_A,1u4rB,69,68,mmseqs,94.100000,0.985507,1.000000,68
softdis,pdbflex,mmseqs_90,5v7k_A,1sxjH,265,264,mmseqs,93.900000,0.996226,0.985866,279
softdis,pdbflex,mmseqs_90,1tu3_A,1z0dA,171,165,mmseqs,93.900000,0.964912,0.988024,165
softdis,pdbflex,mmseqs_90,6hnl_B,6hnnA,139,139,mmseqs,93.900000,1.000000,1.000000,148
softdis,pdbflex,mmseqs_90,3hkz_N,4aybN,66,66,mmseqs,93.900000,1.000000,1.000000,66
softdis,pdbflex,mmseqs_90,1ja3_B,3c8kD,127,125,mmseqs,93.600000,0.984252,1.000000,125
softdis,pdbflex,mmseqs_90,2qhl_E,2qqqA,111,111,mmseqs,93.600000,1.000000,1.000000,111
softdis,pdbflex,mmseqs_90,5apx_C,5aptB,95,95,mmseqs,93.600000,1.000000,1.000000,95
softdis,pdbflex,mmseqs_90,5t20_G,5d5gA,110,109,mmseqs,93.500000,0.990909,1.000000,109
softdis,pdbflex,mmseqs_90,5d0m_C,5d0kC,87,87,mmseqs,93.400000,1.000000,1.000000,92
softdis,pdbflex,mmseqs_90,5sxp_A,2ak5B,62,60,mmseqs,93.300000,0.967742,0.937500,60
softdis,pdbflex,mmseqs_90,5xz2_B,5ycbA,196,193,mmseqs,93.200000,0.984694,1.000000,193
softdis,pdbflex,mmseqs_90,4hke_A,1ne8A,120,116,mmseqs,93.100000,0.966667,0.991453,116
softdis,pdbflex,mmseqs_90,4ao5_A,4aooA,145,142,mmseqs,92.900000,0.979310,0.986111,142
softdis,pdbflex,mmseqs_90,2hp4_B,2q3aA,114,114,mmseqs,92.900000,1.000000,0.950000,114
softdis,pdbflex,mmseqs_90,4avp_A,5iluA,106,96,mmseqs,92.700000,0.905660,0.989691,96
softdis,pdbflex,mmseqs_90,3bow_B,1kfuS,184,183,mmseqs,92.300000,0.994565,0.994565,183
softdis,pdbflex,mmseqs_90,1afa_1,3kmb1,154,149,mmseqs,92.200000,1.000000,1.000000,154
softdis,pdbflex,mmseqs_90,1jth_A,1n7sC,82,76,mmseqs,92.100000,0.926829,0.962025,76
softdis,pdbflex,mmseqs_90,5mzf_A,6aa5A,176,151,mmseqs,92.000000,0.857955,0.926380,151
softdis,pdbflex,mmseqs_90,3zmk_A,2imkA,223,221,mmseqs,91.800000,0.991031,1.000000,221
softdis,pdbflex,mmseqs_90,5w5q_A,6ra7A,332,303,mmseqs,91.700000,0.912651,0.990196,303
softdis,pdbflex,mmseqs_90,3l9s_A,4mcuE,191,188,mmseqs,91.400000,0.984293,0.989474,188
softdis,pdbflex,mmseqs_90,7nxj_A,4cxaC,347,335,mmseqs,91.300000,0.965418,0.985294,335
softdis,pdbflex,mmseqs_90,3ue7_B,1jxtA,46,46,mmseqs,91.300000,1.000000,1.000000,46
softdis,pdbflex,mmseqs_90,4pwn_A,5o1vA,274,273,mmseqs,90.500000,1.000000,0.957895,274
softdis,pdbflex,mmseqs_90,6htl_A,3zdoF,78,78,mmseqs,90.200000,1.000000,0.976190,82
softdis,pdbflex,mmseqs_90,1ops_A,5xqvA,64,61,mmseqs,90.100000,0.953125,0.910448,61
softdis,pdbflex,mmseqs_90,1u3h_B,2icwJ,111,108,mmseqs,90.000000,1.000000,0.955752,111
softdis,pdbflex,mmseqs_90,2bhi_A,4om4A,60,60,mmseqs,90.000000,1.000000,1.000000,60
softdis,pdbflex,mmseqs_85,5yna_A,5ynhA,1102,1102,mmseqs,100.000000,1.000000,1.000000,1102
softdis,pdbflex,mmseqs_85,4j3s_A,4aioA,905,884,mmseqs,100.000000,0.976796,1.000000,884
softdis,pdbflex,mmseqs_85,6k4k_A,6oqqA,873,873,mmseqs,100.000000,1.000000,1.000000,873
softdis,pdbflex,mmseqs_85,1pwp_A,1jkyA,776,776,mmseqs,100.000000,1.000000,1.000000,776
softdis,pdbflex,mmseqs_85,4lgz_A,3v9lB,563,563,mmseqs,100.000000,1.000000,1.000000,563
softdis,pdbflex,mmseqs_85,5tsg_B,5tshE,588,588,mmseqs,100.000000,1.000000,1.000000,588
softdis,pdbflex,mmseqs_85,4ids_A,4lemC,563,563,mmseqs,100.000000,1.000000,1.000000,563
softdis,pdbflex,mmseqs_85,2q27_A,2q28A,564,564,mmseqs,100.000000,1.000000,1.000000,564
softdis,pdbflex,mmseqs_85,6fk3_A,6fk3A,536,536,mmseqs,100.000000,1.000000,1.000000,536
softdis,pdbflex,mmseqs_85,2b7m_A,2pfvA,566,563,mmseqs,100.000000,0.994700,1.000000,563
softdis,pdbflex,mmseqs_85,6liu_A,6livA,531,531,mmseqs,100.000000,1.000000,1.000000,531
softdis,pdbflex,mmseqs_85,5mg1_A,4q0jA,524,524,mmseqs,100.000000,1.000000,1.000000,524
softdis,pdbflex,mmseqs_85,2jg7_A,2jg7A,510,510,mmseqs,100.000000,1.000000,1.000000,510
softdis,pdbflex,mmseqs_85,6bay_A,6bapA,515,515,mmseqs,100.000000,1.000000,1.000000,515
softdis,pdbflex,mmseqs_85,4nea_A,4neaA,520,520,mmseqs,100.000000,1.000000,1.000000,520
softdis,pdbflex,mmseqs_85,6g1z_A,6g1zB,509,509,mmseqs,100.000000,1.000000,1.000000,509
softdis,pdbflex,mmseqs_85,2fo0_A,2fo0A,495,495,mmseqs,100.000000,1.000000,1.000000,495
softdis,pdbflex,mmseqs_85,4k57_A,4k57A,518,518,mmseqs,100.000000,1.000000,1.000000,518
softdis,pdbflex,mmseqs_85,4zz7_E,4zz7A,501,501,mmseqs,100.000000,1.000000,1.000000,501
softdis,pdbflex,mmseqs_85,5izd_A,5izdA,508,508,mmseqs,100.000000,1.000000,1.000000,508
softdis,pdbflex,mmseqs_85,4qyj_H,4qyjA,516,516,mmseqs,100.000000,1.000000,1.000000,516
softdis,pdbflex,mmseqs_85,6rtr_A,6rtsA,512,512,mmseqs,100.000000,1.000000,1.000000,512
softdis,pdbflex,mmseqs_85,4nmj_B,5ekcE,491,491,mmseqs,100.000000,1.000000,1.000000,491
softdis,pdbflex,mmseqs_85,1uxt_A,1uxpA,501,501,mmseqs,100.000000,1.000000,1.000000,501
softdis,pdbflex,mmseqs_85,5iuu_A,5iuwA,497,497,mmseqs,100.000000,1.000000,1.000000,497
softdis,pdbflex,mmseqs_85,8or9_A,3rchA,480,480,mmseqs,100.000000,1.000000,1.000000,480
softdis,pdbflex,mmseqs_85,1asy_A,1aszA,490,490,mmseqs,100.000000,1.000000,1.000000,490
softdis,pdbflex,mmseqs_85,4i3w_C,4i3xA,488,488,mmseqs,100.000000,1.000000,1.000000,488
softdis,pdbflex,mmseqs_85,6pop_B,6pnuC,497,497,mmseqs,100.000000,1.000000,1.000000,497
softdis,pdbflex,mmseqs_85,6j75_A,6j76A,488,488,mmseqs,100.000000,1.000000,1.000000,488
softdis,pdbflex,mmseqs_85,3ghg_B,3ghgB,461,461,mmseqs,100.000000,1.000000,1.000000,461
softdis,pdbflex,mmseqs_85,6bpg_D,6bpgA,490,490,mmseqs,100.000000,1.000000,1.000000,490
softdis,pdbflex,mmseqs_85,3sq7_A,3sq7A,470,470,mmseqs,100.000000,1.000000,1.000000,470
softdis,pdbflex,mmseqs_85,4ywe_A,4yweA,487,487,mmseqs,100.000000,1.000000,1.000000,487
softdis,pdbflex,mmseqs_85,6c43_B,6c43A,477,477,mmseqs,100.000000,1.000000,1.000000,477
softdis,pdbflex,mmseqs_85,5vbf_A,5vbfA,478,478,mmseqs,100.000000,1.000000,1.000000,478
softdis,pdbflex,mmseqs_85,3m4p_A,3m4qB,456,456,mmseqs,100.000000,1.000000,1.000000,456
softdis,pdbflex,mmseqs_85,3pqa_A,3pqaB,486,486,mmseqs,100.000000,1.000000,1.000000,486
softdis,pdbflex,mmseqs_85,7jr5_A,6ptqA,490,482,mmseqs,100.000000,0.983673,1.000000,482
softdis,pdbflex,mmseqs_85,4ywu_A,4ohtA,465,465,mmseqs,100.000000,1.000000,1.000000,465
softdis,pdbflex,mmseqs_85,1k9a_A,1k9aB,450,450,mmseqs,100.000000,1.000000,1.000000,450
softdis,pdbflex,mmseqs_85,3pm9_A,3pm9A,476,476,mmseqs,100.000000,1.000000,1.000000,476
softdis,pdbflex,mmseqs_85,6uv0_A,6uv1A,448,448,mmseqs,100.000000,1.000000,1.000000,448
softdis,pdbflex,mmseqs_85,3vz2_A,3vz2B,470,470,mmseqs,100.000000,1.000000,1.000000,470
softdis,pdbflex,mmseqs_85,4l0e_A,4l0eA,446,446,mmseqs,100.000000,1.000000,1.000000,446
softdis,pdbflex,mmseqs_85,3nel_A,3nenA,438,438,mmseqs,100.000000,1.000000,1.000000,438
softdis,pdbflex,mmseqs_85,5ztn_A,6hdpA,429,429,mmseqs,100.000000,1.000000,1.000000,429
softdis,pdbflex,mmseqs_85,5kyo_A,5kyoA,430,430,mmseqs,100.000000,1.000000,1.000000,430
softdis,pdbflex,mmseqs_85,3nc3_A,3nc6B,441,441,mmseqs,100.000000,1.000000,1.000000,441
softdis,pdbflex,mmseqs_85,3tku_A,5otfA,433,416,mmseqs,100.000000,0.960739,0.992840,416
softdis,pdbflex,mmseqs_85,5d40_B,5d40A,427,427,mmseqs,100.000000,1.000000,1.000000,427
softdis,pdbflex,mmseqs_85,1qzw_A,1qzwA,440,440,mmseqs,100.000000,1.000000,1.000000,440
softdis,pdbflex,mmseqs_85,3a9x_A,3a9zA,432,432,mmseqs,100.000000,1.000000,1.000000,432
softdis,pdbflex,mmseqs_85,2z3t_A,3a1lA,425,425,mmseqs,100.000000,1.000000,1.000000,425
softdis,pdbflex,mmseqs_85,4d9s_A,4d9sA,406,406,mmseqs,100.000000,1.000000,1.000000,406
softdis,pdbflex,mmseqs_85,3kfu_B,3kfuC,422,422,mmseqs,100.000000,1.000000,1.000000,422
softdis,pdbflex,mmseqs_85,5tbk_I,5tbkI,421,421,mmseqs,100.000000,1.000000,1.000000,421
softdis,pdbflex,mmseqs_85,3p3z_A,3p3oA,416,416,mmseqs,100.000000,1.000000,1.000000,416
softdis,pdbflex,mmseqs_85,2uvn_A,2uvnA,414,414,mmseqs,100.000000,1.000000,1.000000,414
softdis,pdbflex,mmseqs_85,5li6_A,5lieB,414,414,mmseqs,100.000000,1.000000,1.000000,414
softdis,pdbflex,mmseqs_85,2wio_A,2jjpA,431,411,mmseqs,100.000000,0.953596,1.000000,411
softdis,pdbflex,mmseqs_85,2yca_A,2y5nB,417,417,mmseqs,100.000000,1.000000,1.000000,417
softdis,pdbflex,mmseqs_85,5e1r_A,5e1rC,426,426,mmseqs,100.000000,1.000000,1.000000,426
softdis,pdbflex,mmseqs_85,4j6b_A,4jbtA,410,410,mmseqs,100.000000,1.000000,1.000000,410
softdis,pdbflex,mmseqs_85,3tyw_A,3tywD,417,417,mmseqs,100.000000,1.000000,1.000000,417
softdis,pdbflex,mmseqs_85,5l90_A,5l91A,410,410,mmseqs,100.000000,1.000000,1.000000,410
softdis,pdbflex,mmseqs_85,8qrd_F,5mnvA,410,407,mmseqs,100.000000,0.992683,1.000000,407
softdis,pdbflex,mmseqs_85,3eje_H,3ejbH,404,404,mmseqs,100.000000,1.000000,1.000000,404
softdis,pdbflex,mmseqs_85,3oft_A,3ofuA,396,396,mmseqs,100.000000,1.000000,1.000000,396
softdis,pdbflex,mmseqs_85,5wt6_A,5wt6A,401,401,mmseqs,100.000000,1.000000,1.000000,401
softdis,pdbflex,mmseqs_85,5z9j_D,5z9jC,398,398,mmseqs,100.000000,1.000000,1.000000,398
softdis,pdbflex,mmseqs_85,6f8a_A,6f8aA,400,400,mmseqs,100.000000,1.000000,1.000000,400
softdis,pdbflex,mmseqs_85,5l1o_A,5l1qA,401,401,mmseqs,100.000000,1.000000,1.000000,401
softdis,pdbflex,mmseqs_85,5y5k_B,5y5fA,403,403,mmseqs,100.000000,1.000000,1.000000,403
softdis,pdbflex,mmseqs_85,2onl_C,1kwpA,406,400,mmseqs,100.000000,0.985222,1.000000,400
softdis,pdbflex,mmseqs_85,4g46_A,6geqA,396,396,mmseqs,100.000000,1.000000,1.000000,396
softdis,pdbflex,mmseqs_85,4fr4_A,4fr4A,384,384,mmseqs,100.000000,1.000000,1.000000,384
softdis,pdbflex,mmseqs_85,4fi1_A,4fi1A,374,374,mmseqs,100.000000,1.000000,1.000000,374
softdis,pdbflex,mmseqs_85,3cbl_A,3bkbA,377,377,mmseqs,100.000000,1.000000,1.000000,377
softdis,pdbflex,mmseqs_85,1r0e_A,1j1cB,391,386,mmseqs,100.000000,0.987212,0.919048,386
softdis,pdbflex,mmseqs_85,6u8j_B,6u8jD,376,376,mmseqs,100.000000,1.000000,1.000000,376
softdis,pdbflex,mmseqs_85,5anr_B,4ct4B,378,378,mmseqs,100.000000,1.000000,1.000000,378
softdis,pdbflex,mmseqs_85,5hbe_A,5xs2A,364,362,mmseqs,100.000000,0.994505,0.952632,362
softdis,pdbflex,mmseqs_85,4eb5_A,4eb5A,382,382,mmseqs,100.000000,1.000000,1.000000,382
softdis,pdbflex,mmseqs_85,6joj_A,5k5xA,356,356,mmseqs,100.000000,1.000000,1.000000,356
softdis,pdbflex,mmseqs_85,1ayr_A,1cf1C,368,366,mmseqs,100.000000,0.994565,0.905941,366
softdis,pdbflex,mmseqs_85,3mi9_A,3mi9A,351,351,mmseqs,100.000000,1.000000,1.000000,351
softdis,pdbflex,mmseqs_85,5x8i_B,6q8kA,346,338,mmseqs,100.000000,0.976879,0.997050,338
softdis,pdbflex,mmseqs_85,3b0v_C,3b0vC,363,363,mmseqs,100.000000,1.000000,1.000000,363
softdis,pdbflex,mmseqs_85,4ifc_A,6pk6A,358,350,mmseqs,100.000000,0.977654,0.997151,350
softdis,pdbflex,mmseqs_85,6c0t_A,6bg2A,347,347,mmseqs,100.000000,1.000000,1.000000,347
softdis,pdbflex,mmseqs_85,3tac_A,6lnmA,361,345,mmseqs,100.000000,0.955679,0.982906,345
softdis,pdbflex,mmseqs_85,5wni_A,5wnjA,342,342,mmseqs,100.000000,1.000000,1.000000,342
softdis,pdbflex,mmseqs_85,3tl8_A,3tl8D,349,349,mmseqs,100.000000,1.000000,1.000000,349
softdis,pdbflex,mmseqs_85,4g0i_A,4g0kA,328,328,mmseqs,100.000000,1.000000,1.000000,328
softdis,pdbflex,mmseqs_85,3utm_A,3utmA,351,351,mmseqs,100.000000,1.000000,1.000000,351
softdis,pdbflex,mmseqs_85,2rfb_A,2rfbA,343,343,mmseqs,100.000000,1.000000,1.000000,343
softdis,pdbflex,mmseqs_85,4i5t_A,4i5tA,333,333,mmseqs,100.000000,1.000000,1.000000,333
softdis,pdbflex,mmseqs_85,4bf9_A,4bf9A,338,338,mmseqs,100.000000,1.000000,1.000000,338
softdis,pdbflex,mmseqs_85,4btj_A,4btmB,337,337,mmseqs,100.000000,1.000000,1.000000,337
softdis,pdbflex,mmseqs_85,4y85_C,5iu2B,332,332,mmseqs,100.000000,1.000000,1.000000,332
softdis,pdbflex,mmseqs_85,3akj_A,3akkA,325,325,mmseqs,100.000000,1.000000,1.000000,325
softdis,pdbflex,mmseqs_85,2v62_A,5uu1A,345,324,mmseqs,100.000000,0.939130,1.000000,324
softdis,pdbflex,mmseqs_85,3dls_A,3dlsA,335,335,mmseqs,100.000000,1.000000,1.000000,335
softdis,pdbflex,mmseqs_85,4q5j_A,4oh4A,341,333,mmseqs,100.000000,0.976540,1.000000,333
softdis,pdbflex,mmseqs_85,1fvr_A,1fvrB,327,327,mmseqs,100.000000,1.000000,1.000000,327
softdis,pdbflex,mmseqs_85,3aln_A,3aloA,327,327,mmseqs,100.000000,1.000000,1.000000,327
softdis,pdbflex,mmseqs_85,4asx_A,4asxA,322,322,mmseqs,100.000000,1.000000,1.000000,322
softdis,pdbflex,mmseqs_85,3kof_A,3kofA,337,337,mmseqs,100.000000,1.000000,1.000000,337
softdis,pdbflex,mmseqs_85,4g8k_A,4g8lA,337,337,mmseqs,100.000000,1.000000,1.000000,337
softdis,pdbflex,mmseqs_85,5e8v_A,5e92A,316,316,mmseqs,100.000000,1.000000,1.000000,316
softdis,pdbflex,mmseqs_85,8gw3_A,5gjfA,326,310,mmseqs,100.000000,0.950920,0.984127,310
softdis,pdbflex,mmseqs_85,4fg9_A,4fgbA,320,320,mmseqs,100.000000,1.000000,1.000000,320
softdis,pdbflex,mmseqs_85,6d3k_B,6d3kA,323,323,mmseqs,100.000000,1.000000,1.000000,323
softdis,pdbflex,mmseqs_85,7q7c_A,6y6hA,327,327,mmseqs,100.000000,1.000000,1.000000,327
softdis,pdbflex,mmseqs_85,3k35_A,5y2fA,318,316,mmseqs,100.000000,0.993711,1.000000,316
softdis,pdbflex,mmseqs_85,1szp_A,1szpA,321,321,mmseqs,100.000000,1.000000,1.000000,321
softdis,pdbflex,mmseqs_85,3udb_A,3udbD,317,317,mmseqs,100.000000,1.000000,1.000000,317
softdis,pdbflex,mmseqs_85,5vd1_A,5vcyA,311,311,mmseqs,100.000000,1.000000,1.000000,311
softdis,pdbflex,mmseqs_85,5ikw_A,4w9wA,310,306,mmseqs,100.000000,0.987097,1.000000,306
softdis,pdbflex,mmseqs_85,6fer_A,6ferD,309,309,mmseqs,100.000000,1.000000,1.000000,309
softdis,pdbflex,mmseqs_85,6box_A,6bp4B,303,303,mmseqs,100.000000,1.000000,1.000000,303
softdis,pdbflex,mmseqs_85,4c57_A,5y7zA,340,311,mmseqs,100.000000,0.914706,0.993610,311
softdis,pdbflex,mmseqs_85,4i5m_A,4i6bA,308,308,mmseqs,100.000000,1.000000,1.000000,308
softdis,pdbflex,mmseqs_85,5x5o_A,6jutA,310,310,mmseqs,100.000000,1.000000,1.000000,310
softdis,pdbflex,mmseqs_85,2zub_A,2zucB,324,324,mmseqs,100.000000,1.000000,1.000000,324
softdis,pdbflex,mmseqs_85,3tno_A,3igxA,345,324,mmseqs,100.000000,0.939130,1.000000,324
softdis,pdbflex,mmseqs_85,5hxy_A,5hxyA,317,317,mmseqs,100.000000,1.000000,1.000000,317
softdis,pdbflex,mmseqs_85,5vo1_A,5cenA,300,300,mmseqs,100.000000,1.000000,1.000000,300
softdis,pdbflex,mmseqs_85,3bce_A,2r4bA,328,298,mmseqs,100.000000,0.908537,0.928349,298
softdis,pdbflex,mmseqs_85,2qqf_A,1q17C,308,300,mmseqs,100.000000,0.974026,1.000000,300
softdis,pdbflex,mmseqs_85,5mqv_D,1ckjA,314,294,mmseqs,100.000000,0.936306,0.927445,294
softdis,pdbflex,mmseqs_85,2c3j_A,2ydiA,297,289,mmseqs,100.000000,0.973064,1.000000,289
softdis,pdbflex,mmseqs_85,6ng0_B,6cqdB,309,292,mmseqs,100.000000,0.944984,0.983165,292
softdis,pdbflex,mmseqs_85,4nvq_A,5jiyA,285,274,mmseqs,100.000000,0.961404,1.000000,274
softdis,pdbflex,mmseqs_85,5v21_A,5jlbA,297,277,mmseqs,100.000000,0.932660,0.992832,277
softdis,pdbflex,mmseqs_85,5vd2_A,5vd4A,289,289,mmseqs,100.000000,1.000000,1.000000,289
softdis,pdbflex,mmseqs_85,5ntt_A,5nttA,287,287,mmseqs,100.000000,1.000000,1.000000,287
softdis,pdbflex,mmseqs_85,4mwi_A,4mwiA,294,294,mmseqs,100.000000,1.000000,1.000000,294
softdis,pdbflex,mmseqs_85,6cd6_A,6cd6D,290,290,mmseqs,100.000000,1.000000,1.000000,290
softdis,pdbflex,mmseqs_85,2vwi_A,3dakD,303,290,mmseqs,100.000000,0.957096,1.000000,290
softdis,pdbflex,mmseqs_85,3is5_A,3is5F,285,285,mmseqs,100.000000,1.000000,1.000000,285
softdis,pdbflex,mmseqs_85,1u46_A,4ewhA,291,275,mmseqs,100.000000,0.945017,1.000000,275
softdis,pdbflex,mmseqs_85,4eqm_A,4eqmA,294,294,mmseqs,100.000000,1.000000,1.000000,294
softdis,pdbflex,mmseqs_85,4wsy_A,4k18A,286,273,mmseqs,100.000000,0.954545,0.985560,273
softdis,pdbflex,mmseqs_85,5xka_A,5xkaA,288,288,mmseqs,100.000000,1.000000,1.000000,288
softdis,pdbflex,mmseqs_85,6qav_D,6qauA,280,280,mmseqs,100.000000,1.000000,1.000000,280
softdis,pdbflex,mmseqs_85,5ytk_A,5ytkA,274,274,mmseqs,100.000000,1.000000,1.000000,274
softdis,pdbflex,mmseqs_85,3dae_A,2fh9A,283,270,mmseqs,100.000000,0.954064,0.985401,270
softdis,pdbflex,mmseqs_85,1g6w_A,1g6wD,261,261,mmseqs,100.000000,1.000000,1.000000,261
softdis,pdbflex,mmseqs_85,6rxm_B,6rxmA,254,254,mmseqs,100.000000,1.000000,1.000000,254
softdis,pdbflex,mmseqs_85,5agc_A,3q66A,264,264,mmseqs,100.000000,1.000000,1.000000,264
softdis,pdbflex,mmseqs_85,1ici_A,1iciA,256,256,mmseqs,100.000000,1.000000,1.000000,256
softdis,pdbflex,mmseqs_85,1j2c_A,1ix3A,267,267,mmseqs,100.000000,1.000000,1.000000,267
softdis,pdbflex,mmseqs_85,1qiu_A,1qiuA,264,264,mmseqs,100.000000,1.000000,1.000000,264
softdis,pdbflex,mmseqs_85,2rgz_A,2qppB,264,264,mmseqs,100.000000,1.000000,1.000000,264
softdis,pdbflex,mmseqs_85,1s7g_D,1s7gA,253,253,mmseqs,100.000000,1.000000,1.000000,253
softdis,pdbflex,mmseqs_85,5cfk_E,5cfkA,259,259,mmseqs,100.000000,1.000000,1.000000,259
softdis,pdbflex,mmseqs_85,1wov_A,1wowA,250,250,mmseqs,100.000000,1.000000,1.000000,250
softdis,pdbflex,mmseqs_85,3nbn_E,2f8xK,256,256,mmseqs,100.000000,1.000000,1.000000,256
softdis,pdbflex,mmseqs_85,3q5y_A,3q5yA,240,240,mmseqs,100.000000,1.000000,1.000000,240
softdis,pdbflex,mmseqs_85,1wg0_A,1wg0A,243,243,mmseqs,100.000000,1.000000,1.000000,243
softdis,pdbflex,mmseqs_85,2i54_A,2i54A,247,247,mmseqs,100.000000,1.000000,1.000000,247
softdis,pdbflex,mmseqs_85,3r0j_A,5ed4E,250,250,mmseqs,100.000000,1.000000,1.000000,250
softdis,pdbflex,mmseqs_85,4igj_A,4kdyA,242,242,mmseqs,100.000000,1.000000,1.000000,242
softdis,pdbflex,mmseqs_85,3eu9_C,3eu9A,240,240,mmseqs,100.000000,1.000000,1.000000,240
softdis,pdbflex,mmseqs_85,6ht6_A,6gibB,245,245,mmseqs,100.000000,1.000000,1.000000,245
softdis,pdbflex,mmseqs_85,6f70_A,6f70A,252,252,mmseqs,100.000000,1.000000,1.000000,252
softdis,pdbflex,mmseqs_85,4djm_A,4djmD,239,239,mmseqs,100.000000,1.000000,1.000000,239
softdis,pdbflex,mmseqs_85,4ivf_F,4ivfF,231,231,mmseqs,100.000000,1.000000,1.000000,231
softdis,pdbflex,mmseqs_85,4b09_A,4b09A,240,240,mmseqs,100.000000,1.000000,1.000000,240
softdis,pdbflex,mmseqs_85,4ke3_A,4kdxA,229,229,mmseqs,100.000000,1.000000,1.000000,229
softdis,pdbflex,mmseqs_85,2dwz_A,2dvwA,231,231,mmseqs,100.000000,1.000000,1.000000,231
softdis,pdbflex,mmseqs_85,3lg6_A,3lg6A,235,235,mmseqs,100.000000,1.000000,1.000000,235
softdis,pdbflex,mmseqs_85,4iq1_A,4iw9B,231,231,mmseqs,100.000000,1.000000,1.000000,231
softdis,pdbflex,mmseqs_85,3tb2_A,3tb2C,220,220,mmseqs,100.000000,1.000000,1.000000,220
softdis,pdbflex,mmseqs_85,4zbd_A,4zb8A,222,222,mmseqs,100.000000,1.000000,1.000000,222
softdis,pdbflex,mmseqs_85,4s04_A,4s05A,232,232,mmseqs,100.000000,1.000000,1.000000,232
softdis,pdbflex,mmseqs_85,4ykb_A,4ykbA,229,229,mmseqs,100.000000,1.000000,1.000000,229
softdis,pdbflex,mmseqs_85,3pr8_B,3lxzA,229,229,mmseqs,100.000000,1.000000,1.000000,229
softdis,pdbflex,mmseqs_85,4kgi_A,4kgiC,223,223,mmseqs,100.000000,1.000000,1.000000,223
softdis,pdbflex,mmseqs_85,5b6m_A,5b6nF,224,224,mmseqs,100.000000,1.000000,1.000000,224
softdis,pdbflex,mmseqs_85,5u8k_A,5u8kB,231,231,mmseqs,100.000000,1.000000,1.000000,231
softdis,pdbflex,mmseqs_85,6q5v_A,6q5vA,215,215,mmseqs,100.000000,1.000000,1.000000,215
softdis,pdbflex,mmseqs_85,4pnf_E,4yh2A,227,221,mmseqs,100.000000,0.973568,0.995495,221
softdis,pdbflex,mmseqs_85,6f05_B,6ezyB,215,215,mmseqs,100.000000,1.000000,1.000000,215
softdis,pdbflex,mmseqs_85,4yo0_B,6iccL,233,213,mmseqs,100.000000,0.914163,0.995327,213
softdis,pdbflex,mmseqs_85,1bi1_A,1c0wB,226,225,mmseqs,100.000000,0.995575,1.000000,225
softdis,pdbflex,mmseqs_85,1bye_A,1byeA,213,213,mmseqs,100.000000,1.000000,1.000000,213
softdis,pdbflex,mmseqs_85,1jlv_A,1jlvA,209,209,mmseqs,100.000000,1.000000,1.000000,209
softdis,pdbflex,mmseqs_85,6nxv_A,6nv6B,207,207,mmseqs,100.000000,1.000000,1.000000,207
softdis,pdbflex,mmseqs_85,2x64_A,2x64B,207,207,mmseqs,100.000000,1.000000,1.000000,207
softdis,pdbflex,mmseqs_85,5a4w_C,5a4wA,212,212,mmseqs,100.000000,1.000000,1.000000,212
softdis,pdbflex,mmseqs_85,1rrp_C,1rrpA,204,204,mmseqs,100.000000,1.000000,1.000000,204
softdis,pdbflex,mmseqs_85,2b7j_A,2b7jB,200,200,mmseqs,100.000000,1.000000,1.000000,200
softdis,pdbflex,mmseqs_85,4cym_D,4cz2D,203,203,mmseqs,100.000000,1.000000,1.000000,203
softdis,pdbflex,mmseqs_85,5jre_F,5jr9A,219,218,mmseqs,100.000000,0.995434,0.995434,218
softdis,pdbflex,mmseqs_85,2wst_A,2wstA,208,208,mmseqs,100.000000,1.000000,1.000000,208
softdis,pdbflex,mmseqs_85,6dv5_B,6dv5A,205,205,mmseqs,100.000000,1.000000,1.000000,205
softdis,pdbflex,mmseqs_85,6g47_A,6g47A,209,209,mmseqs,100.000000,1.000000,1.000000,209
softdis,pdbflex,mmseqs_85,2rgx_A,4ikeA,206,206,mmseqs,100.000000,1.000000,1.000000,206
softdis,pdbflex,mmseqs_85,6emt_A,6emuA,197,197,mmseqs,100.000000,1.000000,1.000000,197
softdis,pdbflex,mmseqs_85,2cls_A,2rexD,198,196,mmseqs,100.000000,0.989899,0.994924,196
softdis,pdbflex,mmseqs_85,6jb6_A,6jb6A,205,205,mmseqs,100.000000,1.000000,1.000000,205
softdis,pdbflex,mmseqs_85,1lti_A,1ltaA,192,188,mmseqs,100.000000,0.979167,1.000000,188
softdis,pdbflex,mmseqs_85,5x7v_A,5x7vC,193,193,mmseqs,100.000000,1.000000,1.000000,193
softdis,pdbflex,mmseqs_85,3dvx_A,3dvxA,196,196,mmseqs,100.000000,1.000000,1.000000,196
softdis,pdbflex,mmseqs_85,4r3v_A,4r3vA,183,183,mmseqs,100.000000,1.000000,1.000000,183
softdis,pdbflex,mmseqs_85,1uke_A,5ukdA,194,194,mmseqs,100.000000,1.000000,1.000000,194
softdis,pdbflex,mmseqs_85,3ref_B,3refB,194,194,mmseqs,100.000000,1.000000,1.000000,194
softdis,pdbflex,mmseqs_85,2von_A,2vodB,193,193,mmseqs,100.000000,1.000000,1.000000,193
softdis,pdbflex,mmseqs_85,5y63_A,5y63A,183,183,mmseqs,100.000000,1.000000,1.000000,183
softdis,pdbflex,mmseqs_85,4u9g_B,4u9gA,187,187,mmseqs,100.000000,1.000000,1.000000,187
softdis,pdbflex,mmseqs_85,3l9v_A,3l9vA,189,189,mmseqs,100.000000,1.000000,1.000000,189
softdis,pdbflex,mmseqs_85,3ma2_D,1bqqM,181,174,mmseqs,100.000000,0.961326,1.000000,174
softdis,pdbflex,mmseqs_85,3js5_A,3idoA,178,178,mmseqs,100.000000,1.000000,1.000000,178
softdis,pdbflex,mmseqs_85,6f2r_A,6f2rC,213,182,mmseqs,100.000000,0.854460,0.896552,182
softdis,pdbflex,mmseqs_85,1nob_A,1nobA,185,185,mmseqs,100.000000,1.000000,1.000000,185
softdis,pdbflex,mmseqs_85,9dj9_A,3f81A,191,183,mmseqs,100.000000,0.958115,1.000000,183
softdis,pdbflex,mmseqs_85,4d8k_A,1lckA,175,174,mmseqs,100.000000,0.994286,0.994286,174
softdis,pdbflex,mmseqs_85,1qfv_B,1qftA,175,175,mmseqs,100.000000,1.000000,1.000000,175
softdis,pdbflex,mmseqs_85,6hjm_A,6hjmP,192,192,mmseqs,100.000000,1.000000,1.000000,192
softdis,pdbflex,mmseqs_85,6lkp_A,6lkpC,184,184,mmseqs,100.000000,1.000000,1.000000,184
softdis,pdbflex,mmseqs_85,1veq_B,1veiA,183,183,mmseqs,100.000000,1.000000,1.000000,183
softdis,pdbflex,mmseqs_85,6huf_K,6hufA,182,182,mmseqs,100.000000,1.000000,1.000000,182
softdis,pdbflex,mmseqs_85,3t64_A,3t64A,181,181,mmseqs,100.000000,1.000000,1.000000,181
softdis,pdbflex,mmseqs_85,4txo_D,4txoD,175,175,mmseqs,100.000000,1.000000,1.000000,175
softdis,pdbflex,mmseqs_85,1wms_A,1s8fB,177,175,mmseqs,100.000000,0.988701,0.988701,175
softdis,pdbflex,mmseqs_85,2gm3_A,2gm3A,175,175,mmseqs,100.000000,1.000000,1.000000,175
softdis,pdbflex,mmseqs_85,5cer_B,5cerB,193,193,mmseqs,100.000000,1.000000,1.000000,193
softdis,pdbflex,mmseqs_85,3pnb_A,3nbkD,177,177,mmseqs,100.000000,1.000000,1.000000,177
softdis,pdbflex,mmseqs_85,5mp0_D,5mp0D,166,166,mmseqs,100.000000,1.000000,1.000000,166
softdis,pdbflex,mmseqs_85,2bet_A,2betC,172,172,mmseqs,100.000000,1.000000,1.000000,172
softdis,pdbflex,mmseqs_85,2gjs_A,2gjsA,176,176,mmseqs,100.000000,1.000000,1.000000,176
softdis,pdbflex,mmseqs_85,1tk6_B,1tkpA,182,182,mmseqs,100.000000,1.000000,1.000000,182
softdis,pdbflex,mmseqs_85,2cyx_A,2cyxA,170,170,mmseqs,100.000000,1.000000,1.000000,170
softdis,pdbflex,mmseqs_85,4cyb_A,4cybJ,173,173,mmseqs,100.000000,1.000000,1.000000,173
softdis,pdbflex,mmseqs_85,5y5o_A,5y5pD,174,174,mmseqs,100.000000,1.000000,1.000000,174
softdis,pdbflex,mmseqs_85,1yh2_A,1yh2A,169,169,mmseqs,100.000000,1.000000,1.000000,169
softdis,pdbflex,mmseqs_85,4hj6_A,4hj6B,178,178,mmseqs,100.000000,1.000000,1.000000,178
softdis,pdbflex,mmseqs_85,4lfm_D,4lfkB,172,172,mmseqs,100.000000,1.000000,1.000000,172
softdis,pdbflex,mmseqs_85,4mtd_A,4mteD,171,171,mmseqs,100.000000,1.000000,1.000000,171
softdis,pdbflex,mmseqs_85,6jjj_B,6jjjA,160,160,mmseqs,100.000000,1.000000,1.000000,160
softdis,pdbflex,mmseqs_85,6o3w_A,6o3xA,172,172,mmseqs,100.000000,1.000000,1.000000,172
softdis,pdbflex,mmseqs_85,3nd5_A,3nd5A,171,171,mmseqs,100.000000,1.000000,1.000000,171
softdis,pdbflex,mmseqs_85,4v0n_A,4v0lA,169,169,mmseqs,100.000000,1.000000,1.000000,169
softdis,pdbflex,mmseqs_85,7ytq_A,3c22D,156,156,mmseqs,100.000000,1.000000,1.000000,156
softdis,pdbflex,mmseqs_85,1d1q_A,1d1qA,161,161,mmseqs,100.000000,1.000000,1.000000,161
softdis,pdbflex,mmseqs_85,2pqs_A,2pqsA,159,159,mmseqs,100.000000,1.000000,1.000000,159
softdis,pdbflex,mmseqs_85,3alu_A,3aluA,157,157,mmseqs,100.000000,1.000000,1.000000,157
softdis,pdbflex,mmseqs_85,5hry_A,5hryH,169,169,mmseqs,100.000000,1.000000,1.000000,169
softdis,pdbflex,mmseqs_85,1ri7_A,2e1cA,171,171,mmseqs,100.000000,1.000000,1.000000,171
softdis,pdbflex,mmseqs_85,1wp0_A,2ggtA,165,161,mmseqs,100.000000,0.975758,0.981707,161
softdis,pdbflex,mmseqs_85,4ora_B,1tcoB,170,169,mmseqs,100.000000,0.994118,1.000000,169
softdis,pdbflex,mmseqs_85,2cx3_A,4gqfA,164,164,mmseqs,100.000000,1.000000,1.000000,164
softdis,pdbflex,mmseqs_85,1vb6_A,1vb6A,167,167,mmseqs,100.000000,1.000000,1.000000,167
softdis,pdbflex,mmseqs_85,2xr5_A,6ghvC,166,151,mmseqs,100.000000,0.909639,0.974194,151
softdis,pdbflex,mmseqs_85,3o22_A,3o2yA,162,162,mmseqs,100.000000,1.000000,1.000000,162
softdis,pdbflex,mmseqs_85,4zcu_A,4zcvA,165,165,mmseqs,100.000000,1.000000,1.000000,165
softdis,pdbflex,mmseqs_85,6ml2_A,6ml4A,151,151,mmseqs,100.000000,1.000000,1.000000,151
softdis,pdbflex,mmseqs_85,6mgh_H,6mghD,163,163,mmseqs,100.000000,1.000000,1.000000,163
softdis,pdbflex,mmseqs_85,3otw_F,3otwA,163,163,mmseqs,100.000000,1.000000,1.000000,163
softdis,pdbflex,mmseqs_85,5duw_C,5duuB,155,155,mmseqs,100.000000,1.000000,1.000000,155
softdis,pdbflex,mmseqs_85,1zdn_A,1zdnA,158,158,mmseqs,100.000000,1.000000,1.000000,158
softdis,pdbflex,mmseqs_85,5njk_E,5njkA,156,156,mmseqs,100.000000,1.000000,1.000000,156
softdis,pdbflex,mmseqs_85,4b04_C,4hrfA,160,160,mmseqs,100.000000,1.000000,1.000000,160
softdis,pdbflex,mmseqs_85,4ezm_L,4gkoL,143,143,mmseqs,100.000000,1.000000,1.000000,143
softdis,pdbflex,mmseqs_85,1umn_K,2ux1G,165,164,mmseqs,100.000000,0.993939,0.993939,164
softdis,pdbflex,mmseqs_85,4onx_A,4onxE,162,162,mmseqs,100.000000,1.000000,1.000000,162
softdis,pdbflex,mmseqs_85,5ond_A,2ougA,162,161,mmseqs,100.000000,0.993827,0.993827,161
softdis,pdbflex,mmseqs_85,1nn4_B,1nn4A,162,162,mmseqs,100.000000,1.000000,1.000000,162
softdis,pdbflex,mmseqs_85,2wal_A,2walA,159,159,mmseqs,100.000000,1.000000,1.000000,159
softdis,pdbflex,mmseqs_85,4lfn_A,4lfnA,162,162,mmseqs,100.000000,1.000000,1.000000,162
softdis,pdbflex,mmseqs_85,4ylz_A,4ym1C,153,153,mmseqs,100.000000,1.000000,1.000000,153
softdis,pdbflex,mmseqs_85,1o9r_A,1o9rA,162,162,mmseqs,100.000000,1.000000,1.000000,162
softdis,pdbflex,mmseqs_85,4mpo_B,4mpoB,153,153,mmseqs,100.000000,1.000000,1.000000,153
softdis,pdbflex,mmseqs_85,6ovf_A,6ovfA,161,161,mmseqs,100.000000,1.000000,1.000000,161
softdis,pdbflex,mmseqs_85,3ffu_A,3ffuA,153,153,mmseqs,100.000000,1.000000,1.000000,153
softdis,pdbflex,mmseqs_85,4ijx_A,4ijxA,155,155,mmseqs,100.000000,1.000000,1.000000,155
softdis,pdbflex,mmseqs_85,5ei9_F,5ei9E,144,144,mmseqs,100.000000,1.000000,1.000000,144
softdis,pdbflex,mmseqs_85,1do5_A,1do5A,154,154,mmseqs,100.000000,1.000000,1.000000,154
softdis,pdbflex,mmseqs_85,2rib_A,2ricC,160,160,mmseqs,100.000000,1.000000,1.000000,160
softdis,pdbflex,mmseqs_85,5id2_A,1xvwB,164,153,mmseqs,100.000000,0.932927,0.956250,153
softdis,pdbflex,mmseqs_85,2bpd_A,2bpdB,142,142,mmseqs,100.000000,1.000000,1.000000,142
softdis,pdbflex,mmseqs_85,4nat_B,4nauB,160,160,mmseqs,100.000000,1.000000,1.000000,160
softdis,pdbflex,mmseqs_85,5xfi_A,5xfiA,153,153,mmseqs,100.000000,1.000000,1.000000,153
softdis,pdbflex,mmseqs_85,1ilr_1,1ilr1,152,152,mmseqs,100.000000,1.000000,1.000000,152
softdis,pdbflex,mmseqs_85,2gv5_A,3fwbA,161,161,mmseqs,100.000000,1.000000,1.000000,161
softdis,pdbflex,mmseqs_85,2c41_A,2c41C,158,158,mmseqs,100.000000,1.000000,1.000000,158
softdis,pdbflex,mmseqs_85,4wqq_A,4wqqA,141,141,mmseqs,100.000000,1.000000,1.000000,141
softdis,pdbflex,mmseqs_85,3woc_A,3wocA,151,151,mmseqs,100.000000,1.000000,1.000000,151
softdis,pdbflex,mmseqs_85,5f2q_C,5f2qB,135,135,mmseqs,100.000000,1.000000,1.000000,135
softdis,pdbflex,mmseqs_85,5mgr_A,5mgsH,146,146,mmseqs,100.000000,1.000000,1.000000,146
softdis,pdbflex,mmseqs_85,3zqp_A,3zqqC,164,164,mmseqs,100.000000,1.000000,1.000000,164
softdis,pdbflex,mmseqs_85,6hde_C,6hdeB,152,152,mmseqs,100.000000,1.000000,1.000000,152
softdis,pdbflex,mmseqs_85,5umw_A,5umwA,151,151,mmseqs,100.000000,1.000000,1.000000,151
softdis,pdbflex,mmseqs_85,3ox5_A,3ox5A,153,153,mmseqs,100.000000,1.000000,1.000000,153
softdis,pdbflex,mmseqs_85,4yif_A,4yifB,164,164,mmseqs,100.000000,1.000000,1.000000,164
softdis,pdbflex,mmseqs_85,5cfi_A,5cfiA,152,152,mmseqs,100.000000,1.000000,1.000000,152
softdis,pdbflex,mmseqs_85,3hyb_A,3rg6C,155,155,mmseqs,100.000000,1.000000,1.000000,155
softdis,pdbflex,mmseqs_85,6oec_A,6oecL,162,162,mmseqs,100.000000,1.000000,1.000000,162
softdis,pdbflex,mmseqs_85,1br4_B,1br4B,150,150,mmseqs,100.000000,1.000000,1.000000,150
softdis,pdbflex,mmseqs_85,2py2_A,2py2A,136,136,mmseqs,100.000000,1.000000,1.000000,136
softdis,pdbflex,mmseqs_85,2yjk_G,2yjkC,161,161,mmseqs,100.000000,1.000000,1.000000,161
softdis,pdbflex,mmseqs_85,3e0o_A,3e0oA,144,144,mmseqs,100.000000,1.000000,1.000000,144
softdis,pdbflex,mmseqs_85,3o4o_A,2i1bA,158,153,mmseqs,100.000000,0.968354,1.000000,153
softdis,pdbflex,mmseqs_85,4lk9_A,4lk9A,136,136,mmseqs,100.000000,1.000000,1.000000,136
softdis,pdbflex,mmseqs_85,5ft8_U,5ft8B,154,154,mmseqs,100.000000,1.000000,1.000000,154
softdis,pdbflex,mmseqs_85,5jp5_A,5jp5D,145,145,mmseqs,100.000000,1.000000,1.000000,145
softdis,pdbflex,mmseqs_85,5zrp_A,5zrkA,150,150,mmseqs,100.000000,1.000000,1.000000,150
softdis,pdbflex,mmseqs_85,6upp_A,6pryA,150,150,mmseqs,100.000000,1.000000,1.000000,150
softdis,pdbflex,mmseqs_85,2fjy_A,2fjyB,142,142,mmseqs,100.000000,1.000000,1.000000,142
softdis,pdbflex,mmseqs_85,3tp1_A,3tpwA,152,152,mmseqs,100.000000,1.000000,1.000000,152
softdis,pdbflex,mmseqs_85,1l2o_B,3jtdB,156,156,mmseqs,100.000000,1.000000,1.000000,156
softdis,pdbflex,mmseqs_85,2okd_A,2okdC,147,147,mmseqs,100.000000,1.000000,1.000000,147
softdis,pdbflex,mmseqs_85,3nfd_A,3nfdE,153,153,mmseqs,100.000000,1.000000,1.000000,153
softdis,pdbflex,mmseqs_85,6bbx_A,5w27A,144,144,mmseqs,100.000000,1.000000,1.000000,144
softdis,pdbflex,mmseqs_85,4fhq_A,4rsuJ,134,134,mmseqs,100.000000,1.000000,1.000000,134
softdis,pdbflex,mmseqs_85,2fjc_A,2fjcB,156,156,mmseqs,100.000000,1.000000,1.000000,156
softdis,pdbflex,mmseqs_85,4gx7_A,4gx7A,152,152,mmseqs,100.000000,1.000000,1.000000,152
softdis,pdbflex,mmseqs_85,4kzv_A,4kzwA,134,134,mmseqs,100.000000,1.000000,1.000000,134
softdis,pdbflex,mmseqs_85,5hsm_A,5x80A,160,160,mmseqs,100.000000,1.000000,1.000000,160
softdis,pdbflex,mmseqs_85,4kg3_A,4kg3B,146,146,mmseqs,100.000000,1.000000,1.000000,146
softdis,pdbflex,mmseqs_85,4p78_A,4p7dB,143,143,mmseqs,100.000000,1.000000,1.000000,143
softdis,pdbflex,mmseqs_85,6flw_A,6flwA,144,144,mmseqs,100.000000,1.000000,1.000000,144
softdis,pdbflex,mmseqs_85,3ezz_A,3ezzA,144,144,mmseqs,100.000000,1.000000,1.000000,144
softdis,pdbflex,mmseqs_85,4oxb_A,1qmtA,134,134,mmseqs,100.000000,1.000000,1.000000,134
softdis,pdbflex,mmseqs_85,4d3p_A,4d3pA,147,147,mmseqs,100.000000,1.000000,1.000000,147
softdis,pdbflex,mmseqs_85,4pav_A,4pavB,145,145,mmseqs,100.000000,1.000000,1.000000,145
softdis,pdbflex,mmseqs_85,5tzn_A,5tznA,137,137,mmseqs,100.000000,1.000000,1.000000,137
softdis,pdbflex,mmseqs_85,2wc6_A,2wcmA,141,141,mmseqs,100.000000,1.000000,1.000000,141
softdis,pdbflex,mmseqs_85,3hup_A,3hupA,130,130,mmseqs,100.000000,1.000000,1.000000,130
softdis,pdbflex,mmseqs_85,4dxe_A,4jm7A,143,143,mmseqs,100.000000,1.000000,1.000000,143
softdis,pdbflex,mmseqs_85,5ltw_C,5ltwG,149,149,mmseqs,100.000000,1.000000,1.000000,149
softdis,pdbflex,mmseqs_85,5lnl_A,5lnlC,151,151,mmseqs,100.000000,1.000000,1.000000,151
softdis,pdbflex,mmseqs_85,4d0v_A,4d0vD,145,145,mmseqs,100.000000,1.000000,1.000000,145
softdis,pdbflex,mmseqs_85,4e9m_A,4e9mA,144,144,mmseqs,100.000000,1.000000,1.000000,144
softdis,pdbflex,mmseqs_85,1xk8_A,1xk8D,147,147,mmseqs,100.000000,1.000000,1.000000,147
softdis,pdbflex,mmseqs_85,3wsr_A,3wwkC,128,128,mmseqs,100.000000,1.000000,1.000000,128
softdis,pdbflex,mmseqs_85,3zxf_A,3zxfB,138,138,mmseqs,100.000000,1.000000,1.000000,138
softdis,pdbflex,mmseqs_85,4d6x_A,4d6yA,148,148,mmseqs,100.000000,1.000000,1.000000,148
softdis,pdbflex,mmseqs_85,5ii7_A,5mr3E,138,136,mmseqs,100.000000,0.985507,1.000000,136
softdis,pdbflex,mmseqs_85,5nld_A,5nldB,139,139,mmseqs,100.000000,1.000000,1.000000,139
softdis,pdbflex,mmseqs_85,5u0i_A,5u0iB,140,140,mmseqs,100.000000,1.000000,1.000000,140
softdis,pdbflex,mmseqs_85,1pqf_B,1pqfA,143,143,mmseqs,100.000000,1.000000,1.000000,143
softdis,pdbflex,mmseqs_85,6af3_A,6af4A,141,141,mmseqs,100.000000,1.000000,1.000000,141
softdis,pdbflex,mmseqs_85,6ifb_A,6ifbB,135,135,mmseqs,100.000000,1.000000,1.000000,135
softdis,pdbflex,mmseqs_85,1osa_A,1osaA,148,148,mmseqs,100.000000,1.000000,1.000000,148
softdis,pdbflex,mmseqs_85,3dxe_C,3dxdA,140,140,mmseqs,100.000000,1.000000,1.000000,140
softdis,pdbflex,mmseqs_85,6eun_A,6eunA,156,156,mmseqs,100.000000,1.000000,1.000000,156
softdis,pdbflex,mmseqs_85,7o4p_A,3vy7A,148,139,mmseqs,100.000000,0.939189,0.985816,139
softdis,pdbflex,mmseqs_85,2g0i_A,2g0jC,145,145,mmseqs,100.000000,1.000000,1.000000,145
softdis,pdbflex,mmseqs_85,1bj3_A,1bj3A,129,129,mmseqs,100.000000,1.000000,1.000000,129
softdis,pdbflex,mmseqs_85,4ozj_A,4oznA,143,143,mmseqs,100.000000,1.000000,1.000000,143
softdis,pdbflex,mmseqs_85,5h9p_A,6q17A,158,138,mmseqs,100.000000,0.873418,0.992806,138
softdis,pdbflex,mmseqs_85,4erh_B,4rhaA,148,141,mmseqs,100.000000,0.952703,0.965753,141
softdis,pdbflex,mmseqs_85,1ov8_C,1qhqA,140,140,mmseqs,100.000000,1.000000,1.000000,140
softdis,pdbflex,mmseqs_85,3lus_A,3lusB,148,148,mmseqs,100.000000,1.000000,1.000000,148
softdis,pdbflex,mmseqs_85,3ul5_A,3ul5D,139,139,mmseqs,100.000000,1.000000,1.000000,139
softdis,pdbflex,mmseqs_85,4x09_A,6enpA,128,128,mmseqs,100.000000,1.000000,1.000000,128
softdis,pdbflex,mmseqs_85,5gi0_A,5gi0A,133,133,mmseqs,100.000000,1.000000,1.000000,133
softdis,pdbflex,mmseqs_85,5v6f_A,5v6cB,138,138,mmseqs,100.000000,1.000000,1.000000,138
softdis,pdbflex,mmseqs_85,2oz1_B,2oz1F,138,138,mmseqs,100.000000,1.000000,1.000000,138
softdis,pdbflex,mmseqs_85,2qzj_A,2qzjA,136,136,mmseqs,100.000000,1.000000,1.000000,136
softdis,pdbflex,mmseqs_85,1is6_A,1is3A,135,135,mmseqs,100.000000,1.000000,1.000000,135
softdis,pdbflex,mmseqs_85,5m6h_A,6h6rA,127,127,mmseqs,100.000000,1.000000,1.000000,127
softdis,pdbflex,mmseqs_85,5n16_D,5n15A,138,138,mmseqs,100.000000,1.000000,1.000000,138
softdis,pdbflex,mmseqs_85,6mtj_D,6mtnD,134,134,mmseqs,100.000000,1.000000,1.000000,134
softdis,pdbflex,mmseqs_85,1yxj_B,1ypuB,130,128,mmseqs,100.000000,0.984615,0.948148,128
softdis,pdbflex,mmseqs_85,2ymz_A,2ymzA,130,130,mmseqs,100.000000,1.000000,1.000000,130
softdis,pdbflex,mmseqs_85,1bj3_B,1j34B,123,123,mmseqs,100.000000,1.000000,1.000000,123
softdis,pdbflex,mmseqs_85,3ljd_A,2vq8A,126,125,mmseqs,100.000000,0.992063,0.899281,125
softdis,pdbflex,mmseqs_85,3fz2_A,3fz2E,134,134,mmseqs,100.000000,1.000000,1.000000,134
softdis,pdbflex,mmseqs_85,6d48_E,6d49A,127,127,mmseqs,100.000000,1.000000,1.000000,127
softdis,pdbflex,mmseqs_85,1kcg_A,1mpuA,124,124,mmseqs,100.000000,1.000000,0.898551,124
softdis,pdbflex,mmseqs_85,2gwf_B,2fzpA,134,134,mmseqs,100.000000,1.000000,0.930556,134
softdis,pdbflex,mmseqs_85,6e7d_A,6e7dE,124,124,mmseqs,100.000000,1.000000,1.000000,124
softdis,pdbflex,mmseqs_85,7x9o_A,3a6tA,129,129,mmseqs,100.000000,1.000000,1.000000,129
softdis,pdbflex,mmseqs_85,3c3i_B,3c3iB,141,141,mmseqs,100.000000,1.000000,1.000000,141
softdis,pdbflex,mmseqs_85,6scf_G,6scfF,138,138,mmseqs,100.000000,1.000000,1.000000,138
softdis,pdbflex,mmseqs_85,1f7n_B,1f7rA,136,136,mmseqs,100.000000,1.000000,1.000000,136
softdis,pdbflex,mmseqs_85,5fgs_A,5fgsC,136,136,mmseqs,100.000000,1.000000,1.000000,136
softdis,pdbflex,mmseqs_85,2jca_A,2jbzA,143,143,mmseqs,100.000000,1.000000,1.000000,143
softdis,pdbflex,mmseqs_85,2qq4_B,2qq4A,138,138,mmseqs,100.000000,1.000000,1.000000,138
softdis,pdbflex,mmseqs_85,4n6m_A,4n6mA,132,132,mmseqs,100.000000,1.000000,1.000000,132
softdis,pdbflex,mmseqs_85,1b6e_A,3bdwA,128,123,mmseqs,100.000000,0.960938,1.000000,123
softdis,pdbflex,mmseqs_85,4uhs_A,4uhkA,136,136,mmseqs,100.000000,1.000000,1.000000,136
softdis,pdbflex,mmseqs_85,5y61_B,5eazA,138,135,mmseqs,100.000000,0.978261,1.000000,135
softdis,pdbflex,mmseqs_85,2vzc_A,2vzcA,131,131,mmseqs,100.000000,1.000000,1.000000,131
softdis,pdbflex,mmseqs_85,4o1i_A,4o1iD,138,138,mmseqs,100.000000,1.000000,1.000000,138
softdis,pdbflex,mmseqs_85,5v52_D,3r0nA,140,127,mmseqs,100.000000,0.907143,0.992188,127
softdis,pdbflex,mmseqs_85,6br7_A,6br7B,133,133,mmseqs,100.000000,1.000000,1.000000,133
softdis,pdbflex,mmseqs_85,6s45_A,6qqhA,128,128,mmseqs,100.000000,1.000000,1.000000,128
softdis,pdbflex,mmseqs_85,3iqc_A,3iqcA,131,131,mmseqs,100.000000,1.000000,1.000000,131
softdis,pdbflex,mmseqs_85,1oxk_B,2r25B,134,132,mmseqs,100.000000,0.985075,0.992481,132
softdis,pdbflex,mmseqs_85,1za3_R,1d4vA,134,115,mmseqs,100.000000,0.858209,0.982906,115
softdis,pdbflex,mmseqs_85,6cmv_A,6cmvB,139,139,mmseqs,100.000000,1.000000,1.000000,139
softdis,pdbflex,mmseqs_85,6cps_A,6cpsA,131,131,mmseqs,100.000000,1.000000,1.000000,131
softdis,pdbflex,mmseqs_85,1qmp_A,1qmpA,130,130,mmseqs,100.000000,1.000000,1.000000,130
softdis,pdbflex,mmseqs_85,3lte_M,3lteD,132,132,mmseqs,100.000000,1.000000,1.000000,132
softdis,pdbflex,mmseqs_85,4pup_A,4qybB,131,125,mmseqs,100.000000,0.954198,1.000000,125
softdis,pdbflex,mmseqs_85,2omo_A,2omoA,124,124,mmseqs,100.000000,1.000000,1.000000,124
softdis,pdbflex,mmseqs_85,3ulg_B,2nxqA,134,134,mmseqs,100.000000,1.000000,1.000000,134
softdis,pdbflex,mmseqs_85,4n21_A,4n21C,130,130,mmseqs,100.000000,1.000000,1.000000,130
softdis,pdbflex,mmseqs_85,1cxa_A,1l9jC,124,124,mmseqs,100.000000,1.000000,1.000000,124
softdis,pdbflex,mmseqs_85,3cdg_K,3cdgF,120,120,mmseqs,100.000000,1.000000,1.000000,120
softdis,pdbflex,mmseqs_85,4o32_A,3ul3B,138,128,mmseqs,100.000000,0.927536,1.000000,128
softdis,pdbflex,mmseqs_85,4tum_A,4tumA,132,132,mmseqs,100.000000,1.000000,1.000000,132
softdis,pdbflex,mmseqs_85,1jr8_A,1jraA,117,117,mmseqs,100.000000,1.000000,1.000000,117
softdis,pdbflex,mmseqs_85,6h6n_A,6h6nA,131,131,mmseqs,100.000000,1.000000,1.000000,131
softdis,pdbflex,mmseqs_85,2jjs_A,2uv3B,126,126,mmseqs,100.000000,1.000000,1.000000,126
softdis,pdbflex,mmseqs_85,2yhf_A,2yhfA,118,118,mmseqs,100.000000,1.000000,1.000000,118
softdis,pdbflex,mmseqs_85,5hbl_A,5hblA,127,127,mmseqs,100.000000,1.000000,1.000000,127
softdis,pdbflex,mmseqs_85,5s8c_A,5encA,128,128,mmseqs,100.000000,1.000000,0.977099,128
softdis,pdbflex,mmseqs_85,6gdv_C,6gduA,133,133,mmseqs,100.000000,1.000000,1.000000,133
softdis,pdbflex,mmseqs_85,6is1_E,6is2A,128,128,mmseqs,100.000000,1.000000,1.000000,128
softdis,pdbflex,mmseqs_85,4qey_A,4qeyA,132,132,mmseqs,100.000000,1.000000,1.000000,132
softdis,pdbflex,mmseqs_85,5dc4_A,3uyoA,123,123,mmseqs,100.000000,1.000000,1.000000,123
softdis,pdbflex,mmseqs_85,2j1k_T,1f5wA,128,126,mmseqs,100.000000,0.984375,1.000000,126
softdis,pdbflex,mmseqs_85,6p17_B,6p1eB,123,123,mmseqs,100.000000,1.000000,1.000000,123
softdis,pdbflex,mmseqs_85,2fwe_A,1uc7A,134,125,mmseqs,100.000000,0.932836,1.000000,125
softdis,pdbflex,mmseqs_85,3h7q_A,3ne3B,132,130,mmseqs,100.000000,0.984848,1.000000,130
softdis,pdbflex,mmseqs_85,6ar4_A,6bjnA,125,125,mmseqs,100.000000,1.000000,1.000000,125
softdis,pdbflex,mmseqs_85,4ox8_A,4ox8A,128,128,mmseqs,100.000000,1.000000,1.000000,128
softdis,pdbflex,mmseqs_85,3rtl_A,3rtlB,121,121,mmseqs,100.000000,1.000000,1.000000,121
softdis,pdbflex,mmseqs_85,4lw9_Q,4lw9A,120,120,mmseqs,100.000000,1.000000,1.000000,120
softdis,pdbflex,mmseqs_85,1orj_A,1orjA,130,130,mmseqs,100.000000,1.000000,1.000000,130
softdis,pdbflex,mmseqs_85,1sf8_A,1sf8G,126,126,mmseqs,100.000000,1.000000,1.000000,126
softdis,pdbflex,mmseqs_85,2j80_A,1p0zA,135,129,mmseqs,100.000000,0.955556,0.984733,129
softdis,pdbflex,mmseqs_85,5cqx_A,5cqxB,119,119,mmseqs,100.000000,1.000000,1.000000,119
softdis,pdbflex,mmseqs_85,2iug_A,2iuhA,120,120,mmseqs,100.000000,1.000000,1.000000,120
softdis,pdbflex,mmseqs_85,2x18_E,2x18E,119,119,mmseqs,100.000000,1.000000,1.000000,119
softdis,pdbflex,mmseqs_85,1d5w_B,1dckB,126,126,mmseqs,100.000000,1.000000,1.000000,126
softdis,pdbflex,mmseqs_85,3o6u_A,3o6uA,128,128,mmseqs,100.000000,1.000000,1.000000,128
softdis,pdbflex,mmseqs_85,3wgd_A,3wgdC,113,113,mmseqs,100.000000,1.000000,1.000000,113
softdis,pdbflex,mmseqs_85,4lx8_A,4hnsA,124,124,mmseqs,100.000000,1.000000,1.000000,124
softdis,pdbflex,mmseqs_85,4q0o_A,3g0jA,124,124,mmseqs,100.000000,1.000000,1.000000,124
softdis,pdbflex,mmseqs_85,1w89_A,1w4vA,119,119,mmseqs,100.000000,1.000000,1.000000,119
softdis,pdbflex,mmseqs_85,2qms_A,4wwqB,120,120,mmseqs,100.000000,1.000000,1.000000,120
softdis,pdbflex,mmseqs_85,4of6_A,4of6B,120,120,mmseqs,100.000000,1.000000,1.000000,120
softdis,pdbflex,mmseqs_85,4ofi_A,4ofiC,115,115,mmseqs,100.000000,1.000000,1.000000,115
softdis,pdbflex,mmseqs_85,1mav_A,1m5tA,124,124,mmseqs,100.000000,1.000000,1.000000,124
softdis,pdbflex,mmseqs_85,2atp_C,1bqhH,122,122,mmseqs,100.000000,1.000000,0.945736,122
softdis,pdbflex,mmseqs_85,4lxr_J,3e07A,114,114,mmseqs,100.000000,1.000000,1.000000,114
softdis,pdbflex,mmseqs_85,5mkx_B,5fe6B,119,119,mmseqs,100.000000,1.000000,1.000000,119
softdis,pdbflex,mmseqs_85,5t2q_A,5t2rA,108,108,mmseqs,100.000000,1.000000,1.000000,108
softdis,pdbflex,mmseqs_85,5cmo_C,5suvA,125,125,mmseqs,100.000000,1.000000,0.992063,125
softdis,pdbflex,mmseqs_85,5d9z_B,5d9zB,112,112,mmseqs,100.000000,1.000000,1.000000,112
softdis,pdbflex,mmseqs_85,1fte_B,1fthA,122,122,mmseqs,100.000000,1.000000,1.000000,122
softdis,pdbflex,mmseqs_85,1ytt_A,1msbA,115,115,mmseqs,100.000000,1.000000,1.000000,115
softdis,pdbflex,mmseqs_85,2vm2_A,2vm1C,118,118,mmseqs,100.000000,1.000000,1.000000,118
softdis,pdbflex,mmseqs_85,5mpw_A,5mpwA,115,115,mmseqs,100.000000,1.000000,1.000000,115
softdis,pdbflex,mmseqs_85,7xne_A,6yijA,133,117,mmseqs,100.000000,0.879699,0.983193,117
softdis,pdbflex,mmseqs_85,2w8b_C,2w8bG,118,118,mmseqs,100.000000,1.000000,1.000000,118
softdis,pdbflex,mmseqs_85,2oe0_A,2oe1A,114,114,mmseqs,100.000000,1.000000,1.000000,114
softdis,pdbflex,mmseqs_85,3f72_A,3f72B,122,122,mmseqs,100.000000,1.000000,1.000000,122
softdis,pdbflex,mmseqs_85,2qra_D,2qraC,111,111,mmseqs,100.000000,1.000000,1.000000,111
softdis,pdbflex,mmseqs_85,3uvt_A,3uvtC,111,111,mmseqs,100.000000,1.000000,1.000000,111
softdis,pdbflex,mmseqs_85,2of5_A,2of5A,114,114,mmseqs,100.000000,1.000000,1.000000,114
softdis,pdbflex,mmseqs_85,3ia0_Z,3ia0A,119,119,mmseqs,100.000000,1.000000,1.000000,119
softdis,pdbflex,mmseqs_85,5hiy_A,5hiyB,114,114,mmseqs,100.000000,1.000000,1.000000,114
softdis,pdbflex,mmseqs_85,4oiz_A,4oitB,113,113,mmseqs,100.000000,1.000000,1.000000,113
softdis,pdbflex,mmseqs_85,1f7t_A,1f7tA,122,122,mmseqs,100.000000,1.000000,1.000000,122
softdis,pdbflex,mmseqs_85,1oms_C,1omsC,121,121,mmseqs,100.000000,1.000000,1.000000,121
softdis,pdbflex,mmseqs_85,2cov_D,2covD,104,104,mmseqs,100.000000,1.000000,1.000000,104
softdis,pdbflex,mmseqs_85,3ded_A,3dedC,113,113,mmseqs,100.000000,1.000000,1.000000,113
softdis,pdbflex,mmseqs_85,3ssq_A,3ssqA,122,122,mmseqs,100.000000,1.000000,1.000000,122
softdis,pdbflex,mmseqs_85,4pu8_B,4pu4D,118,118,mmseqs,100.000000,1.000000,1.000000,118
softdis,pdbflex,mmseqs_85,7s4e_A,6haxE,125,121,mmseqs,100.000000,0.968000,0.983740,121
softdis,pdbflex,mmseqs_85,6azr_B,3dgeC,123,122,mmseqs,100.000000,0.991870,1.000000,122
softdis,pdbflex,mmseqs_85,6ctd_A,6ctdA,121,121,mmseqs,100.000000,1.000000,1.000000,121
softdis,pdbflex,mmseqs_85,2was_A,2watA,122,122,mmseqs,100.000000,1.000000,1.000000,122
softdis,pdbflex,mmseqs_85,5fm8_A,5fm4B,112,112,mmseqs,100.000000,1.000000,1.000000,112
softdis,pdbflex,mmseqs_85,2of5_H,2of5H,118,118,mmseqs,100.000000,1.000000,1.000000,118
softdis,pdbflex,mmseqs_85,5un5_D,5un5C,123,123,mmseqs,100.000000,1.000000,1.000000,123
softdis,pdbflex,mmseqs_85,2z8v_C,2z8vC,116,116,mmseqs,100.000000,1.000000,1.000000,116
softdis,pdbflex,mmseqs_85,3f8b_A,3f8fA,116,116,mmseqs,100.000000,1.000000,0.920635,116
softdis,pdbflex,mmseqs_85,2zv3_A,2zv3B,115,115,mmseqs,100.000000,1.000000,1.000000,115
softdis,pdbflex,mmseqs_85,4xjk_D,4xjkD,114,114,mmseqs,100.000000,1.000000,1.000000,114
softdis,pdbflex,mmseqs_85,5e6n_A,5azhA,118,115,mmseqs,100.000000,0.974576,0.898438,115
softdis,pdbflex,mmseqs_85,6f5c_A,6quaB,127,117,mmseqs,100.000000,0.921260,1.000000,117
softdis,pdbflex,mmseqs_85,6j2z_F,6j2zB,108,108,mmseqs,100.000000,1.000000,1.000000,108
softdis,pdbflex,mmseqs_85,6jnl_A,6jnmA,101,101,mmseqs,100.000000,1.000000,1.000000,101
softdis,pdbflex,mmseqs_85,1kb2_B,1kb6B,110,110,mmseqs,100.000000,1.000000,1.000000,110
softdis,pdbflex,mmseqs_85,5j0l_A,5j0lA,141,141,mmseqs,100.000000,1.000000,1.000000,141
softdis,pdbflex,mmseqs_85,6ebb_A,6ebbA,120,120,mmseqs,100.000000,1.000000,1.000000,120
softdis,pdbflex,mmseqs_85,6er7_A,6exrA,120,120,mmseqs,100.000000,1.000000,1.000000,120
softdis,pdbflex,mmseqs_85,3ahp_A,3ahpB,108,108,mmseqs,100.000000,1.000000,1.000000,108
softdis,pdbflex,mmseqs_85,1i85_B,1i85A,110,110,mmseqs,100.000000,1.000000,1.000000,110
softdis,pdbflex,mmseqs_85,2pmu_A,2pmuB,110,110,mmseqs,100.000000,1.000000,1.000000,110
softdis,pdbflex,mmseqs_85,4pj1_O,4pj1Z,114,114,mmseqs,100.000000,1.000000,1.000000,114
softdis,pdbflex,mmseqs_85,4hjm_A,4n11A,111,111,mmseqs,100.000000,1.000000,1.000000,111
softdis,pdbflex,mmseqs_85,5aqf_D,5aquB,118,118,mmseqs,100.000000,1.000000,1.000000,118
softdis,pdbflex,mmseqs_85,5j7d_A,5j7dA,112,112,mmseqs,100.000000,1.000000,1.000000,112
softdis,pdbflex,mmseqs_85,5zhc_A,5zi8A,113,113,mmseqs,100.000000,1.000000,1.000000,113
softdis,pdbflex,mmseqs_85,1xw3_A,1xw3A,110,110,mmseqs,100.000000,1.000000,1.000000,110
softdis,pdbflex,mmseqs_85,2gsg_A,2otuA,116,114,mmseqs,100.000000,0.982759,0.991304,114
softdis,pdbflex,mmseqs_85,3jv6_B,3jv6B,107,107,mmseqs,100.000000,1.000000,1.000000,107
softdis,pdbflex,mmseqs_85,3r7n_B,1pyoD,112,104,mmseqs,100.000000,0.928571,0.990476,104
softdis,pdbflex,mmseqs_85,4n9g_C,4jlrC,123,123,mmseqs,100.000000,1.000000,1.000000,123
softdis,pdbflex,mmseqs_85,4yyi_A,4yyhB,108,108,mmseqs,100.000000,1.000000,1.000000,108
softdis,pdbflex,mmseqs_85,6i19_A,6q46A,113,113,mmseqs,100.000000,1.000000,1.000000,113
softdis,pdbflex,mmseqs_85,4rwx_A,4rwwA,114,113,mmseqs,100.000000,0.991228,1.000000,113
softdis,pdbflex,mmseqs_85,5or8_A,4qbmA,106,106,mmseqs,100.000000,1.000000,1.000000,106
softdis,pdbflex,mmseqs_85,5yny_A,5ynxA,128,118,mmseqs,100.000000,0.921875,1.000000,118
softdis,pdbflex,mmseqs_85,7sn6_A,4fxwA,106,106,mmseqs,100.000000,1.000000,1.000000,106
softdis,pdbflex,mmseqs_85,5xe2_A,5xe2A,107,107,mmseqs,100.000000,1.000000,1.000000,107
softdis,pdbflex,mmseqs_85,1bcp_D,1ptoD,110,110,mmseqs,100.000000,1.000000,1.000000,110
softdis,pdbflex,mmseqs_85,4y00_A,4y00A,103,103,mmseqs,100.000000,1.000000,1.000000,103
softdis,pdbflex,mmseqs_85,5x5l_A,5x5lE,109,109,mmseqs,100.000000,1.000000,1.000000,109
softdis,pdbflex,mmseqs_85,6pxb_F,6pxcA,109,109,mmseqs,100.000000,1.000000,1.000000,109
softdis,pdbflex,mmseqs_85,3qkb_A,3qkbA,111,111,mmseqs,100.000000,1.000000,1.000000,111
softdis,pdbflex,mmseqs_85,1gxp_A,1gxqA,106,106,mmseqs,100.000000,1.000000,1.000000,106
softdis,pdbflex,mmseqs_85,2pys_A,2pysB,109,109,mmseqs,100.000000,1.000000,1.000000,109
softdis,pdbflex,mmseqs_85,3dar_A,3cafA,105,100,mmseqs,100.000000,0.952381,1.000000,100
softdis,pdbflex,mmseqs_85,3mlf_A,3mlfA,111,111,mmseqs,100.000000,1.000000,1.000000,111
softdis,pdbflex,mmseqs_85,6app_B,4w2oB,106,106,mmseqs,100.000000,1.000000,1.000000,106
softdis,pdbflex,mmseqs_85,6gbg_D,2gk2B,115,107,mmseqs,100.000000,0.930435,0.963964,107
softdis,pdbflex,mmseqs_85,6ppp_G,3swnF,119,113,mmseqs,100.000000,0.949580,0.965812,113
softdis,pdbflex,mmseqs_85,3nsi_A,3nsiB,101,101,mmseqs,100.000000,1.000000,1.000000,101
softdis,pdbflex,mmseqs_85,3tkz_A,4je4A,109,103,mmseqs,100.000000,0.944954,0.971698,103
softdis,pdbflex,mmseqs_85,1bxa_A,2j55A,105,105,mmseqs,100.000000,1.000000,1.000000,105
softdis,pdbflex,mmseqs_85,3d1m_C,3n1fD,102,102,mmseqs,100.000000,1.000000,1.000000,102
softdis,pdbflex,mmseqs_85,3mop_D,3mopA,110,110,mmseqs,100.000000,1.000000,1.000000,110
softdis,pdbflex,mmseqs_85,4omy_A,4omzC,118,118,mmseqs,100.000000,1.000000,1.000000,118
softdis,pdbflex,mmseqs_85,2puk_C,2pukC,106,106,mmseqs,100.000000,1.000000,1.000000,106
softdis,pdbflex,mmseqs_85,5hk3_A,5hkcA,114,114,mmseqs,100.000000,1.000000,1.000000,114
softdis,pdbflex,mmseqs_85,6aso_G,4c92G,115,115,mmseqs,100.000000,1.000000,1.000000,115
softdis,pdbflex,mmseqs_85,1d4t_A,1d4tA,104,104,mmseqs,100.000000,1.000000,1.000000,104
softdis,pdbflex,mmseqs_85,1nw2_A,1nw2A,105,105,mmseqs,100.000000,1.000000,1.000000,105
softdis,pdbflex,mmseqs_85,4emh_U,4emhA,105,105,mmseqs,100.000000,1.000000,1.000000,105
softdis,pdbflex,mmseqs_85,4k2e_A,4ooiB,112,112,mmseqs,100.000000,1.000000,1.000000,112
softdis,pdbflex,mmseqs_85,4h2t_C,4h2uD,110,110,mmseqs,100.000000,1.000000,1.000000,110
softdis,pdbflex,mmseqs_85,4zk7_M,4zk7Q,111,111,mmseqs,100.000000,1.000000,1.000000,111
softdis,pdbflex,mmseqs_85,6kc4_A,6kc4A,102,102,mmseqs,100.000000,1.000000,1.000000,102
softdis,pdbflex,mmseqs_85,2d00_C,2d00A,109,109,mmseqs,100.000000,1.000000,1.000000,109
softdis,pdbflex,mmseqs_85,5ym6_A,5ym8B,115,108,mmseqs,100.000000,0.939130,1.000000,108
softdis,pdbflex,mmseqs_85,2hd3_A,2hd3B,103,103,mmseqs,100.000000,1.000000,1.000000,103
softdis,pdbflex,mmseqs_85,2pe8_A,2pehA,105,105,mmseqs,100.000000,1.000000,1.000000,105
softdis,pdbflex,mmseqs_85,3k3s_A,3k3sA,105,105,mmseqs,100.000000,1.000000,1.000000,105
softdis,pdbflex,mmseqs_85,3qby_A,3qbyA,94,94,mmseqs,100.000000,1.000000,1.000000,94
softdis,pdbflex,mmseqs_85,3qdo_A,3qdoA,109,109,mmseqs,100.000000,1.000000,1.000000,109
softdis,pdbflex,mmseqs_85,5j7k_A,5j7kB,99,99,mmseqs,100.000000,1.000000,1.000000,99
softdis,pdbflex,mmseqs_85,1ql3_A,1ql4A,99,99,mmseqs,100.000000,1.000000,1.000000,99
softdis,pdbflex,mmseqs_85,3nit_A,3nitA,90,90,mmseqs,100.000000,1.000000,1.000000,90
softdis,pdbflex,mmseqs_85,4jur_I,4hfkB,105,105,mmseqs,100.000000,1.000000,1.000000,105
softdis,pdbflex,mmseqs_85,1ehd_A,1ehhA,89,89,mmseqs,100.000000,1.000000,1.000000,89
softdis,pdbflex,mmseqs_85,2pei_A,2peiD,109,109,mmseqs,100.000000,1.000000,1.000000,109
softdis,pdbflex,mmseqs_85,2wwk_T,2wwmD,102,102,mmseqs,100.000000,1.000000,1.000000,102
softdis,pdbflex,mmseqs_85,4nyo_A,4nyoA,102,102,mmseqs,100.000000,1.000000,1.000000,102
softdis,pdbflex,mmseqs_85,4pw9_B,4pwaD,106,106,mmseqs,100.000000,1.000000,1.000000,106
softdis,pdbflex,mmseqs_85,4q2n_A,4q2nB,103,103,mmseqs,100.000000,1.000000,1.000000,103
softdis,pdbflex,mmseqs_85,6thh_A,6expF,104,104,mmseqs,100.000000,1.000000,1.000000,104
softdis,pdbflex,mmseqs_85,3oei_C,3oeiC,96,96,mmseqs,100.000000,1.000000,1.000000,96
softdis,pdbflex,mmseqs_85,4ygc_B,4ygdH,104,104,mmseqs,100.000000,1.000000,1.000000,104
softdis,pdbflex,mmseqs_85,6el8_A,6el8A,99,99,mmseqs,100.000000,1.000000,1.000000,99
softdis,pdbflex,mmseqs_85,6n3f_C,6n3dA,96,96,mmseqs,100.000000,1.000000,1.000000,96
softdis,pdbflex,mmseqs_85,8eg6_B,3qnwB,109,100,mmseqs,100.000000,0.917431,1.000000,100
softdis,pdbflex,mmseqs_85,1r1u_A,1r1uC,106,106,mmseqs,100.000000,1.000000,1.000000,106
softdis,pdbflex,mmseqs_85,2ql5_B,4lszD,97,97,mmseqs,100.000000,1.000000,0.923810,97
softdis,pdbflex,mmseqs_85,2vkj_A,2vkjA,106,106,mmseqs,100.000000,1.000000,1.000000,106
softdis,pdbflex,mmseqs_85,6o8o_A,6o8oB,111,111,mmseqs,100.000000,1.000000,1.000000,111
softdis,pdbflex,mmseqs_85,1jxg_B,1jxgA,100,100,mmseqs,100.000000,1.000000,1.000000,100
softdis,pdbflex,mmseqs_85,1psr_A,1psrA,100,100,mmseqs,100.000000,1.000000,1.000000,100
softdis,pdbflex,mmseqs_85,1wmg_A,1wmgA,103,103,mmseqs,100.000000,1.000000,1.000000,103
softdis,pdbflex,mmseqs_85,2pr0_A,2pr0A,94,94,mmseqs,100.000000,1.000000,1.000000,94
softdis,pdbflex,mmseqs_85,3oq9_H,3oq9H,100,100,mmseqs,100.000000,1.000000,1.000000,100
softdis,pdbflex,mmseqs_85,3stq_A,3stqA,102,102,mmseqs,100.000000,1.000000,1.000000,102
softdis,pdbflex,mmseqs_85,4h2w_C,4h2wC,103,103,mmseqs,100.000000,1.000000,1.000000,103
softdis,pdbflex,mmseqs_85,4zka_A,4zkaA,100,100,mmseqs,100.000000,1.000000,1.000000,100
softdis,pdbflex,mmseqs_85,5ied_B,5f0eB,88,88,mmseqs,100.000000,1.000000,1.000000,88
softdis,pdbflex,mmseqs_85,5m3d_A,5m3tB,101,101,mmseqs,100.000000,1.000000,1.000000,101
softdis,pdbflex,mmseqs_85,6lbi_C,3co6C,118,100,mmseqs,100.000000,0.847458,1.000000,100
softdis,pdbflex,mmseqs_85,1bt6_B,1a4pA,96,96,mmseqs,100.000000,1.000000,1.000000,96
softdis,pdbflex,mmseqs_85,3kjn_B,3kjnB,95,95,mmseqs,100.000000,1.000000,1.000000,95
softdis,pdbflex,mmseqs_85,5jvh_L,1nkwM,114,114,mmseqs,100.000000,1.000000,1.000000,114
softdis,pdbflex,mmseqs_85,5to4_A,5eg3B,101,97,mmseqs,100.000000,0.960396,0.850877,97
softdis,pdbflex,mmseqs_85,5xpb_D,5xpcB,100,100,mmseqs,100.000000,1.000000,1.000000,100
softdis,pdbflex,mmseqs_85,3oe3_A,3oe3C,98,98,mmseqs,100.000000,1.000000,1.000000,98
softdis,pdbflex,mmseqs_85,1pal_A,1pvbA,108,107,mmseqs,100.000000,0.990741,0.990741,107
softdis,pdbflex,mmseqs_85,2q73_A,2q73C,100,100,mmseqs,100.000000,1.000000,1.000000,100
softdis,pdbflex,mmseqs_85,3b83_A,3b83C,100,100,mmseqs,100.000000,1.000000,1.000000,100
softdis,pdbflex,mmseqs_85,5dft_A,5dftA,101,101,mmseqs,100.000000,1.000000,1.000000,101
softdis,pdbflex,mmseqs_85,2cxk_A,2cxkA,95,95,mmseqs,100.000000,1.000000,1.000000,95
softdis,pdbflex,mmseqs_85,6fia_A,6fiaD,104,104,mmseqs,100.000000,1.000000,1.000000,104
softdis,pdbflex,mmseqs_85,3isw_A,3iswB,99,99,mmseqs,100.000000,1.000000,1.000000,99
softdis,pdbflex,mmseqs_85,4jvz_A,4jvzC,99,99,mmseqs,100.000000,1.000000,1.000000,99
softdis,pdbflex,mmseqs_85,3pqj_A,3pqkB,102,102,mmseqs,100.000000,1.000000,1.000000,102
softdis,pdbflex,mmseqs_85,4dxe_H,4dxeI,101,101,mmseqs,100.000000,1.000000,1.000000,101
softdis,pdbflex,mmseqs_85,4j45_A,4j48A,86,86,mmseqs,100.000000,1.000000,1.000000,86
softdis,pdbflex,mmseqs_85,2hyi_B,2hyiB,91,91,mmseqs,100.000000,1.000000,1.000000,91
softdis,pdbflex,mmseqs_85,3mq1_D,3mq1A,103,103,mmseqs,100.000000,1.000000,1.000000,103
softdis,pdbflex,mmseqs_85,4y5o_A,4fqnA,98,98,mmseqs,100.000000,1.000000,1.000000,98
softdis,pdbflex,mmseqs_85,1owf_A,1owgA,99,99,mmseqs,100.000000,1.000000,1.000000,99
softdis,pdbflex,mmseqs_85,1vp7_C,1vp7B,100,100,mmseqs,100.000000,1.000000,1.000000,100
softdis,pdbflex,mmseqs_85,2qkv_A,2qkvA,96,96,mmseqs,100.000000,1.000000,1.000000,96
softdis,pdbflex,mmseqs_85,2rcf_A,2rcfA,91,91,mmseqs,100.000000,1.000000,1.000000,91
softdis,pdbflex,mmseqs_85,2vph_A,5ez0D,100,92,mmseqs,100.000000,0.920000,0.859813,92
softdis,pdbflex,mmseqs_85,3ulj_A,3uljB,90,90,mmseqs,100.000000,1.000000,1.000000,90
softdis,pdbflex,mmseqs_85,1aue_A,4driB,100,90,mmseqs,100.000000,0.900000,0.918367,90
softdis,pdbflex,mmseqs_85,1kkl_H,1kklJ,100,100,mmseqs,100.000000,1.000000,1.000000,100
softdis,pdbflex,mmseqs_85,3lnx_A,3lnxA,96,96,mmseqs,100.000000,1.000000,1.000000,96
softdis,pdbflex,mmseqs_85,5l37_A,5l37C,95,95,mmseqs,100.000000,1.000000,1.000000,95
softdis,pdbflex,mmseqs_85,1n9s_J,1n9sC,93,93,mmseqs,100.000000,1.000000,1.000000,93
softdis,pdbflex,mmseqs_85,1w2i_A,1v3zA,91,91,mmseqs,100.000000,1.000000,1.000000,91
softdis,pdbflex,mmseqs_85,3mli_A,3mliD,100,100,mmseqs,100.000000,1.000000,1.000000,100
softdis,pdbflex,mmseqs_85,1n5z_A,1jqqB,92,92,mmseqs,100.000000,1.000000,1.000000,92
softdis,pdbflex,mmseqs_85,4hi2_B,6krbA,91,91,mmseqs,100.000000,1.000000,1.000000,91
softdis,pdbflex,mmseqs_85,5csf_A,5csnA,95,95,mmseqs,100.000000,1.000000,1.000000,95
softdis,pdbflex,mmseqs_85,1owf_B,1owfB,94,94,mmseqs,100.000000,1.000000,1.000000,94
softdis,pdbflex,mmseqs_85,1yn4_A,1yn4A,99,99,mmseqs,100.000000,1.000000,1.000000,99
softdis,pdbflex,mmseqs_85,2aib_A,2a8fA,98,98,mmseqs,100.000000,1.000000,1.000000,98
softdis,pdbflex,mmseqs_85,2h3r_A,2oa5B,110,110,mmseqs,100.000000,1.000000,1.000000,110
softdis,pdbflex,mmseqs_85,2x5h_A,2x5hD,97,97,mmseqs,100.000000,1.000000,1.000000,97
softdis,pdbflex,mmseqs_85,2ek1_F,2ek1A,95,95,mmseqs,100.000000,1.000000,1.000000,95
softdis,pdbflex,mmseqs_85,2o94_A,2o94A,112,112,mmseqs,100.000000,1.000000,1.000000,112
softdis,pdbflex,mmseqs_85,4pjo_B,1d3bL,95,91,mmseqs,100.000000,0.957895,1.000000,91
softdis,pdbflex,mmseqs_85,1h0x_A,1h0yA,100,100,mmseqs,100.000000,1.000000,1.000000,100
softdis,pdbflex,mmseqs_85,2qyp_A,2qypB,91,91,mmseqs,100.000000,1.000000,1.000000,91
softdis,pdbflex,mmseqs_85,2wc8_A,2wc8D,95,95,mmseqs,100.000000,1.000000,1.000000,95
softdis,pdbflex,mmseqs_85,3p6y_C,3p5tM,90,90,mmseqs,100.000000,1.000000,1.000000,90
softdis,pdbflex,mmseqs_85,4uow_5,4c4kO,93,93,mmseqs,100.000000,1.000000,0.948980,93
softdis,pdbflex,mmseqs_85,5e1y_A,5e1yA,95,95,mmseqs,100.000000,1.000000,1.000000,95
softdis,pdbflex,mmseqs_85,1mfg_A,2h3lA,95,92,mmseqs,100.000000,0.968421,0.893204,92
softdis,pdbflex,mmseqs_85,5xjr_E,3pgwH,92,92,mmseqs,100.000000,1.000000,1.000000,92
softdis,pdbflex,mmseqs_85,2hnw_E,2hnuA,80,80,mmseqs,100.000000,1.000000,0.987654,80
softdis,pdbflex,mmseqs_85,4lmm_A,4n6xA,91,91,mmseqs,100.000000,1.000000,1.000000,91
softdis,pdbflex,mmseqs_85,4nxp_A,4nxrA,94,94,mmseqs,100.000000,1.000000,1.000000,94
softdis,pdbflex,mmseqs_85,6aso_E,5vsuE,93,93,mmseqs,100.000000,1.000000,0.968750,93
softdis,pdbflex,mmseqs_85,6c12_D,1x6iA,101,87,mmseqs,100.000000,0.861386,0.956044,87
softdis,pdbflex,mmseqs_85,6msv_F,6msvD,92,92,mmseqs,100.000000,1.000000,1.000000,92
softdis,pdbflex,mmseqs_85,6ppn_C,4emgA,95,93,mmseqs,100.000000,0.978947,1.000000,93
softdis,pdbflex,mmseqs_85,5cba_E,4zaiA,88,88,mmseqs,100.000000,1.000000,1.000000,88
softdis,pdbflex,mmseqs_85,3b4d_A,3ucgA,96,88,mmseqs,100.000000,0.916667,0.988764,88
softdis,pdbflex,mmseqs_85,4fxe_D,4fxhB,95,95,mmseqs,100.000000,1.000000,1.000000,95
softdis,pdbflex,mmseqs_85,4qeg_A,5jdjA,91,91,mmseqs,100.000000,1.000000,1.000000,91
softdis,pdbflex,mmseqs_85,5iqq_A,5iqqA,91,91,mmseqs,100.000000,1.000000,1.000000,91
softdis,pdbflex,mmseqs_85,5lsb_B,5lslE,84,84,mmseqs,100.000000,1.000000,1.000000,84
softdis,pdbflex,mmseqs_85,6a77_A,5o5iA,91,89,mmseqs,100.000000,0.978022,0.967391,89
softdis,pdbflex,mmseqs_85,2nwa_A,2nwaA,88,88,mmseqs,100.000000,1.000000,1.000000,88
softdis,pdbflex,mmseqs_85,3hzb_A,3hzbD,90,90,mmseqs,100.000000,1.000000,1.000000,90
softdis,pdbflex,mmseqs_85,1wnr_A,1wnrG,94,94,mmseqs,100.000000,1.000000,1.000000,94
softdis,pdbflex,mmseqs_85,3hug_A,3hugA,92,92,mmseqs,100.000000,1.000000,1.000000,92
softdis,pdbflex,mmseqs_85,4i7a_B,4i7aD,95,95,mmseqs,100.000000,1.000000,1.000000,95
softdis,pdbflex,mmseqs_85,4v0u_E,4v0uE,84,84,mmseqs,100.000000,1.000000,1.000000,84
softdis,pdbflex,mmseqs_85,4wxa_B,4wx8B,94,94,mmseqs,100.000000,1.000000,1.000000,94
softdis,pdbflex,mmseqs_85,4xq3_A,4xq3F,91,91,mmseqs,100.000000,1.000000,1.000000,91
softdis,pdbflex,mmseqs_85,6e55_A,6e55A,90,90,mmseqs,100.000000,1.000000,1.000000,90
softdis,pdbflex,mmseqs_85,6ny6_Y,2a6sB,84,84,mmseqs,100.000000,1.000000,1.000000,84
softdis,pdbflex,mmseqs_85,2djw_I,2djwA,92,92,mmseqs,100.000000,1.000000,1.000000,92
softdis,pdbflex,mmseqs_85,2zug_A,2zugA,90,90,mmseqs,100.000000,1.000000,1.000000,90
softdis,pdbflex,mmseqs_85,1pht_A,1phtA,85,85,mmseqs,100.000000,1.000000,1.000000,85
softdis,pdbflex,mmseqs_85,2j8b_A,2uwrA,79,78,mmseqs,100.000000,0.987342,0.987342,78
softdis,pdbflex,mmseqs_85,2uzc_B,2uzcC,88,88,mmseqs,100.000000,1.000000,1.000000,88
softdis,pdbflex,mmseqs_85,3cw1_F,3pgwF,86,86,mmseqs,100.000000,1.000000,1.000000,86
softdis,pdbflex,mmseqs_85,4kyp_A,1bcgA,84,76,mmseqs,100.000000,0.904762,0.987013,76
softdis,pdbflex,mmseqs_85,4ybh_B,4ybhB,92,92,mmseqs,100.000000,1.000000,1.000000,92
softdis,pdbflex,mmseqs_85,6mye_A,5vwcA,95,91,mmseqs,100.000000,0.957895,0.900990,91
softdis,pdbflex,mmseqs_85,6xnj_A,4jopA,91,87,mmseqs,100.000000,0.956044,1.000000,87
softdis,pdbflex,mmseqs_85,8a58_C,6fgaC,85,85,mmseqs,100.000000,1.000000,0.841584,85
softdis,pdbflex,mmseqs_85,4wk8_G,3qrfF,82,82,mmseqs,100.000000,1.000000,1.000000,82
softdis,pdbflex,mmseqs_85,3hz2_A,5ht9A,84,84,mmseqs,100.000000,1.000000,1.000000,84
softdis,pdbflex,mmseqs_85,6aso_C,3bw1A,97,89,mmseqs,100.000000,0.917526,0.927083,89
softdis,pdbflex,mmseqs_85,6aso_D,4m7dG,93,93,mmseqs,100.000000,1.000000,1.000000,93
softdis,pdbflex,mmseqs_85,6jy5_D,6jy5D,85,85,mmseqs,100.000000,1.000000,1.000000,85
softdis,pdbflex,mmseqs_85,2vsp_A,6eziA,91,85,mmseqs,100.000000,0.934066,0.955056,85
softdis,pdbflex,mmseqs_85,3bq7_A,3bq7C,81,81,mmseqs,100.000000,1.000000,1.000000,81
softdis,pdbflex,mmseqs_85,3kfd_I,6macK,85,80,mmseqs,100.000000,0.941176,1.000000,80
softdis,pdbflex,mmseqs_85,3vp8_B,3vp8B,92,92,mmseqs,100.000000,1.000000,1.000000,92
softdis,pdbflex,mmseqs_85,5tda_A,3ny2D,76,75,mmseqs,100.000000,0.986842,1.000000,75
softdis,pdbflex,mmseqs_85,1p78_A,1p71A,94,94,mmseqs,100.000000,1.000000,1.000000,94
softdis,pdbflex,mmseqs_85,3r84_B,3r84V,92,92,mmseqs,100.000000,1.000000,1.000000,92
softdis,pdbflex,mmseqs_85,6f63_A,6f63A,98,98,mmseqs,100.000000,1.000000,1.000000,98
softdis,pdbflex,mmseqs_85,3qmb_A,3qmbA,79,79,mmseqs,100.000000,1.000000,1.000000,79
softdis,pdbflex,mmseqs_85,3t6r_A,3t6rA,72,72,mmseqs,100.000000,1.000000,1.000000,72
softdis,pdbflex,mmseqs_85,4bl6_A,4bl6C,94,94,mmseqs,100.000000,1.000000,1.000000,94
softdis,pdbflex,mmseqs_85,5yts_A,6a6lA,83,83,mmseqs,100.000000,1.000000,1.000000,83
softdis,pdbflex,mmseqs_85,6o8q_A,6o8qB,91,91,mmseqs,100.000000,1.000000,1.000000,91
softdis,pdbflex,mmseqs_85,5zjr_A,5zjrA,84,84,mmseqs,100.000000,1.000000,1.000000,84
softdis,pdbflex,mmseqs_85,4icu_A,4icvA,85,85,mmseqs,100.000000,1.000000,1.000000,85
softdis,pdbflex,mmseqs_85,4oml_A,4omlA,78,78,mmseqs,100.000000,1.000000,1.000000,78
softdis,pdbflex,mmseqs_85,5x3p_A,5x3pA,83,83,mmseqs,100.000000,1.000000,1.000000,83
softdis,pdbflex,mmseqs_85,6g6j_A,6g6kA,94,94,mmseqs,100.000000,1.000000,1.000000,94
softdis,pdbflex,mmseqs_85,3zie_A,3zieB,86,86,mmseqs,100.000000,1.000000,1.000000,86
softdis,pdbflex,mmseqs_85,2rb3_A,3bqpA,85,78,mmseqs,100.000000,0.917647,0.975000,78
softdis,pdbflex,mmseqs_85,5eyo_A,5eyoC,88,88,mmseqs,100.000000,1.000000,1.000000,88
softdis,pdbflex,mmseqs_85,2yhn_A,2yhoE,79,79,mmseqs,100.000000,1.000000,1.000000,79
softdis,pdbflex,mmseqs_85,5gnj_G,5gnjB,89,89,mmseqs,100.000000,1.000000,1.000000,89
softdis,pdbflex,mmseqs_85,6aso_F,5vsuF,88,88,mmseqs,100.000000,1.000000,1.000000,88
softdis,pdbflex,mmseqs_85,6mpf_S,5wnpS,80,80,mmseqs,100.000000,1.000000,0.987654,80
softdis,pdbflex,mmseqs_85,1wp8_B,1wp8A,89,89,mmseqs,100.000000,1.000000,1.000000,89
softdis,pdbflex,mmseqs_85,4hwc_A,4hwcB,89,89,mmseqs,100.000000,1.000000,1.000000,89
softdis,pdbflex,mmseqs_85,5eki_A,5ekiE,79,79,mmseqs,100.000000,1.000000,1.000000,79
softdis,pdbflex,mmseqs_85,1gcp_A,1gcqC,70,70,mmseqs,100.000000,1.000000,1.000000,70
softdis,pdbflex,mmseqs_85,1b4f_A,1b4fB,82,82,mmseqs,100.000000,1.000000,1.000000,82
softdis,pdbflex,mmseqs_85,1gua_B,4g0nB,81,78,mmseqs,100.000000,0.962963,1.000000,78
softdis,pdbflex,mmseqs_85,2v6x_A,5fvlA,85,83,mmseqs,100.000000,0.976471,1.000000,83
softdis,pdbflex,mmseqs_85,4pyu_A,4pyuA,76,76,mmseqs,100.000000,1.000000,1.000000,76
softdis,pdbflex,mmseqs_85,4z88_G,4z88D,73,73,mmseqs,100.000000,1.000000,1.000000,73
softdis,pdbflex,mmseqs_85,5jxc_B,5jxcA,92,92,mmseqs,100.000000,1.000000,1.000000,92
softdis,pdbflex,mmseqs_85,5v6h_A,5v6hE,79,79,mmseqs,100.000000,1.000000,1.000000,79
softdis,pdbflex,mmseqs_85,5whf_C,5whfC,90,90,mmseqs,100.000000,1.000000,1.000000,90
softdis,pdbflex,mmseqs_85,7ulg_A,2ctxA,72,71,mmseqs,100.000000,0.986111,1.000000,71
softdis,pdbflex,mmseqs_85,1mo1_A,1mo1B,87,87,mmseqs,100.000000,1.000000,1.000000,87
softdis,pdbflex,mmseqs_85,1r6j_A,1r6jA,82,82,mmseqs,100.000000,1.000000,1.000000,82
softdis,pdbflex,mmseqs_85,1zg5_E,1je8E,82,82,mmseqs,100.000000,1.000000,1.000000,82
softdis,pdbflex,mmseqs_85,1zke_A,1zkeD,83,83,mmseqs,100.000000,1.000000,1.000000,83
softdis,pdbflex,mmseqs_85,5izs_A,5izsC,95,95,mmseqs,100.000000,1.000000,1.000000,95
softdis,pdbflex,mmseqs_85,5wb2_B,5wb2B,76,76,mmseqs,100.000000,1.000000,1.000000,76
softdis,pdbflex,mmseqs_85,2cvi_A,2cviA,83,83,mmseqs,100.000000,1.000000,1.000000,83
softdis,pdbflex,mmseqs_85,3vfz_A,3vepH,86,86,mmseqs,100.000000,1.000000,1.000000,86
softdis,pdbflex,mmseqs_85,1zzi_A,1zziA,82,82,mmseqs,100.000000,1.000000,1.000000,82
softdis,pdbflex,mmseqs_85,3zdm_C,3zdmC,81,81,mmseqs,100.000000,1.000000,1.000000,81
softdis,pdbflex,mmseqs_85,6bug_A,6buhA,82,82,mmseqs,100.000000,1.000000,1.000000,82
softdis,pdbflex,mmseqs_85,1dok_A,1dokA,77,77,mmseqs,100.000000,1.000000,1.000000,77
softdis,pdbflex,mmseqs_85,1nkn_A,3basB,89,89,mmseqs,100.000000,1.000000,1.000000,89
softdis,pdbflex,mmseqs_85,1th7_K,1th7A,81,81,mmseqs,100.000000,1.000000,1.000000,81
softdis,pdbflex,mmseqs_85,5c13_A,5wxhA,64,63,mmseqs,100.000000,0.984375,1.000000,63
softdis,pdbflex,mmseqs_85,3hvz_A,3hvzA,78,78,mmseqs,100.000000,1.000000,1.000000,78
softdis,pdbflex,mmseqs_85,4w4m_A,4w4mH,78,78,mmseqs,100.000000,1.000000,1.000000,78
softdis,pdbflex,mmseqs_85,6xa9_B,5w8uB,80,77,mmseqs,100.000000,0.962500,0.974684,77
softdis,pdbflex,mmseqs_85,1n8e_A,1fzaA,89,87,mmseqs,100.000000,0.977528,1.000000,87
softdis,pdbflex,mmseqs_85,2bwe_S,2bwfA,77,77,mmseqs,100.000000,1.000000,1.000000,77
softdis,pdbflex,mmseqs_85,2ybr_C,2ybrI,66,66,mmseqs,100.000000,1.000000,1.000000,66
softdis,pdbflex,mmseqs_85,3qv1_G,6kezM,82,78,mmseqs,100.000000,0.951220,0.975000,78
softdis,pdbflex,mmseqs_85,4q9u_C,4q9uG,92,92,mmseqs,100.000000,1.000000,1.000000,92
softdis,pdbflex,mmseqs_85,6ryl_C,6rydA,76,76,mmseqs,100.000000,1.000000,1.000000,76
softdis,pdbflex,mmseqs_85,2zbc_A,2zbcA,83,83,mmseqs,100.000000,1.000000,1.000000,83
softdis,pdbflex,mmseqs_85,4hwh_A,4hwhE,88,88,mmseqs,100.000000,1.000000,1.000000,88
softdis,pdbflex,mmseqs_85,1rp3_D,1rp3B,88,88,mmseqs,100.000000,1.000000,1.000000,88
softdis,pdbflex,mmseqs_85,2ibz_H,1kb9F,74,74,mmseqs,100.000000,1.000000,1.000000,74
softdis,pdbflex,mmseqs_85,4x8w_A,4x8wE,75,75,mmseqs,100.000000,1.000000,1.000000,75
softdis,pdbflex,mmseqs_85,5lb7_B,5lb7B,80,80,mmseqs,100.000000,1.000000,1.000000,80
softdis,pdbflex,mmseqs_85,3obh_A,4g06A,82,73,mmseqs,100.000000,0.890244,0.924051,73
softdis,pdbflex,mmseqs_85,4aei_A,4aeiA,65,64,mmseqs,100.000000,0.984615,0.984615,64
softdis,pdbflex,mmseqs_85,6gfq_C,6gfoE,77,77,mmseqs,100.000000,1.000000,1.000000,77
softdis,pdbflex,mmseqs_85,6pce_A,6pceB,70,70,mmseqs,100.000000,1.000000,1.000000,70
softdis,pdbflex,mmseqs_85,5f5t_C,5f5tC,84,84,mmseqs,100.000000,1.000000,1.000000,84
softdis,pdbflex,mmseqs_85,7cqv_E,3ucwD,80,77,mmseqs,100.000000,0.962500,0.974684,77
softdis,pdbflex,mmseqs_85,8kg2_M,3r3mA,76,76,mmseqs,100.000000,1.000000,0.894118,76
softdis,pdbflex,mmseqs_85,3soh_B,3sohB,80,80,mmseqs,100.000000,1.000000,1.000000,80
softdis,pdbflex,mmseqs_85,4e2i_4,4e2i2,78,78,mmseqs,100.000000,1.000000,1.000000,78
softdis,pdbflex,mmseqs_85,5ydk_A,5ydkF,87,87,mmseqs,100.000000,1.000000,1.000000,87
softdis,pdbflex,mmseqs_85,6ppp_F,4emkB,77,75,mmseqs,100.000000,0.974026,1.000000,75
softdis,pdbflex,mmseqs_85,3vke_A,3vkeA,76,76,mmseqs,100.000000,1.000000,1.000000,76
softdis,pdbflex,mmseqs_85,4uus_F,5zjrB,76,73,mmseqs,100.000000,0.960526,0.986486,73
softdis,pdbflex,mmseqs_85,5ako_B,3vpvA,77,77,mmseqs,100.000000,1.000000,0.905882,77
softdis,pdbflex,mmseqs_85,5xjr_G,3pgwG,76,76,mmseqs,100.000000,1.000000,1.000000,76
softdis,pdbflex,mmseqs_85,6nf3_A,6dxrB,83,83,mmseqs,100.000000,1.000000,1.000000,83
softdis,pdbflex,mmseqs_85,1va7_A,1ruwA,70,69,mmseqs,100.000000,0.985714,1.000000,69
softdis,pdbflex,mmseqs_85,3gtj_J,4c3jJ,70,70,mmseqs,100.000000,1.000000,1.000000,70
softdis,pdbflex,mmseqs_85,3kvp_A,3kvpD,72,72,mmseqs,100.000000,1.000000,1.000000,72
softdis,pdbflex,mmseqs_85,1ppj_U,5nmiU,78,78,mmseqs,100.000000,1.000000,0.857143,78
softdis,pdbflex,mmseqs_85,3trt_A,3trtA,77,77,mmseqs,100.000000,1.000000,1.000000,77
softdis,pdbflex,mmseqs_85,6cfx_A,6cfxD,80,80,mmseqs,100.000000,1.000000,1.000000,80
softdis,pdbflex,mmseqs_85,3nm9_A,3nm9A,73,73,mmseqs,100.000000,1.000000,1.000000,73
softdis,pdbflex,mmseqs_85,4cc4_B,4cc4B,68,68,mmseqs,100.000000,1.000000,1.000000,68
softdis,pdbflex,mmseqs_85,2er8_A,2er8A,72,72,mmseqs,100.000000,1.000000,1.000000,72
softdis,pdbflex,mmseqs_85,5mki_B,5mknd,72,72,mmseqs,100.000000,1.000000,1.000000,72
softdis,pdbflex,mmseqs_85,2zqk_M,2zqkM,77,77,mmseqs,100.000000,1.000000,1.000000,77
softdis,pdbflex,mmseqs_85,6hc2_B,6hc2B,71,71,mmseqs,100.000000,1.000000,1.000000,71
softdis,pdbflex,mmseqs_85,3ebx_A,6ebxA,62,62,mmseqs,100.000000,1.000000,1.000000,62
softdis,pdbflex,mmseqs_85,4m8a_A,4m8aB,72,72,mmseqs,100.000000,1.000000,1.000000,72
softdis,pdbflex,mmseqs_85,6u0j_B,6n3pK,85,77,mmseqs,100.000000,0.905882,0.962500,77
softdis,pdbflex,mmseqs_85,1wdx_A,1tg0A,69,68,mmseqs,100.000000,0.985507,1.000000,68
softdis,pdbflex,mmseqs_85,3zpv_1,3zpv1,62,62,mmseqs,100.000000,1.000000,1.000000,62
softdis,pdbflex,mmseqs_85,5mnj_D,5mnjH,64,64,mmseqs,100.000000,1.000000,1.000000,64
softdis,pdbflex,mmseqs_85,4lhx_C,4lhzE,78,78,mmseqs,100.000000,1.000000,1.000000,78
softdis,pdbflex,mmseqs_85,4yg1_A,4yg1A,72,72,mmseqs,100.000000,1.000000,1.000000,72
softdis,pdbflex,mmseqs_85,4bdt_B,1fssB,61,61,mmseqs,100.000000,1.000000,1.000000,61
softdis,pdbflex,mmseqs_85,4yxa_B,4yx1A,70,70,mmseqs,100.000000,1.000000,1.000000,70
softdis,pdbflex,mmseqs_85,4zm0_A,3k33C,73,73,mmseqs,100.000000,1.000000,1.000000,73
softdis,pdbflex,mmseqs_85,4rqm_A,4rqmA,71,71,mmseqs,100.000000,1.000000,1.000000,71
softdis,pdbflex,mmseqs_85,5i44_B,5i44B,69,69,mmseqs,100.000000,1.000000,1.000000,69
softdis,pdbflex,mmseqs_85,5lxo_F,5lxoC,81,81,mmseqs,100.000000,1.000000,1.000000,81
softdis,pdbflex,mmseqs_85,6ama_A,6amaY,71,71,mmseqs,100.000000,1.000000,1.000000,71
softdis,pdbflex,mmseqs_85,2rjv_A,2rjvA,67,67,mmseqs,100.000000,1.000000,1.000000,67
softdis,pdbflex,mmseqs_85,2zi0_A,2zi0A,75,75,mmseqs,100.000000,1.000000,1.000000,75
softdis,pdbflex,mmseqs_85,3iv1_C,3iv1A,78,78,mmseqs,100.000000,1.000000,1.000000,78
softdis,pdbflex,mmseqs_85,1eja_B,1c9tG,59,59,mmseqs,100.000000,1.000000,1.000000,59
softdis,pdbflex,mmseqs_85,3byb_B,3bybA,59,59,mmseqs,100.000000,1.000000,1.000000,59
softdis,pdbflex,mmseqs_85,6gbq_A,6gbqA,71,71,mmseqs,100.000000,1.000000,1.000000,71
softdis,pdbflex,mmseqs_85,1fse_A,1fseB,74,74,mmseqs,100.000000,1.000000,1.000000,74
softdis,pdbflex,mmseqs_85,3bid_H,3bidE,64,64,mmseqs,100.000000,1.000000,1.000000,64
softdis,pdbflex,mmseqs_85,3lyv_E,3lyvA,66,66,mmseqs,100.000000,1.000000,1.000000,66
softdis,pdbflex,mmseqs_85,4wci_A,4wciC,65,65,mmseqs,100.000000,1.000000,1.000000,65
softdis,pdbflex,mmseqs_85,6rfk_E,6rfkE,62,62,mmseqs,100.000000,1.000000,1.000000,62
softdis,pdbflex,mmseqs_85,2w10_A,2w10B,62,62,mmseqs,100.000000,1.000000,1.000000,62
softdis,pdbflex,mmseqs_85,3nmd_A,3nmdA,72,72,mmseqs,100.000000,1.000000,1.000000,72
softdis,pdbflex,mmseqs_85,3qo2_A,3qo2A,64,64,mmseqs,100.000000,1.000000,1.000000,64
softdis,pdbflex,mmseqs_85,3zqm_G,3zqnI,72,72,mmseqs,100.000000,1.000000,1.000000,72
softdis,pdbflex,mmseqs_85,4b6d_A,4b6dA,61,61,mmseqs,100.000000,1.000000,1.000000,61
softdis,pdbflex,mmseqs_85,3a7o_A,3a7oE,75,75,mmseqs,100.000000,1.000000,1.000000,75
softdis,pdbflex,mmseqs_85,2f5z_K,2f60K,64,64,mmseqs,100.000000,1.000000,1.000000,64
softdis,pdbflex,mmseqs_85,3pmk_N,3pmkN,68,68,mmseqs,100.000000,1.000000,1.000000,68
softdis,pdbflex,mmseqs_85,6dm9_A,6dm9A,78,77,mmseqs,100.000000,0.987179,0.987179,77
softdis,pdbflex,mmseqs_85,6dm9_B,6dm9B,78,78,mmseqs,100.000000,1.000000,1.000000,78
softdis,pdbflex,mmseqs_85,2xdj_A,2wz7B,83,75,mmseqs,100.000000,0.903614,1.000000,75
softdis,pdbflex,mmseqs_85,6msq_A,6msqB,76,76,mmseqs,100.000000,1.000000,1.000000,76
softdis,pdbflex,mmseqs_85,1kli_L,5l2zL,69,58,mmseqs,100.000000,0.840580,1.000000,58
softdis,pdbflex,mmseqs_85,2r1j_L,3jxbC,68,67,mmseqs,100.000000,0.985294,1.000000,67
softdis,pdbflex,mmseqs_85,2yf2_A,2yf2C,65,65,mmseqs,100.000000,1.000000,1.000000,65
softdis,pdbflex,mmseqs_85,3cjh_B,3cjhB,64,64,mmseqs,100.000000,1.000000,1.000000,64
softdis,pdbflex,mmseqs_85,5np5_A,5np3D,61,61,mmseqs,100.000000,1.000000,1.000000,61
softdis,pdbflex,mmseqs_85,7ciz_C,5bnvF,70,70,mmseqs,100.000000,1.000000,1.000000,70
softdis,pdbflex,mmseqs_85,1aap_A,1zjdB,58,56,mmseqs,100.000000,0.965517,0.982456,56
softdis,pdbflex,mmseqs_85,1per_L,2or1L,69,69,mmseqs,100.000000,1.000000,1.000000,69
softdis,pdbflex,mmseqs_85,2xj3_A,2xiuA,66,66,mmseqs,100.000000,1.000000,1.000000,66
softdis,pdbflex,mmseqs_85,1b6w_A,1b6wA,69,69,mmseqs,100.000000,1.000000,1.000000,69
softdis,pdbflex,mmseqs_85,1ojh_A,1ojhD,65,65,mmseqs,100.000000,1.000000,1.000000,65
softdis,pdbflex,mmseqs_85,2drm_A,2drkA,58,57,mmseqs,100.000000,0.982759,0.966102,57
softdis,pdbflex,mmseqs_85,5xop_A,5xopA,66,66,mmseqs,100.000000,1.000000,1.000000,66
softdis,pdbflex,mmseqs_85,2fpe_G,2fpeA,62,62,mmseqs,100.000000,1.000000,1.000000,62
softdis,pdbflex,mmseqs_85,2htm_E,2cu3B,64,64,mmseqs,100.000000,1.000000,1.000000,64
softdis,pdbflex,mmseqs_85,7tpb_A,2j05A,66,61,mmseqs,100.000000,0.924242,0.938462,61
softdis,pdbflex,mmseqs_85,4u39_N,4u39J,60,60,mmseqs,100.000000,1.000000,1.000000,60
softdis,pdbflex,mmseqs_85,4x8u_L,5l2zL,55,55,mmseqs,100.000000,1.000000,0.948276,55
softdis,pdbflex,mmseqs_85,1i07_A,1aojA,60,60,mmseqs,100.000000,1.000000,1.000000,60
softdis,pdbflex,mmseqs_85,3sja_C,3sjaC,65,65,mmseqs,100.000000,1.000000,1.000000,65
softdis,pdbflex,mmseqs_85,4f2j_C,3uk3D,57,57,mmseqs,100.000000,1.000000,1.000000,57
softdis,pdbflex,mmseqs_85,5ytq_C,5ytqA,77,77,mmseqs,100.000000,1.000000,1.000000,77
softdis,pdbflex,mmseqs_85,1gto_A,1gtoA,62,62,mmseqs,100.000000,1.000000,1.000000,62
softdis,pdbflex,mmseqs_85,1yn8_A,1yn8A,59,59,mmseqs,100.000000,1.000000,1.000000,59
softdis,pdbflex,mmseqs_85,3m06_A,3m0dA,72,66,mmseqs,100.000000,0.916667,1.000000,66
softdis,pdbflex,mmseqs_85,3u7u_K,3u7uH,55,55,mmseqs,100.000000,1.000000,1.000000,55
softdis,pdbflex,mmseqs_85,4ji2_N,4ji0N,61,61,mmseqs,100.000000,1.000000,1.000000,61
softdis,pdbflex,mmseqs_85,5cci_B,1n7sB,67,66,mmseqs,100.000000,0.985075,0.970588,66
softdis,pdbflex,mmseqs_85,5ih2_A,1b07A,58,57,mmseqs,100.000000,0.982759,0.876923,57
softdis,pdbflex,mmseqs_85,6iya_A,6iyaF,66,66,mmseqs,100.000000,1.000000,1.000000,66
softdis,pdbflex,mmseqs_85,1fr3_H,1fr3A,67,67,mmseqs,100.000000,1.000000,1.000000,67
softdis,pdbflex,mmseqs_85,1gut_C,1gunA,68,68,mmseqs,100.000000,1.000000,1.000000,68
softdis,pdbflex,mmseqs_85,2bay_A,2bayE,61,61,mmseqs,100.000000,1.000000,1.000000,61
softdis,pdbflex,mmseqs_85,2bmg_A,3tk5B,53,53,mmseqs,100.000000,1.000000,0.981481,53
softdis,pdbflex,mmseqs_85,6j4k_A,6j4kA,60,60,mmseqs,100.000000,1.000000,1.000000,60
softdis,pdbflex,mmseqs_85,5zi6_A,5zi6A,55,55,mmseqs,100.000000,1.000000,1.000000,55
softdis,pdbflex,mmseqs_85,6n6s_B,6n6sD,72,72,mmseqs,100.000000,1.000000,1.000000,72
softdis,pdbflex,mmseqs_85,6dfy_C,6a8rB,64,60,mmseqs,100.000000,0.937500,1.000000,60
softdis,pdbflex,mmseqs_85,1bu1_A,1bu1A,57,57,mmseqs,100.000000,1.000000,1.000000,57
softdis,pdbflex,mmseqs_85,1gd2_E,1gd2E,70,70,mmseqs,100.000000,1.000000,1.000000,70
softdis,pdbflex,mmseqs_85,5vyg_B,5vygB,50,50,mmseqs,100.000000,1.000000,1.000000,50
softdis,pdbflex,mmseqs_85,2vi6_F,2vi6A,62,62,mmseqs,100.000000,1.000000,1.000000,62
softdis,pdbflex,mmseqs_85,4rkg_A,4rkhD,52,52,mmseqs,100.000000,1.000000,1.000000,52
softdis,pdbflex,mmseqs_85,4mn3_A,4x3kA,56,56,mmseqs,100.000000,1.000000,0.875000,56
softdis,pdbflex,mmseqs_85,4tsf_I,2v7qJ,66,66,mmseqs,100.000000,1.000000,1.000000,66
softdis,pdbflex,mmseqs_85,6d07_A,6d07A,55,55,mmseqs,100.000000,1.000000,1.000000,55
softdis,pdbflex,mmseqs_85,6gqa_A,6gqnA,62,62,mmseqs,100.000000,1.000000,1.000000,62
softdis,pdbflex,mmseqs_85,6od3_A,6od5A,62,62,mmseqs,100.000000,1.000000,1.000000,62
softdis,pdbflex,mmseqs_85,4n4n_B,4n4oD,57,57,mmseqs,100.000000,1.000000,1.000000,57
softdis,pdbflex,mmseqs_85,4w7y_A,4w7yA,64,64,mmseqs,100.000000,1.000000,1.000000,64
softdis,pdbflex,mmseqs_85,2x7a_K,2x7aA,61,61,mmseqs,100.000000,1.000000,1.000000,61
softdis,pdbflex,mmseqs_85,5kko_A,5kkoC,55,55,mmseqs,100.000000,1.000000,1.000000,55
softdis,pdbflex,mmseqs_85,2y20_A,2y20C,58,58,mmseqs,100.000000,1.000000,1.000000,58
softdis,pdbflex,mmseqs_85,6uci_A,6uciD,68,68,mmseqs,100.000000,1.000000,1.000000,68
softdis,pdbflex,mmseqs_85,5t01_A,5t01A,64,64,mmseqs,100.000000,1.000000,1.000000,64
softdis,pdbflex,mmseqs_85,6mry_A,6mryA,48,48,mmseqs,100.000000,1.000000,1.000000,48
softdis,pdbflex,mmseqs_85,1kql_A,1kqlA,56,56,mmseqs,100.000000,1.000000,1.000000,56
softdis,pdbflex,mmseqs_85,2bnz_D,2bnwB,53,53,mmseqs,100.000000,1.000000,1.000000,53
softdis,pdbflex,mmseqs_85,3a1y_A,3a1yA,58,58,mmseqs,100.000000,1.000000,1.000000,58
softdis,pdbflex,mmseqs_85,3szs_A,3szsB,46,46,mmseqs,100.000000,1.000000,1.000000,46
softdis,pdbflex,mmseqs_85,5ylg_A,4pxvC,49,49,mmseqs,100.000000,1.000000,1.000000,49
softdis,pdbflex,mmseqs_85,2ltn_B,1rinD,52,49,mmseqs,100.000000,0.942308,1.000000,49
softdis,pdbflex,mmseqs_85,2rkl_A,2rklA,53,53,mmseqs,100.000000,1.000000,1.000000,53
softdis,pdbflex,mmseqs_85,5u96_A,5u96A,52,52,mmseqs,100.000000,1.000000,1.000000,52
softdis,pdbflex,mmseqs_85,4fz0_M,4fz0O,40,40,mmseqs,100.000000,1.000000,1.000000,40
softdis,pdbflex,mmseqs_85,4z6y_C,4z6yH,56,56,mmseqs,100.000000,1.000000,1.000000,56
softdis,pdbflex,mmseqs_85,2vut_I,2vusM,43,43,mmseqs,100.000000,1.000000,1.000000,43
softdis,pdbflex,mmseqs_85,2wx4_A,2wx4D,46,46,mmseqs,100.000000,1.000000,1.000000,46
softdis,pdbflex,mmseqs_85,4mon_A,1krlA,45,44,mmseqs,100.000000,0.977778,1.000000,44
softdis,pdbflex,mmseqs_85,3m9h_A,3m91A,55,51,mmseqs,100.000000,0.927273,1.000000,51
softdis,pdbflex,mmseqs_85,1fbm_A,1vdfA,46,46,mmseqs,100.000000,1.000000,1.000000,46
softdis,pdbflex,mmseqs_85,6aup_A,6aupA,38,38,mmseqs,100.000000,1.000000,1.000000,38
softdis,pdbflex,mmseqs_85,2ho2_A,2oeiA,38,38,mmseqs,100.000000,1.000000,1.000000,38
softdis,pdbflex,mmseqs_85,5cx2_D,5cx2A,49,49,mmseqs,100.000000,1.000000,0.890909,49
softdis,pdbflex,mmseqs_85,4r4l_A,4r4lC,49,49,mmseqs,100.000000,1.000000,1.000000,49
softdis,pdbflex,mmseqs_85,3vux_E,3vuxG,35,35,mmseqs,100.000000,1.000000,1.000000,35
softdis,pdbflex,mmseqs_85,4aoq_D,4aoqE,37,37,mmseqs,100.000000,1.000000,1.000000,37
softdis,pdbflex,mmseqs_85,4d2h_A,4d2hA,38,38,mmseqs,100.000000,1.000000,1.000000,38
softdis,pdbflex,mmseqs_85,1nwx_4,3dll4,37,37,mmseqs,100.000000,1.000000,1.000000,37
softdis,pdbflex,mmseqs_85,3aae_Y,3aaeX,37,37,mmseqs,100.000000,1.000000,1.000000,37
softdis,pdbflex,mmseqs_85,4gdo_A,4gdoA,43,43,mmseqs,100.000000,1.000000,1.000000,43
softdis,pdbflex,mmseqs_85,5u52_E,1oqoC,34,34,mmseqs,100.000000,1.000000,1.000000,34
softdis,pdbflex,mmseqs_85,1zmk_B,1zmhA,29,29,mmseqs,100.000000,1.000000,1.000000,29
softdis,pdbflex,mmseqs_85,3rl0_Q,3rl0M,37,37,mmseqs,100.000000,1.000000,1.000000,37
softdis,pdbflex,mmseqs_85,5f5u_C,5f5uC,36,36,mmseqs,100.000000,1.000000,1.000000,36
softdis,pdbflex,mmseqs_85,1zv8_B,6lvnB,36,36,mmseqs,100.000000,1.000000,1.000000,36
softdis,pdbflex,mmseqs_85,4auv_A,4auvA,35,35,mmseqs,100.000000,1.000000,1.000000,35
softdis,pdbflex,mmseqs_85,2r2v_A,2r2vA,34,34,mmseqs,100.000000,1.000000,1.000000,34
softdis,pdbflex,mmseqs_85,4qae_P,4qaeP,25,25,mmseqs,100.000000,1.000000,1.000000,25
softdis,pdbflex,mmseqs_85,2afq_C,6p9uC,29,28,mmseqs,100.000000,0.965517,0.903226,28
softdis,pdbflex,mmseqs_85,2wfv_A,2wfvA,25,25,mmseqs,100.000000,1.000000,1.000000,25
softdis,pdbflex,mmseqs_85,4riq_C,4riqC,27,27,mmseqs,100.000000,1.000000,1.000000,27
softdis,pdbflex,mmseqs_85,1i5k_C,1i5kC,30,30,mmseqs,100.000000,1.000000,1.000000,30
softdis,pdbflex,mmseqs_85,5c6h_T,5c6hD,26,26,mmseqs,100.000000,1.000000,1.000000,26
softdis,pdbflex,mmseqs_85,4lop_K,4loqL,29,29,mmseqs,100.000000,1.000000,1.000000,29
softdis,pdbflex,mmseqs_85,4j4a_A,4j4aA,27,27,mmseqs,100.000000,1.000000,1.000000,27
softdis,pdbflex,mmseqs_85,5wob_a,2qiuA,20,20,mmseqs,100.000000,1.000000,0.909091,20
softdis,pdbflex,mmseqs_85,7m5c_B,2jbyB,25,22,mmseqs,100.000000,0.880000,0.846154,22
softdis,pdbflex,mmseqs_85,5jhc_f,5jhcA,24,24,mmseqs,100.000000,1.000000,1.000000,24
softdis,pdbflex,mmseqs_85,5uyr_A,5akpB,640,640,mmseqs,99.800000,1.000000,1.000000,640
softdis,pdbflex,mmseqs_85,5kj5_A,5kloA,520,520,mmseqs,99.800000,1.000000,1.000000,520
softdis,pdbflex,mmseqs_85,3ibr_A,3nouC,505,505,mmseqs,99.800000,1.000000,1.000000,505
softdis,pdbflex,mmseqs_85,4lqq_D,5nclA,508,508,mmseqs,99.800000,1.000000,1.000000,508
softdis,pdbflex,mmseqs_85,4v37_A,4v3fA,497,497,mmseqs,99.700000,1.000000,1.000000,497
softdis,pdbflex,mmseqs_85,4go3_H,4go4A,495,495,mmseqs,99.700000,1.000000,1.000000,495
softdis,pdbflex,mmseqs_85,2w8n_A,2w8pA,487,487,mmseqs,99.700000,1.000000,1.000000,487
softdis,pdbflex,mmseqs_85,2euh_A,2id2C,475,475,mmseqs,99.700000,1.000000,1.000000,475
softdis,pdbflex,mmseqs_85,3cv8_A,2zbzA,412,412,mmseqs,99.700000,1.000000,1.000000,412
softdis,pdbflex,mmseqs_85,4l77_A,4fyzA,398,398,mmseqs,99.700000,1.000000,1.000000,398
softdis,pdbflex,mmseqs_85,5de9_A,2d0eA,410,406,mmseqs,99.700000,0.990244,0.997543,406
softdis,pdbflex,mmseqs_85,1z8o_A,1z8pA,404,404,mmseqs,99.700000,1.000000,1.000000,404
softdis,pdbflex,mmseqs_85,1how_A,1q8zB,373,373,mmseqs,99.700000,1.000000,1.000000,373
softdis,pdbflex,mmseqs_85,3pew_A,3peyA,395,395,mmseqs,99.700000,1.000000,1.000000,395
softdis,pdbflex,mmseqs_85,6ln1_B,4azeA,347,346,mmseqs,99.700000,1.000000,0.905759,347
softdis,pdbflex,mmseqs_85,2hvy_A,2rfkA,346,334,mmseqs,99.700000,0.965318,1.000000,334
softdis,pdbflex,mmseqs_85,3rhj_C,3rhrA,517,517,mmseqs,99.600000,1.000000,1.000000,517
softdis,pdbflex,mmseqs_85,4ccb_A,3lctA,327,318,mmseqs,99.600000,0.972477,0.924419,318
softdis,pdbflex,mmseqs_85,6cj5_A,2ac3A,316,316,mmseqs,99.600000,1.000000,1.000000,316
softdis,pdbflex,mmseqs_85,2ycr_A,4bdiA,323,323,mmseqs,99.600000,1.000000,0.981763,323
softdis,pdbflex,mmseqs_85,4c8b_A,6s1fA,334,310,mmseqs,99.600000,0.928144,0.977918,310
softdis,pdbflex,mmseqs_85,2w9f_B,2w99B,306,306,mmseqs,99.600000,1.000000,1.000000,306
softdis,pdbflex,mmseqs_85,1zyc_A,1zxeC,303,303,mmseqs,99.600000,1.000000,1.000000,303
softdis,pdbflex,mmseqs_85,3zon_A,6nzpB,335,296,mmseqs,99.600000,0.883582,0.933754,296
softdis,pdbflex,mmseqs_85,6oyw_C,5vilA,294,293,mmseqs,99.600000,0.996599,1.000000,293
softdis,pdbflex,mmseqs_85,2xke_A,2w5bA,279,279,mmseqs,99.600000,1.000000,1.000000,279
softdis,pdbflex,mmseqs_85,4i5i_A,4kxqA,287,271,mmseqs,99.600000,0.944251,0.964413,271
softdis,pdbflex,mmseqs_85,3rsm_A,1k2yX,463,463,mmseqs,99.500000,1.000000,1.000000,463
softdis,pdbflex,mmseqs_85,6cz5_A,4pxaA,480,448,mmseqs,99.500000,0.933333,0.959315,448
softdis,pdbflex,mmseqs_85,7xbm_A,3zk5A,444,436,mmseqs,99.500000,0.981982,1.000000,436
softdis,pdbflex,mmseqs_85,3ivy_A,2x5lA,433,417,mmseqs,99.500000,0.963048,0.967517,417
softdis,pdbflex,mmseqs_85,6wgw_B,4c9pA,437,417,mmseqs,99.500000,0.954233,0.990499,417
softdis,pdbflex,mmseqs_85,1ipj_A,1ipkC,416,416,mmseqs,99.500000,1.000000,1.000000,416
softdis,pdbflex,mmseqs_85,2c3n_A,2c3qA,247,247,mmseqs,99.500000,1.000000,1.000000,247
softdis,pdbflex,mmseqs_85,6wzw_A,4ypaA,226,226,mmseqs,99.500000,1.000000,1.000000,226
softdis,pdbflex,mmseqs_85,2h4h_A,2h59A,246,246,mmseqs,99.500000,1.000000,1.000000,246
softdis,pdbflex,mmseqs_85,3f65_D,3gfuA,224,224,mmseqs,99.500000,1.000000,1.000000,224
softdis,pdbflex,mmseqs_85,1h4h_A,1h4hB,209,209,mmseqs,99.500000,1.000000,1.000000,209
softdis,pdbflex,mmseqs_85,1n0l_A,3dpaA,224,218,mmseqs,99.500000,0.973214,1.000000,218
softdis,pdbflex,mmseqs_85,3f2g_A,3fn8A,220,220,mmseqs,99.500000,1.000000,1.000000,220
softdis,pdbflex,mmseqs_85,1wnv_C,4gphC,215,215,mmseqs,99.500000,1.000000,1.000000,215
softdis,pdbflex,mmseqs_85,3rfz_C,1klfA,211,205,mmseqs,99.500000,0.971564,1.000000,205
softdis,pdbflex,mmseqs_85,5n2n_A,5lnmA,206,206,mmseqs,99.500000,1.000000,1.000000,206
softdis,pdbflex,mmseqs_85,5vyo_A,4k2dA,200,200,mmseqs,99.500000,1.000000,1.000000,200
softdis,pdbflex,mmseqs_85,5dch_A,3h93A,192,192,mmseqs,99.400000,1.000000,1.000000,192
softdis,pdbflex,mmseqs_85,2pq5_A,2gwoC,205,198,mmseqs,99.400000,0.965854,1.000000,198
softdis,pdbflex,mmseqs_85,1yzt_A,1z08C,184,170,mmseqs,99.400000,0.923913,1.000000,170
softdis,pdbflex,mmseqs_85,1slh_A,4gcyA,174,174,mmseqs,99.400000,1.000000,1.000000,174
softdis,pdbflex,mmseqs_85,4gv8_A,4wrkA,169,169,mmseqs,99.400000,1.000000,1.000000,169
softdis,pdbflex,mmseqs_85,3hvs_A,3hvvA,167,167,mmseqs,99.400000,1.000000,1.000000,167
softdis,pdbflex,mmseqs_85,7mgj_A,4yfiC,330,330,mmseqs,99.300000,1.000000,1.000000,330
softdis,pdbflex,mmseqs_85,1a54_A,1qulA,321,321,mmseqs,99.300000,1.000000,1.000000,321
softdis,pdbflex,mmseqs_85,3lvp_A,1p4oB,336,313,mmseqs,99.300000,0.931548,0.972050,313
softdis,pdbflex,mmseqs_85,2ab4_A,1ze1A,309,309,mmseqs,99.300000,1.000000,1.000000,309
softdis,pdbflex,mmseqs_85,3ori_D,3f69B,311,311,mmseqs,99.300000,1.000000,1.000000,311
softdis,pdbflex,mmseqs_85,6gtt_A,6eimB,302,302,mmseqs,99.300000,1.000000,1.000000,302
softdis,pdbflex,mmseqs_85,5ut4_A,5i4nA,289,289,mmseqs,99.300000,1.000000,0.996552,289
softdis,pdbflex,mmseqs_85,4wnm_A,4gfgA,299,286,mmseqs,99.300000,0.956522,0.989691,288
softdis,pdbflex,mmseqs_85,3hny_M,1d7pM,159,158,mmseqs,99.300000,0.993711,0.993711,158
softdis,pdbflex,mmseqs_85,3hji_A,3hjkA,154,154,mmseqs,99.300000,1.000000,1.000000,154
softdis,pdbflex,mmseqs_85,1ib5_A,1bzoA,151,151,mmseqs,99.300000,1.000000,1.000000,151
softdis,pdbflex,mmseqs_85,4qib_A,1f8aB,159,157,mmseqs,99.300000,0.987421,0.940120,157
softdis,pdbflex,mmseqs_85,6gay_A,4kukA,146,146,mmseqs,99.300000,1.000000,1.000000,146
softdis,pdbflex,mmseqs_85,1t2o_A,1t2pA,146,146,mmseqs,99.300000,1.000000,1.000000,146
softdis,pdbflex,mmseqs_85,1ji4_A,4eveA,144,144,mmseqs,99.300000,1.000000,0.878049,144
softdis,pdbflex,mmseqs_85,1sg2_A,1u2mC,153,143,mmseqs,99.300000,0.934641,1.000000,143
softdis,pdbflex,mmseqs_85,3ggf_A,4fzaB,301,281,mmseqs,99.200000,0.933555,0.992933,281
softdis,pdbflex,mmseqs_85,3b9c_A,2jj6A,144,134,mmseqs,99.200000,0.930556,1.000000,134
softdis,pdbflex,mmseqs_85,3mbg_A,3tk0A,139,126,mmseqs,99.200000,0.906475,1.000000,126
softdis,pdbflex,mmseqs_85,7ssi_C,4le2C,139,139,mmseqs,99.200000,1.000000,1.000000,139
softdis,pdbflex,mmseqs_85,1rxe_A,2fxiA,131,131,mmseqs,99.200000,1.000000,1.000000,131
softdis,pdbflex,mmseqs_85,1fhw_A,1u2bA,129,124,mmseqs,99.200000,0.961240,0.905797,125
softdis,pdbflex,mmseqs_85,2gkg_A,2nt4A,127,127,mmseqs,99.200000,1.000000,1.000000,127
softdis,pdbflex,mmseqs_85,5xu7_A,5xuhA,126,126,mmseqs,99.200000,1.000000,1.000000,126
softdis,pdbflex,mmseqs_85,4fvj_A,4fvfB,133,128,mmseqs,99.200000,0.962406,1.000000,128
softdis,pdbflex,mmseqs_85,5yps_A,5ypsA,250,249,mmseqs,99.100000,0.996000,0.996000,249
softdis,pdbflex,mmseqs_85,5arl_D,5ar6A,134,120,mmseqs,99.100000,0.895522,0.983607,120
softdis,pdbflex,mmseqs_85,3q15_C,1srrC,126,124,mmseqs,99.100000,0.984127,1.000000,124
softdis,pdbflex,mmseqs_85,3gj9_A,3dj1A,124,124,mmseqs,99.100000,1.000000,1.000000,124
softdis,pdbflex,mmseqs_85,5d8e_A,5d8fA,115,115,mmseqs,99.100000,1.000000,1.000000,115
softdis,pdbflex,mmseqs_85,3ikd_A,3kacB,123,123,mmseqs,99.100000,1.000000,1.000000,123
softdis,pdbflex,mmseqs_85,1hh7_A,1hh7A,114,114,mmseqs,99.100000,1.000000,1.000000,114
softdis,pdbflex,mmseqs_85,3etw_A,3etzB,119,119,mmseqs,99.100000,1.000000,1.000000,119
softdis,pdbflex,mmseqs_85,3a4g_A,3a51A,411,411,mmseqs,99.000000,1.000000,1.000000,411
softdis,pdbflex,mmseqs_85,3orx_C,4rqvA,316,309,mmseqs,99.000000,0.977848,0.993569,309
softdis,pdbflex,mmseqs_85,6s75_D,6gt1B,310,302,mmseqs,99.000000,0.974194,1.000000,302
softdis,pdbflex,mmseqs_85,8v1o_A,2nruB,327,305,mmseqs,99.000000,0.932722,0.993485,305
softdis,pdbflex,mmseqs_85,2aky_A,1dvrA,220,220,mmseqs,99.000000,1.000000,1.000000,220
softdis,pdbflex,mmseqs_85,8bqf_A,1e4vA,234,214,mmseqs,99.000000,0.914530,1.000000,214
softdis,pdbflex,mmseqs_85,6a2q_A,6a2sA,118,111,mmseqs,99.000000,0.940678,1.000000,111
softdis,pdbflex,mmseqs_85,6uy1_A,6kmjA,114,111,mmseqs,99.000000,0.973684,0.991071,111
softdis,pdbflex,mmseqs_85,1zm0_A,2i5fA,114,107,mmseqs,99.000000,0.938596,0.981651,107
softdis,pdbflex,mmseqs_85,2pvo_C,1faaA,111,111,mmseqs,99.000000,1.000000,0.895161,111
softdis,pdbflex,mmseqs_85,4r0o_B,2w88A,106,106,mmseqs,99.000000,1.000000,1.000000,106
softdis,pdbflex,mmseqs_85,5g4r_A,4qylA,118,111,mmseqs,99.000000,0.940678,0.948718,111
softdis,pdbflex,mmseqs_85,3or0_B,1kh8A,104,104,mmseqs,99.000000,1.000000,0.832000,104
softdis,pdbflex,mmseqs_85,2wg5_E,2wg6A,109,109,mmseqs,99.000000,1.000000,1.000000,109
softdis,pdbflex,mmseqs_85,2wwm_C,2wwkO,109,109,mmseqs,99.000000,1.000000,1.000000,109
softdis,pdbflex,mmseqs_85,2bjd_A,4oj3B,101,101,mmseqs,99.000000,1.000000,1.000000,101
softdis,pdbflex,mmseqs_85,4jhn_A,4qamA,421,396,mmseqs,98.900000,0.940618,0.990000,396
softdis,pdbflex,mmseqs_85,7uor_A,1f4tA,385,367,mmseqs,98.900000,0.953247,0.997283,367
softdis,pdbflex,mmseqs_85,7b3q_A,3dkcA,299,298,mmseqs,98.900000,0.996656,0.940063,298
softdis,pdbflex,mmseqs_85,4yzm_A,4f1mA,287,287,mmseqs,98.900000,1.000000,1.000000,287
softdis,pdbflex,mmseqs_85,3q4z_A,4eqcA,306,297,mmseqs,98.900000,0.970588,0.986711,297
softdis,pdbflex,mmseqs_85,8e0a_A,1f6bB,198,198,mmseqs,98.900000,1.000000,1.000000,198
softdis,pdbflex,mmseqs_85,1t6g_C,2qz2A,184,184,mmseqs,98.900000,1.000000,1.000000,184
softdis,pdbflex,mmseqs_85,3qmx_A,4mjbA,99,99,mmseqs,98.900000,1.000000,1.000000,99
softdis,pdbflex,mmseqs_85,5ke6_A,5ke9A,93,93,mmseqs,98.900000,1.000000,1.000000,93
softdis,pdbflex,mmseqs_85,5n4w_R,4a0cD,102,91,mmseqs,98.900000,0.892157,0.928571,91
softdis,pdbflex,mmseqs_85,2aoa_A,5cdwB,99,99,mmseqs,98.900000,1.000000,0.990000,99
softdis,pdbflex,mmseqs_85,5kl2_A,5kl4A,93,93,mmseqs,98.900000,1.000000,1.000000,93
softdis,pdbflex,mmseqs_85,4mqw_A,1xwdA,102,92,mmseqs,98.900000,0.901961,1.000000,92
softdis,pdbflex,mmseqs_85,3o5n_A,5ovpA,112,95,mmseqs,98.900000,0.848214,0.989583,95
softdis,pdbflex,mmseqs_85,1waa_A,1waaF,93,93,mmseqs,98.900000,1.000000,1.000000,93
softdis,pdbflex,mmseqs_85,5hyb_A,4zv5A,91,91,mmseqs,98.900000,1.000000,1.000000,91
softdis,pdbflex,mmseqs_85,3tes_A,4m6aB,98,92,mmseqs,98.900000,0.938776,1.000000,92
softdis,pdbflex,mmseqs_85,7quv_A,5hloB,95,92,mmseqs,98.900000,0.968421,0.978723,92
softdis,pdbflex,mmseqs_85,6r26_A,5hsqA,510,501,mmseqs,98.800000,0.982353,1.000000,503
softdis,pdbflex,mmseqs_85,1s4i_B,1xtmB,175,175,mmseqs,98.800000,1.000000,1.000000,175
softdis,pdbflex,mmseqs_85,4x39_A,4x37A,168,168,mmseqs,98.800000,1.000000,1.000000,168
softdis,pdbflex,mmseqs_85,1mx2_B,1mx4B,168,168,mmseqs,98.800000,1.000000,1.000000,168
softdis,pdbflex,mmseqs_85,3t5g_A,1xtsA,181,171,mmseqs,98.800000,0.944751,0.966102,171
softdis,pdbflex,mmseqs_85,1pk1_B,1pk3C,89,89,mmseqs,98.800000,1.000000,1.000000,89
softdis,pdbflex,mmseqs_85,1kwa_A,6nidB,88,86,mmseqs,98.800000,0.977273,0.977273,86
softdis,pdbflex,mmseqs_85,8yr7_A,1l6oA,109,89,mmseqs,98.800000,0.816514,0.936842,89
softdis,pdbflex,mmseqs_85,5e6p_B,5tytA,88,84,mmseqs,98.800000,0.954545,0.943820,84
softdis,pdbflex,mmseqs_85,6nnt_A,6mlwA,468,468,mmseqs,98.700000,1.000000,1.000000,468
softdis,pdbflex,mmseqs_85,2cdo_A,2cdpA,160,160,mmseqs,98.700000,1.000000,1.000000,160
softdis,pdbflex,mmseqs_85,2bjy_A,6hx2B,156,156,mmseqs,98.700000,1.000000,1.000000,156
softdis,pdbflex,mmseqs_85,5tte_E,4q5hC,167,154,mmseqs,98.700000,0.922156,0.987179,154
softdis,pdbflex,mmseqs_85,3clc_D,4i6uA,82,82,mmseqs,98.700000,1.000000,1.000000,82
softdis,pdbflex,mmseqs_85,6mg3_B,6mg1A,78,78,mmseqs,98.700000,1.000000,1.000000,78
softdis,pdbflex,mmseqs_85,6nw2_A,4neuA,310,294,mmseqs,98.600000,0.948387,0.882883,294
softdis,pdbflex,mmseqs_85,2yxs_A,3ap5A,164,152,mmseqs,98.600000,0.926829,0.987013,152
softdis,pdbflex,mmseqs_85,2pmh_A,2efqA,150,150,mmseqs,98.600000,1.000000,1.000000,150
softdis,pdbflex,mmseqs_85,7ote_A,3dqwA,293,284,mmseqs,98.500000,0.969283,0.993007,284
softdis,pdbflex,mmseqs_85,3rdv_D,2qk0A,72,71,mmseqs,98.500000,0.986111,0.959459,71
softdis,pdbflex,mmseqs_85,3hp3_I,2nwgA,68,68,mmseqs,98.500000,1.000000,1.000000,68
softdis,pdbflex,mmseqs_85,6e4n_A,6e4oA,71,71,mmseqs,98.500000,1.000000,1.000000,71
softdis,pdbflex,mmseqs_85,6at0_A,6aszA,69,69,mmseqs,98.500000,1.000000,1.000000,69
softdis,pdbflex,mmseqs_85,5jfz_B,5jffD,68,68,mmseqs,98.500000,1.000000,1.000000,68
softdis,pdbflex,mmseqs_85,6tms_G,6tmsA,69,69,mmseqs,98.500000,1.000000,1.000000,69
softdis,pdbflex,mmseqs_85,3rl0_k,3rk3E,63,63,mmseqs,98.400000,1.000000,1.000000,63
softdis,pdbflex,mmseqs_85,2qbl_A,4kkyX,421,412,mmseqs,98.300000,0.978622,0.997579,412
softdis,pdbflex,mmseqs_85,2bpm_A,4gcjA,309,303,mmseqs,98.300000,0.980583,1.000000,306
softdis,pdbflex,mmseqs_85,1s6c_A,2i2rF,183,180,mmseqs,98.300000,0.983607,1.000000,180
softdis,pdbflex,mmseqs_85,9fz4_A,2fygA,131,122,mmseqs,98.300000,0.931298,0.953125,122
softdis,pdbflex,mmseqs_85,4ahe_A,5m9tA,123,123,mmseqs,98.300000,1.000000,0.991935,123
softdis,pdbflex,mmseqs_85,7dmy_A,3uv2A,144,124,mmseqs,98.300000,0.861111,0.984127,124
softdis,pdbflex,mmseqs_85,3gax_B,1tijA,120,120,mmseqs,98.300000,1.000000,1.000000,120
softdis,pdbflex,mmseqs_85,4l85_A,1zh4A,123,120,mmseqs,98.300000,0.975610,0.991736,120
softdis,pdbflex,mmseqs_85,4omo_B,4rtzA,61,61,mmseqs,98.300000,1.000000,1.000000,61
softdis,pdbflex,mmseqs_85,4f16_A,2f2vA,62,62,mmseqs,98.300000,1.000000,1.000000,62
softdis,pdbflex,mmseqs_85,4wb8_A,5m71A,337,336,mmseqs,98.200000,0.997033,0.951841,336
softdis,pdbflex,mmseqs_85,7aay_A,5u6cA,294,290,mmseqs,98.200000,0.986395,0.933333,294
softdis,pdbflex,mmseqs_85,4cym_A,4cz2B,230,230,mmseqs,98.200000,1.000000,1.000000,230
softdis,pdbflex,mmseqs_85,3aaj_B,1hqvA,167,166,mmseqs,98.200000,0.994012,0.879581,168
softdis,pdbflex,mmseqs_85,3twu_A,3twqA,167,167,mmseqs,98.200000,1.000000,0.965714,169
softdis,pdbflex,mmseqs_85,4m32_A,4m35A,168,168,mmseqs,98.200000,1.000000,1.000000,168
softdis,pdbflex,mmseqs_85,2f9d_A,3lqvB,125,115,mmseqs,98.200000,0.920000,1.000000,115
softdis,pdbflex,mmseqs_85,6ywq_A,6y7rA,113,113,mmseqs,98.200000,1.000000,1.000000,113
softdis,pdbflex,mmseqs_85,3ulr_B,5nxjA,65,58,mmseqs,98.200000,0.892308,0.966667,58
softdis,pdbflex,mmseqs_85,2wuj_A,2wukC,57,57,mmseqs,98.200000,1.000000,1.000000,57
softdis,pdbflex,mmseqs_85,8a36_A,6gg9B,162,162,mmseqs,98.100000,1.000000,1.000000,162
softdis,pdbflex,mmseqs_85,2hdx_A,5w3rA,111,109,mmseqs,98.100000,0.981982,0.956140,109
softdis,pdbflex,mmseqs_85,2h2b_A,2h2cA,107,107,mmseqs,98.100000,1.000000,1.000000,107
softdis,pdbflex,mmseqs_85,5zk1_A,1dh3A,59,55,mmseqs,98.100000,0.932203,1.000000,55
softdis,pdbflex,mmseqs_85,3u01_A,3snfA,104,104,mmseqs,98.000000,1.000000,1.000000,104
softdis,pdbflex,mmseqs_85,5z2h_A,5z2iB,105,105,mmseqs,98.000000,1.000000,1.000000,105
softdis,pdbflex,mmseqs_85,5mz7_A,6qjfB,101,100,mmseqs,98.000000,0.990099,0.961538,100
softdis,pdbflex,mmseqs_85,4az8_A,4b0mM,240,235,mmseqs,97.900000,1.000000,1.000000,240
softdis,pdbflex,mmseqs_85,6ogk_A,6ogjB,99,97,mmseqs,97.900000,1.000000,0.989796,99
softdis,pdbflex,mmseqs_85,3o9o_A,3gwkC,108,98,mmseqs,97.900000,0.907407,1.000000,98
softdis,pdbflex,mmseqs_85,6ano_B,6ap0B,96,96,mmseqs,97.900000,1.000000,1.000000,96
softdis,pdbflex,mmseqs_85,5j7e_A,4lloB,146,133,mmseqs,97.700000,0.910959,0.992537,133
softdis,pdbflex,mmseqs_85,6gc5_A,6gd3C,90,87,mmseqs,97.700000,0.966667,1.000000,87
softdis,pdbflex,mmseqs_85,3jsv_C,2zvoB,94,90,mmseqs,97.700000,0.957447,0.978261,90
softdis,pdbflex,mmseqs_85,2uw9_A,3d0eA,342,332,mmseqs,97.600000,0.979532,0.991045,335
softdis,pdbflex,mmseqs_85,4y94_B,1btkB,171,169,mmseqs,97.600000,0.988304,1.000000,169
softdis,pdbflex,mmseqs_85,2iyn_A,2jbaA,127,127,mmseqs,97.600000,1.000000,1.000000,127
softdis,pdbflex,mmseqs_85,5ya0_C,1opdA,85,85,mmseqs,97.600000,1.000000,1.000000,85
softdis,pdbflex,mmseqs_85,3ll1_A,3ll0A,122,119,mmseqs,97.500000,0.975410,0.968000,121
softdis,pdbflex,mmseqs_85,1r22_A,1r23A,122,122,mmseqs,97.500000,1.000000,1.000000,122
softdis,pdbflex,mmseqs_85,4pzn_A,4pzoE,82,82,mmseqs,97.500000,1.000000,1.000000,82
softdis,pdbflex,mmseqs_85,1hq6_C,1ibwA,81,81,mmseqs,97.500000,1.000000,1.000000,81
softdis,pdbflex,mmseqs_85,2x2o_A,2xoeA,119,119,mmseqs,97.400000,1.000000,1.000000,119
softdis,pdbflex,mmseqs_85,4g31_A,4x7lA,299,298,mmseqs,97.300000,0.996656,0.949527,301
softdis,pdbflex,mmseqs_85,1naq_A,4y65A,112,112,mmseqs,97.300000,1.000000,1.000000,112
softdis,pdbflex,mmseqs_85,4icb_A,1ht9A,76,76,mmseqs,97.300000,1.000000,1.000000,76
softdis,pdbflex,mmseqs_85,1oau_L,6k65L,110,108,mmseqs,97.200000,0.981818,0.939130,108
softdis,pdbflex,mmseqs_85,1ijv_B,2nlfA,36,36,mmseqs,97.200000,1.000000,1.000000,36
softdis,pdbflex,mmseqs_85,3hwf_B,6qmuA,198,178,mmseqs,97.100000,0.898990,0.946809,178
softdis,pdbflex,mmseqs_85,5yrk_B,5yrjA,142,142,mmseqs,97.100000,1.000000,1.000000,142
softdis,pdbflex,mmseqs_85,7f9m_C,3kgrA,112,104,mmseqs,97.100000,0.928571,0.981132,104
softdis,pdbflex,mmseqs_85,4xdx_A,1qe6D,70,70,mmseqs,97.100000,1.000000,0.972222,70
softdis,pdbflex,mmseqs_85,6igt_A,6igoC,135,135,mmseqs,97.000000,1.000000,1.000000,135
softdis,pdbflex,mmseqs_85,3m9e_A,2nllB,105,103,mmseqs,97.000000,0.980952,1.000000,103
softdis,pdbflex,mmseqs_85,7x4v_B,3uciA,68,68,mmseqs,97.000000,1.000000,0.944444,68
softdis,pdbflex,mmseqs_85,3snz_A,3so1H,97,97,mmseqs,96.900000,1.000000,1.000000,97
softdis,pdbflex,mmseqs_85,2awu_A,3rl8C,105,97,mmseqs,96.900000,0.923810,0.923810,97
softdis,pdbflex,mmseqs_85,1wtp_A,1xyiA,66,66,mmseqs,96.900000,1.000000,1.000000,66
softdis,pdbflex,mmseqs_85,6gl8_A,5vauA,172,160,mmseqs,96.800000,0.930233,0.952381,160
softdis,pdbflex,mmseqs_85,2vsl_A,4kmpA,96,94,mmseqs,96.800000,0.979167,0.959184,94
softdis,pdbflex,mmseqs_85,6nz3_A,6nxmA,96,96,mmseqs,96.800000,1.000000,1.000000,96
softdis,pdbflex,mmseqs_85,5whb_B,5wplI,35,32,mmseqs,96.800000,0.914286,1.000000,32
softdis,pdbflex,mmseqs_85,2vje_A,6sqrA,64,61,mmseqs,96.700000,0.953125,0.884058,61
softdis,pdbflex,mmseqs_85,3k7p_B,6fxlA,179,179,mmseqs,96.600000,1.000000,1.000000,179
softdis,pdbflex,mmseqs_85,3ee7_A,6w4bB,121,113,mmseqs,96.400000,0.933884,0.965812,113
softdis,pdbflex,mmseqs_85,5qu1_A,5qu4B,82,82,mmseqs,96.400000,1.000000,0.977011,85
softdis,pdbflex,mmseqs_85,7apj_A,6s9wA,440,437,mmseqs,96.300000,0.993182,0.995516,444
softdis,pdbflex,mmseqs_85,3v2o_A,4qqiA,183,183,mmseqs,96.300000,1.000000,1.000000,190
softdis,pdbflex,mmseqs_85,4uyd_A,5z1tA,153,135,mmseqs,96.300000,0.882353,0.971631,137
softdis,pdbflex,mmseqs_85,1lky_A,2qb1A,77,77,mmseqs,96.100000,1.000000,0.987179,77
softdis,pdbflex,mmseqs_85,4jzw_R,4rfnM,28,26,mmseqs,96.100000,0.928571,0.928571,26
softdis,pdbflex,mmseqs_85,3u5p_P,4gu0E,28,26,mmseqs,96.100000,0.928571,1.000000,26
softdis,pdbflex,mmseqs_85,6iur_C,4n6jA,50,50,mmseqs,96.000000,1.000000,1.000000,50
softdis,pdbflex,mmseqs_85,4kl6_A,4kl5B,137,137,mmseqs,95.700000,1.000000,0.979167,141
softdis,pdbflex,mmseqs_85,7ylb_D,2cjrA,122,118,mmseqs,95.700000,0.967213,0.921875,118
softdis,pdbflex,mmseqs_85,2egk_A,2pntB,101,94,mmseqs,95.700000,0.930693,0.959184,94
softdis,pdbflex,mmseqs_85,6i69_A,1iblF,101,94,mmseqs,95.700000,0.930693,0.930693,94
softdis,pdbflex,mmseqs_85,4hsv_A,1f9qD,71,70,mmseqs,95.700000,0.985915,1.000000,70
softdis,pdbflex,mmseqs_85,5cbo_A,5cbnA,176,176,mmseqs,95.400000,1.000000,1.000000,176
softdis,pdbflex,mmseqs_85,3w98_A,1aoiE,112,111,mmseqs,95.400000,0.991071,0.956897,111
softdis,pdbflex,mmseqs_85,2ecs_A,4croA,66,66,mmseqs,95.400000,1.000000,1.000000,66
softdis,pdbflex,mmseqs_85,3fi2_A,4kkeA,353,352,mmseqs,95.300000,0.997167,0.994521,363
softdis,pdbflex,mmseqs_85,5jx4_B,1hzaA,66,63,mmseqs,95.300000,0.954545,0.970149,65
softdis,pdbflex,mmseqs_85,4hmm_A,1uw3A,132,106,mmseqs,95.200000,0.803030,1.000000,106
softdis,pdbflex,mmseqs_85,4ag2_C,4ag1C,84,84,mmseqs,95.200000,1.000000,1.000000,84
softdis,pdbflex,mmseqs_85,4lk9_B,4gu0E,21,21,mmseqs,95.200000,1.000000,0.807692,21
softdis,pdbflex,mmseqs_85,6nd9_E,3gprD,124,124,mmseqs,95.100000,1.000000,1.000000,124
softdis,pdbflex,mmseqs_85,6blw_A,6b0oA,124,119,mmseqs,95.100000,1.000000,1.000000,124
softdis,pdbflex,mmseqs_85,5nx3_C,6gfiE,81,81,mmseqs,95.000000,1.000000,1.000000,81
softdis,pdbflex,mmseqs_85,8qqg_A,6u2hD,275,275,mmseqs,94.900000,1.000000,0.948276,275
softdis,pdbflex,mmseqs_85,8yjm_C,5bnvD,81,79,mmseqs,94.900000,0.975309,1.000000,79
softdis,pdbflex,mmseqs_85,2y8e_A,5lefA,179,174,mmseqs,94.800000,0.972067,0.910995,174
softdis,pdbflex,mmseqs_85,2fi5_I,1t8lB,58,58,mmseqs,94.800000,1.000000,0.983051,58
softdis,pdbflex,mmseqs_85,4oaz_R,4oayA,92,90,mmseqs,94.500000,0.989130,0.989011,91
softdis,pdbflex,mmseqs_85,6nkq_B,1yupA,178,162,mmseqs,94.400000,0.910112,1.000000,162
softdis,pdbflex,mmseqs_85,7fds_A,4zjmE,128,119,mmseqs,94.400000,0.984375,1.000000,126
softdis,pdbflex,mmseqs_85,4s1z_F,5af6G,36,35,mmseqs,94.400000,1.000000,1.000000,36
softdis,pdbflex,mmseqs_85,4bn1_A,3d14A,285,267,mmseqs,94.300000,0.936842,0.981618,267
softdis,pdbflex,mmseqs_85,3hjw_B,2ausD,53,53,mmseqs,94.300000,1.000000,0.883333,53
softdis,pdbflex,mmseqs_85,2otg_C,3jvtC,157,156,mmseqs,94.200000,0.993631,1.000000,156
softdis,pdbflex,mmseqs_85,5c0z_C,3o1yA,105,104,mmseqs,94.200000,0.990476,0.990476,104
softdis,pdbflex,mmseqs_85,6rfo_A,1erkA,372,358,mmseqs,94.100000,0.986559,1.000000,373
softdis,pdbflex,mmseqs_85,6aez_A,1u4rB,69,68,mmseqs,94.100000,0.985507,1.000000,68
softdis,pdbflex,mmseqs_85,5v7k_A,1sxjH,265,264,mmseqs,93.900000,0.996226,0.985866,279
softdis,pdbflex,mmseqs_85,1tu3_A,1z0dA,171,165,mmseqs,93.900000,0.964912,0.988024,165
softdis,pdbflex,mmseqs_85,6hnl_B,6hnnA,139,139,mmseqs,93.900000,1.000000,1.000000,148
softdis,pdbflex,mmseqs_85,3hkz_N,4aybN,66,66,mmseqs,93.900000,1.000000,1.000000,66
softdis,pdbflex,mmseqs_85,1ja3_B,3c8kD,127,125,mmseqs,93.600000,0.984252,1.000000,125
softdis,pdbflex,mmseqs_85,2qhl_E,2qqqA,111,111,mmseqs,93.600000,1.000000,1.000000,111
softdis,pdbflex,mmseqs_85,5apx_C,5aptB,95,95,mmseqs,93.600000,1.000000,1.000000,95
softdis,pdbflex,mmseqs_85,5t20_G,5d5gA,110,109,mmseqs,93.500000,0.990909,1.000000,109
softdis,pdbflex,mmseqs_85,5d0m_C,5d0kC,87,87,mmseqs,93.400000,1.000000,1.000000,92
softdis,pdbflex,mmseqs_85,5sxp_A,2ak5B,62,60,mmseqs,93.300000,0.967742,0.937500,60
softdis,pdbflex,mmseqs_85,5xz2_B,5ycbA,196,193,mmseqs,93.200000,0.984694,1.000000,193
softdis,pdbflex,mmseqs_85,4hke_A,1ne8A,120,116,mmseqs,93.100000,0.966667,0.991453,116
softdis,pdbflex,mmseqs_85,4ao5_A,4aooA,145,142,mmseqs,92.900000,0.979310,0.986111,142
softdis,pdbflex,mmseqs_85,2hp4_B,2q3aA,114,114,mmseqs,92.900000,1.000000,0.950000,114
softdis,pdbflex,mmseqs_85,4avp_A,5iluA,106,96,mmseqs,92.700000,0.905660,0.989691,96
softdis,pdbflex,mmseqs_85,3bow_B,1kfuS,184,183,mmseqs,92.300000,0.994565,0.994565,183
softdis,pdbflex,mmseqs_85,1afa_1,3kmb1,154,149,mmseqs,92.200000,1.000000,1.000000,154
softdis,pdbflex,mmseqs_85,1jth_A,1n7sC,82,76,mmseqs,92.100000,0.926829,0.962025,76
softdis,pdbflex,mmseqs_85,5mzf_A,6aa5A,176,151,mmseqs,92.000000,0.857955,0.926380,151
softdis,pdbflex,mmseqs_85,3zmk_A,2imkA,223,221,mmseqs,91.800000,0.991031,1.000000,221
softdis,pdbflex,mmseqs_85,5w5q_A,6ra7A,332,303,mmseqs,91.700000,0.912651,0.990196,303
softdis,pdbflex,mmseqs_85,3l9s_A,4mcuE,191,188,mmseqs,91.400000,0.984293,0.989474,188
softdis,pdbflex,mmseqs_85,7nxj_A,4cxaC,347,335,mmseqs,91.300000,0.965418,0.985294,335
softdis,pdbflex,mmseqs_85,3ue7_B,1jxtA,46,46,mmseqs,91.300000,1.000000,1.000000,46
softdis,pdbflex,mmseqs_85,4pwn_A,5o1vA,274,273,mmseqs,90.500000,1.000000,0.957895,274
softdis,pdbflex,mmseqs_85,6htl_A,3zdoF,78,78,mmseqs,90.200000,1.000000,0.976190,82
softdis,pdbflex,mmseqs_85,1ops_A,5xqvA,64,61,mmseqs,90.100000,0.953125,0.910448,61
softdis,pdbflex,mmseqs_85,1u3h_B,2icwJ,111,108,mmseqs,90.000000,1.000000,0.955752,111
softdis,pdbflex,mmseqs_85,2bhi_A,4om4A,60,60,mmseqs,90.000000,1.000000,1.000000,60
softdis,pdbflex,mmseqs_85,3exw_A,3f0yG,213,208,mmseqs,89.200000,1.000000,1.000000,213
softdis,pdbflex,mmseqs_85,1ppf_I,3ovoA,56,56,mmseqs,89.200000,1.000000,1.000000,56
softdis,pdbflex,mmseqs_85,4bfm_A,4ixpA,334,334,mmseqs,89.000000,1.000000,1.000000,348
softdis,pdbflex,mmseqs_85,2eso_A,4qplD,149,148,mmseqs,88.500000,0.993289,0.961039,148
softdis,pdbflex,mmseqs_85,4lbq_A,4y24A,135,133,mmseqs,87.900000,0.985185,0.863636,133
softdis,pdbflex,mmseqs_85,3zly_A,3slsB,348,301,mmseqs,87.600000,0.974138,0.990132,339
softdis,pdbflex,mmseqs_85,3mp9_B,6nlaA,64,55,mmseqs,87.200000,0.859375,0.982143,55
softdis,pdbflex,mmseqs_85,8c7m_C,5ifjJ,231,224,mmseqs,87.100000,0.969697,0.995595,226
softdis,pdbflex,mmseqs_85,5yb2_E,5hfmA,67,66,mmseqs,86.900000,0.985075,0.841463,69
softdis,pdbflex,mmseqs_85,2v4h_D,2jabC,136,132,mmseqs,86.300000,0.970588,0.970588,132
softdis,pdbflex,mmseqs_85,8smo_O,3kutA,76,76,mmseqs,86.300000,1.000000,1.000000,88
softdis,pdbflex,mmseqs_85,7vur_A,1yruB,73,73,mmseqs,86.300000,1.000000,0.986486,73
softdis,pdbflex,mmseqs_85,7s25_C,6p5mA,396,392,mmseqs,85.400000,0.989899,0.967901,392
softdis,pdbflex,mmseqs_85,7vww_A,5lc7B,90,90,mmseqs,85.400000,1.000000,0.989691,96
softdis,pdbflex,mmseqs_80,5yna_A,5ynhA,1102,1102,mmseqs,100.000000,1.000000,1.000000,1102
softdis,pdbflex,mmseqs_80,4j3s_A,4aioA,905,884,mmseqs,100.000000,0.976796,1.000000,884
softdis,pdbflex,mmseqs_80,6k4k_A,6oqqA,873,873,mmseqs,100.000000,1.000000,1.000000,873
softdis,pdbflex,mmseqs_80,1pwp_A,1jkyA,776,776,mmseqs,100.000000,1.000000,1.000000,776
softdis,pdbflex,mmseqs_80,4lgz_A,3v9lB,563,563,mmseqs,100.000000,1.000000,1.000000,563
softdis,pdbflex,mmseqs_80,5tsg_B,5tshE,588,588,mmseqs,100.000000,1.000000,1.000000,588
softdis,pdbflex,mmseqs_80,4ids_A,4lemC,563,563,mmseqs,100.000000,1.000000,1.000000,563
softdis,pdbflex,mmseqs_80,2q27_A,2q28A,564,564,mmseqs,100.000000,1.000000,1.000000,564
softdis,pdbflex,mmseqs_80,6fk3_A,6fk3A,536,536,mmseqs,100.000000,1.000000,1.000000,536
softdis,pdbflex,mmseqs_80,2b7m_A,2pfvA,566,563,mmseqs,100.000000,0.994700,1.000000,563
softdis,pdbflex,mmseqs_80,6liu_A,6livA,531,531,mmseqs,100.000000,1.000000,1.000000,531
softdis,pdbflex,mmseqs_80,5mg1_A,4q0jA,524,524,mmseqs,100.000000,1.000000,1.000000,524
softdis,pdbflex,mmseqs_80,2jg7_A,2jg7A,510,510,mmseqs,100.000000,1.000000,1.000000,510
softdis,pdbflex,mmseqs_80,6bay_A,6bapA,515,515,mmseqs,100.000000,1.000000,1.000000,515
softdis,pdbflex,mmseqs_80,4nea_A,4neaA,520,520,mmseqs,100.000000,1.000000,1.000000,520
softdis,pdbflex,mmseqs_80,6g1z_A,6g1zB,509,509,mmseqs,100.000000,1.000000,1.000000,509
softdis,pdbflex,mmseqs_80,2fo0_A,2fo0A,495,495,mmseqs,100.000000,1.000000,1.000000,495
softdis,pdbflex,mmseqs_80,4k57_A,4k57A,518,518,mmseqs,100.000000,1.000000,1.000000,518
softdis,pdbflex,mmseqs_80,4zz7_E,4zz7A,501,501,mmseqs,100.000000,1.000000,1.000000,501
softdis,pdbflex,mmseqs_80,5izd_A,5izdA,508,508,mmseqs,100.000000,1.000000,1.000000,508
softdis,pdbflex,mmseqs_80,4qyj_H,4qyjA,516,516,mmseqs,100.000000,1.000000,1.000000,516
softdis,pdbflex,mmseqs_80,6rtr_A,6rtsA,512,512,mmseqs,100.000000,1.000000,1.000000,512
softdis,pdbflex,mmseqs_80,4nmj_B,5ekcE,491,491,mmseqs,100.000000,1.000000,1.000000,491
softdis,pdbflex,mmseqs_80,1uxt_A,1uxpA,501,501,mmseqs,100.000000,1.000000,1.000000,501
softdis,pdbflex,mmseqs_80,5iuu_A,5iuwA,497,497,mmseqs,100.000000,1.000000,1.000000,497
softdis,pdbflex,mmseqs_80,8or9_A,3rchA,480,480,mmseqs,100.000000,1.000000,1.000000,480
softdis,pdbflex,mmseqs_80,1asy_A,1aszA,490,490,mmseqs,100.000000,1.000000,1.000000,490
softdis,pdbflex,mmseqs_80,4i3w_C,4i3xA,488,488,mmseqs,100.000000,1.000000,1.000000,488
softdis,pdbflex,mmseqs_80,6pop_B,6pnuC,497,497,mmseqs,100.000000,1.000000,1.000000,497
softdis,pdbflex,mmseqs_80,6j75_A,6j76A,488,488,mmseqs,100.000000,1.000000,1.000000,488
softdis,pdbflex,mmseqs_80,3ghg_B,3ghgB,461,461,mmseqs,100.000000,1.000000,1.000000,461
softdis,pdbflex,mmseqs_80,6bpg_D,6bpgA,490,490,mmseqs,100.000000,1.000000,1.000000,490
softdis,pdbflex,mmseqs_80,3sq7_A,3sq7A,470,470,mmseqs,100.000000,1.000000,1.000000,470
softdis,pdbflex,mmseqs_80,4ywe_A,4yweA,487,487,mmseqs,100.000000,1.000000,1.000000,487
softdis,pdbflex,mmseqs_80,6c43_B,6c43A,477,477,mmseqs,100.000000,1.000000,1.000000,477
softdis,pdbflex,mmseqs_80,5vbf_A,5vbfA,478,478,mmseqs,100.000000,1.000000,1.000000,478
softdis,pdbflex,mmseqs_80,3m4p_A,3m4qB,456,456,mmseqs,100.000000,1.000000,1.000000,456
softdis,pdbflex,mmseqs_80,3pqa_A,3pqaB,486,486,mmseqs,100.000000,1.000000,1.000000,486
softdis,pdbflex,mmseqs_80,7jr5_A,6ptqA,490,482,mmseqs,100.000000,0.983673,1.000000,482
softdis,pdbflex,mmseqs_80,4ywu_A,4ohtA,465,465,mmseqs,100.000000,1.000000,1.000000,465
softdis,pdbflex,mmseqs_80,1k9a_A,1k9aB,450,450,mmseqs,100.000000,1.000000,1.000000,450
softdis,pdbflex,mmseqs_80,3pm9_A,3pm9A,476,476,mmseqs,100.000000,1.000000,1.000000,476
softdis,pdbflex,mmseqs_80,6uv0_A,6uv1A,448,448,mmseqs,100.000000,1.000000,1.000000,448
softdis,pdbflex,mmseqs_80,3vz2_A,3vz2B,470,470,mmseqs,100.000000,1.000000,1.000000,470
softdis,pdbflex,mmseqs_80,4l0e_A,4l0eA,446,446,mmseqs,100.000000,1.000000,1.000000,446
softdis,pdbflex,mmseqs_80,3nel_A,3nenA,438,438,mmseqs,100.000000,1.000000,1.000000,438
softdis,pdbflex,mmseqs_80,5ztn_A,6hdpA,429,429,mmseqs,100.000000,1.000000,1.000000,429
softdis,pdbflex,mmseqs_80,5kyo_A,5kyoA,430,430,mmseqs,100.000000,1.000000,1.000000,430
softdis,pdbflex,mmseqs_80,3nc3_A,3nc6B,441,441,mmseqs,100.000000,1.000000,1.000000,441
softdis,pdbflex,mmseqs_80,3tku_A,5otfA,433,416,mmseqs,100.000000,0.960739,0.992840,416
softdis,pdbflex,mmseqs_80,5d40_B,5d40A,427,427,mmseqs,100.000000,1.000000,1.000000,427
softdis,pdbflex,mmseqs_80,1qzw_A,1qzwA,440,440,mmseqs,100.000000,1.000000,1.000000,440
softdis,pdbflex,mmseqs_80,3a9x_A,3a9zA,432,432,mmseqs,100.000000,1.000000,1.000000,432
softdis,pdbflex,mmseqs_80,2z3t_A,3a1lA,425,425,mmseqs,100.000000,1.000000,1.000000,425
softdis,pdbflex,mmseqs_80,4d9s_A,4d9sA,406,406,mmseqs,100.000000,1.000000,1.000000,406
softdis,pdbflex,mmseqs_80,3kfu_B,3kfuC,422,422,mmseqs,100.000000,1.000000,1.000000,422
softdis,pdbflex,mmseqs_80,5tbk_I,5tbkI,421,421,mmseqs,100.000000,1.000000,1.000000,421
softdis,pdbflex,mmseqs_80,3p3z_A,3p3oA,416,416,mmseqs,100.000000,1.000000,1.000000,416
softdis,pdbflex,mmseqs_80,2uvn_A,2uvnA,414,414,mmseqs,100.000000,1.000000,1.000000,414
softdis,pdbflex,mmseqs_80,5li6_A,5lieB,414,414,mmseqs,100.000000,1.000000,1.000000,414
softdis,pdbflex,mmseqs_80,2wio_A,2jjpA,431,411,mmseqs,100.000000,0.953596,1.000000,411
softdis,pdbflex,mmseqs_80,2yca_A,2y5nB,417,417,mmseqs,100.000000,1.000000,1.000000,417
softdis,pdbflex,mmseqs_80,5e1r_A,5e1rC,426,426,mmseqs,100.000000,1.000000,1.000000,426
softdis,pdbflex,mmseqs_80,4j6b_A,4jbtA,410,410,mmseqs,100.000000,1.000000,1.000000,410
softdis,pdbflex,mmseqs_80,3tyw_A,3tywD,417,417,mmseqs,100.000000,1.000000,1.000000,417
softdis,pdbflex,mmseqs_80,5l90_A,5l91A,410,410,mmseqs,100.000000,1.000000,1.000000,410
softdis,pdbflex,mmseqs_80,8qrd_F,5mnvA,410,407,mmseqs,100.000000,0.992683,1.000000,407
softdis,pdbflex,mmseqs_80,3eje_H,3ejbH,404,404,mmseqs,100.000000,1.000000,1.000000,404
softdis,pdbflex,mmseqs_80,3oft_A,3ofuA,396,396,mmseqs,100.000000,1.000000,1.000000,396
softdis,pdbflex,mmseqs_80,5wt6_A,5wt6A,401,401,mmseqs,100.000000,1.000000,1.000000,401
softdis,pdbflex,mmseqs_80,5z9j_D,5z9jC,398,398,mmseqs,100.000000,1.000000,1.000000,398
softdis,pdbflex,mmseqs_80,6f8a_A,6f8aA,400,400,mmseqs,100.000000,1.000000,1.000000,400
softdis,pdbflex,mmseqs_80,5l1o_A,5l1qA,401,401,mmseqs,100.000000,1.000000,1.000000,401
softdis,pdbflex,mmseqs_80,5y5k_B,5y5fA,403,403,mmseqs,100.000000,1.000000,1.000000,403
softdis,pdbflex,mmseqs_80,2onl_C,1kwpA,406,400,mmseqs,100.000000,0.985222,1.000000,400
softdis,pdbflex,mmseqs_80,4g46_A,6geqA,396,396,mmseqs,100.000000,1.000000,1.000000,396
softdis,pdbflex,mmseqs_80,4fr4_A,4fr4A,384,384,mmseqs,100.000000,1.000000,1.000000,384
softdis,pdbflex,mmseqs_80,4fi1_A,4fi1A,374,374,mmseqs,100.000000,1.000000,1.000000,374
softdis,pdbflex,mmseqs_80,3cbl_A,3bkbA,377,377,mmseqs,100.000000,1.000000,1.000000,377
softdis,pdbflex,mmseqs_80,1r0e_A,1j1cB,391,386,mmseqs,100.000000,0.987212,0.919048,386
softdis,pdbflex,mmseqs_80,6u8j_B,6u8jD,376,376,mmseqs,100.000000,1.000000,1.000000,376
softdis,pdbflex,mmseqs_80,5anr_B,4ct4B,378,378,mmseqs,100.000000,1.000000,1.000000,378
softdis,pdbflex,mmseqs_80,5hbe_A,5xs2A,364,362,mmseqs,100.000000,0.994505,0.952632,362
softdis,pdbflex,mmseqs_80,4eb5_A,4eb5A,382,382,mmseqs,100.000000,1.000000,1.000000,382
softdis,pdbflex,mmseqs_80,6joj_A,5k5xA,356,356,mmseqs,100.000000,1.000000,1.000000,356
softdis,pdbflex,mmseqs_80,1ayr_A,1cf1C,368,366,mmseqs,100.000000,0.994565,0.905941,366
softdis,pdbflex,mmseqs_80,3mi9_A,3mi9A,351,351,mmseqs,100.000000,1.000000,1.000000,351
softdis,pdbflex,mmseqs_80,5x8i_B,6q8kA,346,338,mmseqs,100.000000,0.976879,0.997050,338
softdis,pdbflex,mmseqs_80,3b0v_C,3b0vC,363,363,mmseqs,100.000000,1.000000,1.000000,363
softdis,pdbflex,mmseqs_80,4ifc_A,6pk6A,358,350,mmseqs,100.000000,0.977654,0.997151,350
softdis,pdbflex,mmseqs_80,6c0t_A,6bg2A,347,347,mmseqs,100.000000,1.000000,1.000000,347
softdis,pdbflex,mmseqs_80,3tac_A,6lnmA,361,345,mmseqs,100.000000,0.955679,0.982906,345
softdis,pdbflex,mmseqs_80,5wni_A,5wnjA,342,342,mmseqs,100.000000,1.000000,1.000000,342
softdis,pdbflex,mmseqs_80,3tl8_A,3tl8D,349,349,mmseqs,100.000000,1.000000,1.000000,349
softdis,pdbflex,mmseqs_80,4g0i_A,4g0kA,328,328,mmseqs,100.000000,1.000000,1.000000,328
softdis,pdbflex,mmseqs_80,3utm_A,3utmA,351,351,mmseqs,100.000000,1.000000,1.000000,351
softdis,pdbflex,mmseqs_80,2rfb_A,2rfbA,343,343,mmseqs,100.000000,1.000000,1.000000,343
softdis,pdbflex,mmseqs_80,4i5t_A,4i5tA,333,333,mmseqs,100.000000,1.000000,1.000000,333
softdis,pdbflex,mmseqs_80,4bf9_A,4bf9A,338,338,mmseqs,100.000000,1.000000,1.000000,338
softdis,pdbflex,mmseqs_80,4btj_A,4btmB,337,337,mmseqs,100.000000,1.000000,1.000000,337
softdis,pdbflex,mmseqs_80,4y85_C,5iu2B,332,332,mmseqs,100.000000,1.000000,1.000000,332
softdis,pdbflex,mmseqs_80,3akj_A,3akkA,325,325,mmseqs,100.000000,1.000000,1.000000,325
softdis,pdbflex,mmseqs_80,2v62_A,5uu1A,345,324,mmseqs,100.000000,0.939130,1.000000,324
softdis,pdbflex,mmseqs_80,3dls_A,3dlsA,335,335,mmseqs,100.000000,1.000000,1.000000,335
softdis,pdbflex,mmseqs_80,4q5j_A,4oh4A,341,333,mmseqs,100.000000,0.976540,1.000000,333
softdis,pdbflex,mmseqs_80,1fvr_A,1fvrB,327,327,mmseqs,100.000000,1.000000,1.000000,327
softdis,pdbflex,mmseqs_80,3aln_A,3aloA,327,327,mmseqs,100.000000,1.000000,1.000000,327
softdis,pdbflex,mmseqs_80,4asx_A,4asxA,322,322,mmseqs,100.000000,1.000000,1.000000,322
softdis,pdbflex,mmseqs_80,3kof_A,3kofA,337,337,mmseqs,100.000000,1.000000,1.000000,337
softdis,pdbflex,mmseqs_80,4g8k_A,4g8lA,337,337,mmseqs,100.000000,1.000000,1.000000,337
softdis,pdbflex,mmseqs_80,5e8v_A,5e92A,316,316,mmseqs,100.000000,1.000000,1.000000,316
softdis,pdbflex,mmseqs_80,8gw3_A,5gjfA,326,310,mmseqs,100.000000,0.950920,0.984127,310
softdis,pdbflex,mmseqs_80,4fg9_A,4fgbA,320,320,mmseqs,100.000000,1.000000,1.000000,320
softdis,pdbflex,mmseqs_80,6d3k_B,6d3kA,323,323,mmseqs,100.000000,1.000000,1.000000,323
softdis,pdbflex,mmseqs_80,7q7c_A,6y6hA,327,327,mmseqs,100.000000,1.000000,1.000000,327
softdis,pdbflex,mmseqs_80,3k35_A,5y2fA,318,316,mmseqs,100.000000,0.993711,1.000000,316
softdis,pdbflex,mmseqs_80,1szp_A,1szpA,321,321,mmseqs,100.000000,1.000000,1.000000,321
softdis,pdbflex,mmseqs_80,3udb_A,3udbD,317,317,mmseqs,100.000000,1.000000,1.000000,317
softdis,pdbflex,mmseqs_80,5vd1_A,5vcyA,311,311,mmseqs,100.000000,1.000000,1.000000,311
softdis,pdbflex,mmseqs_80,5ikw_A,4w9wA,310,306,mmseqs,100.000000,0.987097,1.000000,306
softdis,pdbflex,mmseqs_80,6fer_A,6ferD,309,309,mmseqs,100.000000,1.000000,1.000000,309
softdis,pdbflex,mmseqs_80,6box_A,6bp4B,303,303,mmseqs,100.000000,1.000000,1.000000,303
softdis,pdbflex,mmseqs_80,4c57_A,5y7zA,340,311,mmseqs,100.000000,0.914706,0.993610,311
softdis,pdbflex,mmseqs_80,4i5m_A,4i6bA,308,308,mmseqs,100.000000,1.000000,1.000000,308
softdis,pdbflex,mmseqs_80,5x5o_A,6jutA,310,310,mmseqs,100.000000,1.000000,1.000000,310
softdis,pdbflex,mmseqs_80,2zub_A,2zucB,324,324,mmseqs,100.000000,1.000000,1.000000,324
softdis,pdbflex,mmseqs_80,3tno_A,3igxA,345,324,mmseqs,100.000000,0.939130,1.000000,324
softdis,pdbflex,mmseqs_80,5hxy_A,5hxyA,317,317,mmseqs,100.000000,1.000000,1.000000,317
softdis,pdbflex,mmseqs_80,5vo1_A,5cenA,300,300,mmseqs,100.000000,1.000000,1.000000,300
softdis,pdbflex,mmseqs_80,3bce_A,2r4bA,328,298,mmseqs,100.000000,0.908537,0.928349,298
softdis,pdbflex,mmseqs_80,2qqf_A,1q17C,308,300,mmseqs,100.000000,0.974026,1.000000,300
softdis,pdbflex,mmseqs_80,5mqv_D,1ckjA,314,294,mmseqs,100.000000,0.936306,0.927445,294
softdis,pdbflex,mmseqs_80,2c3j_A,2ydiA,297,289,mmseqs,100.000000,0.973064,1.000000,289
softdis,pdbflex,mmseqs_80,6ng0_B,6cqdB,309,292,mmseqs,100.000000,0.944984,0.983165,292
softdis,pdbflex,mmseqs_80,4nvq_A,5jiyA,285,274,mmseqs,100.000000,0.961404,1.000000,274
softdis,pdbflex,mmseqs_80,5v21_A,5jlbA,297,277,mmseqs,100.000000,0.932660,0.992832,277
softdis,pdbflex,mmseqs_80,5vd2_A,5vd4A,289,289,mmseqs,100.000000,1.000000,1.000000,289
softdis,pdbflex,mmseqs_80,5ntt_A,5nttA,287,287,mmseqs,100.000000,1.000000,1.000000,287
softdis,pdbflex,mmseqs_80,4mwi_A,4mwiA,294,294,mmseqs,100.000000,1.000000,1.000000,294
softdis,pdbflex,mmseqs_80,6cd6_A,6cd6D,290,290,mmseqs,100.000000,1.000000,1.000000,290
softdis,pdbflex,mmseqs_80,2vwi_A,3dakD,303,290,mmseqs,100.000000,0.957096,1.000000,290
softdis,pdbflex,mmseqs_80,3is5_A,3is5F,285,285,mmseqs,100.000000,1.000000,1.000000,285
softdis,pdbflex,mmseqs_80,1u46_A,4ewhA,291,275,mmseqs,100.000000,0.945017,1.000000,275
softdis,pdbflex,mmseqs_80,4eqm_A,4eqmA,294,294,mmseqs,100.000000,1.000000,1.000000,294
softdis,pdbflex,mmseqs_80,4wsy_A,4k18A,286,273,mmseqs,100.000000,0.954545,0.985560,273
softdis,pdbflex,mmseqs_80,5xka_A,5xkaA,288,288,mmseqs,100.000000,1.000000,1.000000,288
softdis,pdbflex,mmseqs_80,6qav_D,6qauA,280,280,mmseqs,100.000000,1.000000,1.000000,280
softdis,pdbflex,mmseqs_80,5ytk_A,5ytkA,274,274,mmseqs,100.000000,1.000000,1.000000,274
softdis,pdbflex,mmseqs_80,3dae_A,2fh9A,283,270,mmseqs,100.000000,0.954064,0.985401,270
softdis,pdbflex,mmseqs_80,1g6w_A,1g6wD,261,261,mmseqs,100.000000,1.000000,1.000000,261
softdis,pdbflex,mmseqs_80,6rxm_B,6rxmA,254,254,mmseqs,100.000000,1.000000,1.000000,254
softdis,pdbflex,mmseqs_80,5agc_A,3q66A,264,264,mmseqs,100.000000,1.000000,1.000000,264
softdis,pdbflex,mmseqs_80,1ici_A,1iciA,256,256,mmseqs,100.000000,1.000000,1.000000,256
softdis,pdbflex,mmseqs_80,1j2c_A,1ix3A,267,267,mmseqs,100.000000,1.000000,1.000000,267
softdis,pdbflex,mmseqs_80,1qiu_A,1qiuA,264,264,mmseqs,100.000000,1.000000,1.000000,264
softdis,pdbflex,mmseqs_80,2rgz_A,2qppB,264,264,mmseqs,100.000000,1.000000,1.000000,264
softdis,pdbflex,mmseqs_80,1s7g_D,1s7gA,253,253,mmseqs,100.000000,1.000000,1.000000,253
softdis,pdbflex,mmseqs_80,5cfk_E,5cfkA,259,259,mmseqs,100.000000,1.000000,1.000000,259
softdis,pdbflex,mmseqs_80,1wov_A,1wowA,250,250,mmseqs,100.000000,1.000000,1.000000,250
softdis,pdbflex,mmseqs_80,3nbn_E,2f8xK,256,256,mmseqs,100.000000,1.000000,1.000000,256
softdis,pdbflex,mmseqs_80,3q5y_A,3q5yA,240,240,mmseqs,100.000000,1.000000,1.000000,240
softdis,pdbflex,mmseqs_80,1wg0_A,1wg0A,243,243,mmseqs,100.000000,1.000000,1.000000,243
softdis,pdbflex,mmseqs_80,2i54_A,2i54A,247,247,mmseqs,100.000000,1.000000,1.000000,247
softdis,pdbflex,mmseqs_80,3r0j_A,5ed4E,250,250,mmseqs,100.000000,1.000000,1.000000,250
softdis,pdbflex,mmseqs_80,4igj_A,4kdyA,242,242,mmseqs,100.000000,1.000000,1.000000,242
softdis,pdbflex,mmseqs_80,3eu9_C,3eu9A,240,240,mmseqs,100.000000,1.000000,1.000000,240
softdis,pdbflex,mmseqs_80,6ht6_A,6gibB,245,245,mmseqs,100.000000,1.000000,1.000000,245
softdis,pdbflex,mmseqs_80,6f70_A,6f70A,252,252,mmseqs,100.000000,1.000000,1.000000,252
softdis,pdbflex,mmseqs_80,4djm_A,4djmD,239,239,mmseqs,100.000000,1.000000,1.000000,239
softdis,pdbflex,mmseqs_80,4ivf_F,4ivfF,231,231,mmseqs,100.000000,1.000000,1.000000,231
softdis,pdbflex,mmseqs_80,4b09_A,4b09A,240,240,mmseqs,100.000000,1.000000,1.000000,240
softdis,pdbflex,mmseqs_80,4ke3_A,4kdxA,229,229,mmseqs,100.000000,1.000000,1.000000,229
softdis,pdbflex,mmseqs_80,2dwz_A,2dvwA,231,231,mmseqs,100.000000,1.000000,1.000000,231
softdis,pdbflex,mmseqs_80,3lg6_A,3lg6A,235,235,mmseqs,100.000000,1.000000,1.000000,235
softdis,pdbflex,mmseqs_80,4iq1_A,4iw9B,231,231,mmseqs,100.000000,1.000000,1.000000,231
softdis,pdbflex,mmseqs_80,3tb2_A,3tb2C,220,220,mmseqs,100.000000,1.000000,1.000000,220
softdis,pdbflex,mmseqs_80,4zbd_A,4zb8A,222,222,mmseqs,100.000000,1.000000,1.000000,222
softdis,pdbflex,mmseqs_80,4s04_A,4s05A,232,232,mmseqs,100.000000,1.000000,1.000000,232
softdis,pdbflex,mmseqs_80,4ykb_A,4ykbA,229,229,mmseqs,100.000000,1.000000,1.000000,229
softdis,pdbflex,mmseqs_80,3pr8_B,3lxzA,229,229,mmseqs,100.000000,1.000000,1.000000,229
softdis,pdbflex,mmseqs_80,4kgi_A,4kgiC,223,223,mmseqs,100.000000,1.000000,1.000000,223
softdis,pdbflex,mmseqs_80,5b6m_A,5b6nF,224,224,mmseqs,100.000000,1.000000,1.000000,224
softdis,pdbflex,mmseqs_80,5u8k_A,5u8kB,231,231,mmseqs,100.000000,1.000000,1.000000,231
softdis,pdbflex,mmseqs_80,6q5v_A,6q5vA,215,215,mmseqs,100.000000,1.000000,1.000000,215
softdis,pdbflex,mmseqs_80,4pnf_E,4yh2A,227,221,mmseqs,100.000000,0.973568,0.995495,221
softdis,pdbflex,mmseqs_80,6f05_B,6ezyB,215,215,mmseqs,100.000000,1.000000,1.000000,215
softdis,pdbflex,mmseqs_80,4yo0_B,6iccL,233,213,mmseqs,100.000000,0.914163,0.995327,213
softdis,pdbflex,mmseqs_80,1bi1_A,1c0wB,226,225,mmseqs,100.000000,0.995575,1.000000,225
softdis,pdbflex,mmseqs_80,1bye_A,1byeA,213,213,mmseqs,100.000000,1.000000,1.000000,213
softdis,pdbflex,mmseqs_80,1jlv_A,1jlvA,209,209,mmseqs,100.000000,1.000000,1.000000,209
softdis,pdbflex,mmseqs_80,6nxv_A,6nv6B,207,207,mmseqs,100.000000,1.000000,1.000000,207
softdis,pdbflex,mmseqs_80,2x64_A,2x64B,207,207,mmseqs,100.000000,1.000000,1.000000,207
softdis,pdbflex,mmseqs_80,5a4w_C,5a4wA,212,212,mmseqs,100.000000,1.000000,1.000000,212
softdis,pdbflex,mmseqs_80,1rrp_C,1rrpA,204,204,mmseqs,100.000000,1.000000,1.000000,204
softdis,pdbflex,mmseqs_80,2b7j_A,2b7jB,200,200,mmseqs,100.000000,1.000000,1.000000,200
softdis,pdbflex,mmseqs_80,4cym_D,4cz2D,203,203,mmseqs,100.000000,1.000000,1.000000,203
softdis,pdbflex,mmseqs_80,5jre_F,5jr9A,219,218,mmseqs,100.000000,0.995434,0.995434,218
softdis,pdbflex,mmseqs_80,2wst_A,2wstA,208,208,mmseqs,100.000000,1.000000,1.000000,208
softdis,pdbflex,mmseqs_80,6dv5_B,6dv5A,205,205,mmseqs,100.000000,1.000000,1.000000,205
softdis,pdbflex,mmseqs_80,6g47_A,6g47A,209,209,mmseqs,100.000000,1.000000,1.000000,209
softdis,pdbflex,mmseqs_80,2rgx_A,4ikeA,206,206,mmseqs,100.000000,1.000000,1.000000,206
softdis,pdbflex,mmseqs_80,6emt_A,6emuA,197,197,mmseqs,100.000000,1.000000,1.000000,197
softdis,pdbflex,mmseqs_80,2cls_A,2rexD,198,196,mmseqs,100.000000,0.989899,0.994924,196
softdis,pdbflex,mmseqs_80,6jb6_A,6jb6A,205,205,mmseqs,100.000000,1.000000,1.000000,205
softdis,pdbflex,mmseqs_80,1lti_A,1ltaA,192,188,mmseqs,100.000000,0.979167,1.000000,188
softdis,pdbflex,mmseqs_80,5x7v_A,5x7vC,193,193,mmseqs,100.000000,1.000000,1.000000,193
softdis,pdbflex,mmseqs_80,3dvx_A,3dvxA,196,196,mmseqs,100.000000,1.000000,1.000000,196
softdis,pdbflex,mmseqs_80,4r3v_A,4r3vA,183,183,mmseqs,100.000000,1.000000,1.000000,183
softdis,pdbflex,mmseqs_80,1uke_A,5ukdA,194,194,mmseqs,100.000000,1.000000,1.000000,194
softdis,pdbflex,mmseqs_80,3ref_B,3refB,194,194,mmseqs,100.000000,1.000000,1.000000,194
softdis,pdbflex,mmseqs_80,2von_A,2vodB,193,193,mmseqs,100.000000,1.000000,1.000000,193
softdis,pdbflex,mmseqs_80,5y63_A,5y63A,183,183,mmseqs,100.000000,1.000000,1.000000,183
softdis,pdbflex,mmseqs_80,4u9g_B,4u9gA,187,187,mmseqs,100.000000,1.000000,1.000000,187
softdis,pdbflex,mmseqs_80,3l9v_A,3l9vA,189,189,mmseqs,100.000000,1.000000,1.000000,189
softdis,pdbflex,mmseqs_80,3ma2_D,1bqqM,181,174,mmseqs,100.000000,0.961326,1.000000,174
softdis,pdbflex,mmseqs_80,3js5_A,3idoA,178,178,mmseqs,100.000000,1.000000,1.000000,178
softdis,pdbflex,mmseqs_80,6f2r_A,6f2rC,213,182,mmseqs,100.000000,0.854460,0.896552,182
softdis,pdbflex,mmseqs_80,1nob_A,1nobA,185,185,mmseqs,100.000000,1.000000,1.000000,185
softdis,pdbflex,mmseqs_80,9dj9_A,3f81A,191,183,mmseqs,100.000000,0.958115,1.000000,183
softdis,pdbflex,mmseqs_80,4d8k_A,1lckA,175,174,mmseqs,100.000000,0.994286,0.994286,174
softdis,pdbflex,mmseqs_80,1qfv_B,1qftA,175,175,mmseqs,100.000000,1.000000,1.000000,175
softdis,pdbflex,mmseqs_80,6hjm_A,6hjmP,192,192,mmseqs,100.000000,1.000000,1.000000,192
softdis,pdbflex,mmseqs_80,6lkp_A,6lkpC,184,184,mmseqs,100.000000,1.000000,1.000000,184
softdis,pdbflex,mmseqs_80,1veq_B,1veiA,183,183,mmseqs,100.000000,1.000000,1.000000,183
softdis,pdbflex,mmseqs_80,6huf_K,6hufA,182,182,mmseqs,100.000000,1.000000,1.000000,182
softdis,pdbflex,mmseqs_80,3t64_A,3t64A,181,181,mmseqs,100.000000,1.000000,1.000000,181
softdis,pdbflex,mmseqs_80,4txo_D,4txoD,175,175,mmseqs,100.000000,1.000000,1.000000,175
softdis,pdbflex,mmseqs_80,1wms_A,1s8fB,177,175,mmseqs,100.000000,0.988701,0.988701,175
softdis,pdbflex,mmseqs_80,2gm3_A,2gm3A,175,175,mmseqs,100.000000,1.000000,1.000000,175
softdis,pdbflex,mmseqs_80,5cer_B,5cerB,193,193,mmseqs,100.000000,1.000000,1.000000,193
softdis,pdbflex,mmseqs_80,3pnb_A,3nbkD,177,177,mmseqs,100.000000,1.000000,1.000000,177
softdis,pdbflex,mmseqs_80,5mp0_D,5mp0D,166,166,mmseqs,100.000000,1.000000,1.000000,166
softdis,pdbflex,mmseqs_80,2bet_A,2betC,172,172,mmseqs,100.000000,1.000000,1.000000,172
softdis,pdbflex,mmseqs_80,2gjs_A,2gjsA,176,176,mmseqs,100.000000,1.000000,1.000000,176
softdis,pdbflex,mmseqs_80,1tk6_B,1tkpA,182,182,mmseqs,100.000000,1.000000,1.000000,182
softdis,pdbflex,mmseqs_80,2cyx_A,2cyxA,170,170,mmseqs,100.000000,1.000000,1.000000,170
softdis,pdbflex,mmseqs_80,4cyb_A,4cybJ,173,173,mmseqs,100.000000,1.000000,1.000000,173
softdis,pdbflex,mmseqs_80,5y5o_A,5y5pD,174,174,mmseqs,100.000000,1.000000,1.000000,174
softdis,pdbflex,mmseqs_80,1yh2_A,1yh2A,169,169,mmseqs,100.000000,1.000000,1.000000,169
softdis,pdbflex,mmseqs_80,4hj6_A,4hj6B,178,178,mmseqs,100.000000,1.000000,1.000000,178
softdis,pdbflex,mmseqs_80,4lfm_D,4lfkB,172,172,mmseqs,100.000000,1.000000,1.000000,172
softdis,pdbflex,mmseqs_80,4mtd_A,4mteD,171,171,mmseqs,100.000000,1.000000,1.000000,171
softdis,pdbflex,mmseqs_80,6jjj_B,6jjjA,160,160,mmseqs,100.000000,1.000000,1.000000,160
softdis,pdbflex,mmseqs_80,6o3w_A,6o3xA,172,172,mmseqs,100.000000,1.000000,1.000000,172
softdis,pdbflex,mmseqs_80,3nd5_A,3nd5A,171,171,mmseqs,100.000000,1.000000,1.000000,171
softdis,pdbflex,mmseqs_80,4v0n_A,4v0lA,169,169,mmseqs,100.000000,1.000000,1.000000,169
softdis,pdbflex,mmseqs_80,7ytq_A,3c22D,156,156,mmseqs,100.000000,1.000000,1.000000,156
softdis,pdbflex,mmseqs_80,1d1q_A,1d1qA,161,161,mmseqs,100.000000,1.000000,1.000000,161
softdis,pdbflex,mmseqs_80,2pqs_A,2pqsA,159,159,mmseqs,100.000000,1.000000,1.000000,159
softdis,pdbflex,mmseqs_80,3alu_A,3aluA,157,157,mmseqs,100.000000,1.000000,1.000000,157
softdis,pdbflex,mmseqs_80,5hry_A,5hryH,169,169,mmseqs,100.000000,1.000000,1.000000,169
softdis,pdbflex,mmseqs_80,1ri7_A,2e1cA,171,171,mmseqs,100.000000,1.000000,1.000000,171
softdis,pdbflex,mmseqs_80,1wp0_A,2ggtA,165,161,mmseqs,100.000000,0.975758,0.981707,161
softdis,pdbflex,mmseqs_80,4ora_B,1tcoB,170,169,mmseqs,100.000000,0.994118,1.000000,169
softdis,pdbflex,mmseqs_80,2cx3_A,4gqfA,164,164,mmseqs,100.000000,1.000000,1.000000,164
softdis,pdbflex,mmseqs_80,1vb6_A,1vb6A,167,167,mmseqs,100.000000,1.000000,1.000000,167
softdis,pdbflex,mmseqs_80,2xr5_A,6ghvC,166,151,mmseqs,100.000000,0.909639,0.974194,151
softdis,pdbflex,mmseqs_80,3o22_A,3o2yA,162,162,mmseqs,100.000000,1.000000,1.000000,162
softdis,pdbflex,mmseqs_80,4zcu_A,4zcvA,165,165,mmseqs,100.000000,1.000000,1.000000,165
softdis,pdbflex,mmseqs_80,6ml2_A,6ml4A,151,151,mmseqs,100.000000,1.000000,1.000000,151
softdis,pdbflex,mmseqs_80,6mgh_H,6mghD,163,163,mmseqs,100.000000,1.000000,1.000000,163
softdis,pdbflex,mmseqs_80,3otw_F,3otwA,163,163,mmseqs,100.000000,1.000000,1.000000,163
softdis,pdbflex,mmseqs_80,5duw_C,5duuB,155,155,mmseqs,100.000000,1.000000,1.000000,155
softdis,pdbflex,mmseqs_80,1zdn_A,1zdnA,158,158,mmseqs,100.000000,1.000000,1.000000,158
softdis,pdbflex,mmseqs_80,5njk_E,5njkA,156,156,mmseqs,100.000000,1.000000,1.000000,156
softdis,pdbflex,mmseqs_80,4b04_C,4hrfA,160,160,mmseqs,100.000000,1.000000,1.000000,160
softdis,pdbflex,mmseqs_80,4ezm_L,4gkoL,143,143,mmseqs,100.000000,1.000000,1.000000,143
softdis,pdbflex,mmseqs_80,1umn_K,2ux1G,165,164,mmseqs,100.000000,0.993939,0.993939,164
softdis,pdbflex,mmseqs_80,4onx_A,4onxE,162,162,mmseqs,100.000000,1.000000,1.000000,162
softdis,pdbflex,mmseqs_80,5ond_A,2ougA,162,161,mmseqs,100.000000,0.993827,0.993827,161
softdis,pdbflex,mmseqs_80,1nn4_B,1nn4A,162,162,mmseqs,100.000000,1.000000,1.000000,162
softdis,pdbflex,mmseqs_80,2wal_A,2walA,159,159,mmseqs,100.000000,1.000000,1.000000,159
softdis,pdbflex,mmseqs_80,4lfn_A,4lfnA,162,162,mmseqs,100.000000,1.000000,1.000000,162
softdis,pdbflex,mmseqs_80,4ylz_A,4ym1C,153,153,mmseqs,100.000000,1.000000,1.000000,153
softdis,pdbflex,mmseqs_80,1o9r_A,1o9rA,162,162,mmseqs,100.000000,1.000000,1.000000,162
softdis,pdbflex,mmseqs_80,4mpo_B,4mpoB,153,153,mmseqs,100.000000,1.000000,1.000000,153
softdis,pdbflex,mmseqs_80,6ovf_A,6ovfA,161,161,mmseqs,100.000000,1.000000,1.000000,161
softdis,pdbflex,mmseqs_80,3ffu_A,3ffuA,153,153,mmseqs,100.000000,1.000000,1.000000,153
softdis,pdbflex,mmseqs_80,4ijx_A,4ijxA,155,155,mmseqs,100.000000,1.000000,1.000000,155
softdis,pdbflex,mmseqs_80,5ei9_F,5ei9E,144,144,mmseqs,100.000000,1.000000,1.000000,144
softdis,pdbflex,mmseqs_80,1do5_A,1do5A,154,154,mmseqs,100.000000,1.000000,1.000000,154
softdis,pdbflex,mmseqs_80,2rib_A,2ricC,160,160,mmseqs,100.000000,1.000000,1.000000,160
softdis,pdbflex,mmseqs_80,5id2_A,1xvwB,164,153,mmseqs,100.000000,0.932927,0.956250,153
softdis,pdbflex,mmseqs_80,2bpd_A,2bpdB,142,142,mmseqs,100.000000,1.000000,1.000000,142
softdis,pdbflex,mmseqs_80,4nat_B,4nauB,160,160,mmseqs,100.000000,1.000000,1.000000,160
softdis,pdbflex,mmseqs_80,5xfi_A,5xfiA,153,153,mmseqs,100.000000,1.000000,1.000000,153
softdis,pdbflex,mmseqs_80,1ilr_1,1ilr1,152,152,mmseqs,100.000000,1.000000,1.000000,152
softdis,pdbflex,mmseqs_80,2gv5_A,3fwbA,161,161,mmseqs,100.000000,1.000000,1.000000,161
softdis,pdbflex,mmseqs_80,2c41_A,2c41C,158,158,mmseqs,100.000000,1.000000,1.000000,158
softdis,pdbflex,mmseqs_80,4wqq_A,4wqqA,141,141,mmseqs,100.000000,1.000000,1.000000,141
softdis,pdbflex,mmseqs_80,3woc_A,3wocA,151,151,mmseqs,100.000000,1.000000,1.000000,151
softdis,pdbflex,mmseqs_80,5f2q_C,5f2qB,135,135,mmseqs,100.000000,1.000000,1.000000,135
softdis,pdbflex,mmseqs_80,5mgr_A,5mgsH,146,146,mmseqs,100.000000,1.000000,1.000000,146
softdis,pdbflex,mmseqs_80,3zqp_A,3zqqC,164,164,mmseqs,100.000000,1.000000,1.000000,164
softdis,pdbflex,mmseqs_80,6hde_C,6hdeB,152,152,mmseqs,100.000000,1.000000,1.000000,152
softdis,pdbflex,mmseqs_80,5umw_A,5umwA,151,151,mmseqs,100.000000,1.000000,1.000000,151
softdis,pdbflex,mmseqs_80,3ox5_A,3ox5A,153,153,mmseqs,100.000000,1.000000,1.000000,153
softdis,pdbflex,mmseqs_80,4yif_A,4yifB,164,164,mmseqs,100.000000,1.000000,1.000000,164
softdis,pdbflex,mmseqs_80,5cfi_A,5cfiA,152,152,mmseqs,100.000000,1.000000,1.000000,152
softdis,pdbflex,mmseqs_80,3hyb_A,3rg6C,155,155,mmseqs,100.000000,1.000000,1.000000,155
softdis,pdbflex,mmseqs_80,6oec_A,6oecL,162,162,mmseqs,100.000000,1.000000,1.000000,162
softdis,pdbflex,mmseqs_80,1br4_B,1br4B,150,150,mmseqs,100.000000,1.000000,1.000000,150
softdis,pdbflex,mmseqs_80,2py2_A,2py2A,136,136,mmseqs,100.000000,1.000000,1.000000,136
softdis,pdbflex,mmseqs_80,2yjk_G,2yjkC,161,161,mmseqs,100.000000,1.000000,1.000000,161
softdis,pdbflex,mmseqs_80,3e0o_A,3e0oA,144,144,mmseqs,100.000000,1.000000,1.000000,144
softdis,pdbflex,mmseqs_80,3o4o_A,2i1bA,158,153,mmseqs,100.000000,0.968354,1.000000,153
softdis,pdbflex,mmseqs_80,4lk9_A,4lk9A,136,136,mmseqs,100.000000,1.000000,1.000000,136
softdis,pdbflex,mmseqs_80,5ft8_U,5ft8B,154,154,mmseqs,100.000000,1.000000,1.000000,154
softdis,pdbflex,mmseqs_80,5jp5_A,5jp5D,145,145,mmseqs,100.000000,1.000000,1.000000,145
softdis,pdbflex,mmseqs_80,5zrp_A,5zrkA,150,150,mmseqs,100.000000,1.000000,1.000000,150
softdis,pdbflex,mmseqs_80,6upp_A,6pryA,150,150,mmseqs,100.000000,1.000000,1.000000,150
softdis,pdbflex,mmseqs_80,2fjy_A,2fjyB,142,142,mmseqs,100.000000,1.000000,1.000000,142
softdis,pdbflex,mmseqs_80,3tp1_A,3tpwA,152,152,mmseqs,100.000000,1.000000,1.000000,152
softdis,pdbflex,mmseqs_80,1l2o_B,3jtdB,156,156,mmseqs,100.000000,1.000000,1.000000,156
softdis,pdbflex,mmseqs_80,2okd_A,2okdC,147,147,mmseqs,100.000000,1.000000,1.000000,147
softdis,pdbflex,mmseqs_80,3nfd_A,3nfdE,153,153,mmseqs,100.000000,1.000000,1.000000,153
softdis,pdbflex,mmseqs_80,6bbx_A,5w27A,144,144,mmseqs,100.000000,1.000000,1.000000,144
softdis,pdbflex,mmseqs_80,4fhq_A,4rsuJ,134,134,mmseqs,100.000000,1.000000,1.000000,134
softdis,pdbflex,mmseqs_80,2fjc_A,2fjcB,156,156,mmseqs,100.000000,1.000000,1.000000,156
softdis,pdbflex,mmseqs_80,4gx7_A,4gx7A,152,152,mmseqs,100.000000,1.000000,1.000000,152
softdis,pdbflex,mmseqs_80,4kzv_A,4kzwA,134,134,mmseqs,100.000000,1.000000,1.000000,134
softdis,pdbflex,mmseqs_80,5hsm_A,5x80A,160,160,mmseqs,100.000000,1.000000,1.000000,160
softdis,pdbflex,mmseqs_80,4kg3_A,4kg3B,146,146,mmseqs,100.000000,1.000000,1.000000,146
softdis,pdbflex,mmseqs_80,4p78_A,4p7dB,143,143,mmseqs,100.000000,1.000000,1.000000,143
softdis,pdbflex,mmseqs_80,6flw_A,6flwA,144,144,mmseqs,100.000000,1.000000,1.000000,144
softdis,pdbflex,mmseqs_80,3ezz_A,3ezzA,144,144,mmseqs,100.000000,1.000000,1.000000,144
softdis,pdbflex,mmseqs_80,4oxb_A,1qmtA,134,134,mmseqs,100.000000,1.000000,1.000000,134
softdis,pdbflex,mmseqs_80,4d3p_A,4d3pA,147,147,mmseqs,100.000000,1.000000,1.000000,147
softdis,pdbflex,mmseqs_80,4pav_A,4pavB,145,145,mmseqs,100.000000,1.000000,1.000000,145
softdis,pdbflex,mmseqs_80,5tzn_A,5tznA,137,137,mmseqs,100.000000,1.000000,1.000000,137
softdis,pdbflex,mmseqs_80,2wc6_A,2wcmA,141,141,mmseqs,100.000000,1.000000,1.000000,141
softdis,pdbflex,mmseqs_80,3hup_A,3hupA,130,130,mmseqs,100.000000,1.000000,1.000000,130
softdis,pdbflex,mmseqs_80,4dxe_A,4jm7A,143,143,mmseqs,100.000000,1.000000,1.000000,143
softdis,pdbflex,mmseqs_80,5ltw_C,5ltwG,149,149,mmseqs,100.000000,1.000000,1.000000,149
softdis,pdbflex,mmseqs_80,5lnl_A,5lnlC,151,151,mmseqs,100.000000,1.000000,1.000000,151
softdis,pdbflex,mmseqs_80,4d0v_A,4d0vD,145,145,mmseqs,100.000000,1.000000,1.000000,145
softdis,pdbflex,mmseqs_80,4e9m_A,4e9mA,144,144,mmseqs,100.000000,1.000000,1.000000,144
softdis,pdbflex,mmseqs_80,1xk8_A,1xk8D,147,147,mmseqs,100.000000,1.000000,1.000000,147
softdis,pdbflex,mmseqs_80,3wsr_A,3wwkC,128,128,mmseqs,100.000000,1.000000,1.000000,128
softdis,pdbflex,mmseqs_80,3zxf_A,3zxfB,138,138,mmseqs,100.000000,1.000000,1.000000,138
softdis,pdbflex,mmseqs_80,4d6x_A,4d6yA,148,148,mmseqs,100.000000,1.000000,1.000000,148
softdis,pdbflex,mmseqs_80,5ii7_A,5mr3E,138,136,mmseqs,100.000000,0.985507,1.000000,136
softdis,pdbflex,mmseqs_80,5nld_A,5nldB,139,139,mmseqs,100.000000,1.000000,1.000000,139
softdis,pdbflex,mmseqs_80,5u0i_A,5u0iB,140,140,mmseqs,100.000000,1.000000,1.000000,140
softdis,pdbflex,mmseqs_80,1pqf_B,1pqfA,143,143,mmseqs,100.000000,1.000000,1.000000,143
softdis,pdbflex,mmseqs_80,6af3_A,6af4A,141,141,mmseqs,100.000000,1.000000,1.000000,141
softdis,pdbflex,mmseqs_80,6ifb_A,6ifbB,135,135,mmseqs,100.000000,1.000000,1.000000,135
softdis,pdbflex,mmseqs_80,1osa_A,1osaA,148,148,mmseqs,100.000000,1.000000,1.000000,148
softdis,pdbflex,mmseqs_80,3dxe_C,3dxdA,140,140,mmseqs,100.000000,1.000000,1.000000,140
softdis,pdbflex,mmseqs_80,6eun_A,6eunA,156,156,mmseqs,100.000000,1.000000,1.000000,156
softdis,pdbflex,mmseqs_80,7o4p_A,3vy7A,148,139,mmseqs,100.000000,0.939189,0.985816,139
softdis,pdbflex,mmseqs_80,2g0i_A,2g0jC,145,145,mmseqs,100.000000,1.000000,1.000000,145
softdis,pdbflex,mmseqs_80,1bj3_A,1bj3A,129,129,mmseqs,100.000000,1.000000,1.000000,129
softdis,pdbflex,mmseqs_80,4ozj_A,4oznA,143,143,mmseqs,100.000000,1.000000,1.000000,143
softdis,pdbflex,mmseqs_80,5h9p_A,6q17A,158,138,mmseqs,100.000000,0.873418,0.992806,138
softdis,pdbflex,mmseqs_80,4erh_B,4rhaA,148,141,mmseqs,100.000000,0.952703,0.965753,141
softdis,pdbflex,mmseqs_80,1ov8_C,1qhqA,140,140,mmseqs,100.000000,1.000000,1.000000,140
softdis,pdbflex,mmseqs_80,3lus_A,3lusB,148,148,mmseqs,100.000000,1.000000,1.000000,148
softdis,pdbflex,mmseqs_80,3ul5_A,3ul5D,139,139,mmseqs,100.000000,1.000000,1.000000,139
softdis,pdbflex,mmseqs_80,4x09_A,6enpA,128,128,mmseqs,100.000000,1.000000,1.000000,128
softdis,pdbflex,mmseqs_80,5gi0_A,5gi0A,133,133,mmseqs,100.000000,1.000000,1.000000,133
softdis,pdbflex,mmseqs_80,5v6f_A,5v6cB,138,138,mmseqs,100.000000,1.000000,1.000000,138
softdis,pdbflex,mmseqs_80,2oz1_B,2oz1F,138,138,mmseqs,100.000000,1.000000,1.000000,138
softdis,pdbflex,mmseqs_80,2qzj_A,2qzjA,136,136,mmseqs,100.000000,1.000000,1.000000,136
softdis,pdbflex,mmseqs_80,1is6_A,1is3A,135,135,mmseqs,100.000000,1.000000,1.000000,135
softdis,pdbflex,mmseqs_80,5m6h_A,6h6rA,127,127,mmseqs,100.000000,1.000000,1.000000,127
softdis,pdbflex,mmseqs_80,5n16_D,5n15A,138,138,mmseqs,100.000000,1.000000,1.000000,138
softdis,pdbflex,mmseqs_80,6mtj_D,6mtnD,134,134,mmseqs,100.000000,1.000000,1.000000,134
softdis,pdbflex,mmseqs_80,1yxj_B,1ypuB,130,128,mmseqs,100.000000,0.984615,0.948148,128
softdis,pdbflex,mmseqs_80,2ymz_A,2ymzA,130,130,mmseqs,100.000000,1.000000,1.000000,130
softdis,pdbflex,mmseqs_80,1bj3_B,1j34B,123,123,mmseqs,100.000000,1.000000,1.000000,123
softdis,pdbflex,mmseqs_80,3ljd_A,2vq8A,126,125,mmseqs,100.000000,0.992063,0.899281,125
softdis,pdbflex,mmseqs_80,3fz2_A,3fz2E,134,134,mmseqs,100.000000,1.000000,1.000000,134
softdis,pdbflex,mmseqs_80,6d48_E,6d49A,127,127,mmseqs,100.000000,1.000000,1.000000,127
softdis,pdbflex,mmseqs_80,1kcg_A,1mpuA,124,124,mmseqs,100.000000,1.000000,0.898551,124
softdis,pdbflex,mmseqs_80,2gwf_B,2fzpA,134,134,mmseqs,100.000000,1.000000,0.930556,134
softdis,pdbflex,mmseqs_80,6e7d_A,6e7dE,124,124,mmseqs,100.000000,1.000000,1.000000,124
softdis,pdbflex,mmseqs_80,7x9o_A,3a6tA,129,129,mmseqs,100.000000,1.000000,1.000000,129
softdis,pdbflex,mmseqs_80,3c3i_B,3c3iB,141,141,mmseqs,100.000000,1.000000,1.000000,141
softdis,pdbflex,mmseqs_80,6scf_G,6scfF,138,138,mmseqs,100.000000,1.000000,1.000000,138
softdis,pdbflex,mmseqs_80,1f7n_B,1f7rA,136,136,mmseqs,100.000000,1.000000,1.000000,136
softdis,pdbflex,mmseqs_80,5fgs_A,5fgsC,136,136,mmseqs,100.000000,1.000000,1.000000,136
softdis,pdbflex,mmseqs_80,2jca_A,2jbzA,143,143,mmseqs,100.000000,1.000000,1.000000,143
softdis,pdbflex,mmseqs_80,2qq4_B,2qq4A,138,138,mmseqs,100.000000,1.000000,1.000000,138
softdis,pdbflex,mmseqs_80,4n6m_A,4n6mA,132,132,mmseqs,100.000000,1.000000,1.000000,132
softdis,pdbflex,mmseqs_80,1b6e_A,3bdwA,128,123,mmseqs,100.000000,0.960938,1.000000,123
softdis,pdbflex,mmseqs_80,4uhs_A,4uhkA,136,136,mmseqs,100.000000,1.000000,1.000000,136
softdis,pdbflex,mmseqs_80,5y61_B,5eazA,138,135,mmseqs,100.000000,0.978261,1.000000,135
softdis,pdbflex,mmseqs_80,2vzc_A,2vzcA,131,131,mmseqs,100.000000,1.000000,1.000000,131
softdis,pdbflex,mmseqs_80,4o1i_A,4o1iD,138,138,mmseqs,100.000000,1.000000,1.000000,138
softdis,pdbflex,mmseqs_80,5v52_D,3r0nA,140,127,mmseqs,100.000000,0.907143,0.992188,127
softdis,pdbflex,mmseqs_80,6br7_A,6br7B,133,133,mmseqs,100.000000,1.000000,1.000000,133
softdis,pdbflex,mmseqs_80,6s45_A,6qqhA,128,128,mmseqs,100.000000,1.000000,1.000000,128
softdis,pdbflex,mmseqs_80,3iqc_A,3iqcA,131,131,mmseqs,100.000000,1.000000,1.000000,131
softdis,pdbflex,mmseqs_80,1oxk_B,2r25B,134,132,mmseqs,100.000000,0.985075,0.992481,132
softdis,pdbflex,mmseqs_80,1za3_R,1d4vA,134,115,mmseqs,100.000000,0.858209,0.982906,115
softdis,pdbflex,mmseqs_80,6cmv_A,6cmvB,139,139,mmseqs,100.000000,1.000000,1.000000,139
softdis,pdbflex,mmseqs_80,6cps_A,6cpsA,131,131,mmseqs,100.000000,1.000000,1.000000,131
softdis,pdbflex,mmseqs_80,1qmp_A,1qmpA,130,130,mmseqs,100.000000,1.000000,1.000000,130
softdis,pdbflex,mmseqs_80,3lte_M,3lteD,132,132,mmseqs,100.000000,1.000000,1.000000,132
softdis,pdbflex,mmseqs_80,4pup_A,4qybB,131,125,mmseqs,100.000000,0.954198,1.000000,125
softdis,pdbflex,mmseqs_80,2omo_A,2omoA,124,124,mmseqs,100.000000,1.000000,1.000000,124
softdis,pdbflex,mmseqs_80,3ulg_B,2nxqA,134,134,mmseqs,100.000000,1.000000,1.000000,134
softdis,pdbflex,mmseqs_80,4n21_A,4n21C,130,130,mmseqs,100.000000,1.000000,1.000000,130
softdis,pdbflex,mmseqs_80,1cxa_A,1l9jC,124,124,mmseqs,100.000000,1.000000,1.000000,124
softdis,pdbflex,mmseqs_80,3cdg_K,3cdgF,120,120,mmseqs,100.000000,1.000000,1.000000,120
softdis,pdbflex,mmseqs_80,4o32_A,3ul3B,138,128,mmseqs,100.000000,0.927536,1.000000,128
softdis,pdbflex,mmseqs_80,4tum_A,4tumA,132,132,mmseqs,100.000000,1.000000,1.000000,132
softdis,pdbflex,mmseqs_80,1jr8_A,1jraA,117,117,mmseqs,100.000000,1.000000,1.000000,117
softdis,pdbflex,mmseqs_80,6h6n_A,6h6nA,131,131,mmseqs,100.000000,1.000000,1.000000,131
softdis,pdbflex,mmseqs_80,2jjs_A,2uv3B,126,126,mmseqs,100.000000,1.000000,1.000000,126
softdis,pdbflex,mmseqs_80,2yhf_A,2yhfA,118,118,mmseqs,100.000000,1.000000,1.000000,118
softdis,pdbflex,mmseqs_80,5hbl_A,5hblA,127,127,mmseqs,100.000000,1.000000,1.000000,127
softdis,pdbflex,mmseqs_80,5s8c_A,5encA,128,128,mmseqs,100.000000,1.000000,0.977099,128
softdis,pdbflex,mmseqs_80,6gdv_C,6gduA,133,133,mmseqs,100.000000,1.000000,1.000000,133
softdis,pdbflex,mmseqs_80,6is1_E,6is2A,128,128,mmseqs,100.000000,1.000000,1.000000,128
softdis,pdbflex,mmseqs_80,4qey_A,4qeyA,132,132,mmseqs,100.000000,1.000000,1.000000,132
softdis,pdbflex,mmseqs_80,5dc4_A,3uyoA,123,123,mmseqs,100.000000,1.000000,1.000000,123
softdis,pdbflex,mmseqs_80,2j1k_T,1f5wA,128,126,mmseqs,100.000000,0.984375,1.000000,126
softdis,pdbflex,mmseqs_80,6p17_B,6p1eB,123,123,mmseqs,100.000000,1.000000,1.000000,123
softdis,pdbflex,mmseqs_80,2fwe_A,1uc7A,134,125,mmseqs,100.000000,0.932836,1.000000,125
softdis,pdbflex,mmseqs_80,3h7q_A,3ne3B,132,130,mmseqs,100.000000,0.984848,1.000000,130
softdis,pdbflex,mmseqs_80,6ar4_A,6bjnA,125,125,mmseqs,100.000000,1.000000,1.000000,125
softdis,pdbflex,mmseqs_80,4ox8_A,4ox8A,128,128,mmseqs,100.000000,1.000000,1.000000,128
softdis,pdbflex,mmseqs_80,3rtl_A,3rtlB,121,121,mmseqs,100.000000,1.000000,1.000000,121
softdis,pdbflex,mmseqs_80,4lw9_Q,4lw9A,120,120,mmseqs,100.000000,1.000000,1.000000,120
softdis,pdbflex,mmseqs_80,1orj_A,1orjA,130,130,mmseqs,100.000000,1.000000,1.000000,130
softdis,pdbflex,mmseqs_80,1sf8_A,1sf8G,126,126,mmseqs,100.000000,1.000000,1.000000,126
softdis,pdbflex,mmseqs_80,2j80_A,1p0zA,135,129,mmseqs,100.000000,0.955556,0.984733,129
softdis,pdbflex,mmseqs_80,5cqx_A,5cqxB,119,119,mmseqs,100.000000,1.000000,1.000000,119
softdis,pdbflex,mmseqs_80,2iug_A,2iuhA,120,120,mmseqs,100.000000,1.000000,1.000000,120
softdis,pdbflex,mmseqs_80,2x18_E,2x18E,119,119,mmseqs,100.000000,1.000000,1.000000,119
softdis,pdbflex,mmseqs_80,1d5w_B,1dckB,126,126,mmseqs,100.000000,1.000000,1.000000,126
softdis,pdbflex,mmseqs_80,3o6u_A,3o6uA,128,128,mmseqs,100.000000,1.000000,1.000000,128
softdis,pdbflex,mmseqs_80,3wgd_A,3wgdC,113,113,mmseqs,100.000000,1.000000,1.000000,113
softdis,pdbflex,mmseqs_80,4lx8_A,4hnsA,124,124,mmseqs,100.000000,1.000000,1.000000,124
softdis,pdbflex,mmseqs_80,4q0o_A,3g0jA,124,124,mmseqs,100.000000,1.000000,1.000000,124
softdis,pdbflex,mmseqs_80,1w89_A,1w4vA,119,119,mmseqs,100.000000,1.000000,1.000000,119
softdis,pdbflex,mmseqs_80,2qms_A,4wwqB,120,120,mmseqs,100.000000,1.000000,1.000000,120
softdis,pdbflex,mmseqs_80,4of6_A,4of6B,120,120,mmseqs,100.000000,1.000000,1.000000,120
softdis,pdbflex,mmseqs_80,4ofi_A,4ofiC,115,115,mmseqs,100.000000,1.000000,1.000000,115
softdis,pdbflex,mmseqs_80,1mav_A,1m5tA,124,124,mmseqs,100.000000,1.000000,1.000000,124
softdis,pdbflex,mmseqs_80,2atp_C,1bqhH,122,122,mmseqs,100.000000,1.000000,0.945736,122
softdis,pdbflex,mmseqs_80,4lxr_J,3e07A,114,114,mmseqs,100.000000,1.000000,1.000000,114
softdis,pdbflex,mmseqs_80,5mkx_B,5fe6B,119,119,mmseqs,100.000000,1.000000,1.000000,119
softdis,pdbflex,mmseqs_80,5t2q_A,5t2rA,108,108,mmseqs,100.000000,1.000000,1.000000,108
softdis,pdbflex,mmseqs_80,5cmo_C,5suvA,125,125,mmseqs,100.000000,1.000000,0.992063,125
softdis,pdbflex,mmseqs_80,5d9z_B,5d9zB,112,112,mmseqs,100.000000,1.000000,1.000000,112
softdis,pdbflex,mmseqs_80,1fte_B,1fthA,122,122,mmseqs,100.000000,1.000000,1.000000,122
softdis,pdbflex,mmseqs_80,1ytt_A,1msbA,115,115,mmseqs,100.000000,1.000000,1.000000,115
softdis,pdbflex,mmseqs_80,2vm2_A,2vm1C,118,118,mmseqs,100.000000,1.000000,1.000000,118
softdis,pdbflex,mmseqs_80,5mpw_A,5mpwA,115,115,mmseqs,100.000000,1.000000,1.000000,115
softdis,pdbflex,mmseqs_80,7xne_A,6yijA,133,117,mmseqs,100.000000,0.879699,0.983193,117
softdis,pdbflex,mmseqs_80,2w8b_C,2w8bG,118,118,mmseqs,100.000000,1.000000,1.000000,118
softdis,pdbflex,mmseqs_80,2oe0_A,2oe1A,114,114,mmseqs,100.000000,1.000000,1.000000,114
softdis,pdbflex,mmseqs_80,3f72_A,3f72B,122,122,mmseqs,100.000000,1.000000,1.000000,122
softdis,pdbflex,mmseqs_80,2qra_D,2qraC,111,111,mmseqs,100.000000,1.000000,1.000000,111
softdis,pdbflex,mmseqs_80,3uvt_A,3uvtC,111,111,mmseqs,100.000000,1.000000,1.000000,111
softdis,pdbflex,mmseqs_80,2of5_A,2of5A,114,114,mmseqs,100.000000,1.000000,1.000000,114
softdis,pdbflex,mmseqs_80,3ia0_Z,3ia0A,119,119,mmseqs,100.000000,1.000000,1.000000,119
softdis,pdbflex,mmseqs_80,5hiy_A,5hiyB,114,114,mmseqs,100.000000,1.000000,1.000000,114
softdis,pdbflex,mmseqs_80,4oiz_A,4oitB,113,113,mmseqs,100.000000,1.000000,1.000000,113
softdis,pdbflex,mmseqs_80,1f7t_A,1f7tA,122,122,mmseqs,100.000000,1.000000,1.000000,122
softdis,pdbflex,mmseqs_80,1oms_C,1omsC,121,121,mmseqs,100.000000,1.000000,1.000000,121
softdis,pdbflex,mmseqs_80,2cov_D,2covD,104,104,mmseqs,100.000000,1.000000,1.000000,104
softdis,pdbflex,mmseqs_80,3ded_A,3dedC,113,113,mmseqs,100.000000,1.000000,1.000000,113
softdis,pdbflex,mmseqs_80,3ssq_A,3ssqA,122,122,mmseqs,100.000000,1.000000,1.000000,122
softdis,pdbflex,mmseqs_80,4pu8_B,4pu4D,118,118,mmseqs,100.000000,1.000000,1.000000,118
softdis,pdbflex,mmseqs_80,7s4e_A,6haxE,125,121,mmseqs,100.000000,0.968000,0.983740,121
softdis,pdbflex,mmseqs_80,6azr_B,3dgeC,123,122,mmseqs,100.000000,0.991870,1.000000,122
softdis,pdbflex,mmseqs_80,6ctd_A,6ctdA,121,121,mmseqs,100.000000,1.000000,1.000000,121
softdis,pdbflex,mmseqs_80,2was_A,2watA,122,122,mmseqs,100.000000,1.000000,1.000000,122
softdis,pdbflex,mmseqs_80,5fm8_A,5fm4B,112,112,mmseqs,100.000000,1.000000,1.000000,112
softdis,pdbflex,mmseqs_80,2of5_H,2of5H,118,118,mmseqs,100.000000,1.000000,1.000000,118
softdis,pdbflex,mmseqs_80,5un5_D,5un5C,123,123,mmseqs,100.000000,1.000000,1.000000,123
softdis,pdbflex,mmseqs_80,2z8v_C,2z8vC,116,116,mmseqs,100.000000,1.000000,1.000000,116
softdis,pdbflex,mmseqs_80,3f8b_A,3f8fA,116,116,mmseqs,100.000000,1.000000,0.920635,116
softdis,pdbflex,mmseqs_80,2zv3_A,2zv3B,115,115,mmseqs,100.000000,1.000000,1.000000,115
softdis,pdbflex,mmseqs_80,4xjk_D,4xjkD,114,114,mmseqs,100.000000,1.000000,1.000000,114
softdis,pdbflex,mmseqs_80,5e6n_A,5azhA,118,115,mmseqs,100.000000,0.974576,0.898438,115
softdis,pdbflex,mmseqs_80,6f5c_A,6quaB,127,117,mmseqs,100.000000,0.921260,1.000000,117
softdis,pdbflex,mmseqs_80,6j2z_F,6j2zB,108,108,mmseqs,100.000000,1.000000,1.000000,108
softdis,pdbflex,mmseqs_80,6jnl_A,6jnmA,101,101,mmseqs,100.000000,1.000000,1.000000,101
softdis,pdbflex,mmseqs_80,1kb2_B,1kb6B,110,110,mmseqs,100.000000,1.000000,1.000000,110
softdis,pdbflex,mmseqs_80,5j0l_A,5j0lA,141,141,mmseqs,100.000000,1.000000,1.000000,141
softdis,pdbflex,mmseqs_80,6ebb_A,6ebbA,120,120,mmseqs,100.000000,1.000000,1.000000,120
softdis,pdbflex,mmseqs_80,6er7_A,6exrA,120,120,mmseqs,100.000000,1.000000,1.000000,120
softdis,pdbflex,mmseqs_80,3ahp_A,3ahpB,108,108,mmseqs,100.000000,1.000000,1.000000,108
softdis,pdbflex,mmseqs_80,1i85_B,1i85A,110,110,mmseqs,100.000000,1.000000,1.000000,110
softdis,pdbflex,mmseqs_80,2pmu_A,2pmuB,110,110,mmseqs,100.000000,1.000000,1.000000,110
softdis,pdbflex,mmseqs_80,4pj1_O,4pj1Z,114,114,mmseqs,100.000000,1.000000,1.000000,114
softdis,pdbflex,mmseqs_80,4hjm_A,4n11A,111,111,mmseqs,100.000000,1.000000,1.000000,111
softdis,pdbflex,mmseqs_80,5aqf_D,5aquB,118,118,mmseqs,100.000000,1.000000,1.000000,118
softdis,pdbflex,mmseqs_80,5j7d_A,5j7dA,112,112,mmseqs,100.000000,1.000000,1.000000,112
softdis,pdbflex,mmseqs_80,5zhc_A,5zi8A,113,113,mmseqs,100.000000,1.000000,1.000000,113
softdis,pdbflex,mmseqs_80,1xw3_A,1xw3A,110,110,mmseqs,100.000000,1.000000,1.000000,110
softdis,pdbflex,mmseqs_80,2gsg_A,2otuA,116,114,mmseqs,100.000000,0.982759,0.991304,114
softdis,pdbflex,mmseqs_80,3jv6_B,3jv6B,107,107,mmseqs,100.000000,1.000000,1.000000,107
softdis,pdbflex,mmseqs_80,3r7n_B,1pyoD,112,104,mmseqs,100.000000,0.928571,0.990476,104
softdis,pdbflex,mmseqs_80,4n9g_C,4jlrC,123,123,mmseqs,100.000000,1.000000,1.000000,123
softdis,pdbflex,mmseqs_80,4yyi_A,4yyhB,108,108,mmseqs,100.000000,1.000000,1.000000,108
softdis,pdbflex,mmseqs_80,6i19_A,6q46A,113,113,mmseqs,100.000000,1.000000,1.000000,113
softdis,pdbflex,mmseqs_80,4rwx_A,4rwwA,114,113,mmseqs,100.000000,0.991228,1.000000,113
softdis,pdbflex,mmseqs_80,5or8_A,4qbmA,106,106,mmseqs,100.000000,1.000000,1.000000,106
softdis,pdbflex,mmseqs_80,5yny_A,5ynxA,128,118,mmseqs,100.000000,0.921875,1.000000,118
softdis,pdbflex,mmseqs_80,7sn6_A,4fxwA,106,106,mmseqs,100.000000,1.000000,1.000000,106
softdis,pdbflex,mmseqs_80,5xe2_A,5xe2A,107,107,mmseqs,100.000000,1.000000,1.000000,107
softdis,pdbflex,mmseqs_80,1bcp_D,1ptoD,110,110,mmseqs,100.000000,1.000000,1.000000,110
softdis,pdbflex,mmseqs_80,4y00_A,4y00A,103,103,mmseqs,100.000000,1.000000,1.000000,103
softdis,pdbflex,mmseqs_80,5x5l_A,5x5lE,109,109,mmseqs,100.000000,1.000000,1.000000,109
softdis,pdbflex,mmseqs_80,6pxb_F,6pxcA,109,109,mmseqs,100.000000,1.000000,1.000000,109
softdis,pdbflex,mmseqs_80,3qkb_A,3qkbA,111,111,mmseqs,100.000000,1.000000,1.000000,111
softdis,pdbflex,mmseqs_80,1gxp_A,1gxqA,106,106,mmseqs,100.000000,1.000000,1.000000,106
softdis,pdbflex,mmseqs_80,2pys_A,2pysB,109,109,mmseqs,100.000000,1.000000,1.000000,109
softdis,pdbflex,mmseqs_80,3dar_A,3cafA,105,100,mmseqs,100.000000,0.952381,1.000000,100
softdis,pdbflex,mmseqs_80,3mlf_A,3mlfA,111,111,mmseqs,100.000000,1.000000,1.000000,111
softdis,pdbflex,mmseqs_80,6app_B,4w2oB,106,106,mmseqs,100.000000,1.000000,1.000000,106
softdis,pdbflex,mmseqs_80,6gbg_D,2gk2B,115,107,mmseqs,100.000000,0.930435,0.963964,107
softdis,pdbflex,mmseqs_80,6ppp_G,3swnF,119,113,mmseqs,100.000000,0.949580,0.965812,113
softdis,pdbflex,mmseqs_80,3nsi_A,3nsiB,101,101,mmseqs,100.000000,1.000000,1.000000,101
softdis,pdbflex,mmseqs_80,3tkz_A,4je4A,109,103,mmseqs,100.000000,0.944954,0.971698,103
softdis,pdbflex,mmseqs_80,1bxa_A,2j55A,105,105,mmseqs,100.000000,1.000000,1.000000,105
softdis,pdbflex,mmseqs_80,3d1m_C,3n1fD,102,102,mmseqs,100.000000,1.000000,1.000000,102
softdis,pdbflex,mmseqs_80,3mop_D,3mopA,110,110,mmseqs,100.000000,1.000000,1.000000,110
softdis,pdbflex,mmseqs_80,4omy_A,4omzC,118,118,mmseqs,100.000000,1.000000,1.000000,118
softdis,pdbflex,mmseqs_80,2puk_C,2pukC,106,106,mmseqs,100.000000,1.000000,1.000000,106
softdis,pdbflex,mmseqs_80,5hk3_A,5hkcA,114,114,mmseqs,100.000000,1.000000,1.000000,114
softdis,pdbflex,mmseqs_80,6aso_G,4c92G,115,115,mmseqs,100.000000,1.000000,1.000000,115
softdis,pdbflex,mmseqs_80,1d4t_A,1d4tA,104,104,mmseqs,100.000000,1.000000,1.000000,104
softdis,pdbflex,mmseqs_80,1nw2_A,1nw2A,105,105,mmseqs,100.000000,1.000000,1.000000,105
softdis,pdbflex,mmseqs_80,4emh_U,4emhA,105,105,mmseqs,100.000000,1.000000,1.000000,105
softdis,pdbflex,mmseqs_80,4k2e_A,4ooiB,112,112,mmseqs,100.000000,1.000000,1.000000,112
softdis,pdbflex,mmseqs_80,4h2t_C,4h2uD,110,110,mmseqs,100.000000,1.000000,1.000000,110
softdis,pdbflex,mmseqs_80,4zk7_M,4zk7Q,111,111,mmseqs,100.000000,1.000000,1.000000,111
softdis,pdbflex,mmseqs_80,6kc4_A,6kc4A,102,102,mmseqs,100.000000,1.000000,1.000000,102
softdis,pdbflex,mmseqs_80,2d00_C,2d00A,109,109,mmseqs,100.000000,1.000000,1.000000,109
softdis,pdbflex,mmseqs_80,5ym6_A,5ym8B,115,108,mmseqs,100.000000,0.939130,1.000000,108
softdis,pdbflex,mmseqs_80,2hd3_A,2hd3B,103,103,mmseqs,100.000000,1.000000,1.000000,103
softdis,pdbflex,mmseqs_80,2pe8_A,2pehA,105,105,mmseqs,100.000000,1.000000,1.000000,105
softdis,pdbflex,mmseqs_80,3k3s_A,3k3sA,105,105,mmseqs,100.000000,1.000000,1.000000,105
softdis,pdbflex,mmseqs_80,3qby_A,3qbyA,94,94,mmseqs,100.000000,1.000000,1.000000,94
softdis,pdbflex,mmseqs_80,3qdo_A,3qdoA,109,109,mmseqs,100.000000,1.000000,1.000000,109
softdis,pdbflex,mmseqs_80,5j7k_A,5j7kB,99,99,mmseqs,100.000000,1.000000,1.000000,99
softdis,pdbflex,mmseqs_80,1ql3_A,1ql4A,99,99,mmseqs,100.000000,1.000000,1.000000,99
softdis,pdbflex,mmseqs_80,3nit_A,3nitA,90,90,mmseqs,100.000000,1.000000,1.000000,90
softdis,pdbflex,mmseqs_80,4jur_I,4hfkB,105,105,mmseqs,100.000000,1.000000,1.000000,105
softdis,pdbflex,mmseqs_80,1ehd_A,1ehhA,89,89,mmseqs,100.000000,1.000000,1.000000,89
softdis,pdbflex,mmseqs_80,2pei_A,2peiD,109,109,mmseqs,100.000000,1.000000,1.000000,109
softdis,pdbflex,mmseqs_80,2wwk_T,2wwmD,102,102,mmseqs,100.000000,1.000000,1.000000,102
softdis,pdbflex,mmseqs_80,4nyo_A,4nyoA,102,102,mmseqs,100.000000,1.000000,1.000000,102
softdis,pdbflex,mmseqs_80,4pw9_B,4pwaD,106,106,mmseqs,100.000000,1.000000,1.000000,106
softdis,pdbflex,mmseqs_80,4q2n_A,4q2nB,103,103,mmseqs,100.000000,1.000000,1.000000,103
softdis,pdbflex,mmseqs_80,6thh_A,6expF,104,104,mmseqs,100.000000,1.000000,1.000000,104
softdis,pdbflex,mmseqs_80,3oei_C,3oeiC,96,96,mmseqs,100.000000,1.000000,1.000000,96
softdis,pdbflex,mmseqs_80,4ygc_B,4ygdH,104,104,mmseqs,100.000000,1.000000,1.000000,104
softdis,pdbflex,mmseqs_80,6el8_A,6el8A,99,99,mmseqs,100.000000,1.000000,1.000000,99
softdis,pdbflex,mmseqs_80,6n3f_C,6n3dA,96,96,mmseqs,100.000000,1.000000,1.000000,96
softdis,pdbflex,mmseqs_80,8eg6_B,3qnwB,109,100,mmseqs,100.000000,0.917431,1.000000,100
softdis,pdbflex,mmseqs_80,1r1u_A,1r1uC,106,106,mmseqs,100.000000,1.000000,1.000000,106
softdis,pdbflex,mmseqs_80,2ql5_B,4lszD,97,97,mmseqs,100.000000,1.000000,0.923810,97
softdis,pdbflex,mmseqs_80,2vkj_A,2vkjA,106,106,mmseqs,100.000000,1.000000,1.000000,106
softdis,pdbflex,mmseqs_80,6o8o_A,6o8oB,111,111,mmseqs,100.000000,1.000000,1.000000,111
softdis,pdbflex,mmseqs_80,1jxg_B,1jxgA,100,100,mmseqs,100.000000,1.000000,1.000000,100
softdis,pdbflex,mmseqs_80,1psr_A,1psrA,100,100,mmseqs,100.000000,1.000000,1.000000,100
softdis,pdbflex,mmseqs_80,1wmg_A,1wmgA,103,103,mmseqs,100.000000,1.000000,1.000000,103
softdis,pdbflex,mmseqs_80,2pr0_A,2pr0A,94,94,mmseqs,100.000000,1.000000,1.000000,94
softdis,pdbflex,mmseqs_80,3oq9_H,3oq9H,100,100,mmseqs,100.000000,1.000000,1.000000,100
softdis,pdbflex,mmseqs_80,3stq_A,3stqA,102,102,mmseqs,100.000000,1.000000,1.000000,102
softdis,pdbflex,mmseqs_80,4h2w_C,4h2wC,103,103,mmseqs,100.000000,1.000000,1.000000,103
softdis,pdbflex,mmseqs_80,4zka_A,4zkaA,100,100,mmseqs,100.000000,1.000000,1.000000,100
softdis,pdbflex,mmseqs_80,5ied_B,5f0eB,88,88,mmseqs,100.000000,1.000000,1.000000,88
softdis,pdbflex,mmseqs_80,5m3d_A,5m3tB,101,101,mmseqs,100.000000,1.000000,1.000000,101
softdis,pdbflex,mmseqs_80,6lbi_C,3co6C,118,100,mmseqs,100.000000,0.847458,1.000000,100
softdis,pdbflex,mmseqs_80,1bt6_B,1a4pA,96,96,mmseqs,100.000000,1.000000,1.000000,96
softdis,pdbflex,mmseqs_80,3kjn_B,3kjnB,95,95,mmseqs,100.000000,1.000000,1.000000,95
softdis,pdbflex,mmseqs_80,5jvh_L,1nkwM,114,114,mmseqs,100.000000,1.000000,1.000000,114
softdis,pdbflex,mmseqs_80,5to4_A,5eg3B,101,97,mmseqs,100.000000,0.960396,0.850877,97
softdis,pdbflex,mmseqs_80,5xpb_D,5xpcB,100,100,mmseqs,100.000000,1.000000,1.000000,100
softdis,pdbflex,mmseqs_80,3oe3_A,3oe3C,98,98,mmseqs,100.000000,1.000000,1.000000,98
softdis,pdbflex,mmseqs_80,1pal_A,1pvbA,108,107,mmseqs,100.000000,0.990741,0.990741,107
softdis,pdbflex,mmseqs_80,2q73_A,2q73C,100,100,mmseqs,100.000000,1.000000,1.000000,100
softdis,pdbflex,mmseqs_80,3b83_A,3b83C,100,100,mmseqs,100.000000,1.000000,1.000000,100
softdis,pdbflex,mmseqs_80,5dft_A,5dftA,101,101,mmseqs,100.000000,1.000000,1.000000,101
softdis,pdbflex,mmseqs_80,2cxk_A,2cxkA,95,95,mmseqs,100.000000,1.000000,1.000000,95
softdis,pdbflex,mmseqs_80,6fia_A,6fiaD,104,104,mmseqs,100.000000,1.000000,1.000000,104
softdis,pdbflex,mmseqs_80,3isw_A,3iswB,99,99,mmseqs,100.000000,1.000000,1.000000,99
softdis,pdbflex,mmseqs_80,4jvz_A,4jvzC,99,99,mmseqs,100.000000,1.000000,1.000000,99
softdis,pdbflex,mmseqs_80,3pqj_A,3pqkB,102,102,mmseqs,100.000000,1.000000,1.000000,102
softdis,pdbflex,mmseqs_80,4dxe_H,4dxeI,101,101,mmseqs,100.000000,1.000000,1.000000,101
softdis,pdbflex,mmseqs_80,4j45_A,4j48A,86,86,mmseqs,100.000000,1.000000,1.000000,86
softdis,pdbflex,mmseqs_80,2hyi_B,2hyiB,91,91,mmseqs,100.000000,1.000000,1.000000,91
softdis,pdbflex,mmseqs_80,3mq1_D,3mq1A,103,103,mmseqs,100.000000,1.000000,1.000000,103
softdis,pdbflex,mmseqs_80,4y5o_A,4fqnA,98,98,mmseqs,100.000000,1.000000,1.000000,98
softdis,pdbflex,mmseqs_80,1owf_A,1owgA,99,99,mmseqs,100.000000,1.000000,1.000000,99
softdis,pdbflex,mmseqs_80,1vp7_C,1vp7B,100,100,mmseqs,100.000000,1.000000,1.000000,100
softdis,pdbflex,mmseqs_80,2qkv_A,2qkvA,96,96,mmseqs,100.000000,1.000000,1.000000,96
softdis,pdbflex,mmseqs_80,2rcf_A,2rcfA,91,91,mmseqs,100.000000,1.000000,1.000000,91
softdis,pdbflex,mmseqs_80,2vph_A,5ez0D,100,92,mmseqs,100.000000,0.920000,0.859813,92
softdis,pdbflex,mmseqs_80,3ulj_A,3uljB,90,90,mmseqs,100.000000,1.000000,1.000000,90
softdis,pdbflex,mmseqs_80,1aue_A,4driB,100,90,mmseqs,100.000000,0.900000,0.918367,90
softdis,pdbflex,mmseqs_80,1kkl_H,1kklJ,100,100,mmseqs,100.000000,1.000000,1.000000,100
softdis,pdbflex,mmseqs_80,3lnx_A,3lnxA,96,96,mmseqs,100.000000,1.000000,1.000000,96
softdis,pdbflex,mmseqs_80,5l37_A,5l37C,95,95,mmseqs,100.000000,1.000000,1.000000,95
softdis,pdbflex,mmseqs_80,1n9s_J,1n9sC,93,93,mmseqs,100.000000,1.000000,1.000000,93
softdis,pdbflex,mmseqs_80,1w2i_A,1v3zA,91,91,mmseqs,100.000000,1.000000,1.000000,91
softdis,pdbflex,mmseqs_80,3mli_A,3mliD,100,100,mmseqs,100.000000,1.000000,1.000000,100
softdis,pdbflex,mmseqs_80,1n5z_A,1jqqB,92,92,mmseqs,100.000000,1.000000,1.000000,92
softdis,pdbflex,mmseqs_80,4hi2_B,6krbA,91,91,mmseqs,100.000000,1.000000,1.000000,91
softdis,pdbflex,mmseqs_80,5csf_A,5csnA,95,95,mmseqs,100.000000,1.000000,1.000000,95
softdis,pdbflex,mmseqs_80,1owf_B,1owfB,94,94,mmseqs,100.000000,1.000000,1.000000,94
softdis,pdbflex,mmseqs_80,1yn4_A,1yn4A,99,99,mmseqs,100.000000,1.000000,1.000000,99
softdis,pdbflex,mmseqs_80,2aib_A,2a8fA,98,98,mmseqs,100.000000,1.000000,1.000000,98
softdis,pdbflex,mmseqs_80,2h3r_A,2oa5B,110,110,mmseqs,100.000000,1.000000,1.000000,110
softdis,pdbflex,mmseqs_80,2x5h_A,2x5hD,97,97,mmseqs,100.000000,1.000000,1.000000,97
softdis,pdbflex,mmseqs_80,2ek1_F,2ek1A,95,95,mmseqs,100.000000,1.000000,1.000000,95
softdis,pdbflex,mmseqs_80,2o94_A,2o94A,112,112,mmseqs,100.000000,1.000000,1.000000,112
softdis,pdbflex,mmseqs_80,4pjo_B,1d3bL,95,91,mmseqs,100.000000,0.957895,1.000000,91
softdis,pdbflex,mmseqs_80,1h0x_A,1h0yA,100,100,mmseqs,100.000000,1.000000,1.000000,100
softdis,pdbflex,mmseqs_80,2qyp_A,2qypB,91,91,mmseqs,100.000000,1.000000,1.000000,91
softdis,pdbflex,mmseqs_80,2wc8_A,2wc8D,95,95,mmseqs,100.000000,1.000000,1.000000,95
softdis,pdbflex,mmseqs_80,3p6y_C,3p5tM,90,90,mmseqs,100.000000,1.000000,1.000000,90
softdis,pdbflex,mmseqs_80,4uow_5,4c4kO,93,93,mmseqs,100.000000,1.000000,0.948980,93
softdis,pdbflex,mmseqs_80,5e1y_A,5e1yA,95,95,mmseqs,100.000000,1.000000,1.000000,95
softdis,pdbflex,mmseqs_80,1mfg_A,2h3lA,95,92,mmseqs,100.000000,0.968421,0.893204,92
softdis,pdbflex,mmseqs_80,5xjr_E,3pgwH,92,92,mmseqs,100.000000,1.000000,1.000000,92
softdis,pdbflex,mmseqs_80,2hnw_E,2hnuA,80,80,mmseqs,100.000000,1.000000,0.987654,80
softdis,pdbflex,mmseqs_80,4lmm_A,4n6xA,91,91,mmseqs,100.000000,1.000000,1.000000,91
softdis,pdbflex,mmseqs_80,4nxp_A,4nxrA,94,94,mmseqs,100.000000,1.000000,1.000000,94
softdis,pdbflex,mmseqs_80,6aso_E,5vsuE,93,93,mmseqs,100.000000,1.000000,0.968750,93
softdis,pdbflex,mmseqs_80,6c12_D,1x6iA,101,87,mmseqs,100.000000,0.861386,0.956044,87
softdis,pdbflex,mmseqs_80,6msv_F,6msvD,92,92,mmseqs,100.000000,1.000000,1.000000,92
softdis,pdbflex,mmseqs_80,6ppn_C,4emgA,95,93,mmseqs,100.000000,0.978947,1.000000,93
softdis,pdbflex,mmseqs_80,5cba_E,4zaiA,88,88,mmseqs,100.000000,1.000000,1.000000,88
softdis,pdbflex,mmseqs_80,3b4d_A,3ucgA,96,88,mmseqs,100.000000,0.916667,0.988764,88
softdis,pdbflex,mmseqs_80,4fxe_D,4fxhB,95,95,mmseqs,100.000000,1.000000,1.000000,95
softdis,pdbflex,mmseqs_80,4qeg_A,5jdjA,91,91,mmseqs,100.000000,1.000000,1.000000,91
softdis,pdbflex,mmseqs_80,5iqq_A,5iqqA,91,91,mmseqs,100.000000,1.000000,1.000000,91
softdis,pdbflex,mmseqs_80,5lsb_B,5lslE,84,84,mmseqs,100.000000,1.000000,1.000000,84
softdis,pdbflex,mmseqs_80,6a77_A,5o5iA,91,89,mmseqs,100.000000,0.978022,0.967391,89
softdis,pdbflex,mmseqs_80,2nwa_A,2nwaA,88,88,mmseqs,100.000000,1.000000,1.000000,88
softdis,pdbflex,mmseqs_80,3hzb_A,3hzbD,90,90,mmseqs,100.000000,1.000000,1.000000,90
softdis,pdbflex,mmseqs_80,1wnr_A,1wnrG,94,94,mmseqs,100.000000,1.000000,1.000000,94
softdis,pdbflex,mmseqs_80,3hug_A,3hugA,92,92,mmseqs,100.000000,1.000000,1.000000,92
softdis,pdbflex,mmseqs_80,4i7a_B,4i7aD,95,95,mmseqs,100.000000,1.000000,1.000000,95
softdis,pdbflex,mmseqs_80,4v0u_E,4v0uE,84,84,mmseqs,100.000000,1.000000,1.000000,84
softdis,pdbflex,mmseqs_80,4wxa_B,4wx8B,94,94,mmseqs,100.000000,1.000000,1.000000,94
softdis,pdbflex,mmseqs_80,4xq3_A,4xq3F,91,91,mmseqs,100.000000,1.000000,1.000000,91
softdis,pdbflex,mmseqs_80,6e55_A,6e55A,90,90,mmseqs,100.000000,1.000000,1.000000,90
softdis,pdbflex,mmseqs_80,6ny6_Y,2a6sB,84,84,mmseqs,100.000000,1.000000,1.000000,84
softdis,pdbflex,mmseqs_80,2djw_I,2djwA,92,92,mmseqs,100.000000,1.000000,1.000000,92
softdis,pdbflex,mmseqs_80,2zug_A,2zugA,90,90,mmseqs,100.000000,1.000000,1.000000,90
softdis,pdbflex,mmseqs_80,1pht_A,1phtA,85,85,mmseqs,100.000000,1.000000,1.000000,85
softdis,pdbflex,mmseqs_80,2j8b_A,2uwrA,79,78,mmseqs,100.000000,0.987342,0.987342,78
softdis,pdbflex,mmseqs_80,2uzc_B,2uzcC,88,88,mmseqs,100.000000,1.000000,1.000000,88
softdis,pdbflex,mmseqs_80,3cw1_F,3pgwF,86,86,mmseqs,100.000000,1.000000,1.000000,86
softdis,pdbflex,mmseqs_80,4kyp_A,1bcgA,84,76,mmseqs,100.000000,0.904762,0.987013,76
softdis,pdbflex,mmseqs_80,4ybh_B,4ybhB,92,92,mmseqs,100.000000,1.000000,1.000000,92
softdis,pdbflex,mmseqs_80,6mye_A,5vwcA,95,91,mmseqs,100.000000,0.957895,0.900990,91
softdis,pdbflex,mmseqs_80,6xnj_A,4jopA,91,87,mmseqs,100.000000,0.956044,1.000000,87
softdis,pdbflex,mmseqs_80,8a58_C,6fgaC,85,85,mmseqs,100.000000,1.000000,0.841584,85
softdis,pdbflex,mmseqs_80,4wk8_G,3qrfF,82,82,mmseqs,100.000000,1.000000,1.000000,82
softdis,pdbflex,mmseqs_80,3hz2_A,5ht9A,84,84,mmseqs,100.000000,1.000000,1.000000,84
softdis,pdbflex,mmseqs_80,6aso_C,3bw1A,97,89,mmseqs,100.000000,0.917526,0.927083,89
softdis,pdbflex,mmseqs_80,6aso_D,4m7dG,93,93,mmseqs,100.000000,1.000000,1.000000,93
softdis,pdbflex,mmseqs_80,6jy5_D,6jy5D,85,85,mmseqs,100.000000,1.000000,1.000000,85
softdis,pdbflex,mmseqs_80,2vsp_A,6eziA,91,85,mmseqs,100.000000,0.934066,0.955056,85
softdis,pdbflex,mmseqs_80,3bq7_A,3bq7C,81,81,mmseqs,100.000000,1.000000,1.000000,81
softdis,pdbflex,mmseqs_80,3kfd_I,6macK,85,80,mmseqs,100.000000,0.941176,1.000000,80
softdis,pdbflex,mmseqs_80,3vp8_B,3vp8B,92,92,mmseqs,100.000000,1.000000,1.000000,92
softdis,pdbflex,mmseqs_80,5tda_A,3ny2D,76,75,mmseqs,100.000000,0.986842,1.000000,75
softdis,pdbflex,mmseqs_80,1p78_A,1p71A,94,94,mmseqs,100.000000,1.000000,1.000000,94
softdis,pdbflex,mmseqs_80,3r84_B,3r84V,92,92,mmseqs,100.000000,1.000000,1.000000,92
softdis,pdbflex,mmseqs_80,6f63_A,6f63A,98,98,mmseqs,100.000000,1.000000,1.000000,98
softdis,pdbflex,mmseqs_80,3qmb_A,3qmbA,79,79,mmseqs,100.000000,1.000000,1.000000,79
softdis,pdbflex,mmseqs_80,3t6r_A,3t6rA,72,72,mmseqs,100.000000,1.000000,1.000000,72
softdis,pdbflex,mmseqs_80,4bl6_A,4bl6C,94,94,mmseqs,100.000000,1.000000,1.000000,94
softdis,pdbflex,mmseqs_80,5yts_A,6a6lA,83,83,mmseqs,100.000000,1.000000,1.000000,83
softdis,pdbflex,mmseqs_80,6o8q_A,6o8qB,91,91,mmseqs,100.000000,1.000000,1.000000,91
softdis,pdbflex,mmseqs_80,5zjr_A,5zjrA,84,84,mmseqs,100.000000,1.000000,1.000000,84
softdis,pdbflex,mmseqs_80,4icu_A,4icvA,85,85,mmseqs,100.000000,1.000000,1.000000,85
softdis,pdbflex,mmseqs_80,4oml_A,4omlA,78,78,mmseqs,100.000000,1.000000,1.000000,78
softdis,pdbflex,mmseqs_80,5x3p_A,5x3pA,83,83,mmseqs,100.000000,1.000000,1.000000,83
softdis,pdbflex,mmseqs_80,6g6j_A,6g6kA,94,94,mmseqs,100.000000,1.000000,1.000000,94
softdis,pdbflex,mmseqs_80,3zie_A,3zieB,86,86,mmseqs,100.000000,1.000000,1.000000,86
softdis,pdbflex,mmseqs_80,2rb3_A,3bqpA,85,78,mmseqs,100.000000,0.917647,0.975000,78
softdis,pdbflex,mmseqs_80,5eyo_A,5eyoC,88,88,mmseqs,100.000000,1.000000,1.000000,88
softdis,pdbflex,mmseqs_80,2yhn_A,2yhoE,79,79,mmseqs,100.000000,1.000000,1.000000,79
softdis,pdbflex,mmseqs_80,5gnj_G,5gnjB,89,89,mmseqs,100.000000,1.000000,1.000000,89
softdis,pdbflex,mmseqs_80,6aso_F,5vsuF,88,88,mmseqs,100.000000,1.000000,1.000000,88
softdis,pdbflex,mmseqs_80,6mpf_S,5wnpS,80,80,mmseqs,100.000000,1.000000,0.987654,80
softdis,pdbflex,mmseqs_80,1wp8_B,1wp8A,89,89,mmseqs,100.000000,1.000000,1.000000,89
softdis,pdbflex,mmseqs_80,4hwc_A,4hwcB,89,89,mmseqs,100.000000,1.000000,1.000000,89
softdis,pdbflex,mmseqs_80,5eki_A,5ekiE,79,79,mmseqs,100.000000,1.000000,1.000000,79
softdis,pdbflex,mmseqs_80,1gcp_A,1gcqC,70,70,mmseqs,100.000000,1.000000,1.000000,70
softdis,pdbflex,mmseqs_80,1b4f_A,1b4fB,82,82,mmseqs,100.000000,1.000000,1.000000,82
softdis,pdbflex,mmseqs_80,1gua_B,4g0nB,81,78,mmseqs,100.000000,0.962963,1.000000,78
softdis,pdbflex,mmseqs_80,2v6x_A,5fvlA,85,83,mmseqs,100.000000,0.976471,1.000000,83
softdis,pdbflex,mmseqs_80,4pyu_A,4pyuA,76,76,mmseqs,100.000000,1.000000,1.000000,76
softdis,pdbflex,mmseqs_80,4z88_G,4z88D,73,73,mmseqs,100.000000,1.000000,1.000000,73
softdis,pdbflex,mmseqs_80,5jxc_B,5jxcA,92,92,mmseqs,100.000000,1.000000,1.000000,92
softdis,pdbflex,mmseqs_80,5v6h_A,5v6hE,79,79,mmseqs,100.000000,1.000000,1.000000,79
softdis,pdbflex,mmseqs_80,5whf_C,5whfC,90,90,mmseqs,100.000000,1.000000,1.000000,90
softdis,pdbflex,mmseqs_80,7ulg_A,2ctxA,72,71,mmseqs,100.000000,0.986111,1.000000,71
softdis,pdbflex,mmseqs_80,1mo1_A,1mo1B,87,87,mmseqs,100.000000,1.000000,1.000000,87
softdis,pdbflex,mmseqs_80,1r6j_A,1r6jA,82,82,mmseqs,100.000000,1.000000,1.000000,82
softdis,pdbflex,mmseqs_80,1zg5_E,1je8E,82,82,mmseqs,100.000000,1.000000,1.000000,82
softdis,pdbflex,mmseqs_80,1zke_A,1zkeD,83,83,mmseqs,100.000000,1.000000,1.000000,83
softdis,pdbflex,mmseqs_80,5izs_A,5izsC,95,95,mmseqs,100.000000,1.000000,1.000000,95
softdis,pdbflex,mmseqs_80,5wb2_B,5wb2B,76,76,mmseqs,100.000000,1.000000,1.000000,76
softdis,pdbflex,mmseqs_80,2cvi_A,2cviA,83,83,mmseqs,100.000000,1.000000,1.000000,83
softdis,pdbflex,mmseqs_80,3vfz_A,3vepH,86,86,mmseqs,100.000000,1.000000,1.000000,86
softdis,pdbflex,mmseqs_80,1zzi_A,1zziA,82,82,mmseqs,100.000000,1.000000,1.000000,82
softdis,pdbflex,mmseqs_80,3zdm_C,3zdmC,81,81,mmseqs,100.000000,1.000000,1.000000,81
softdis,pdbflex,mmseqs_80,6bug_A,6buhA,82,82,mmseqs,100.000000,1.000000,1.000000,82
softdis,pdbflex,mmseqs_80,1dok_A,1dokA,77,77,mmseqs,100.000000,1.000000,1.000000,77
softdis,pdbflex,mmseqs_80,1nkn_A,3basB,89,89,mmseqs,100.000000,1.000000,1.000000,89
softdis,pdbflex,mmseqs_80,1th7_K,1th7A,81,81,mmseqs,100.000000,1.000000,1.000000,81
softdis,pdbflex,mmseqs_80,5c13_A,5wxhA,64,63,mmseqs,100.000000,0.984375,1.000000,63
softdis,pdbflex,mmseqs_80,3hvz_A,3hvzA,78,78,mmseqs,100.000000,1.000000,1.000000,78
softdis,pdbflex,mmseqs_80,4w4m_A,4w4mH,78,78,mmseqs,100.000000,1.000000,1.000000,78
softdis,pdbflex,mmseqs_80,6xa9_B,5w8uB,80,77,mmseqs,100.000000,0.962500,0.974684,77
softdis,pdbflex,mmseqs_80,1n8e_A,1fzaA,89,87,mmseqs,100.000000,0.977528,1.000000,87
softdis,pdbflex,mmseqs_80,2bwe_S,2bwfA,77,77,mmseqs,100.000000,1.000000,1.000000,77
softdis,pdbflex,mmseqs_80,2ybr_C,2ybrI,66,66,mmseqs,100.000000,1.000000,1.000000,66
softdis,pdbflex,mmseqs_80,3qv1_G,6kezM,82,78,mmseqs,100.000000,0.951220,0.975000,78
softdis,pdbflex,mmseqs_80,4q9u_C,4q9uG,92,92,mmseqs,100.000000,1.000000,1.000000,92
softdis,pdbflex,mmseqs_80,6ryl_C,6rydA,76,76,mmseqs,100.000000,1.000000,1.000000,76
softdis,pdbflex,mmseqs_80,2zbc_A,2zbcA,83,83,mmseqs,100.000000,1.000000,1.000000,83
softdis,pdbflex,mmseqs_80,4hwh_A,4hwhE,88,88,mmseqs,100.000000,1.000000,1.000000,88
softdis,pdbflex,mmseqs_80,1rp3_D,1rp3B,88,88,mmseqs,100.000000,1.000000,1.000000,88
softdis,pdbflex,mmseqs_80,2ibz_H,1kb9F,74,74,mmseqs,100.000000,1.000000,1.000000,74
softdis,pdbflex,mmseqs_80,4x8w_A,4x8wE,75,75,mmseqs,100.000000,1.000000,1.000000,75
softdis,pdbflex,mmseqs_80,5lb7_B,5lb7B,80,80,mmseqs,100.000000,1.000000,1.000000,80
softdis,pdbflex,mmseqs_80,3obh_A,4g06A,82,73,mmseqs,100.000000,0.890244,0.924051,73
softdis,pdbflex,mmseqs_80,4aei_A,4aeiA,65,64,mmseqs,100.000000,0.984615,0.984615,64
softdis,pdbflex,mmseqs_80,6gfq_C,6gfoE,77,77,mmseqs,100.000000,1.000000,1.000000,77
softdis,pdbflex,mmseqs_80,6pce_A,6pceB,70,70,mmseqs,100.000000,1.000000,1.000000,70
softdis,pdbflex,mmseqs_80,5f5t_C,5f5tC,84,84,mmseqs,100.000000,1.000000,1.000000,84
softdis,pdbflex,mmseqs_80,7cqv_E,3ucwD,80,77,mmseqs,100.000000,0.962500,0.974684,77
softdis,pdbflex,mmseqs_80,8kg2_M,3r3mA,76,76,mmseqs,100.000000,1.000000,0.894118,76
softdis,pdbflex,mmseqs_80,3soh_B,3sohB,80,80,mmseqs,100.000000,1.000000,1.000000,80
softdis,pdbflex,mmseqs_80,4e2i_4,4e2i2,78,78,mmseqs,100.000000,1.000000,1.000000,78
softdis,pdbflex,mmseqs_80,5ydk_A,5ydkF,87,87,mmseqs,100.000000,1.000000,1.000000,87
softdis,pdbflex,mmseqs_80,6ppp_F,4emkB,77,75,mmseqs,100.000000,0.974026,1.000000,75
softdis,pdbflex,mmseqs_80,3vke_A,3vkeA,76,76,mmseqs,100.000000,1.000000,1.000000,76
softdis,pdbflex,mmseqs_80,4uus_F,5zjrB,76,73,mmseqs,100.000000,0.960526,0.986486,73
softdis,pdbflex,mmseqs_80,5ako_B,3vpvA,77,77,mmseqs,100.000000,1.000000,0.905882,77
softdis,pdbflex,mmseqs_80,5xjr_G,3pgwG,76,76,mmseqs,100.000000,1.000000,1.000000,76
softdis,pdbflex,mmseqs_80,6nf3_A,6dxrB,83,83,mmseqs,100.000000,1.000000,1.000000,83
softdis,pdbflex,mmseqs_80,1va7_A,1ruwA,70,69,mmseqs,100.000000,0.985714,1.000000,69
softdis,pdbflex,mmseqs_80,3gtj_J,4c3jJ,70,70,mmseqs,100.000000,1.000000,1.000000,70
softdis,pdbflex,mmseqs_80,3kvp_A,3kvpD,72,72,mmseqs,100.000000,1.000000,1.000000,72
softdis,pdbflex,mmseqs_80,1ppj_U,5nmiU,78,78,mmseqs,100.000000,1.000000,0.857143,78
softdis,pdbflex,mmseqs_80,3trt_A,3trtA,77,77,mmseqs,100.000000,1.000000,1.000000,77
softdis,pdbflex,mmseqs_80,6cfx_A,6cfxD,80,80,mmseqs,100.000000,1.000000,1.000000,80
softdis,pdbflex,mmseqs_80,3nm9_A,3nm9A,73,73,mmseqs,100.000000,1.000000,1.000000,73
softdis,pdbflex,mmseqs_80,4cc4_B,4cc4B,68,68,mmseqs,100.000000,1.000000,1.000000,68
softdis,pdbflex,mmseqs_80,2er8_A,2er8A,72,72,mmseqs,100.000000,1.000000,1.000000,72
softdis,pdbflex,mmseqs_80,5mki_B,5mknd,72,72,mmseqs,100.000000,1.000000,1.000000,72
softdis,pdbflex,mmseqs_80,2zqk_M,2zqkM,77,77,mmseqs,100.000000,1.000000,1.000000,77
softdis,pdbflex,mmseqs_80,6hc2_B,6hc2B,71,71,mmseqs,100.000000,1.000000,1.000000,71
softdis,pdbflex,mmseqs_80,3ebx_A,6ebxA,62,62,mmseqs,100.000000,1.000000,1.000000,62
softdis,pdbflex,mmseqs_80,4m8a_A,4m8aB,72,72,mmseqs,100.000000,1.000000,1.000000,72
softdis,pdbflex,mmseqs_80,6u0j_B,6n3pK,85,77,mmseqs,100.000000,0.905882,0.962500,77
softdis,pdbflex,mmseqs_80,1wdx_A,1tg0A,69,68,mmseqs,100.000000,0.985507,1.000000,68
softdis,pdbflex,mmseqs_80,3zpv_1,3zpv1,62,62,mmseqs,100.000000,1.000000,1.000000,62
softdis,pdbflex,mmseqs_80,5mnj_D,5mnjH,64,64,mmseqs,100.000000,1.000000,1.000000,64
softdis,pdbflex,mmseqs_80,4lhx_C,4lhzE,78,78,mmseqs,100.000000,1.000000,1.000000,78
softdis,pdbflex,mmseqs_80,4yg1_A,4yg1A,72,72,mmseqs,100.000000,1.000000,1.000000,72
softdis,pdbflex,mmseqs_80,4bdt_B,1fssB,61,61,mmseqs,100.000000,1.000000,1.000000,61
softdis,pdbflex,mmseqs_80,4yxa_B,4yx1A,70,70,mmseqs,100.000000,1.000000,1.000000,70
softdis,pdbflex,mmseqs_80,4zm0_A,3k33C,73,73,mmseqs,100.000000,1.000000,1.000000,73
softdis,pdbflex,mmseqs_80,4rqm_A,4rqmA,71,71,mmseqs,100.000000,1.000000,1.000000,71
softdis,pdbflex,mmseqs_80,5i44_B,5i44B,69,69,mmseqs,100.000000,1.000000,1.000000,69
softdis,pdbflex,mmseqs_80,5lxo_F,5lxoC,81,81,mmseqs,100.000000,1.000000,1.000000,81
softdis,pdbflex,mmseqs_80,6ama_A,6amaY,71,71,mmseqs,100.000000,1.000000,1.000000,71
softdis,pdbflex,mmseqs_80,2rjv_A,2rjvA,67,67,mmseqs,100.000000,1.000000,1.000000,67
softdis,pdbflex,mmseqs_80,2zi0_A,2zi0A,75,75,mmseqs,100.000000,1.000000,1.000000,75
softdis,pdbflex,mmseqs_80,3iv1_C,3iv1A,78,78,mmseqs,100.000000,1.000000,1.000000,78
softdis,pdbflex,mmseqs_80,1eja_B,1c9tG,59,59,mmseqs,100.000000,1.000000,1.000000,59
softdis,pdbflex,mmseqs_80,3byb_B,3bybA,59,59,mmseqs,100.000000,1.000000,1.000000,59
softdis,pdbflex,mmseqs_80,6gbq_A,6gbqA,71,71,mmseqs,100.000000,1.000000,1.000000,71
softdis,pdbflex,mmseqs_80,1fse_A,1fseB,74,74,mmseqs,100.000000,1.000000,1.000000,74
softdis,pdbflex,mmseqs_80,3bid_H,3bidE,64,64,mmseqs,100.000000,1.000000,1.000000,64
softdis,pdbflex,mmseqs_80,3lyv_E,3lyvA,66,66,mmseqs,100.000000,1.000000,1.000000,66
softdis,pdbflex,mmseqs_80,4wci_A,4wciC,65,65,mmseqs,100.000000,1.000000,1.000000,65
softdis,pdbflex,mmseqs_80,6rfk_E,6rfkE,62,62,mmseqs,100.000000,1.000000,1.000000,62
softdis,pdbflex,mmseqs_80,2w10_A,2w10B,62,62,mmseqs,100.000000,1.000000,1.000000,62
softdis,pdbflex,mmseqs_80,3nmd_A,3nmdA,72,72,mmseqs,100.000000,1.000000,1.000000,72
softdis,pdbflex,mmseqs_80,3qo2_A,3qo2A,64,64,mmseqs,100.000000,1.000000,1.000000,64
softdis,pdbflex,mmseqs_80,3zqm_G,3zqnI,72,72,mmseqs,100.000000,1.000000,1.000000,72
softdis,pdbflex,mmseqs_80,4b6d_A,4b6dA,61,61,mmseqs,100.000000,1.000000,1.000000,61
softdis,pdbflex,mmseqs_80,3a7o_A,3a7oE,75,75,mmseqs,100.000000,1.000000,1.000000,75
softdis,pdbflex,mmseqs_80,2f5z_K,2f60K,64,64,mmseqs,100.000000,1.000000,1.000000,64
softdis,pdbflex,mmseqs_80,3pmk_N,3pmkN,68,68,mmseqs,100.000000,1.000000,1.000000,68
softdis,pdbflex,mmseqs_80,6dm9_A,6dm9A,78,77,mmseqs,100.000000,0.987179,0.987179,77
softdis,pdbflex,mmseqs_80,6dm9_B,6dm9B,78,78,mmseqs,100.000000,1.000000,1.000000,78
softdis,pdbflex,mmseqs_80,2xdj_A,2wz7B,83,75,mmseqs,100.000000,0.903614,1.000000,75
softdis,pdbflex,mmseqs_80,6msq_A,6msqB,76,76,mmseqs,100.000000,1.000000,1.000000,76
softdis,pdbflex,mmseqs_80,1kli_L,5l2zL,69,58,mmseqs,100.000000,0.840580,1.000000,58
softdis,pdbflex,mmseqs_80,2r1j_L,3jxbC,68,67,mmseqs,100.000000,0.985294,1.000000,67
softdis,pdbflex,mmseqs_80,2yf2_A,2yf2C,65,65,mmseqs,100.000000,1.000000,1.000000,65
softdis,pdbflex,mmseqs_80,3cjh_B,3cjhB,64,64,mmseqs,100.000000,1.000000,1.000000,64
softdis,pdbflex,mmseqs_80,5np5_A,5np3D,61,61,mmseqs,100.000000,1.000000,1.000000,61
softdis,pdbflex,mmseqs_80,7ciz_C,5bnvF,70,70,mmseqs,100.000000,1.000000,1.000000,70
softdis,pdbflex,mmseqs_80,1aap_A,1zjdB,58,56,mmseqs,100.000000,0.965517,0.982456,56
softdis,pdbflex,mmseqs_80,1per_L,2or1L,69,69,mmseqs,100.000000,1.000000,1.000000,69
softdis,pdbflex,mmseqs_80,2xj3_A,2xiuA,66,66,mmseqs,100.000000,1.000000,1.000000,66
softdis,pdbflex,mmseqs_80,1b6w_A,1b6wA,69,69,mmseqs,100.000000,1.000000,1.000000,69
softdis,pdbflex,mmseqs_80,1ojh_A,1ojhD,65,65,mmseqs,100.000000,1.000000,1.000000,65
softdis,pdbflex,mmseqs_80,2drm_A,2drkA,58,57,mmseqs,100.000000,0.982759,0.966102,57
softdis,pdbflex,mmseqs_80,5xop_A,5xopA,66,66,mmseqs,100.000000,1.000000,1.000000,66
softdis,pdbflex,mmseqs_80,2fpe_G,2fpeA,62,62,mmseqs,100.000000,1.000000,1.000000,62
softdis,pdbflex,mmseqs_80,2htm_E,2cu3B,64,64,mmseqs,100.000000,1.000000,1.000000,64
softdis,pdbflex,mmseqs_80,7tpb_A,2j05A,66,61,mmseqs,100.000000,0.924242,0.938462,61
softdis,pdbflex,mmseqs_80,4u39_N,4u39J,60,60,mmseqs,100.000000,1.000000,1.000000,60
softdis,pdbflex,mmseqs_80,4x8u_L,5l2zL,55,55,mmseqs,100.000000,1.000000,0.948276,55
softdis,pdbflex,mmseqs_80,1i07_A,1aojA,60,60,mmseqs,100.000000,1.000000,1.000000,60
softdis,pdbflex,mmseqs_80,3sja_C,3sjaC,65,65,mmseqs,100.000000,1.000000,1.000000,65
softdis,pdbflex,mmseqs_80,4f2j_C,3uk3D,57,57,mmseqs,100.000000,1.000000,1.000000,57
softdis,pdbflex,mmseqs_80,5ytq_C,5ytqA,77,77,mmseqs,100.000000,1.000000,1.000000,77
softdis,pdbflex,mmseqs_80,1gto_A,1gtoA,62,62,mmseqs,100.000000,1.000000,1.000000,62
softdis,pdbflex,mmseqs_80,1yn8_A,1yn8A,59,59,mmseqs,100.000000,1.000000,1.000000,59
softdis,pdbflex,mmseqs_80,3m06_A,3m0dA,72,66,mmseqs,100.000000,0.916667,1.000000,66
softdis,pdbflex,mmseqs_80,3u7u_K,3u7uH,55,55,mmseqs,100.000000,1.000000,1.000000,55
softdis,pdbflex,mmseqs_80,4ji2_N,4ji0N,61,61,mmseqs,100.000000,1.000000,1.000000,61
softdis,pdbflex,mmseqs_80,5cci_B,1n7sB,67,66,mmseqs,100.000000,0.985075,0.970588,66
softdis,pdbflex,mmseqs_80,5ih2_A,1b07A,58,57,mmseqs,100.000000,0.982759,0.876923,57
softdis,pdbflex,mmseqs_80,6iya_A,6iyaF,66,66,mmseqs,100.000000,1.000000,1.000000,66
softdis,pdbflex,mmseqs_80,1fr3_H,1fr3A,67,67,mmseqs,100.000000,1.000000,1.000000,67
softdis,pdbflex,mmseqs_80,1gut_C,1gunA,68,68,mmseqs,100.000000,1.000000,1.000000,68
softdis,pdbflex,mmseqs_80,2bay_A,2bayE,61,61,mmseqs,100.000000,1.000000,1.000000,61
softdis,pdbflex,mmseqs_80,2bmg_A,3tk5B,53,53,mmseqs,100.000000,1.000000,0.981481,53
softdis,pdbflex,mmseqs_80,6j4k_A,6j4kA,60,60,mmseqs,100.000000,1.000000,1.000000,60
softdis,pdbflex,mmseqs_80,5zi6_A,5zi6A,55,55,mmseqs,100.000000,1.000000,1.000000,55
softdis,pdbflex,mmseqs_80,6n6s_B,6n6sD,72,72,mmseqs,100.000000,1.000000,1.000000,72
softdis,pdbflex,mmseqs_80,6dfy_C,6a8rB,64,60,mmseqs,100.000000,0.937500,1.000000,60
softdis,pdbflex,mmseqs_80,1bu1_A,1bu1A,57,57,mmseqs,100.000000,1.000000,1.000000,57
softdis,pdbflex,mmseqs_80,1gd2_E,1gd2E,70,70,mmseqs,100.000000,1.000000,1.000000,70
softdis,pdbflex,mmseqs_80,5vyg_B,5vygB,50,50,mmseqs,100.000000,1.000000,1.000000,50
softdis,pdbflex,mmseqs_80,2vi6_F,2vi6A,62,62,mmseqs,100.000000,1.000000,1.000000,62
softdis,pdbflex,mmseqs_80,4rkg_A,4rkhD,52,52,mmseqs,100.000000,1.000000,1.000000,52
softdis,pdbflex,mmseqs_80,4mn3_A,4x3kA,56,56,mmseqs,100.000000,1.000000,0.875000,56
softdis,pdbflex,mmseqs_80,4tsf_I,2v7qJ,66,66,mmseqs,100.000000,1.000000,1.000000,66
softdis,pdbflex,mmseqs_80,6d07_A,6d07A,55,55,mmseqs,100.000000,1.000000,1.000000,55
softdis,pdbflex,mmseqs_80,6gqa_A,6gqnA,62,62,mmseqs,100.000000,1.000000,1.000000,62
softdis,pdbflex,mmseqs_80,6od3_A,6od5A,62,62,mmseqs,100.000000,1.000000,1.000000,62
softdis,pdbflex,mmseqs_80,4n4n_B,4n4oD,57,57,mmseqs,100.000000,1.000000,1.000000,57
softdis,pdbflex,mmseqs_80,4w7y_A,4w7yA,64,64,mmseqs,100.000000,1.000000,1.000000,64
softdis,pdbflex,mmseqs_80,2x7a_K,2x7aA,61,61,mmseqs,100.000000,1.000000,1.000000,61
softdis,pdbflex,mmseqs_80,5kko_A,5kkoC,55,55,mmseqs,100.000000,1.000000,1.000000,55
softdis,pdbflex,mmseqs_80,2y20_A,2y20C,58,58,mmseqs,100.000000,1.000000,1.000000,58
softdis,pdbflex,mmseqs_80,6uci_A,6uciD,68,68,mmseqs,100.000000,1.000000,1.000000,68
softdis,pdbflex,mmseqs_80,5t01_A,5t01A,64,64,mmseqs,100.000000,1.000000,1.000000,64
softdis,pdbflex,mmseqs_80,6mry_A,6mryA,48,48,mmseqs,100.000000,1.000000,1.000000,48
softdis,pdbflex,mmseqs_80,1kql_A,1kqlA,56,56,mmseqs,100.000000,1.000000,1.000000,56
softdis,pdbflex,mmseqs_80,2bnz_D,2bnwB,53,53,mmseqs,100.000000,1.000000,1.000000,53
softdis,pdbflex,mmseqs_80,3a1y_A,3a1yA,58,58,mmseqs,100.000000,1.000000,1.000000,58
softdis,pdbflex,mmseqs_80,3szs_A,3szsB,46,46,mmseqs,100.000000,1.000000,1.000000,46
softdis,pdbflex,mmseqs_80,5ylg_A,4pxvC,49,49,mmseqs,100.000000,1.000000,1.000000,49
softdis,pdbflex,mmseqs_80,2ltn_B,1rinD,52,49,mmseqs,100.000000,0.942308,1.000000,49
softdis,pdbflex,mmseqs_80,2rkl_A,2rklA,53,53,mmseqs,100.000000,1.000000,1.000000,53
softdis,pdbflex,mmseqs_80,5u96_A,5u96A,52,52,mmseqs,100.000000,1.000000,1.000000,52
softdis,pdbflex,mmseqs_80,4fz0_M,4fz0O,40,40,mmseqs,100.000000,1.000000,1.000000,40
softdis,pdbflex,mmseqs_80,4z6y_C,4z6yH,56,56,mmseqs,100.000000,1.000000,1.000000,56
softdis,pdbflex,mmseqs_80,2vut_I,2vusM,43,43,mmseqs,100.000000,1.000000,1.000000,43
softdis,pdbflex,mmseqs_80,2wx4_A,2wx4D,46,46,mmseqs,100.000000,1.000000,1.000000,46
softdis,pdbflex,mmseqs_80,4mon_A,1krlA,45,44,mmseqs,100.000000,0.977778,1.000000,44
softdis,pdbflex,mmseqs_80,3m9h_A,3m91A,55,51,mmseqs,100.000000,0.927273,1.000000,51
softdis,pdbflex,mmseqs_80,1fbm_A,1vdfA,46,46,mmseqs,100.000000,1.000000,1.000000,46
softdis,pdbflex,mmseqs_80,6aup_A,6aupA,38,38,mmseqs,100.000000,1.000000,1.000000,38
softdis,pdbflex,mmseqs_80,2ho2_A,2oeiA,38,38,mmseqs,100.000000,1.000000,1.000000,38
softdis,pdbflex,mmseqs_80,5cx2_D,5cx2A,49,49,mmseqs,100.000000,1.000000,0.890909,49
softdis,pdbflex,mmseqs_80,4r4l_A,4r4lC,49,49,mmseqs,100.000000,1.000000,1.000000,49
softdis,pdbflex,mmseqs_80,3vux_E,3vuxG,35,35,mmseqs,100.000000,1.000000,1.000000,35
softdis,pdbflex,mmseqs_80,4aoq_D,4aoqE,37,37,mmseqs,100.000000,1.000000,1.000000,37
softdis,pdbflex,mmseqs_80,4d2h_A,4d2hA,38,38,mmseqs,100.000000,1.000000,1.000000,38
softdis,pdbflex,mmseqs_80,1nwx_4,3dll4,37,37,mmseqs,100.000000,1.000000,1.000000,37
softdis,pdbflex,mmseqs_80,3aae_Y,3aaeX,37,37,mmseqs,100.000000,1.000000,1.000000,37
softdis,pdbflex,mmseqs_80,4gdo_A,4gdoA,43,43,mmseqs,100.000000,1.000000,1.000000,43
softdis,pdbflex,mmseqs_80,5u52_E,1oqoC,34,34,mmseqs,100.000000,1.000000,1.000000,34
softdis,pdbflex,mmseqs_80,1zmk_B,1zmhA,29,29,mmseqs,100.000000,1.000000,1.000000,29
softdis,pdbflex,mmseqs_80,3rl0_Q,3rl0M,37,37,mmseqs,100.000000,1.000000,1.000000,37
softdis,pdbflex,mmseqs_80,5f5u_C,5f5uC,36,36,mmseqs,100.000000,1.000000,1.000000,36
softdis,pdbflex,mmseqs_80,1zv8_B,6lvnB,36,36,mmseqs,100.000000,1.000000,1.000000,36
softdis,pdbflex,mmseqs_80,4auv_A,4auvA,35,35,mmseqs,100.000000,1.000000,1.000000,35
softdis,pdbflex,mmseqs_80,2r2v_A,2r2vA,34,34,mmseqs,100.000000,1.000000,1.000000,34
softdis,pdbflex,mmseqs_80,4qae_P,4qaeP,25,25,mmseqs,100.000000,1.000000,1.000000,25
softdis,pdbflex,mmseqs_80,2afq_C,6p9uC,29,28,mmseqs,100.000000,0.965517,0.903226,28
softdis,pdbflex,mmseqs_80,2wfv_A,2wfvA,25,25,mmseqs,100.000000,1.000000,1.000000,25
softdis,pdbflex,mmseqs_80,4riq_C,4riqC,27,27,mmseqs,100.000000,1.000000,1.000000,27
softdis,pdbflex,mmseqs_80,1i5k_C,1i5kC,30,30,mmseqs,100.000000,1.000000,1.000000,30
softdis,pdbflex,mmseqs_80,5c6h_T,5c6hD,26,26,mmseqs,100.000000,1.000000,1.000000,26
softdis,pdbflex,mmseqs_80,4lop_K,4loqL,29,29,mmseqs,100.000000,1.000000,1.000000,29
softdis,pdbflex,mmseqs_80,4j4a_A,4j4aA,27,27,mmseqs,100.000000,1.000000,1.000000,27
softdis,pdbflex,mmseqs_80,5wob_a,2qiuA,20,20,mmseqs,100.000000,1.000000,0.909091,20
softdis,pdbflex,mmseqs_80,7m5c_B,2jbyB,25,22,mmseqs,100.000000,0.880000,0.846154,22
softdis,pdbflex,mmseqs_80,5jhc_f,5jhcA,24,24,mmseqs,100.000000,1.000000,1.000000,24
softdis,pdbflex,mmseqs_80,5uyr_A,5akpB,640,640,mmseqs,99.800000,1.000000,1.000000,640
softdis,pdbflex,mmseqs_80,5kj5_A,5kloA,520,520,mmseqs,99.800000,1.000000,1.000000,520
softdis,pdbflex,mmseqs_80,3ibr_A,3nouC,505,505,mmseqs,99.800000,1.000000,1.000000,505
softdis,pdbflex,mmseqs_80,4lqq_D,5nclA,508,508,mmseqs,99.800000,1.000000,1.000000,508
softdis,pdbflex,mmseqs_80,4v37_A,4v3fA,497,497,mmseqs,99.700000,1.000000,1.000000,497
softdis,pdbflex,mmseqs_80,4go3_H,4go4A,495,495,mmseqs,99.700000,1.000000,1.000000,495
softdis,pdbflex,mmseqs_80,2w8n_A,2w8pA,487,487,mmseqs,99.700000,1.000000,1.000000,487
softdis,pdbflex,mmseqs_80,2euh_A,2id2C,475,475,mmseqs,99.700000,1.000000,1.000000,475
softdis,pdbflex,mmseqs_80,3cv8_A,2zbzA,412,412,mmseqs,99.700000,1.000000,1.000000,412
softdis,pdbflex,mmseqs_80,4l77_A,4fyzA,398,398,mmseqs,99.700000,1.000000,1.000000,398
softdis,pdbflex,mmseqs_80,5de9_A,2d0eA,410,406,mmseqs,99.700000,0.990244,0.997543,406
softdis,pdbflex,mmseqs_80,1z8o_A,1z8pA,404,404,mmseqs,99.700000,1.000000,1.000000,404
softdis,pdbflex,mmseqs_80,1how_A,1q8zB,373,373,mmseqs,99.700000,1.000000,1.000000,373
softdis,pdbflex,mmseqs_80,3pew_A,3peyA,395,395,mmseqs,99.700000,1.000000,1.000000,395
softdis,pdbflex,mmseqs_80,6ln1_B,4azeA,347,346,mmseqs,99.700000,1.000000,0.905759,347
softdis,pdbflex,mmseqs_80,2hvy_A,2rfkA,346,334,mmseqs,99.700000,0.965318,1.000000,334
softdis,pdbflex,mmseqs_80,3rhj_C,3rhrA,517,517,mmseqs,99.600000,1.000000,1.000000,517
softdis,pdbflex,mmseqs_80,4ccb_A,3lctA,327,318,mmseqs,99.600000,0.972477,0.924419,318
softdis,pdbflex,mmseqs_80,6cj5_A,2ac3A,316,316,mmseqs,99.600000,1.000000,1.000000,316
softdis,pdbflex,mmseqs_80,2ycr_A,4bdiA,323,323,mmseqs,99.600000,1.000000,0.981763,323
softdis,pdbflex,mmseqs_80,4c8b_A,6s1fA,334,310,mmseqs,99.600000,0.928144,0.977918,310
softdis,pdbflex,mmseqs_80,2w9f_B,2w99B,306,306,mmseqs,99.600000,1.000000,1.000000,306
softdis,pdbflex,mmseqs_80,1zyc_A,1zxeC,303,303,mmseqs,99.600000,1.000000,1.000000,303
softdis,pdbflex,mmseqs_80,3zon_A,6nzpB,335,296,mmseqs,99.600000,0.883582,0.933754,296
softdis,pdbflex,mmseqs_80,6oyw_C,5vilA,294,293,mmseqs,99.600000,0.996599,1.000000,293
softdis,pdbflex,mmseqs_80,2xke_A,2w5bA,279,279,mmseqs,99.600000,1.000000,1.000000,279
softdis,pdbflex,mmseqs_80,4i5i_A,4kxqA,287,271,mmseqs,99.600000,0.944251,0.964413,271
softdis,pdbflex,mmseqs_80,3rsm_A,1k2yX,463,463,mmseqs,99.500000,1.000000,1.000000,463
softdis,pdbflex,mmseqs_80,6cz5_A,4pxaA,480,448,mmseqs,99.500000,0.933333,0.959315,448
softdis,pdbflex,mmseqs_80,7xbm_A,3zk5A,444,436,mmseqs,99.500000,0.981982,1.000000,436
softdis,pdbflex,mmseqs_80,3ivy_A,2x5lA,433,417,mmseqs,99.500000,0.963048,0.967517,417
softdis,pdbflex,mmseqs_80,6wgw_B,4c9pA,437,417,mmseqs,99.500000,0.954233,0.990499,417
softdis,pdbflex,mmseqs_80,1ipj_A,1ipkC,416,416,mmseqs,99.500000,1.000000,1.000000,416
softdis,pdbflex,mmseqs_80,2c3n_A,2c3qA,247,247,mmseqs,99.500000,1.000000,1.000000,247
softdis,pdbflex,mmseqs_80,6wzw_A,4ypaA,226,226,mmseqs,99.500000,1.000000,1.000000,226
softdis,pdbflex,mmseqs_80,2h4h_A,2h59A,246,246,mmseqs,99.500000,1.000000,1.000000,246
softdis,pdbflex,mmseqs_80,3f65_D,3gfuA,224,224,mmseqs,99.500000,1.000000,1.000000,224
softdis,pdbflex,mmseqs_80,1h4h_A,1h4hB,209,209,mmseqs,99.500000,1.000000,1.000000,209
softdis,pdbflex,mmseqs_80,1n0l_A,3dpaA,224,218,mmseqs,99.500000,0.973214,1.000000,218
softdis,pdbflex,mmseqs_80,3f2g_A,3fn8A,220,220,mmseqs,99.500000,1.000000,1.000000,220
softdis,pdbflex,mmseqs_80,1wnv_C,4gphC,215,215,mmseqs,99.500000,1.000000,1.000000,215
softdis,pdbflex,mmseqs_80,3rfz_C,1klfA,211,205,mmseqs,99.500000,0.971564,1.000000,205
softdis,pdbflex,mmseqs_80,5n2n_A,5lnmA,206,206,mmseqs,99.500000,1.000000,1.000000,206
softdis,pdbflex,mmseqs_80,5vyo_A,4k2dA,200,200,mmseqs,99.500000,1.000000,1.000000,200
softdis,pdbflex,mmseqs_80,5dch_A,3h93A,192,192,mmseqs,99.400000,1.000000,1.000000,192
softdis,pdbflex,mmseqs_80,2pq5_A,2gwoC,205,198,mmseqs,99.400000,0.965854,1.000000,198
softdis,pdbflex,mmseqs_80,1yzt_A,1z08C,184,170,mmseqs,99.400000,0.923913,1.000000,170
softdis,pdbflex,mmseqs_80,1slh_A,4gcyA,174,174,mmseqs,99.400000,1.000000,1.000000,174
softdis,pdbflex,mmseqs_80,4gv8_A,4wrkA,169,169,mmseqs,99.400000,1.000000,1.000000,169
softdis,pdbflex,mmseqs_80,3hvs_A,3hvvA,167,167,mmseqs,99.400000,1.000000,1.000000,167
softdis,pdbflex,mmseqs_80,7mgj_A,4yfiC,330,330,mmseqs,99.300000,1.000000,1.000000,330
softdis,pdbflex,mmseqs_80,1a54_A,1qulA,321,321,mmseqs,99.300000,1.000000,1.000000,321
softdis,pdbflex,mmseqs_80,3lvp_A,1p4oB,336,313,mmseqs,99.300000,0.931548,0.972050,313
softdis,pdbflex,mmseqs_80,2ab4_A,1ze1A,309,309,mmseqs,99.300000,1.000000,1.000000,309
softdis,pdbflex,mmseqs_80,3ori_D,3f69B,311,311,mmseqs,99.300000,1.000000,1.000000,311
softdis,pdbflex,mmseqs_80,6gtt_A,6eimB,302,302,mmseqs,99.300000,1.000000,1.000000,302
softdis,pdbflex,mmseqs_80,5ut4_A,5i4nA,289,289,mmseqs,99.300000,1.000000,0.996552,289
softdis,pdbflex,mmseqs_80,4wnm_A,4gfgA,299,286,mmseqs,99.300000,0.956522,0.989691,288
softdis,pdbflex,mmseqs_80,3hny_M,1d7pM,159,158,mmseqs,99.300000,0.993711,0.993711,158
softdis,pdbflex,mmseqs_80,3hji_A,3hjkA,154,154,mmseqs,99.300000,1.000000,1.000000,154
softdis,pdbflex,mmseqs_80,1ib5_A,1bzoA,151,151,mmseqs,99.300000,1.000000,1.000000,151
softdis,pdbflex,mmseqs_80,4qib_A,1f8aB,159,157,mmseqs,99.300000,0.987421,0.940120,157
softdis,pdbflex,mmseqs_80,6gay_A,4kukA,146,146,mmseqs,99.300000,1.000000,1.000000,146
softdis,pdbflex,mmseqs_80,1t2o_A,1t2pA,146,146,mmseqs,99.300000,1.000000,1.000000,146
softdis,pdbflex,mmseqs_80,1ji4_A,4eveA,144,144,mmseqs,99.300000,1.000000,0.878049,144
softdis,pdbflex,mmseqs_80,1sg2_A,1u2mC,153,143,mmseqs,99.300000,0.934641,1.000000,143
softdis,pdbflex,mmseqs_80,3ggf_A,4fzaB,301,281,mmseqs,99.200000,0.933555,0.992933,281
softdis,pdbflex,mmseqs_80,3b9c_A,2jj6A,144,134,mmseqs,99.200000,0.930556,1.000000,134
softdis,pdbflex,mmseqs_80,3mbg_A,3tk0A,139,126,mmseqs,99.200000,0.906475,1.000000,126
softdis,pdbflex,mmseqs_80,7ssi_C,4le2C,139,139,mmseqs,99.200000,1.000000,1.000000,139
softdis,pdbflex,mmseqs_80,1rxe_A,2fxiA,131,131,mmseqs,99.200000,1.000000,1.000000,131
softdis,pdbflex,mmseqs_80,1fhw_A,1u2bA,129,124,mmseqs,99.200000,0.961240,0.905797,125
softdis,pdbflex,mmseqs_80,2gkg_A,2nt4A,127,127,mmseqs,99.200000,1.000000,1.000000,127
softdis,pdbflex,mmseqs_80,5xu7_A,5xuhA,126,126,mmseqs,99.200000,1.000000,1.000000,126
softdis,pdbflex,mmseqs_80,4fvj_A,4fvfB,133,128,mmseqs,99.200000,0.962406,1.000000,128
softdis,pdbflex,mmseqs_80,5yps_A,5ypsA,250,249,mmseqs,99.100000,0.996000,0.996000,249
softdis,pdbflex,mmseqs_80,5arl_D,5ar6A,134,120,mmseqs,99.100000,0.895522,0.983607,120
softdis,pdbflex,mmseqs_80,3q15_C,1srrC,126,124,mmseqs,99.100000,0.984127,1.000000,124
softdis,pdbflex,mmseqs_80,3gj9_A,3dj1A,124,124,mmseqs,99.100000,1.000000,1.000000,124
softdis,pdbflex,mmseqs_80,5d8e_A,5d8fA,115,115,mmseqs,99.100000,1.000000,1.000000,115
softdis,pdbflex,mmseqs_80,3ikd_A,3kacB,123,123,mmseqs,99.100000,1.000000,1.000000,123
softdis,pdbflex,mmseqs_80,1hh7_A,1hh7A,114,114,mmseqs,99.100000,1.000000,1.000000,114
softdis,pdbflex,mmseqs_80,3etw_A,3etzB,119,119,mmseqs,99.100000,1.000000,1.000000,119
softdis,pdbflex,mmseqs_80,3a4g_A,3a51A,411,411,mmseqs,99.000000,1.000000,1.000000,411
softdis,pdbflex,mmseqs_80,3orx_C,4rqvA,316,309,mmseqs,99.000000,0.977848,0.993569,309
softdis,pdbflex,mmseqs_80,6s75_D,6gt1B,310,302,mmseqs,99.000000,0.974194,1.000000,302
softdis,pdbflex,mmseqs_80,8v1o_A,2nruB,327,305,mmseqs,99.000000,0.932722,0.993485,305
softdis,pdbflex,mmseqs_80,2aky_A,1dvrA,220,220,mmseqs,99.000000,1.000000,1.000000,220
softdis,pdbflex,mmseqs_80,8bqf_A,1e4vA,234,214,mmseqs,99.000000,0.914530,1.000000,214
softdis,pdbflex,mmseqs_80,6a2q_A,6a2sA,118,111,mmseqs,99.000000,0.940678,1.000000,111
softdis,pdbflex,mmseqs_80,6uy1_A,6kmjA,114,111,mmseqs,99.000000,0.973684,0.991071,111
softdis,pdbflex,mmseqs_80,1zm0_A,2i5fA,114,107,mmseqs,99.000000,0.938596,0.981651,107
softdis,pdbflex,mmseqs_80,2pvo_C,1faaA,111,111,mmseqs,99.000000,1.000000,0.895161,111
softdis,pdbflex,mmseqs_80,4r0o_B,2w88A,106,106,mmseqs,99.000000,1.000000,1.000000,106
softdis,pdbflex,mmseqs_80,5g4r_A,4qylA,118,111,mmseqs,99.000000,0.940678,0.948718,111
softdis,pdbflex,mmseqs_80,3or0_B,1kh8A,104,104,mmseqs,99.000000,1.000000,0.832000,104
softdis,pdbflex,mmseqs_80,2wg5_E,2wg6A,109,109,mmseqs,99.000000,1.000000,1.000000,109
softdis,pdbflex,mmseqs_80,2wwm_C,2wwkO,109,109,mmseqs,99.000000,1.000000,1.000000,109
softdis,pdbflex,mmseqs_80,2bjd_A,4oj3B,101,101,mmseqs,99.000000,1.000000,1.000000,101
softdis,pdbflex,mmseqs_80,4jhn_A,4qamA,421,396,mmseqs,98.900000,0.940618,0.990000,396
softdis,pdbflex,mmseqs_80,7uor_A,1f4tA,385,367,mmseqs,98.900000,0.953247,0.997283,367
softdis,pdbflex,mmseqs_80,7b3q_A,3dkcA,299,298,mmseqs,98.900000,0.996656,0.940063,298
softdis,pdbflex,mmseqs_80,4yzm_A,4f1mA,287,287,mmseqs,98.900000,1.000000,1.000000,287
softdis,pdbflex,mmseqs_80,3q4z_A,4eqcA,306,297,mmseqs,98.900000,0.970588,0.986711,297
softdis,pdbflex,mmseqs_80,8e0a_A,1f6bB,198,198,mmseqs,98.900000,1.000000,1.000000,198
softdis,pdbflex,mmseqs_80,1t6g_C,2qz2A,184,184,mmseqs,98.900000,1.000000,1.000000,184
softdis,pdbflex,mmseqs_80,3qmx_A,4mjbA,99,99,mmseqs,98.900000,1.000000,1.000000,99
softdis,pdbflex,mmseqs_80,5ke6_A,5ke9A,93,93,mmseqs,98.900000,1.000000,1.000000,93
softdis,pdbflex,mmseqs_80,5n4w_R,4a0cD,102,91,mmseqs,98.900000,0.892157,0.928571,91
softdis,pdbflex,mmseqs_80,2aoa_A,5cdwB,99,99,mmseqs,98.900000,1.000000,0.990000,99
softdis,pdbflex,mmseqs_80,5kl2_A,5kl4A,93,93,mmseqs,98.900000,1.000000,1.000000,93
softdis,pdbflex,mmseqs_80,4mqw_A,1xwdA,102,92,mmseqs,98.900000,0.901961,1.000000,92
softdis,pdbflex,mmseqs_80,3o5n_A,5ovpA,112,95,mmseqs,98.900000,0.848214,0.989583,95
softdis,pdbflex,mmseqs_80,1waa_A,1waaF,93,93,mmseqs,98.900000,1.000000,1.000000,93
softdis,pdbflex,mmseqs_80,5hyb_A,4zv5A,91,91,mmseqs,98.900000,1.000000,1.000000,91
softdis,pdbflex,mmseqs_80,3tes_A,4m6aB,98,92,mmseqs,98.900000,0.938776,1.000000,92
softdis,pdbflex,mmseqs_80,7quv_A,5hloB,95,92,mmseqs,98.900000,0.968421,0.978723,92
softdis,pdbflex,mmseqs_80,6r26_A,5hsqA,510,501,mmseqs,98.800000,0.982353,1.000000,503
softdis,pdbflex,mmseqs_80,1s4i_B,1xtmB,175,175,mmseqs,98.800000,1.000000,1.000000,175
softdis,pdbflex,mmseqs_80,4x39_A,4x37A,168,168,mmseqs,98.800000,1.000000,1.000000,168
softdis,pdbflex,mmseqs_80,1mx2_B,1mx4B,168,168,mmseqs,98.800000,1.000000,1.000000,168
softdis,pdbflex,mmseqs_80,3t5g_A,1xtsA,181,171,mmseqs,98.800000,0.944751,0.966102,171
softdis,pdbflex,mmseqs_80,1pk1_B,1pk3C,89,89,mmseqs,98.800000,1.000000,1.000000,89
softdis,pdbflex,mmseqs_80,1kwa_A,6nidB,88,86,mmseqs,98.800000,0.977273,0.977273,86
softdis,pdbflex,mmseqs_80,8yr7_A,1l6oA,109,89,mmseqs,98.800000,0.816514,0.936842,89
softdis,pdbflex,mmseqs_80,5e6p_B,5tytA,88,84,mmseqs,98.800000,0.954545,0.943820,84
softdis,pdbflex,mmseqs_80,6nnt_A,6mlwA,468,468,mmseqs,98.700000,1.000000,1.000000,468
softdis,pdbflex,mmseqs_80,2cdo_A,2cdpA,160,160,mmseqs,98.700000,1.000000,1.000000,160
softdis,pdbflex,mmseqs_80,2bjy_A,6hx2B,156,156,mmseqs,98.700000,1.000000,1.000000,156
softdis,pdbflex,mmseqs_80,5tte_E,4q5hC,167,154,mmseqs,98.700000,0.922156,0.987179,154
softdis,pdbflex,mmseqs_80,3clc_D,4i6uA,82,82,mmseqs,98.700000,1.000000,1.000000,82
softdis,pdbflex,mmseqs_80,6mg3_B,6mg1A,78,78,mmseqs,98.700000,1.000000,1.000000,78
softdis,pdbflex,mmseqs_80,6nw2_A,4neuA,310,294,mmseqs,98.600000,0.948387,0.882883,294
softdis,pdbflex,mmseqs_80,2yxs_A,3ap5A,164,152,mmseqs,98.600000,0.926829,0.987013,152
softdis,pdbflex,mmseqs_80,2pmh_A,2efqA,150,150,mmseqs,98.600000,1.000000,1.000000,150
softdis,pdbflex,mmseqs_80,7ote_A,3dqwA,293,284,mmseqs,98.500000,0.969283,0.993007,284
softdis,pdbflex,mmseqs_80,3rdv_D,2qk0A,72,71,mmseqs,98.500000,0.986111,0.959459,71
softdis,pdbflex,mmseqs_80,3hp3_I,2nwgA,68,68,mmseqs,98.500000,1.000000,1.000000,68
softdis,pdbflex,mmseqs_80,6e4n_A,6e4oA,71,71,mmseqs,98.500000,1.000000,1.000000,71
softdis,pdbflex,mmseqs_80,6at0_A,6aszA,69,69,mmseqs,98.500000,1.000000,1.000000,69
softdis,pdbflex,mmseqs_80,5jfz_B,5jffD,68,68,mmseqs,98.500000,1.000000,1.000000,68
softdis,pdbflex,mmseqs_80,6tms_G,6tmsA,69,69,mmseqs,98.500000,1.000000,1.000000,69
softdis,pdbflex,mmseqs_80,3rl0_k,3rk3E,63,63,mmseqs,98.400000,1.000000,1.000000,63
softdis,pdbflex,mmseqs_80,2qbl_A,4kkyX,421,412,mmseqs,98.300000,0.978622,0.997579,412
softdis,pdbflex,mmseqs_80,2bpm_A,4gcjA,309,303,mmseqs,98.300000,0.980583,1.000000,306
softdis,pdbflex,mmseqs_80,1s6c_A,2i2rF,183,180,mmseqs,98.300000,0.983607,1.000000,180
softdis,pdbflex,mmseqs_80,9fz4_A,2fygA,131,122,mmseqs,98.300000,0.931298,0.953125,122
softdis,pdbflex,mmseqs_80,4ahe_A,5m9tA,123,123,mmseqs,98.300000,1.000000,0.991935,123
softdis,pdbflex,mmseqs_80,7dmy_A,3uv2A,144,124,mmseqs,98.300000,0.861111,0.984127,124
softdis,pdbflex,mmseqs_80,3gax_B,1tijA,120,120,mmseqs,98.300000,1.000000,1.000000,120
softdis,pdbflex,mmseqs_80,4l85_A,1zh4A,123,120,mmseqs,98.300000,0.975610,0.991736,120
softdis,pdbflex,mmseqs_80,4omo_B,4rtzA,61,61,mmseqs,98.300000,1.000000,1.000000,61
softdis,pdbflex,mmseqs_80,4f16_A,2f2vA,62,62,mmseqs,98.300000,1.000000,1.000000,62
softdis,pdbflex,mmseqs_80,4wb8_A,5m71A,337,336,mmseqs,98.200000,0.997033,0.951841,336
softdis,pdbflex,mmseqs_80,7aay_A,5u6cA,294,290,mmseqs,98.200000,0.986395,0.933333,294
softdis,pdbflex,mmseqs_80,4cym_A,4cz2B,230,230,mmseqs,98.200000,1.000000,1.000000,230
softdis,pdbflex,mmseqs_80,3aaj_B,1hqvA,167,166,mmseqs,98.200000,0.994012,0.879581,168
softdis,pdbflex,mmseqs_80,3twu_A,3twqA,167,167,mmseqs,98.200000,1.000000,0.965714,169
softdis,pdbflex,mmseqs_80,4m32_A,4m35A,168,168,mmseqs,98.200000,1.000000,1.000000,168
softdis,pdbflex,mmseqs_80,2f9d_A,3lqvB,125,115,mmseqs,98.200000,0.920000,1.000000,115
softdis,pdbflex,mmseqs_80,6ywq_A,6y7rA,113,113,mmseqs,98.200000,1.000000,1.000000,113
softdis,pdbflex,mmseqs_80,3ulr_B,5nxjA,65,58,mmseqs,98.200000,0.892308,0.966667,58
softdis,pdbflex,mmseqs_80,2wuj_A,2wukC,57,57,mmseqs,98.200000,1.000000,1.000000,57
softdis,pdbflex,mmseqs_80,8a36_A,6gg9B,162,162,mmseqs,98.100000,1.000000,1.000000,162
softdis,pdbflex,mmseqs_80,2hdx_A,5w3rA,111,109,mmseqs,98.100000,0.981982,0.956140,109
softdis,pdbflex,mmseqs_80,2h2b_A,2h2cA,107,107,mmseqs,98.100000,1.000000,1.000000,107
softdis,pdbflex,mmseqs_80,5zk1_A,1dh3A,59,55,mmseqs,98.100000,0.932203,1.000000,55
softdis,pdbflex,mmseqs_80,3u01_A,3snfA,104,104,mmseqs,98.000000,1.000000,1.000000,104
softdis,pdbflex,mmseqs_80,5z2h_A,5z2iB,105,105,mmseqs,98.000000,1.000000,1.000000,105
softdis,pdbflex,mmseqs_80,5mz7_A,6qjfB,101,100,mmseqs,98.000000,0.990099,0.961538,100
softdis,pdbflex,mmseqs_80,4az8_A,4b0mM,240,235,mmseqs,97.900000,1.000000,1.000000,240
softdis,pdbflex,mmseqs_80,6ogk_A,6ogjB,99,97,mmseqs,97.900000,1.000000,0.989796,99
softdis,pdbflex,mmseqs_80,3o9o_A,3gwkC,108,98,mmseqs,97.900000,0.907407,1.000000,98
softdis,pdbflex,mmseqs_80,6ano_B,6ap0B,96,96,mmseqs,97.900000,1.000000,1.000000,96
softdis,pdbflex,mmseqs_80,5j7e_A,4lloB,146,133,mmseqs,97.700000,0.910959,0.992537,133
softdis,pdbflex,mmseqs_80,6gc5_A,6gd3C,90,87,mmseqs,97.700000,0.966667,1.000000,87
softdis,pdbflex,mmseqs_80,3jsv_C,2zvoB,94,90,mmseqs,97.700000,0.957447,0.978261,90
softdis,pdbflex,mmseqs_80,2uw9_A,3d0eA,342,332,mmseqs,97.600000,0.979532,0.991045,335
softdis,pdbflex,mmseqs_80,4y94_B,1btkB,171,169,mmseqs,97.600000,0.988304,1.000000,169
softdis,pdbflex,mmseqs_80,2iyn_A,2jbaA,127,127,mmseqs,97.600000,1.000000,1.000000,127
softdis,pdbflex,mmseqs_80,5ya0_C,1opdA,85,85,mmseqs,97.600000,1.000000,1.000000,85
softdis,pdbflex,mmseqs_80,3ll1_A,3ll0A,122,119,mmseqs,97.500000,0.975410,0.968000,121
softdis,pdbflex,mmseqs_80,1r22_A,1r23A,122,122,mmseqs,97.500000,1.000000,1.000000,122
softdis,pdbflex,mmseqs_80,4pzn_A,4pzoE,82,82,mmseqs,97.500000,1.000000,1.000000,82
softdis,pdbflex,mmseqs_80,1hq6_C,1ibwA,81,81,mmseqs,97.500000,1.000000,1.000000,81
softdis,pdbflex,mmseqs_80,2x2o_A,2xoeA,119,119,mmseqs,97.400000,1.000000,1.000000,119
softdis,pdbflex,mmseqs_80,4g31_A,4x7lA,299,298,mmseqs,97.300000,0.996656,0.949527,301
softdis,pdbflex,mmseqs_80,1naq_A,4y65A,112,112,mmseqs,97.300000,1.000000,1.000000,112
softdis,pdbflex,mmseqs_80,4icb_A,1ht9A,76,76,mmseqs,97.300000,1.000000,1.000000,76
softdis,pdbflex,mmseqs_80,1oau_L,6k65L,110,108,mmseqs,97.200000,0.981818,0.939130,108
softdis,pdbflex,mmseqs_80,1ijv_B,2nlfA,36,36,mmseqs,97.200000,1.000000,1.000000,36
softdis,pdbflex,mmseqs_80,3hwf_B,6qmuA,198,178,mmseqs,97.100000,0.898990,0.946809,178
softdis,pdbflex,mmseqs_80,5yrk_B,5yrjA,142,142,mmseqs,97.100000,1.000000,1.000000,142
softdis,pdbflex,mmseqs_80,7f9m_C,3kgrA,112,104,mmseqs,97.100000,0.928571,0.981132,104
softdis,pdbflex,mmseqs_80,4xdx_A,1qe6D,70,70,mmseqs,97.100000,1.000000,0.972222,70
softdis,pdbflex,mmseqs_80,6igt_A,6igoC,135,135,mmseqs,97.000000,1.000000,1.000000,135
softdis,pdbflex,mmseqs_80,3m9e_A,2nllB,105,103,mmseqs,97.000000,0.980952,1.000000,103
softdis,pdbflex,mmseqs_80,7x4v_B,3uciA,68,68,mmseqs,97.000000,1.000000,0.944444,68
softdis,pdbflex,mmseqs_80,3snz_A,3so1H,97,97,mmseqs,96.900000,1.000000,1.000000,97
softdis,pdbflex,mmseqs_80,2awu_A,3rl8C,105,97,mmseqs,96.900000,0.923810,0.923810,97
softdis,pdbflex,mmseqs_80,1wtp_A,1xyiA,66,66,mmseqs,96.900000,1.000000,1.000000,66
softdis,pdbflex,mmseqs_80,6gl8_A,5vauA,172,160,mmseqs,96.800000,0.930233,0.952381,160
softdis,pdbflex,mmseqs_80,2vsl_A,4kmpA,96,94,mmseqs,96.800000,0.979167,0.959184,94
softdis,pdbflex,mmseqs_80,6nz3_A,6nxmA,96,96,mmseqs,96.800000,1.000000,1.000000,96
softdis,pdbflex,mmseqs_80,5whb_B,5wplI,35,32,mmseqs,96.800000,0.914286,1.000000,32
softdis,pdbflex,mmseqs_80,2vje_A,6sqrA,64,61,mmseqs,96.700000,0.953125,0.884058,61
softdis,pdbflex,mmseqs_80,3k7p_B,6fxlA,179,179,mmseqs,96.600000,1.000000,1.000000,179
softdis,pdbflex,mmseqs_80,3ee7_A,6w4bB,121,113,mmseqs,96.400000,0.933884,0.965812,113
softdis,pdbflex,mmseqs_80,5qu1_A,5qu4B,82,82,mmseqs,96.400000,1.000000,0.977011,85
softdis,pdbflex,mmseqs_80,7apj_A,6s9wA,440,437,mmseqs,96.300000,0.993182,0.995516,444
softdis,pdbflex,mmseqs_80,3v2o_A,4qqiA,183,183,mmseqs,96.300000,1.000000,1.000000,190
softdis,pdbflex,mmseqs_80,4uyd_A,5z1tA,153,135,mmseqs,96.300000,0.882353,0.971631,137
softdis,pdbflex,mmseqs_80,1lky_A,2qb1A,77,77,mmseqs,96.100000,1.000000,0.987179,77
softdis,pdbflex,mmseqs_80,4jzw_R,4rfnM,28,26,mmseqs,96.100000,0.928571,0.928571,26
softdis,pdbflex,mmseqs_80,3u5p_P,4gu0E,28,26,mmseqs,96.100000,0.928571,1.000000,26
softdis,pdbflex,mmseqs_80,6iur_C,4n6jA,50,50,mmseqs,96.000000,1.000000,1.000000,50
softdis,pdbflex,mmseqs_80,4kl6_A,4kl5B,137,137,mmseqs,95.700000,1.000000,0.979167,141
softdis,pdbflex,mmseqs_80,7ylb_D,2cjrA,122,118,mmseqs,95.700000,0.967213,0.921875,118
softdis,pdbflex,mmseqs_80,2egk_A,2pntB,101,94,mmseqs,95.700000,0.930693,0.959184,94
softdis,pdbflex,mmseqs_80,6i69_A,1iblF,101,94,mmseqs,95.700000,0.930693,0.930693,94
softdis,pdbflex,mmseqs_80,4hsv_A,1f9qD,71,70,mmseqs,95.700000,0.985915,1.000000,70
softdis,pdbflex,mmseqs_80,5cbo_A,5cbnA,176,176,mmseqs,95.400000,1.000000,1.000000,176
softdis,pdbflex,mmseqs_80,3w98_A,1aoiE,112,111,mmseqs,95.400000,0.991071,0.956897,111
softdis,pdbflex,mmseqs_80,2ecs_A,4croA,66,66,mmseqs,95.400000,1.000000,1.000000,66
softdis,pdbflex,mmseqs_80,3fi2_A,4kkeA,353,352,mmseqs,95.300000,0.997167,0.994521,363
softdis,pdbflex,mmseqs_80,5jx4_B,1hzaA,66,63,mmseqs,95.300000,0.954545,0.970149,65
softdis,pdbflex,mmseqs_80,4hmm_A,1uw3A,132,106,mmseqs,95.200000,0.803030,1.000000,106
softdis,pdbflex,mmseqs_80,4ag2_C,4ag1C,84,84,mmseqs,95.200000,1.000000,1.000000,84
softdis,pdbflex,mmseqs_80,4lk9_B,4gu0E,21,21,mmseqs,95.200000,1.000000,0.807692,21
softdis,pdbflex,mmseqs_80,6nd9_E,3gprD,124,124,mmseqs,95.100000,1.000000,1.000000,124
softdis,pdbflex,mmseqs_80,6blw_A,6b0oA,124,119,mmseqs,95.100000,1.000000,1.000000,124
softdis,pdbflex,mmseqs_80,5nx3_C,6gfiE,81,81,mmseqs,95.000000,1.000000,1.000000,81
softdis,pdbflex,mmseqs_80,8qqg_A,6u2hD,275,275,mmseqs,94.900000,1.000000,0.948276,275
softdis,pdbflex,mmseqs_80,8yjm_C,5bnvD,81,79,mmseqs,94.900000,0.975309,1.000000,79
softdis,pdbflex,mmseqs_80,2y8e_A,5lefA,179,174,mmseqs,94.800000,0.972067,0.910995,174
softdis,pdbflex,mmseqs_80,2fi5_I,1t8lB,58,58,mmseqs,94.800000,1.000000,0.983051,58
softdis,pdbflex,mmseqs_80,4oaz_R,4oayA,92,90,mmseqs,94.500000,0.989130,0.989011,91
softdis,pdbflex,mmseqs_80,6nkq_B,1yupA,178,162,mmseqs,94.400000,0.910112,1.000000,162
softdis,pdbflex,mmseqs_80,7fds_A,4zjmE,128,119,mmseqs,94.400000,0.984375,1.000000,126
softdis,pdbflex,mmseqs_80,4s1z_F,5af6G,36,35,mmseqs,94.400000,1.000000,1.000000,36
softdis,pdbflex,mmseqs_80,4bn1_A,3d14A,285,267,mmseqs,94.300000,0.936842,0.981618,267
softdis,pdbflex,mmseqs_80,3hjw_B,2ausD,53,53,mmseqs,94.300000,1.000000,0.883333,53
softdis,pdbflex,mmseqs_80,2otg_C,3jvtC,157,156,mmseqs,94.200000,0.993631,1.000000,156
softdis,pdbflex,mmseqs_80,5c0z_C,3o1yA,105,104,mmseqs,94.200000,0.990476,0.990476,104
softdis,pdbflex,mmseqs_80,6rfo_A,1erkA,372,358,mmseqs,94.100000,0.986559,1.000000,373
softdis,pdbflex,mmseqs_80,6aez_A,1u4rB,69,68,mmseqs,94.100000,0.985507,1.000000,68
softdis,pdbflex,mmseqs_80,5v7k_A,1sxjH,265,264,mmseqs,93.900000,0.996226,0.985866,279
softdis,pdbflex,mmseqs_80,1tu3_A,1z0dA,171,165,mmseqs,93.900000,0.964912,0.988024,165
softdis,pdbflex,mmseqs_80,6hnl_B,6hnnA,139,139,mmseqs,93.900000,1.000000,1.000000,148
softdis,pdbflex,mmseqs_80,3hkz_N,4aybN,66,66,mmseqs,93.900000,1.000000,1.000000,66
softdis,pdbflex,mmseqs_80,1ja3_B,3c8kD,127,125,mmseqs,93.600000,0.984252,1.000000,125
softdis,pdbflex,mmseqs_80,2qhl_E,2qqqA,111,111,mmseqs,93.600000,1.000000,1.000000,111
softdis,pdbflex,mmseqs_80,5apx_C,5aptB,95,95,mmseqs,93.600000,1.000000,1.000000,95
softdis,pdbflex,mmseqs_80,5t20_G,5d5gA,110,109,mmseqs,93.500000,0.990909,1.000000,109
softdis,pdbflex,mmseqs_80,5d0m_C,5d0kC,87,87,mmseqs,93.400000,1.000000,1.000000,92
softdis,pdbflex,mmseqs_80,5sxp_A,2ak5B,62,60,mmseqs,93.300000,0.967742,0.937500,60
softdis,pdbflex,mmseqs_80,5xz2_B,5ycbA,196,193,mmseqs,93.200000,0.984694,1.000000,193
softdis,pdbflex,mmseqs_80,4hke_A,1ne8A,120,116,mmseqs,93.100000,0.966667,0.991453,116
softdis,pdbflex,mmseqs_80,4ao5_A,4aooA,145,142,mmseqs,92.900000,0.979310,0.986111,142
softdis,pdbflex,mmseqs_80,2hp4_B,2q3aA,114,114,mmseqs,92.900000,1.000000,0.950000,114
softdis,pdbflex,mmseqs_80,4avp_A,5iluA,106,96,mmseqs,92.700000,0.905660,0.989691,96
softdis,pdbflex,mmseqs_80,3bow_B,1kfuS,184,183,mmseqs,92.300000,0.994565,0.994565,183
softdis,pdbflex,mmseqs_80,1afa_1,3kmb1,154,149,mmseqs,92.200000,1.000000,1.000000,154
softdis,pdbflex,mmseqs_80,1jth_A,1n7sC,82,76,mmseqs,92.100000,0.926829,0.962025,76
softdis,pdbflex,mmseqs_80,5mzf_A,6aa5A,176,151,mmseqs,92.000000,0.857955,0.926380,151
softdis,pdbflex,mmseqs_80,3zmk_A,2imkA,223,221,mmseqs,91.800000,0.991031,1.000000,221
softdis,pdbflex,mmseqs_80,5w5q_A,6ra7A,332,303,mmseqs,91.700000,0.912651,0.990196,303
softdis,pdbflex,mmseqs_80,3l9s_A,4mcuE,191,188,mmseqs,91.400000,0.984293,0.989474,188
softdis,pdbflex,mmseqs_80,7nxj_A,4cxaC,347,335,mmseqs,91.300000,0.965418,0.985294,335
softdis,pdbflex,mmseqs_80,3ue7_B,1jxtA,46,46,mmseqs,91.300000,1.000000,1.000000,46
softdis,pdbflex,mmseqs_80,4pwn_A,5o1vA,274,273,mmseqs,90.500000,1.000000,0.957895,274
softdis,pdbflex,mmseqs_80,6htl_A,3zdoF,78,78,mmseqs,90.200000,1.000000,0.976190,82
softdis,pdbflex,mmseqs_80,1ops_A,5xqvA,64,61,mmseqs,90.100000,0.953125,0.910448,61
softdis,pdbflex,mmseqs_80,1u3h_B,2icwJ,111,108,mmseqs,90.000000,1.000000,0.955752,111
softdis,pdbflex,mmseqs_80,2bhi_A,4om4A,60,60,mmseqs,90.000000,1.000000,1.000000,60
softdis,pdbflex,mmseqs_80,3exw_A,3f0yG,213,208,mmseqs,89.200000,1.000000,1.000000,213
softdis,pdbflex,mmseqs_80,1ppf_I,3ovoA,56,56,mmseqs,89.200000,1.000000,1.000000,56
softdis,pdbflex,mmseqs_80,4bfm_A,4ixpA,334,334,mmseqs,89.000000,1.000000,1.000000,348
softdis,pdbflex,mmseqs_80,2eso_A,4qplD,149,148,mmseqs,88.500000,0.993289,0.961039,148
softdis,pdbflex,mmseqs_80,4lbq_A,4y24A,135,133,mmseqs,87.900000,0.985185,0.863636,133
softdis,pdbflex,mmseqs_80,3zly_A,3slsB,348,301,mmseqs,87.600000,0.974138,0.990132,339
softdis,pdbflex,mmseqs_80,3mp9_B,6nlaA,64,55,mmseqs,87.200000,0.859375,0.982143,55
softdis,pdbflex,mmseqs_80,8c7m_C,5ifjJ,231,224,mmseqs,87.100000,0.969697,0.995595,226
softdis,pdbflex,mmseqs_80,5yb2_E,5hfmA,67,66,mmseqs,86.900000,0.985075,0.841463,69
softdis,pdbflex,mmseqs_80,2v4h_D,2jabC,136,132,mmseqs,86.300000,0.970588,0.970588,132
softdis,pdbflex,mmseqs_80,8smo_O,3kutA,76,76,mmseqs,86.300000,1.000000,1.000000,88
softdis,pdbflex,mmseqs_80,7vur_A,1yruB,73,73,mmseqs,86.300000,1.000000,0.986486,73
softdis,pdbflex,mmseqs_80,7s25_C,6p5mA,396,392,mmseqs,85.400000,0.989899,0.967901,392
softdis,pdbflex,mmseqs_80,7vww_A,5lc7B,90,90,mmseqs,85.400000,1.000000,0.989691,96
softdis,pdbflex,mmseqs_80,1jpa_A,2vwzA,312,291,mmseqs,84.100000,0.932692,0.963576,291
softdis,pdbflex,mmseqs_80,7vrm_A,5a7cA,115,107,mmseqs,84.100000,0.930435,0.946903,107
softdis,pdbflex,mmseqs_80,5kqg_A,1dg9A,178,155,mmseqs,82.500000,0.870787,0.987261,155
softdis,pdbflex,mmseqs_80,7ajp_J,4k6uB,208,194,mmseqs,82.000000,0.937500,1.000000,195
softdis,pdbflex,mmseqs_80,7zks_A,5myvA,387,387,mmseqs,81.600000,1.000000,0.994859,387
softdis,pdbflex,mmseqs_80,7kl0_A,3kk8A,268,267,mmseqs,81.300000,1.000000,0.940141,268
softdis,pdbflex,mmseqs_80,8qms_C,3efvA,462,462,mmseqs,81.100000,1.000000,1.000000,462
softdis,pdbflex,mmseqs_80,5dvb_A,3sbcB,217,210,mmseqs,81.100000,0.990783,0.981481,217
softdis,atlas,exact,1d4t_A,1d4t_A,104,104,id,,,,
softdis,atlas,exact,1fd3_A,1fd3_A,41,41,id,,,,
softdis,atlas,exact,2aib_A,2aib_A,98,98,id,,,,
softdis,atlas,exact,2qq4_B,2qq4_B,138,138,id,,,,
softdis,atlas,exact,2vzc_A,2vzc_A,131,131,id,,,,
softdis,atlas,exact,2y20_A,2y20_A,58,58,id,,,,
softdis,atlas,exact,5ii7_A,5ii7_A,138,138,id,,,,
softdis,atlas,exact,2f5z_K,2f60_K,64,64,sequence,,,,
softdis,atlas,exact,2x5h_A,2x5h_B,97,97,sequence,,,,
softdis,atlas,exact,1bq9_A,1bq8_A,54,54,sequence,,,,
softdis,atlas,exact,1bi1_A,2dtr_A,226,226,sequence,,,,
softdis,atlas,exact,6ny6_Y,2a6s_B,84,84,sequence,,,,
softdis,atlas,exact,7n1n_A,6cka_B,68,68,sequence,,,,
softdis,atlas,exact,1ojh_A,1ojh_C,65,65,sequence,,,,
softdis,atlas,exact,6pce_A,6pce_B,70,70,sequence,,,,
softdis,atlas,exact,2rjv_A,2rjw_A,67,67,sequence,,,,
softdis,atlas,exact,5kko_A,5kko_D,55,55,sequence,,,,
softdis,atlas,mmseqs_100,1bi1_A,2dtr_A,226,226,mmseqs,100.000000,1.000000,1.000000,226
softdis,atlas,mmseqs_100,5xfi_A,1ouw_C,153,152,mmseqs,100.000000,0.993464,1.000000,152
softdis,atlas,mmseqs_100,5ii7_A,5ii7_A,138,138,mmseqs,100.000000,1.000000,1.000000,138
softdis,atlas,mmseqs_100,7o4p_A,3apa_A,148,139,mmseqs,100.000000,0.939189,0.985816,139
softdis,atlas,mmseqs_100,2gwf_B,2fzp_A,134,134,mmseqs,100.000000,1.000000,0.930556,134
softdis,atlas,mmseqs_100,2qq4_B,2qq4_B,138,138,mmseqs,100.000000,1.000000,1.000000,138
softdis,atlas,mmseqs_100,2vzc_A,2vzc_A,131,131,mmseqs,100.000000,1.000000,1.000000,131
softdis,atlas,mmseqs_100,1d4t_A,1d4t_A,104,104,mmseqs,100.000000,1.000000,1.000000,104
softdis,atlas,mmseqs_100,2aib_A,2aib_A,98,98,mmseqs,100.000000,1.000000,1.000000,98
softdis,atlas,mmseqs_100,2x5h_A,2x5h_B,97,97,mmseqs,100.000000,1.000000,1.000000,97
softdis,atlas,mmseqs_100,2hnw_E,2hnu_A,80,80,mmseqs,100.000000,1.000000,0.987654,80
softdis,atlas,mmseqs_100,6c12_D,1x6j_A,101,87,mmseqs,100.000000,0.861386,0.956044,87
softdis,atlas,mmseqs_100,6ny6_Y,2a6s_B,84,84,mmseqs,100.000000,1.000000,1.000000,84
softdis,atlas,mmseqs_100,4y5o_A,4ykd_A,98,87,mmseqs,100.000000,0.887755,0.906250,87
softdis,atlas,mmseqs_100,2rb3_A,3bqp_B,85,78,mmseqs,100.000000,0.917647,0.975000,78
softdis,atlas,mmseqs_100,6l8f_B,7bwf_B,89,84,mmseqs,100.000000,0.943820,0.913043,84
softdis,atlas,mmseqs_100,6pce_A,6pce_B,70,70,mmseqs,100.000000,1.000000,1.000000,70
softdis,atlas,mmseqs_100,3hp3_I,2j7z_A,68,67,mmseqs,100.000000,0.985294,0.985294,67
softdis,atlas,mmseqs_100,6u0j_B,1t8k_A,85,77,mmseqs,100.000000,0.905882,1.000000,77
softdis,atlas,mmseqs_100,2rjv_A,2rjw_A,67,67,mmseqs,100.000000,1.000000,1.000000,67
softdis,atlas,mmseqs_100,7n1n_A,6cka_B,68,68,mmseqs,100.000000,1.000000,1.000000,68
softdis,atlas,mmseqs_100,2f5z_K,2f60_K,64,64,mmseqs,100.000000,1.000000,1.000000,64
softdis,atlas,mmseqs_100,1ojh_A,1ojh_C,65,65,mmseqs,100.000000,1.000000,1.000000,65
softdis,atlas,mmseqs_100,1bq9_A,1bq8_A,54,54,mmseqs,100.000000,1.000000,1.000000,54
softdis,atlas,mmseqs_100,7lcb_A,1ptq_A,53,50,mmseqs,100.000000,0.943396,1.000000,50
softdis,atlas,mmseqs_100,1ppf_I,2gkr_I,56,51,mmseqs,100.000000,0.910714,1.000000,51
softdis,atlas,mmseqs_100,5kko_A,5kko_D,55,55,mmseqs,100.000000,1.000000,1.000000,55
softdis,atlas,mmseqs_100,2y20_A,2y20_A,58,58,mmseqs,100.000000,1.000000,1.000000,58
softdis,atlas,mmseqs_100,1fd3_A,1fd3_A,41,41,mmseqs,100.000000,1.000000,1.000000,41
softdis,atlas,mmseqs_100,3rl0_Q,5w5c_A,37,34,mmseqs,100.000000,0.918919,0.850000,34
softdis,atlas,mmseqs_98,1bi1_A,2dtr_A,226,226,mmseqs,100.000000,1.000000,1.000000,226
softdis,atlas,mmseqs_98,5xfi_A,1ouw_C,153,152,mmseqs,100.000000,0.993464,1.000000,152
softdis,atlas,mmseqs_98,5ii7_A,5ii7_A,138,138,mmseqs,100.000000,1.000000,1.000000,138
softdis,atlas,mmseqs_98,7o4p_A,3apa_A,148,139,mmseqs,100.000000,0.939189,0.985816,139
softdis,atlas,mmseqs_98,2gwf_B,2fzp_A,134,134,mmseqs,100.000000,1.000000,0.930556,134
softdis,atlas,mmseqs_98,2qq4_B,2qq4_B,138,138,mmseqs,100.000000,1.000000,1.000000,138
softdis,atlas,mmseqs_98,2vzc_A,2vzc_A,131,131,mmseqs,100.000000,1.000000,1.000000,131
softdis,atlas,mmseqs_98,1d4t_A,1d4t_A,104,104,mmseqs,100.000000,1.000000,1.000000,104
softdis,atlas,mmseqs_98,2aib_A,2aib_A,98,98,mmseqs,100.000000,1.000000,1.000000,98
softdis,atlas,mmseqs_98,2x5h_A,2x5h_B,97,97,mmseqs,100.000000,1.000000,1.000000,97
softdis,atlas,mmseqs_98,2hnw_E,2hnu_A,80,80,mmseqs,100.000000,1.000000,0.987654,80
softdis,atlas,mmseqs_98,6c12_D,1x6j_A,101,87,mmseqs,100.000000,0.861386,0.956044,87
softdis,atlas,mmseqs_98,6ny6_Y,2a6s_B,84,84,mmseqs,100.000000,1.000000,1.000000,84
softdis,atlas,mmseqs_98,4y5o_A,4ykd_A,98,87,mmseqs,100.000000,0.887755,0.906250,87
softdis,atlas,mmseqs_98,2rb3_A,3bqp_B,85,78,mmseqs,100.000000,0.917647,0.975000,78
softdis,atlas,mmseqs_98,6l8f_B,7bwf_B,89,84,mmseqs,100.000000,0.943820,0.913043,84
softdis,atlas,mmseqs_98,6pce_A,6pce_B,70,70,mmseqs,100.000000,1.000000,1.000000,70
softdis,atlas,mmseqs_98,3hp3_I,2j7z_A,68,67,mmseqs,100.000000,0.985294,0.985294,67
softdis,atlas,mmseqs_98,6u0j_B,1t8k_A,85,77,mmseqs,100.000000,0.905882,1.000000,77
softdis,atlas,mmseqs_98,2rjv_A,2rjw_A,67,67,mmseqs,100.000000,1.000000,1.000000,67
softdis,atlas,mmseqs_98,7n1n_A,6cka_B,68,68,mmseqs,100.000000,1.000000,1.000000,68
softdis,atlas,mmseqs_98,2f5z_K,2f60_K,64,64,mmseqs,100.000000,1.000000,1.000000,64
softdis,atlas,mmseqs_98,1ojh_A,1ojh_C,65,65,mmseqs,100.000000,1.000000,1.000000,65
softdis,atlas,mmseqs_98,1bq9_A,1bq8_A,54,54,mmseqs,100.000000,1.000000,1.000000,54
softdis,atlas,mmseqs_98,7lcb_A,1ptq_A,53,50,mmseqs,100.000000,0.943396,1.000000,50
softdis,atlas,mmseqs_98,1ppf_I,2gkr_I,56,51,mmseqs,100.000000,0.910714,1.000000,51
softdis,atlas,mmseqs_98,5kko_A,5kko_D,55,55,mmseqs,100.000000,1.000000,1.000000,55
softdis,atlas,mmseqs_98,2y20_A,2y20_A,58,58,mmseqs,100.000000,1.000000,1.000000,58
softdis,atlas,mmseqs_98,1fd3_A,1fd3_A,41,41,mmseqs,100.000000,1.000000,1.000000,41
softdis,atlas,mmseqs_98,3rl0_Q,5w5c_A,37,34,mmseqs,100.000000,0.918919,0.850000,34
softdis,atlas,mmseqs_98,5yna_A,6j33_B,1102,1052,mmseqs,99.800000,0.954628,0.999050,1052
softdis,atlas,mmseqs_98,3rsm_A,1p5g_X,463,463,mmseqs,99.500000,1.000000,1.000000,463
softdis,atlas,mmseqs_98,8fbg_A,3ooi_A,232,231,mmseqs,99.500000,0.995690,0.995690,231
softdis,atlas,mmseqs_98,3f2g_A,3f0o_B,220,212,mmseqs,99.500000,0.963636,1.000000,212
softdis,atlas,mmseqs_98,4k57_A,2ehq_A,518,516,mmseqs,99.400000,0.996139,1.000000,516
softdis,atlas,mmseqs_98,5dch_A,3h93_A,192,192,mmseqs,99.400000,1.000000,1.000000,192
softdis,atlas,mmseqs_98,3hvs_A,3hvv_A,167,167,mmseqs,99.400000,1.000000,1.000000,167
softdis,atlas,mmseqs_98,6cps_A,3dai_A,131,129,mmseqs,99.200000,0.984733,0.992308,129
softdis,atlas,mmseqs_98,8af2_A,1ikt_A,128,120,mmseqs,99.100000,0.937500,1.000000,120
softdis,atlas,mmseqs_98,1xw3_A,3cyi_A,110,110,mmseqs,99.000000,1.000000,1.000000,110
softdis,atlas,mmseqs_98,3nit_A,3nis_B,90,82,mmseqs,98.700000,0.911111,1.000000,82
softdis,atlas,mmseqs_98,5tda_A,5um3_A,76,75,mmseqs,98.600000,0.986842,1.000000,75
softdis,atlas,mmseqs_98,5v7k_A,5v7m_A,265,265,mmseqs,98.400000,1.000000,1.000000,265
softdis,atlas,mmseqs_98,5e5t_A,5e5y_C,63,63,mmseqs,98.400000,1.000000,1.000000,63
softdis,atlas,mmseqs_98,4u9g_B,4u9b_A,187,187,mmseqs,98.300000,1.000000,1.000000,187
softdis,atlas,mmseqs_98,9fz4_A,2fyg_A,131,122,mmseqs,98.300000,0.931298,0.953125,122
softdis,atlas,mmseqs_95,1bi1_A,2dtr_A,226,226,mmseqs,100.000000,1.000000,1.000000,226
softdis,atlas,mmseqs_95,5xfi_A,1ouw_C,153,152,mmseqs,100.000000,0.993464,1.000000,152
softdis,atlas,mmseqs_95,5ii7_A,5ii7_A,138,138,mmseqs,100.000000,1.000000,1.000000,138
softdis,atlas,mmseqs_95,7o4p_A,3apa_A,148,139,mmseqs,100.000000,0.939189,0.985816,139
softdis,atlas,mmseqs_95,2gwf_B,2fzp_A,134,134,mmseqs,100.000000,1.000000,0.930556,134
softdis,atlas,mmseqs_95,2qq4_B,2qq4_B,138,138,mmseqs,100.000000,1.000000,1.000000,138
softdis,atlas,mmseqs_95,2vzc_A,2vzc_A,131,131,mmseqs,100.000000,1.000000,1.000000,131
softdis,atlas,mmseqs_95,1d4t_A,1d4t_A,104,104,mmseqs,100.000000,1.000000,1.000000,104
softdis,atlas,mmseqs_95,2aib_A,2aib_A,98,98,mmseqs,100.000000,1.000000,1.000000,98
softdis,atlas,mmseqs_95,2x5h_A,2x5h_B,97,97,mmseqs,100.000000,1.000000,1.000000,97
softdis,atlas,mmseqs_95,2hnw_E,2hnu_A,80,80,mmseqs,100.000000,1.000000,0.987654,80
softdis,atlas,mmseqs_95,6c12_D,1x6j_A,101,87,mmseqs,100.000000,0.861386,0.956044,87
softdis,atlas,mmseqs_95,6ny6_Y,2a6s_B,84,84,mmseqs,100.000000,1.000000,1.000000,84
softdis,atlas,mmseqs_95,4y5o_A,4ykd_A,98,87,mmseqs,100.000000,0.887755,0.906250,87
softdis,atlas,mmseqs_95,2rb3_A,3bqp_B,85,78,mmseqs,100.000000,0.917647,0.975000,78
softdis,atlas,mmseqs_95,6l8f_B,7bwf_B,89,84,mmseqs,100.000000,0.943820,0.913043,84
softdis,atlas,mmseqs_95,6pce_A,6pce_B,70,70,mmseqs,100.000000,1.000000,1.000000,70
softdis,atlas,mmseqs_95,3hp3_I,2j7z_A,68,67,mmseqs,100.000000,0.985294,0.985294,67
softdis,atlas,mmseqs_95,6u0j_B,1t8k_A,85,77,mmseqs,100.000000,0.905882,1.000000,77
softdis,atlas,mmseqs_95,2rjv_A,2rjw_A,67,67,mmseqs,100.000000,1.000000,1.000000,67
softdis,atlas,mmseqs_95,7n1n_A,6cka_B,68,68,mmseqs,100.000000,1.000000,1.000000,68
softdis,atlas,mmseqs_95,2f5z_K,2f60_K,64,64,mmseqs,100.000000,1.000000,1.000000,64
softdis,atlas,mmseqs_95,1ojh_A,1ojh_C,65,65,mmseqs,100.000000,1.000000,1.000000,65
softdis,atlas,mmseqs_95,1bq9_A,1bq8_A,54,54,mmseqs,100.000000,1.000000,1.000000,54
softdis,atlas,mmseqs_95,7lcb_A,1ptq_A,53,50,mmseqs,100.000000,0.943396,1.000000,50
softdis,atlas,mmseqs_95,1ppf_I,2gkr_I,56,51,mmseqs,100.000000,0.910714,1.000000,51
softdis,atlas,mmseqs_95,5kko_A,5kko_D,55,55,mmseqs,100.000000,1.000000,1.000000,55
softdis,atlas,mmseqs_95,2y20_A,2y20_A,58,58,mmseqs,100.000000,1.000000,1.000000,58
softdis,atlas,mmseqs_95,1fd3_A,1fd3_A,41,41,mmseqs,100.000000,1.000000,1.000000,41
softdis,atlas,mmseqs_95,3rl0_Q,5w5c_A,37,34,mmseqs,100.000000,0.918919,0.850000,34
softdis,atlas,mmseqs_95,5yna_A,6j33_B,1102,1052,mmseqs,99.800000,0.954628,0.999050,1052
softdis,atlas,mmseqs_95,3rsm_A,1p5g_X,463,463,mmseqs,99.500000,1.000000,1.000000,463
softdis,atlas,mmseqs_95,8fbg_A,3ooi_A,232,231,mmseqs,99.500000,0.995690,0.995690,231
softdis,atlas,mmseqs_95,3f2g_A,3f0o_B,220,212,mmseqs,99.500000,0.963636,1.000000,212
softdis,atlas,mmseqs_95,4k57_A,2ehq_A,518,516,mmseqs,99.400000,0.996139,1.000000,516
softdis,atlas,mmseqs_95,5dch_A,3h93_A,192,192,mmseqs,99.400000,1.000000,1.000000,192
softdis,atlas,mmseqs_95,3hvs_A,3hvv_A,167,167,mmseqs,99.400000,1.000000,1.000000,167
softdis,atlas,mmseqs_95,6cps_A,3dai_A,131,129,mmseqs,99.200000,0.984733,0.992308,129
softdis,atlas,mmseqs_95,8af2_A,1ikt_A,128,120,mmseqs,99.100000,0.937500,1.000000,120
softdis,atlas,mmseqs_95,1xw3_A,3cyi_A,110,110,mmseqs,99.000000,1.000000,1.000000,110
softdis,atlas,mmseqs_95,3nit_A,3nis_B,90,82,mmseqs,98.700000,0.911111,1.000000,82
softdis,atlas,mmseqs_95,5tda_A,5um3_A,76,75,mmseqs,98.600000,0.986842,1.000000,75
softdis,atlas,mmseqs_95,5v7k_A,5v7m_A,265,265,mmseqs,98.400000,1.000000,1.000000,265
softdis,atlas,mmseqs_95,5e5t_A,5e5y_C,63,63,mmseqs,98.400000,1.000000,1.000000,63
softdis,atlas,mmseqs_95,4u9g_B,4u9b_A,187,187,mmseqs,98.300000,1.000000,1.000000,187
softdis,atlas,mmseqs_95,9fz4_A,2fyg_A,131,122,mmseqs,98.300000,0.931298,0.953125,122
softdis,atlas,mmseqs_95,4y94_B,1btk_A,171,169,mmseqs,97.600000,0.988304,1.000000,169
softdis,atlas,mmseqs_90,1bi1_A,2dtr_A,226,226,mmseqs,100.000000,1.000000,1.000000,226
softdis,atlas,mmseqs_90,5xfi_A,1ouw_C,153,152,mmseqs,100.000000,0.993464,1.000000,152
softdis,atlas,mmseqs_90,5ii7_A,5ii7_A,138,138,mmseqs,100.000000,1.000000,1.000000,138
softdis,atlas,mmseqs_90,7o4p_A,3apa_A,148,139,mmseqs,100.000000,0.939189,0.985816,139
softdis,atlas,mmseqs_90,2gwf_B,2fzp_A,134,134,mmseqs,100.000000,1.000000,0.930556,134
softdis,atlas,mmseqs_90,2qq4_B,2qq4_B,138,138,mmseqs,100.000000,1.000000,1.000000,138
softdis,atlas,mmseqs_90,2vzc_A,2vzc_A,131,131,mmseqs,100.000000,1.000000,1.000000,131
softdis,atlas,mmseqs_90,1d4t_A,1d4t_A,104,104,mmseqs,100.000000,1.000000,1.000000,104
softdis,atlas,mmseqs_90,2aib_A,2aib_A,98,98,mmseqs,100.000000,1.000000,1.000000,98
softdis,atlas,mmseqs_90,2x5h_A,2x5h_B,97,97,mmseqs,100.000000,1.000000,1.000000,97
softdis,atlas,mmseqs_90,2hnw_E,2hnu_A,80,80,mmseqs,100.000000,1.000000,0.987654,80
softdis,atlas,mmseqs_90,6c12_D,1x6j_A,101,87,mmseqs,100.000000,0.861386,0.956044,87
softdis,atlas,mmseqs_90,6ny6_Y,2a6s_B,84,84,mmseqs,100.000000,1.000000,1.000000,84
softdis,atlas,mmseqs_90,4y5o_A,4ykd_A,98,87,mmseqs,100.000000,0.887755,0.906250,87
softdis,atlas,mmseqs_90,2rb3_A,3bqp_B,85,78,mmseqs,100.000000,0.917647,0.975000,78
softdis,atlas,mmseqs_90,6l8f_B,7bwf_B,89,84,mmseqs,100.000000,0.943820,0.913043,84
softdis,atlas,mmseqs_90,6pce_A,6pce_B,70,70,mmseqs,100.000000,1.000000,1.000000,70
softdis,atlas,mmseqs_90,3hp3_I,2j7z_A,68,67,mmseqs,100.000000,0.985294,0.985294,67
softdis,atlas,mmseqs_90,6u0j_B,1t8k_A,85,77,mmseqs,100.000000,0.905882,1.000000,77
softdis,atlas,mmseqs_90,2rjv_A,2rjw_A,67,67,mmseqs,100.000000,1.000000,1.000000,67
softdis,atlas,mmseqs_90,7n1n_A,6cka_B,68,68,mmseqs,100.000000,1.000000,1.000000,68
softdis,atlas,mmseqs_90,2f5z_K,2f60_K,64,64,mmseqs,100.000000,1.000000,1.000000,64
softdis,atlas,mmseqs_90,1ojh_A,1ojh_C,65,65,mmseqs,100.000000,1.000000,1.000000,65
softdis,atlas,mmseqs_90,1bq9_A,1bq8_A,54,54,mmseqs,100.000000,1.000000,1.000000,54
softdis,atlas,mmseqs_90,7lcb_A,1ptq_A,53,50,mmseqs,100.000000,0.943396,1.000000,50
softdis,atlas,mmseqs_90,1ppf_I,2gkr_I,56,51,mmseqs,100.000000,0.910714,1.000000,51
softdis,atlas,mmseqs_90,5kko_A,5kko_D,55,55,mmseqs,100.000000,1.000000,1.000000,55
softdis,atlas,mmseqs_90,2y20_A,2y20_A,58,58,mmseqs,100.000000,1.000000,1.000000,58
softdis,atlas,mmseqs_90,1fd3_A,1fd3_A,41,41,mmseqs,100.000000,1.000000,1.000000,41
softdis,atlas,mmseqs_90,3rl0_Q,5w5c_A,37,34,mmseqs,100.000000,0.918919,0.850000,34
softdis,atlas,mmseqs_90,5yna_A,6j33_B,1102,1052,mmseqs,99.800000,0.954628,0.999050,1052
softdis,atlas,mmseqs_90,3rsm_A,1p5g_X,463,463,mmseqs,99.500000,1.000000,1.000000,463
softdis,atlas,mmseqs_90,8fbg_A,3ooi_A,232,231,mmseqs,99.500000,0.995690,0.995690,231
softdis,atlas,mmseqs_90,3f2g_A,3f0o_B,220,212,mmseqs,99.500000,0.963636,1.000000,212
softdis,atlas,mmseqs_90,4k57_A,2ehq_A,518,516,mmseqs,99.400000,0.996139,1.000000,516
softdis,atlas,mmseqs_90,5dch_A,3h93_A,192,192,mmseqs,99.400000,1.000000,1.000000,192
softdis,atlas,mmseqs_90,3hvs_A,3hvv_A,167,167,mmseqs,99.400000,1.000000,1.000000,167
softdis,atlas,mmseqs_90,6cps_A,3dai_A,131,129,mmseqs,99.200000,0.984733,0.992308,129
softdis,atlas,mmseqs_90,8af2_A,1ikt_A,128,120,mmseqs,99.100000,0.937500,1.000000,120
softdis,atlas,mmseqs_90,1xw3_A,3cyi_A,110,110,mmseqs,99.000000,1.000000,1.000000,110
softdis,atlas,mmseqs_90,3nit_A,3nis_B,90,82,mmseqs,98.700000,0.911111,1.000000,82
softdis,atlas,mmseqs_90,5tda_A,5um3_A,76,75,mmseqs,98.600000,0.986842,1.000000,75
softdis,atlas,mmseqs_90,5v7k_A,5v7m_A,265,265,mmseqs,98.400000,1.000000,1.000000,265
softdis,atlas,mmseqs_90,5e5t_A,5e5y_C,63,63,mmseqs,98.400000,1.000000,1.000000,63
softdis,atlas,mmseqs_90,4u9g_B,4u9b_A,187,187,mmseqs,98.300000,1.000000,1.000000,187
softdis,atlas,mmseqs_90,9fz4_A,2fyg_A,131,122,mmseqs,98.300000,0.931298,0.953125,122
softdis,atlas,mmseqs_90,4y94_B,1btk_A,171,169,mmseqs,97.600000,0.988304,1.000000,169
softdis,atlas,mmseqs_90,5m3d_A,3x0g_A,101,89,mmseqs,94.300000,0.881188,0.956989,89
softdis,atlas,mmseqs_90,2eso_A,1z2u_A,149,147,mmseqs,93.100000,0.986577,0.980000,147
softdis,atlas,mmseqs_90,3ue7_B,1ab1_A,46,46,mmseqs,91.300000,1.000000,1.000000,46
softdis,atlas,mmseqs_90,2pys_A,3czz_B,109,101,mmseqs,91.000000,0.926606,1.000000,101
softdis,atlas,mmseqs_85,1bi1_A,2dtr_A,226,226,mmseqs,100.000000,1.000000,1.000000,226
softdis,atlas,mmseqs_85,5xfi_A,1ouw_C,153,152,mmseqs,100.000000,0.993464,1.000000,152
softdis,atlas,mmseqs_85,5ii7_A,5ii7_A,138,138,mmseqs,100.000000,1.000000,1.000000,138
softdis,atlas,mmseqs_85,7o4p_A,3apa_A,148,139,mmseqs,100.000000,0.939189,0.985816,139
softdis,atlas,mmseqs_85,2gwf_B,2fzp_A,134,134,mmseqs,100.000000,1.000000,0.930556,134
softdis,atlas,mmseqs_85,2qq4_B,2qq4_B,138,138,mmseqs,100.000000,1.000000,1.000000,138
softdis,atlas,mmseqs_85,2vzc_A,2vzc_A,131,131,mmseqs,100.000000,1.000000,1.000000,131
softdis,atlas,mmseqs_85,1d4t_A,1d4t_A,104,104,mmseqs,100.000000,1.000000,1.000000,104
softdis,atlas,mmseqs_85,2aib_A,2aib_A,98,98,mmseqs,100.000000,1.000000,1.000000,98
softdis,atlas,mmseqs_85,2x5h_A,2x5h_B,97,97,mmseqs,100.000000,1.000000,1.000000,97
softdis,atlas,mmseqs_85,2hnw_E,2hnu_A,80,80,mmseqs,100.000000,1.000000,0.987654,80
softdis,atlas,mmseqs_85,6c12_D,1x6j_A,101,87,mmseqs,100.000000,0.861386,0.956044,87
softdis,atlas,mmseqs_85,6ny6_Y,2a6s_B,84,84,mmseqs,100.000000,1.000000,1.000000,84
softdis,atlas,mmseqs_85,4y5o_A,4ykd_A,98,87,mmseqs,100.000000,0.887755,0.906250,87
softdis,atlas,mmseqs_85,2rb3_A,3bqp_B,85,78,mmseqs,100.000000,0.917647,0.975000,78
softdis,atlas,mmseqs_85,6l8f_B,7bwf_B,89,84,mmseqs,100.000000,0.943820,0.913043,84
softdis,atlas,mmseqs_85,6pce_A,6pce_B,70,70,mmseqs,100.000000,1.000000,1.000000,70
softdis,atlas,mmseqs_85,3hp3_I,2j7z_A,68,67,mmseqs,100.000000,0.985294,0.985294,67
softdis,atlas,mmseqs_85,6u0j_B,1t8k_A,85,77,mmseqs,100.000000,0.905882,1.000000,77
softdis,atlas,mmseqs_85,2rjv_A,2rjw_A,67,67,mmseqs,100.000000,1.000000,1.000000,67
softdis,atlas,mmseqs_85,7n1n_A,6cka_B,68,68,mmseqs,100.000000,1.000000,1.000000,68
softdis,atlas,mmseqs_85,2f5z_K,2f60_K,64,64,mmseqs,100.000000,1.000000,1.000000,64
softdis,atlas,mmseqs_85,1ojh_A,1ojh_C,65,65,mmseqs,100.000000,1.000000,1.000000,65
softdis,atlas,mmseqs_85,1bq9_A,1bq8_A,54,54,mmseqs,100.000000,1.000000,1.000000,54
softdis,atlas,mmseqs_85,7lcb_A,1ptq_A,53,50,mmseqs,100.000000,0.943396,1.000000,50
softdis,atlas,mmseqs_85,1ppf_I,2gkr_I,56,51,mmseqs,100.000000,0.910714,1.000000,51
softdis,atlas,mmseqs_85,5kko_A,5kko_D,55,55,mmseqs,100.000000,1.000000,1.000000,55
softdis,atlas,mmseqs_85,2y20_A,2y20_A,58,58,mmseqs,100.000000,1.000000,1.000000,58
softdis,atlas,mmseqs_85,1fd3_A,1fd3_A,41,41,mmseqs,100.000000,1.000000,1.000000,41
softdis,atlas,mmseqs_85,3rl0_Q,5w5c_A,37,34,mmseqs,100.000000,0.918919,0.850000,34
softdis,atlas,mmseqs_85,5yna_A,6j33_B,1102,1052,mmseqs,99.800000,0.954628,0.999050,1052
softdis,atlas,mmseqs_85,3rsm_A,1p5g_X,463,463,mmseqs,99.500000,1.000000,1.000000,463
softdis,atlas,mmseqs_85,8fbg_A,3ooi_A,232,231,mmseqs,99.500000,0.995690,0.995690,231
softdis,atlas,mmseqs_85,3f2g_A,3f0o_B,220,212,mmseqs,99.500000,0.963636,1.000000,212
softdis,atlas,mmseqs_85,4k57_A,2ehq_A,518,516,mmseqs,99.400000,0.996139,1.000000,516
softdis,atlas,mmseqs_85,5dch_A,3h93_A,192,192,mmseqs,99.400000,1.000000,1.000000,192
softdis,atlas,mmseqs_85,3hvs_A,3hvv_A,167,167,mmseqs,99.400000,1.000000,1.000000,167
softdis,atlas,mmseqs_85,6cps_A,3dai_A,131,129,mmseqs,99.200000,0.984733,0.992308,129
softdis,atlas,mmseqs_85,8af2_A,1ikt_A,128,120,mmseqs,99.100000,0.937500,1.000000,120
softdis,atlas,mmseqs_85,1xw3_A,3cyi_A,110,110,mmseqs,99.000000,1.000000,1.000000,110
softdis,atlas,mmseqs_85,3nit_A,3nis_B,90,82,mmseqs,98.700000,0.911111,1.000000,82
softdis,atlas,mmseqs_85,5tda_A,5um3_A,76,75,mmseqs,98.600000,0.986842,1.000000,75
softdis,atlas,mmseqs_85,5v7k_A,5v7m_A,265,265,mmseqs,98.400000,1.000000,1.000000,265
softdis,atlas,mmseqs_85,5e5t_A,5e5y_C,63,63,mmseqs,98.400000,1.000000,1.000000,63
softdis,atlas,mmseqs_85,4u9g_B,4u9b_A,187,187,mmseqs,98.300000,1.000000,1.000000,187
softdis,atlas,mmseqs_85,9fz4_A,2fyg_A,131,122,mmseqs,98.300000,0.931298,0.953125,122
softdis,atlas,mmseqs_85,4y94_B,1btk_A,171,169,mmseqs,97.600000,0.988304,1.000000,169
softdis,atlas,mmseqs_85,5m3d_A,3x0g_A,101,89,mmseqs,94.300000,0.881188,0.956989,89
softdis,atlas,mmseqs_85,2eso_A,1z2u_A,149,147,mmseqs,93.100000,0.986577,0.980000,147
softdis,atlas,mmseqs_85,3ue7_B,1ab1_A,46,46,mmseqs,91.300000,1.000000,1.000000,46
softdis,atlas,mmseqs_85,2pys_A,3czz_B,109,101,mmseqs,91.000000,0.926606,1.000000,101
softdis,atlas,mmseqs_85,4hmm_A,1i4m_A,132,107,mmseqs,89.700000,0.810606,0.990741,107
softdis,atlas,mmseqs_85,5u4y_D,4npd_A,55,54,mmseqs,88.800000,0.981818,0.931034,54
softdis,atlas,mmseqs_80,1bi1_A,2dtr_A,226,226,mmseqs,100.000000,1.000000,1.000000,226
softdis,atlas,mmseqs_80,5xfi_A,1ouw_C,153,152,mmseqs,100.000000,0.993464,1.000000,152
softdis,atlas,mmseqs_80,5ii7_A,5ii7_A,138,138,mmseqs,100.000000,1.000000,1.000000,138
softdis,atlas,mmseqs_80,7o4p_A,3apa_A,148,139,mmseqs,100.000000,0.939189,0.985816,139
softdis,atlas,mmseqs_80,2gwf_B,2fzp_A,134,134,mmseqs,100.000000,1.000000,0.930556,134
softdis,atlas,mmseqs_80,2qq4_B,2qq4_B,138,138,mmseqs,100.000000,1.000000,1.000000,138
softdis,atlas,mmseqs_80,2vzc_A,2vzc_A,131,131,mmseqs,100.000000,1.000000,1.000000,131
softdis,atlas,mmseqs_80,1d4t_A,1d4t_A,104,104,mmseqs,100.000000,1.000000,1.000000,104
softdis,atlas,mmseqs_80,2aib_A,2aib_A,98,98,mmseqs,100.000000,1.000000,1.000000,98
softdis,atlas,mmseqs_80,2x5h_A,2x5h_B,97,97,mmseqs,100.000000,1.000000,1.000000,97
softdis,atlas,mmseqs_80,2hnw_E,2hnu_A,80,80,mmseqs,100.000000,1.000000,0.987654,80
softdis,atlas,mmseqs_80,6c12_D,1x6j_A,101,87,mmseqs,100.000000,0.861386,0.956044,87
softdis,atlas,mmseqs_80,6ny6_Y,2a6s_B,84,84,mmseqs,100.000000,1.000000,1.000000,84
softdis,atlas,mmseqs_80,4y5o_A,4ykd_A,98,87,mmseqs,100.000000,0.887755,0.906250,87
softdis,atlas,mmseqs_80,2rb3_A,3bqp_B,85,78,mmseqs,100.000000,0.917647,0.975000,78
softdis,atlas,mmseqs_80,6l8f_B,7bwf_B,89,84,mmseqs,100.000000,0.943820,0.913043,84
softdis,atlas,mmseqs_80,6pce_A,6pce_B,70,70,mmseqs,100.000000,1.000000,1.000000,70
softdis,atlas,mmseqs_80,3hp3_I,2j7z_A,68,67,mmseqs,100.000000,0.985294,0.985294,67
softdis,atlas,mmseqs_80,6u0j_B,1t8k_A,85,77,mmseqs,100.000000,0.905882,1.000000,77
softdis,atlas,mmseqs_80,2rjv_A,2rjw_A,67,67,mmseqs,100.000000,1.000000,1.000000,67
softdis,atlas,mmseqs_80,7n1n_A,6cka_B,68,68,mmseqs,100.000000,1.000000,1.000000,68
softdis,atlas,mmseqs_80,2f5z_K,2f60_K,64,64,mmseqs,100.000000,1.000000,1.000000,64
softdis,atlas,mmseqs_80,1ojh_A,1ojh_C,65,65,mmseqs,100.000000,1.000000,1.000000,65
softdis,atlas,mmseqs_80,1bq9_A,1bq8_A,54,54,mmseqs,100.000000,1.000000,1.000000,54
softdis,atlas,mmseqs_80,7lcb_A,1ptq_A,53,50,mmseqs,100.000000,0.943396,1.000000,50
softdis,atlas,mmseqs_80,1ppf_I,2gkr_I,56,51,mmseqs,100.000000,0.910714,1.000000,51
softdis,atlas,mmseqs_80,5kko_A,5kko_D,55,55,mmseqs,100.000000,1.000000,1.000000,55
softdis,atlas,mmseqs_80,2y20_A,2y20_A,58,58,mmseqs,100.000000,1.000000,1.000000,58
softdis,atlas,mmseqs_80,1fd3_A,1fd3_A,41,41,mmseqs,100.000000,1.000000,1.000000,41
softdis,atlas,mmseqs_80,3rl0_Q,5w5c_A,37,34,mmseqs,100.000000,0.918919,0.850000,34
softdis,atlas,mmseqs_80,5yna_A,6j33_B,1102,1052,mmseqs,99.800000,0.954628,0.999050,1052
softdis,atlas,mmseqs_80,3rsm_A,1p5g_X,463,463,mmseqs,99.500000,1.000000,1.000000,463
softdis,atlas,mmseqs_80,8fbg_A,3ooi_A,232,231,mmseqs,99.500000,0.995690,0.995690,231
softdis,atlas,mmseqs_80,3f2g_A,3f0o_B,220,212,mmseqs,99.500000,0.963636,1.000000,212
softdis,atlas,mmseqs_80,4k57_A,2ehq_A,518,516,mmseqs,99.400000,0.996139,1.000000,516
softdis,atlas,mmseqs_80,5dch_A,3h93_A,192,192,mmseqs,99.400000,1.000000,1.000000,192
softdis,atlas,mmseqs_80,3hvs_A,3hvv_A,167,167,mmseqs,99.400000,1.000000,1.000000,167
softdis,atlas,mmseqs_80,6cps_A,3dai_A,131,129,mmseqs,99.200000,0.984733,0.992308,129
softdis,atlas,mmseqs_80,8af2_A,1ikt_A,128,120,mmseqs,99.100000,0.937500,1.000000,120
softdis,atlas,mmseqs_80,1xw3_A,3cyi_A,110,110,mmseqs,99.000000,1.000000,1.000000,110
softdis,atlas,mmseqs_80,3nit_A,3nis_B,90,82,mmseqs,98.700000,0.911111,1.000000,82
softdis,atlas,mmseqs_80,5tda_A,5um3_A,76,75,mmseqs,98.600000,0.986842,1.000000,75
softdis,atlas,mmseqs_80,5v7k_A,5v7m_A,265,265,mmseqs,98.400000,1.000000,1.000000,265
softdis,atlas,mmseqs_80,5e5t_A,5e5y_C,63,63,mmseqs,98.400000,1.000000,1.000000,63
softdis,atlas,mmseqs_80,4u9g_B,4u9b_A,187,187,mmseqs,98.300000,1.000000,1.000000,187
softdis,atlas,mmseqs_80,9fz4_A,2fyg_A,131,122,mmseqs,98.300000,0.931298,0.953125,122
softdis,atlas,mmseqs_80,4y94_B,1btk_A,171,169,mmseqs,97.600000,0.988304,1.000000,169
softdis,atlas,mmseqs_80,5m3d_A,3x0g_A,101,89,mmseqs,94.300000,0.881188,0.956989,89
softdis,atlas,mmseqs_80,2eso_A,1z2u_A,149,147,mmseqs,93.100000,0.986577,0.980000,147
softdis,atlas,mmseqs_80,3ue7_B,1ab1_A,46,46,mmseqs,91.300000,1.000000,1.000000,46
softdis,atlas,mmseqs_80,2pys_A,3czz_B,109,101,mmseqs,91.000000,0.926606,1.000000,101
softdis,atlas,mmseqs_80,4hmm_A,1i4m_A,132,107,mmseqs,89.700000,0.810606,0.990741,107
softdis,atlas,mmseqs_80,5u4y_D,4npd_A,55,54,mmseqs,88.800000,0.981818,0.931034,54
softdis,atlas,mmseqs_80,2awu_A,2fe5_A,105,91,mmseqs,80.200000,0.866667,0.968085,91
softdis,atlas,mmseqs_80,7x4v_B,3c05_A,68,60,mmseqs,80.000000,0.882353,0.967742,60
softdis,plddt,exact,2f9d_A,DP01458,125,125,sequence,,,,
softdis,plddt,exact,3a9x_A,DP00620,432,432,sequence,,,,
softdis,plddt,exact,4ora_B,DP00565,170,170,sequence,,,,
softdis,plddt,exact,6aso_G,DP01261,115,115,sequence,,,,
softdis,plddt,exact,2bjd_A,DP00513,101,101,sequence,,,,
softdis,plddt,exact,5agc_A,DP02908,264,264,sequence,,,,
softdis,plddt,exact,2vsx_A,DP02562,395,395,sequence,,,,
softdis,plddt,exact,8enj_A,DP02328,464,464,sequence,,,,
softdis,plddt,exact,1cm8_A,DP03366,367,367,sequence,,,,
softdis,plddt,exact,1rp3_D,DP01092,88,88,sequence,,,,
softdis,plddt,mmseqs_100,5fhz_A,DP03964,529,512,mmseqs,100.000000,0.967864,1.000000,512
softdis,plddt,mmseqs_100,8enj_A,DP02328,464,464,mmseqs,100.000000,1.000000,1.000000,464
softdis,plddt,mmseqs_100,3a9x_A,DP00620,432,432,mmseqs,100.000000,1.000000,1.000000,432
softdis,plddt,mmseqs_100,1r0e_A,DP00385,391,386,mmseqs,100.000000,0.987212,0.919048,386
softdis,plddt,mmseqs_100,8enk_B,DP02724,390,385,mmseqs,100.000000,0.987179,0.899533,385
softdis,plddt,mmseqs_100,2vsx_A,DP02562,395,395,mmseqs,100.000000,1.000000,1.000000,395
softdis,plddt,mmseqs_100,1cm8_A,DP03366,367,367,mmseqs,100.000000,1.000000,1.000000,367
softdis,plddt,mmseqs_100,3mi9_A,DP01309,351,345,mmseqs,100.000000,0.982906,0.927419,345
softdis,plddt,mmseqs_100,3aln_A,DP01400,327,320,mmseqs,100.000000,0.978593,0.802005,320
softdis,plddt,mmseqs_100,4wsy_A,DP00322,286,273,mmseqs,100.000000,0.954545,0.872204,273
softdis,plddt,mmseqs_100,5agc_A,DP02908,264,264,mmseqs,100.000000,1.000000,1.000000,264
softdis,plddt,mmseqs_100,1rrp_C,DP01364,204,204,mmseqs,100.000000,1.000000,0.944444,204
softdis,plddt,mmseqs_100,1s6c_A,DP03492,183,183,mmseqs,100.000000,1.000000,0.847222,183
softdis,plddt,mmseqs_100,1s4i_B,DP00257,175,175,mmseqs,100.000000,1.000000,0.892857,175
softdis,plddt,mmseqs_100,4ora_B,DP00565,170,170,mmseqs,100.000000,1.000000,1.000000,170
softdis,plddt,mmseqs_100,2cyx_A,DP02100,170,165,mmseqs,100.000000,0.970588,1.000000,165
softdis,plddt,mmseqs_100,5ltw_C,DP01131,149,149,mmseqs,100.000000,1.000000,0.931250,149
softdis,plddt,mmseqs_100,2f9d_A,DP01458,125,125,mmseqs,100.000000,1.000000,1.000000,125
softdis,plddt,mmseqs_100,2nqb_C,DP01546,123,123,mmseqs,100.000000,1.000000,0.991935,123
softdis,plddt,mmseqs_100,6ppp_G,DP02067,119,113,mmseqs,100.000000,0.949580,1.000000,113
softdis,plddt,mmseqs_100,6aso_G,DP01261,115,115,mmseqs,100.000000,1.000000,1.000000,115
softdis,plddt,mmseqs_100,1d4t_A,DP02714,104,104,mmseqs,100.000000,1.000000,0.812500,104
softdis,plddt,mmseqs_100,2pei_A,DP02968,109,109,mmseqs,100.000000,1.000000,0.813433,109
softdis,plddt,mmseqs_100,4k2e_A,DP02188,112,108,mmseqs,100.000000,0.964286,1.000000,108
softdis,plddt,mmseqs_100,2bjd_A,DP00513,101,101,mmseqs,100.000000,1.000000,1.000000,101
softdis,plddt,mmseqs_100,1pal_A,DP01025,108,107,mmseqs,100.000000,0.990741,1.000000,107
softdis,plddt,mmseqs_100,6ppn_C,DP02065,95,93,mmseqs,100.000000,0.978947,1.000000,93
softdis,plddt,mmseqs_100,5csf_A,DP01738,95,92,mmseqs,100.000000,0.968421,1.000000,92
softdis,plddt,mmseqs_100,6aso_F,DP01402,88,86,mmseqs,100.000000,0.977273,1.000000,86
softdis,plddt,mmseqs_100,1rp3_D,DP01092,88,88,mmseqs,100.000000,1.000000,1.000000,88
softdis,plddt,mmseqs_100,4yg1_A,DP02899,72,72,mmseqs,100.000000,1.000000,0.818182,72
softdis,plddt,mmseqs_98,5fhz_A,DP03964,529,512,mmseqs,100.000000,0.967864,1.000000,512
softdis,plddt,mmseqs_98,8enj_A,DP02328,464,464,mmseqs,100.000000,1.000000,1.000000,464
softdis,plddt,mmseqs_98,3a9x_A,DP00620,432,432,mmseqs,100.000000,1.000000,1.000000,432
softdis,plddt,mmseqs_98,1r0e_A,DP00385,391,386,mmseqs,100.000000,0.987212,0.919048,386
softdis,plddt,mmseqs_98,8enk_B,DP02724,390,385,mmseqs,100.000000,0.987179,0.899533,385
softdis,plddt,mmseqs_98,2vsx_A,DP02562,395,395,mmseqs,100.000000,1.000000,1.000000,395
softdis,plddt,mmseqs_98,1cm8_A,DP03366,367,367,mmseqs,100.000000,1.000000,1.000000,367
softdis,plddt,mmseqs_98,3mi9_A,DP01309,351,345,mmseqs,100.000000,0.982906,0.927419,345
softdis,plddt,mmseqs_98,3aln_A,DP01400,327,320,mmseqs,100.000000,0.978593,0.802005,320
softdis,plddt,mmseqs_98,4wsy_A,DP00322,286,273,mmseqs,100.000000,0.954545,0.872204,273
softdis,plddt,mmseqs_98,5agc_A,DP02908,264,264,mmseqs,100.000000,1.000000,1.000000,264
softdis,plddt,mmseqs_98,1rrp_C,DP01364,204,204,mmseqs,100.000000,1.000000,0.944444,204
softdis,plddt,mmseqs_98,1s6c_A,DP03492,183,183,mmseqs,100.000000,1.000000,0.847222,183
softdis,plddt,mmseqs_98,1s4i_B,DP00257,175,175,mmseqs,100.000000,1.000000,0.892857,175
softdis,plddt,mmseqs_98,4ora_B,DP00565,170,170,mmseqs,100.000000,1.000000,1.000000,170
softdis,plddt,mmseqs_98,2cyx_A,DP02100,170,165,mmseqs,100.000000,0.970588,1.000000,165
softdis,plddt,mmseqs_98,5ltw_C,DP01131,149,149,mmseqs,100.000000,1.000000,0.931250,149
softdis,plddt,mmseqs_98,2f9d_A,DP01458,125,125,mmseqs,100.000000,1.000000,1.000000,125
softdis,plddt,mmseqs_98,2nqb_C,DP01546,123,123,mmseqs,100.000000,1.000000,0.991935,123
softdis,plddt,mmseqs_98,6ppp_G,DP02067,119,113,mmseqs,100.000000,0.949580,1.000000,113
softdis,plddt,mmseqs_98,6aso_G,DP01261,115,115,mmseqs,100.000000,1.000000,1.000000,115
softdis,plddt,mmseqs_98,1d4t_A,DP02714,104,104,mmseqs,100.000000,1.000000,0.812500,104
softdis,plddt,mmseqs_98,2pei_A,DP02968,109,109,mmseqs,100.000000,1.000000,0.813433,109
softdis,plddt,mmseqs_98,4k2e_A,DP02188,112,108,mmseqs,100.000000,0.964286,1.000000,108
softdis,plddt,mmseqs_98,2bjd_A,DP00513,101,101,mmseqs,100.000000,1.000000,1.000000,101
softdis,plddt,mmseqs_98,1pal_A,DP01025,108,107,mmseqs,100.000000,0.990741,1.000000,107
softdis,plddt,mmseqs_98,6ppn_C,DP02065,95,93,mmseqs,100.000000,0.978947,1.000000,93
softdis,plddt,mmseqs_98,5csf_A,DP01738,95,92,mmseqs,100.000000,0.968421,1.000000,92
softdis,plddt,mmseqs_98,6aso_F,DP01402,88,86,mmseqs,100.000000,0.977273,1.000000,86
softdis,plddt,mmseqs_98,1rp3_D,DP01092,88,88,mmseqs,100.000000,1.000000,1.000000,88
softdis,plddt,mmseqs_98,4yg1_A,DP02899,72,72,mmseqs,100.000000,1.000000,0.818182,72
softdis,plddt,mmseqs_98,2zjb_A,DP02746,343,340,mmseqs,99.700000,0.991254,1.000000,340
softdis,plddt,mmseqs_98,7nc8_B,DP03362,253,240,mmseqs,99.500000,0.948617,1.000000,240
softdis,plddt,mmseqs_98,3f2g_A,DP00575,220,212,mmseqs,99.500000,0.963636,1.000000,212
softdis,plddt,mmseqs_98,3t5g_A,DP00364,181,181,mmseqs,99.400000,1.000000,0.983696,181
softdis,plddt,mmseqs_98,1zc4_A,DP00581,175,175,mmseqs,99.400000,1.000000,0.849515,175
softdis,plddt,mmseqs_98,4fg9_A,DP01958,320,320,mmseqs,99.300000,1.000000,0.855615,320
softdis,plddt,mmseqs_98,4qib_A,DP02727,159,157,mmseqs,99.300000,0.987421,0.963190,157
softdis,plddt,mmseqs_98,6hde_C,DP00337,152,152,mmseqs,99.300000,1.000000,1.000000,152
softdis,plddt,mmseqs_98,5cqx_A,DP00299,119,111,mmseqs,99.000000,0.932773,1.000000,111
softdis,plddt,mmseqs_98,5n4w_R,DP01750,102,102,mmseqs,99.000000,1.000000,0.944444,102
softdis,plddt,mmseqs_98,4fxe_D,DP01881,95,95,mmseqs,98.900000,1.000000,1.000000,95
softdis,plddt,mmseqs_98,3gax_B,DP03297,120,120,mmseqs,98.300000,1.000000,0.821918,120
softdis,plddt,mmseqs_98,2e50_A,DP04119,225,225,mmseqs,98.200000,1.000000,0.812274,225
softdis,plddt,mmseqs_95,5fhz_A,DP03964,529,512,mmseqs,100.000000,0.967864,1.000000,512
softdis,plddt,mmseqs_95,8enj_A,DP02328,464,464,mmseqs,100.000000,1.000000,1.000000,464
softdis,plddt,mmseqs_95,3a9x_A,DP00620,432,432,mmseqs,100.000000,1.000000,1.000000,432
softdis,plddt,mmseqs_95,1r0e_A,DP00385,391,386,mmseqs,100.000000,0.987212,0.919048,386
softdis,plddt,mmseqs_95,8enk_B,DP02724,390,385,mmseqs,100.000000,0.987179,0.899533,385
softdis,plddt,mmseqs_95,2vsx_A,DP02562,395,395,mmseqs,100.000000,1.000000,1.000000,395
softdis,plddt,mmseqs_95,1cm8_A,DP03366,367,367,mmseqs,100.000000,1.000000,1.000000,367
softdis,plddt,mmseqs_95,3mi9_A,DP01309,351,345,mmseqs,100.000000,0.982906,0.927419,345
softdis,plddt,mmseqs_95,3aln_A,DP01400,327,320,mmseqs,100.000000,0.978593,0.802005,320
softdis,plddt,mmseqs_95,4wsy_A,DP00322,286,273,mmseqs,100.000000,0.954545,0.872204,273
softdis,plddt,mmseqs_95,5agc_A,DP02908,264,264,mmseqs,100.000000,1.000000,1.000000,264
softdis,plddt,mmseqs_95,1rrp_C,DP01364,204,204,mmseqs,100.000000,1.000000,0.944444,204
softdis,plddt,mmseqs_95,1s6c_A,DP03492,183,183,mmseqs,100.000000,1.000000,0.847222,183
softdis,plddt,mmseqs_95,1s4i_B,DP00257,175,175,mmseqs,100.000000,1.000000,0.892857,175
softdis,plddt,mmseqs_95,4ora_B,DP00565,170,170,mmseqs,100.000000,1.000000,1.000000,170
softdis,plddt,mmseqs_95,2cyx_A,DP02100,170,165,mmseqs,100.000000,0.970588,1.000000,165
softdis,plddt,mmseqs_95,5ltw_C,DP01131,149,149,mmseqs,100.000000,1.000000,0.931250,149
softdis,plddt,mmseqs_95,2f9d_A,DP01458,125,125,mmseqs,100.000000,1.000000,1.000000,125
softdis,plddt,mmseqs_95,2nqb_C,DP01546,123,123,mmseqs,100.000000,1.000000,0.991935,123
softdis,plddt,mmseqs_95,6ppp_G,DP02067,119,113,mmseqs,100.000000,0.949580,1.000000,113
softdis,plddt,mmseqs_95,6aso_G,DP01261,115,115,mmseqs,100.000000,1.000000,1.000000,115
softdis,plddt,mmseqs_95,1d4t_A,DP02714,104,104,mmseqs,100.000000,1.000000,0.812500,104
softdis,plddt,mmseqs_95,2pei_A,DP02968,109,109,mmseqs,100.000000,1.000000,0.813433,109
softdis,plddt,mmseqs_95,4k2e_A,DP02188,112,108,mmseqs,100.000000,0.964286,1.000000,108
softdis,plddt,mmseqs_95,2bjd_A,DP00513,101,101,mmseqs,100.000000,1.000000,1.000000,101
softdis,plddt,mmseqs_95,1pal_A,DP01025,108,107,mmseqs,100.000000,0.990741,1.000000,107
softdis,plddt,mmseqs_95,6ppn_C,DP02065,95,93,mmseqs,100.000000,0.978947,1.000000,93
softdis,plddt,mmseqs_95,5csf_A,DP01738,95,92,mmseqs,100.000000,0.968421,1.000000,92
softdis,plddt,mmseqs_95,6aso_F,DP01402,88,86,mmseqs,100.000000,0.977273,1.000000,86
softdis,plddt,mmseqs_95,1rp3_D,DP01092,88,88,mmseqs,100.000000,1.000000,1.000000,88
softdis,plddt,mmseqs_95,4yg1_A,DP02899,72,72,mmseqs,100.000000,1.000000,0.818182,72
softdis,plddt,mmseqs_95,2zjb_A,DP02746,343,340,mmseqs,99.700000,0.991254,1.000000,340
softdis,plddt,mmseqs_95,7nc8_B,DP03362,253,240,mmseqs,99.500000,0.948617,1.000000,240
softdis,plddt,mmseqs_95,3f2g_A,DP00575,220,212,mmseqs,99.500000,0.963636,1.000000,212
softdis,plddt,mmseqs_95,3t5g_A,DP00364,181,181,mmseqs,99.400000,1.000000,0.983696,181
softdis,plddt,mmseqs_95,1zc4_A,DP00581,175,175,mmseqs,99.400000,1.000000,0.849515,175
softdis,plddt,mmseqs_95,4fg9_A,DP01958,320,320,mmseqs,99.300000,1.000000,0.855615,320
softdis,plddt,mmseqs_95,4qib_A,DP02727,159,157,mmseqs,99.300000,0.987421,0.963190,157
softdis,plddt,mmseqs_95,6hde_C,DP00337,152,152,mmseqs,99.300000,1.000000,1.000000,152
softdis,plddt,mmseqs_95,5cqx_A,DP00299,119,111,mmseqs,99.000000,0.932773,1.000000,111
softdis,plddt,mmseqs_95,5n4w_R,DP01750,102,102,mmseqs,99.000000,1.000000,0.944444,102
softdis,plddt,mmseqs_95,4fxe_D,DP01881,95,95,mmseqs,98.900000,1.000000,1.000000,95
softdis,plddt,mmseqs_95,3gax_B,DP03297,120,120,mmseqs,98.300000,1.000000,0.821918,120
softdis,plddt,mmseqs_95,2e50_A,DP04119,225,225,mmseqs,98.200000,1.000000,0.812274,225
softdis,plddt,mmseqs_95,3tue_C,DP04039,219,199,mmseqs,97.900000,0.908676,1.000000,199
softdis,plddt,mmseqs_95,2hck_A,DP02383,438,438,mmseqs,97.700000,1.000000,0.851711,448
softdis,plddt,mmseqs_95,5k98_P,DP02899,91,88,mmseqs,97.700000,0.967033,1.000000,88
softdis,plddt,mmseqs_95,3tjb_A,DP02764,254,240,mmseqs,97.500000,0.944882,0.896679,243
softdis,plddt,mmseqs_95,3v62_D,DP02264,84,81,mmseqs,97.500000,0.964286,0.801980,81
softdis,plddt,mmseqs_95,7apj_A,DP03300,440,438,mmseqs,97.000000,0.995455,0.927083,445
softdis,plddt,mmseqs_95,2oct_A,DP01054,98,98,mmseqs,96.900000,1.000000,1.000000,98
softdis,plddt,mmseqs_95,8x71_A,DP02793,175,175,mmseqs,96.500000,1.000000,0.879397,175
softdis,plddt,mmseqs_95,3w98_A,DP01389,112,111,mmseqs,96.300000,0.991071,0.816176,111
softdis,plddt,mmseqs_95,6rfo_A,DP03864,372,351,mmseqs,95.700000,0.943548,0.991667,357
softdis,plddt,mmseqs_95,2y8e_A,DP02733,179,176,mmseqs,95.400000,0.983240,0.846154,176
softdis,plddt,mmseqs_90,5fhz_A,DP03964,529,512,mmseqs,100.000000,0.967864,1.000000,512
softdis,plddt,mmseqs_90,8enj_A,DP02328,464,464,mmseqs,100.000000,1.000000,1.000000,464
softdis,plddt,mmseqs_90,3a9x_A,DP00620,432,432,mmseqs,100.000000,1.000000,1.000000,432
softdis,plddt,mmseqs_90,1r0e_A,DP00385,391,386,mmseqs,100.000000,0.987212,0.919048,386
softdis,plddt,mmseqs_90,8enk_B,DP02724,390,385,mmseqs,100.000000,0.987179,0.899533,385
softdis,plddt,mmseqs_90,2vsx_A,DP02562,395,395,mmseqs,100.000000,1.000000,1.000000,395
softdis,plddt,mmseqs_90,1cm8_A,DP03366,367,367,mmseqs,100.000000,1.000000,1.000000,367
softdis,plddt,mmseqs_90,3mi9_A,DP01309,351,345,mmseqs,100.000000,0.982906,0.927419,345
softdis,plddt,mmseqs_90,3aln_A,DP01400,327,320,mmseqs,100.000000,0.978593,0.802005,320
softdis,plddt,mmseqs_90,4wsy_A,DP00322,286,273,mmseqs,100.000000,0.954545,0.872204,273
softdis,plddt,mmseqs_90,5agc_A,DP02908,264,264,mmseqs,100.000000,1.000000,1.000000,264
softdis,plddt,mmseqs_90,1rrp_C,DP01364,204,204,mmseqs,100.000000,1.000000,0.944444,204
softdis,plddt,mmseqs_90,1s6c_A,DP03492,183,183,mmseqs,100.000000,1.000000,0.847222,183
softdis,plddt,mmseqs_90,1s4i_B,DP00257,175,175,mmseqs,100.000000,1.000000,0.892857,175
softdis,plddt,mmseqs_90,4ora_B,DP00565,170,170,mmseqs,100.000000,1.000000,1.000000,170
softdis,plddt,mmseqs_90,2cyx_A,DP02100,170,165,mmseqs,100.000000,0.970588,1.000000,165
softdis,plddt,mmseqs_90,5ltw_C,DP01131,149,149,mmseqs,100.000000,1.000000,0.931250,149
softdis,plddt,mmseqs_90,2f9d_A,DP01458,125,125,mmseqs,100.000000,1.000000,1.000000,125
softdis,plddt,mmseqs_90,2nqb_C,DP01546,123,123,mmseqs,100.000000,1.000000,0.991935,123
softdis,plddt,mmseqs_90,6ppp_G,DP02067,119,113,mmseqs,100.000000,0.949580,1.000000,113
softdis,plddt,mmseqs_90,6aso_G,DP01261,115,115,mmseqs,100.000000,1.000000,1.000000,115
softdis,plddt,mmseqs_90,1d4t_A,DP02714,104,104,mmseqs,100.000000,1.000000,0.812500,104
softdis,plddt,mmseqs_90,2pei_A,DP02968,109,109,mmseqs,100.000000,1.000000,0.813433,109
softdis,plddt,mmseqs_90,4k2e_A,DP02188,112,108,mmseqs,100.000000,0.964286,1.000000,108
softdis,plddt,mmseqs_90,2bjd_A,DP00513,101,101,mmseqs,100.000000,1.000000,1.000000,101
softdis,plddt,mmseqs_90,1pal_A,DP01025,108,107,mmseqs,100.000000,0.990741,1.000000,107
softdis,plddt,mmseqs_90,6ppn_C,DP02065,95,93,mmseqs,100.000000,0.978947,1.000000,93
softdis,plddt,mmseqs_90,5csf_A,DP01738,95,92,mmseqs,100.000000,0.968421,1.000000,92
softdis,plddt,mmseqs_90,6aso_F,DP01402,88,86,mmseqs,100.000000,0.977273,1.000000,86
softdis,plddt,mmseqs_90,1rp3_D,DP01092,88,88,mmseqs,100.000000,1.000000,1.000000,88
softdis,plddt,mmseqs_90,4yg1_A,DP02899,72,72,mmseqs,100.000000,1.000000,0.818182,72
softdis,plddt,mmseqs_90,2zjb_A,DP02746,343,340,mmseqs,99.700000,0.991254,1.000000,340
softdis,plddt,mmseqs_90,7nc8_B,DP03362,253,240,mmseqs,99.500000,0.948617,1.000000,240
softdis,plddt,mmseqs_90,3f2g_A,DP00575,220,212,mmseqs,99.500000,0.963636,1.000000,212
softdis,plddt,mmseqs_90,3t5g_A,DP00364,181,181,mmseqs,99.400000,1.000000,0.983696,181
softdis,plddt,mmseqs_90,1zc4_A,DP00581,175,175,mmseqs,99.400000,1.000000,0.849515,175
softdis,plddt,mmseqs_90,4fg9_A,DP01958,320,320,mmseqs,99.300000,1.000000,0.855615,320
softdis,plddt,mmseqs_90,4qib_A,DP02727,159,157,mmseqs,99.300000,0.987421,0.963190,157
softdis,plddt,mmseqs_90,6hde_C,DP00337,152,152,mmseqs,99.300000,1.000000,1.000000,152
softdis,plddt,mmseqs_90,5cqx_A,DP00299,119,111,mmseqs,99.000000,0.932773,1.000000,111
softdis,plddt,mmseqs_90,5n4w_R,DP01750,102,102,mmseqs,99.000000,1.000000,0.944444,102
softdis,plddt,mmseqs_90,4fxe_D,DP01881,95,95,mmseqs,98.900000,1.000000,1.000000,95
softdis,plddt,mmseqs_90,3gax_B,DP03297,120,120,mmseqs,98.300000,1.000000,0.821918,120
softdis,plddt,mmseqs_90,2e50_A,DP04119,225,225,mmseqs,98.200000,1.000000,0.812274,225
softdis,plddt,mmseqs_90,3tue_C,DP04039,219,199,mmseqs,97.900000,0.908676,1.000000,199
softdis,plddt,mmseqs_90,2hck_A,DP02383,438,438,mmseqs,97.700000,1.000000,0.851711,448
softdis,plddt,mmseqs_90,5k98_P,DP02899,91,88,mmseqs,97.700000,0.967033,1.000000,88
softdis,plddt,mmseqs_90,3tjb_A,DP02764,254,240,mmseqs,97.500000,0.944882,0.896679,243
softdis,plddt,mmseqs_90,3v62_D,DP02264,84,81,mmseqs,97.500000,0.964286,0.801980,81
softdis,plddt,mmseqs_90,7apj_A,DP03300,440,438,mmseqs,97.000000,0.995455,0.927083,445
softdis,plddt,mmseqs_90,2oct_A,DP01054,98,98,mmseqs,96.900000,1.000000,1.000000,98
softdis,plddt,mmseqs_90,8x71_A,DP02793,175,175,mmseqs,96.500000,1.000000,0.879397,175
softdis,plddt,mmseqs_90,3w98_A,DP01389,112,111,mmseqs,96.300000,0.991071,0.816176,111
softdis,plddt,mmseqs_90,6rfo_A,DP03864,372,351,mmseqs,95.700000,0.943548,0.991667,357
softdis,plddt,mmseqs_90,2y8e_A,DP02733,179,176,mmseqs,95.400000,0.983240,0.846154,176
softdis,plddt,mmseqs_90,5c0z_C,DP00006,105,105,mmseqs,94.200000,1.000000,1.000000,105
softdis,plddt,mmseqs_90,4lgz_A,DP03965,563,542,mmseqs,92.600000,0.962700,0.962700,542
softdis,plddt,mmseqs_85,5fhz_A,DP03964,529,512,mmseqs,100.000000,0.967864,1.000000,512
softdis,plddt,mmseqs_85,8enj_A,DP02328,464,464,mmseqs,100.000000,1.000000,1.000000,464
softdis,plddt,mmseqs_85,3a9x_A,DP00620,432,432,mmseqs,100.000000,1.000000,1.000000,432
softdis,plddt,mmseqs_85,1r0e_A,DP00385,391,386,mmseqs,100.000000,0.987212,0.919048,386
softdis,plddt,mmseqs_85,8enk_B,DP02724,390,385,mmseqs,100.000000,0.987179,0.899533,385
softdis,plddt,mmseqs_85,2vsx_A,DP02562,395,395,mmseqs,100.000000,1.000000,1.000000,395
softdis,plddt,mmseqs_85,1cm8_A,DP03366,367,367,mmseqs,100.000000,1.000000,1.000000,367
softdis,plddt,mmseqs_85,3mi9_A,DP01309,351,345,mmseqs,100.000000,0.982906,0.927419,345
softdis,plddt,mmseqs_85,3aln_A,DP01400,327,320,mmseqs,100.000000,0.978593,0.802005,320
softdis,plddt,mmseqs_85,4wsy_A,DP00322,286,273,mmseqs,100.000000,0.954545,0.872204,273
softdis,plddt,mmseqs_85,5agc_A,DP02908,264,264,mmseqs,100.000000,1.000000,1.000000,264
softdis,plddt,mmseqs_85,1rrp_C,DP01364,204,204,mmseqs,100.000000,1.000000,0.944444,204
softdis,plddt,mmseqs_85,1s6c_A,DP03492,183,183,mmseqs,100.000000,1.000000,0.847222,183
softdis,plddt,mmseqs_85,1s4i_B,DP00257,175,175,mmseqs,100.000000,1.000000,0.892857,175
softdis,plddt,mmseqs_85,4ora_B,DP00565,170,170,mmseqs,100.000000,1.000000,1.000000,170
softdis,plddt,mmseqs_85,2cyx_A,DP02100,170,165,mmseqs,100.000000,0.970588,1.000000,165
softdis,plddt,mmseqs_85,5ltw_C,DP01131,149,149,mmseqs,100.000000,1.000000,0.931250,149
softdis,plddt,mmseqs_85,2f9d_A,DP01458,125,125,mmseqs,100.000000,1.000000,1.000000,125
softdis,plddt,mmseqs_85,2nqb_C,DP01546,123,123,mmseqs,100.000000,1.000000,0.991935,123
softdis,plddt,mmseqs_85,6ppp_G,DP02067,119,113,mmseqs,100.000000,0.949580,1.000000,113
softdis,plddt,mmseqs_85,6aso_G,DP01261,115,115,mmseqs,100.000000,1.000000,1.000000,115
softdis,plddt,mmseqs_85,1d4t_A,DP02714,104,104,mmseqs,100.000000,1.000000,0.812500,104
softdis,plddt,mmseqs_85,2pei_A,DP02968,109,109,mmseqs,100.000000,1.000000,0.813433,109
softdis,plddt,mmseqs_85,4k2e_A,DP02188,112,108,mmseqs,100.000000,0.964286,1.000000,108
softdis,plddt,mmseqs_85,2bjd_A,DP00513,101,101,mmseqs,100.000000,1.000000,1.000000,101
softdis,plddt,mmseqs_85,1pal_A,DP01025,108,107,mmseqs,100.000000,0.990741,1.000000,107
softdis,plddt,mmseqs_85,6ppn_C,DP02065,95,93,mmseqs,100.000000,0.978947,1.000000,93
softdis,plddt,mmseqs_85,5csf_A,DP01738,95,92,mmseqs,100.000000,0.968421,1.000000,92
softdis,plddt,mmseqs_85,6aso_F,DP01402,88,86,mmseqs,100.000000,0.977273,1.000000,86
softdis,plddt,mmseqs_85,1rp3_D,DP01092,88,88,mmseqs,100.000000,1.000000,1.000000,88
softdis,plddt,mmseqs_85,4yg1_A,DP02899,72,72,mmseqs,100.000000,1.000000,0.818182,72
softdis,plddt,mmseqs_85,2zjb_A,DP02746,343,340,mmseqs,99.700000,0.991254,1.000000,340
softdis,plddt,mmseqs_85,7nc8_B,DP03362,253,240,mmseqs,99.500000,0.948617,1.000000,240
softdis,plddt,mmseqs_85,3f2g_A,DP00575,220,212,mmseqs,99.500000,0.963636,1.000000,212
softdis,plddt,mmseqs_85,3t5g_A,DP00364,181,181,mmseqs,99.400000,1.000000,0.983696,181
softdis,plddt,mmseqs_85,1zc4_A,DP00581,175,175,mmseqs,99.400000,1.000000,0.849515,175
softdis,plddt,mmseqs_85,4fg9_A,DP01958,320,320,mmseqs,99.300000,1.000000,0.855615,320
softdis,plddt,mmseqs_85,4qib_A,DP02727,159,157,mmseqs,99.300000,0.987421,0.963190,157
softdis,plddt,mmseqs_85,6hde_C,DP00337,152,152,mmseqs,99.300000,1.000000,1.000000,152
softdis,plddt,mmseqs_85,5cqx_A,DP00299,119,111,mmseqs,99.000000,0.932773,1.000000,111
softdis,plddt,mmseqs_85,5n4w_R,DP01750,102,102,mmseqs,99.000000,1.000000,0.944444,102
softdis,plddt,mmseqs_85,4fxe_D,DP01881,95,95,mmseqs,98.900000,1.000000,1.000000,95
softdis,plddt,mmseqs_85,3gax_B,DP03297,120,120,mmseqs,98.300000,1.000000,0.821918,120
softdis,plddt,mmseqs_85,2e50_A,DP04119,225,225,mmseqs,98.200000,1.000000,0.812274,225
softdis,plddt,mmseqs_85,3tue_C,DP04039,219,199,mmseqs,97.900000,0.908676,1.000000,199
softdis,plddt,mmseqs_85,2hck_A,DP02383,438,438,mmseqs,97.700000,1.000000,0.851711,448
softdis,plddt,mmseqs_85,5k98_P,DP02899,91,88,mmseqs,97.700000,0.967033,1.000000,88
softdis,plddt,mmseqs_85,3tjb_A,DP02764,254,240,mmseqs,97.500000,0.944882,0.896679,243
softdis,plddt,mmseqs_85,3v62_D,DP02264,84,81,mmseqs,97.500000,0.964286,0.801980,81
softdis,plddt,mmseqs_85,7apj_A,DP03300,440,438,mmseqs,97.000000,0.995455,0.927083,445
softdis,plddt,mmseqs_85,2oct_A,DP01054,98,98,mmseqs,96.900000,1.000000,1.000000,98
softdis,plddt,mmseqs_85,8x71_A,DP02793,175,175,mmseqs,96.500000,1.000000,0.879397,175
softdis,plddt,mmseqs_85,3w98_A,DP01389,112,111,mmseqs,96.300000,0.991071,0.816176,111
softdis,plddt,mmseqs_85,6rfo_A,DP03864,372,351,mmseqs,95.700000,0.943548,0.991667,357
softdis,plddt,mmseqs_85,2y8e_A,DP02733,179,176,mmseqs,95.400000,0.983240,0.846154,176
softdis,plddt,mmseqs_85,5c0z_C,DP00006,105,105,mmseqs,94.200000,1.000000,1.000000,105
softdis,plddt,mmseqs_85,4lgz_A,DP03965,563,542,mmseqs,92.600000,0.962700,0.962700,542
softdis,plddt,mmseqs_85,1osa_A,DP00344,148,148,mmseqs,89.100000,1.000000,0.993289,148
softdis,plddt,mmseqs_85,5cfk_E,DP03782,259,259,mmseqs,88.600000,1.000000,1.000000,292
softdis,plddt,mmseqs_85,2jg7_A,DP03966,510,510,mmseqs,85.000000,1.000000,0.946197,510
softdis,plddt,mmseqs_80,5fhz_A,DP03964,529,512,mmseqs,100.000000,0.967864,1.000000,512
softdis,plddt,mmseqs_80,8enj_A,DP02328,464,464,mmseqs,100.000000,1.000000,1.000000,464
softdis,plddt,mmseqs_80,3a9x_A,DP00620,432,432,mmseqs,100.000000,1.000000,1.000000,432
softdis,plddt,mmseqs_80,1r0e_A,DP00385,391,386,mmseqs,100.000000,0.987212,0.919048,386
softdis,plddt,mmseqs_80,8enk_B,DP02724,390,385,mmseqs,100.000000,0.987179,0.899533,385
softdis,plddt,mmseqs_80,2vsx_A,DP02562,395,395,mmseqs,100.000000,1.000000,1.000000,395
softdis,plddt,mmseqs_80,1cm8_A,DP03366,367,367,mmseqs,100.000000,1.000000,1.000000,367
softdis,plddt,mmseqs_80,3mi9_A,DP01309,351,345,mmseqs,100.000000,0.982906,0.927419,345
softdis,plddt,mmseqs_80,3aln_A,DP01400,327,320,mmseqs,100.000000,0.978593,0.802005,320
softdis,plddt,mmseqs_80,4wsy_A,DP00322,286,273,mmseqs,100.000000,0.954545,0.872204,273
softdis,plddt,mmseqs_80,5agc_A,DP02908,264,264,mmseqs,100.000000,1.000000,1.000000,264
softdis,plddt,mmseqs_80,1rrp_C,DP01364,204,204,mmseqs,100.000000,1.000000,0.944444,204
softdis,plddt,mmseqs_80,1s6c_A,DP03492,183,183,mmseqs,100.000000,1.000000,0.847222,183
softdis,plddt,mmseqs_80,1s4i_B,DP00257,175,175,mmseqs,100.000000,1.000000,0.892857,175
softdis,plddt,mmseqs_80,4ora_B,DP00565,170,170,mmseqs,100.000000,1.000000,1.000000,170
softdis,plddt,mmseqs_80,2cyx_A,DP02100,170,165,mmseqs,100.000000,0.970588,1.000000,165
softdis,plddt,mmseqs_80,5ltw_C,DP01131,149,149,mmseqs,100.000000,1.000000,0.931250,149
softdis,plddt,mmseqs_80,2f9d_A,DP01458,125,125,mmseqs,100.000000,1.000000,1.000000,125
softdis,plddt,mmseqs_80,2nqb_C,DP01546,123,123,mmseqs,100.000000,1.000000,0.991935,123
softdis,plddt,mmseqs_80,6ppp_G,DP02067,119,113,mmseqs,100.000000,0.949580,1.000000,113
softdis,plddt,mmseqs_80,6aso_G,DP01261,115,115,mmseqs,100.000000,1.000000,1.000000,115
softdis,plddt,mmseqs_80,1d4t_A,DP02714,104,104,mmseqs,100.000000,1.000000,0.812500,104
softdis,plddt,mmseqs_80,2pei_A,DP02968,109,109,mmseqs,100.000000,1.000000,0.813433,109
softdis,plddt,mmseqs_80,4k2e_A,DP02188,112,108,mmseqs,100.000000,0.964286,1.000000,108
softdis,plddt,mmseqs_80,2bjd_A,DP00513,101,101,mmseqs,100.000000,1.000000,1.000000,101
softdis,plddt,mmseqs_80,1pal_A,DP01025,108,107,mmseqs,100.000000,0.990741,1.000000,107
softdis,plddt,mmseqs_80,6ppn_C,DP02065,95,93,mmseqs,100.000000,0.978947,1.000000,93
softdis,plddt,mmseqs_80,5csf_A,DP01738,95,92,mmseqs,100.000000,0.968421,1.000000,92
softdis,plddt,mmseqs_80,6aso_F,DP01402,88,86,mmseqs,100.000000,0.977273,1.000000,86
softdis,plddt,mmseqs_80,1rp3_D,DP01092,88,88,mmseqs,100.000000,1.000000,1.000000,88
softdis,plddt,mmseqs_80,4yg1_A,DP02899,72,72,mmseqs,100.000000,1.000000,0.818182,72
softdis,plddt,mmseqs_80,2zjb_A,DP02746,343,340,mmseqs,99.700000,0.991254,1.000000,340
softdis,plddt,mmseqs_80,7nc8_B,DP03362,253,240,mmseqs,99.500000,0.948617,1.000000,240
softdis,plddt,mmseqs_80,3f2g_A,DP00575,220,212,mmseqs,99.500000,0.963636,1.000000,212
softdis,plddt,mmseqs_80,3t5g_A,DP00364,181,181,mmseqs,99.400000,1.000000,0.983696,181
softdis,plddt,mmseqs_80,1zc4_A,DP00581,175,175,mmseqs,99.400000,1.000000,0.849515,175
softdis,plddt,mmseqs_80,4fg9_A,DP01958,320,320,mmseqs,99.300000,1.000000,0.855615,320
softdis,plddt,mmseqs_80,4qib_A,DP02727,159,157,mmseqs,99.300000,0.987421,0.963190,157
softdis,plddt,mmseqs_80,6hde_C,DP00337,152,152,mmseqs,99.300000,1.000000,1.000000,152
softdis,plddt,mmseqs_80,5cqx_A,DP00299,119,111,mmseqs,99.000000,0.932773,1.000000,111
softdis,plddt,mmseqs_80,5n4w_R,DP01750,102,102,mmseqs,99.000000,1.000000,0.944444,102
softdis,plddt,mmseqs_80,4fxe_D,DP01881,95,95,mmseqs,98.900000,1.000000,1.000000,95
softdis,plddt,mmseqs_80,3gax_B,DP03297,120,120,mmseqs,98.300000,1.000000,0.821918,120
softdis,plddt,mmseqs_80,2e50_A,DP04119,225,225,mmseqs,98.200000,1.000000,0.812274,225
softdis,plddt,mmseqs_80,3tue_C,DP04039,219,199,mmseqs,97.900000,0.908676,1.000000,199
softdis,plddt,mmseqs_80,2hck_A,DP02383,438,438,mmseqs,97.700000,1.000000,0.851711,448
softdis,plddt,mmseqs_80,5k98_P,DP02899,91,88,mmseqs,97.700000,0.967033,1.000000,88
softdis,plddt,mmseqs_80,3tjb_A,DP02764,254,240,mmseqs,97.500000,0.944882,0.896679,243
softdis,plddt,mmseqs_80,3v62_D,DP02264,84,81,mmseqs,97.500000,0.964286,0.801980,81
softdis,plddt,mmseqs_80,7apj_A,DP03300,440,438,mmseqs,97.000000,0.995455,0.927083,445
softdis,plddt,mmseqs_80,2oct_A,DP01054,98,98,mmseqs,96.900000,1.000000,1.000000,98
softdis,plddt,mmseqs_80,8x71_A,DP02793,175,175,mmseqs,96.500000,1.000000,0.879397,175
softdis,plddt,mmseqs_80,3w98_A,DP01389,112,111,mmseqs,96.300000,0.991071,0.816176,111
softdis,plddt,mmseqs_80,6rfo_A,DP03864,372,351,mmseqs,95.700000,0.943548,0.991667,357
softdis,plddt,mmseqs_80,2y8e_A,DP02733,179,176,mmseqs,95.400000,0.983240,0.846154,176
softdis,plddt,mmseqs_80,5c0z_C,DP00006,105,105,mmseqs,94.200000,1.000000,1.000000,105
softdis,plddt,mmseqs_80,4lgz_A,DP03965,563,542,mmseqs,92.600000,0.962700,0.962700,542
softdis,plddt,mmseqs_80,1osa_A,DP00344,148,148,mmseqs,89.100000,1.000000,0.993289,148
softdis,plddt,mmseqs_80,5cfk_E,DP03782,259,259,mmseqs,88.600000,1.000000,1.000000,292
softdis,plddt,mmseqs_80,2jg7_A,DP03966,510,510,mmseqs,85.000000,1.000000,0.946197,510
softdis,plddt,mmseqs_80,6dv5_B,DP00142,205,205,mmseqs,83.200000,1.000000,1.000000,209
softdis,disprot,exact,4mtd_A,DP04103,171,170,sequence,,,,
softdis,disprot,exact,6k4k_A,DP04397,873,757,sequence,,,,
softdis,disprot,exact,4yt3_A,DP04038,410,407,sequence,,,,
softdis,disprot,exact,3akj_A,DP04385,325,296,sequence,,,,
softdis,disprot,exact,8bbk_J,DP03988,136,136,sequence,,,,
softdis,disprot,exact,2q27_A,DP03810,564,560,sequence,,,,
softdis,disprot,exact,3gj9_A,DP04287,124,124,sequence,,,,
softdis,disprot,exact,6dv5_B,DP04262,205,192,sequence,,,,
softdis,disprot,mmseqs_100,6k4k_A,DP04397,873,757,mmseqs,100.000000,1.000000,1.000000,873
softdis,disprot,mmseqs_100,2q27_A,DP03810,564,560,mmseqs,100.000000,1.000000,1.000000,564
softdis,disprot,mmseqs_100,2b7m_A,DP03978,566,561,mmseqs,100.000000,0.991166,0.900482,561
softdis,disprot,mmseqs_100,6lpp_B,DP04277,481,468,mmseqs,100.000000,0.979210,0.904031,471
softdis,disprot,mmseqs_100,4d9s_A,DP04210,406,396,mmseqs,100.000000,0.997537,0.920455,405
softdis,disprot,mmseqs_100,4yt3_A,DP04038,410,407,mmseqs,100.000000,1.000000,1.000000,410
softdis,disprot,mmseqs_100,3lvk_A,DP03813,423,397,mmseqs,100.000000,0.955083,1.000000,404
softdis,disprot,mmseqs_100,7dm2_A,DP04396,359,350,mmseqs,100.000000,0.974930,0.935829,350
softdis,disprot,mmseqs_100,3akj_A,DP04385,325,296,mmseqs,100.000000,1.000000,1.000000,325
softdis,disprot,mmseqs_100,4i5t_A,DP03915,333,325,mmseqs,100.000000,0.975976,1.000000,325
softdis,disprot,mmseqs_100,3k35_A,DP04167,318,317,mmseqs,100.000000,0.996855,0.892958,317
softdis,disprot,mmseqs_100,4bf9_A,DP03812,338,315,mmseqs,100.000000,0.931953,1.000000,315
softdis,disprot,mmseqs_100,6s75_D,DP04284,310,302,mmseqs,100.000000,0.974194,1.000000,302
softdis,disprot,mmseqs_100,5nwi_A,DP04122,262,260,mmseqs,100.000000,0.992366,1.000000,260
softdis,disprot,mmseqs_100,6dv5_B,DP04262,205,192,mmseqs,100.000000,1.000000,1.000000,205
softdis,disprot,mmseqs_100,2gm3_A,DP04060,175,163,mmseqs,100.000000,0.994286,0.994286,174
softdis,disprot,mmseqs_100,4mtd_A,DP04103,171,170,mmseqs,100.000000,1.000000,1.000000,171
softdis,disprot,mmseqs_100,1yh2_A,DP04267,169,165,mmseqs,100.000000,0.988166,0.847716,167
softdis,disprot,mmseqs_100,5ond_A,DP03913,162,161,mmseqs,100.000000,0.993827,0.993827,161
softdis,disprot,mmseqs_100,2fjy_A,DP04170,142,142,mmseqs,100.000000,1.000000,0.865854,142
softdis,disprot,mmseqs_100,8bbk_J,DP03988,136,136,mmseqs,100.000000,1.000000,1.000000,136
softdis,disprot,mmseqs_100,3gj9_A,DP04287,124,124,mmseqs,100.000000,1.000000,1.000000,124
softdis,disprot,mmseqs_100,7n1n_A,DP04243,68,60,mmseqs,100.000000,0.882353,1.000000,60
softdis,disprot,mmseqs_98,6k4k_A,DP04397,873,757,mmseqs,100.000000,1.000000,1.000000,873
softdis,disprot,mmseqs_98,2q27_A,DP03810,564,560,mmseqs,100.000000,1.000000,1.000000,564
softdis,disprot,mmseqs_98,2b7m_A,DP03978,566,561,mmseqs,100.000000,0.991166,0.900482,561
softdis,disprot,mmseqs_98,6lpp_B,DP04277,481,468,mmseqs,100.000000,0.979210,0.904031,471
softdis,disprot,mmseqs_98,4d9s_A,DP04210,406,396,mmseqs,100.000000,0.997537,0.920455,405
softdis,disprot,mmseqs_98,4yt3_A,DP04038,410,407,mmseqs,100.000000,1.000000,1.000000,410
softdis,disprot,mmseqs_98,3lvk_A,DP03813,423,397,mmseqs,100.000000,0.955083,1.000000,404
softdis,disprot,mmseqs_98,7dm2_A,DP04396,359,350,mmseqs,100.000000,0.974930,0.935829,350
softdis,disprot,mmseqs_98,3akj_A,DP04385,325,296,mmseqs,100.000000,1.000000,1.000000,325
softdis,disprot,mmseqs_98,4i5t_A,DP03915,333,325,mmseqs,100.000000,0.975976,1.000000,325
softdis,disprot,mmseqs_98,3k35_A,DP04167,318,317,mmseqs,100.000000,0.996855,0.892958,317
softdis,disprot,mmseqs_98,4bf9_A,DP03812,338,315,mmseqs,100.000000,0.931953,1.000000,315
softdis,disprot,mmseqs_98,6s75_D,DP04284,310,302,mmseqs,100.000000,0.974194,1.000000,302
softdis,disprot,mmseqs_98,5nwi_A,DP04122,262,260,mmseqs,100.000000,0.992366,1.000000,260
softdis,disprot,mmseqs_98,6dv5_B,DP04262,205,192,mmseqs,100.000000,1.000000,1.000000,205
softdis,disprot,mmseqs_98,2gm3_A,DP04060,175,163,mmseqs,100.000000,0.994286,0.994286,174
softdis,disprot,mmseqs_98,4mtd_A,DP04103,171,170,mmseqs,100.000000,1.000000,1.000000,171
softdis,disprot,mmseqs_98,1yh2_A,DP04267,169,165,mmseqs,100.000000,0.988166,0.847716,167
softdis,disprot,mmseqs_98,5ond_A,DP03913,162,161,mmseqs,100.000000,0.993827,0.993827,161
softdis,disprot,mmseqs_98,2fjy_A,DP04170,142,142,mmseqs,100.000000,1.000000,0.865854,142
softdis,disprot,mmseqs_98,8bbk_J,DP03988,136,136,mmseqs,100.000000,1.000000,1.000000,136
softdis,disprot,mmseqs_98,3gj9_A,DP04287,124,124,mmseqs,100.000000,1.000000,1.000000,124
softdis,disprot,mmseqs_98,7n1n_A,DP04243,68,60,mmseqs,100.000000,0.882353,1.000000,60
softdis,disprot,mmseqs_98,1pwp_A,DP04380,776,776,mmseqs,99.800000,1.000000,0.959209,776
softdis,disprot,mmseqs_98,5uyr_A,DP04387,640,626,mmseqs,99.800000,0.989062,0.998423,633
softdis,disprot,mmseqs_98,3sq7_A,DP04065,470,443,mmseqs,99.700000,0.980851,0.847426,461
softdis,disprot,mmseqs_98,1szp_A,DP03759,321,320,mmseqs,99.600000,0.996885,0.800000,320
softdis,disprot,mmseqs_98,2rgz_A,DP04179,264,264,mmseqs,99.600000,1.000000,0.835443,264
softdis,disprot,mmseqs_98,8a4c_A,DP04022,238,236,mmseqs,99.500000,0.991597,1.000000,236
softdis,disprot,mmseqs_98,4b09_A,DP04283,240,232,mmseqs,99.500000,1.000000,1.000000,240
softdis,disprot,mmseqs_98,2pq5_A,DP03897,205,198,mmseqs,99.400000,0.965854,1.000000,198
softdis,disprot,mmseqs_98,1bi1_A,DP04250,226,226,mmseqs,99.100000,1.000000,1.000000,226
softdis,disprot,mmseqs_98,4xjk_D,DP04125,114,114,mmseqs,99.100000,1.000000,1.000000,114
softdis,disprot,mmseqs_95,6k4k_A,DP04397,873,757,mmseqs,100.000000,1.000000,1.000000,873
softdis,disprot,mmseqs_95,2q27_A,DP03810,564,560,mmseqs,100.000000,1.000000,1.000000,564
softdis,disprot,mmseqs_95,2b7m_A,DP03978,566,561,mmseqs,100.000000,0.991166,0.900482,561
softdis,disprot,mmseqs_95,6lpp_B,DP04277,481,468,mmseqs,100.000000,0.979210,0.904031,471
softdis,disprot,mmseqs_95,4d9s_A,DP04210,406,396,mmseqs,100.000000,0.997537,0.920455,405
softdis,disprot,mmseqs_95,4yt3_A,DP04038,410,407,mmseqs,100.000000,1.000000,1.000000,410
softdis,disprot,mmseqs_95,3lvk_A,DP03813,423,397,mmseqs,100.000000,0.955083,1.000000,404
softdis,disprot,mmseqs_95,7dm2_A,DP04396,359,350,mmseqs,100.000000,0.974930,0.935829,350
softdis,disprot,mmseqs_95,3akj_A,DP04385,325,296,mmseqs,100.000000,1.000000,1.000000,325
softdis,disprot,mmseqs_95,4i5t_A,DP03915,333,325,mmseqs,100.000000,0.975976,1.000000,325
softdis,disprot,mmseqs_95,3k35_A,DP04167,318,317,mmseqs,100.000000,0.996855,0.892958,317
softdis,disprot,mmseqs_95,4bf9_A,DP03812,338,315,mmseqs,100.000000,0.931953,1.000000,315
softdis,disprot,mmseqs_95,6s75_D,DP04284,310,302,mmseqs,100.000000,0.974194,1.000000,302
softdis,disprot,mmseqs_95,5nwi_A,DP04122,262,260,mmseqs,100.000000,0.992366,1.000000,260
softdis,disprot,mmseqs_95,6dv5_B,DP04262,205,192,mmseqs,100.000000,1.000000,1.000000,205
softdis,disprot,mmseqs_95,2gm3_A,DP04060,175,163,mmseqs,100.000000,0.994286,0.994286,174
softdis,disprot,mmseqs_95,4mtd_A,DP04103,171,170,mmseqs,100.000000,1.000000,1.000000,171
softdis,disprot,mmseqs_95,1yh2_A,DP04267,169,165,mmseqs,100.000000,0.988166,0.847716,167
softdis,disprot,mmseqs_95,5ond_A,DP03913,162,161,mmseqs,100.000000,0.993827,0.993827,161
softdis,disprot,mmseqs_95,2fjy_A,DP04170,142,142,mmseqs,100.000000,1.000000,0.865854,142
softdis,disprot,mmseqs_95,8bbk_J,DP03988,136,136,mmseqs,100.000000,1.000000,1.000000,136
softdis,disprot,mmseqs_95,3gj9_A,DP04287,124,124,mmseqs,100.000000,1.000000,1.000000,124
softdis,disprot,mmseqs_95,7n1n_A,DP04243,68,60,mmseqs,100.000000,0.882353,1.000000,60
softdis,disprot,mmseqs_95,1pwp_A,DP04380,776,776,mmseqs,99.800000,1.000000,0.959209,776
softdis,disprot,mmseqs_95,5uyr_A,DP04387,640,626,mmseqs,99.800000,0.989062,0.998423,633
softdis,disprot,mmseqs_95,3sq7_A,DP04065,470,443,mmseqs,99.700000,0.980851,0.847426,461
softdis,disprot,mmseqs_95,1szp_A,DP03759,321,320,mmseqs,99.600000,0.996885,0.800000,320
softdis,disprot,mmseqs_95,2rgz_A,DP04179,264,264,mmseqs,99.600000,1.000000,0.835443,264
softdis,disprot,mmseqs_95,8a4c_A,DP04022,238,236,mmseqs,99.500000,0.991597,1.000000,236
softdis,disprot,mmseqs_95,4b09_A,DP04283,240,232,mmseqs,99.500000,1.000000,1.000000,240
softdis,disprot,mmseqs_95,2pq5_A,DP03897,205,198,mmseqs,99.400000,0.965854,1.000000,198
softdis,disprot,mmseqs_95,1bi1_A,DP04250,226,226,mmseqs,99.100000,1.000000,1.000000,226
softdis,disprot,mmseqs_95,4xjk_D,DP04125,114,114,mmseqs,99.100000,1.000000,1.000000,114
softdis,disprot,mmseqs_95,4az8_A,DP04091,240,233,mmseqs,97.900000,1.000000,0.910853,240
softdis,disprot,mmseqs_95,3w98_A,DP04281,112,111,mmseqs,97.200000,0.991071,0.816176,111
softdis,disprot,mmseqs_95,1wms_A,DP04058,177,174,mmseqs,96.000000,1.000000,0.880597,177
softdis,disprot,mmseqs_90,6k4k_A,DP04397,873,757,mmseqs,100.000000,1.000000,1.000000,873
softdis,disprot,mmseqs_90,2q27_A,DP03810,564,560,mmseqs,100.000000,1.000000,1.000000,564
softdis,disprot,mmseqs_90,2b7m_A,DP03978,566,561,mmseqs,100.000000,0.991166,0.900482,561
softdis,disprot,mmseqs_90,6lpp_B,DP04277,481,468,mmseqs,100.000000,0.979210,0.904031,471
softdis,disprot,mmseqs_90,4d9s_A,DP04210,406,396,mmseqs,100.000000,0.997537,0.920455,405
softdis,disprot,mmseqs_90,4yt3_A,DP04038,410,407,mmseqs,100.000000,1.000000,1.000000,410
softdis,disprot,mmseqs_90,3lvk_A,DP03813,423,397,mmseqs,100.000000,0.955083,1.000000,404
softdis,disprot,mmseqs_90,7dm2_A,DP04396,359,350,mmseqs,100.000000,0.974930,0.935829,350
softdis,disprot,mmseqs_90,3akj_A,DP04385,325,296,mmseqs,100.000000,1.000000,1.000000,325
softdis,disprot,mmseqs_90,4i5t_A,DP03915,333,325,mmseqs,100.000000,0.975976,1.000000,325
softdis,disprot,mmseqs_90,3k35_A,DP04167,318,317,mmseqs,100.000000,0.996855,0.892958,317
softdis,disprot,mmseqs_90,4bf9_A,DP03812,338,315,mmseqs,100.000000,0.931953,1.000000,315
softdis,disprot,mmseqs_90,6s75_D,DP04284,310,302,mmseqs,100.000000,0.974194,1.000000,302
softdis,disprot,mmseqs_90,5nwi_A,DP04122,262,260,mmseqs,100.000000,0.992366,1.000000,260
softdis,disprot,mmseqs_90,6dv5_B,DP04262,205,192,mmseqs,100.000000,1.000000,1.000000,205
softdis,disprot,mmseqs_90,2gm3_A,DP04060,175,163,mmseqs,100.000000,0.994286,0.994286,174
softdis,disprot,mmseqs_90,4mtd_A,DP04103,171,170,mmseqs,100.000000,1.000000,1.000000,171
softdis,disprot,mmseqs_90,1yh2_A,DP04267,169,165,mmseqs,100.000000,0.988166,0.847716,167
softdis,disprot,mmseqs_90,5ond_A,DP03913,162,161,mmseqs,100.000000,0.993827,0.993827,161
softdis,disprot,mmseqs_90,2fjy_A,DP04170,142,142,mmseqs,100.000000,1.000000,0.865854,142
softdis,disprot,mmseqs_90,8bbk_J,DP03988,136,136,mmseqs,100.000000,1.000000,1.000000,136
softdis,disprot,mmseqs_90,3gj9_A,DP04287,124,124,mmseqs,100.000000,1.000000,1.000000,124
softdis,disprot,mmseqs_90,7n1n_A,DP04243,68,60,mmseqs,100.000000,0.882353,1.000000,60
softdis,disprot,mmseqs_90,1pwp_A,DP04380,776,776,mmseqs,99.800000,1.000000,0.959209,776
softdis,disprot,mmseqs_90,5uyr_A,DP04387,640,626,mmseqs,99.800000,0.989062,0.998423,633
softdis,disprot,mmseqs_90,3sq7_A,DP04065,470,443,mmseqs,99.700000,0.980851,0.847426,461
softdis,disprot,mmseqs_90,1szp_A,DP03759,321,320,mmseqs,99.600000,0.996885,0.800000,320
softdis,disprot,mmseqs_90,2rgz_A,DP04179,264,264,mmseqs,99.600000,1.000000,0.835443,264
softdis,disprot,mmseqs_90,8a4c_A,DP04022,238,236,mmseqs,99.500000,0.991597,1.000000,236
softdis,disprot,mmseqs_90,4b09_A,DP04283,240,232,mmseqs,99.500000,1.000000,1.000000,240
softdis,disprot,mmseqs_90,2pq5_A,DP03897,205,198,mmseqs,99.400000,0.965854,1.000000,198
softdis,disprot,mmseqs_90,1bi1_A,DP04250,226,226,mmseqs,99.100000,1.000000,1.000000,226
softdis,disprot,mmseqs_90,4xjk_D,DP04125,114,114,mmseqs,99.100000,1.000000,1.000000,114
softdis,disprot,mmseqs_90,4az8_A,DP04091,240,233,mmseqs,97.900000,1.000000,0.910853,240
softdis,disprot,mmseqs_90,3w98_A,DP04281,112,111,mmseqs,97.200000,0.991071,0.816176,111
softdis,disprot,mmseqs_90,1wms_A,DP04058,177,174,mmseqs,96.000000,1.000000,0.880597,177
softdis,disprot,mmseqs_90,5yna_A,DP04087,1102,1069,mmseqs,90.200000,1.000000,1.000000,1102
softdis,disprot,mmseqs_85,6k4k_A,DP04397,873,757,mmseqs,100.000000,1.000000,1.000000,873
softdis,disprot,mmseqs_85,2q27_A,DP03810,564,560,mmseqs,100.000000,1.000000,1.000000,564
softdis,disprot,mmseqs_85,2b7m_A,DP03978,566,561,mmseqs,100.000000,0.991166,0.900482,561
softdis,disprot,mmseqs_85,6lpp_B,DP04277,481,468,mmseqs,100.000000,0.979210,0.904031,471
softdis,disprot,mmseqs_85,4d9s_A,DP04210,406,396,mmseqs,100.000000,0.997537,0.920455,405
softdis,disprot,mmseqs_85,4yt3_A,DP04038,410,407,mmseqs,100.000000,1.000000,1.000000,410
softdis,disprot,mmseqs_85,3lvk_A,DP03813,423,397,mmseqs,100.000000,0.955083,1.000000,404
softdis,disprot,mmseqs_85,7dm2_A,DP04396,359,350,mmseqs,100.000000,0.974930,0.935829,350
softdis,disprot,mmseqs_85,3akj_A,DP04385,325,296,mmseqs,100.000000,1.000000,1.000000,325
softdis,disprot,mmseqs_85,4i5t_A,DP03915,333,325,mmseqs,100.000000,0.975976,1.000000,325
softdis,disprot,mmseqs_85,3k35_A,DP04167,318,317,mmseqs,100.000000,0.996855,0.892958,317
softdis,disprot,mmseqs_85,4bf9_A,DP03812,338,315,mmseqs,100.000000,0.931953,1.000000,315
softdis,disprot,mmseqs_85,6s75_D,DP04284,310,302,mmseqs,100.000000,0.974194,1.000000,302
softdis,disprot,mmseqs_85,5nwi_A,DP04122,262,260,mmseqs,100.000000,0.992366,1.000000,260
softdis,disprot,mmseqs_85,6dv5_B,DP04262,205,192,mmseqs,100.000000,1.000000,1.000000,205
softdis,disprot,mmseqs_85,2gm3_A,DP04060,175,163,mmseqs,100.000000,0.994286,0.994286,174
softdis,disprot,mmseqs_85,4mtd_A,DP04103,171,170,mmseqs,100.000000,1.000000,1.000000,171
softdis,disprot,mmseqs_85,1yh2_A,DP04267,169,165,mmseqs,100.000000,0.988166,0.847716,167
softdis,disprot,mmseqs_85,5ond_A,DP03913,162,161,mmseqs,100.000000,0.993827,0.993827,161
softdis,disprot,mmseqs_85,2fjy_A,DP04170,142,142,mmseqs,100.000000,1.000000,0.865854,142
softdis,disprot,mmseqs_85,8bbk_J,DP03988,136,136,mmseqs,100.000000,1.000000,1.000000,136
softdis,disprot,mmseqs_85,3gj9_A,DP04287,124,124,mmseqs,100.000000,1.000000,1.000000,124
softdis,disprot,mmseqs_85,7n1n_A,DP04243,68,60,mmseqs,100.000000,0.882353,1.000000,60
softdis,disprot,mmseqs_85,1pwp_A,DP04380,776,776,mmseqs,99.800000,1.000000,0.959209,776
softdis,disprot,mmseqs_85,5uyr_A,DP04387,640,626,mmseqs,99.800000,0.989062,0.998423,633
softdis,disprot,mmseqs_85,3sq7_A,DP04065,470,443,mmseqs,99.700000,0.980851,0.847426,461
softdis,disprot,mmseqs_85,1szp_A,DP03759,321,320,mmseqs,99.600000,0.996885,0.800000,320
softdis,disprot,mmseqs_85,2rgz_A,DP04179,264,264,mmseqs,99.600000,1.000000,0.835443,264
softdis,disprot,mmseqs_85,8a4c_A,DP04022,238,236,mmseqs,99.500000,0.991597,1.000000,236
softdis,disprot,mmseqs_85,4b09_A,DP04283,240,232,mmseqs,99.500000,1.000000,1.000000,240
softdis,disprot,mmseqs_85,2pq5_A,DP03897,205,198,mmseqs,99.400000,0.965854,1.000000,198
softdis,disprot,mmseqs_85,1bi1_A,DP04250,226,226,mmseqs,99.100000,1.000000,1.000000,226
softdis,disprot,mmseqs_85,4xjk_D,DP04125,114,114,mmseqs,99.100000,1.000000,1.000000,114
softdis,disprot,mmseqs_85,4az8_A,DP04091,240,233,mmseqs,97.900000,1.000000,0.910853,240
softdis,disprot,mmseqs_85,3w98_A,DP04281,112,111,mmseqs,97.200000,0.991071,0.816176,111
softdis,disprot,mmseqs_85,1wms_A,DP04058,177,174,mmseqs,96.000000,1.000000,0.880597,177
softdis,disprot,mmseqs_85,5yna_A,DP04087,1102,1069,mmseqs,90.200000,1.000000,1.000000,1102
softdis,disprot,mmseqs_85,2nqb_C,DP04302,123,120,mmseqs,89.200000,0.975610,0.930769,121
softdis,disprot,mmseqs_85,8or9_A,DP03898,480,478,mmseqs,88.900000,0.995833,0.983539,478
softdis,disprot,mmseqs_80,6k4k_A,DP04397,873,757,mmseqs,100.000000,1.000000,1.000000,873
softdis,disprot,mmseqs_80,2q27_A,DP03810,564,560,mmseqs,100.000000,1.000000,1.000000,564
softdis,disprot,mmseqs_80,2b7m_A,DP03978,566,561,mmseqs,100.000000,0.991166,0.900482,561
softdis,disprot,mmseqs_80,6lpp_B,DP04277,481,468,mmseqs,100.000000,0.979210,0.904031,471
softdis,disprot,mmseqs_80,4d9s_A,DP04210,406,396,mmseqs,100.000000,0.997537,0.920455,405
softdis,disprot,mmseqs_80,4yt3_A,DP04038,410,407,mmseqs,100.000000,1.000000,1.000000,410
softdis,disprot,mmseqs_80,3lvk_A,DP03813,423,397,mmseqs,100.000000,0.955083,1.000000,404
softdis,disprot,mmseqs_80,7dm2_A,DP04396,359,350,mmseqs,100.000000,0.974930,0.935829,350
softdis,disprot,mmseqs_80,3akj_A,DP04385,325,296,mmseqs,100.000000,1.000000,1.000000,325
softdis,disprot,mmseqs_80,4i5t_A,DP03915,333,325,mmseqs,100.000000,0.975976,1.000000,325
softdis,disprot,mmseqs_80,3k35_A,DP04167,318,317,mmseqs,100.000000,0.996855,0.892958,317
softdis,disprot,mmseqs_80,4bf9_A,DP03812,338,315,mmseqs,100.000000,0.931953,1.000000,315
softdis,disprot,mmseqs_80,6s75_D,DP04284,310,302,mmseqs,100.000000,0.974194,1.000000,302
softdis,disprot,mmseqs_80,5nwi_A,DP04122,262,260,mmseqs,100.000000,0.992366,1.000000,260
softdis,disprot,mmseqs_80,6dv5_B,DP04262,205,192,mmseqs,100.000000,1.000000,1.000000,205
softdis,disprot,mmseqs_80,2gm3_A,DP04060,175,163,mmseqs,100.000000,0.994286,0.994286,174
softdis,disprot,mmseqs_80,4mtd_A,DP04103,171,170,mmseqs,100.000000,1.000000,1.000000,171
softdis,disprot,mmseqs_80,1yh2_A,DP04267,169,165,mmseqs,100.000000,0.988166,0.847716,167
softdis,disprot,mmseqs_80,5ond_A,DP03913,162,161,mmseqs,100.000000,0.993827,0.993827,161
softdis,disprot,mmseqs_80,2fjy_A,DP04170,142,142,mmseqs,100.000000,1.000000,0.865854,142
softdis,disprot,mmseqs_80,8bbk_J,DP03988,136,136,mmseqs,100.000000,1.000000,1.000000,136
softdis,disprot,mmseqs_80,3gj9_A,DP04287,124,124,mmseqs,100.000000,1.000000,1.000000,124
softdis,disprot,mmseqs_80,7n1n_A,DP04243,68,60,mmseqs,100.000000,0.882353,1.000000,60
softdis,disprot,mmseqs_80,1pwp_A,DP04380,776,776,mmseqs,99.800000,1.000000,0.959209,776
softdis,disprot,mmseqs_80,5uyr_A,DP04387,640,626,mmseqs,99.800000,0.989062,0.998423,633
softdis,disprot,mmseqs_80,3sq7_A,DP04065,470,443,mmseqs,99.700000,0.980851,0.847426,461
softdis,disprot,mmseqs_80,1szp_A,DP03759,321,320,mmseqs,99.600000,0.996885,0.800000,320
softdis,disprot,mmseqs_80,2rgz_A,DP04179,264,264,mmseqs,99.600000,1.000000,0.835443,264
softdis,disprot,mmseqs_80,8a4c_A,DP04022,238,236,mmseqs,99.500000,0.991597,1.000000,236
softdis,disprot,mmseqs_80,4b09_A,DP04283,240,232,mmseqs,99.500000,1.000000,1.000000,240
softdis,disprot,mmseqs_80,2pq5_A,DP03897,205,198,mmseqs,99.400000,0.965854,1.000000,198
softdis,disprot,mmseqs_80,1bi1_A,DP04250,226,226,mmseqs,99.100000,1.000000,1.000000,226
softdis,disprot,mmseqs_80,4xjk_D,DP04125,114,114,mmseqs,99.100000,1.000000,1.000000,114
softdis,disprot,mmseqs_80,4az8_A,DP04091,240,233,mmseqs,97.900000,1.000000,0.910853,240
softdis,disprot,mmseqs_80,3w98_A,DP04281,112,111,mmseqs,97.200000,0.991071,0.816176,111
softdis,disprot,mmseqs_80,1wms_A,DP04058,177,174,mmseqs,96.000000,1.000000,0.880597,177
softdis,disprot,mmseqs_80,5yna_A,DP04087,1102,1069,mmseqs,90.200000,1.000000,1.000000,1102
softdis,disprot,mmseqs_80,2nqb_C,DP04302,123,120,mmseqs,89.200000,0.975610,0.930769,121
softdis,disprot,mmseqs_80,8or9_A,DP03898,480,478,mmseqs,88.900000,0.995833,0.983539,478
pdbflex,atlas,exact,1btkB,1btk_A,169,169,sequence,,,,
pdbflex,atlas,exact,3bqpA,3bqp_B,80,80,sequence,,,,
pdbflex,atlas,exact,2f60K,2f60_K,64,64,sequence,,,,
pdbflex,atlas,exact,2x5hD,2x5h_B,97,97,sequence,,,,
pdbflex,atlas,exact,3vy7A,3apa_A,141,141,sequence,,,,
pdbflex,atlas,exact,1x6iA,1x6i_A,91,91,sequence,,,,
pdbflex,atlas,exact,1x6iA,1x6j_A,91,91,sequence,,,,
pdbflex,atlas,exact,2y20C,2y20_A,58,58,sequence,,,,
pdbflex,atlas,exact,2fygA,2fyg_A,128,128,sequence,,,,
pdbflex,atlas,exact,1d4tA,1d4t_A,104,104,sequence,,,,
pdbflex,atlas,exact,2fzpA,2fzp_A,144,144,sequence,,,,
pdbflex,atlas,exact,2a6sB,2a6s_B,84,84,sequence,,,,
pdbflex,atlas,exact,1ojhD,1ojh_C,65,65,sequence,,,,
pdbflex,atlas,exact,5hudE,5hub_A,90,90,sequence,,,,
pdbflex,atlas,exact,2qq4A,2qq4_B,138,138,sequence,,,,
pdbflex,atlas,exact,6pceB,6pce_B,70,70,sequence,,,,
pdbflex,atlas,exact,2rjvA,2rjw_A,67,67,sequence,,,,
pdbflex,atlas,exact,5mr3E,2lis_A,136,136,sequence,,,,
pdbflex,atlas,exact,2vzcA,2vzc_A,131,131,sequence,,,,
pdbflex,atlas,exact,3h93A,3h93_A,192,192,sequence,,,,
pdbflex,atlas,exact,5kkoC,5kko_D,55,55,sequence,,,,
pdbflex,atlas,exact,3hvvA,3hvv_A,167,167,sequence,,,,
pdbflex,atlas,exact,2a8fA,2aib_A,98,98,sequence,,,,
pdbflex,atlas,exact,1jxtA,1ab1_A,46,46,sequence,,,,
pdbflex,atlas,exact,2hnuA,2hnu_A,81,81,sequence,,,,
pdbflex,atlas,mmseqs_100,1c0wB,2dtr_A,225,225,mmseqs,100.000000,1.000000,0.995575,225
pdbflex,atlas,mmseqs_100,3fn8A,3f0o_B,220,212,mmseqs,100.000000,0.963636,1.000000,212
pdbflex,atlas,mmseqs_100,3h93A,3h93_A,192,192,mmseqs,100.000000,1.000000,1.000000,192
pdbflex,atlas,mmseqs_100,1btkB,1btk_A,169,169,mmseqs,100.000000,1.000000,1.000000,169
pdbflex,atlas,mmseqs_100,3hvvA,3hvv_A,167,167,mmseqs,100.000000,1.000000,1.000000,167
pdbflex,atlas,mmseqs_100,5xfiA,1ouw_C,153,152,mmseqs,100.000000,0.993464,1.000000,152
pdbflex,atlas,mmseqs_100,2fzpA,2fzp_A,144,144,mmseqs,100.000000,1.000000,1.000000,144
pdbflex,atlas,mmseqs_100,2fygA,2fyg_A,128,128,mmseqs,100.000000,1.000000,1.000000,128
pdbflex,atlas,mmseqs_100,5mr3E,2lis_A,136,136,mmseqs,100.000000,1.000000,1.000000,136
pdbflex,atlas,mmseqs_100,3vy7A,3apa_A,141,141,mmseqs,100.000000,1.000000,1.000000,141
pdbflex,atlas,mmseqs_100,2qq4A,2qq4_B,138,138,mmseqs,100.000000,1.000000,1.000000,138
pdbflex,atlas,mmseqs_100,2vzcA,2vzc_A,131,131,mmseqs,100.000000,1.000000,1.000000,131
pdbflex,atlas,mmseqs_100,1d4tA,1d4t_A,104,104,mmseqs,100.000000,1.000000,1.000000,104
pdbflex,atlas,mmseqs_100,1x6iA,1x6j_A,91,91,mmseqs,100.000000,1.000000,1.000000,91
pdbflex,atlas,mmseqs_100,2a8fA,2aib_A,98,98,mmseqs,100.000000,1.000000,1.000000,98
pdbflex,atlas,mmseqs_100,2x5hD,2x5h_B,97,97,mmseqs,100.000000,1.000000,1.000000,97
pdbflex,atlas,mmseqs_100,2hnuA,2hnu_A,81,81,mmseqs,100.000000,1.000000,1.000000,81
pdbflex,atlas,mmseqs_100,2a6sB,2a6s_B,84,84,mmseqs,100.000000,1.000000,1.000000,84
pdbflex,atlas,mmseqs_100,4fqnA,4ykd_A,98,87,mmseqs,100.000000,0.887755,0.906250,87
pdbflex,atlas,mmseqs_100,3bqpA,3bqp_B,80,80,mmseqs,100.000000,1.000000,1.000000,80
pdbflex,atlas,mmseqs_100,5hudE,5hub_A,90,90,mmseqs,100.000000,1.000000,1.000000,90
pdbflex,atlas,mmseqs_100,6pceB,6pce_B,70,70,mmseqs,100.000000,1.000000,1.000000,70
pdbflex,atlas,mmseqs_100,6n3pK,1t8k_A,80,77,mmseqs,100.000000,0.962500,1.000000,77
pdbflex,atlas,mmseqs_100,2rjvA,2rjw_A,67,67,mmseqs,100.000000,1.000000,1.000000,67
pdbflex,atlas,mmseqs_100,2f60K,2f60_K,64,64,mmseqs,100.000000,1.000000,1.000000,64
pdbflex,atlas,mmseqs_100,1ojhD,1ojh_C,65,65,mmseqs,100.000000,1.000000,1.000000,65
pdbflex,atlas,mmseqs_100,5kkoC,5kko_D,55,55,mmseqs,100.000000,1.000000,1.000000,55
pdbflex,atlas,mmseqs_100,2y20C,2y20_A,58,58,mmseqs,100.000000,1.000000,1.000000,58
pdbflex,atlas,mmseqs_100,1jxtA,1ab1_A,46,46,mmseqs,100.000000,1.000000,1.000000,46
pdbflex,atlas,mmseqs_100,3rl0M,5w5c_A,37,34,mmseqs,100.000000,0.918919,0.850000,34
pdbflex,atlas,mmseqs_98,1c0wB,2dtr_A,225,225,mmseqs,100.000000,1.000000,0.995575,225
pdbflex,atlas,mmseqs_98,3fn8A,3f0o_B,220,212,mmseqs,100.000000,0.963636,1.000000,212
pdbflex,atlas,mmseqs_98,3h93A,3h93_A,192,192,mmseqs,100.000000,1.000000,1.000000,192
pdbflex,atlas,mmseqs_98,1btkB,1btk_A,169,169,mmseqs,100.000000,1.000000,1.000000,169
pdbflex,atlas,mmseqs_98,3hvvA,3hvv_A,167,167,mmseqs,100.000000,1.000000,1.000000,167
pdbflex,atlas,mmseqs_98,5xfiA,1ouw_C,153,152,mmseqs,100.000000,0.993464,1.000000,152
pdbflex,atlas,mmseqs_98,2fzpA,2fzp_A,144,144,mmseqs,100.000000,1.000000,1.000000,144
pdbflex,atlas,mmseqs_98,2fygA,2fyg_A,128,128,mmseqs,100.000000,1.000000,1.000000,128
pdbflex,atlas,mmseqs_98,5mr3E,2lis_A,136,136,mmseqs,100.000000,1.000000,1.000000,136
pdbflex,atlas,mmseqs_98,3vy7A,3apa_A,141,141,mmseqs,100.000000,1.000000,1.000000,141
pdbflex,atlas,mmseqs_98,2qq4A,2qq4_B,138,138,mmseqs,100.000000,1.000000,1.000000,138
pdbflex,atlas,mmseqs_98,2vzcA,2vzc_A,131,131,mmseqs,100.000000,1.000000,1.000000,131
pdbflex,atlas,mmseqs_98,1d4tA,1d4t_A,104,104,mmseqs,100.000000,1.000000,1.000000,104
pdbflex,atlas,mmseqs_98,1x6iA,1x6j_A,91,91,mmseqs,100.000000,1.000000,1.000000,91
pdbflex,atlas,mmseqs_98,2a8fA,2aib_A,98,98,mmseqs,100.000000,1.000000,1.000000,98
pdbflex,atlas,mmseqs_98,2x5hD,2x5h_B,97,97,mmseqs,100.000000,1.000000,1.000000,97
pdbflex,atlas,mmseqs_98,2hnuA,2hnu_A,81,81,mmseqs,100.000000,1.000000,1.000000,81
pdbflex,atlas,mmseqs_98,2a6sB,2a6s_B,84,84,mmseqs,100.000000,1.000000,1.000000,84
pdbflex,atlas,mmseqs_98,4fqnA,4ykd_A,98,87,mmseqs,100.000000,0.887755,0.906250,87
pdbflex,atlas,mmseqs_98,3bqpA,3bqp_B,80,80,mmseqs,100.000000,1.000000,1.000000,80
pdbflex,atlas,mmseqs_98,5hudE,5hub_A,90,90,mmseqs,100.000000,1.000000,1.000000,90
pdbflex,atlas,mmseqs_98,6pceB,6pce_B,70,70,mmseqs,100.000000,1.000000,1.000000,70
pdbflex,atlas,mmseqs_98,6n3pK,1t8k_A,80,77,mmseqs,100.000000,0.962500,1.000000,77
pdbflex,atlas,mmseqs_98,2rjvA,2rjw_A,67,67,mmseqs,100.000000,1.000000,1.000000,67
pdbflex,atlas,mmseqs_98,2f60K,2f60_K,64,64,mmseqs,100.000000,1.000000,1.000000,64
pdbflex,atlas,mmseqs_98,1ojhD,1ojh_C,65,65,mmseqs,100.000000,1.000000,1.000000,65
pdbflex,atlas,mmseqs_98,5kkoC,5kko_D,55,55,mmseqs,100.000000,1.000000,1.000000,55
pdbflex,atlas,mmseqs_98,2y20C,2y20_A,58,58,mmseqs,100.000000,1.000000,1.000000,58
pdbflex,atlas,mmseqs_98,1jxtA,1ab1_A,46,46,mmseqs,100.000000,1.000000,1.000000,46
pdbflex,atlas,mmseqs_98,3rl0M,5w5c_A,37,34,mmseqs,100.000000,0.918919,0.850000,34
pdbflex,atlas,mmseqs_98,5ynhA,6j33_B,1102,1052,mmseqs,99.800000,0.954628,0.999050,1052
pdbflex,atlas,mmseqs_98,1k2yX,1p5g_X,463,463,mmseqs,99.700000,1.000000,1.000000,463
pdbflex,atlas,mmseqs_98,4k57A,2ehq_A,518,516,mmseqs,99.400000,0.996139,1.000000,516
pdbflex,atlas,mmseqs_98,6cpsA,3dai_A,131,129,mmseqs,99.200000,0.984733,0.992308,129
pdbflex,atlas,mmseqs_98,4hopD,1qau_A,123,112,mmseqs,99.100000,0.910569,1.000000,112
pdbflex,atlas,mmseqs_98,1xw3A,3cyi_A,110,110,mmseqs,99.000000,1.000000,1.000000,110
pdbflex,atlas,mmseqs_98,3nitA,3nis_B,90,82,mmseqs,98.700000,0.911111,1.000000,82
pdbflex,atlas,mmseqs_98,3ny2D,5um3_A,75,75,mmseqs,98.600000,1.000000,1.000000,75
pdbflex,atlas,mmseqs_98,2nwgA,2j7z_A,68,67,mmseqs,98.500000,0.985294,0.985294,67
pdbflex,atlas,mmseqs_98,4u9gA,4u9b_A,187,187,mmseqs,98.300000,1.000000,1.000000,187
pdbflex,atlas,mmseqs_95,1c0wB,2dtr_A,225,225,mmseqs,100.000000,1.000000,0.995575,225
pdbflex,atlas,mmseqs_95,3fn8A,3f0o_B,220,212,mmseqs,100.000000,0.963636,1.000000,212
pdbflex,atlas,mmseqs_95,3h93A,3h93_A,192,192,mmseqs,100.000000,1.000000,1.000000,192
pdbflex,atlas,mmseqs_95,1btkB,1btk_A,169,169,mmseqs,100.000000,1.000000,1.000000,169
pdbflex,atlas,mmseqs_95,3hvvA,3hvv_A,167,167,mmseqs,100.000000,1.000000,1.000000,167
pdbflex,atlas,mmseqs_95,5xfiA,1ouw_C,153,152,mmseqs,100.000000,0.993464,1.000000,152
pdbflex,atlas,mmseqs_95,2fzpA,2fzp_A,144,144,mmseqs,100.000000,1.000000,1.000000,144
pdbflex,atlas,mmseqs_95,2fygA,2fyg_A,128,128,mmseqs,100.000000,1.000000,1.000000,128
pdbflex,atlas,mmseqs_95,5mr3E,2lis_A,136,136,mmseqs,100.000000,1.000000,1.000000,136
pdbflex,atlas,mmseqs_95,3vy7A,3apa_A,141,141,mmseqs,100.000000,1.000000,1.000000,141
pdbflex,atlas,mmseqs_95,2qq4A,2qq4_B,138,138,mmseqs,100.000000,1.000000,1.000000,138
pdbflex,atlas,mmseqs_95,2vzcA,2vzc_A,131,131,mmseqs,100.000000,1.000000,1.000000,131
pdbflex,atlas,mmseqs_95,1d4tA,1d4t_A,104,104,mmseqs,100.000000,1.000000,1.000000,104
pdbflex,atlas,mmseqs_95,1x6iA,1x6j_A,91,91,mmseqs,100.000000,1.000000,1.000000,91
pdbflex,atlas,mmseqs_95,2a8fA,2aib_A,98,98,mmseqs,100.000000,1.000000,1.000000,98
pdbflex,atlas,mmseqs_95,2x5hD,2x5h_B,97,97,mmseqs,100.000000,1.000000,1.000000,97
pdbflex,atlas,mmseqs_95,2hnuA,2hnu_A,81,81,mmseqs,100.000000,1.000000,1.000000,81
pdbflex,atlas,mmseqs_95,2a6sB,2a6s_B,84,84,mmseqs,100.000000,1.000000,1.000000,84
pdbflex,atlas,mmseqs_95,4fqnA,4ykd_A,98,87,mmseqs,100.000000,0.887755,0.906250,87
pdbflex,atlas,mmseqs_95,3bqpA,3bqp_B,80,80,mmseqs,100.000000,1.000000,1.000000,80
pdbflex,atlas,mmseqs_95,5hudE,5hub_A,90,90,mmseqs,100.000000,1.000000,1.000000,90
pdbflex,atlas,mmseqs_95,6pceB,6pce_B,70,70,mmseqs,100.000000,1.000000,1.000000,70
pdbflex,atlas,mmseqs_95,6n3pK,1t8k_A,80,77,mmseqs,100.000000,0.962500,1.000000,77
pdbflex,atlas,mmseqs_95,2rjvA,2rjw_A,67,67,mmseqs,100.000000,1.000000,1.000000,67
pdbflex,atlas,mmseqs_95,2f60K,2f60_K,64,64,mmseqs,100.000000,1.000000,1.000000,64
pdbflex,atlas,mmseqs_95,1ojhD,1ojh_C,65,65,mmseqs,100.000000,1.000000,1.000000,65
pdbflex,atlas,mmseqs_95,5kkoC,5kko_D,55,55,mmseqs,100.000000,1.000000,1.000000,55
pdbflex,atlas,mmseqs_95,2y20C,2y20_A,58,58,mmseqs,100.000000,1.000000,1.000000,58
pdbflex,atlas,mmseqs_95,1jxtA,1ab1_A,46,46,mmseqs,100.000000,1.000000,1.000000,46
pdbflex,atlas,mmseqs_95,3rl0M,5w5c_A,37,34,mmseqs,100.000000,0.918919,0.850000,34
pdbflex,atlas,mmseqs_95,5ynhA,6j33_B,1102,1052,mmseqs,99.800000,0.954628,0.999050,1052
pdbflex,atlas,mmseqs_95,1k2yX,1p5g_X,463,463,mmseqs,99.700000,1.000000,1.000000,463
pdbflex,atlas,mmseqs_95,4k57A,2ehq_A,518,516,mmseqs,99.400000,0.996139,1.000000,516
pdbflex,atlas,mmseqs_95,6cpsA,3dai_A,131,129,mmseqs,99.200000,0.984733,0.992308,129
pdbflex,atlas,mmseqs_95,4hopD,1qau_A,123,112,mmseqs,99.100000,0.910569,1.000000,112
pdbflex,atlas,mmseqs_95,1xw3A,3cyi_A,110,110,mmseqs,99.000000,1.000000,1.000000,110
pdbflex,atlas,mmseqs_95,3nitA,3nis_B,90,82,mmseqs,98.700000,0.911111,1.000000,82
pdbflex,atlas,mmseqs_95,3ny2D,5um3_A,75,75,mmseqs,98.600000,1.000000,1.000000,75
pdbflex,atlas,mmseqs_95,2nwgA,2j7z_A,68,67,mmseqs,98.500000,0.985294,0.985294,67
pdbflex,atlas,mmseqs_95,4u9gA,4u9b_A,187,187,mmseqs,98.300000,1.000000,1.000000,187
pdbflex,atlas,mmseqs_95,1bklA,1o4k_A,113,105,mmseqs,96.100000,0.929204,0.972222,105
pdbflex,atlas,mmseqs_90,1c0wB,2dtr_A,225,225,mmseqs,100.000000,1.000000,0.995575,225
pdbflex,atlas,mmseqs_90,3fn8A,3f0o_B,220,212,mmseqs,100.000000,0.963636,1.000000,212
pdbflex,atlas,mmseqs_90,3h93A,3h93_A,192,192,mmseqs,100.000000,1.000000,1.000000,192
pdbflex,atlas,mmseqs_90,1btkB,1btk_A,169,169,mmseqs,100.000000,1.000000,1.000000,169
pdbflex,atlas,mmseqs_90,3hvvA,3hvv_A,167,167,mmseqs,100.000000,1.000000,1.000000,167
pdbflex,atlas,mmseqs_90,5xfiA,1ouw_C,153,152,mmseqs,100.000000,0.993464,1.000000,152
pdbflex,atlas,mmseqs_90,2fzpA,2fzp_A,144,144,mmseqs,100.000000,1.000000,1.000000,144
pdbflex,atlas,mmseqs_90,2fygA,2fyg_A,128,128,mmseqs,100.000000,1.000000,1.000000,128
pdbflex,atlas,mmseqs_90,5mr3E,2lis_A,136,136,mmseqs,100.000000,1.000000,1.000000,136
pdbflex,atlas,mmseqs_90,3vy7A,3apa_A,141,141,mmseqs,100.000000,1.000000,1.000000,141
pdbflex,atlas,mmseqs_90,2qq4A,2qq4_B,138,138,mmseqs,100.000000,1.000000,1.000000,138
pdbflex,atlas,mmseqs_90,2vzcA,2vzc_A,131,131,mmseqs,100.000000,1.000000,1.000000,131
pdbflex,atlas,mmseqs_90,1d4tA,1d4t_A,104,104,mmseqs,100.000000,1.000000,1.000000,104
pdbflex,atlas,mmseqs_90,1x6iA,1x6j_A,91,91,mmseqs,100.000000,1.000000,1.000000,91
pdbflex,atlas,mmseqs_90,2a8fA,2aib_A,98,98,mmseqs,100.000000,1.000000,1.000000,98
pdbflex,atlas,mmseqs_90,2x5hD,2x5h_B,97,97,mmseqs,100.000000,1.000000,1.000000,97
pdbflex,atlas,mmseqs_90,2hnuA,2hnu_A,81,81,mmseqs,100.000000,1.000000,1.000000,81
pdbflex,atlas,mmseqs_90,2a6sB,2a6s_B,84,84,mmseqs,100.000000,1.000000,1.000000,84
pdbflex,atlas,mmseqs_90,4fqnA,4ykd_A,98,87,mmseqs,100.000000,0.887755,0.906250,87
pdbflex,atlas,mmseqs_90,3bqpA,3bqp_B,80,80,mmseqs,100.000000,1.000000,1.000000,80
pdbflex,atlas,mmseqs_90,5hudE,5hub_A,90,90,mmseqs,100.000000,1.000000,1.000000,90
pdbflex,atlas,mmseqs_90,6pceB,6pce_B,70,70,mmseqs,100.000000,1.000000,1.000000,70
pdbflex,atlas,mmseqs_90,6n3pK,1t8k_A,80,77,mmseqs,100.000000,0.962500,1.000000,77
pdbflex,atlas,mmseqs_90,2rjvA,2rjw_A,67,67,mmseqs,100.000000,1.000000,1.000000,67
pdbflex,atlas,mmseqs_90,2f60K,2f60_K,64,64,mmseqs,100.000000,1.000000,1.000000,64
pdbflex,atlas,mmseqs_90,1ojhD,1ojh_C,65,65,mmseqs,100.000000,1.000000,1.000000,65
pdbflex,atlas,mmseqs_90,5kkoC,5kko_D,55,55,mmseqs,100.000000,1.000000,1.000000,55
pdbflex,atlas,mmseqs_90,2y20C,2y20_A,58,58,mmseqs,100.000000,1.000000,1.000000,58
pdbflex,atlas,mmseqs_90,1jxtA,1ab1_A,46,46,mmseqs,100.000000,1.000000,1.000000,46
pdbflex,atlas,mmseqs_90,3rl0M,5w5c_A,37,34,mmseqs,100.000000,0.918919,0.850000,34
pdbflex,atlas,mmseqs_90,5ynhA,6j33_B,1102,1052,mmseqs,99.800000,0.954628,0.999050,1052
pdbflex,atlas,mmseqs_90,1k2yX,1p5g_X,463,463,mmseqs,99.700000,1.000000,1.000000,463
pdbflex,atlas,mmseqs_90,4k57A,2ehq_A,518,516,mmseqs,99.400000,0.996139,1.000000,516
pdbflex,atlas,mmseqs_90,6cpsA,3dai_A,131,129,mmseqs,99.200000,0.984733,0.992308,129
pdbflex,atlas,mmseqs_90,4hopD,1qau_A,123,112,mmseqs,99.100000,0.910569,1.000000,112
pdbflex,atlas,mmseqs_90,1xw3A,3cyi_A,110,110,mmseqs,99.000000,1.000000,1.000000,110
pdbflex,atlas,mmseqs_90,3nitA,3nis_B,90,82,mmseqs,98.700000,0.911111,1.000000,82
pdbflex,atlas,mmseqs_90,3ny2D,5um3_A,75,75,mmseqs,98.600000,1.000000,1.000000,75
pdbflex,atlas,mmseqs_90,2nwgA,2j7z_A,68,67,mmseqs,98.500000,0.985294,0.985294,67
pdbflex,atlas,mmseqs_90,4u9gA,4u9b_A,187,187,mmseqs,98.300000,1.000000,1.000000,187
pdbflex,atlas,mmseqs_90,1bklA,1o4k_A,113,105,mmseqs,96.100000,0.929204,0.972222,105
pdbflex,atlas,mmseqs_90,5m3tB,3x0g_A,101,89,mmseqs,94.300000,0.881188,0.956989,89
pdbflex,atlas,mmseqs_90,1uw3A,3o79_A,106,105,mmseqs,94.200000,0.990566,1.000000,105
pdbflex,atlas,mmseqs_90,1sxjH,5v7m_A,283,264,mmseqs,93.900000,0.985866,0.996226,279
pdbflex,atlas,mmseqs_90,2wpsA,2wpq_C,107,95,mmseqs,92.200000,0.925234,1.000000,103
pdbflex,atlas,mmseqs_90,2pysB,3czz_B,109,101,mmseqs,91.000000,0.926606,1.000000,101
pdbflex,atlas,mmseqs_85,1c0wB,2dtr_A,225,225,mmseqs,100.000000,1.000000,0.995575,225
pdbflex,atlas,mmseqs_85,3fn8A,3f0o_B,220,212,mmseqs,100.000000,0.963636,1.000000,212
pdbflex,atlas,mmseqs_85,3h93A,3h93_A,192,192,mmseqs,100.000000,1.000000,1.000000,192
pdbflex,atlas,mmseqs_85,1btkB,1btk_A,169,169,mmseqs,100.000000,1.000000,1.000000,169
pdbflex,atlas,mmseqs_85,3hvvA,3hvv_A,167,167,mmseqs,100.000000,1.000000,1.000000,167
pdbflex,atlas,mmseqs_85,5xfiA,1ouw_C,153,152,mmseqs,100.000000,0.993464,1.000000,152
pdbflex,atlas,mmseqs_85,2fzpA,2fzp_A,144,144,mmseqs,100.000000,1.000000,1.000000,144
pdbflex,atlas,mmseqs_85,2fygA,2fyg_A,128,128,mmseqs,100.000000,1.000000,1.000000,128
pdbflex,atlas,mmseqs_85,5mr3E,2lis_A,136,136,mmseqs,100.000000,1.000000,1.000000,136
pdbflex,atlas,mmseqs_85,3vy7A,3apa_A,141,141,mmseqs,100.000000,1.000000,1.000000,141
pdbflex,atlas,mmseqs_85,2qq4A,2qq4_B,138,138,mmseqs,100.000000,1.000000,1.000000,138
pdbflex,atlas,mmseqs_85,2vzcA,2vzc_A,131,131,mmseqs,100.000000,1.000000,1.000000,131
pdbflex,atlas,mmseqs_85,1d4tA,1d4t_A,104,104,mmseqs,100.000000,1.000000,1.000000,104
pdbflex,atlas,mmseqs_85,1x6iA,1x6j_A,91,91,mmseqs,100.000000,1.000000,1.000000,91
pdbflex,atlas,mmseqs_85,2a8fA,2aib_A,98,98,mmseqs,100.000000,1.000000,1.000000,98
pdbflex,atlas,mmseqs_85,2x5hD,2x5h_B,97,97,mmseqs,100.000000,1.000000,1.000000,97
pdbflex,atlas,mmseqs_85,2hnuA,2hnu_A,81,81,mmseqs,100.000000,1.000000,1.000000,81
pdbflex,atlas,mmseqs_85,2a6sB,2a6s_B,84,84,mmseqs,100.000000,1.000000,1.000000,84
pdbflex,atlas,mmseqs_85,4fqnA,4ykd_A,98,87,mmseqs,100.000000,0.887755,0.906250,87
pdbflex,atlas,mmseqs_85,3bqpA,3bqp_B,80,80,mmseqs,100.000000,1.000000,1.000000,80
pdbflex,atlas,mmseqs_85,5hudE,5hub_A,90,90,mmseqs,100.000000,1.000000,1.000000,90
pdbflex,atlas,mmseqs_85,6pceB,6pce_B,70,70,mmseqs,100.000000,1.000000,1.000000,70
pdbflex,atlas,mmseqs_85,6n3pK,1t8k_A,80,77,mmseqs,100.000000,0.962500,1.000000,77
pdbflex,atlas,mmseqs_85,2rjvA,2rjw_A,67,67,mmseqs,100.000000,1.000000,1.000000,67
pdbflex,atlas,mmseqs_85,2f60K,2f60_K,64,64,mmseqs,100.000000,1.000000,1.000000,64
pdbflex,atlas,mmseqs_85,1ojhD,1ojh_C,65,65,mmseqs,100.000000,1.000000,1.000000,65
pdbflex,atlas,mmseqs_85,5kkoC,5kko_D,55,55,mmseqs,100.000000,1.000000,1.000000,55
pdbflex,atlas,mmseqs_85,2y20C,2y20_A,58,58,mmseqs,100.000000,1.000000,1.000000,58
pdbflex,atlas,mmseqs_85,1jxtA,1ab1_A,46,46,mmseqs,100.000000,1.000000,1.000000,46
pdbflex,atlas,mmseqs_85,3rl0M,5w5c_A,37,34,mmseqs,100.000000,0.918919,0.850000,34
pdbflex,atlas,mmseqs_85,5ynhA,6j33_B,1102,1052,mmseqs,99.800000,0.954628,0.999050,1052
pdbflex,atlas,mmseqs_85,1k2yX,1p5g_X,463,463,mmseqs,99.700000,1.000000,1.000000,463
pdbflex,atlas,mmseqs_85,4k57A,2ehq_A,518,516,mmseqs,99.400000,0.996139,1.000000,516
pdbflex,atlas,mmseqs_85,6cpsA,3dai_A,131,129,mmseqs,99.200000,0.984733,0.992308,129
pdbflex,atlas,mmseqs_85,4hopD,1qau_A,123,112,mmseqs,99.100000,0.910569,1.000000,112
pdbflex,atlas,mmseqs_85,1xw3A,3cyi_A,110,110,mmseqs,99.000000,1.000000,1.000000,110
pdbflex,atlas,mmseqs_85,3nitA,3nis_B,90,82,mmseqs,98.700000,0.911111,1.000000,82
pdbflex,atlas,mmseqs_85,3ny2D,5um3_A,75,75,mmseqs,98.600000,1.000000,1.000000,75
pdbflex,atlas,mmseqs_85,2nwgA,2j7z_A,68,67,mmseqs,98.500000,0.985294,0.985294,67
pdbflex,atlas,mmseqs_85,4u9gA,4u9b_A,187,187,mmseqs,98.300000,1.000000,1.000000,187
pdbflex,atlas,mmseqs_85,1bklA,1o4k_A,113,105,mmseqs,96.100000,0.929204,0.972222,105
pdbflex,atlas,mmseqs_85,5m3tB,3x0g_A,101,89,mmseqs,94.300000,0.881188,0.956989,89
pdbflex,atlas,mmseqs_85,1uw3A,3o79_A,106,105,mmseqs,94.200000,0.990566,1.000000,105
pdbflex,atlas,mmseqs_85,1sxjH,5v7m_A,283,264,mmseqs,93.900000,0.985866,0.996226,279
pdbflex,atlas,mmseqs_85,2wpsA,2wpq_C,107,95,mmseqs,92.200000,0.925234,1.000000,103
pdbflex,atlas,mmseqs_85,2pysB,3czz_B,109,101,mmseqs,91.000000,0.926606,1.000000,101
pdbflex,atlas,mmseqs_85,4qplD,1z2u_A,154,147,mmseqs,89.100000,0.954545,0.980000,147
pdbflex,atlas,mmseqs_85,3ovoA,2gkr_I,56,51,mmseqs,88.200000,0.910714,1.000000,51
pdbflex,atlas,mmseqs_80,1c0wB,2dtr_A,225,225,mmseqs,100.000000,1.000000,0.995575,225
pdbflex,atlas,mmseqs_80,3fn8A,3f0o_B,220,212,mmseqs,100.000000,0.963636,1.000000,212
pdbflex,atlas,mmseqs_80,3h93A,3h93_A,192,192,mmseqs,100.000000,1.000000,1.000000,192
pdbflex,atlas,mmseqs_80,1btkB,1btk_A,169,169,mmseqs,100.000000,1.000000,1.000000,169
pdbflex,atlas,mmseqs_80,3hvvA,3hvv_A,167,167,mmseqs,100.000000,1.000000,1.000000,167
pdbflex,atlas,mmseqs_80,5xfiA,1ouw_C,153,152,mmseqs,100.000000,0.993464,1.000000,152
pdbflex,atlas,mmseqs_80,2fzpA,2fzp_A,144,144,mmseqs,100.000000,1.000000,1.000000,144
pdbflex,atlas,mmseqs_80,2fygA,2fyg_A,128,128,mmseqs,100.000000,1.000000,1.000000,128
pdbflex,atlas,mmseqs_80,5mr3E,2lis_A,136,136,mmseqs,100.000000,1.000000,1.000000,136
pdbflex,atlas,mmseqs_80,3vy7A,3apa_A,141,141,mmseqs,100.000000,1.000000,1.000000,141
pdbflex,atlas,mmseqs_80,2qq4A,2qq4_B,138,138,mmseqs,100.000000,1.000000,1.000000,138
pdbflex,atlas,mmseqs_80,2vzcA,2vzc_A,131,131,mmseqs,100.000000,1.000000,1.000000,131
pdbflex,atlas,mmseqs_80,1d4tA,1d4t_A,104,104,mmseqs,100.000000,1.000000,1.000000,104
pdbflex,atlas,mmseqs_80,1x6iA,1x6j_A,91,91,mmseqs,100.000000,1.000000,1.000000,91
pdbflex,atlas,mmseqs_80,2a8fA,2aib_A,98,98,mmseqs,100.000000,1.000000,1.000000,98
pdbflex,atlas,mmseqs_80,2x5hD,2x5h_B,97,97,mmseqs,100.000000,1.000000,1.000000,97
pdbflex,atlas,mmseqs_80,2hnuA,2hnu_A,81,81,mmseqs,100.000000,1.000000,1.000000,81
pdbflex,atlas,mmseqs_80,2a6sB,2a6s_B,84,84,mmseqs,100.000000,1.000000,1.000000,84
pdbflex,atlas,mmseqs_80,4fqnA,4ykd_A,98,87,mmseqs,100.000000,0.887755,0.906250,87
pdbflex,atlas,mmseqs_80,3bqpA,3bqp_B,80,80,mmseqs,100.000000,1.000000,1.000000,80
pdbflex,atlas,mmseqs_80,5hudE,5hub_A,90,90,mmseqs,100.000000,1.000000,1.000000,90
pdbflex,atlas,mmseqs_80,6pceB,6pce_B,70,70,mmseqs,100.000000,1.000000,1.000000,70
pdbflex,atlas,mmseqs_80,6n3pK,1t8k_A,80,77,mmseqs,100.000000,0.962500,1.000000,77
pdbflex,atlas,mmseqs_80,2rjvA,2rjw_A,67,67,mmseqs,100.000000,1.000000,1.000000,67
pdbflex,atlas,mmseqs_80,2f60K,2f60_K,64,64,mmseqs,100.000000,1.000000,1.000000,64
pdbflex,atlas,mmseqs_80,1ojhD,1ojh_C,65,65,mmseqs,100.000000,1.000000,1.000000,65
pdbflex,atlas,mmseqs_80,5kkoC,5kko_D,55,55,mmseqs,100.000000,1.000000,1.000000,55
pdbflex,atlas,mmseqs_80,2y20C,2y20_A,58,58,mmseqs,100.000000,1.000000,1.000000,58
pdbflex,atlas,mmseqs_80,1jxtA,1ab1_A,46,46,mmseqs,100.000000,1.000000,1.000000,46
pdbflex,atlas,mmseqs_80,3rl0M,5w5c_A,37,34,mmseqs,100.000000,0.918919,0.850000,34
pdbflex,atlas,mmseqs_80,5ynhA,6j33_B,1102,1052,mmseqs,99.800000,0.954628,0.999050,1052
pdbflex,atlas,mmseqs_80,1k2yX,1p5g_X,463,463,mmseqs,99.700000,1.000000,1.000000,463
pdbflex,atlas,mmseqs_80,4k57A,2ehq_A,518,516,mmseqs,99.400000,0.996139,1.000000,516
pdbflex,atlas,mmseqs_80,6cpsA,3dai_A,131,129,mmseqs,99.200000,0.984733,0.992308,129
pdbflex,atlas,mmseqs_80,4hopD,1qau_A,123,112,mmseqs,99.100000,0.910569,1.000000,112
pdbflex,atlas,mmseqs_80,1xw3A,3cyi_A,110,110,mmseqs,99.000000,1.000000,1.000000,110
pdbflex,atlas,mmseqs_80,3nitA,3nis_B,90,82,mmseqs,98.700000,0.911111,1.000000,82
pdbflex,atlas,mmseqs_80,3ny2D,5um3_A,75,75,mmseqs,98.600000,1.000000,1.000000,75
pdbflex,atlas,mmseqs_80,2nwgA,2j7z_A,68,67,mmseqs,98.500000,0.985294,0.985294,67
pdbflex,atlas,mmseqs_80,4u9gA,4u9b_A,187,187,mmseqs,98.300000,1.000000,1.000000,187
pdbflex,atlas,mmseqs_80,1bklA,1o4k_A,113,105,mmseqs,96.100000,0.929204,0.972222,105
pdbflex,atlas,mmseqs_80,5m3tB,3x0g_A,101,89,mmseqs,94.300000,0.881188,0.956989,89
pdbflex,atlas,mmseqs_80,1uw3A,3o79_A,106,105,mmseqs,94.200000,0.990566,1.000000,105
pdbflex,atlas,mmseqs_80,1sxjH,5v7m_A,283,264,mmseqs,93.900000,0.985866,0.996226,279
pdbflex,atlas,mmseqs_80,2wpsA,2wpq_C,107,95,mmseqs,92.200000,0.925234,1.000000,103
pdbflex,atlas,mmseqs_80,2pysB,3czz_B,109,101,mmseqs,91.000000,0.926606,1.000000,101
pdbflex,atlas,mmseqs_80,4qplD,1z2u_A,154,147,mmseqs,89.100000,0.954545,0.980000,147
pdbflex,atlas,mmseqs_80,3ovoA,2gkr_I,56,51,mmseqs,88.200000,0.910714,1.000000,51
pdbflex,atlas,mmseqs_80,3rl8C,2fe5_A,105,91,mmseqs,81.300000,0.866667,0.968085,91
pdbflex,plddt,exact,3a9zA,DP00620,432,432,sequence,,,,
pdbflex,plddt,exact,4emgA,DP02065,93,93,sequence,,,,
pdbflex,plddt,exact,4c92G,DP01261,115,115,sequence,,,,
pdbflex,plddt,exact,3q66A,DP02908,264,264,sequence,,,,
pdbflex,plddt,exact,1j1cB,DP00385,420,420,sequence,,,,
pdbflex,plddt,exact,1rp3B,DP01092,88,88,sequence,,,,
pdbflex,plddt,mmseqs_100,1y57A,DP01570,452,451,mmseqs,100.000000,0.997788,0.841418,451
pdbflex,plddt,mmseqs_100,3a9zA,DP00620,432,432,mmseqs,100.000000,1.000000,1.000000,432
pdbflex,plddt,mmseqs_100,1j1cB,DP00385,420,420,mmseqs,100.000000,1.000000,1.000000,420
pdbflex,plddt,mmseqs_100,3mi9A,DP01309,351,345,mmseqs,100.000000,0.982906,0.927419,345
pdbflex,plddt,mmseqs_100,3aloA,DP01400,327,320,mmseqs,100.000000,0.978593,0.802005,320
pdbflex,plddt,mmseqs_100,4k18A,DP00322,277,277,mmseqs,100.000000,1.000000,0.884984,277
pdbflex,plddt,mmseqs_100,3q66A,DP02908,264,264,mmseqs,100.000000,1.000000,1.000000,264
pdbflex,plddt,mmseqs_100,1s5eA,DP00250,240,240,mmseqs,100.000000,1.000000,0.930233,240
pdbflex,plddt,mmseqs_100,1rrpA,DP01364,204,204,mmseqs,100.000000,1.000000,0.944444,204
pdbflex,plddt,mmseqs_100,3fn8A,DP00575,220,212,mmseqs,100.000000,0.963636,1.000000,212
pdbflex,plddt,mmseqs_100,1e0sA,DP02815,174,174,mmseqs,100.000000,1.000000,0.994286,174
pdbflex,plddt,mmseqs_100,1tcoB,DP00565,169,169,mmseqs,100.000000,1.000000,0.994118,169
pdbflex,plddt,mmseqs_100,2cyxA,DP02100,170,165,mmseqs,100.000000,0.970588,1.000000,165
pdbflex,plddt,mmseqs_100,1f8aB,DP02727,167,163,mmseqs,100.000000,0.976048,1.000000,163
pdbflex,plddt,mmseqs_100,5ltwG,DP01131,149,149,mmseqs,100.000000,1.000000,0.931250,149
pdbflex,plddt,mmseqs_100,1tijA,DP03297,120,120,mmseqs,100.000000,1.000000,0.821918,120
pdbflex,plddt,mmseqs_100,4a0cD,DP01750,98,97,mmseqs,100.000000,0.989796,0.898148,97
pdbflex,plddt,mmseqs_100,3swnF,DP02067,117,113,mmseqs,100.000000,0.965812,1.000000,113
pdbflex,plddt,mmseqs_100,3o1yA,DP00006,105,104,mmseqs,100.000000,0.990476,0.990476,104
pdbflex,plddt,mmseqs_100,4c92G,DP01261,115,115,mmseqs,100.000000,1.000000,1.000000,115
pdbflex,plddt,mmseqs_100,1d4tA,DP02714,104,104,mmseqs,100.000000,1.000000,0.812500,104
pdbflex,plddt,mmseqs_100,2peiD,DP02968,109,109,mmseqs,100.000000,1.000000,0.813433,109
pdbflex,plddt,mmseqs_100,4ooiB,DP02188,112,108,mmseqs,100.000000,0.964286,1.000000,108
pdbflex,plddt,mmseqs_100,1pvbA,DP01025,108,107,mmseqs,100.000000,0.990741,1.000000,107
pdbflex,plddt,mmseqs_100,4emgA,DP02065,93,93,mmseqs,100.000000,1.000000,1.000000,93
pdbflex,plddt,mmseqs_100,5csnA,DP01738,95,92,mmseqs,100.000000,0.968421,1.000000,92
pdbflex,plddt,mmseqs_100,2iy1B,DP02294,83,82,mmseqs,100.000000,0.987952,0.811881,82
pdbflex,plddt,mmseqs_100,5vsuF,DP01402,88,86,mmseqs,100.000000,0.977273,1.000000,86
pdbflex,plddt,mmseqs_100,1rp3B,DP01092,88,88,mmseqs,100.000000,1.000000,1.000000,88
pdbflex,plddt,mmseqs_100,3gznI,DP02302,82,76,mmseqs,100.000000,0.926829,0.938272,76
pdbflex,plddt,mmseqs_100,4yg1A,DP02899,72,72,mmseqs,100.000000,1.000000,0.818182,72
pdbflex,plddt,mmseqs_98,1y57A,DP01570,452,451,mmseqs,100.000000,0.997788,0.841418,451
pdbflex,plddt,mmseqs_98,3a9zA,DP00620,432,432,mmseqs,100.000000,1.000000,1.000000,432
pdbflex,plddt,mmseqs_98,1j1cB,DP00385,420,420,mmseqs,100.000000,1.000000,1.000000,420
pdbflex,plddt,mmseqs_98,3mi9A,DP01309,351,345,mmseqs,100.000000,0.982906,0.927419,345
pdbflex,plddt,mmseqs_98,3aloA,DP01400,327,320,mmseqs,100.000000,0.978593,0.802005,320
pdbflex,plddt,mmseqs_98,4k18A,DP00322,277,277,mmseqs,100.000000,1.000000,0.884984,277
pdbflex,plddt,mmseqs_98,3q66A,DP02908,264,264,mmseqs,100.000000,1.000000,1.000000,264
pdbflex,plddt,mmseqs_98,1s5eA,DP00250,240,240,mmseqs,100.000000,1.000000,0.930233,240
pdbflex,plddt,mmseqs_98,1rrpA,DP01364,204,204,mmseqs,100.000000,1.000000,0.944444,204
pdbflex,plddt,mmseqs_98,3fn8A,DP00575,220,212,mmseqs,100.000000,0.963636,1.000000,212
pdbflex,plddt,mmseqs_98,1e0sA,DP02815,174,174,mmseqs,100.000000,1.000000,0.994286,174
pdbflex,plddt,mmseqs_98,1tcoB,DP00565,169,169,mmseqs,100.000000,1.000000,0.994118,169
pdbflex,plddt,mmseqs_98,2cyxA,DP02100,170,165,mmseqs,100.000000,0.970588,1.000000,165
pdbflex,plddt,mmseqs_98,1f8aB,DP02727,167,163,mmseqs,100.000000,0.976048,1.000000,163
pdbflex,plddt,mmseqs_98,5ltwG,DP01131,149,149,mmseqs,100.000000,1.000000,0.931250,149
pdbflex,plddt,mmseqs_98,1tijA,DP03297,120,120,mmseqs,100.000000,1.000000,0.821918,120
pdbflex,plddt,mmseqs_98,4a0cD,DP01750,98,97,mmseqs,100.000000,0.989796,0.898148,97
pdbflex,plddt,mmseqs_98,3swnF,DP02067,117,113,mmseqs,100.000000,0.965812,1.000000,113
pdbflex,plddt,mmseqs_98,3o1yA,DP00006,105,104,mmseqs,100.000000,0.990476,0.990476,104
pdbflex,plddt,mmseqs_98,4c92G,DP01261,115,115,mmseqs,100.000000,1.000000,1.000000,115
pdbflex,plddt,mmseqs_98,1d4tA,DP02714,104,104,mmseqs,100.000000,1.000000,0.812500,104
pdbflex,plddt,mmseqs_98,2peiD,DP02968,109,109,mmseqs,100.000000,1.000000,0.813433,109
pdbflex,plddt,mmseqs_98,4ooiB,DP02188,112,108,mmseqs,100.000000,0.964286,1.000000,108
pdbflex,plddt,mmseqs_98,1pvbA,DP01025,108,107,mmseqs,100.000000,0.990741,1.000000,107
pdbflex,plddt,mmseqs_98,4emgA,DP02065,93,93,mmseqs,100.000000,1.000000,1.000000,93
pdbflex,plddt,mmseqs_98,5csnA,DP01738,95,92,mmseqs,100.000000,0.968421,1.000000,92
pdbflex,plddt,mmseqs_98,2iy1B,DP02294,83,82,mmseqs,100.000000,0.987952,0.811881,82
pdbflex,plddt,mmseqs_98,5vsuF,DP01402,88,86,mmseqs,100.000000,0.977273,1.000000,86
pdbflex,plddt,mmseqs_98,1rp3B,DP01092,88,88,mmseqs,100.000000,1.000000,1.000000,88
pdbflex,plddt,mmseqs_98,3gznI,DP02302,82,76,mmseqs,100.000000,0.926829,0.938272,76
pdbflex,plddt,mmseqs_98,4yg1A,DP02899,72,72,mmseqs,100.000000,1.000000,0.818182,72
pdbflex,plddt,mmseqs_98,4k0gA,DP03162,251,240,mmseqs,99.500000,0.956175,0.995851,240
pdbflex,plddt,mmseqs_98,1erkA,DP03864,364,357,mmseqs,99.400000,0.980769,0.991667,357
pdbflex,plddt,mmseqs_98,1hh4A,DP03298,192,191,mmseqs,99.400000,0.994792,0.994792,191
pdbflex,plddt,mmseqs_98,6s9wA,DP03300,446,445,mmseqs,99.300000,0.997758,0.927083,445
pdbflex,plddt,mmseqs_98,4fgbA,DP01958,320,320,mmseqs,99.300000,1.000000,0.855615,320
pdbflex,plddt,mmseqs_98,4k81B,DP00153,171,166,mmseqs,99.300000,0.970760,0.878307,166
pdbflex,plddt,mmseqs_98,6hdeB,DP00337,152,152,mmseqs,99.300000,1.000000,1.000000,152
pdbflex,plddt,mmseqs_98,1aoiE,DP01389,116,116,mmseqs,99.100000,1.000000,0.852941,116
pdbflex,plddt,mmseqs_98,5cqxB,DP00299,119,111,mmseqs,99.000000,0.932773,1.000000,111
pdbflex,plddt,mmseqs_98,5fugA,DP02301,110,109,mmseqs,99.000000,0.990909,0.851562,109
pdbflex,plddt,mmseqs_98,4oj3B,DP00513,101,101,mmseqs,99.000000,1.000000,1.000000,101
pdbflex,plddt,mmseqs_98,4fxhB,DP01881,95,95,mmseqs,98.900000,1.000000,1.000000,95
pdbflex,plddt,mmseqs_98,1xtmB,DP00257,175,175,mmseqs,98.800000,1.000000,0.892857,175
pdbflex,plddt,mmseqs_98,1xtsA,DP00364,177,171,mmseqs,98.800000,0.966102,0.929348,171
pdbflex,plddt,mmseqs_98,4zdrA,DP03654,266,234,mmseqs,98.700000,0.879699,0.955102,234
pdbflex,plddt,mmseqs_98,5lefA,DP02733,191,191,mmseqs,98.400000,1.000000,0.918269,191
pdbflex,plddt,mmseqs_98,2i2rF,DP03492,180,180,mmseqs,98.300000,1.000000,0.833333,180
pdbflex,plddt,mmseqs_98,3lqvB,DP01458,115,115,mmseqs,98.200000,1.000000,0.920000,115
pdbflex,plddt,mmseqs_95,1y57A,DP01570,452,451,mmseqs,100.000000,0.997788,0.841418,451
pdbflex,plddt,mmseqs_95,3a9zA,DP00620,432,432,mmseqs,100.000000,1.000000,1.000000,432
pdbflex,plddt,mmseqs_95,1j1cB,DP00385,420,420,mmseqs,100.000000,1.000000,1.000000,420
pdbflex,plddt,mmseqs_95,3mi9A,DP01309,351,345,mmseqs,100.000000,0.982906,0.927419,345
pdbflex,plddt,mmseqs_95,3aloA,DP01400,327,320,mmseqs,100.000000,0.978593,0.802005,320
pdbflex,plddt,mmseqs_95,4k18A,DP00322,277,277,mmseqs,100.000000,1.000000,0.884984,277
pdbflex,plddt,mmseqs_95,3q66A,DP02908,264,264,mmseqs,100.000000,1.000000,1.000000,264
pdbflex,plddt,mmseqs_95,1s5eA,DP00250,240,240,mmseqs,100.000000,1.000000,0.930233,240
pdbflex,plddt,mmseqs_95,1rrpA,DP01364,204,204,mmseqs,100.000000,1.000000,0.944444,204
pdbflex,plddt,mmseqs_95,3fn8A,DP00575,220,212,mmseqs,100.000000,0.963636,1.000000,212
pdbflex,plddt,mmseqs_95,1e0sA,DP02815,174,174,mmseqs,100.000000,1.000000,0.994286,174
pdbflex,plddt,mmseqs_95,1tcoB,DP00565,169,169,mmseqs,100.000000,1.000000,0.994118,169
pdbflex,plddt,mmseqs_95,2cyxA,DP02100,170,165,mmseqs,100.000000,0.970588,1.000000,165
pdbflex,plddt,mmseqs_95,1f8aB,DP02727,167,163,mmseqs,100.000000,0.976048,1.000000,163
pdbflex,plddt,mmseqs_95,5ltwG,DP01131,149,149,mmseqs,100.000000,1.000000,0.931250,149
pdbflex,plddt,mmseqs_95,1tijA,DP03297,120,120,mmseqs,100.000000,1.000000,0.821918,120
pdbflex,plddt,mmseqs_95,4a0cD,DP01750,98,97,mmseqs,100.000000,0.989796,0.898148,97
pdbflex,plddt,mmseqs_95,3swnF,DP02067,117,113,mmseqs,100.000000,0.965812,1.000000,113
pdbflex,plddt,mmseqs_95,3o1yA,DP00006,105,104,mmseqs,100.000000,0.990476,0.990476,104
pdbflex,plddt,mmseqs_95,4c92G,DP01261,115,115,mmseqs,100.000000,1.000000,1.000000,115
pdbflex,plddt,mmseqs_95,1d4tA,DP02714,104,104,mmseqs,100.000000,1.000000,0.812500,104
pdbflex,plddt,mmseqs_95,2peiD,DP02968,109,109,mmseqs,100.000000,1.000000,0.813433,109
pdbflex,plddt,mmseqs_95,4ooiB,DP02188,112,108,mmseqs,100.000000,0.964286,1.000000,108
pdbflex,plddt,mmseqs_95,1pvbA,DP01025,108,107,mmseqs,100.000000,0.990741,1.000000,107
pdbflex,plddt,mmseqs_95,4emgA,DP02065,93,93,mmseqs,100.000000,1.000000,1.000000,93
pdbflex,plddt,mmseqs_95,5csnA,DP01738,95,92,mmseqs,100.000000,0.968421,1.000000,92
pdbflex,plddt,mmseqs_95,2iy1B,DP02294,83,82,mmseqs,100.000000,0.987952,0.811881,82
pdbflex,plddt,mmseqs_95,5vsuF,DP01402,88,86,mmseqs,100.000000,0.977273,1.000000,86
pdbflex,plddt,mmseqs_95,1rp3B,DP01092,88,88,mmseqs,100.000000,1.000000,1.000000,88
pdbflex,plddt,mmseqs_95,3gznI,DP02302,82,76,mmseqs,100.000000,0.926829,0.938272,76
pdbflex,plddt,mmseqs_95,4yg1A,DP02899,72,72,mmseqs,100.000000,1.000000,0.818182,72
pdbflex,plddt,mmseqs_95,4k0gA,DP03162,251,240,mmseqs,99.500000,0.956175,0.995851,240
pdbflex,plddt,mmseqs_95,1erkA,DP03864,364,357,mmseqs,99.400000,0.980769,0.991667,357
pdbflex,plddt,mmseqs_95,1hh4A,DP03298,192,191,mmseqs,99.400000,0.994792,0.994792,191
pdbflex,plddt,mmseqs_95,6s9wA,DP03300,446,445,mmseqs,99.300000,0.997758,0.927083,445
pdbflex,plddt,mmseqs_95,4fgbA,DP01958,320,320,mmseqs,99.300000,1.000000,0.855615,320
pdbflex,plddt,mmseqs_95,4k81B,DP00153,171,166,mmseqs,99.300000,0.970760,0.878307,166
pdbflex,plddt,mmseqs_95,6hdeB,DP00337,152,152,mmseqs,99.300000,1.000000,1.000000,152
pdbflex,plddt,mmseqs_95,1aoiE,DP01389,116,116,mmseqs,99.100000,1.000000,0.852941,116
pdbflex,plddt,mmseqs_95,5cqxB,DP00299,119,111,mmseqs,99.000000,0.932773,1.000000,111
pdbflex,plddt,mmseqs_95,5fugA,DP02301,110,109,mmseqs,99.000000,0.990909,0.851562,109
pdbflex,plddt,mmseqs_95,4oj3B,DP00513,101,101,mmseqs,99.000000,1.000000,1.000000,101
pdbflex,plddt,mmseqs_95,4fxhB,DP01881,95,95,mmseqs,98.900000,1.000000,1.000000,95
pdbflex,plddt,mmseqs_95,1xtmB,DP00257,175,175,mmseqs,98.800000,1.000000,0.892857,175
pdbflex,plddt,mmseqs_95,1xtsA,DP00364,177,171,mmseqs,98.800000,0.966102,0.929348,171
pdbflex,plddt,mmseqs_95,4zdrA,DP03654,266,234,mmseqs,98.700000,0.879699,0.955102,234
pdbflex,plddt,mmseqs_95,5lefA,DP02733,191,191,mmseqs,98.400000,1.000000,0.918269,191
pdbflex,plddt,mmseqs_95,2i2rF,DP03492,180,180,mmseqs,98.300000,1.000000,0.833333,180
pdbflex,plddt,mmseqs_95,3lqvB,DP01458,115,115,mmseqs,98.200000,1.000000,0.920000,115
pdbflex,plddt,mmseqs_95,4cfrB,DP03228,104,101,mmseqs,96.000000,0.971154,1.000000,101
pdbflex,plddt,mmseqs_90,1y57A,DP01570,452,451,mmseqs,100.000000,0.997788,0.841418,451
pdbflex,plddt,mmseqs_90,3a9zA,DP00620,432,432,mmseqs,100.000000,1.000000,1.000000,432
pdbflex,plddt,mmseqs_90,1j1cB,DP00385,420,420,mmseqs,100.000000,1.000000,1.000000,420
pdbflex,plddt,mmseqs_90,3mi9A,DP01309,351,345,mmseqs,100.000000,0.982906,0.927419,345
pdbflex,plddt,mmseqs_90,3aloA,DP01400,327,320,mmseqs,100.000000,0.978593,0.802005,320
pdbflex,plddt,mmseqs_90,4k18A,DP00322,277,277,mmseqs,100.000000,1.000000,0.884984,277
pdbflex,plddt,mmseqs_90,3q66A,DP02908,264,264,mmseqs,100.000000,1.000000,1.000000,264
pdbflex,plddt,mmseqs_90,1s5eA,DP00250,240,240,mmseqs,100.000000,1.000000,0.930233,240
pdbflex,plddt,mmseqs_90,1rrpA,DP01364,204,204,mmseqs,100.000000,1.000000,0.944444,204
pdbflex,plddt,mmseqs_90,3fn8A,DP00575,220,212,mmseqs,100.000000,0.963636,1.000000,212
pdbflex,plddt,mmseqs_90,1e0sA,DP02815,174,174,mmseqs,100.000000,1.000000,0.994286,174
pdbflex,plddt,mmseqs_90,1tcoB,DP00565,169,169,mmseqs,100.000000,1.000000,0.994118,169
pdbflex,plddt,mmseqs_90,2cyxA,DP02100,170,165,mmseqs,100.000000,0.970588,1.000000,165
pdbflex,plddt,mmseqs_90,1f8aB,DP02727,167,163,mmseqs,100.000000,0.976048,1.000000,163
pdbflex,plddt,mmseqs_90,5ltwG,DP01131,149,149,mmseqs,100.000000,1.000000,0.931250,149
pdbflex,plddt,mmseqs_90,1tijA,DP03297,120,120,mmseqs,100.000000,1.000000,0.821918,120
pdbflex,plddt,mmseqs_90,4a0cD,DP01750,98,97,mmseqs,100.000000,0.989796,0.898148,97
pdbflex,plddt,mmseqs_90,3swnF,DP02067,117,113,mmseqs,100.000000,0.965812,1.000000,113
pdbflex,plddt,mmseqs_90,3o1yA,DP00006,105,104,mmseqs,100.000000,0.990476,0.990476,104
pdbflex,plddt,mmseqs_90,4c92G,DP01261,115,115,mmseqs,100.000000,1.000000,1.000000,115
pdbflex,plddt,mmseqs_90,1d4tA,DP02714,104,104,mmseqs,100.000000,1.000000,0.812500,104
pdbflex,plddt,mmseqs_90,2peiD,DP02968,109,109,mmseqs,100.000000,1.000000,0.813433,109
pdbflex,plddt,mmseqs_90,4ooiB,DP02188,112,108,mmseqs,100.000000,0.964286,1.000000,108
pdbflex,plddt,mmseqs_90,1pvbA,DP01025,108,107,mmseqs,100.000000,0.990741,1.000000,107
pdbflex,plddt,mmseqs_90,4emgA,DP02065,93,93,mmseqs,100.000000,1.000000,1.000000,93
pdbflex,plddt,mmseqs_90,5csnA,DP01738,95,92,mmseqs,100.000000,0.968421,1.000000,92
pdbflex,plddt,mmseqs_90,2iy1B,DP02294,83,82,mmseqs,100.000000,0.987952,0.811881,82
pdbflex,plddt,mmseqs_90,5vsuF,DP01402,88,86,mmseqs,100.000000,0.977273,1.000000,86
pdbflex,plddt,mmseqs_90,1rp3B,DP01092,88,88,mmseqs,100.000000,1.000000,1.000000,88
pdbflex,plddt,mmseqs_90,3gznI,DP02302,82,76,mmseqs,100.000000,0.926829,0.938272,76
pdbflex,plddt,mmseqs_90,4yg1A,DP02899,72,72,mmseqs,100.000000,1.000000,0.818182,72
pdbflex,plddt,mmseqs_90,4k0gA,DP03162,251,240,mmseqs,99.500000,0.956175,0.995851,240
pdbflex,plddt,mmseqs_90,1erkA,DP03864,364,357,mmseqs,99.400000,0.980769,0.991667,357
pdbflex,plddt,mmseqs_90,1hh4A,DP03298,192,191,mmseqs,99.400000,0.994792,0.994792,191
pdbflex,plddt,mmseqs_90,6s9wA,DP03300,446,445,mmseqs,99.300000,0.997758,0.927083,445
pdbflex,plddt,mmseqs_90,4fgbA,DP01958,320,320,mmseqs,99.300000,1.000000,0.855615,320
pdbflex,plddt,mmseqs_90,4k81B,DP00153,171,166,mmseqs,99.300000,0.970760,0.878307,166
pdbflex,plddt,mmseqs_90,6hdeB,DP00337,152,152,mmseqs,99.300000,1.000000,1.000000,152
pdbflex,plddt,mmseqs_90,1aoiE,DP01389,116,116,mmseqs,99.100000,1.000000,0.852941,116
pdbflex,plddt,mmseqs_90,5cqxB,DP00299,119,111,mmseqs,99.000000,0.932773,1.000000,111
pdbflex,plddt,mmseqs_90,5fugA,DP02301,110,109,mmseqs,99.000000,0.990909,0.851562,109
pdbflex,plddt,mmseqs_90,4oj3B,DP00513,101,101,mmseqs,99.000000,1.000000,1.000000,101
pdbflex,plddt,mmseqs_90,4fxhB,DP01881,95,95,mmseqs,98.900000,1.000000,1.000000,95
pdbflex,plddt,mmseqs_90,1xtmB,DP00257,175,175,mmseqs,98.800000,1.000000,0.892857,175
pdbflex,plddt,mmseqs_90,1xtsA,DP00364,177,171,mmseqs,98.800000,0.966102,0.929348,171
pdbflex,plddt,mmseqs_90,4zdrA,DP03654,266,234,mmseqs,98.700000,0.879699,0.955102,234
pdbflex,plddt,mmseqs_90,5lefA,DP02733,191,191,mmseqs,98.400000,1.000000,0.918269,191
pdbflex,plddt,mmseqs_90,2i2rF,DP03492,180,180,mmseqs,98.300000,1.000000,0.833333,180
pdbflex,plddt,mmseqs_90,3lqvB,DP01458,115,115,mmseqs,98.200000,1.000000,0.920000,115
pdbflex,plddt,mmseqs_90,4cfrB,DP03228,104,101,mmseqs,96.000000,0.971154,1.000000,101
pdbflex,plddt,mmseqs_90,3v9lB,DP03965,563,542,mmseqs,92.600000,0.962700,0.962700,542
pdbflex,plddt,mmseqs_85,1y57A,DP01570,452,451,mmseqs,100.000000,0.997788,0.841418,451
pdbflex,plddt,mmseqs_85,3a9zA,DP00620,432,432,mmseqs,100.000000,1.000000,1.000000,432
pdbflex,plddt,mmseqs_85,1j1cB,DP00385,420,420,mmseqs,100.000000,1.000000,1.000000,420
pdbflex,plddt,mmseqs_85,3mi9A,DP01309,351,345,mmseqs,100.000000,0.982906,0.927419,345
pdbflex,plddt,mmseqs_85,3aloA,DP01400,327,320,mmseqs,100.000000,0.978593,0.802005,320
pdbflex,plddt,mmseqs_85,4k18A,DP00322,277,277,mmseqs,100.000000,1.000000,0.884984,277
pdbflex,plddt,mmseqs_85,3q66A,DP02908,264,264,mmseqs,100.000000,1.000000,1.000000,264
pdbflex,plddt,mmseqs_85,1s5eA,DP00250,240,240,mmseqs,100.000000,1.000000,0.930233,240
pdbflex,plddt,mmseqs_85,1rrpA,DP01364,204,204,mmseqs,100.000000,1.000000,0.944444,204
pdbflex,plddt,mmseqs_85,3fn8A,DP00575,220,212,mmseqs,100.000000,0.963636,1.000000,212
pdbflex,plddt,mmseqs_85,1e0sA,DP02815,174,174,mmseqs,100.000000,1.000000,0.994286,174
pdbflex,plddt,mmseqs_85,1tcoB,DP00565,169,169,mmseqs,100.000000,1.000000,0.994118,169
pdbflex,plddt,mmseqs_85,2cyxA,DP02100,170,165,mmseqs,100.000000,0.970588,1.000000,165
pdbflex,plddt,mmseqs_85,1f8aB,DP02727,167,163,mmseqs,100.000000,0.976048,1.000000,163
pdbflex,plddt,mmseqs_85,5ltwG,DP01131,149,149,mmseqs,100.000000,1.000000,0.931250,149
pdbflex,plddt,mmseqs_85,1tijA,DP03297,120,120,mmseqs,100.000000,1.000000,0.821918,120
pdbflex,plddt,mmseqs_85,4a0cD,DP01750,98,97,mmseqs,100.000000,0.989796,0.898148,97
pdbflex,plddt,mmseqs_85,3swnF,DP02067,117,113,mmseqs,100.000000,0.965812,1.000000,113
pdbflex,plddt,mmseqs_85,3o1yA,DP00006,105,104,mmseqs,100.000000,0.990476,0.990476,104
pdbflex,plddt,mmseqs_85,4c92G,DP01261,115,115,mmseqs,100.000000,1.000000,1.000000,115
pdbflex,plddt,mmseqs_85,1d4tA,DP02714,104,104,mmseqs,100.000000,1.000000,0.812500,104
pdbflex,plddt,mmseqs_85,2peiD,DP02968,109,109,mmseqs,100.000000,1.000000,0.813433,109
pdbflex,plddt,mmseqs_85,4ooiB,DP02188,112,108,mmseqs,100.000000,0.964286,1.000000,108
pdbflex,plddt,mmseqs_85,1pvbA,DP01025,108,107,mmseqs,100.000000,0.990741,1.000000,107
pdbflex,plddt,mmseqs_85,4emgA,DP02065,93,93,mmseqs,100.000000,1.000000,1.000000,93
pdbflex,plddt,mmseqs_85,5csnA,DP01738,95,92,mmseqs,100.000000,0.968421,1.000000,92
pdbflex,plddt,mmseqs_85,2iy1B,DP02294,83,82,mmseqs,100.000000,0.987952,0.811881,82
pdbflex,plddt,mmseqs_85,5vsuF,DP01402,88,86,mmseqs,100.000000,0.977273,1.000000,86
pdbflex,plddt,mmseqs_85,1rp3B,DP01092,88,88,mmseqs,100.000000,1.000000,1.000000,88
pdbflex,plddt,mmseqs_85,3gznI,DP02302,82,76,mmseqs,100.000000,0.926829,0.938272,76
pdbflex,plddt,mmseqs_85,4yg1A,DP02899,72,72,mmseqs,100.000000,1.000000,0.818182,72
pdbflex,plddt,mmseqs_85,4k0gA,DP03162,251,240,mmseqs,99.500000,0.956175,0.995851,240
pdbflex,plddt,mmseqs_85,1erkA,DP03864,364,357,mmseqs,99.400000,0.980769,0.991667,357
pdbflex,plddt,mmseqs_85,1hh4A,DP03298,192,191,mmseqs,99.400000,0.994792,0.994792,191
pdbflex,plddt,mmseqs_85,6s9wA,DP03300,446,445,mmseqs,99.300000,0.997758,0.927083,445
pdbflex,plddt,mmseqs_85,4fgbA,DP01958,320,320,mmseqs,99.300000,1.000000,0.855615,320
pdbflex,plddt,mmseqs_85,4k81B,DP00153,171,166,mmseqs,99.300000,0.970760,0.878307,166
pdbflex,plddt,mmseqs_85,6hdeB,DP00337,152,152,mmseqs,99.300000,1.000000,1.000000,152
pdbflex,plddt,mmseqs_85,1aoiE,DP01389,116,116,mmseqs,99.100000,1.000000,0.852941,116
pdbflex,plddt,mmseqs_85,5cqxB,DP00299,119,111,mmseqs,99.000000,0.932773,1.000000,111
pdbflex,plddt,mmseqs_85,5fugA,DP02301,110,109,mmseqs,99.000000,0.990909,0.851562,109
pdbflex,plddt,mmseqs_85,4oj3B,DP00513,101,101,mmseqs,99.000000,1.000000,1.000000,101
pdbflex,plddt,mmseqs_85,4fxhB,DP01881,95,95,mmseqs,98.900000,1.000000,1.000000,95
pdbflex,plddt,mmseqs_85,1xtmB,DP00257,175,175,mmseqs,98.800000,1.000000,0.892857,175
pdbflex,plddt,mmseqs_85,1xtsA,DP00364,177,171,mmseqs,98.800000,0.966102,0.929348,171
pdbflex,plddt,mmseqs_85,4zdrA,DP03654,266,234,mmseqs,98.700000,0.879699,0.955102,234
pdbflex,plddt,mmseqs_85,5lefA,DP02733,191,191,mmseqs,98.400000,1.000000,0.918269,191
pdbflex,plddt,mmseqs_85,2i2rF,DP03492,180,180,mmseqs,98.300000,1.000000,0.833333,180
pdbflex,plddt,mmseqs_85,3lqvB,DP01458,115,115,mmseqs,98.200000,1.000000,0.920000,115
pdbflex,plddt,mmseqs_85,4cfrB,DP03228,104,101,mmseqs,96.000000,0.971154,1.000000,101
pdbflex,plddt,mmseqs_85,3v9lB,DP03965,563,542,mmseqs,92.600000,0.962700,0.962700,542
pdbflex,plddt,mmseqs_85,1osaA,DP00344,148,148,mmseqs,89.100000,1.000000,0.993289,148
pdbflex,plddt,mmseqs_85,5cfkA,DP03782,259,259,mmseqs,88.600000,1.000000,1.000000,292
pdbflex,plddt,mmseqs_85,2jg7A,DP03966,510,510,mmseqs,85.000000,1.000000,0.946197,510
pdbflex,plddt,mmseqs_80,1y57A,DP01570,452,451,mmseqs,100.000000,0.997788,0.841418,451
pdbflex,plddt,mmseqs_80,3a9zA,DP00620,432,432,mmseqs,100.000000,1.000000,1.000000,432
pdbflex,plddt,mmseqs_80,1j1cB,DP00385,420,420,mmseqs,100.000000,1.000000,1.000000,420
pdbflex,plddt,mmseqs_80,3mi9A,DP01309,351,345,mmseqs,100.000000,0.982906,0.927419,345
pdbflex,plddt,mmseqs_80,3aloA,DP01400,327,320,mmseqs,100.000000,0.978593,0.802005,320
pdbflex,plddt,mmseqs_80,4k18A,DP00322,277,277,mmseqs,100.000000,1.000000,0.884984,277
pdbflex,plddt,mmseqs_80,3q66A,DP02908,264,264,mmseqs,100.000000,1.000000,1.000000,264
pdbflex,plddt,mmseqs_80,1s5eA,DP00250,240,240,mmseqs,100.000000,1.000000,0.930233,240
pdbflex,plddt,mmseqs_80,1rrpA,DP01364,204,204,mmseqs,100.000000,1.000000,0.944444,204
pdbflex,plddt,mmseqs_80,3fn8A,DP00575,220,212,mmseqs,100.000000,0.963636,1.000000,212
pdbflex,plddt,mmseqs_80,1e0sA,DP02815,174,174,mmseqs,100.000000,1.000000,0.994286,174
pdbflex,plddt,mmseqs_80,1tcoB,DP00565,169,169,mmseqs,100.000000,1.000000,0.994118,169
pdbflex,plddt,mmseqs_80,2cyxA,DP02100,170,165,mmseqs,100.000000,0.970588,1.000000,165
pdbflex,plddt,mmseqs_80,1f8aB,DP02727,167,163,mmseqs,100.000000,0.976048,1.000000,163
pdbflex,plddt,mmseqs_80,5ltwG,DP01131,149,149,mmseqs,100.000000,1.000000,0.931250,149
pdbflex,plddt,mmseqs_80,1tijA,DP03297,120,120,mmseqs,100.000000,1.000000,0.821918,120
pdbflex,plddt,mmseqs_80,4a0cD,DP01750,98,97,mmseqs,100.000000,0.989796,0.898148,97
pdbflex,plddt,mmseqs_80,3swnF,DP02067,117,113,mmseqs,100.000000,0.965812,1.000000,113
pdbflex,plddt,mmseqs_80,3o1yA,DP00006,105,104,mmseqs,100.000000,0.990476,0.990476,104
pdbflex,plddt,mmseqs_80,4c92G,DP01261,115,115,mmseqs,100.000000,1.000000,1.000000,115
pdbflex,plddt,mmseqs_80,1d4tA,DP02714,104,104,mmseqs,100.000000,1.000000,0.812500,104
pdbflex,plddt,mmseqs_80,2peiD,DP02968,109,109,mmseqs,100.000000,1.000000,0.813433,109
pdbflex,plddt,mmseqs_80,4ooiB,DP02188,112,108,mmseqs,100.000000,0.964286,1.000000,108
pdbflex,plddt,mmseqs_80,1pvbA,DP01025,108,107,mmseqs,100.000000,0.990741,1.000000,107
pdbflex,plddt,mmseqs_80,4emgA,DP02065,93,93,mmseqs,100.000000,1.000000,1.000000,93
pdbflex,plddt,mmseqs_80,5csnA,DP01738,95,92,mmseqs,100.000000,0.968421,1.000000,92
pdbflex,plddt,mmseqs_80,2iy1B,DP02294,83,82,mmseqs,100.000000,0.987952,0.811881,82
pdbflex,plddt,mmseqs_80,5vsuF,DP01402,88,86,mmseqs,100.000000,0.977273,1.000000,86
pdbflex,plddt,mmseqs_80,1rp3B,DP01092,88,88,mmseqs,100.000000,1.000000,1.000000,88
pdbflex,plddt,mmseqs_80,3gznI,DP02302,82,76,mmseqs,100.000000,0.926829,0.938272,76
pdbflex,plddt,mmseqs_80,4yg1A,DP02899,72,72,mmseqs,100.000000,1.000000,0.818182,72
pdbflex,plddt,mmseqs_80,4k0gA,DP03162,251,240,mmseqs,99.500000,0.956175,0.995851,240
pdbflex,plddt,mmseqs_80,1erkA,DP03864,364,357,mmseqs,99.400000,0.980769,0.991667,357
pdbflex,plddt,mmseqs_80,1hh4A,DP03298,192,191,mmseqs,99.400000,0.994792,0.994792,191
pdbflex,plddt,mmseqs_80,6s9wA,DP03300,446,445,mmseqs,99.300000,0.997758,0.927083,445
pdbflex,plddt,mmseqs_80,4fgbA,DP01958,320,320,mmseqs,99.300000,1.000000,0.855615,320
pdbflex,plddt,mmseqs_80,4k81B,DP00153,171,166,mmseqs,99.300000,0.970760,0.878307,166
pdbflex,plddt,mmseqs_80,6hdeB,DP00337,152,152,mmseqs,99.300000,1.000000,1.000000,152
pdbflex,plddt,mmseqs_80,1aoiE,DP01389,116,116,mmseqs,99.100000,1.000000,0.852941,116
pdbflex,plddt,mmseqs_80,5cqxB,DP00299,119,111,mmseqs,99.000000,0.932773,1.000000,111
pdbflex,plddt,mmseqs_80,5fugA,DP02301,110,109,mmseqs,99.000000,0.990909,0.851562,109
pdbflex,plddt,mmseqs_80,4oj3B,DP00513,101,101,mmseqs,99.000000,1.000000,1.000000,101
pdbflex,plddt,mmseqs_80,4fxhB,DP01881,95,95,mmseqs,98.900000,1.000000,1.000000,95
pdbflex,plddt,mmseqs_80,1xtmB,DP00257,175,175,mmseqs,98.800000,1.000000,0.892857,175
pdbflex,plddt,mmseqs_80,1xtsA,DP00364,177,171,mmseqs,98.800000,0.966102,0.929348,171
pdbflex,plddt,mmseqs_80,4zdrA,DP03654,266,234,mmseqs,98.700000,0.879699,0.955102,234
pdbflex,plddt,mmseqs_80,5lefA,DP02733,191,191,mmseqs,98.400000,1.000000,0.918269,191
pdbflex,plddt,mmseqs_80,2i2rF,DP03492,180,180,mmseqs,98.300000,1.000000,0.833333,180
pdbflex,plddt,mmseqs_80,3lqvB,DP01458,115,115,mmseqs,98.200000,1.000000,0.920000,115
pdbflex,plddt,mmseqs_80,4cfrB,DP03228,104,101,mmseqs,96.000000,0.971154,1.000000,101
pdbflex,plddt,mmseqs_80,3v9lB,DP03965,563,542,mmseqs,92.600000,0.962700,0.962700,542
pdbflex,plddt,mmseqs_80,1osaA,DP00344,148,148,mmseqs,89.100000,1.000000,0.993289,148
pdbflex,plddt,mmseqs_80,5cfkA,DP03782,259,259,mmseqs,88.600000,1.000000,1.000000,292
pdbflex,plddt,mmseqs_80,2jg7A,DP03966,510,510,mmseqs,85.000000,1.000000,0.946197,510
pdbflex,plddt,mmseqs_80,6dv5A,DP00142,205,205,mmseqs,83.200000,1.000000,1.000000,209
pdbflex,disprot,exact,2gwoC,DP03897,198,198,sequence,,,,
pdbflex,disprot,exact,4mteD,DP04103,171,170,sequence,,,,
pdbflex,disprot,exact,6oqqA,DP04397,873,757,sequence,,,,
pdbflex,disprot,exact,3akkA,DP04385,325,296,sequence,,,,
pdbflex,disprot,exact,2ougA,DP03913,162,162,sequence,,,,
pdbflex,disprot,exact,2q28A,DP03810,564,560,sequence,,,,
pdbflex,disprot,exact,6dv5A,DP04262,205,192,sequence,,,,
pdbflex,disprot,mmseqs_100,6oqqA,DP04397,873,757,mmseqs,100.000000,1.000000,1.000000,873
pdbflex,disprot,mmseqs_100,5akpB,DP04387,640,626,mmseqs,100.000000,0.989062,0.998423,633
pdbflex,disprot,mmseqs_100,2q28A,DP03810,564,560,mmseqs,100.000000,1.000000,1.000000,564
pdbflex,disprot,mmseqs_100,2pfvA,DP03978,563,561,mmseqs,100.000000,0.996448,0.900482,561
pdbflex,disprot,mmseqs_100,4d9sA,DP04210,406,396,mmseqs,100.000000,0.997537,0.920455,405
pdbflex,disprot,mmseqs_100,3akkA,DP04385,325,296,mmseqs,100.000000,1.000000,1.000000,325
pdbflex,disprot,mmseqs_100,4i5tA,DP03915,333,325,mmseqs,100.000000,0.975976,1.000000,325
pdbflex,disprot,mmseqs_100,4bf9A,DP03812,338,315,mmseqs,100.000000,0.931953,1.000000,315
pdbflex,disprot,mmseqs_100,5y2fA,DP04167,316,316,mmseqs,100.000000,1.000000,0.890141,316
pdbflex,disprot,mmseqs_100,4b0mM,DP04091,235,233,mmseqs,100.000000,1.000000,0.910853,235
pdbflex,disprot,mmseqs_100,6dv5A,DP04262,205,192,mmseqs,100.000000,1.000000,1.000000,205
pdbflex,disprot,mmseqs_100,2gwoC,DP03897,198,198,mmseqs,100.000000,1.000000,1.000000,198
pdbflex,disprot,mmseqs_100,2gm3A,DP04060,175,163,mmseqs,100.000000,0.994286,0.994286,174
pdbflex,disprot,mmseqs_100,4mteD,DP04103,171,170,mmseqs,100.000000,1.000000,1.000000,171
pdbflex,disprot,mmseqs_100,1yh2A,DP04267,169,165,mmseqs,100.000000,0.988166,0.847716,167
pdbflex,disprot,mmseqs_100,2ougA,DP03913,162,162,mmseqs,100.000000,1.000000,1.000000,162
pdbflex,disprot,mmseqs_100,2fjyB,DP04170,142,142,mmseqs,100.000000,1.000000,0.865854,142
pdbflex,disprot,mmseqs_98,6oqqA,DP04397,873,757,mmseqs,100.000000,1.000000,1.000000,873
pdbflex,disprot,mmseqs_98,5akpB,DP04387,640,626,mmseqs,100.000000,0.989062,0.998423,633
pdbflex,disprot,mmseqs_98,2q28A,DP03810,564,560,mmseqs,100.000000,1.000000,1.000000,564
pdbflex,disprot,mmseqs_98,2pfvA,DP03978,563,561,mmseqs,100.000000,0.996448,0.900482,561
pdbflex,disprot,mmseqs_98,4d9sA,DP04210,406,396,mmseqs,100.000000,0.997537,0.920455,405
pdbflex,disprot,mmseqs_98,3akkA,DP04385,325,296,mmseqs,100.000000,1.000000,1.000000,325
pdbflex,disprot,mmseqs_98,4i5tA,DP03915,333,325,mmseqs,100.000000,0.975976,1.000000,325
pdbflex,disprot,mmseqs_98,4bf9A,DP03812,338,315,mmseqs,100.000000,0.931953,1.000000,315
pdbflex,disprot,mmseqs_98,5y2fA,DP04167,316,316,mmseqs,100.000000,1.000000,0.890141,316
pdbflex,disprot,mmseqs_98,4b0mM,DP04091,235,233,mmseqs,100.000000,1.000000,0.910853,235
pdbflex,disprot,mmseqs_98,6dv5A,DP04262,205,192,mmseqs,100.000000,1.000000,1.000000,205
pdbflex,disprot,mmseqs_98,2gwoC,DP03897,198,198,mmseqs,100.000000,1.000000,1.000000,198
pdbflex,disprot,mmseqs_98,2gm3A,DP04060,175,163,mmseqs,100.000000,0.994286,0.994286,174
pdbflex,disprot,mmseqs_98,4mteD,DP04103,171,170,mmseqs,100.000000,1.000000,1.000000,171
pdbflex,disprot,mmseqs_98,1yh2A,DP04267,169,165,mmseqs,100.000000,0.988166,0.847716,167
pdbflex,disprot,mmseqs_98,2ougA,DP03913,162,162,mmseqs,100.000000,1.000000,1.000000,162
pdbflex,disprot,mmseqs_98,2fjyB,DP04170,142,142,mmseqs,100.000000,1.000000,0.865854,142
pdbflex,disprot,mmseqs_98,1jkyA,DP04380,776,776,mmseqs,99.800000,1.000000,0.959209,776
pdbflex,disprot,mmseqs_98,3sq7A,DP04065,470,443,mmseqs,99.700000,0.980851,0.847426,461
pdbflex,disprot,mmseqs_98,1szpA,DP03759,321,320,mmseqs,99.600000,0.996885,0.800000,320
pdbflex,disprot,mmseqs_98,2qppB,DP04179,264,264,mmseqs,99.600000,1.000000,0.835443,264
pdbflex,disprot,mmseqs_98,4b09A,DP04283,240,232,mmseqs,99.500000,1.000000,1.000000,240
pdbflex,disprot,mmseqs_98,1c0wB,DP04250,225,225,mmseqs,99.100000,1.000000,0.995575,225
pdbflex,disprot,mmseqs_98,3dj1A,DP04287,124,124,mmseqs,99.100000,1.000000,1.000000,124
pdbflex,disprot,mmseqs_98,4xjkD,DP04125,114,114,mmseqs,99.100000,1.000000,1.000000,114
pdbflex,disprot,mmseqs_98,6gt1B,DP04284,302,302,mmseqs,99.000000,1.000000,1.000000,302
pdbflex,disprot,mmseqs_98,1aoiE,DP04281,116,116,mmseqs,98.200000,1.000000,0.852941,116
pdbflex,disprot,mmseqs_95,6oqqA,DP04397,873,757,mmseqs,100.000000,1.000000,1.000000,873
pdbflex,disprot,mmseqs_95,5akpB,DP04387,640,626,mmseqs,100.000000,0.989062,0.998423,633
pdbflex,disprot,mmseqs_95,2q28A,DP03810,564,560,mmseqs,100.000000,1.000000,1.000000,564
pdbflex,disprot,mmseqs_95,2pfvA,DP03978,563,561,mmseqs,100.000000,0.996448,0.900482,561
pdbflex,disprot,mmseqs_95,4d9sA,DP04210,406,396,mmseqs,100.000000,0.997537,0.920455,405
pdbflex,disprot,mmseqs_95,3akkA,DP04385,325,296,mmseqs,100.000000,1.000000,1.000000,325
pdbflex,disprot,mmseqs_95,4i5tA,DP03915,333,325,mmseqs,100.000000,0.975976,1.000000,325
pdbflex,disprot,mmseqs_95,4bf9A,DP03812,338,315,mmseqs,100.000000,0.931953,1.000000,315
pdbflex,disprot,mmseqs_95,5y2fA,DP04167,316,316,mmseqs,100.000000,1.000000,0.890141,316
pdbflex,disprot,mmseqs_95,4b0mM,DP04091,235,233,mmseqs,100.000000,1.000000,0.910853,235
pdbflex,disprot,mmseqs_95,6dv5A,DP04262,205,192,mmseqs,100.000000,1.000000,1.000000,205
pdbflex,disprot,mmseqs_95,2gwoC,DP03897,198,198,mmseqs,100.000000,1.000000,1.000000,198
pdbflex,disprot,mmseqs_95,2gm3A,DP04060,175,163,mmseqs,100.000000,0.994286,0.994286,174
pdbflex,disprot,mmseqs_95,4mteD,DP04103,171,170,mmseqs,100.000000,1.000000,1.000000,171
pdbflex,disprot,mmseqs_95,1yh2A,DP04267,169,165,mmseqs,100.000000,0.988166,0.847716,167
pdbflex,disprot,mmseqs_95,2ougA,DP03913,162,162,mmseqs,100.000000,1.000000,1.000000,162
pdbflex,disprot,mmseqs_95,2fjyB,DP04170,142,142,mmseqs,100.000000,1.000000,0.865854,142
pdbflex,disprot,mmseqs_95,1jkyA,DP04380,776,776,mmseqs,99.800000,1.000000,0.959209,776
pdbflex,disprot,mmseqs_95,3sq7A,DP04065,470,443,mmseqs,99.700000,0.980851,0.847426,461
pdbflex,disprot,mmseqs_95,1szpA,DP03759,321,320,mmseqs,99.600000,0.996885,0.800000,320
pdbflex,disprot,mmseqs_95,2qppB,DP04179,264,264,mmseqs,99.600000,1.000000,0.835443,264
pdbflex,disprot,mmseqs_95,4b09A,DP04283,240,232,mmseqs,99.500000,1.000000,1.000000,240
pdbflex,disprot,mmseqs_95,1c0wB,DP04250,225,225,mmseqs,99.100000,1.000000,0.995575,225
pdbflex,disprot,mmseqs_95,3dj1A,DP04287,124,124,mmseqs,99.100000,1.000000,1.000000,124
pdbflex,disprot,mmseqs_95,4xjkD,DP04125,114,114,mmseqs,99.100000,1.000000,1.000000,114
pdbflex,disprot,mmseqs_95,6gt1B,DP04284,302,302,mmseqs,99.000000,1.000000,1.000000,302
pdbflex,disprot,mmseqs_95,1aoiE,DP04281,116,116,mmseqs,98.200000,1.000000,0.852941,116
pdbflex,disprot,mmseqs_95,1s8fB,DP04058,177,172,mmseqs,96.000000,0.988701,0.870647,175
pdbflex,disprot,mmseqs_90,6oqqA,DP04397,873,757,mmseqs,100.000000,1.000000,1.000000,873
pdbflex,disprot,mmseqs_90,5akpB,DP04387,640,626,mmseqs,100.000000,0.989062,0.998423,633
pdbflex,disprot,mmseqs_90,2q28A,DP03810,564,560,mmseqs,100.000000,1.000000,1.000000,564
pdbflex,disprot,mmseqs_90,2pfvA,DP03978,563,561,mmseqs,100.000000,0.996448,0.900482,561
pdbflex,disprot,mmseqs_90,4d9sA,DP04210,406,396,mmseqs,100.000000,0.997537,0.920455,405
pdbflex,disprot,mmseqs_90,3akkA,DP04385,325,296,mmseqs,100.000000,1.000000,1.000000,325
pdbflex,disprot,mmseqs_90,4i5tA,DP03915,333,325,mmseqs,100.000000,0.975976,1.000000,325
pdbflex,disprot,mmseqs_90,4bf9A,DP03812,338,315,mmseqs,100.000000,0.931953,1.000000,315
pdbflex,disprot,mmseqs_90,5y2fA,DP04167,316,316,mmseqs,100.000000,1.000000,0.890141,316
pdbflex,disprot,mmseqs_90,4b0mM,DP04091,235,233,mmseqs,100.000000,1.000000,0.910853,235
pdbflex,disprot,mmseqs_90,6dv5A,DP04262,205,192,mmseqs,100.000000,1.000000,1.000000,205
pdbflex,disprot,mmseqs_90,2gwoC,DP03897,198,198,mmseqs,100.000000,1.000000,1.000000,198
pdbflex,disprot,mmseqs_90,2gm3A,DP04060,175,163,mmseqs,100.000000,0.994286,0.994286,174
pdbflex,disprot,mmseqs_90,4mteD,DP04103,171,170,mmseqs,100.000000,1.000000,1.000000,171
pdbflex,disprot,mmseqs_90,1yh2A,DP04267,169,165,mmseqs,100.000000,0.988166,0.847716,167
pdbflex,disprot,mmseqs_90,2ougA,DP03913,162,162,mmseqs,100.000000,1.000000,1.000000,162
pdbflex,disprot,mmseqs_90,2fjyB,DP04170,142,142,mmseqs,100.000000,1.000000,0.865854,142
pdbflex,disprot,mmseqs_90,1jkyA,DP04380,776,776,mmseqs,99.800000,1.000000,0.959209,776
pdbflex,disprot,mmseqs_90,3sq7A,DP04065,470,443,mmseqs,99.700000,0.980851,0.847426,461
pdbflex,disprot,mmseqs_90,1szpA,DP03759,321,320,mmseqs,99.600000,0.996885,0.800000,320
pdbflex,disprot,mmseqs_90,2qppB,DP04179,264,264,mmseqs,99.600000,1.000000,0.835443,264
pdbflex,disprot,mmseqs_90,4b09A,DP04283,240,232,mmseqs,99.500000,1.000000,1.000000,240
pdbflex,disprot,mmseqs_90,1c0wB,DP04250,225,225,mmseqs,99.100000,1.000000,0.995575,225
pdbflex,disprot,mmseqs_90,3dj1A,DP04287,124,124,mmseqs,99.100000,1.000000,1.000000,124
pdbflex,disprot,mmseqs_90,4xjkD,DP04125,114,114,mmseqs,99.100000,1.000000,1.000000,114
pdbflex,disprot,mmseqs_90,6gt1B,DP04284,302,302,mmseqs,99.000000,1.000000,1.000000,302
pdbflex,disprot,mmseqs_90,1aoiE,DP04281,116,116,mmseqs,98.200000,1.000000,0.852941,116
pdbflex,disprot,mmseqs_90,1s8fB,DP04058,177,172,mmseqs,96.000000,0.988701,0.870647,175
pdbflex,disprot,mmseqs_90,5ynhA,DP04087,1102,1069,mmseqs,90.200000,1.000000,1.000000,1102
pdbflex,disprot,mmseqs_85,6oqqA,DP04397,873,757,mmseqs,100.000000,1.000000,1.000000,873
pdbflex,disprot,mmseqs_85,5akpB,DP04387,640,626,mmseqs,100.000000,0.989062,0.998423,633
pdbflex,disprot,mmseqs_85,2q28A,DP03810,564,560,mmseqs,100.000000,1.000000,1.000000,564
pdbflex,disprot,mmseqs_85,2pfvA,DP03978,563,561,mmseqs,100.000000,0.996448,0.900482,561
pdbflex,disprot,mmseqs_85,4d9sA,DP04210,406,396,mmseqs,100.000000,0.997537,0.920455,405
pdbflex,disprot,mmseqs_85,3akkA,DP04385,325,296,mmseqs,100.000000,1.000000,1.000000,325
pdbflex,disprot,mmseqs_85,4i5tA,DP03915,333,325,mmseqs,100.000000,0.975976,1.000000,325
pdbflex,disprot,mmseqs_85,4bf9A,DP03812,338,315,mmseqs,100.000000,0.931953,1.000000,315
pdbflex,disprot,mmseqs_85,5y2fA,DP04167,316,316,mmseqs,100.000000,1.000000,0.890141,316
pdbflex,disprot,mmseqs_85,4b0mM,DP04091,235,233,mmseqs,100.000000,1.000000,0.910853,235
pdbflex,disprot,mmseqs_85,6dv5A,DP04262,205,192,mmseqs,100.000000,1.000000,1.000000,205
pdbflex,disprot,mmseqs_85,2gwoC,DP03897,198,198,mmseqs,100.000000,1.000000,1.000000,198
pdbflex,disprot,mmseqs_85,2gm3A,DP04060,175,163,mmseqs,100.000000,0.994286,0.994286,174
pdbflex,disprot,mmseqs_85,4mteD,DP04103,171,170,mmseqs,100.000000,1.000000,1.000000,171
pdbflex,disprot,mmseqs_85,1yh2A,DP04267,169,165,mmseqs,100.000000,0.988166,0.847716,167
pdbflex,disprot,mmseqs_85,2ougA,DP03913,162,162,mmseqs,100.000000,1.000000,1.000000,162
pdbflex,disprot,mmseqs_85,2fjyB,DP04170,142,142,mmseqs,100.000000,1.000000,0.865854,142
pdbflex,disprot,mmseqs_85,1jkyA,DP04380,776,776,mmseqs,99.800000,1.000000,0.959209,776
pdbflex,disprot,mmseqs_85,3sq7A,DP04065,470,443,mmseqs,99.700000,0.980851,0.847426,461
pdbflex,disprot,mmseqs_85,1szpA,DP03759,321,320,mmseqs,99.600000,0.996885,0.800000,320
pdbflex,disprot,mmseqs_85,2qppB,DP04179,264,264,mmseqs,99.600000,1.000000,0.835443,264
pdbflex,disprot,mmseqs_85,4b09A,DP04283,240,232,mmseqs,99.500000,1.000000,1.000000,240
pdbflex,disprot,mmseqs_85,1c0wB,DP04250,225,225,mmseqs,99.100000,1.000000,0.995575,225
pdbflex,disprot,mmseqs_85,3dj1A,DP04287,124,124,mmseqs,99.100000,1.000000,1.000000,124
pdbflex,disprot,mmseqs_85,4xjkD,DP04125,114,114,mmseqs,99.100000,1.000000,1.000000,114
pdbflex,disprot,mmseqs_85,6gt1B,DP04284,302,302,mmseqs,99.000000,1.000000,1.000000,302
pdbflex,disprot,mmseqs_85,1aoiE,DP04281,116,116,mmseqs,98.200000,1.000000,0.852941,116
pdbflex,disprot,mmseqs_85,1s8fB,DP04058,177,172,mmseqs,96.000000,0.988701,0.870647,175
pdbflex,disprot,mmseqs_85,5ynhA,DP04087,1102,1069,mmseqs,90.200000,1.000000,1.000000,1102
pdbflex,disprot,mmseqs_85,3rchA,DP03898,480,478,mmseqs,88.900000,0.995833,0.983539,478
pdbflex,disprot,mmseqs_80,6oqqA,DP04397,873,757,mmseqs,100.000000,1.000000,1.000000,873
pdbflex,disprot,mmseqs_80,5akpB,DP04387,640,626,mmseqs,100.000000,0.989062,0.998423,633
pdbflex,disprot,mmseqs_80,2q28A,DP03810,564,560,mmseqs,100.000000,1.000000,1.000000,564
pdbflex,disprot,mmseqs_80,2pfvA,DP03978,563,561,mmseqs,100.000000,0.996448,0.900482,561
pdbflex,disprot,mmseqs_80,4d9sA,DP04210,406,396,mmseqs,100.000000,0.997537,0.920455,405
pdbflex,disprot,mmseqs_80,3akkA,DP04385,325,296,mmseqs,100.000000,1.000000,1.000000,325
pdbflex,disprot,mmseqs_80,4i5tA,DP03915,333,325,mmseqs,100.000000,0.975976,1.000000,325
pdbflex,disprot,mmseqs_80,4bf9A,DP03812,338,315,mmseqs,100.000000,0.931953,1.000000,315
pdbflex,disprot,mmseqs_80,5y2fA,DP04167,316,316,mmseqs,100.000000,1.000000,0.890141,316
pdbflex,disprot,mmseqs_80,4b0mM,DP04091,235,233,mmseqs,100.000000,1.000000,0.910853,235
pdbflex,disprot,mmseqs_80,6dv5A,DP04262,205,192,mmseqs,100.000000,1.000000,1.000000,205
pdbflex,disprot,mmseqs_80,2gwoC,DP03897,198,198,mmseqs,100.000000,1.000000,1.000000,198
pdbflex,disprot,mmseqs_80,2gm3A,DP04060,175,163,mmseqs,100.000000,0.994286,0.994286,174
pdbflex,disprot,mmseqs_80,4mteD,DP04103,171,170,mmseqs,100.000000,1.000000,1.000000,171
pdbflex,disprot,mmseqs_80,1yh2A,DP04267,169,165,mmseqs,100.000000,0.988166,0.847716,167
pdbflex,disprot,mmseqs_80,2ougA,DP03913,162,162,mmseqs,100.000000,1.000000,1.000000,162
pdbflex,disprot,mmseqs_80,2fjyB,DP04170,142,142,mmseqs,100.000000,1.000000,0.865854,142
pdbflex,disprot,mmseqs_80,1jkyA,DP04380,776,776,mmseqs,99.800000,1.000000,0.959209,776
pdbflex,disprot,mmseqs_80,3sq7A,DP04065,470,443,mmseqs,99.700000,0.980851,0.847426,461
pdbflex,disprot,mmseqs_80,1szpA,DP03759,321,320,mmseqs,99.600000,0.996885,0.800000,320
pdbflex,disprot,mmseqs_80,2qppB,DP04179,264,264,mmseqs,99.600000,1.000000,0.835443,264
pdbflex,disprot,mmseqs_80,4b09A,DP04283,240,232,mmseqs,99.500000,1.000000,1.000000,240
pdbflex,disprot,mmseqs_80,1c0wB,DP04250,225,225,mmseqs,99.100000,1.000000,0.995575,225
pdbflex,disprot,mmseqs_80,3dj1A,DP04287,124,124,mmseqs,99.100000,1.000000,1.000000,124
pdbflex,disprot,mmseqs_80,4xjkD,DP04125,114,114,mmseqs,99.100000,1.000000,1.000000,114
pdbflex,disprot,mmseqs_80,6gt1B,DP04284,302,302,mmseqs,99.000000,1.000000,1.000000,302
pdbflex,disprot,mmseqs_80,1aoiE,DP04281,116,116,mmseqs,98.200000,1.000000,0.852941,116
pdbflex,disprot,mmseqs_80,1s8fB,DP04058,177,172,mmseqs,96.000000,0.988701,0.870647,175
pdbflex,disprot,mmseqs_80,5ynhA,DP04087,1102,1069,mmseqs,90.200000,1.000000,1.000000,1102
pdbflex,disprot,mmseqs_80,3rchA,DP03898,480,478,mmseqs,88.900000,0.995833,0.983539,478
atlas,plddt,exact,3f0o_B,DP00575,212,212,sequence,,,,
atlas,plddt,exact,3f0p_A,DP00575,212,212,sequence,,,,
atlas,plddt,mmseqs_100,3f0o_B,DP00575,212,212,mmseqs,100.000000,1.000000,1.000000,212
atlas,plddt,mmseqs_100,3f0p_A,DP00575,212,212,mmseqs,100.000000,1.000000,1.000000,212
atlas,plddt,mmseqs_100,1d4t_A,DP02714,104,104,mmseqs,100.000000,1.000000,0.812500,104
atlas,plddt,mmseqs_98,3f0o_B,DP00575,212,212,mmseqs,100.000000,1.000000,1.000000,212
atlas,plddt,mmseqs_98,3f0p_A,DP00575,212,212,mmseqs,100.000000,1.000000,1.000000,212
atlas,plddt,mmseqs_98,1d4t_A,DP02714,104,104,mmseqs,100.000000,1.000000,0.812500,104
atlas,plddt,mmseqs_98,1qdd_A,DP03229,144,144,mmseqs,99.300000,1.000000,0.867470,144
atlas,plddt,mmseqs_95,3f0o_B,DP00575,212,212,mmseqs,100.000000,1.000000,1.000000,212
atlas,plddt,mmseqs_95,3f0p_A,DP00575,212,212,mmseqs,100.000000,1.000000,1.000000,212
atlas,plddt,mmseqs_95,1d4t_A,DP02714,104,104,mmseqs,100.000000,1.000000,0.812500,104
atlas,plddt,mmseqs_95,1qdd_A,DP03229,144,144,mmseqs,99.300000,1.000000,0.867470,144
atlas,plddt,mmseqs_95,2pw8_I,DP00137,65,65,mmseqs,96.900000,1.000000,1.000000,65
atlas,plddt,mmseqs_90,3f0o_B,DP00575,212,212,mmseqs,100.000000,1.000000,1.000000,212
atlas,plddt,mmseqs_90,3f0p_A,DP00575,212,212,mmseqs,100.000000,1.000000,1.000000,212
atlas,plddt,mmseqs_90,1d4t_A,DP02714,104,104,mmseqs,100.000000,1.000000,0.812500,104
atlas,plddt,mmseqs_90,1qdd_A,DP03229,144,144,mmseqs,99.300000,1.000000,0.867470,144
atlas,plddt,mmseqs_90,2pw8_I,DP00137,65,65,mmseqs,96.900000,1.000000,1.000000,65
atlas,plddt,mmseqs_85,3f0o_B,DP00575,212,212,mmseqs,100.000000,1.000000,1.000000,212
atlas,plddt,mmseqs_85,3f0p_A,DP00575,212,212,mmseqs,100.000000,1.000000,1.000000,212
atlas,plddt,mmseqs_85,1d4t_A,DP02714,104,104,mmseqs,100.000000,1.000000,0.812500,104
atlas,plddt,mmseqs_85,1qdd_A,DP03229,144,144,mmseqs,99.300000,1.000000,0.867470,144
atlas,plddt,mmseqs_85,2pw8_I,DP00137,65,65,mmseqs,96.900000,1.000000,1.000000,65
atlas,plddt,mmseqs_80,3f0o_B,DP00575,212,212,mmseqs,100.000000,1.000000,1.000000,212
atlas,plddt,mmseqs_80,3f0p_A,DP00575,212,212,mmseqs,100.000000,1.000000,1.000000,212
atlas,plddt,mmseqs_80,1d4t_A,DP02714,104,104,mmseqs,100.000000,1.000000,0.812500,104
atlas,plddt,mmseqs_80,1qdd_A,DP03229,144,144,mmseqs,99.300000,1.000000,0.867470,144
atlas,plddt,mmseqs_80,2pw8_I,DP00137,65,65,mmseqs,96.900000,1.000000,1.000000,65
atlas,disprot,mmseqs_100,6cka_B,DP04243,68,60,mmseqs,100.000000,0.882353,1.000000,60
atlas,disprot,mmseqs_98,6cka_B,DP04243,68,60,mmseqs,100.000000,0.882353,1.000000,60
atlas,disprot,mmseqs_98,2dtr_A,DP04250,226,226,mmseqs,99.100000,1.000000,1.000000,226
atlas,disprot,mmseqs_95,6cka_B,DP04243,68,60,mmseqs,100.000000,0.882353,1.000000,60
atlas,disprot,mmseqs_95,2dtr_A,DP04250,226,226,mmseqs,99.100000,1.000000,1.000000,226
atlas,disprot,mmseqs_90,6cka_B,DP04243,68,60,mmseqs,100.000000,0.882353,1.000000,60
atlas,disprot,mmseqs_90,2dtr_A,DP04250,226,226,mmseqs,99.100000,1.000000,1.000000,226
atlas,disprot,mmseqs_90,6j33_B,DP04087,1053,1051,mmseqs,91.900000,0.999050,0.965138,1052
atlas,disprot,mmseqs_85,6cka_B,DP04243,68,60,mmseqs,100.000000,0.882353,1.000000,60
atlas,disprot,mmseqs_85,2dtr_A,DP04250,226,226,mmseqs,99.100000,1.000000,1.000000,226
atlas,disprot,mmseqs_85,6j33_B,DP04087,1053,1051,mmseqs,91.900000,0.999050,0.965138,1052
atlas,disprot,mmseqs_80,6cka_B,DP04243,68,60,mmseqs,100.000000,0.882353,1.000000,60
atlas,disprot,mmseqs_80,2dtr_A,DP04250,226,226,mmseqs,99.100000,1.000000,1.000000,226
atlas,disprot,mmseqs_80,6j33_B,DP04087,1053,1051,mmseqs,91.900000,0.999050,0.965138,1052
plddt,disprot,mmseqs_98,DP01389,DP04281,136,136,mmseqs,99.200000,1.000000,1.000000,136
plddt,disprot,mmseqs_98,DP03043,DP04246,218,73,mmseqs,98.600000,1.000000,1.000000,218
plddt,disprot,mmseqs_98,DP00390,DP04288,418,394,mmseqs,98.500000,1.000000,1.000000,418
plddt,disprot,mmseqs_95,DP01389,DP04281,136,136,mmseqs,99.200000,1.000000,1.000000,136
plddt,disprot,mmseqs_95,DP03043,DP04246,218,73,mmseqs,98.600000,1.000000,1.000000,218
plddt,disprot,mmseqs_95,DP00390,DP04288,418,394,mmseqs,98.500000,1.000000,1.000000,418
plddt,disprot,mmseqs_95,DP01175,DP03937,333,64,mmseqs,97.500000,1.000000,1.000000,333
plddt,disprot,mmseqs_95,DP02263,DP04163,420,45,mmseqs,97.300000,1.000000,1.000000,420
plddt,disprot,mmseqs_95,DP02941,DP04044,622,335,mmseqs,97.100000,1.000000,1.000000,622
plddt,disprot,mmseqs_95,DP02360,DP04024,134,64,mmseqs,97.000000,1.000000,1.000000,134
plddt,disprot,mmseqs_95,DP03908,DP04281,136,136,mmseqs,96.300000,1.000000,1.000000,136
plddt,disprot,mmseqs_95,DP00151,DP04260,549,23,mmseqs,95.600000,1.000000,1.000000,551
plddt,disprot,mmseqs_90,DP01389,DP04281,136,136,mmseqs,99.200000,1.000000,1.000000,136
plddt,disprot,mmseqs_90,DP03043,DP04246,218,73,mmseqs,98.600000,1.000000,1.000000,218
plddt,disprot,mmseqs_90,DP00390,DP04288,418,394,mmseqs,98.500000,1.000000,1.000000,418
plddt,disprot,mmseqs_90,DP01175,DP03937,333,64,mmseqs,97.500000,1.000000,1.000000,333
plddt,disprot,mmseqs_90,DP02263,DP04163,420,45,mmseqs,97.300000,1.000000,1.000000,420
plddt,disprot,mmseqs_90,DP02941,DP04044,622,335,mmseqs,97.100000,1.000000,1.000000,622
plddt,disprot,mmseqs_90,DP02360,DP04024,134,64,mmseqs,97.000000,1.000000,1.000000,134
plddt,disprot,mmseqs_90,DP03908,DP04281,136,136,mmseqs,96.300000,1.000000,1.000000,136
plddt,disprot,mmseqs_90,DP00151,DP04260,549,23,mmseqs,95.600000,1.000000,1.000000,551
plddt,disprot,mmseqs_90,DP01157,DP04302,130,129,mmseqs,93.000000,1.000000,1.000000,130
plddt,disprot,mmseqs_90,DP01205,DP04302,129,128,mmseqs,93.000000,1.000000,1.000000,130
plddt,disprot,mmseqs_90,DP00646,DP03935,358,105,mmseqs,92.700000,1.000000,1.000000,358
plddt,disprot,mmseqs_90,DP01152,DP04191,1163,66,mmseqs,91.000000,1.000000,1.000000,1169
plddt,disprot,mmseqs_85,DP01389,DP04281,136,136,mmseqs,99.200000,1.000000,1.000000,136
plddt,disprot,mmseqs_85,DP03043,DP04246,218,73,mmseqs,98.600000,1.000000,1.000000,218
plddt,disprot,mmseqs_85,DP00390,DP04288,418,394,mmseqs,98.500000,1.000000,1.000000,418
plddt,disprot,mmseqs_85,DP01175,DP03937,333,64,mmseqs,97.500000,1.000000,1.000000,333
plddt,disprot,mmseqs_85,DP02263,DP04163,420,45,mmseqs,97.300000,1.000000,1.000000,420
plddt,disprot,mmseqs_85,DP02941,DP04044,622,335,mmseqs,97.100000,1.000000,1.000000,622
plddt,disprot,mmseqs_85,DP02360,DP04024,134,64,mmseqs,97.000000,1.000000,1.000000,134
plddt,disprot,mmseqs_85,DP03908,DP04281,136,136,mmseqs,96.300000,1.000000,1.000000,136
plddt,disprot,mmseqs_85,DP00151,DP04260,549,23,mmseqs,95.600000,1.000000,1.000000,551
plddt,disprot,mmseqs_85,DP01157,DP04302,130,129,mmseqs,93.000000,1.000000,1.000000,130
plddt,disprot,mmseqs_85,DP01205,DP04302,129,128,mmseqs,93.000000,1.000000,1.000000,130
plddt,disprot,mmseqs_85,DP00646,DP03935,358,105,mmseqs,92.700000,1.000000,1.000000,358
plddt,disprot,mmseqs_85,DP01152,DP04191,1163,66,mmseqs,91.000000,1.000000,1.000000,1169
plddt,disprot,mmseqs_85,DP01546,DP04302,124,120,mmseqs,89.300000,0.975806,0.938462,122
plddt,disprot,mmseqs_85,DP02918,DP04340,270,270,mmseqs,87.800000,1.000000,1.000000,272
plddt,disprot,mmseqs_80,DP01389,DP04281,136,136,mmseqs,99.200000,1.000000,1.000000,136
plddt,disprot,mmseqs_80,DP03043,DP04246,218,73,mmseqs,98.600000,1.000000,1.000000,218
plddt,disprot,mmseqs_80,DP00390,DP04288,418,394,mmseqs,98.500000,1.000000,1.000000,418
plddt,disprot,mmseqs_80,DP01175,DP03937,333,64,mmseqs,97.500000,1.000000,1.000000,333
plddt,disprot,mmseqs_80,DP02263,DP04163,420,45,mmseqs,97.300000,1.000000,1.000000,420
plddt,disprot,mmseqs_80,DP02941,DP04044,622,335,mmseqs,97.100000,1.000000,1.000000,622
plddt,disprot,mmseqs_80,DP02360,DP04024,134,64,mmseqs,97.000000,1.000000,1.000000,134
plddt,disprot,mmseqs_80,DP03908,DP04281,136,136,mmseqs,96.300000,1.000000,1.000000,136
plddt,disprot,mmseqs_80,DP00151,DP04260,549,23,mmseqs,95.600000,1.000000,1.000000,551
plddt,disprot,mmseqs_80,DP01157,DP04302,130,129,mmseqs,93.000000,1.000000,1.000000,130
plddt,disprot,mmseqs_80,DP01205,DP04302,129,128,mmseqs,93.000000,1.000000,1.000000,130
plddt,disprot,mmseqs_80,DP00646,DP03935,358,105,mmseqs,92.700000,1.000000,1.000000,358
plddt,disprot,mmseqs_80,DP01152,DP04191,1163,66,mmseqs,91.000000,1.000000,1.000000,1169
plddt,disprot,mmseqs_80,DP01546,DP04302,124,120,mmseqs,89.300000,0.975806,0.938462,122
plddt,disprot,mmseqs_80,DP02918,DP04340,270,270,mmseqs,87.800000,1.000000,1.000000,272
plddt,disprot,mmseqs_80,DP00142,DP04262,209,192,mmseqs,83.200000,1.000000,1.000000,209
plddt,disprot,mmseqs_80,DP01860,DP04012,92,91,mmseqs,81.300000,0.989130,0.989130,91
plddt,disprot,mmseqs_80,DP01036,DP04012,105,90,mmseqs,81.300000,0.866667,0.978261,91
