16969_1_1_1	16969_1_1_1
15893_1_1_1	15893_1_1_1
17139_1_1_1	17139_1_1_1
17139_1_1_1	17323_1_1_1
17045_1_1_1	17045_1_1_1
17045_1_1_1	17725_1_1_1
30481_1_1_1	30481_1_1_1
30481_1_1_1	245_1_1_1
30481_1_1_1	4194_1_1_1
17002_1_1_1	17002_1_1_1
17002_1_1_1	18018_1_1_1
19719_1_1_1	19719_1_1_1
19252_1_1_1	19252_1_1_1
31205_1_1_1	31205_1_1_1
25010_1_1_1	25010_1_1_1
25010_1_1_1	25007_1_1_1
10248_1_1_1	10248_1_1_1
11158_1_1_1	11158_1_1_1
11158_1_1_1	5036_1_1_1
11158_1_1_1	51311_1_1_1
11158_1_1_1	17691_1_1_1
11266_1_1_1	11266_1_1_1
10250_1_1_1	10250_1_1_1
10323_1_1_1	10323_1_1_1
10323_1_1_1	10328_1_1_1
18966_1_1_1	18966_1_1_1
18966_1_1_1	25969_1_1_1
51802_1_1_1	51802_1_1_1
19056_1_1_1	19056_1_1_1
18701_1_1_1	18701_1_1_1
15782_1_1_1	15782_1_1_1
15782_1_1_1	6725_1_1_1
15782_1_1_1	7087_1_1_1
15678_1_1_1	15678_1_1_1
15678_1_1_1	5844_1_1_1
27247_1_1_1	27247_1_1_1
27247_1_1_1	4633_1_1_1
27247_1_1_1	4222_1_1_1
27247_1_1_1	4638_1_1_1
27247_1_1_1	5529_1_1_1
17131_1_1_1	17131_1_1_1
17131_1_1_1	18261_1_1_1
17131_1_1_1	18262_1_1_1
17131_1_1_1	50972_1_1_1
17131_1_1_1	50353_1_1_1
17131_1_1_1	27683_1_1_1
17131_1_1_1	25643_1_1_1
17131_1_1_1	17148_1_1_1
52726_1_1_1	52726_1_1_1
52726_1_1_1	52727_1_1_1
16155_1_1_1	16155_1_1_1
18692_1_1_1	18692_1_1_1
17651_1_1_1	17651_1_1_1
17651_1_1_1	7132_1_1_1
16521_1_1_1	16521_1_1_1
16647_1_1_1	16647_1_1_1
16647_1_1_1	16592_1_1_1
19558_1_1_1	19558_1_1_1
18081_1_1_1	18081_1_1_1
34657_1_1_1	34657_1_1_1
16874_1_1_1	16874_1_1_1
16874_1_1_1	11062_1_1_1
16874_1_1_1	36532_1_1_1
16874_1_1_1	10137_1_1_1
18253_1_1_1	18253_1_1_1
18829_1_1_1	18829_1_1_1
15517_1_1_1	15517_1_1_1
15517_1_1_1	16617_1_1_1
15517_1_1_1	18113_1_1_1
15517_1_1_1	16945_1_1_1
15517_1_1_1	7322_1_1_1
15517_1_1_1	3471_1_1_1
17633_1_1_1	17633_1_1_1
50676_1_1_1	50676_1_1_1
18811_1_1_1	18811_1_1_1
19067_1_1_1	19067_1_1_1
19530_1_1_1	19530_1_1_1
27989_1_1_1	27989_1_1_1
27400_1_1_1	27400_1_1_1
27055_1_1_1	27055_1_1_1
27055_1_1_1	18017_1_1_1
34322_1_1_1	34322_1_1_1
34322_1_1_1	34639_1_1_1
51994_1_1_1	51994_1_1_1
52545_1_1_1	52545_1_1_1
52640_1_1_1	52640_1_1_1
52640_1_1_1	52985_1_1_1
16690_1_1_1	16690_1_1_1
50445_1_1_1	50445_1_1_1
27127_1_1_1	27127_1_1_1
11260_1_1_1	11260_1_1_1
10275_1_1_1	10275_1_1_1
11160_1_1_1	11160_1_1_1
11304_1_1_1	11304_1_1_1
11105_1_1_1	11105_1_1_1
25590_1_1_1	25590_1_1_1
25590_1_1_1	34383_1_1_1
25590_1_1_1	34281_1_1_1
25590_1_1_1	4417_1_1_1
25590_1_1_1	4671_1_1_1
25590_1_1_1	5490_1_1_1
25590_1_1_1	27961_1_1_1
25590_1_1_1	27965_1_1_1
25590_1_1_1	27967_1_1_1
25590_1_1_1	28016_1_1_1
25590_1_1_1	18281_1_1_1
25590_1_1_1	5605_1_1_1
25590_1_1_1	25968_1_1_1
25590_1_1_1	27040_1_1_1
25590_1_1_1	50811_1_1_1
25590_1_1_1	50812_1_1_1
25590_1_1_1	27687_1_1_1
25590_1_1_1	52772_1_1_1
25976_1_1_1	25976_1_1_1
18341_1_1_1	18341_1_1_1
25240_1_1_1	25240_1_1_1
15846_1_1_1	15846_1_1_1
17723_1_1_1	17723_1_1_1
19881_1_1_1	19881_1_1_1
19881_1_1_1	19714_1_1_1
27313_1_1_1	27313_1_1_1
15369_1_1_1	15369_1_1_1
15011_1_1_1	15011_1_1_1
15011_1_1_1	15010_1_1_1
15011_1_1_1	15009_1_1_1
15011_1_1_1	15008_1_1_1
15011_1_1_1	5899_1_1_1
15603_1_1_1	15603_1_1_1
30802_1_1_1	30802_1_1_1
16731_1_1_1	16731_1_1_1
34011_1_1_1	34011_1_1_1
16098_1_1_1	16098_1_1_1
50725_1_1_1	50725_1_1_1
50725_1_1_1	50621_1_1_1
50725_1_1_1	50513_1_1_1
50725_1_1_1	51748_1_1_1
50725_1_1_1	6501_1_1_1
16545_1_1_1	16545_1_1_1
27847_1_1_1	27847_1_1_1
28132_1_1_1	28132_1_1_1
19490_1_1_1	19490_1_1_1
26723_1_1_1	26723_1_1_1
36288_1_1_1	36288_1_1_1
36288_1_1_1	34803_1_1_1
50963_1_1_1	50963_1_1_1
34101_1_1_1	34101_1_1_1
25040_1_1_1	25040_1_1_1
25139_1_1_1	25139_1_1_1
34549_1_1_1	34549_1_1_1
36528_1_1_1	36528_1_1_1
36528_1_1_1	36527_1_1_1
36528_1_1_1	6265_1_1_1
30118_1_1_1	30118_1_1_1
16389_1_1_1	16389_1_1_1
11572_1_1_1	11572_1_1_1
11572_1_1_1	11142_1_1_1
17319_1_1_1	17319_1_1_1
27952_1_1_1	27952_1_1_1
27952_1_1_1	18190_1_1_1
27952_1_1_1	50168_1_1_1
27952_1_1_1	30293_1_1_1
27952_1_1_1	51996_1_1_1
27952_1_1_1	27953_1_1_1
18089_1_1_1	18089_1_1_1
18089_1_1_1	18087_1_1_1
18089_1_1_1	17857_1_1_1
18089_1_1_1	17866_1_1_1
18089_1_1_1	4892_1_1_1
18089_1_1_1	5127_1_1_1
18089_1_1_1	18088_1_1_1
18089_1_1_1	4001_1_1_1
18089_1_1_1	5103_1_1_1
18089_1_1_1	4285_1_1_1
18089_1_1_1	25069_1_1_1
16066_1_1_1	16066_1_1_1
34640_1_1_1	34640_1_1_1
19110_1_1_1	19110_1_1_1
19110_1_1_1	16681_1_1_1
11301_1_1_1	11301_1_1_1
11124_1_1_1	11124_1_1_1
11124_1_1_1	11084_1_1_1
11214_1_1_1	11214_1_1_1
10273_1_1_1	10273_1_1_1
18353_1_1_1	18353_1_1_1
18353_1_1_1	19992_1_1_1
19800_1_1_1	19800_1_1_1
36179_1_1_1	36179_1_1_1
52498_1_1_1	52498_1_1_1
52498_1_1_1	4022_1_1_1
52498_1_1_1	27859_1_1_1
16746_1_1_1	16746_1_1_1
17530_1_1_1	17530_1_1_1
52146_1_1_1	52146_1_1_1
18562_1_1_1	18562_1_1_1
18704_1_1_1	18704_1_1_1
25805_1_1_1	25805_1_1_1
18887_1_1_1	18887_1_1_1
17204_1_1_1	17204_1_1_1
51073_1_1_1	51073_1_1_1
51073_1_1_1	5973_1_1_1
17275_1_1_1	17275_1_1_1
26022_1_1_1	26022_1_1_1
30821_1_1_1	30821_1_1_1
25113_1_1_1	25113_1_1_1
30551_1_1_1	30551_1_1_1
52271_1_1_1	52271_1_1_1
25665_1_1_1	25665_1_1_1
50794_1_1_1	50794_1_1_1
28109_1_1_1	28109_1_1_1
28109_1_1_1	27591_1_1_1
28109_1_1_1	27592_1_1_1
28109_1_1_1	25441_1_1_1
18045_1_1_1	18045_1_1_1
15560_1_1_1	15560_1_1_1
15560_1_1_1	17414_1_1_1
15560_1_1_1	16634_1_1_1
25618_1_1_1	25618_1_1_1
19632_1_1_1	19632_1_1_1
16643_1_1_1	16643_1_1_1
17827_1_1_1	17827_1_1_1
17827_1_1_1	16163_1_1_1
27598_1_1_1	27598_1_1_1
17305_1_1_1	17305_1_1_1
16635_1_1_1	16635_1_1_1
17105_1_1_1	17105_1_1_1
34678_1_1_1	34678_1_1_1
34925_1_1_1	34925_1_1_1
11065_1_1_1	11065_1_1_1
51094_1_1_1	51094_1_1_1
51094_1_1_1	53421_1_1_1
36341_1_1_1	36341_1_1_1
10149_1_1_1	10149_1_1_1
10149_1_1_1	11143_1_1_1
11096_1_1_1	11096_1_1_1
11096_1_1_1	11119_1_1_1
11402_1_1_1	11402_1_1_1
10324_1_1_1	10324_1_1_1
10324_1_1_1	10142_1_1_1
51133_1_1_1	51133_1_1_1
15943_1_1_1	15943_1_1_1
15943_1_1_1	15791_1_1_1
27424_1_1_1	27424_1_1_1
16380_1_1_1	16380_1_1_1
51521_1_1_1	51521_1_1_1
16890_1_1_1	16890_1_1_1
17212_1_1_1	17212_1_1_1
30527_1_1_1	30527_1_1_1
30325_1_1_1	30325_1_1_1
19044_1_1_1	19044_1_1_1
27111_1_1_1	27111_1_1_1
15334_1_1_1	15334_1_1_1
15911_1_1_1	15911_1_1_1
17863_1_1_1	17863_1_1_1
17863_1_1_1	16237_1_1_1
18387_1_1_1	18387_1_1_1
16557_1_1_1	16557_1_1_1
50907_1_1_1	50907_1_1_1
50907_1_1_1	6945_1_1_1
15139_1_1_1	15139_1_1_1
15139_1_1_1	15611_1_1_1
34202_1_1_1	34202_1_1_1
34202_1_1_1	34216_1_1_1
30569_1_1_1	30569_1_1_1
19801_1_1_1	19801_1_1_1
19801_1_1_1	17286_1_1_1
34112_1_1_1	34112_1_1_1
34112_1_1_1	34477_1_1_1
34112_1_1_1	34490_1_1_1
16676_1_1_1	16676_1_1_1
34555_1_1_1	34555_1_1_1
36521_1_1_1	36521_1_1_1
15942_1_1_1	15942_1_1_1
15942_1_1_1	51392_1_1_1
15942_1_1_1	26316_1_1_1
34839_1_1_1	34839_1_1_1
52022_1_1_1	52022_1_1_1
51239_1_1_1	51239_1_1_1
51239_1_1_1	51240_1_1_1
18533_1_1_1	18533_1_1_1
18533_1_1_1	6722_1_1_1
26011_1_1_1	26011_1_1_1
25037_1_1_1	25037_1_1_1
26780_1_1_1	26780_1_1_1
30007_1_1_1	30007_1_1_1
30007_1_1_1	34301_1_1_1
30007_1_1_1	34299_1_1_1
34462_1_1_1	34462_1_1_1
11399_1_1_1	11399_1_1_1
11399_1_1_1	34766_1_1_1
11399_1_1_1	6178_1_1_1
10269_1_1_1	10269_1_1_1
10193_1_1_1	10193_1_1_1
11281_1_1_1	11281_1_1_1
50091_1_1_1	50091_1_1_1
15990_1_1_1	15990_1_1_1
17507_1_1_1	17507_1_1_1
17507_1_1_1	27943_1_1_1
17507_1_1_1	27947_1_1_1
16001_1_1_1	16001_1_1_1
19302_1_1_1	19302_1_1_1
51489_1_1_1	51489_1_1_1
51489_1_1_1	51879_3_1_1
51489_1_1_1	17162_1_1_1
16267_1_1_1	16267_1_1_1
15203_1_1_1	15203_1_1_1
16835_1_1_1	16835_1_1_1
16835_1_1_1	27924_1_1_1
16835_1_1_1	6610_1_1_1
16835_1_1_1	16120_1_1_1
16835_1_1_1	5128_1_1_1
16835_1_1_1	5058_1_1_1
16835_1_1_1	5064_1_1_1
16835_1_1_1	18827_1_1_1
25819_1_1_1	25819_1_1_1
25819_1_1_1	25600_1_1_1
18548_1_1_1	18548_1_1_1
18548_1_1_1	18137_1_1_1
17277_1_1_1	17277_1_1_1
17952_1_1_1	17952_1_1_1
15222_1_1_1	15222_1_1_1
15229_1_1_1	15229_1_1_1
15231_1_1_1	15231_1_1_1
15240_1_1_1	15240_1_1_1
15245_1_1_1	15245_1_1_1
15245_1_1_1	11519_1_1_1
15245_1_1_1	15000_1_1_1
15245_1_1_1	5965_1_1_1
15245_1_1_1	5964_1_1_1
15245_1_1_1	5966_1_1_1
15245_1_1_1	31220_1_1_1
15245_1_1_1	31222_1_1_1
15245_1_1_1	31223_1_1_1
15246_1_1_1	15246_1_1_1
15248_1_1_1	15248_1_1_1
15252_1_1_1	15252_1_1_1
15256_1_1_1	15256_1_1_1
15265_1_1_1	15265_1_1_1
15268_1_1_1	15268_1_1_1
15278_1_1_1	15278_1_1_1
15278_1_1_1	15277_1_1_1
15280_1_1_1	15280_1_1_1
15286_1_1_1	15286_1_1_1
15286_1_1_1	4812_1_2_1
15286_1_1_1	19700_1_1_1
15312_1_1_1	15312_1_1_1
15317_1_1_1	15317_1_1_1
15317_1_1_1	15456_1_1_1
15318_1_1_1	15318_1_1_1
15322_1_1_1	15322_1_1_1
15323_1_1_1	15323_1_1_1
15326_1_1_1	15326_1_1_1
15167_1_1_1	15167_1_1_1
15171_1_1_1	15171_1_1_1
15172_1_1_1	15172_1_1_1
15178_1_1_1	15178_1_1_1
15178_1_1_1	7106_1_1_1
1517_1_1_1	1517_1_1_1
15189_1_1_1	15189_1_1_1
15193_1_1_1	15193_1_1_1
15204_1_1_1	15204_1_1_1
15217_1_1_1	15217_1_1_1
15221_1_1_1	15221_1_1_1
15085_1_1_1	15085_1_1_1
15088_1_1_1	15088_1_1_1
15090_1_1_1	15090_1_1_1
15102_1_1_1	15102_1_1_1
15102_1_1_1	27640_1_1_1
15105_1_1_1	15105_1_1_1
15106_1_1_1	15106_1_1_1
15111_1_1_1	15111_1_1_1
15127_1_1_1	15127_1_1_1
15158_1_1_1	15158_1_1_1
15164_1_1_1	15164_1_1_1
1497_1_1_1	1497_1_1_1
1497_1_1_1	420_1_1_1
15003_1_1_1	15003_1_1_1
15003_1_1_1	15466_1_1_1
15012_1_1_1	15012_1_1_1
15021_1_1_1	15021_1_1_1
15050_1_1_1	15050_1_1_1
15050_1_1_1	20095_1_1_1
15050_1_1_1	20098_1_1_1
15050_1_1_1	36025_1_1_1
15053_1_1_1	15053_1_1_1
15053_1_1_1	15052_1_1_1
15058_1_1_1	15058_1_1_1
15061_1_1_1	15061_1_1_1
15068_1_1_1	15068_1_1_1
15082_1_1_1	15082_1_1_1
15082_1_1_1	5284_1_1_1
15082_1_1_1	5285_1_1_1
15082_1_1_1	6134_1_1_1
18822_1_1_1	18822_1_1_1
18823_1_1_1	18823_1_1_1
18830_1_1_1	18830_1_1_1
18832_1_1_1	18832_1_1_1
18841_1_1_1	18841_1_1_1
18843_1_1_1	18843_1_1_1
18845_1_1_1	18845_1_1_1
18845_1_1_1	25885_1_1_1
18853_1_1_1	18853_1_1_1
1885_1_1_1	1885_1_1_1
1885_1_1_1	4298_1_1_1
1885_1_1_1	4322_1_1_1
1886_1_1_1	1886_1_1_1
18879_1_1_1	18879_1_1_1
18879_1_1_1	18809_1_1_1
18880_1_1_1	18880_1_1_1
18883_1_1_1	18883_1_1_1
18895_1_1_1	18895_1_1_1
18896_1_1_1	18896_1_1_1
18899_1_1_1	18899_1_1_1
18908_1_1_1	18908_1_1_1
18910_1_1_1	18910_1_1_1
18917_1_1_1	18917_1_1_1
18922_1_1_1	18922_1_1_1
18926_1_1_1	18926_1_1_1
18941_1_1_1	18941_1_1_1
18945_1_1_1	18945_1_1_1
18946_1_1_1	18946_1_1_1
18961_1_1_1	18961_1_1_1
18987_1_1_1	18987_1_1_1
18988_1_1_1	18988_1_1_1
18989_1_1_1	18989_1_1_1
18993_1_1_1	18993_1_1_1
18999_1_1_1	18999_1_1_1
18999_1_1_1	19846_1_1_1
18999_1_1_1	19847_1_1_1
1869_1_1_1	1869_1_1_1
18712_1_1_1	18712_1_1_1
18717_1_1_1	18717_1_1_1
18725_1_1_1	18725_1_1_1
18728_1_1_1	18728_1_1_1
18728_1_1_1	53410_1_1_1
18728_1_1_1	53413_1_1_1
18728_1_1_1	50254_1_1_1
18738_1_1_1	18738_1_1_1
18748_1_1_1	18748_1_1_1
18756_1_1_1	18756_1_1_1
18756_1_1_1	18759_1_1_1
18756_1_1_1	18760_1_1_1
18763_1_1_1	18763_1_1_1
18765_1_1_1	18765_1_1_1
18766_1_1_1	18766_1_1_1
18769_1_1_1	18769_1_1_1
18770_1_1_1	18770_1_1_1
18770_1_1_1	18771_1_1_1
18774_1_1_1	18774_1_1_1
18783_1_1_1	18783_1_1_1
18783_1_1_1	18300_1_1_1
18783_1_1_1	25598_1_1_1
18783_1_1_1	18784_1_1_1
18783_1_1_1	18965_1_1_1
18783_1_1_1	25653_1_1_1
18786_1_1_1	18786_1_1_1
18786_1_1_1	18785_1_1_1
18791_1_1_1	18791_1_1_1
18796_1_1_1	18796_1_1_1
18796_1_1_1	27315_1_1_1
18796_1_1_1	4936_1_1_1
18799_1_1_1	18799_1_1_1
18799_1_1_1	18798_1_1_1
18807_1_1_1	18807_1_1_1
18653_1_1_1	18653_1_1_1
18655_1_1_1	18655_1_1_1
18662_1_1_1	18662_1_1_1
18669_1_1_1	18669_1_1_1
18669_1_1_1	18342_1_1_1
18670_1_1_1	18670_1_1_1
18672_1_1_1	18672_1_1_1
18673_1_1_1	18673_1_1_1
18676_1_1_1	18676_1_1_1
18681_1_1_1	18681_1_1_1
18684_1_1_1	18684_1_1_1
18684_1_1_1	5264_1_1_1
5484_1_1_1	5484_1_1_1
5485_1_1_1	5485_1_1_1
5492_1_1_1	5492_1_1_1
5492_1_1_1	4259_1_1_1
5493_1_1_1	5493_1_1_1
5497_1_1_1	5497_1_1_1
5499_1_1_1	5499_1_1_1
5503_1_1_1	5503_1_1_1
5506_1_1_1	5506_1_1_1
5512_1_1_1	5512_1_1_1
5512_1_1_1	16310_1_1_1
5513_1_1_1	5513_1_1_1
5513_1_1_1	4965_1_1_1
5515_1_1_1	5515_1_1_1
5524_1_1_1	5524_1_1_1
5534_1_1_1	5534_1_1_1
5535_1_1_1	5535_1_1_1
5538_1_1_1	5538_1_1_1
5541_1_1_1	5541_1_1_1
5547_1_1_1	5547_1_1_1
5551_1_1_1	5551_1_1_1
5554_1_1_1	5554_1_1_1
5554_1_1_1	15020_1_1_1
5557_2_1_1	5557_2_1_1
5560_1_1_1	5560_1_1_1
5561_1_1_1	5561_1_1_1
5564_1_1_1	5564_1_1_1
5566_1_1_1	5566_1_1_1
5567_1_1_1	5567_1_1_1
5568_1_1_1	5568_1_1_1
5570_1_1_1	5570_1_1_1
5573_1_1_1	5573_1_1_1
5577_1_1_1	5577_1_1_1
5579_1_1_1	5579_1_1_1
5579_1_1_1	5048_1_1_1
5579_1_1_1	4681_1_1_1
5373_1_1_1	5373_1_1_1
5382_1_1_1	5382_1_1_1
5383_1_1_1	5383_1_1_1
5391_1_1_1	5391_1_1_1
5393_1_1_1	5393_1_1_1
5398_1_1_1	5398_1_1_1
5399_1_1_1	5399_1_1_1
5402_1_1_1	5402_1_1_1
5407_1_1_1	5407_1_1_1
5456_1_1_1	5456_1_1_1
5458_1_1_1	5458_1_1_1
5459_1_1_1	5459_1_1_1
5462_1_1_1	5462_1_1_1
5463_1_1_1	5463_1_1_1
5463_1_1_1	20080_1_1_1
5465_1_1_1	5465_1_1_1
5465_1_1_1	5951_1_1_1
5467_1_1_1	5467_1_1_1
5468_1_1_1	5468_1_1_1
5471_1_1_1	5471_1_1_1
5481_1_1_1	5481_1_1_1
5481_1_1_1	11245_1_1_1
5482_1_1_1	5482_1_1_1
53392_1_1_1	53392_1_1_1
53396_1_1_1	53396_1_1_1
5340_1_1_1	5340_1_1_1
5341_1_1_1	5341_1_1_1
5350_1_1_1	5350_1_1_1
5354_1_1_1	5354_1_1_1
5356_1_1_1	5356_1_1_1
5356_1_1_1	19668_1_1_1
5360_1_1_1	5360_1_1_1
5364_1_1_1	5364_1_1_1
5366_1_1_1	5366_1_1_1
17721_1_1_1	17721_1_1_1
17734_1_1_1	17734_1_1_1
17737_1_1_1	17737_1_1_1
17739_1_1_1	17739_1_1_1
17750_1_1_1	17750_1_1_1
17754_1_1_1	17754_1_1_1
17763_1_1_1	17763_1_1_1
17818_1_1_1	17818_1_1_1
17831_1_1_1	17831_1_1_1
17833_1_1_1	17833_1_1_1
17842_1_1_1	17842_1_1_1
17853_1_1_1	17853_1_1_1
17876_1_1_1	17876_1_1_1
17876_1_1_1	17987_1_1_1
17889_1_1_1	17889_1_1_1
17891_1_1_1	17891_1_1_1
17922_1_1_1	17922_1_1_1
17931_1_1_1	17931_1_1_1
17931_1_1_1	17930_1_1_1
17936_1_1_1	17936_1_1_1
17938_1_1_1	17938_1_1_1
17939_1_1_1	17939_1_1_1
17949_1_1_1	17949_1_1_1
17962_1_1_1	17962_1_1_1
17973_1_1_1	17973_1_1_1
17998_1_1_1	17998_1_1_1
17999_1_1_1	17999_1_1_1
18025_1_1_1	18025_1_1_1
18041_1_1_1	18041_1_1_1
18053_1_1_1	18053_1_1_1
18053_1_1_1	10120_1_1_1
18085_1_1_1	18085_1_1_1
18086_1_1_1	18086_1_1_1
18094_1_1_1	18094_1_1_1
18097_1_1_1	18097_1_1_1
18109_1_1_1	18109_1_1_1
18110_1_1_1	18110_1_1_1
18123_1_1_1	18123_1_1_1
18160_1_1_1	18160_1_1_1
18163_1_1_1	18163_1_1_1
18167_1_1_1	18167_1_1_1
18194_1_1_1	18194_1_1_1
18201_1_1_1	18201_1_1_1
18228_1_1_1	18228_1_1_1
18284_1_1_1	18284_1_1_1
18288_1_1_1	18288_1_1_1
18289_1_1_1	18289_1_1_1
18317_1_1_1	18317_1_1_1
18329_1_1_1	18329_1_1_1
18333_1_1_1	18333_1_1_1
18333_1_1_1	18321_1_1_1
18347_1_1_1	18347_1_1_1
18347_1_1_1	11537_1_1_1
18347_1_1_1	6849_1_1_1
18349_1_1_1	18349_1_1_1
18385_1_1_1	18385_1_1_1
18386_1_1_1	18386_1_1_1
18390_1_1_1	18390_1_1_1
1839_1_1_1	1839_1_1_1
18410_1_1_1	18410_1_1_1
18416_1_1_1	18416_1_1_1
18419_1_1_1	18419_1_1_1
18428_1_1_1	18428_1_1_1
18432_1_1_1	18432_1_1_1
18435_1_1_1	18435_1_1_1
18435_1_1_1	51797_1_1_1
18445_1_1_1	18445_1_1_1
18459_1_1_1	18459_1_1_1
18471_1_1_1	18471_1_1_1
18474_1_1_1	18474_1_1_1
18475_1_1_1	18475_1_1_1
18477_1_1_1	18477_1_1_1
18484_1_1_1	18484_1_1_1
18494_1_1_1	18494_1_1_1
18507_1_1_1	18507_1_1_1
18522_1_1_1	18522_1_1_1
18528_1_1_1	18528_1_1_1
18547_1_1_1	18547_1_1_1
18552_1_1_1	18552_1_1_1
18553_1_1_1	18553_1_1_1
18587_1_1_1	18587_1_1_1
18590_1_1_1	18590_1_1_1
18605_1_1_1	18605_1_1_1
18614_1_1_1	18614_1_1_1
18635_1_1_1	18635_1_1_1
18663_1_1_1	18663_1_1_1
18693_1_1_1	18693_1_1_1
26852_1_1_1	26852_1_1_1
26880_1_1_1	26880_1_1_1
26880_1_1_1	17332_1_1_1
26888_1_1_1	26888_1_1_1
26892_1_1_1	26892_1_1_1
26902_1_1_1	26902_1_1_1
26903_1_1_1	26903_1_1_1
26903_1_1_1	26905_1_1_1
26904_1_1_1	26904_1_1_1
26921_1_1_1	26921_1_1_1
26935_1_1_1	26935_1_1_1
26949_1_1_1	26949_1_1_1
26720_1_1_1	26720_1_1_1
26775_1_1_1	26775_1_1_1
26775_1_1_1	15194_1_1_1
26786_1_1_1	26786_1_1_1
26786_1_1_1	26762_1_1_1
26788_1_1_1	26788_1_1_1
26793_1_1_1	26793_1_1_1
26804_1_1_1	26804_1_1_1
26820_1_1_1	26820_1_1_1
26825_2_1_1	26825_2_1_1
26841_1_1_1	26841_1_1_1
26850_2_1_1	26850_2_1_1
28086_1_1_1	28086_1_1_1
28087_1_1_1	28087_1_1_1
28088_1_1_1	28088_1_1_1
28089_1_1_1	28089_1_1_1
28091_1_1_1	28091_1_1_1
28098_1_1_1	28098_1_1_1
28100_1_1_1	28100_1_1_1
28111_1_1_1	28111_1_1_1
28116_1_1_1	28116_1_1_1
28121_1_1_1	28121_1_1_1
17777_1_1_1	17777_1_1_1
17768_1_1_1	17768_1_1_1
34235_1_1_1	34235_1_1_1
30469_1_1_1	30469_1_1_1
30469_1_1_1	10085_1_1_1
26063_1_1_1	26063_1_1_1
18292_1_1_1	18292_1_1_1
15997_1_1_1	15997_1_1_1
17405_1_1_1	17405_1_1_1
15925_1_1_1	15925_1_1_1
17149_1_1_1	17149_1_1_1
17149_1_1_1	26954_1_1_1
17149_1_1_1	26955_1_1_1
17149_1_1_1	3433_1_1_1
17149_1_1_1	27327_1_1_1
17149_1_1_1	19590_1_1_1
17149_1_1_1	4888_1_1_1
34761_1_1_1	34761_1_1_1
18235_1_1_1	18235_1_1_1
50167_1_1_1	50167_1_1_1
50167_1_1_1	52635_1_1_1
50167_1_1_1	51997_1_1_1
50167_1_1_1	52065_1_1_1
50167_1_1_1	52091_1_1_1
50167_1_1_1	52098_1_1_1
50167_1_1_1	52286_1_1_1
50167_1_1_1	52762_1_1_1
50167_1_1_1	52763_1_1_1
27405_1_1_1	27405_1_1_1
27405_1_1_1	30457_1_1_1
27405_1_1_1	53239_1_1_1
27405_1_1_1	53240_1_1_1
27405_1_1_1	53241_1_1_1
34586_1_1_1	34586_1_1_1
50300_1_1_1	50300_1_1_1
16618_1_1_1	16618_1_1_1
16618_1_1_1	53303_1_1_1
16618_1_1_1	50169_1_1_1
19392_1_1_1	19392_1_1_1
18753_1_1_1	18753_1_1_1
18613_1_1_1	18613_1_1_1
18613_1_1_1	52671_1_1_1
11244_1_1_1	11244_1_1_1
26631_1_1_1	26631_1_1_1
10025_1_1_1	10025_1_1_1
26034_1_1_1	26034_1_1_1
15828_1_1_1	15828_1_1_1
17909_1_1_1	17909_1_1_1
51503_1_1_1	51503_1_1_1
25801_1_1_1	25801_1_1_1
52017_1_1_1	52017_1_1_1
52017_1_1_1	52018_2_2_1
52017_1_1_1	25616_1_1_1
52017_1_1_1	25623_1_1_1
27851_1_1_1	27851_1_1_1
15150_1_1_1	15150_1_1_1
11525_1_1_1	11525_1_1_1
15548_1_1_1	15548_1_1_1
15548_1_1_1	4827_1_1_1
15548_1_1_1	4828_1_1_1
25515_1_1_1	25515_1_1_1
25515_1_1_1	25514_1_1_1
18411_1_1_1	18411_1_1_1
15530_1_1_1	15530_1_1_1
25792_1_1_1	25792_1_1_1
15863_1_1_1	15863_1_1_1
15863_1_1_1	17765_1_1_1
25380_1_1_1	25380_1_1_1
30559_1_1_1	30559_1_1_1
51849_1_1_1	51849_1_1_1
15007_1_1_1	15007_1_1_1
15007_1_1_1	4437_1_1_1
15007_1_1_1	19233_1_1_1
34453_1_1_1	34453_1_1_1
34453_1_1_1	30598_1_1_1
34453_1_1_1	2283_1_1_1
34453_1_1_1	4853_1_1_1
34453_1_1_1	7330_1_1_1
34453_1_1_1	34771_1_1_1
34453_1_1_1	17988_1_1_1
34453_1_1_1	34078_1_1_1
16848_1_1_1	16848_1_1_1
25289_1_1_1	25289_1_1_1
25289_1_1_1	34396_1_1_1
25289_1_1_1	17159_1_1_1
25289_1_1_1	26680_1_1_1
25289_1_1_1	18052_1_1_1
18604_1_1_1	18604_1_1_1
18346_1_1_1	18346_1_1_1
27467_1_1_1	27467_1_1_1
18691_1_1_1	18691_1_1_1
27945_1_1_1	27945_1_1_1
27945_1_1_1	19271_1_1_1
27945_1_1_1	4186_1_1_1
19757_1_1_1	19757_1_1_1
19757_1_1_1	19758_1_1_1
52730_1_1_1	52730_1_1_1
25428_1_1_1	25428_1_1_1
19220_1_1_1	19220_1_1_1
25449_1_1_1	25449_1_1_1
30321_1_1_1	30321_1_1_1
11129_1_1_1	11129_1_1_1
11129_1_1_1	17192_1_1_1
10271_1_1_1	10271_1_1_1
11113_1_1_1	11113_1_1_1
11137_1_1_1	11137_1_1_1
18375_1_1_1	18375_1_1_1
18124_1_1_1	18124_1_1_1
19581_1_1_1	19581_1_1_1
25020_1_1_1	25020_1_1_1
25020_1_1_1	17822_1_1_1
25020_1_1_1	25016_1_1_1
25020_1_1_1	18092_1_1_1
25020_1_1_1	6116_1_1_1
18779_1_1_1	18779_1_1_1
25448_1_1_1	25448_1_1_1
25448_1_1_1	16883_1_1_1
16272_1_1_1	16272_1_1_1
34946_1_1_1	34946_1_1_1
17374_1_1_1	17374_1_1_1
17374_1_1_1	15557_1_1_1
18373_1_1_1	18373_1_1_1
18373_1_1_1	19976_1_1_1
18373_1_1_1	25003_1_1_1
18373_1_1_1	16673_1_1_1
18373_1_1_1	25821_1_1_1
25177_1_1_1	25177_1_1_1
25177_1_1_1	4126_1_1_1
28092_1_1_1	28092_1_1_1
28092_1_1_1	25630_1_1_1
28092_1_1_1	16294_1_1_1
28092_1_1_1	26970_1_1_1
27767_1_1_1	27767_1_1_1
15210_1_1_1	15210_1_1_1
17736_1_1_1	17736_1_1_1
30661_1_1_1	30661_1_1_1
30661_1_1_1	16921_1_1_1
30661_1_1_1	30662_1_1_1
30661_1_1_1	50008_1_1_1
15341_1_1_1	15341_1_1_1
15341_1_1_1	15482_1_1_1
50484_1_1_1	50484_1_1_1
50484_1_1_1	257_1_1_1
50484_1_1_1	16850_1_2_1
50484_1_1_1	5308_1_1_1
50484_1_1_1	256_1_1_1
50683_1_1_1	50683_1_1_1
50683_1_1_1	51831_1_1_1
34106_1_1_1	34106_1_1_1
17196_1_1_1	17196_1_1_1
34399_1_1_1	34399_1_1_1
19342_1_1_1	19342_1_1_1
19342_1_1_1	25273_1_1_1
34709_1_1_1	34709_1_1_1
10004_1_1_1	10004_1_1_1
10005_1_1_1	10005_1_1_1
10006_1_1_1	10006_1_1_1
10009_1_1_1	10009_1_1_1
10023_1_1_1	10023_1_1_1
10024_1_1_1	10024_1_1_1
10024_1_1_1	7320_1_1_1
10026_1_1_1	10026_1_1_1
10031_1_1_1	10031_1_1_1
10032_1_1_1	10032_1_1_1
10033_1_1_1	10033_1_1_1
10034_1_1_1	10034_1_1_1
10035_1_1_1	10035_1_1_1
10036_1_1_1	10036_1_1_1
10037_1_1_1	10037_1_1_1
10041_1_1_1	10041_1_1_1
10043_1_1_1	10043_1_1_1
10044_1_1_1	10044_1_1_1
10046_1_1_1	10046_1_1_1
10049_1_1_1	10049_1_1_1
10050_1_1_1	10050_1_1_1
10053_1_1_1	10053_1_1_1
10054_1_1_1	10054_1_1_1
10055_1_1_1	10055_1_1_1
10056_1_1_1	10056_1_1_1
10058_1_1_1	10058_1_1_1
10060_1_1_1	10060_1_1_1
10065_1_1_1	10065_1_1_1
10067_1_1_1	10067_1_1_1
10068_1_1_1	10068_1_1_1
10070_1_1_1	10070_1_1_1
10072_1_1_1	10072_1_1_1
10072_1_1_1	10071_1_1_1
10073_1_1_1	10073_1_1_1
10074_1_1_1	10074_1_1_1
10076_1_1_1	10076_1_1_1
10078_1_1_1	10078_1_1_1
10080_1_1_1	10080_1_1_1
10086_1_1_1	10086_1_1_1
10087_1_1_1	10087_1_1_1
10089_1_1_1	10089_1_1_1
10089_1_1_1	4683_1_1_1
10091_1_1_1	10091_1_1_1
10092_1_1_1	10092_1_1_1
10093_1_1_1	10093_1_1_1
10093_1_1_1	10094_1_1_1
10096_1_1_1	10096_1_1_1
10097_1_1_1	10097_1_1_1
10097_1_1_1	6152_1_1_1
10099_1_1_1	10099_1_1_1
10101_1_1_1	10101_1_1_1
10105_1_1_1	10105_1_1_1
10106_1_1_1	10106_1_1_1
10107_1_1_1	10107_1_1_1
10113_1_1_1	10113_1_1_1
10114_1_1_1	10114_1_1_1
10115_1_1_1	10115_1_1_1
10119_1_1_1	10119_1_1_1
10121_1_1_1	10121_1_1_1
10125_1_1_1	10125_1_1_1
10126_1_1_1	10126_1_1_1
10127_1_1_1	10127_1_1_1
10128_1_1_1	10128_1_1_1
10130_1_1_1	10130_1_1_1
10138_1_1_1	10138_1_1_1
10139_1_1_1	10139_1_1_1
10150_1_1_1	10150_1_1_1
10165_1_1_1	10165_1_1_1
10213_1_1_1	10213_1_1_1
10214_1_1_1	10214_1_1_1
10214_1_1_1	10215_1_1_1
10237_1_1_1	10237_1_1_1
10242_1_1_1	10242_1_1_1
10255_1_1_1	10255_1_1_1
10261_1_1_1	10261_1_1_1
10286_1_1_1	10286_1_1_1
10297_1_1_1	10297_1_1_1
10325_1_1_1	10325_1_1_1
1071_1_1_1	1071_1_1_1
11009_1_1_1	11009_1_1_1
11017_1_1_1	11017_1_1_1
11024_1_1_1	11024_1_1_1
11024_1_1_1	15378_1_1_1
11026_1_1_1	11026_1_1_1
11026_1_1_1	34420_1_1_1
11026_1_1_1	16622_1_1_1
11026_1_1_1	11043_1_1_1
11026_1_1_1	7305_1_1_1
11030_2_1_1	11030_2_1_1
11032_1_1_1	11032_1_1_1
11032_1_1_1	11033_1_1_1
11054_1_1_1	11054_1_1_1
11063_1_1_1	11063_1_1_1
11067_1_1_1	11067_1_1_1
11076_1_1_1	11076_1_1_1
11076_1_1_1	7248_1_1_1
11078_1_1_1	11078_1_1_1
11078_1_1_1	15356_1_1_1
11085_1_1_1	11085_1_1_1
11085_1_1_1	7058_1_1_1
11095_1_1_1	11095_1_1_1
11106_1_1_1	11106_1_1_1
11108_1_1_1	11108_1_1_1
11116_1_1_1	11116_1_1_1
11120_1_1_1	11120_1_1_1
11123_1_1_1	11123_1_1_1
11133_1_1_1	11133_1_1_1
11133_1_1_1	10030_1_1_1
11134_1_1_1	11134_1_1_1
11150_1_1_1	11150_1_1_1
11183_1_1_1	11183_1_1_1
11192_1_1_1	11192_1_1_1
11222_1_1_1	11222_1_1_1
11257_1_1_1	11257_1_1_1
11257_1_1_1	7095_1_1_1
11269_1_1_1	11269_1_1_1
11275_1_1_1	11275_1_1_1
11277_1_1_1	11277_1_1_1
11286_1_1_1	11286_1_1_1
11292_1_1_1	11292_1_1_1
11300_1_1_1	11300_1_1_1
11310_1_1_1	11310_1_1_1
11318_1_1_1	11318_1_1_1
11322_1_1_1	11322_1_1_1
11355_1_1_1	11355_1_1_1
11376_1_1_1	11376_1_1_1
11390_1_1_1	11390_1_1_1
11419_1_1_1	11419_1_1_1
11419_1_1_1	2199_1_1_1
11419_1_1_1	1652_1_1_1
11422_1_1_1	11422_1_1_1
11423_1_1_1	11423_1_1_1
11424_1_1_1	11424_1_1_1
11425_1_1_1	11425_1_1_1
11427_1_1_1	11427_1_1_1
11436_1_1_1	11436_1_1_1
11436_1_1_1	11434_1_1_1
11442_1_1_1	11442_1_1_1
11452_1_1_1	11452_1_1_1
11457_1_1_1	11457_1_1_1
11466_1_1_1	11466_1_1_1
11466_1_1_1	11441_1_1_1
11467_1_1_1	11467_1_1_1
11470_1_1_1	11470_1_1_1
11473_1_1_1	11473_1_1_1
11494_1_1_1	11494_1_1_1
11494_1_1_1	11493_1_1_1
11500_1_1_1	11500_1_1_1
11501_1_1_1	11501_1_1_1
11506_1_1_1	11506_1_1_1
11506_1_1_1	16715_1_1_1
11513_1_1_1	11513_1_1_1
11513_1_1_1	11592_1_1_1
11524_1_1_1	11524_1_1_1
11531_1_1_1	11531_1_1_1
11540_1_1_1	11540_1_1_1
11542_1_1_1	11542_1_1_1
11545_1_1_1	11545_1_1_1
11546_1_1_1	11546_1_1_1
11548_1_1_1	11548_1_1_1
11549_1_1_1	11549_1_1_1
11593_1_1_1	11593_1_1_1
11601_1_1_1	11601_1_1_1
11605_1_1_1	11605_1_1_1
11605_1_1_1	11604_1_1_1
12000_1_1_1	12000_1_1_1
12002_1_1_1	12002_1_1_1
12018_1_1_1	12018_1_1_1
1201_1_1_1	1201_1_1_1
12024_1_1_1	12024_1_1_1
1207_1_1_1	1207_1_1_1
1207_1_1_1	1208_1_1_1
1207_1_1_1	294_1_1_1
1207_1_1_1	295_1_1_1
1207_1_1_1	36070_1_1_1
1207_1_1_1	36071_1_1_1
1207_1_1_1	1323_1_1_1
1209_1_1_1	1209_1_1_1
1209_1_1_1	18043_1_1_1
1209_1_1_1	3456_1_1_1
1209_1_1_1	18146_1_1_1
1333_1_1_1	1333_1_1_1
1333_1_1_1	1866_1_1_1
1336_1_1_1	1336_1_1_1
1343_1_1_1	1343_1_1_1
1374_1_1_1	1374_1_1_1
1379_1_1_1	1379_1_1_1
1474_1_1_1	1474_1_1_1
1478_1_1_1	1478_1_1_1
1480_1_1_1	1480_1_1_1
1495_1_1_1	1495_1_1_1
17194_1_1_1	17194_1_1_1
17199_1_1_1	17199_1_1_1
17201_1_1_1	17201_1_1_1
17202_1_1_1	17202_1_1_1
17211_1_1_1	17211_1_1_1
17227_1_1_1	17227_1_1_1
17227_1_1_1	18513_1_1_1
17227_1_1_1	30454_1_1_1
17227_1_1_1	30459_1_1_1
17227_1_1_1	30460_1_1_1
17227_1_1_1	30461_1_1_1
17227_1_1_1	30462_1_1_1
17227_1_1_1	30463_1_1_1
17227_1_1_1	30464_1_1_1
17227_1_1_1	30465_1_1_1
17227_1_1_1	30466_1_1_1
17227_1_1_1	30467_1_1_1
17227_1_1_1	30468_1_1_1
17227_1_1_1	30719_1_1_1
17227_1_1_1	19524_1_1_1
17227_1_1_1	19519_1_1_1
17227_1_1_1	19527_1_1_1
17227_1_1_1	19528_1_1_1
17227_1_1_1	408_1_1_1
17233_1_1_1	17233_1_1_1
17238_1_1_1	17238_1_1_1
17240_1_1_1	17240_1_1_1
17240_1_1_1	15390_1_1_1
17240_1_1_1	18617_1_1_1
17240_1_1_1	16907_1_1_1
17240_1_1_1	25121_2_1_1
17250_1_1_1	17250_1_1_1
17089_1_1_1	17089_1_1_1
17125_1_1_1	17125_1_1_1
17141_1_1_1	17141_1_1_1
17150_1_1_1	17150_1_1_1
17152_1_1_1	17152_1_1_1
17160_1_1_1	17160_1_1_1
17160_1_1_1	19984_1_1_1
17169_1_1_1	17169_1_1_1
17170_1_1_1	17170_1_1_1
17173_1_1_1	17173_1_1_1
17191_1_1_1	17191_1_1_1
17022_1_1_1	17022_1_1_1
17025_1_1_1	17025_1_1_1
17026_1_1_1	17026_1_1_1
17027_1_1_1	17027_1_1_1
17036_1_1_1	17036_1_1_1
17039_1_1_1	17039_1_1_1
17050_1_1_1	17050_1_1_1
17063_1_1_1	17063_1_1_1
17063_1_1_1	17062_1_1_1
17063_1_1_1	16466_1_1_1
17075_1_1_1	17075_1_1_1
17086_1_1_1	17086_1_1_1
18581_1_1_1	18581_1_1_1
18588_1_1_1	18588_1_1_1
18589_1_1_1	18589_1_1_1
18598_1_1_1	18598_1_1_1
18601_1_1_1	18601_1_1_1
18612_1_1_1	18612_1_1_1
18618_1_1_1	18618_1_1_1
18620_1_1_1	18620_1_1_1
18628_1_1_1	18628_1_1_1
18634_1_1_1	18634_1_1_1
18517_1_1_1	18517_1_1_1
18530_1_1_1	18530_1_1_1
18538_1_1_1	18538_1_1_1
18538_1_1_1	18537_1_1_1
18540_1_1_1	18540_1_1_1
18540_1_1_1	18541_1_1_1
18540_1_1_1	25762_1_1_1
18542_1_1_1	18542_1_1_1
18560_1_1_1	18560_1_1_1
18560_1_1_1	19077_1_1_1
18563_1_1_1	18563_1_1_1
18568_1_1_1	18568_1_1_1
18571_1_1_1	18571_1_1_1
18576_1_1_1	18576_1_1_1
18469_1_1_1	18469_1_1_1
18469_1_1_1	17175_1_1_1
18472_1_1_1	18472_1_1_1
18485_1_1_1	18485_1_1_1
18487_1_1_1	18487_1_1_1
18488_1_1_1	18488_1_1_1
18488_1_1_1	18486_1_1_1
18489_1_1_1	18489_1_1_1
18491_1_1_1	18491_1_1_1
18492_1_1_1	18492_1_1_1
18495_1_1_1	18495_1_1_1
18511_1_1_1	18511_1_1_1
18405_1_1_1	18405_1_1_1
18409_1_1_1	18409_1_1_1
18412_1_1_1	18412_1_1_1
18415_1_1_1	18415_1_1_1
18420_1_1_1	18420_1_1_1
18440_1_1_1	18440_1_1_1
18443_1_1_1	18443_1_1_1
18449_1_1_1	18449_1_1_1
18455_1_1_1	18455_1_1_1
18455_1_1_1	18431_1_1_1
18463_1_1_1	18463_1_1_1
18324_1_1_1	18324_1_1_1
18332_1_1_1	18332_1_1_1
18339_1_1_1	18339_1_1_1
18345_1_1_1	18345_1_1_1
18345_1_1_1	30475_1_1_1
18350_1_1_1	18350_1_1_1
18358_1_1_1	18358_1_1_1
18363_1_1_1	18363_1_1_1
18376_1_1_1	18376_1_1_1
18392_1_1_1	18392_1_1_1
18392_1_1_1	28079_1_1_1
18392_1_1_1	28080_1_1_1
18392_1_1_1	50695_1_1_1
18394_1_1_1	18394_1_1_1
18280_1_1_1	18280_1_1_1
18283_1_1_1	18283_1_1_1
18290_1_1_1	18290_1_1_1
18291_1_1_1	18291_1_1_1
18291_1_1_1	18293_1_1_1
18291_1_1_1	18294_1_1_1
18291_1_1_1	18295_1_1_1
18291_1_1_1	26916_1_1_1
18298_1_1_1	18298_1_1_1
18303_1_1_1	18303_1_1_1
18309_1_1_1	18309_1_1_1
18316_1_1_1	18316_1_1_1
18318_1_1_1	18318_1_1_1
18320_1_1_1	18320_1_1_1
19294_1_1_1	19294_1_1_1
19318_1_1_1	19318_1_1_1
19321_1_1_1	19321_1_1_1
19321_1_1_1	6990_1_1_1
19325_1_1_1	19325_1_1_1
19343_1_1_1	19343_1_1_1
19366_1_1_1	19366_1_1_1
19372_1_1_1	19372_1_1_1
19374_1_1_1	19374_1_1_1
19380_1_1_1	19380_1_1_1
19407_1_1_1	19407_1_1_1
19416_1_1_1	19416_1_1_1
19426_1_1_1	19426_1_1_1
19436_1_1_1	19436_1_1_1
19446_1_1_1	19446_1_1_1
19452_1_1_1	19452_1_1_1
19477_1_1_1	19477_1_1_1
19489_1_1_1	19489_1_1_1
19491_1_1_1	19491_1_1_1
19498_1_1_1	19498_1_1_1
19535_1_1_1	19535_1_1_1
19550_1_1_1	19550_1_1_1
19554_1_1_1	19554_1_1_1
19570_1_1_1	19570_1_1_1
19598_1_1_1	19598_1_1_1
19599_1_1_1	19599_1_1_1
19607_1_1_1	19607_1_1_1
19613_1_1_1	19613_1_1_1
19654_1_1_1	19654_1_1_1
19680_1_1_1	19680_1_1_1
19689_1_1_1	19689_1_1_1
1968_1_1_1	1968_1_1_1
19703_1_1_1	19703_1_1_1
19709_1_1_1	19709_1_1_1
19736_1_1_1	19736_1_1_1
19751_1_1_1	19751_1_1_1
19755_1_1_1	19755_1_1_1
19768_1_1_1	19768_1_1_1
19773_1_1_1	19773_1_1_1
19773_1_1_1	19774_1_1_1
19782_1_1_1	19782_1_1_1
19797_1_1_1	19797_1_1_1
19808_1_1_1	19808_1_1_1
19809_1_1_1	19809_1_1_1
19814_1_1_1	19814_1_1_1
19830_1_1_1	19830_1_1_1
19849_1_1_1	19849_1_1_1
19851_1_1_1	19851_1_1_1
19878_1_1_1	19878_1_1_1
19882_1_1_1	19882_1_1_1
19923_1_1_1	19923_1_1_1
19929_1_1_1	19929_1_1_1
19929_1_1_1	19911_1_1_1
19938_1_1_1	19938_1_1_1
19948_1_1_1	19948_1_1_1
1996_1_1_1	1996_1_1_1
1996_1_1_1	1995_1_1_1
19971_1_1_1	19971_1_1_1
1997_1_1_1	1997_1_1_1
19982_1_1_1	19982_1_1_1
20051_1_1_1	20051_1_1_1
2053_1_1_1	2053_1_1_1
21010_1_1_1	21010_1_1_1
2118_1_1_1	2118_1_1_1
2197_1_1_1	2197_1_1_1
2261_1_1_1	2261_1_1_1
2261_1_1_1	349_1_1_1
2282_1_1_1	2282_1_1_1
2329_1_1_1	2329_1_1_1
2329_1_1_1	2328_1_1_1
25030_1_1_1	25030_1_1_1
25039_1_1_1	25039_1_1_1
25044_1_1_1	25044_1_1_1
25044_1_1_1	18767_1_1_1
25046_1_1_1	25046_1_1_1
25086_1_1_1	25086_1_1_1
25108_1_1_1	25108_1_1_1
25109_1_1_1	25109_1_1_1
25122_1_1_1	25122_1_1_1
25161_1_1_1	25161_1_1_1
25184_1_1_1	25184_1_1_1
25184_1_1_1	25185_1_1_1
25191_1_1_1	25191_1_1_1
25193_1_1_1	25193_1_1_1
25194_1_1_1	25194_1_1_1
25200_1_1_1	25200_1_1_1
25201_1_1_1	25201_1_1_1
25202_1_1_1	25202_1_1_1
25202_1_1_1	6698_1_1_1
25202_1_1_1	15075_1_1_1
15329_1_1_1	15329_1_1_1
15347_1_1_1	15347_1_1_1
15349_1_1_1	15349_1_1_1
15350_1_1_1	15350_1_1_1
15358_1_1_1	15358_1_1_1
15372_1_1_1	15372_1_1_1
15381_1_1_1	15381_1_1_1
15383_1_1_1	15383_1_1_1
15389_1_1_1	15389_1_1_1
15406_1_1_1	15406_1_1_1
15412_1_1_1	15412_1_1_1
15412_1_1_1	7249_1_1_1
15438_1_1_1	15438_1_1_1
15439_1_1_1	15439_1_1_1
15442_1_1_1	15442_1_1_1
15449_1_1_1	15449_1_1_1
15451_1_1_1	15451_1_1_1
15459_1_1_1	15459_1_1_1
15468_1_1_1	15468_1_1_1
15471_1_1_1	15471_1_1_1
15477_1_1_1	15477_1_1_1
15479_1_1_1	15479_1_1_1
15485_1_1_1	15485_1_1_1
15487_1_1_1	15487_1_1_1
15508_1_1_1	15508_1_1_1
15508_1_1_1	5067_1_1_1
15508_1_1_1	15931_1_1_1
15514_1_1_1	15514_1_1_1
15514_1_1_1	52917_1_1_1
15514_1_1_1	52918_1_1_1
15514_1_1_1	52919_1_1_1
15514_1_1_1	52921_1_1_1
15514_1_1_1	27208_1_1_1
15514_1_1_1	25224_1_1_1
15519_1_1_1	15519_1_1_1
15522_1_1_1	15522_1_1_1
15524_1_1_1	15524_1_1_1
15528_1_1_1	15528_1_1_1
15534_1_1_1	15534_1_1_1
1553_1_1_1	1553_1_1_1
15549_1_1_1	15549_1_1_1
15550_1_1_1	15550_1_1_1
15559_1_1_1	15559_1_1_1
15564_1_1_1	15564_1_1_1
15564_1_1_1	4146_1_1_1
15564_1_1_1	5326_1_1_1
15567_1_1_1	15567_1_1_1
15574_1_1_1	15574_1_1_1
15576_1_1_1	15576_1_1_1
15577_1_1_1	15577_1_1_1
15580_1_1_1	15580_1_1_1
15584_1_1_1	15584_1_1_1
15585_1_1_1	15585_1_1_1
15591_1_1_1	15591_1_1_1
15591_1_1_1	11443_1_1_1
15604_1_1_1	15604_1_1_1
15609_1_1_1	15609_1_1_1
15612_1_1_1	15612_1_1_1
15616_1_1_1	15616_1_1_1
15626_1_1_1	15626_1_1_1
15641_1_1_1	15641_1_1_1
15642_1_1_1	15642_1_1_1
15651_1_1_1	15651_1_1_1
15651_1_1_1	19940_1_1_1
15673_1_1_1	15673_1_1_1
15674_1_1_1	15674_1_1_1
15679_1_1_1	15679_1_1_1
15682_1_1_1	15682_1_1_1
15689_1_1_1	15689_1_1_1
15703_1_1_1	15703_1_1_1
15708_2_1_1	15708_2_1_1
15710_1_1_1	15710_1_1_1
15717_1_1_1	15717_1_1_1
15721_1_1_1	15721_1_1_1
15728_1_1_1	15728_1_1_1
15739_1_1_1	15739_1_1_1
15740_1_1_1	15740_1_1_1
15742_1_1_1	15742_1_1_1
15744_1_1_1	15744_1_1_1
15748_1_1_1	15748_1_1_1
15753_1_1_1	15753_1_1_1
15756_1_1_1	15756_1_1_1
15758_1_1_1	15758_1_1_1
15759_1_1_1	15759_1_1_1
15759_1_1_1	25564_1_1_1
15761_1_1_1	15761_1_1_1
15770_2_1_1	15770_2_1_1
15775_1_1_1	15775_1_1_1
15802_1_1_1	15802_1_1_1
15806_1_1_1	15806_1_1_1
15810_1_1_1	15810_1_1_1
15821_1_1_1	15821_1_1_1
15827_1_1_1	15827_1_1_1
15827_1_1_1	1710_1_1_1
15835_1_1_1	15835_1_1_1
15836_1_1_1	15836_1_1_1
15840_1_1_1	15840_1_1_1
15853_3_1_1	15853_3_1_1
15864_1_1_1	15864_1_1_1
15876_1_1_1	15876_1_1_1
15880_1_1_1	15880_1_1_1
15885_1_1_1	15885_1_1_1
15899_1_1_1	15899_1_1_1
15900_1_1_1	15900_1_1_1
15902_1_1_1	15902_1_1_1
15916_1_1_1	15916_1_1_1
15921_1_1_1	15921_1_1_1
15932_1_1_1	15932_1_1_1
15933_1_1_1	15933_1_1_1
15946_1_1_1	15946_1_1_1
15946_1_1_1	31194_1_1_1
15946_1_1_1	31195_1_1_1
15946_1_1_1	31196_1_1_1
15946_1_1_1	31197_1_1_1
15951_1_1_1	15951_1_1_1
15958_1_1_1	15958_1_1_1
15961_1_1_1	15961_1_1_1
15970_1_1_1	15970_1_1_1
15970_1_1_1	15971_1_1_1
15975_1_1_1	15975_1_1_1
15975_1_1_1	4870_1_1_1
15977_1_1_1	15977_1_1_1
15987_1_1_1	15987_1_1_1
15995_1_1_1	15995_1_1_1
15996_1_1_1	15996_1_1_1
15998_1_1_1	15998_1_1_1
16000_1_1_1	16000_1_1_1
16000_1_1_1	34045_2_1_1
16000_1_1_1	6568_1_1_1
16000_1_1_1	15993_1_1_1
16003_1_1_1	16003_1_1_1
16003_1_1_1	18417_1_1_1
16005_1_1_1	16005_1_1_1
16012_1_1_1	16012_1_1_1
16018_1_1_1	16018_1_1_1
16021_1_1_1	16021_1_1_1
16028_1_1_1	16028_1_1_1
16029_1_1_1	16029_1_1_1
16030_1_1_1	16030_1_1_1
16032_1_1_1	16032_1_1_1
16032_1_1_1	16031_1_1_1
16040_1_1_1	16040_1_1_1
16040_1_1_1	4371_1_1_1
16040_1_1_1	4825_1_1_1
16040_1_1_1	4893_1_1_1
16045_1_1_1	16045_1_1_1
16069_1_1_1	16069_1_1_1
16084_1_1_1	16084_1_1_1
16087_1_1_1	16087_1_1_1
16087_1_1_1	34170_1_1_1
16087_1_1_1	25957_1_1_1
16087_1_1_1	26734_1_1_1
52395_1_1_1	52395_1_1_1
52398_1_1_1	52398_1_1_1
52401_1_1_1	52401_1_1_1
52401_1_1_1	52309_1_1_1
52404_1_1_1	52404_1_1_1
52404_1_1_1	52403_1_1_1
52404_1_1_1	52402_1_1_1
52407_1_1_1	52407_1_1_1
52408_1_1_1	52408_1_1_1
52410_1_1_1	52410_1_1_1
52411_1_1_1	52411_1_1_1
52421_1_1_1	52421_1_1_1
52422_1_1_1	52422_1_1_1
52292_1_1_1	52292_1_1_1
52311_1_1_1	52311_1_1_1
52356_1_1_1	52356_1_1_1
52375_1_1_1	52375_1_1_1
52375_1_1_1	52349_1_1_1
52383_1_1_1	52383_1_1_1
52384_1_1_1	52384_1_1_1
52387_1_1_1	52387_1_1_1
52389_1_1_1	52389_1_1_1
52389_1_1_1	52388_1_1_1
52390_1_1_1	52390_1_1_1
52394_1_1_1	52394_1_1_1
6137_1_1_1	6137_1_1_1
6161_1_1_1	6161_1_1_1
6221_1_1_1	6221_1_1_1
6224_1_1_1	6224_1_1_1
6245_1_1_1	6245_1_1_1
6252_1_1_1	6252_1_1_1
6267_1_1_1	6267_1_1_1
6270_1_1_1	6270_1_1_1
6280_1_1_1	6280_1_1_1
6285_1_1_1	6285_1_1_1
11140_1_1_1	11140_1_1_1
11152_1_1_1	11152_1_1_1
11177_1_1_1	11177_1_1_1
11181_1_1_1	11181_1_1_1
11196_1_1_1	11196_1_1_1
11199_1_1_1	11199_1_1_1
11199_1_1_1	30937_1_1_1
11201_1_1_1	11201_1_1_1
11221_1_1_1	11221_1_1_1
11233_1_1_1	11233_1_1_1
11235_1_1_1	11235_1_1_1
16274_1_1_1	16274_1_1_1
16315_1_1_1	16315_1_1_1
16347_1_1_1	16347_1_1_1
16357_1_1_1	16357_1_1_1
16359_1_1_1	16359_1_1_1
1635_1_1_1	1635_1_1_1
16361_1_1_1	16361_1_1_1
16366_1_1_1	16366_1_1_1
16378_1_1_1	16378_1_1_1
16405_1_1_1	16405_1_1_1
16219_1_1_1	16219_1_1_1
16221_1_1_1	16221_1_1_1
16238_1_1_1	16238_1_1_1
16239_1_1_1	16239_1_1_1
16243_1_1_1	16243_1_1_1
16247_1_1_1	16247_1_1_1
1624_1_1_1	1624_1_1_1
16258_1_1_1	16258_1_1_1
16269_1_1_1	16269_1_1_1
16273_1_1_1	16273_1_1_1
16111_1_1_1	16111_1_1_1
16115_1_1_1	16115_1_1_1
16149_1_1_1	16149_1_1_1
16153_1_1_1	16153_1_1_1
16168_1_1_1	16168_1_1_1
1616_1_1_1	1616_1_1_1
16188_1_1_1	16188_1_1_1
16195_1_1_1	16195_1_1_1
16198_1_1_1	16198_1_1_1
16218_1_1_1	16218_1_1_1
16218_1_1_1	16500_1_1_1
4787_1_1_1	4787_1_1_1
481_1_1_1	481_1_1_1
481_1_1_1	480_1_1_1
4854_1_1_1	4854_1_1_1
4915_1_1_1	4915_1_1_1
4935_1_1_1	4935_1_1_1
4945_1_1_1	4945_1_1_1
4973_1_1_1	4973_1_1_1
50003_1_1_1	50003_1_1_1
50004_1_1_1	50004_1_1_1
50014_1_1_1	50014_1_1_1
50017_1_1_1	50017_1_1_1
50017_1_1_1	50739_1_1_1
50034_1_1_1	50034_1_1_1
50077_1_1_1	50077_1_1_1
50078_1_1_1	50078_1_1_1
50079_1_1_1	50079_1_1_1
50082_1_1_1	50082_1_1_1
50086_1_1_1	50086_1_1_1
50098_1_1_1	50098_1_1_1
50099_1_1_1	50099_1_1_1
50100_1_1_1	50100_1_1_1
4615_1_1_1	4615_1_1_1
4622_1_1_1	4622_1_1_1
4642_1_1_1	4642_1_1_1
4680_1_1_1	4680_1_1_1
4696_1_1_1	4696_1_1_1
4696_1_1_1	4561_1_1_1
4699_1_1_1	4699_1_1_1
4752_1_1_1	4752_1_1_1
476_1_1_1	476_1_1_1
4771_1_1_1	4771_1_1_1
4773_1_1_1	4773_1_1_1
4185_1_1_1	4185_1_1_1
4188_1_1_1	4188_1_1_1
4192_1_1_1	4192_1_1_1
4205_1_1_1	4205_1_1_1
4205_1_1_1	16426_1_1_1
4215_1_1_1	4215_1_1_1
421_1_1_1	421_1_1_1
421_1_1_1	2196_1_1_1
4220_1_1_1	4220_1_1_1
4221_1_1_1	4221_1_1_1
4223_1_1_1	4223_1_1_1
4234_1_1_1	4234_1_1_1
36464_1_1_1	36464_1_1_1
36486_1_1_1	36486_1_1_1
36565_1_1_1	36565_1_1_1
387_1_1_1	387_1_1_1
398_1_1_1	398_1_1_1
4060_1_1_1	4060_1_1_1
4081_1_1_1	4081_1_1_1
4112_1_1_1	4112_1_1_1
4138_1_1_1	4138_1_1_1
4138_1_1_1	4942_1_1_1
4183_1_1_1	4183_1_1_1
51087_1_1_1	51087_1_1_1
51091_1_1_1	51091_1_1_1
51092_1_1_1	51092_1_1_1
51096_1_1_1	51096_1_1_1
51108_1_1_1	51108_1_1_1
51108_1_1_1	26915_1_1_1
51115_1_1_1	51115_1_1_1
51132_1_1_1	51132_1_1_1
51147_1_1_1	51147_1_1_1
51147_1_1_1	51172_1_1_1
5115_1_1_1	5115_1_1_1
51160_1_1_1	51160_1_1_1
51160_1_1_1	4012_1_1_1
51160_1_1_1	1657_1_1_1
51160_1_1_1	5918_1_1_1
51160_1_1_1	7277_1_1_1
51160_1_1_1	7278_1_1_1
51160_1_1_1	51162_1_1_1
51176_1_1_1	51176_1_1_1
51184_1_1_1	51184_1_1_1
51186_1_1_1	51186_1_1_1
51193_1_1_1	51193_1_1_1
5119_1_1_1	5119_1_1_1
51226_1_1_1	51226_1_1_1
51227_1_1_1	51227_1_1_1
5126_1_1_1	5126_1_1_1
51281_1_1_1	51281_1_1_1
51282_1_1_1	51282_1_1_1
51294_1_1_1	51294_1_1_1
51294_1_1_1	15969_1_1_1
51297_1_1_1	51297_1_1_1
51299_1_1_1	51299_1_1_1
5129_1_1_1	5129_1_1_1
51304_1_1_1	51304_1_1_1
5130_1_1_1	5130_1_1_1
5130_1_1_1	6415_1_1_1
5130_1_1_1	6622_1_1_1
5130_1_1_1	5068_1_1_1
5130_1_1_1	3441_1_1_1
5130_1_1_1	4751_1_1_1
5130_1_1_1	4562_1_1_1
5130_1_1_1	5069_1_1_1
5130_1_1_1	76_1_1_1
5130_1_1_1	4831_1_1_1
5130_1_1_1	4883_1_1_1
5130_1_1_1	15198_1_1_1
5130_1_1_1	5803_1_1_1
5130_1_1_1	5804_1_1_1
5130_1_1_1	1770_1_1_1
5130_1_1_1	11459_1_1_1
5130_1_1_1	7159_1_1_1
5130_1_1_1	11052_1_1_1
5130_1_1_1	18365_1_1_1
5130_1_1_1	18366_1_1_1
5130_1_1_1	18367_1_1_1
5130_1_1_1	18368_1_1_1
5130_1_1_1	18369_1_1_1
5130_1_1_1	18370_1_1_1
5130_1_1_1	4943_2_1_1
51320_1_1_1	51320_1_1_1
51330_1_1_1	51330_1_1_1
51330_1_1_1	51318_1_1_1
5133_1_1_1	5133_1_1_1
5133_1_1_1	5056_1_1_1
5133_1_1_1	5132_1_1_1
51345_1_1_1	51345_1_1_1
51345_1_1_1	51343_1_1_1
51345_1_1_1	51344_1_1_1
51351_1_1_1	51351_1_1_1
51352_1_1_1	51352_1_1_1
51353_1_1_1	51353_1_1_1
51362_1_1_1	51362_1_1_1
51377_1_1_1	51377_1_1_1
51394_1_1_1	51394_1_1_1
51394_1_1_1	51393_1_1_1
51397_1_1_1	51397_1_1_1
51398_1_1_1	51398_1_1_1
51401_1_1_1	51401_1_1_1
51410_1_1_1	51410_1_1_1
51410_1_1_1	19750_1_1_1
5141_1_1_1	5141_1_1_1
51420_2_1_1	51420_2_1_1
51420_2_1_1	51421_1_1_1
51423_1_1_1	51423_1_1_1
51429_1_1_1	51429_1_1_1
51429_1_1_1	51428_1_1_1
51440_1_1_1	51440_1_1_1
51443_1_1_1	51443_1_1_1
51448_1_1_1	51448_1_1_1
51470_1_1_1	51470_1_1_1
5149_1_1_1	5149_1_1_1
5149_1_1_1	5150_1_1_1
5149_1_1_1	5143_1_1_1
51505_1_1_1	51505_1_1_1
51512_1_1_1	51512_1_1_1
51520_1_1_1	51520_1_1_1
51539_1_1_1	51539_1_1_1
51539_1_1_1	51793_1_1_1
5155_1_1_1	5155_1_1_1
5158_1_1_1	5158_1_1_1
5158_1_1_1	4568_1_1_1
5158_1_1_1	16501_1_1_1
5158_1_1_1	1203_1_1_1
5159_1_1_1	5159_1_1_1
51600_1_1_1	51600_1_1_1
51601_1_1_1	51601_1_1_1
51606_1_1_1	51606_1_1_1
5160_1_1_1	5160_1_1_1
5161_1_1_1	5161_1_1_1
51622_1_1_1	51622_1_1_1
51622_1_1_1	51621_1_1_1
51627_1_1_1	51627_1_1_1
51647_1_1_1	51647_1_1_1
51647_1_1_1	50948_1_1_1
5165_1_1_1	5165_1_1_1
51662_1_1_1	51662_1_1_1
5166_1_1_1	5166_1_1_1
5166_1_1_1	15486_1_1_1
51672_1_1_1	51672_1_1_1
51674_1_1_1	51674_1_1_1
51684_1_1_1	51684_1_1_1
51684_1_1_1	11256_1_1_1
51687_1_1_1	51687_1_1_1
51688_1_1_1	51688_1_1_1
51690_1_1_1	51690_1_1_1
51694_1_1_1	51694_1_1_1
51700_1_1_1	51700_1_1_1
51701_1_1_1	51701_1_1_1
51709_1_1_1	51709_1_1_1
51711_1_1_1	51711_1_1_1
51731_1_1_1	51731_1_1_1
5174_1_1_1	5174_1_1_1
51755_1_1_1	51755_1_1_1
51772_1_1_1	51772_1_1_1
5178_1_1_1	5178_1_1_1
51795_1_1_1	51795_1_1_1
51798_2_1_1	51798_2_1_1
5179_1_1_1	5179_1_1_1
5180_1_1_1	5180_1_1_1
51811_1_1_1	51811_1_1_1
51811_1_1_1	4100_1_1_1
51814_1_1_1	51814_1_1_1
5181_1_1_1	5181_1_1_1
51824_1_1_1	51824_1_1_1
5182_1_1_1	5182_1_1_1
51834_1_1_1	51834_1_1_1
51841_1_1_1	51841_1_1_1
51841_1_1_1	51840_1_1_1
51841_1_1_1	51842_1_1_1
51841_1_1_1	51843_1_1_1
51853_1_1_1	51853_1_1_1
51860_1_1_1	51860_1_1_1
51861_1_1_1	51861_1_1_1
51861_1_1_1	6334_1_1_1
5186_1_1_1	5186_1_1_1
51878_1_1_1	51878_1_1_1
5187_1_1_1	5187_1_1_1
51885_1_1_1	51885_1_1_1
51892_1_1_1	51892_1_1_1
5189_1_1_1	5189_1_1_1
51902_1_1_1	51902_1_1_1
51904_1_1_1	51904_1_1_1
5190_1_1_1	5190_1_1_1
5190_1_1_1	4389_1_1_1
5191_1_1_1	5191_1_1_1
51939_1_1_1	51939_1_1_1
51939_1_1_1	51940_1_1_1
51941_1_1_1	51941_1_1_1
51942_2_1_1	51942_2_1_1
51945_1_1_1	51945_1_1_1
51949_1_1_1	51949_1_1_1
51953_1_1_1	51953_1_1_1
51974_1_1_1	51974_1_1_1
51975_1_1_1	51975_1_1_1
51981_1_1_1	51981_1_1_1
51982_1_1_1	51982_1_1_1
51983_1_1_1	51983_1_1_1
5199_1_1_1	5199_1_1_1
5200_1_1_1	5200_1_1_1
5202_1_1_1	5202_1_1_1
52046_1_1_1	52046_1_1_1
52059_1_1_1	52059_1_1_1
5205_1_1_1	5205_1_1_1
52066_1_1_1	52066_1_1_1
52068_1_1_1	52068_1_1_1
52089_1_1_1	52089_1_1_1
5208_1_1_1	5208_1_1_1
5210_1_1_1	5210_1_1_1
52160_1_1_1	52160_1_1_1
52171_1_1_1	52171_1_1_1
52178_1_1_1	52178_1_1_1
52179_1_1_1	52179_1_1_1
5217_1_1_1	5217_1_1_1
52181_1_1_1	52181_1_1_1
52182_1_1_1	52182_1_1_1
52186_1_1_1	52186_1_1_1
5218_1_1_1	5218_1_1_1
5218_1_1_1	26610_1_1_1
5218_1_1_1	26597_1_1_1
52193_1_1_1	52193_1_1_1
52202_1_1_1	52202_1_1_1
52202_1_1_1	52206_1_1_1
52208_1_1_1	52208_1_1_1
52208_1_1_1	4732_1_1_1
52237_1_1_1	52237_1_1_1
52237_1_1_1	28077_1_1_1
52238_1_1_1	52238_1_1_1
5223_1_1_1	5223_1_1_1
5223_1_1_1	6261_1_1_1
5223_1_1_1	4122_1_1_1
5224_1_1_1	5224_1_1_1
5224_1_1_1	16572_1_1_1
52265_1_1_1	52265_1_1_1
52265_1_1_1	25674_1_1_1
52320_1_1_1	52320_1_1_1
52322_1_1_1	52322_1_1_1
52323_1_1_1	52323_1_1_1
52324_1_1_1	52324_1_1_1
52325_1_1_1	52325_1_1_1
52326_1_1_1	52326_1_1_1
5233_1_1_1	5233_1_1_1
5233_1_1_1	18608_1_1_1
5233_1_1_1	5780_1_1_1
5234_1_1_1	5234_1_1_1
5235_1_1_1	5235_1_1_1
52363_1_1_1	52363_1_1_1
5236_1_1_1	5236_1_1_1
52371_1_1_1	52371_1_1_1
52374_1_1_1	52374_1_1_1
52379_1_1_1	52379_1_1_1
52379_1_1_1	52382_1_1_1
5237_1_1_1	5237_1_1_1
52381_1_1_1	52381_1_1_1
5238_1_1_1	5238_1_1_1
52391_1_1_1	52391_1_1_1
52393_1_1_1	52393_1_1_1
52399_1_1_1	52399_1_1_1
52405_1_1_1	52405_1_1_1
52406_1_1_1	52406_1_1_1
52409_1_1_1	52409_1_1_1
52420_1_1_1	52420_1_1_1
51810_1_1_1	51810_1_1_1
51812_2_1_1	51812_2_1_1
51823_1_1_1	51823_1_1_1
51827_1_1_1	51827_1_1_1
51828_1_1_1	51828_1_1_1
51832_1_1_1	51832_1_1_1
51835_1_1_1	51835_1_1_1
51836_1_1_1	51836_1_1_1
5184_1_1_1	5184_1_1_1
51850_1_1_1	51850_1_1_1
51857_1_1_1	51857_1_1_1
51857_1_1_1	51858_1_1_1
51862_1_1_1	51862_1_1_1
51864_3_1_1	51864_3_1_1
51886_1_1_1	51886_1_1_1
51888_1_1_1	51888_1_1_1
51890_1_1_1	51890_1_1_1
51890_1_1_1	27401_1_1_1
51891_1_1_1	51891_1_1_1
51898_1_1_1	51898_1_1_1
51899_1_1_1	51899_1_1_1
51900_1_1_1	51900_1_1_1
51900_1_1_1	51920_1_1_1
51907_1_1_1	51907_1_1_1
5192_1_1_1	5192_1_1_1
51947_1_1_1	51947_1_1_1
51948_1_1_1	51948_1_1_1
51952_1_1_1	51952_1_1_1
51964_1_1_1	51964_1_1_1
51969_1_1_1	51969_1_1_1
51972_1_1_1	51972_1_1_1
51972_1_1_1	51976_1_1_1
51972_1_1_1	51977_1_1_1
51979_1_1_1	51979_1_1_1
51992_1_1_1	51992_1_1_1
52016_1_1_1	52016_1_1_1
52016_1_1_1	52289_1_1_1
52028_1_1_1	52028_1_1_1
52032_1_1_1	52032_1_1_1
52032_1_1_1	52031_1_1_1
52035_1_1_1	52035_1_1_1
52035_1_1_1	51535_1_1_1
52044_1_1_1	52044_1_1_1
52057_1_1_1	52057_1_1_1
52063_1_1_1	52063_1_1_1
52067_1_1_1	52067_1_1_1
52081_1_1_1	52081_1_1_1
52081_1_1_1	52079_1_1_1
52081_1_1_1	52080_1_1_1
52084_1_1_1	52084_1_1_1
52109_1_1_1	52109_1_1_1
52130_1_1_1	52130_1_1_1
52141_1_1_1	52141_1_1_1
52141_1_1_1	51829_1_1_1
52145_1_1_1	52145_1_1_1
52156_1_1_1	52156_1_1_1
52183_1_1_1	52183_1_1_1
52184_1_1_1	52184_1_1_1
52192_1_1_1	52192_1_1_1
52207_1_1_1	52207_1_1_1
52217_1_1_1	52217_1_1_1
52227_1_1_1	52227_1_1_1
52228_1_1_1	52228_1_1_1
52233_1_1_1	52233_1_1_1
52234_1_1_1	52234_1_1_1
52248_1_1_1	52248_1_1_1
52258_1_1_1	52258_1_1_1
52269_1_1_1	52269_1_1_1
52273_1_1_1	52273_1_1_1
52273_1_1_1	52296_1_1_1
52273_1_1_1	52298_1_1_1
52273_1_1_1	52301_1_1_1
52273_1_1_1	52305_1_1_1
52282_1_1_1	52282_1_1_1
52284_1_1_1	52284_1_1_1
16035_1_1_1	16035_1_1_1
16044_1_1_1	16044_1_1_1
16052_1_1_1	16052_1_1_1
16053_1_1_1	16053_1_1_1
16056_1_1_1	16056_1_1_1
16061_1_1_1	16061_1_1_1
16067_1_1_1	16067_1_1_1
16091_1_1_1	16091_1_1_1
16100_1_1_1	16100_1_1_1
16101_1_1_1	16101_1_1_1
15879_1_1_1	15879_1_1_1
15903_1_1_1	15903_1_1_1
15924_1_1_1	15924_1_1_1
15937_1_1_1	15937_1_1_1
15938_1_1_1	15938_1_1_1
15940_1_1_1	15940_1_1_1
15954_1_1_1	15954_1_1_1
15956_1_1_1	15956_1_1_1
15957_1_1_1	15957_1_1_1
15959_1_1_1	15959_1_1_1
15830_1_1_1	15830_1_1_1
15831_1_1_1	15831_1_1_1
15832_1_1_1	15832_1_1_1
15833_1_1_1	15833_1_1_1
15834_1_1_1	15834_1_1_1
15837_1_1_1	15837_1_1_1
15839_1_1_1	15839_1_1_1
15870_1_1_1	15870_1_1_1
15871_1_1_1	15871_1_1_1
15875_1_1_1	15875_1_1_1
34247_1_1_1	34247_1_1_1
34304_1_1_1	34304_1_1_1
34354_1_1_1	34354_1_1_1
34376_1_1_1	34376_1_1_1
34381_1_1_1	34381_1_1_1
34448_1_1_1	34448_1_1_1
34450_1_1_1	34450_1_1_1
34451_1_1_1	34451_1_1_1
34493_1_1_1	34493_1_1_1
34498_1_1_1	34498_1_1_1
34146_1_1_1	34146_1_1_1
34173_1_1_1	34173_1_1_1
34179_1_1_1	34179_1_1_1
34179_1_1_1	34180_1_1_1
34179_1_1_1	34181_1_1_1
34179_1_1_1	34475_1_1_1
34183_1_1_1	34183_1_1_1
34184_1_1_1	34184_1_1_1
34185_1_1_1	34185_1_1_1
34196_1_1_1	34196_1_1_1
34200_1_1_1	34200_1_1_1
34213_1_1_1	34213_1_1_1
34238_1_1_1	34238_1_1_1
5583_1_1_1	5583_1_1_1
5589_1_1_1	5589_1_1_1
5590_1_1_1	5590_1_1_1
5590_1_1_1	11038_1_1_1
5591_1_1_1	5591_1_1_1
5594_1_1_1	5594_1_1_1
5595_1_1_1	5595_1_1_1
5596_1_1_1	5596_1_1_1
5598_1_1_1	5598_1_1_1
5602_1_1_1	5602_1_1_1
5603_1_1_1	5603_1_1_1
5604_1_1_1	5604_1_1_1
5606_1_1_1	5606_1_1_1
5607_1_1_1	5607_1_1_1
5607_1_1_1	4432_1_1_1
5607_1_1_1	4433_1_1_1
5615_1_1_1	5615_1_1_1
5617_1_1_1	5617_1_1_1
5617_1_1_1	7078_1_1_1
5622_1_1_1	5622_1_1_1
5622_1_1_1	4817_1_1_1
5623_1_1_1	5623_1_1_1
5624_1_1_1	5624_1_1_1
5626_1_1_1	5626_1_1_1
5628_1_1_1	5628_1_1_1
5629_1_1_1	5629_1_1_1
5630_1_1_1	5630_1_1_1
5653_1_1_1	5653_1_1_1
5658_1_1_1	5658_1_1_1
5659_1_1_1	5659_1_1_1
5661_1_1_1	5661_1_1_1
5662_1_1_1	5662_1_1_1
5662_1_1_1	5175_1_1_1
5662_1_1_1	5663_1_1_1
5664_1_1_1	5664_1_1_1
5665_1_1_1	5665_1_1_1
5673_1_1_1	5673_1_1_1
5673_1_1_1	23_1_1_1
5677_1_1_1	5677_1_1_1
5677_1_1_1	17974_1_1_1
5677_1_1_1	5266_1_1_1
5677_1_1_1	5924_1_1_1
5677_1_1_1	28012_1_1_1
5678_1_1_1	5678_1_1_1
5679_1_1_1	5679_1_1_1
5679_1_1_1	5772_1_1_1
5682_1_1_1	5682_1_1_1
5683_1_1_1	5683_1_1_1
5686_1_1_1	5686_1_1_1
5687_1_1_1	5687_1_1_1
5687_1_1_1	15437_1_1_1
5688_1_1_1	5688_1_1_1
5695_1_1_1	5695_1_1_1
5696_1_1_1	5696_1_1_1
5696_1_1_1	10061_1_1_1
5696_1_1_1	6452_1_1_1
5699_1_1_1	5699_1_1_1
5701_1_1_1	5701_1_1_1
5704_1_1_1	5704_1_1_1
5706_1_1_1	5706_1_1_1
5709_1_1_1	5709_1_1_1
5710_1_1_1	5710_1_1_1
5711_1_1_1	5711_1_1_1
5719_1_1_1	5719_1_1_1
5721_1_1_1	5721_1_1_1
5732_1_1_1	5732_1_1_1
5733_1_1_1	5733_1_1_1
5742_1_1_1	5742_1_1_1
5747_1_1_1	5747_1_1_1
5748_1_1_1	5748_1_1_1
5750_1_1_1	5750_1_1_1
5756_1_1_1	5756_1_1_1
5758_1_1_1	5758_1_1_1
5761_1_1_1	5761_1_1_1
5763_1_1_1	5763_1_1_1
5764_1_1_1	5764_1_1_1
5764_1_1_1	16697_1_1_1
5765_1_1_1	5765_1_1_1
5766_1_1_1	5766_1_1_1
5769_1_1_1	5769_1_1_1
5771_1_1_1	5771_1_1_1
5779_1_1_1	5779_1_1_1
5786_1_1_1	5786_1_1_1
5789_1_1_1	5789_1_1_1
5792_1_1_1	5792_1_1_1
5792_1_1_1	15236_1_1_1
5792_1_1_1	15237_1_1_1
5792_1_1_1	15244_1_1_1
5793_1_1_1	5793_1_1_1
5795_2_1_1	5795_2_1_1
5796_1_1_1	5796_1_1_1
5797_1_1_1	5797_1_1_1
5798_1_1_1	5798_1_1_1
5799_1_1_1	5799_1_1_1
5805_1_1_1	5805_1_1_1
5807_1_1_1	5807_1_1_1
5810_1_1_1	5810_1_1_1
5814_1_1_1	5814_1_1_1
5816_1_1_1	5816_1_1_1
5820_1_1_1	5820_1_1_1
5821_1_1_1	5821_1_1_1
5822_1_1_1	5822_1_1_1
5823_1_1_1	5823_1_1_1
5824_1_1_1	5824_1_1_1
5833_1_1_1	5833_1_1_1
5836_2_1_1	5836_2_1_1
5837_1_1_1	5837_1_1_1
5843_1_1_1	5843_1_1_1
5845_1_1_1	5845_1_1_1
5846_1_1_1	5846_1_1_1
5847_1_1_1	5847_1_1_1
5848_1_1_1	5848_1_1_1
5849_1_1_1	5849_1_1_1
5850_1_1_1	5850_1_1_1
5854_1_1_1	5854_1_1_1
5857_1_1_1	5857_1_1_1
5860_1_1_1	5860_1_1_1
5861_1_1_1	5861_1_1_1
5862_1_1_1	5862_1_1_1
5862_1_1_1	36084_1_1_1
5863_1_1_1	5863_1_1_1
5868_1_1_1	5868_1_1_1
5871_1_1_1	5871_1_1_1
5872_1_1_1	5872_1_1_1
5872_1_1_1	4407_1_1_1
5873_1_1_1	5873_1_1_1
5874_1_1_1	5874_1_1_1
5878_1_1_1	5878_1_1_1
5879_1_1_1	5879_1_1_1
5880_1_1_1	5880_1_1_1
5881_1_1_1	5881_1_1_1
5881_1_1_1	17581_1_1_1
5881_1_1_1	30758_1_1_1
5881_1_1_1	18206_1_1_1
5881_1_1_1	18203_1_1_1
5881_1_1_1	20023_1_1_1
5885_1_1_1	5885_1_1_1
5886_1_1_1	5886_1_1_1
5888_1_1_1	5888_1_1_1
5888_1_1_1	5887_1_1_1
5891_1_1_1	5891_1_1_1
5892_1_1_1	5892_1_1_1
5894_1_1_1	5894_1_1_1
5897_1_1_1	5897_1_1_1
5898_1_1_1	5898_1_1_1
5900_1_1_1	5900_1_1_1
5907_1_1_1	5907_1_1_1
5907_1_1_1	5221_1_1_1
5911_1_1_1	5911_1_1_1
5912_1_1_1	5912_1_1_1
5920_1_1_1	5920_1_1_1
5921_1_1_1	5921_1_1_1
5925_1_1_1	5925_1_1_1
5925_1_1_1	51327_1_1_1
5925_1_1_1	5923_1_1_1
5925_1_1_1	25501_1_1_1
5928_1_1_1	5928_1_1_1
5929_1_1_1	5929_1_1_1
5933_1_1_1	5933_1_1_1
5935_1_1_1	5935_1_1_1
5936_1_1_1	5936_1_1_1
5936_1_1_1	5930_1_1_1
5940_1_1_1	5940_1_1_1
5942_1_1_1	5942_1_1_1
5946_1_1_1	5946_1_1_1
5947_1_1_1	5947_1_1_1
5952_1_1_1	5952_1_1_1
5952_1_1_1	4998_1_1_1
5952_1_1_1	4035_1_1_1
5954_1_1_1	5954_1_1_1
5954_1_1_1	4698_1_1_1
5954_1_1_1	4779_1_1_1
5955_1_1_1	5955_1_1_1
5958_1_1_1	5958_1_1_1
5958_1_1_1	26603_1_1_1
5959_1_1_1	5959_1_1_1
5963_1_1_1	5963_1_1_1
5970_1_1_1	5970_1_1_1
5970_1_1_1	4688_1_1_1
5976_1_1_1	5976_1_1_1
5977_1_1_1	5977_1_1_1
5978_1_1_1	5978_1_1_1
5982_1_1_1	5982_1_1_1
5982_1_1_1	19951_1_1_1
5984_1_1_1	5984_1_1_1
5994_1_1_1	5994_1_1_1
5994_1_1_1	6441_1_1_1
5997_1_1_1	5997_1_1_1
5998_1_1_1	5998_1_1_1
6001_1_1_1	6001_1_1_1
6003_1_1_1	6003_1_1_1
6004_1_1_1	6004_1_1_1
6004_1_1_1	5177_1_1_1
6007_1_1_1	6007_1_1_1
6010_1_1_1	6010_1_1_1
6010_1_1_1	6324_1_1_1
6011_1_1_1	6011_1_1_1
6013_1_1_1	6013_1_1_1
6015_1_1_1	6015_1_1_1
6015_1_1_1	11212_1_1_1
6016_1_1_1	6016_1_1_1
6019_1_1_1	6019_1_1_1
6019_1_1_1	5226_1_1_1
6021_1_1_1	6021_1_1_1
6028_1_1_1	6028_1_1_1
6029_1_1_1	6029_1_1_1
6034_1_1_1	6034_1_1_1
6037_1_1_1	6037_1_1_1
6038_3_1_1	6038_3_1_1
6044_1_1_1	6044_1_1_1
6045_1_1_1	6045_1_1_1
6046_1_1_1	6046_1_1_1
6046_1_1_1	34167_1_1_1
6050_1_1_1	6050_1_1_1
6050_1_1_1	4570_1_1_1
6050_1_1_1	5909_1_1_1
6050_1_1_1	5910_1_1_1
6051_1_1_1	6051_1_1_1
6051_1_1_1	17008_1_1_1
6052_1_1_1	6052_1_1_1
6057_1_1_1	6057_1_1_1
6058_1_1_1	6058_1_1_1
6072_1_1_1	6072_1_1_1
6079_1_1_1	6079_1_1_1
6079_1_1_1	6318_1_1_1
6081_1_1_1	6081_1_1_1
6084_1_1_1	6084_1_1_1
6084_1_1_1	2539_1_1_1
6085_1_1_1	6085_1_1_1
6085_1_1_1	5502_1_1_1
6093_1_1_1	6093_1_1_1
6093_1_1_1	5903_1_1_1
6099_1_1_1	6099_1_1_1
6102_1_1_1	6102_1_1_1
6108_1_1_1	6108_1_1_1
6110_1_1_1	6110_1_1_1
6110_1_1_1	4910_1_1_1
6111_1_1_1	6111_1_1_1
6113_1_1_1	6113_1_1_1
6114_1_1_1	6114_1_1_1
6118_1_1_1	6118_1_1_1
6120_1_1_1	6120_1_1_1
6121_1_1_1	6121_1_1_1
6121_1_1_1	16708_1_1_1
6122_1_1_1	6122_1_1_1
6127_1_1_1	6127_1_1_1
6132_1_1_1	6132_1_1_1
6138_1_1_1	6138_1_1_1
6142_1_1_1	6142_1_1_1
6147_1_1_1	6147_1_1_1
6148_1_1_1	6148_1_1_1
6149_1_1_1	6149_1_1_1
6150_1_1_1	6150_1_1_1
6151_1_1_1	6151_1_1_1
6155_1_1_1	6155_1_1_1
6156_2_1_1	6156_2_1_1
6156_2_1_1	6154_1_1_1
6159_1_1_1	6159_1_1_1
6162_1_1_1	6162_1_1_1
6162_1_1_1	6476_1_1_1
6165_1_1_1	6165_1_1_1
6171_1_1_1	6171_1_1_1
6172_1_1_1	6172_1_1_1
6173_1_1_1	6173_1_1_1
6175_1_1_1	6175_1_1_1
6176_1_1_1	6176_1_1_1
6177_1_1_1	6177_1_1_1
6179_1_1_1	6179_1_1_1
6180_1_1_1	6180_1_1_1
6181_1_1_1	6181_1_1_1
6183_1_1_1	6183_1_1_1
6184_1_1_1	6184_1_1_1
6185_1_1_1	6185_1_1_1
6187_1_1_1	6187_1_1_1
6188_1_1_1	6188_1_1_1
6188_1_1_1	2049_1_1_1
6189_1_1_1	6189_1_1_1
6190_1_1_1	6190_1_1_1
6194_1_1_1	6194_1_1_1
6197_1_1_1	6197_1_1_1
6198_1_1_1	6198_1_1_1
6199_1_1_1	6199_1_1_1
6200_1_1_1	6200_1_1_1
6201_1_1_1	6201_1_1_1
6201_1_1_1	4109_2_1_1
6202_1_1_1	6202_1_1_1
6207_1_1_1	6207_1_1_1
6208_1_1_1	6208_1_1_1
6209_1_1_1	6209_1_1_1
6211_1_1_1	6211_1_1_1
6222_1_1_1	6222_1_1_1
6222_1_1_1	4043_1_1_1
6222_1_1_1	5672_1_1_1
6222_1_1_1	5029_1_1_1
6225_1_1_1	6225_1_1_1
6231_1_1_1	6231_1_1_1
6233_1_1_1	6233_1_1_1
6240_1_1_1	6240_1_1_1
6241_1_1_1	6241_1_1_1
6241_1_1_1	6742_1_1_1
6242_1_1_1	6242_1_1_1
6244_1_1_1	6244_1_1_1
6247_1_1_1	6247_1_1_1
6254_1_1_1	6254_1_1_1
6254_1_1_1	2030_1_1_1
6254_1_1_1	4774_1_1_1
6254_1_1_1	932_1_1_1
6255_1_1_1	6255_1_1_1
6256_1_1_1	6256_1_1_1
6259_1_1_1	6259_1_1_1
6262_1_1_1	6262_1_1_1
6263_1_1_1	6263_1_1_1
6272_1_1_1	6272_1_1_1
6278_1_1_1	6278_1_1_1
6283_1_1_1	6283_1_1_1
6283_1_1_1	6071_1_1_1
6283_1_1_1	6032_1_1_1
6284_2_1_1	6284_2_1_1
6286_1_1_1	6286_1_1_1
6291_1_1_1	6291_1_1_1
6292_1_1_1	6292_1_1_1
6295_1_1_1	6295_1_1_1
6298_1_1_1	6298_1_1_1
6299_1_1_1	6299_1_1_1
6305_1_1_1	6305_1_1_1
6305_1_1_1	6306_1_1_1
6312_1_1_1	6312_1_1_1
6317_1_1_1	6317_1_1_1
6330_1_1_1	6330_1_1_1
6332_1_1_1	6332_1_1_1
6338_1_1_1	6338_1_1_1
6340_1_1_1	6340_1_1_1
6340_1_1_1	16442_1_1_1
6341_1_1_1	6341_1_1_1
6342_1_1_1	6342_1_1_1
6343_1_1_1	6343_1_1_1
6344_1_1_1	6344_1_1_1
6345_1_1_1	6345_1_1_1
6346_1_1_1	6346_1_1_1
6349_1_1_1	6349_1_1_1
6350_1_1_1	6350_1_1_1
6354_1_1_1	6354_1_1_1
6354_1_1_1	34394_1_1_1
6355_1_1_1	6355_1_1_1
6356_1_1_1	6356_1_1_1
6358_1_1_1	6358_1_1_1
6359_1_1_1	6359_1_1_1
6359_1_1_1	6453_1_1_1
6361_1_1_1	6361_1_1_1
6363_1_1_1	6363_1_1_1
6364_1_1_1	6364_1_1_1
6367_1_1_1	6367_1_1_1
6367_1_1_1	15634_1_1_1
6372_1_1_1	6372_1_1_1
6372_1_1_1	51710_1_1_1
6376_1_1_1	6376_1_1_1
6384_1_1_1	6384_1_1_1
6385_2_1_1	6385_2_1_1
6392_1_1_1	6392_1_1_1
6398_1_1_1	6398_1_1_1
6402_1_1_1	6402_1_1_1
6404_1_1_1	6404_1_1_1
6405_1_1_1	6405_1_1_1
6406_1_1_1	6406_1_1_1
6414_1_1_1	6414_1_1_1
915_1_1_1	915_1_1_1
915_1_1_1	17603_1_1_1
915_1_1_1	17604_1_1_1
916_1_1_1	916_1_1_1
916_1_1_1	17013_1_1_1
916_1_1_1	26821_1_1_1
979_1_1_1	979_1_1_1
34089_1_1_1	34089_1_1_1
34089_1_1_1	51959_1_1_1
52170_1_1_1	52170_1_1_1
52170_1_1_1	36103_1_1_1
26592_1_1_1	26592_1_1_1
15426_1_1_1	15426_1_1_1
15426_1_1_1	30604_1_1_1
25064_2_1_1	25064_2_1_1
27512_1_1_1	27512_1_1_1
27512_1_1_1	19670_1_1_1
27512_1_1_1	26783_1_1_1
27512_1_1_1	50330_1_1_1
27512_1_1_1	51725_1_1_1
27512_1_1_1	53268_1_1_1
27512_1_1_1	25972_1_1_1
27512_1_1_1	11505_1_1_1
27512_1_1_1	30693_1_1_1
27512_1_1_1	16228_1_1_1
27512_1_1_1	4493_1_1_1
27512_1_1_1	4663_1_1_1
27512_1_1_1	36082_1_1_1
27512_1_1_1	27356_1_1_1
27512_1_1_1	50467_1_1_1
27512_1_1_1	51721_1_1_1
27512_1_1_1	4769_1_1_1
27512_1_1_1	27172_1_1_1
27512_1_1_1	34351_1_1_1
27512_1_1_1	18831_1_1_1
27512_1_1_1	51457_1_1_1
27512_1_1_1	51458_1_1_1
27512_1_1_1	51459_1_1_1
27512_1_1_1	51463_1_1_1
27512_1_1_1	52529_1_1_1
27512_1_1_1	6458_1_1_1
27512_1_1_1	25708_2_1_1
27512_1_1_1	52376_1_1_1
27512_1_1_1	52365_1_1_1
27512_1_1_1	50466_1_1_1
27512_1_1_1	27803_1_1_1
27512_1_1_1	27807_1_1_1
27512_1_1_1	27809_1_1_1
19710_1_1_1	19710_1_1_1
19859_1_1_1	19859_1_1_1
36320_1_1_1	36320_1_1_1
18338_1_1_1	18338_1_1_1
50422_1_1_1	50422_1_1_1
50422_1_1_1	50993_1_1_1
50422_1_1_1	50387_1_1_1
10333_1_1_1	10333_1_1_1
11258_1_1_1	11258_1_1_1
11258_1_1_1	6337_1_1_1
10260_1_1_1	10260_1_1_1
10251_1_1_1	10251_1_1_1
10251_1_1_1	10249_1_1_1
26785_1_1_1	26785_1_1_1
34073_1_1_1	34073_1_1_1
34073_1_1_1	50345_1_1_1
16782_1_1_1	16782_1_1_1
51258_1_1_1	51258_1_1_1
27462_1_1_1	27462_1_1_1
27462_1_1_1	52642_1_1_1
27462_1_1_1	27975_1_1_1
51419_1_1_1	51419_1_1_1
51419_1_1_1	26651_1_1_1
51419_1_1_1	5778_1_1_1
15137_1_1_1	15137_1_1_1
15137_1_1_1	16555_1_1_1
50166_1_1_1	50166_1_1_1
30583_1_1_1	30583_1_1_1
30583_1_1_1	4920_1_1_1
52872_1_1_1	52872_1_1_1
52872_1_1_1	18179_1_1_1
52872_1_1_1	18178_1_1_1
16468_1_1_1	16468_1_1_1
16468_1_1_1	5495_1_1_1
16468_1_1_1	31124_1_1_1
27593_1_1_1	27593_1_1_1
26518_1_1_1	26518_1_1_1
18504_1_1_1	18504_1_1_1
26593_1_1_1	26593_1_1_1
27098_1_1_1	27098_1_1_1
27098_1_1_1	27097_1_1_1
30153_1_1_1	30153_1_1_1
19753_1_1_1	19753_1_1_1
51077_1_1_1	51077_1_1_1
27732_1_1_1	27732_1_1_1
27732_1_1_1	16406_1_1_1
27732_1_1_1	27734_1_1_1
27732_1_1_1	28038_1_1_1
27732_1_1_1	28037_1_1_1
27732_1_1_1	19788_1_1_1
27732_1_1_1	19787_1_1_1
27732_1_1_1	19241_1_1_1
27732_1_1_1	19324_1_1_1
27732_1_1_1	18278_1_1_1
27732_1_1_1	26047_1_1_1
50159_1_1_1	50159_1_1_1
50159_1_1_1	30761_1_1_1
50159_1_1_1	6056_1_1_1
16093_1_1_1	16093_1_1_1
12010_1_1_1	12010_1_1_1
12010_1_1_1	12011_1_1_1
30554_1_1_1	30554_1_1_1
30554_1_1_1	30553_1_1_1
30977_1_1_1	30977_1_1_1
30977_1_1_1	27265_1_1_1
30977_1_1_1	27218_1_1_1
30977_1_1_1	27217_1_1_1
30977_1_1_1	25341_1_1_1
30977_1_1_1	25832_1_1_1
30977_1_1_1	27159_1_1_1
30977_1_1_1	19432_1_1_1
30977_1_1_1	7310_1_1_1
30977_1_1_1	15505_1_1_1
30977_1_1_1	18312_1_1_1
30977_1_1_1	27620_1_1_1
30977_1_1_1	52661_1_1_1
30977_1_1_1	12014_1_1_1
30977_1_1_1	27033_1_1_1
30977_1_1_1	52665_1_1_1
36323_1_1_1	36323_1_1_1
36323_1_1_1	36324_1_1_1
36261_1_1_1	36261_1_1_1
10329_1_1_1	10329_1_1_1
10329_1_1_1	10159_1_1_1
11091_1_1_1	11091_1_1_1
11135_1_1_1	11135_1_1_1
26726_1_1_1	26726_1_1_1
26726_1_1_1	27087_1_1_1
15914_1_1_1	15914_1_1_1
50741_1_1_1	50741_1_1_1
50713_1_1_1	50713_1_1_1
50891_1_1_1	50891_1_1_1
50891_1_1_1	50890_1_1_1
30842_1_1_1	30842_1_1_1
17607_1_1_1	17607_1_1_1
34022_1_1_1	34022_1_1_1
34022_1_1_1	26552_1_1_1
25404_1_1_1	25404_1_1_1
18364_1_1_1	18364_1_1_1
19034_1_1_1	19034_1_1_1
26053_1_1_1	26053_1_1_1
51729_1_1_1	51729_1_1_1
51729_1_1_1	4891_1_1_1
51729_1_1_1	5052_1_1_1
51729_1_1_1	132_1_1_1
51729_1_1_1	2275_1_1_1
51729_1_1_1	5690_1_1_1
51729_1_1_1	1381_1_1_1
30740_1_1_1	30740_1_1_1
30740_1_1_1	30739_1_1_1
30740_1_1_1	25573_1_1_1
19584_1_1_1	19584_1_1_1
19584_1_1_1	50897_1_1_1
19584_1_1_1	50898_1_1_1
15953_1_1_1	15953_1_1_1
15953_1_1_1	4912_1_1_1
15953_1_1_1	15076_1_1_1
15953_1_1_1	4305_1_1_1
30423_1_1_1	30423_1_1_1
27856_1_1_1	27856_1_1_1
50790_1_1_1	50790_1_1_1
27666_1_1_1	27666_1_1_1
18729_1_1_1	18729_1_1_1
18729_1_1_1	26004_1_1_1
52459_1_1_1	52459_1_1_1
34610_1_1_1	34610_1_1_1
36418_1_1_1	36418_1_1_1
11428_1_1_1	11428_1_1_1
11428_1_1_1	4011_1_1_1
11264_1_1_1	11264_1_1_1
30170_1_1_1	30170_1_1_1
18154_1_1_1	18154_1_1_1
18154_1_1_1	19151_1_1_1
17137_1_1_1	17137_1_1_1
17137_1_1_1	19943_1_1_1
17137_1_1_1	25085_1_1_1
15599_1_1_1	15599_1_1_1
16102_1_1_1	16102_1_1_1
17092_1_1_1	17092_1_1_1
27781_1_1_1	27781_1_1_1
27781_1_1_1	11055_1_1_1
18130_1_1_1	18130_1_1_1
25645_1_1_1	25645_1_1_1
25645_1_1_1	30374_1_1_1
25645_1_1_1	25527_1_1_1
25645_1_1_1	27046_1_1_1
25645_1_1_1	28034_1_1_1
27211_1_1_1	27211_1_1_1
18044_1_1_1	18044_1_1_1
18044_1_1_1	15741_1_1_1
26801_1_1_1	26801_1_1_1
16114_1_1_1	16114_1_1_1
30326_1_1_1	30326_1_1_1
30326_1_1_1	27833_1_1_1
12040_1_1_1	12040_1_1_1
36175_1_1_1	36175_1_1_1
17776_1_1_1	17776_1_1_1
17776_1_1_1	17775_1_1_1
36447_1_1_1	36447_1_1_1
31107_1_1_1	31107_1_1_1
19149_1_1_1	19149_1_1_1
26589_1_1_1	26589_1_1_1
25698_1_1_1	25698_1_1_1
25698_1_1_1	25697_1_1_1
25698_1_1_1	16393_1_1_1
25698_1_1_1	16367_1_1_1
25698_1_1_1	25696_1_1_1
25698_1_1_1	16394_1_1_1
16591_1_1_1	16591_1_1_1
15295_1_1_1	15295_1_1_1
15295_1_1_1	7007_1_1_1
15750_1_1_1	15750_1_1_1
19249_1_1_1	19249_1_1_1
19249_1_1_1	30680_1_1_1
25088_1_1_1	25088_1_1_1
25088_1_1_1	25803_1_1_1
15057_1_1_1	15057_1_1_1
15057_1_1_1	50146_1_1_1
15057_1_1_1	50149_1_1_1
15057_1_1_1	50147_1_1_1
15057_1_1_1	51417_1_1_1
25059_1_1_1	25059_1_1_1
50028_1_1_1	50028_1_1_1
50028_1_1_1	30503_1_1_1
26534_1_1_1	26534_1_1_1
34352_1_1_1	34352_1_1_1
51957_1_1_1	51957_1_1_1
31180_1_1_1	31180_1_1_1
27498_1_1_1	27498_1_1_1
27498_1_1_1	51237_1_1_1
27498_1_1_1	53374_1_1_1
19525_1_1_1	19525_1_1_1
19525_1_1_1	52245_1_1_1
19525_1_1_1	18776_1_1_1
25924_1_1_1	25924_1_1_1
25924_1_1_1	16256_1_1_1
25638_1_1_1	25638_1_1_1
25214_1_1_1	25214_1_1_1
50235_1_1_1	50235_1_1_1
18535_1_1_1	18535_1_1_1
19803_1_1_1	19803_1_1_1
11458_1_1_1	11458_1_1_1
11141_1_1_1	11141_1_1_1
10141_1_1_1	10141_1_1_1
30205_1_1_1	30205_1_1_1
16598_1_1_1	16598_1_1_1
16598_1_1_1	15917_1_1_1
16598_1_1_1	26586_1_1_1
16598_1_1_1	26590_1_1_1
16598_1_1_1	6838_1_1_1
16598_1_1_1	7236_1_1_1
16598_1_1_1	7237_1_1_1
16598_1_1_1	7238_1_1_1
16598_1_1_1	7239_1_1_1
16598_1_1_1	6024_1_1_1
16598_1_1_1	6357_1_1_1
50777_1_1_1	50777_1_1_1
17431_1_1_1	17431_1_1_1
25159_1_1_1	25159_1_1_1
25159_1_1_1	31231_1_1_1
16536_1_1_1	16536_1_1_1
16536_1_1_1	6914_1_1_1
16123_1_1_1	16123_1_1_1
16123_1_1_1	18788_1_1_1
16123_1_1_1	16585_1_1_1
16123_1_1_1	4052_1_1_1
16123_1_1_1	6251_1_1_1
16123_1_1_1	1875_1_1_1
16123_1_1_1	15357_1_1_1
16123_1_1_1	15232_1_1_1
16123_1_1_1	52367_1_1_1
16123_1_1_1	1581_1_1_1
16123_1_1_1	1582_1_1_1
16123_1_1_1	1583_1_1_1
16123_1_1_1	1584_1_1_1
16123_1_1_1	50956_1_1_1
16123_1_1_1	15901_1_1_1
16123_1_1_1	1696_1_1_1
16123_1_1_1	136_1_1_1
16123_1_1_1	18013_1_1_1
51412_1_1_1	51412_1_1_1
51412_1_1_1	51169_1_1_1
52359_1_1_1	52359_1_1_1
25918_1_1_1	25918_1_1_1
19012_1_1_1	19012_1_1_1
15615_1_1_1	15615_1_1_1
30034_1_1_1	30034_1_1_1
15087_1_1_1	15087_1_1_1
15087_1_1_1	5698_1_1_1
15087_1_1_1	51395_1_1_1
36111_1_1_1	36111_1_1_1
27429_1_1_1	27429_1_1_1
27429_1_1_1	27430_1_1_1
16320_1_1_1	16320_1_1_1
50355_1_1_1	50355_1_1_1
51943_1_1_1	51943_1_1_1
34656_1_1_1	34656_1_1_1
19148_1_1_1	19148_1_1_1
53204_1_1_1	53204_1_1_1
53204_1_1_1	6564_1_1_1
51455_1_1_1	51455_1_1_1
51455_1_1_1	50780_1_1_1
51455_1_1_1	51515_1_1_1
51455_1_1_1	31264_1_1_1
26884_1_1_1	26884_1_1_1
26884_1_1_1	15458_1_1_1
17358_1_1_1	17358_1_1_1
31103_1_1_1	31103_1_1_1
25994_1_1_1	25994_1_1_1
28032_1_1_1	28032_1_1_1
25368_1_1_1	25368_1_1_1
18711_1_1_1	18711_1_1_1
34686_1_1_1	34686_1_1_1
30707_1_1_1	30707_1_1_1
30707_1_1_1	30708_1_1_1
30707_1_1_1	30706_1_1_1
50977_1_1_1	50977_1_1_1
50977_1_1_1	50976_1_1_1
16648_1_1_1	16648_1_1_1
5074_1_1_1	5074_1_1_1
50754_1_1_1	50754_1_1_1
50767_1_1_1	50767_1_1_1
50771_1_1_1	50771_1_1_1
50776_1_1_1	50776_1_1_1
5077_1_1_1	5077_1_1_1
50782_1_1_1	50782_1_1_1
50783_1_1_1	50783_1_1_1
50813_1_1_1	50813_1_1_1
50813_1_1_1	36049_1_1_1
50814_1_1_1	50814_1_1_1
50814_1_1_1	50815_1_1_1
50814_1_1_1	50816_1_1_1
50814_1_1_1	50817_1_1_1
50814_1_1_1	50818_1_1_1
50814_1_1_1	51361_2_2_1
50814_1_1_1	51496_1_1_1
50451_1_1_1	50451_1_1_1
50453_1_1_1	50453_1_1_1
50469_1_1_1	50469_1_1_1
50470_1_1_1	50470_1_1_1
50470_1_1_1	53247_1_1_1
5047_1_1_1	5047_1_1_1
50490_1_1_1	50490_1_1_1
5049_1_1_1	5049_1_1_1
5051_1_1_1	5051_1_1_1
50539_1_1_1	50539_1_1_1
50539_1_1_1	5293_1_1_1
50539_1_1_1	6227_1_1_1
5053_1_1_1	5053_1_1_1
50545_1_1_1	50545_1_1_1
50545_1_1_1	27034_1_1_1
50546_1_1_1	50546_1_1_1
50574_1_1_1	50574_1_1_1
50594_1_1_1	50594_1_1_1
50596_1_1_1	50596_1_1_1
5059_1_1_1	5059_1_1_1
5059_1_1_1	5060_1_1_1
50602_1_1_1	50602_1_1_1
5061_1_1_1	5061_1_1_1
5061_1_1_1	17880_1_1_1
50629_1_1_1	50629_1_1_1
50631_1_1_1	50631_1_1_1
5280_1_1_1	5280_1_1_1
52828_1_1_1	52828_1_1_1
52829_1_1_1	52829_1_1_1
52830_1_1_1	52830_1_1_1
5283_2_1_1	5283_2_1_1
52858_1_1_1	52858_1_1_1
52859_1_1_1	52859_1_1_1
52860_1_1_1	52860_1_1_1
52861_1_1_1	52861_1_1_1
52863_1_1_1	52863_1_1_1
52864_1_1_1	52864_1_1_1
52865_1_1_1	52865_1_1_1
52866_1_1_1	52866_1_1_1
52867_1_1_1	52867_1_1_1
52877_1_1_1	52877_1_1_1
52895_1_1_1	52895_1_1_1
52940_1_1_1	52940_1_1_1
52944_1_1_1	52944_1_1_1
52955_1_1_1	52955_1_1_1
52964_1_1_1	52964_1_1_1
52967_1_1_1	52967_1_1_1
52971_1_1_1	52971_1_1_1
52978_1_1_1	52978_1_1_1
52979_1_1_1	52979_1_1_1
53001_1_1_1	53001_1_1_1
53024_2_1_1	53024_2_1_1
53037_1_1_1	53037_1_1_1
53128_1_1_1	53128_1_1_1
5317_1_1_1	5317_1_1_1
5318_1_1_1	5318_1_1_1
53245_1_1_1	53245_1_1_1
53248_1_1_1	53248_1_1_1
53249_1_1_1	53249_1_1_1
53260_1_1_1	53260_1_1_1
53286_1_1_1	53286_1_1_1
53299_1_1_1	53299_1_1_1
53309_1_1_1	53309_1_1_1
53318_1_1_1	53318_1_1_1
53319_1_1_1	53319_1_1_1
53339_1_1_1	53339_1_1_1
53356_1_1_1	53356_1_1_1
53369_1_1_1	53369_1_1_1
53375_1_1_1	53375_1_1_1
53385_1_1_1	53385_1_1_1
53398_1_1_1	53398_1_1_1
53400_1_1_1	53400_1_1_1
5348_1_1_1	5348_1_1_1
5374_1_1_1	5374_1_1_1
5390_1_1_1	5390_1_1_1
5392_1_1_1	5392_1_1_1
5408_1_1_1	5408_1_1_1
5409_1_1_1	5409_1_1_1
5491_1_1_1	5491_1_1_1
5501_1_1_1	5501_1_1_1
5516_1_1_1	5516_1_1_1
5539_1_1_1	5539_1_1_1
554_1_1_1	554_1_1_1
554_1_1_1	1442_1_1_1
5558_1_1_1	5558_1_1_1
5563_1_1_1	5563_1_1_1
5616_1_1_1	5616_1_1_1
5620_1_1_1	5620_1_1_1
5620_1_1_1	5691_1_1_1
5621_1_1_1	5621_1_1_1
5650_1_1_1	5650_1_1_1
5651_1_1_1	5651_1_1_1
5652_1_1_1	5652_1_1_1
5657_1_1_1	5657_1_1_1
5735_1_1_1	5735_1_1_1
5743_1_1_1	5743_1_1_1
5751_1_1_1	5751_1_1_1
5753_1_1_1	5753_1_1_1
5800_1_1_1	5800_1_1_1
5806_1_1_1	5806_1_1_1
5840_1_1_1	5840_1_1_1
5865_1_1_1	5865_1_1_1
5869_1_1_1	5869_1_1_1
5876_1_1_1	5876_1_1_1
5882_1_1_1	5882_1_1_1
5884_1_1_1	5884_1_1_1
5904_1_1_1	5904_1_1_1
5922_1_1_1	5922_1_1_1
5950_1_1_1	5950_1_1_1
5972_1_1_1	5972_1_1_1
5974_1_1_1	5974_1_1_1
5999_1_1_1	5999_1_1_1
6000_1_1_1	6000_1_1_1
6012_1_1_1	6012_1_1_1
6025_1_1_1	6025_1_1_1
6061_1_1_1	6061_1_1_1
6063_1_1_1	6063_1_1_1
6063_1_1_1	16187_1_1_1
6063_1_1_1	6064_1_1_1
6069_1_1_1	6069_1_1_1
6082_1_1_1	6082_1_1_1
6083_1_1_1	6083_1_1_1
6086_1_1_1	6086_1_1_1
6089_1_1_1	6089_1_1_1
6098_1_1_1	6098_1_1_1
60_1_1_1	60_1_1_1
6109_1_1_1	6109_1_1_1
6126_1_1_1	6126_1_1_1
6126_1_1_1	17599_1_1_1
6128_1_1_1	6128_1_1_1
6133_1_1_1	6133_1_1_1
17395_1_1_1	17395_1_1_1
17398_1_1_1	17398_1_1_1
17419_1_1_1	17419_1_1_1
17419_1_1_1	17634_1_1_1
17419_1_1_1	51449_1_1_1
17425_1_1_1	17425_1_1_1
17438_1_1_1	17438_1_1_1
17438_1_1_1	17441_1_1_1
17438_1_1_1	17442_1_1_1
17445_1_1_1	17445_1_1_1
17446_1_1_1	17446_1_1_1
17451_1_1_1	17451_1_1_1
17455_1_1_1	17455_1_1_1
17455_1_1_1	17454_1_1_1
17468_1_1_1	17468_1_1_1
17283_1_1_1	17283_1_1_1
17297_1_1_1	17297_1_1_1
17321_1_1_1	17321_1_1_1
17343_1_1_1	17343_1_1_1
17345_1_1_1	17345_1_1_1
17350_1_1_1	17350_1_1_1
17355_1_1_1	17355_1_1_1
17359_1_1_1	17359_1_1_1
17370_1_1_1	17370_1_1_1
17391_1_1_1	17391_1_1_1
17177_1_1_1	17177_1_1_1
17189_1_1_1	17189_1_1_1
17195_1_1_1	17195_1_1_1
17231_1_1_1	17231_1_1_1
17241_1_1_1	17241_1_1_1
17245_1_1_1	17245_1_1_1
17246_1_1_1	17246_1_1_1
26771_1_1_1	26771_1_1_1
26779_1_1_1	26779_1_1_1
26779_1_1_1	50030_1_1_1
26779_1_1_1	50031_1_1_1
26779_1_1_1	50032_1_1_1
26779_1_1_1	50033_1_1_1
26789_1_1_1	26789_1_1_1
26792_1_1_1	26792_1_1_1
26800_1_1_1	26800_1_1_1
26806_1_1_1	26806_1_1_1
26809_1_1_1	26809_1_1_1
26818_1_1_1	26818_1_1_1
26823_2_1_1	26823_2_1_1
26823_2_1_1	26829_1_1_1
26823_2_1_1	27750_1_1_1
26823_2_1_1	52369_1_1_1
26823_2_1_1	52060_1_1_1
26823_2_1_1	52061_1_1_1
26823_2_1_1	52062_1_1_1
26823_2_1_1	52253_1_1_1
26823_2_1_1	52254_1_1_1
26823_2_1_1	50154_1_1_1
26823_2_1_1	51494_1_1_1
26823_2_1_1	27751_1_1_1
26823_2_1_1	27789_1_1_1
26823_2_1_1	27790_1_1_1
26823_2_1_1	26830_1_1_1
26823_2_1_1	26831_1_1_1
26823_2_1_1	50090_1_1_1
26823_2_1_1	26816_1_1_1
26823_2_1_1	26826_1_1_1
26823_2_1_1	26827_1_1_1
26823_2_1_1	26828_1_1_1
26833_1_1_1	26833_1_1_1
26833_1_1_1	27526_1_1_1
26834_1_1_1	26834_1_1_1
26839_1_1_1	26839_1_1_1
26853_1_1_1	26853_1_1_1
26855_1_1_1	26855_1_1_1
26857_1_1_1	26857_1_1_1
26862_1_1_1	26862_1_1_1
26862_1_1_1	30507_1_1_1
26863_1_1_1	26863_1_1_1
26863_1_1_1	10103_1_1_1
26870_1_1_1	26870_1_1_1
26871_1_1_1	26871_1_1_1
26871_1_1_1	26564_3_1_1
26882_1_1_1	26882_1_1_1
26882_1_1_1	30324_1_1_1
26906_1_1_1	26906_1_1_1
26907_1_1_1	26907_1_1_1
26914_1_1_1	26914_1_1_1
26923_1_1_1	26923_1_1_1
26932_1_1_1	26932_1_1_1
26944_1_1_1	26944_1_1_1
26944_1_1_1	26943_1_1_1
26944_1_1_1	4411_1_1_1
26944_1_1_1	27574_1_1_1
26945_1_1_1	26945_1_1_1
26945_1_1_1	27548_1_1_1
26952_1_1_1	26952_1_1_1
26952_1_1_1	53232_1_1_1
26958_1_1_1	26958_1_1_1
26958_1_1_1	4402_1_1_1
26958_1_1_1	51006_1_1_1
26958_1_1_1	51007_1_1_1
26963_1_1_1	26963_1_1_1
26967_1_1_1	26967_1_1_1
26967_1_1_1	26765_1_1_1
26969_1_1_1	26969_1_1_1
26974_1_1_1	26974_1_1_1
26989_1_1_1	26989_1_1_1
26993_1_1_1	26993_1_1_1
26993_1_1_1	26992_1_1_1
27015_1_1_1	27015_1_1_1
27023_1_1_1	27023_1_1_1
27024_1_1_1	27024_1_1_1
27029_1_1_1	27029_1_1_1
27041_1_1_1	27041_1_1_1
27042_1_1_1	27042_1_1_1
27044_1_1_1	27044_1_1_1
27064_1_1_1	27064_1_1_1
27064_1_1_1	7433_1_1_1
27067_1_1_1	27067_1_1_1
27067_1_1_1	27888_1_1_1
27067_1_1_1	50563_1_1_1
27067_1_1_1	50566_1_1_1
27067_1_1_1	51702_1_1_1
27067_1_1_1	53203_1_1_1
27067_1_1_1	53219_1_1_1
27067_1_1_1	53220_1_1_1
27067_1_1_1	50564_1_1_1
27067_1_1_1	50565_1_1_1
27070_1_1_1	27070_1_1_1
27070_1_1_1	19551_1_1_1
27071_1_1_1	27071_1_1_1
27091_1_1_1	27091_1_1_1
27093_1_1_1	27093_1_1_1
27107_1_1_1	27107_1_1_1
27108_1_1_1	27108_1_1_1
27121_1_1_1	27121_1_1_1
27121_1_1_1	15680_1_1_1
27121_1_1_1	19046_1_1_1
27131_1_1_1	27131_1_1_1
27134_2_1_1	27134_2_1_1
27135_1_1_1	27135_1_1_1
27139_1_1_1	27139_1_1_1
27148_1_1_1	27148_1_1_1
27148_1_1_1	27143_1_1_1
27151_1_1_1	27151_1_1_1
27166_1_1_1	27166_1_1_1
27169_1_1_1	27169_1_1_1
27169_1_1_1	11589_1_1_1
27179_1_1_1	27179_1_1_1
27180_1_1_1	27180_1_1_1
27196_1_1_1	27196_1_1_1
27197_1_1_1	27197_1_1_1
27203_1_1_1	27203_1_1_1
27203_1_1_1	27204_1_1_1
27203_1_1_1	16515_1_1_1
27234_1_1_1	27234_1_1_1
27235_1_1_1	27235_1_1_1
27239_5_5_1	27239_5_5_1
27239_5_5_1	30456_1_1_1
27262_1_1_1	27262_1_1_1
27266_1_1_1	27266_1_1_1
27267_1_1_1	27267_1_1_1
27277_1_1_1	27277_1_1_1
27288_1_1_1	27288_1_1_1
27307_1_1_1	27307_1_1_1
27314_1_1_1	27314_1_1_1
27321_1_1_1	27321_1_1_1
27333_1_1_1	27333_1_1_1
27333_1_1_1	27334_1_1_1
27336_1_1_1	27336_1_1_1
27336_1_1_1	27337_1_1_1
27336_1_1_1	27320_1_1_1
27359_1_1_1	27359_1_1_1
27359_1_1_1	27362_1_1_1
27380_1_1_1	27380_1_1_1
27394_1_1_1	27394_1_1_1
27398_1_1_1	27398_1_1_1
27403_1_1_1	27403_1_1_1
27403_1_1_1	27160_1_1_1
27408_1_1_1	27408_1_1_1
27436_1_1_1	27436_1_1_1
27438_1_1_1	27438_1_1_1
27439_1_1_1	27439_1_1_1
27445_1_1_1	27445_1_1_1
27448_1_1_1	27448_1_1_1
27453_1_1_1	27453_1_1_1
27455_1_1_1	27455_1_1_1
27455_1_1_1	15177_1_1_1
27483_1_1_1	27483_1_1_1
27488_1_1_1	27488_1_1_1
27491_1_1_1	27491_1_1_1
27491_1_1_1	27492_1_1_1
27491_1_1_1	6880_1_1_1
27491_1_1_1	5273_1_1_1
27491_1_1_1	5274_1_1_1
274_1_1_1	274_1_1_1
274_1_1_1	1171_1_1_1
274_1_1_1	346_1_1_1
274_1_1_1	1192_1_1_1
27503_1_1_1	27503_1_1_1
27525_1_1_1	27525_1_1_1
27528_1_1_1	27528_1_1_1
27546_1_1_1	27546_1_1_1
27546_1_1_1	27545_1_1_1
27546_1_1_1	15757_1_1_1
27546_1_1_1	26531_1_1_1
27546_1_1_1	27542_1_1_1
27546_1_1_1	27544_1_1_1
27578_1_1_1	27578_1_1_1
27579_1_1_1	27579_1_1_1
27579_1_1_1	5305_1_1_1
27580_1_1_1	27580_1_1_1
27584_1_1_1	27584_1_1_1
27584_1_1_1	27585_1_1_1
27584_1_1_1	50592_1_1_1
27595_1_1_1	27595_1_1_1
275_1_1_1	275_1_1_1
275_1_1_1	300_1_1_1
275_1_1_1	63_1_1_1
27601_1_1_1	27601_1_1_1
27608_1_1_1	27608_1_1_1
27608_1_1_1	28005_1_1_1
27608_1_1_1	28006_1_1_1
27609_1_1_1	27609_1_1_1
27611_1_1_1	27611_1_1_1
27613_1_1_1	27613_1_1_1
27614_1_1_1	27614_1_1_1
27617_1_1_1	27617_1_1_1
27619_1_1_1	27619_1_1_1
27622_1_1_1	27622_1_1_1
27622_1_1_1	27621_1_1_1
27622_1_1_1	52266_1_1_1
27623_1_1_1	27623_1_1_1
27624_1_1_1	27624_1_1_1
27627_1_1_1	27627_1_1_1
27627_1_1_1	27529_1_1_1
27636_1_1_1	27636_1_1_1
27641_1_1_1	27641_1_1_1
27642_1_1_1	27642_1_1_1
27645_1_1_1	27645_1_1_1
27651_1_1_1	27651_1_1_1
27653_1_1_1	27653_1_1_1
27659_1_1_1	27659_1_1_1
27674_1_1_1	27674_1_1_1
27691_1_1_1	27691_1_1_1
27705_1_1_1	27705_1_1_1
27706_1_1_1	27706_1_1_1
27707_1_1_1	27707_1_1_1
27708_1_1_1	27708_1_1_1
27729_1_1_1	27729_1_1_1
27743_1_1_1	27743_1_1_1
27743_1_1_1	27742_1_1_1
27744_1_1_1	27744_1_1_1
27757_1_1_1	27757_1_1_1
27771_1_1_1	27771_1_1_1
27774_1_1_1	27774_1_1_1
27817_1_1_1	27817_1_1_1
27817_1_1_1	27814_1_1_1
27820_1_1_1	27820_1_1_1
27820_1_1_1	27818_1_1_1
27821_1_1_1	27821_1_1_1
27821_1_1_1	27819_1_1_1
27834_1_1_1	27834_1_1_1
27838_1_1_1	27838_1_1_1
27852_1_1_1	27852_1_1_1
27870_1_1_1	27870_1_1_1
27914_1_1_1	27914_1_1_1
27917_1_1_1	27917_1_1_1
27928_1_1_1	27928_1_1_1
27950_1_1_1	27950_1_1_1
27968_1_1_1	27968_1_1_1
27977_1_1_1	27977_1_1_1
27983_1_1_1	27983_1_1_1
28014_1_1_1	28014_1_1_1
28031_1_1_1	28031_1_1_1
28043_1_1_1	28043_1_1_1
28048_1_1_1	28048_1_1_1
28048_1_1_1	27106_1_1_1
28055_1_1_1	28055_1_1_1
28056_1_1_1	28056_1_1_1
28099_1_1_1	28099_1_1_1
28101_1_1_1	28101_1_1_1
28106_1_1_1	28106_1_1_1
28106_1_1_1	27949_1_1_1
28135_1_1_1	28135_1_1_1
2868_1_1_1	2868_1_1_1
298_1_1_1	298_1_1_1
2999_1_1_1	2999_1_1_1
2999_1_1_1	2219_1_1_1
30013_1_1_1	30013_1_1_1
30039_1_1_1	30039_1_1_1
30039_1_1_1	19552_1_1_1
30060_1_1_1	30060_1_1_1
30060_1_1_1	30059_1_1_1
30060_1_1_1	30057_1_1_1
30067_1_1_1	30067_1_1_1
30069_1_1_1	30069_1_1_1
30074_1_2_1	30074_1_2_1
30087_1_1_1	30087_1_1_1
30091_1_1_1	30091_1_1_1
30091_1_1_1	25620_1_1_1
30091_1_1_1	25622_1_1_1
30091_1_1_1	25626_1_1_1
30091_1_1_1	25624_1_1_1
30097_1_1_1	30097_1_1_1
30100_1_1_1	30100_1_1_1
30101_1_1_1	30101_1_1_1
30106_1_1_1	30106_1_1_1
30109_1_1_1	30109_1_1_1
30123_1_1_1	30123_1_1_1
30123_1_1_1	30120_1_1_1
30123_1_1_1	30119_1_1_1
30124_1_1_1	30124_1_1_1
30126_1_1_1	30126_1_1_1
30135_1_1_1	30135_1_1_1
30137_1_1_1	30137_1_1_1
30149_1_1_1	30149_1_1_1
30180_1_1_1	30180_1_1_1
30192_1_1_1	30192_1_1_1
30193_1_1_1	30193_1_1_1
30194_1_1_1	30194_1_1_1
30197_1_1_1	30197_1_1_1
30197_1_1_1	5496_1_1_1
30197_1_1_1	5500_1_1_1
30204_1_1_1	30204_1_1_1
30209_1_1_1	30209_1_1_1
30213_1_1_1	30213_1_1_1
30213_1_1_1	30212_1_1_1
30213_1_1_1	30214_1_1_1
30232_1_1_1	30232_1_1_1
30232_1_1_1	30233_1_1_1
30232_1_1_1	31225_1_1_1
30232_1_1_1	31227_1_1_1
30235_1_1_1	30235_1_1_1
30236_1_1_1	30236_1_1_1
30237_1_1_1	30237_1_1_1
30239_1_1_1	30239_1_1_1
30242_1_1_1	30242_1_1_1
30263_1_1_1	30263_1_1_1
30271_1_1_1	30271_1_1_1
30281_1_1_1	30281_1_1_1
30301_1_1_1	30301_1_1_1
30303_1_1_1	30303_1_1_1
30315_1_1_1	30315_1_1_1
30320_1_1_1	30320_1_1_1
30322_1_1_1	30322_1_1_1
30330_1_1_1	30330_1_1_1
30331_1_1_1	30331_1_1_1
30339_1_1_1	30339_1_1_1
30352_1_1_1	30352_1_1_1
30354_1_1_1	30354_1_1_1
30354_1_1_1	30351_1_1_1
30390_1_1_1	30390_1_1_1
30390_1_1_1	30389_1_1_1
30391_1_1_1	30391_1_1_1
30396_1_1_1	30396_1_1_1
30406_1_1_1	30406_1_1_1
30483_1_1_1	30483_1_1_1
30505_1_1_1	30505_1_1_1
30516_1_1_1	30516_1_1_1
30517_1_1_1	30517_1_1_1
30517_1_1_1	19708_1_1_1
30520_1_1_1	30520_1_1_1
30565_1_1_1	30565_1_1_1
30566_1_1_1	30566_1_1_1
30567_1_1_1	30567_1_1_1
30568_1_1_1	30568_1_1_1
30575_1_1_1	30575_1_1_1
30579_1_1_1	30579_1_1_1
30580_1_1_1	30580_1_1_1
30580_1_1_1	30749_1_1_1
30588_1_1_1	30588_1_1_1
30588_1_1_1	30586_1_1_1
30588_1_1_1	30587_1_1_1
30597_1_1_1	30597_1_1_1
30603_1_1_1	30603_1_1_1
30603_1_1_1	30599_1_1_1
30603_1_1_1	30600_1_1_1
30613_1_1_1	30613_1_1_1
30625_1_1_1	30625_1_1_1
30626_1_1_1	30626_1_1_1
30646_1_1_1	30646_1_1_1
30647_1_1_1	30647_1_1_1
30648_1_1_1	30648_1_1_1
30651_1_1_1	30651_1_1_1
30656_1_1_1	30656_1_1_1
30660_1_1_1	30660_1_1_1
30663_1_1_1	30663_1_1_1
30684_1_1_1	30684_1_1_1
30691_1_1_1	30691_1_1_1
30746_1_1_1	30746_1_1_1
34609_1_1_1	34609_1_1_1
34627_1_1_1	34627_1_1_1
34642_1_1_1	34642_1_1_1
34650_1_1_1	34650_1_1_1
34653_1_1_1	34653_1_1_1
34653_1_1_1	34651_1_1_1
34653_1_1_1	34652_1_1_1
34663_1_1_1	34663_1_1_1
34666_1_1_1	34666_1_1_1
34708_1_1_1	34708_1_1_1
34717_1_1_1	34717_1_1_1
34718_1_1_1	34718_1_1_1
34731_1_1_1	34731_1_1_1
34737_1_1_1	34737_1_1_1
34737_1_1_1	25595_1_1_1
34797_1_1_1	34797_1_1_1
34800_1_1_1	34800_1_1_1
34809_1_1_1	34809_1_1_1
34813_1_1_1	34813_1_1_1
34813_1_1_1	34811_1_1_1
34816_1_1_1	34816_1_1_1
34837_1_1_1	34837_1_1_1
3485_1_1_1	3485_1_1_1
34866_1_1_1	34866_1_1_1
34889_1_1_1	34889_1_1_1
34913_1_1_1	34913_1_1_1
34926_1_1_1	34926_1_1_1
34982_1_1_1	34982_1_1_1
34988_1_1_1	34988_1_1_1
358_1_1_1	358_1_1_1
36004_1_1_1	36004_1_1_1
36016_1_1_1	36016_1_1_1
36066_1_1_1	36066_1_1_1
36079_1_1_1	36079_1_1_1
30891_1_1_1	30891_1_1_1
30900_1_1_1	30900_1_1_1
30900_1_1_1	30424_1_1_1
30903_1_1_1	30903_1_1_1
30911_1_1_1	30911_1_1_1
30911_1_1_1	30912_1_1_1
30933_1_1_1	30933_1_1_1
30933_1_1_1	17731_1_1_1
30933_1_1_1	17733_1_1_1
30933_1_1_1	30934_1_1_1
30933_1_1_1	6264_1_1_1
30939_1_1_1	30939_1_1_1
30944_1_1_1	30944_1_1_1
30951_1_1_1	30951_1_1_1
30951_1_1_1	34671_1_1_1
30951_1_1_1	6455_1_1_1
30951_1_1_1	4509_1_1_1
30951_1_1_1	55_1_1_1
30951_1_1_1	5670_1_1_1
30951_1_1_1	5767_1_1_1
30952_1_1_1	30952_1_1_1
30952_1_1_1	30409_1_1_1
30960_1_1_1	30960_1_1_1
30975_1_1_1	30975_1_1_1
30993_1_1_1	30993_1_1_1
31010_1_1_1	31010_1_1_1
31011_1_1_1	31011_1_1_1
31032_1_1_1	31032_1_1_1
31032_1_1_1	372_1_1_1
31033_1_1_1	31033_1_1_1
31033_1_1_1	30249_1_1_1
31033_1_1_1	30974_1_1_1
31036_1_1_1	31036_1_1_1
31037_1_1_1	31037_1_1_1
31060_1_1_1	31060_1_1_1
31073_1_1_1	31073_1_1_1
31079_1_1_1	31079_1_1_1
31081_1_1_1	31081_1_1_1
31081_1_1_1	31082_1_1_1
31081_1_1_1	30241_1_1_1
31084_1_1_1	31084_1_1_1
31086_1_1_1	31086_1_1_1
31092_1_1_1	31092_1_1_1
31093_1_1_1	31093_1_1_1
31111_1_1_1	31111_1_1_1
31126_1_1_1	31126_1_1_1
31129_1_1_1	31129_1_1_1
31129_1_1_1	31128_1_1_1
31143_1_1_1	31143_1_1_1
31143_1_1_1	17547_1_1_1
31143_1_1_1	31142_1_1_1
31143_1_1_1	31141_1_1_1
31143_1_1_1	36040_1_1_1
31143_1_1_1	36068_1_1_1
31145_1_1_1	31145_1_1_1
31145_1_1_1	30851_1_1_1
31146_1_1_1	31146_1_1_1
31157_1_1_1	31157_1_1_1
31157_1_1_1	25634_1_1_1
31157_1_1_1	19623_1_1_1
31157_1_1_1	31158_1_1_1
31157_1_1_1	31160_1_1_1
31157_1_1_1	31161_1_1_1
31157_1_1_1	31162_1_1_1
31157_1_1_1	31163_1_1_1
31214_1_1_1	31214_1_1_1
31214_1_1_1	36165_1_1_1
31215_1_1_1	31215_1_1_1
31215_1_1_1	53270_1_1_1
31215_1_1_1	53271_1_1_1
31215_1_1_1	53272_1_1_1
31215_1_1_1	53273_1_1_1
31215_1_1_1	53274_1_1_1
31215_1_1_1	53275_1_1_1
31215_1_1_1	53276_1_1_1
31215_1_1_1	53277_1_1_1
31215_1_1_1	53278_1_1_1
31235_1_1_1	31235_1_1_1
31237_1_1_1	31237_1_1_1
31237_1_1_1	31236_1_1_1
31237_1_1_1	21000_1_1_1
31237_1_1_1	19865_1_1_1
31237_1_1_1	5859_1_1_1
321_1_1_1	321_1_1_1
3322_1_1_1	3322_1_1_1
34000_1_1_1	34000_1_1_1
34000_1_1_1	15654_1_1_1
34000_1_1_1	4069_1_1_1
34000_1_1_1	34408_1_1_1
34000_1_1_1	34001_1_1_1
34000_1_1_1	34002_1_1_1
34000_1_1_1	4278_1_1_1
34004_1_1_1	34004_1_1_1
34004_1_1_1	28064_1_1_1
34004_1_1_1	27243_1_1_1
34005_1_1_1	34005_1_1_1
34005_1_1_1	30042_1_1_1
34006_1_1_1	34006_1_1_1
34014_1_1_1	34014_1_1_1
34018_1_1_1	34018_1_1_1
34024_1_1_1	34024_1_1_1
34042_1_1_1	34042_1_1_1
34055_1_1_1	34055_1_1_1
34059_1_1_1	34059_1_1_1
34059_1_1_1	17430_1_2_1
34059_1_1_1	15359_1_1_1
34085_1_1_1	34085_1_1_1
34113_1_1_1	34113_1_1_1
34113_1_1_1	30854_1_1_1
34115_1_1_1	34115_1_1_1
34120_1_1_1	34120_1_1_1
34133_1_1_1	34133_1_1_1
34133_1_1_1	34132_1_1_1
34141_1_1_1	34141_1_1_1
34141_1_1_1	34143_1_1_1
34169_1_1_1	34169_1_1_1
34176_1_1_1	34176_1_1_1
34178_1_1_1	34178_1_1_1
34182_1_1_1	34182_1_1_1
34191_1_1_1	34191_1_1_1
34191_1_1_1	18371_1_1_1
34194_1_1_1	34194_1_1_1
34194_1_1_1	34193_1_1_1
34194_1_1_1	34195_1_1_1
34220_1_1_1	34220_1_1_1
34239_1_1_1	34239_1_1_1
34253_1_1_1	34253_1_1_1
34253_1_1_1	34250_1_1_1
34253_1_1_1	34388_1_1_1
34268_1_1_1	34268_1_1_1
34268_1_1_1	6924_1_1_1
34270_1_1_1	34270_1_1_1
34270_1_1_1	34271_1_1_1
34278_1_1_1	34278_1_1_1
34279_1_1_1	34279_1_1_1
34285_1_1_1	34285_1_1_1
34286_1_1_1	34286_1_1_1
34286_1_1_1	34175_1_1_1
34292_1_1_1	34292_1_1_1
34294_1_1_1	34294_1_1_1
34294_1_1_1	25828_1_1_1
34309_1_1_1	34309_1_1_1
34309_1_1_1	15025_1_1_1
34326_1_1_1	34326_1_1_1
34336_1_1_1	34336_1_1_1
34341_1_1_1	34341_1_1_1
34345_1_1_1	34345_1_1_1
34348_1_1_1	34348_1_1_1
34349_1_1_1	34349_1_1_1
34350_1_1_1	34350_1_1_1
34365_1_1_1	34365_1_1_1
3436_1_1_1	3436_1_1_1
34405_1_1_1	34405_1_1_1
34405_1_1_1	34404_1_1_1
34405_1_1_1	34413_1_1_1
34407_1_1_1	34407_1_1_1
34407_1_1_1	52047_1_1_1
34407_1_1_1	6988_1_1_1
3440_1_1_1	3440_1_1_1
3440_1_1_1	2950_1_1_1
34412_1_1_1	34412_1_1_1
34416_1_1_1	34416_1_1_1
34416_1_1_1	34410_1_1_1
34416_1_1_1	34411_1_1_1
34417_1_1_1	34417_1_1_1
34418_1_1_1	34418_1_1_1
34418_1_1_1	6428_1_1_1
34418_1_1_1	4924_1_1_1
34418_1_1_1	4191_1_1_1
34419_1_1_1	34419_1_1_1
34429_1_1_1	34429_1_1_1
34437_1_1_1	34437_1_1_1
34439_1_1_1	34439_1_1_1
34443_1_1_1	34443_1_1_1
34446_1_1_1	34446_1_1_1
34447_1_2_1	34447_1_2_1
34452_1_1_1	34452_1_1_1
34464_1_1_1	34464_1_1_1
34468_1_1_1	34468_1_1_1
34469_1_1_1	34469_1_1_1
34473_1_1_1	34473_1_1_1
34480_1_1_1	34480_1_1_1
34485_1_1_1	34485_1_1_1
34485_1_1_1	34486_1_1_1
34488_1_1_1	34488_1_1_1
34489_1_1_1	34489_1_1_1
34492_1_1_1	34492_1_1_1
3449_1_1_1	3449_1_1_1
34512_1_1_1	34512_1_1_1
34519_1_1_1	34519_1_1_1
34520_1_1_1	34520_1_1_1
34522_1_1_1	34522_1_1_1
34532_1_1_1	34532_1_1_1
34535_1_1_1	34535_1_1_1
34536_1_1_1	34536_1_1_1
34537_1_1_1	34537_1_1_1
34540_1_1_1	34540_1_1_1
34540_1_1_1	25493_1_1_1
34541_1_1_1	34541_1_1_1
34548_1_1_1	34548_1_1_1
34557_1_1_1	34557_1_1_1
34585_1_1_1	34585_1_1_1
34598_1_1_1	34598_1_1_1
34606_1_1_1	34606_1_1_1
34607_1_1_1	34607_1_1_1
34614_1_1_1	34614_1_1_1
34614_1_1_1	34044_1_1_1
34617_1_1_1	34617_1_1_1
34617_1_1_1	16998_1_1_1
34617_1_1_1	18735_1_1_1
34633_1_1_1	34633_1_1_1
34646_1_1_1	34646_1_1_1
34646_1_1_1	50916_1_1_1
34647_1_1_1	34647_1_1_1
34649_1_1_1	34649_1_1_1
34667_1_1_1	34667_1_1_1
34668_1_1_1	34668_1_1_1
3466_1_1_1	3466_1_1_1
34680_1_1_1	34680_1_1_1
34680_1_1_1	34681_1_1_1
34680_1_1_1	34682_1_1_1
34680_1_1_1	34683_1_1_1
34703_1_1_1	34703_1_1_1
34703_1_1_1	19124_1_1_1
34703_1_1_1	34027_1_1_1
34706_1_1_1	34706_1_1_1
34710_1_1_1	34710_1_1_1
34710_1_1_1	34711_1_1_1
34710_1_1_1	34712_1_1_1
34710_1_1_1	34713_1_1_1
34729_1_1_1	34729_1_1_1
34730_1_1_1	34730_1_1_1
34732_1_1_1	34732_1_1_1
34738_1_1_1	34738_1_1_1
34742_1_1_1	34742_1_1_1
34747_1_1_1	34747_1_1_1
34747_1_1_1	34573_1_1_1
34747_1_1_1	6321_1_1_1
34750_1_1_1	34750_1_1_1
34751_1_1_1	34751_1_1_1
34753_1_1_1	34753_1_1_1
34755_1_1_1	34755_1_1_1
34756_1_1_1	34756_1_1_1
34760_1_1_1	34760_1_1_1
34767_1_1_1	34767_1_1_1
34767_1_1_1	34346_1_1_1
34767_1_1_1	11022_1_1_1
34775_1_1_1	34775_1_1_1
34776_1_1_1	34776_1_1_1
34779_1_1_1	34779_1_1_1
34782_1_1_1	34782_1_1_1
34806_1_1_1	34806_1_1_1
34806_1_1_1	34804_1_1_1
34806_1_1_1	34807_1_1_1
34808_1_1_1	34808_1_1_1
34812_1_1_1	34812_1_1_1
34868_1_1_1	34868_1_1_1
34870_1_1_1	34870_1_1_1
34891_1_1_1	34891_1_1_1
34910_1_1_1	34910_1_1_1
34929_1_1_1	34929_1_1_1
34951_1_1_1	34951_1_1_1
34951_1_1_1	34934_1_1_1
34951_1_1_1	15169_1_1_1
34951_1_1_1	17669_1_1_1
34951_1_1_1	18023_1_1_1
34951_1_1_1	34930_1_1_1
34951_1_1_1	34945_1_1_1
34951_1_1_1	5292_2_1_1
34951_1_1_1	50981_1_1_1
34963_1_1_1	34963_1_1_1
356_1_1_1	356_1_1_1
357_1_1_1	357_1_1_1
36009_1_1_1	36009_1_1_1
36018_1_1_1	36018_1_1_1
36019_1_1_1	36019_1_1_1
36026_1_1_1	36026_1_1_1
36034_1_1_1	36034_1_1_1
36047_1_1_1	36047_1_1_1
36048_1_1_1	36048_1_1_1
36050_1_1_1	36050_1_1_1
36050_1_1_1	4057_1_1_1
36050_1_1_1	4058_1_1_1
36050_1_1_1	4059_1_1_1
36050_1_1_1	4148_1_1_1
36057_1_1_1	36057_1_1_1
36058_1_1_1	36058_1_1_1
36061_1_1_1	36061_1_1_1
36107_1_1_1	36107_1_1_1
36107_1_1_1	36105_1_1_1
36107_1_1_1	36106_1_1_1
36107_1_1_1	30259_1_1_1
36107_1_1_1	30260_1_1_1
36109_1_1_1	36109_1_1_1
36115_1_1_1	36115_1_1_1
36115_1_1_1	36114_1_1_1
36117_1_1_1	36117_1_1_1
36146_1_1_1	36146_1_1_1
36167_1_1_1	36167_1_1_1
36180_1_1_1	36180_1_1_1
36187_1_1_1	36187_1_1_1
36204_1_1_1	36204_1_1_1
36228_1_1_1	36228_1_1_1
36228_1_1_1	25947_1_1_1
36244_1_1_1	36244_1_1_1
36272_1_1_1	36272_1_1_1
36273_1_1_1	36273_1_1_1
36294_1_1_1	36294_1_1_1
36299_1_1_1	36299_1_1_1
36312_1_1_1	36312_1_1_1
36321_1_1_1	36321_1_1_1
36342_1_1_1	36342_1_1_1
36360_1_1_1	36360_1_1_1
36361_1_1_1	36361_1_1_1
36414_1_1_1	36414_1_1_1
36430_1_1_1	36430_1_1_1
36431_1_1_1	36431_1_1_1
36457_1_1_1	36457_1_1_1
50101_1_1_1	50101_1_1_1
50102_1_1_1	50102_1_1_1
50103_1_1_1	50103_1_1_1
50105_1_1_1	50105_1_1_1
50115_1_1_1	50115_1_1_1
50117_1_1_1	50117_1_1_1
50120_1_1_1	50120_1_1_1
50120_1_1_1	50119_1_1_1
50122_1_1_1	50122_1_1_1
50127_1_1_1	50127_1_1_1
50130_1_1_1	50130_1_1_1
50130_1_1_1	17945_1_1_1
50130_1_1_1	50129_1_1_1
50131_1_1_1	50131_1_1_1
50132_1_1_1	50132_1_1_1
50132_1_1_1	12016_1_1_1
50132_1_1_1	50133_1_1_1
50132_1_1_1	50134_1_1_1
50138_1_1_1	50138_1_1_1
5014_1_1_1	5014_1_1_1
50165_1_1_1	50165_1_1_1
50165_1_1_1	19874_1_1_1
50165_1_1_1	30935_1_1_1
50165_1_1_1	31102_1_1_1
50165_1_1_1	52316_1_1_1
50165_1_1_1	52314_1_1_1
50165_1_1_1	30848_1_1_1
50165_1_1_1	5114_1_1_1
50165_1_1_1	6872_1_1_1
50165_1_1_1	7064_1_1_1
50185_1_1_1	50185_1_1_1
50189_1_1_1	50189_1_1_1
50195_1_1_1	50195_1_1_1
50195_1_1_1	19733_1_1_1
50196_1_1_1	50196_1_1_1
50201_1_1_1	50201_1_1_1
50205_1_1_1	50205_1_1_1
50214_1_1_1	50214_1_1_1
50215_1_1_1	50215_1_1_1
50228_1_1_1	50228_1_1_1
50229_1_1_1	50229_1_1_1
50231_1_1_1	50231_1_1_1
50238_1_1_1	50238_1_1_1
50258_1_1_1	50258_1_1_1
50271_1_1_1	50271_1_1_1
50274_1_1_1	50274_1_1_1
50304_1_1_1	50304_1_1_1
50310_1_1_1	50310_1_1_1
50314_1_1_1	50314_1_1_1
50314_1_1_1	52368_1_1_1
50326_1_1_1	50326_1_1_1
50329_1_1_1	50329_1_1_1
50370_1_1_1	50370_1_1_1
50371_1_1_1	50371_1_1_1
50373_1_1_1	50373_1_1_1
50392_1_1_1	50392_1_1_1
5039_1_1_1	5039_1_1_1
50404_1_1_1	50404_1_1_1
50409_1_1_1	50409_1_1_1
5040_1_1_1	5040_1_1_1
50426_1_1_1	50426_1_1_1
50427_1_1_1	50427_1_1_1
50437_2_1_1	50437_2_1_1
50437_2_1_1	36045_1_1_1
50446_1_1_1	50446_1_1_1
50448_1_1_1	50448_1_1_1
50471_1_1_1	50471_1_1_1
50477_1_1_1	50477_1_1_1
50478_1_1_1	50478_1_1_1
50496_1_1_1	50496_1_1_1
50497_1_1_1	50497_1_1_1
50512_1_1_1	50512_1_1_1
50525_1_1_1	50525_1_1_1
50549_1_1_1	50549_1_1_1
5055_1_1_1	5055_1_1_1
5055_1_1_1	5315_1_1_1
5055_1_1_1	5389_1_1_1
50567_1_1_1	50567_1_1_1
50582_1_1_1	50582_1_1_1
50591_2_1_1	50591_2_1_1
50591_2_1_1	30162_1_1_1
50593_1_1_1	50593_1_1_1
50612_1_1_1	50612_1_1_1
50618_1_1_1	50618_1_1_1
50618_1_1_1	50558_1_1_1
50680_1_1_1	50680_1_1_1
50687_1_1_1	50687_1_1_1
50708_1_1_1	50708_1_1_1
50708_1_1_1	26672_1_1_1
50708_1_1_1	27125_1_1_1
50712_1_1_1	50712_1_1_1
5072_1_1_1	5072_1_1_1
50733_1_1_1	50733_1_1_1
50733_1_1_1	50697_1_1_1
50737_1_1_1	50737_1_1_1
50738_1_1_1	50738_1_1_1
50740_1_1_1	50740_1_1_1
50752_1_1_1	50752_1_1_1
50758_1_1_1	50758_1_1_1
50766_1_1_1	50766_1_1_1
50769_1_1_1	50769_1_1_1
50787_1_1_1	50787_1_1_1
50795_1_1_1	50795_1_1_1
50796_1_1_1	50796_1_1_1
50797_1_1_1	50797_1_1_1
50799_1_1_1	50799_1_1_1
50803_1_1_1	50803_1_1_1
5082_1_1_1	5082_1_1_1
50839_1_1_1	50839_1_1_1
50860_1_1_1	50860_1_1_1
50862_1_1_1	50862_1_1_1
50863_1_1_1	50863_1_1_1
50866_1_1_1	50866_1_1_1
50872_1_1_1	50872_1_1_1
50880_1_1_1	50880_1_1_1
50905_1_1_1	50905_1_1_1
50905_1_1_1	50904_1_1_1
50921_1_1_1	50921_1_1_1
5092_1_1_1	5092_1_1_1
50940_1_1_1	50940_1_1_1
50942_1_1_1	50942_1_1_1
50944_1_1_1	50944_1_1_1
50953_1_1_1	50953_1_1_1
50953_1_1_1	51080_1_1_1
50961_1_1_1	50961_1_1_1
5097_1_1_1	5097_1_1_1
50980_1_1_1	50980_1_1_1
50983_1_1_1	50983_1_1_1
50983_1_1_1	50982_1_1_1
50983_1_1_1	6088_1_1_1
51011_1_1_1	51011_1_1_1
51015_1_1_1	51015_1_1_1
51019_1_1_1	51019_1_1_1
51022_1_1_1	51022_1_1_1
51023_1_1_1	51023_1_1_1
51029_1_1_1	51029_1_1_1
5102_1_1_1	5102_1_1_1
51033_1_1_1	51033_1_1_1
51062_1_1_1	51062_1_1_1
17472_1_1_1	17472_1_1_1
17479_1_1_1	17479_1_1_1
17479_1_1_1	16119_1_1_1
17491_1_1_1	17491_1_1_1
17509_1_1_1	17509_1_1_1
17515_1_1_1	17515_1_1_1
17521_1_1_1	17521_1_1_1
17523_1_1_1	17523_1_1_1
17525_1_1_1	17525_1_1_1
17533_1_1_1	17533_1_1_1
17552_1_1_1	17552_1_1_1
27868_1_1_1	27868_1_1_1
27881_1_1_1	27881_1_1_1
27882_1_1_1	27882_1_1_1
27885_1_1_1	27885_1_1_1
27905_1_1_1	27905_1_1_1
27913_1_1_1	27913_1_1_1
27923_1_1_1	27923_1_1_1
27930_1_1_1	27930_1_1_1
27931_1_1_1	27931_1_1_1
27935_1_1_1	27935_1_1_1
27811_1_1_1	27811_1_1_1
27812_1_1_1	27812_1_1_1
27812_1_1_1	26755_1_1_1
27813_1_1_1	27813_1_1_1
27815_1_1_1	27815_1_1_1
27815_1_1_1	27816_1_1_1
27815_1_1_1	27827_1_1_1
27831_1_1_1	27831_1_1_1
27837_1_1_1	27837_1_1_1
27839_1_1_1	27839_1_1_1
27848_1_1_1	27848_1_1_1
27866_1_1_1	27866_1_1_1
27867_1_1_1	27867_1_1_1
34500_1_1_1	34500_1_1_1
34514_1_1_1	34514_1_1_1
34538_1_1_1	34538_1_1_1
34556_1_1_1	34556_1_1_1
34560_1_1_1	34560_1_1_1
34574_1_1_1	34574_1_1_1
34575_1_1_1	34575_1_1_1
34576_1_1_1	34576_1_1_1
34582_1_1_1	34582_1_1_1
34602_1_1_1	34602_1_1_1
36264_1_1_1	36264_1_1_1
36264_1_1_1	19538_1_1_1
36284_1_1_1	36284_1_1_1
36293_1_1_1	36293_1_1_1
36322_1_1_1	36322_1_1_1
36340_1_1_1	36340_1_1_1
36358_1_1_1	36358_1_1_1
36363_1_1_1	36363_1_1_1
36395_1_1_1	36395_1_1_1
36405_1_1_1	36405_1_1_1
36445_1_1_1	36445_1_1_1
36112_1_1_1	36112_1_1_1
36129_1_1_1	36129_1_1_1
36158_1_1_1	36158_1_1_1
36162_1_1_1	36162_1_1_1
36176_1_1_1	36176_1_1_1
36177_1_1_1	36177_1_1_1
36177_1_1_1	4500_1_1_1
36181_1_1_1	36181_1_1_1
36200_1_1_1	36200_1_1_1
36207_1_1_1	36207_1_1_1
36243_1_1_1	36243_1_1_1
4328_1_1_1	4328_1_1_1
4331_1_1_1	4331_1_1_1
4333_1_1_1	4333_1_1_1
4334_1_1_1	4334_1_1_1
4334_1_1_1	16348_1_1_1
4339_1_1_1	4339_1_1_1
4342_1_1_1	4342_1_1_1
4342_1_1_1	17135_1_1_1
4342_1_1_1	27195_1_1_1
4342_1_1_1	15233_1_1_1
4342_1_1_1	15234_1_1_1
4342_1_1_1	15235_1_1_1
4343_1_1_1	4343_1_1_1
4343_1_1_1	19737_1_1_1
4344_1_1_1	4344_1_1_1
4348_1_1_1	4348_1_1_1
4353_1_1_1	4353_1_1_1
4355_1_1_1	4355_1_1_1
4358_1_1_1	4358_1_1_1
4360_1_1_1	4360_1_1_1
4369_1_1_1	4369_1_1_1
4373_1_1_1	4373_1_1_1
4376_1_1_1	4376_1_1_1
4377_1_1_1	4377_1_1_1
4381_1_1_1	4381_1_1_1
4384_1_1_1	4384_1_1_1
4385_1_1_1	4385_1_1_1
4386_1_1_1	4386_1_1_1
4388_1_1_1	4388_1_1_1
4388_1_1_1	19144_1_1_1
4395_1_1_1	4395_1_1_1
4396_1_1_1	4396_1_1_1
4403_1_1_1	4403_1_1_1
4404_1_1_1	4404_1_1_1
4410_1_1_1	4410_1_1_1
4410_1_1_1	4755_1_1_1
4413_1_1_1	4413_1_1_1
4422_1_1_1	4422_1_1_1
4425_1_1_1	4425_1_1_1
4425_1_1_1	52087_1_1_1
4425_1_1_1	52294_1_1_1
4428_1_1_1	4428_1_1_1
4428_1_1_1	15874_1_1_1
4428_1_1_1	17698_1_1_1
4429_1_1_1	4429_1_1_1
4429_1_1_1	27944_1_1_1
4431_1_1_1	4431_1_1_1
4431_1_1_1	4486_1_1_1
4438_1_1_1	4438_1_1_1
4445_1_1_1	4445_1_1_1
4447_1_1_1	4447_1_1_1
4447_1_1_1	15243_1_1_1
4448_1_1_1	4448_1_1_1
4449_1_1_1	4449_1_1_1
4451_1_1_1	4451_1_1_1
4452_1_1_1	4452_1_1_1
4452_1_1_1	52447_1_1_1
4455_1_1_1	4455_1_1_1
4456_1_1_1	4456_1_1_1
4459_1_1_1	4459_1_1_1
4460_1_1_1	4460_1_1_1
4470_1_1_1	4470_1_1_1
4473_1_1_1	4473_1_1_1
447_1_1_1	447_1_1_1
4487_1_1_1	4487_1_1_1
448_1_1_1	448_1_1_1
4491_1_1_1	4491_1_1_1
4496_1_1_1	4496_1_1_1
4519_1_1_1	4519_1_1_1
4541_1_1_1	4541_1_1_1
4541_1_1_1	30538_1_1_1
4541_1_1_1	15420_1_1_1
4541_1_1_1	15992_1_1_1
4541_1_1_1	5676_1_1_1
4541_1_1_1	4427_1_1_1
4541_1_1_1	6347_1_1_1
4541_1_1_1	6389_1_1_1
4541_1_1_1	15299_1_1_1
4541_1_1_1	4760_1_1_1
4558_1_1_1	4558_1_1_1
4560_1_1_1	4560_1_1_1
4572_1_1_1	4572_1_1_1
4573_1_1_1	4573_1_1_1
4574_1_1_1	4574_1_1_1
4577_1_1_1	4577_1_1_1
4584_1_1_1	4584_1_1_1
4585_1_1_1	4585_1_1_1
4585_1_1_1	16693_1_1_1
4589_1_1_1	4589_1_1_1
4591_1_1_1	4591_1_1_1
4593_1_1_1	4593_1_1_1
4598_1_1_1	4598_1_1_1
4598_1_1_1	4597_1_1_1
4603_1_1_1	4603_1_1_1
4636_1_1_1	4636_1_1_1
4637_1_1_1	4637_1_1_1
4639_1_1_1	4639_1_1_1
4643_1_1_1	4643_1_1_1
4645_1_1_1	4645_1_1_1
4648_1_1_1	4648_1_1_1
4650_1_1_1	4650_1_1_1
4651_1_1_1	4651_1_1_1
4652_1_1_1	4652_1_1_1
4653_1_1_1	4653_1_1_1
4655_1_1_1	4655_1_1_1
4661_1_1_1	4661_1_1_1
4664_1_1_1	4664_1_1_1
4668_1_1_1	4668_1_1_1
4674_1_1_1	4674_1_1_1
4678_1_1_1	4678_1_1_1
4678_1_1_1	4144_1_1_1
4685_1_1_1	4685_1_1_1
4685_1_1_1	16140_1_1_1
4697_1_1_1	4697_1_1_1
4706_1_1_1	4706_1_1_1
4711_1_1_1	4711_1_1_1
4713_1_1_1	4713_1_1_1
4714_1_1_1	4714_1_1_1
4714_1_1_1	25309_1_1_1
4714_1_1_1	25310_1_1_1
4714_1_1_1	25311_1_1_1
4714_1_1_1	25678_1_1_1
4714_1_1_1	25679_1_1_1
4714_1_1_1	25680_1_1_1
4714_1_1_1	25681_1_1_1
4714_1_1_1	25682_1_1_1
4714_1_1_1	25683_1_1_1
4714_1_1_1	6558_2_1_1
4715_1_1_1	4715_1_1_1
4717_1_1_1	4717_1_1_1
4718_1_1_1	4718_1_1_1
4719_1_1_1	4719_1_1_1
4721_1_1_1	4721_1_1_1
4726_1_1_1	4726_1_1_1
4727_1_1_1	4727_1_1_1
4728_1_1_1	4728_1_1_1
4731_1_1_1	4731_1_1_1
4735_1_1_1	4735_1_1_1
4737_1_1_1	4737_1_1_1
4740_1_1_1	4740_1_1_1
4741_2_1_1	4741_2_1_1
4742_1_1_1	4742_1_1_1
4748_2_1_1	4748_2_1_1
4757_1_1_1	4757_1_1_1
4758_1_1_1	4758_1_1_1
4766_1_1_1	4766_1_1_1
4768_1_1_1	4768_1_1_1
4768_1_1_1	18615_1_1_1
4775_1_1_1	4775_1_1_1
4775_1_1_1	52276_1_1_1
4775_1_1_1	52275_1_1_1
4784_1_1_1	4784_1_1_1
4785_1_1_1	4785_1_1_1
4788_1_1_1	4788_1_1_1
4791_1_1_1	4791_1_1_1
4792_1_1_1	4792_1_1_1
4793_1_1_1	4793_1_1_1
4794_1_1_1	4794_1_1_1
4794_1_1_1	4795_1_1_1
4796_1_1_1	4796_1_1_1
4811_1_1_1	4811_1_1_1
4811_1_1_1	11515_1_1_1
4814_1_1_1	4814_1_1_1
4818_1_1_1	4818_1_1_1
4819_1_1_1	4819_1_1_1
4820_1_1_1	4820_1_1_1
4821_1_1_1	4821_1_1_1
4829_1_1_1	4829_1_1_1
4829_1_1_1	5365_1_1_1
4830_1_1_1	4830_1_1_1
4833_1_1_1	4833_1_1_1
4840_1_1_1	4840_1_1_1
4851_1_1_1	4851_1_1_1
4857_1_1_1	4857_1_1_1
4858_1_1_1	4858_1_1_1
4860_1_1_1	4860_1_1_1
4860_1_1_1	11498_1_1_1
4863_1_1_1	4863_1_1_1
4869_1_1_1	4869_1_1_1
4869_1_1_1	17855_1_1_1
4871_1_1_1	4871_1_1_1
4874_1_1_1	4874_1_1_1
4878_1_1_1	4878_1_1_1
4880_1_1_1	4880_1_1_1
4885_1_1_1	4885_1_1_1
4886_1_1_1	4886_1_1_1
4896_1_1_1	4896_1_1_1
4897_1_1_1	4897_1_1_1
4899_1_1_1	4899_1_1_1
4901_1_1_1	4901_1_1_1
4902_1_1_1	4902_1_1_1
4906_1_1_1	4906_1_1_1
4918_1_1_1	4918_1_1_1
4919_1_1_1	4919_1_1_1
4921_1_1_1	4921_1_1_1
4923_1_1_1	4923_1_1_1
4927_1_1_1	4927_1_1_1
4929_1_1_1	4929_1_1_1
4933_1_1_1	4933_1_1_1
4933_1_1_1	4930_1_1_1
4937_1_1_1	4937_1_1_1
4938_1_1_1	4938_1_1_1
4938_1_1_1	5145_1_1_1
4940_1_1_1	4940_1_1_1
4941_1_1_1	4941_1_1_1
4944_1_1_1	4944_1_1_1
4944_1_1_1	6563_1_1_1
4946_1_1_1	4946_1_1_1
4946_1_1_1	695_1_1_1
4946_1_1_1	1766_1_1_1
4946_1_1_1	5343_1_1_1
4952_1_1_1	4952_1_1_1
4953_1_1_1	4953_1_1_1
4955_1_1_1	4955_1_1_1
4956_1_1_1	4956_1_1_1
4957_1_1_1	4957_1_1_1
4958_1_1_1	4958_1_1_1
4959_1_1_1	4959_1_1_1
4967_1_1_1	4967_1_1_1
4971_1_1_1	4971_1_1_1
4971_1_1_1	4351_1_1_1
4971_1_1_1	4656_1_1_1
4972_1_1_1	4972_1_1_1
4981_1_1_1	4981_1_1_1
4984_1_1_1	4984_1_1_1
4988_1_1_1	4988_1_1_1
4988_1_1_1	7123_1_1_1
4991_1_1_1	4991_1_1_1
4996_1_1_1	4996_1_1_1
4999_1_1_1	4999_1_1_1
50007_2_1_1	50007_2_1_1
50009_1_1_1	50009_1_1_1
5000_1_1_1	5000_1_1_1
5000_1_1_1	5552_1_1_1
50035_1_1_1	50035_1_1_1
5004_1_1_1	5004_1_1_1
5004_1_1_1	4843_1_1_1
5009_1_1_1	5009_1_1_1
5009_1_1_1	5008_1_1_1
50107_1_1_1	50107_1_1_1
50114_1_1_1	50114_1_1_1
50114_1_1_1	50118_1_1_1
50114_1_1_1	51173_1_1_1
50124_1_1_1	50124_1_1_1
5012_1_1_1	5012_1_1_1
50151_1_1_1	50151_1_1_1
50153_1_1_1	50153_1_1_1
50156_1_1_1	50156_1_1_1
50157_1_1_1	50157_1_1_1
50158_1_1_1	50158_1_1_1
50188_1_1_1	50188_1_1_1
5018_1_1_1	5018_1_1_1
5019_1_1_1	5019_1_1_1
50210_1_1_1	50210_1_1_1
50218_1_1_1	50218_1_1_1
50219_1_1_1	50219_1_1_1
50256_1_1_1	50256_1_1_1
50261_1_1_1	50261_1_1_1
50264_1_1_1	50264_1_1_1
50264_1_1_1	50263_1_1_1
50270_1_1_1	50270_1_1_1
5027_1_1_1	5027_1_1_1
50298_1_1_1	50298_1_1_1
50308_1_1_1	50308_1_1_1
5030_1_1_1	5030_1_1_1
5031_1_1_1	5031_1_1_1
50324_1_1_1	50324_1_1_1
50325_1_1_1	50325_1_1_1
50325_1_1_1	6760_1_1_1
50338_1_1_1	50338_1_1_1
5033_1_1_1	5033_1_1_1
5033_1_1_1	4976_1_1_1
50359_1_1_1	50359_1_1_1
50361_1_1_1	50361_1_1_1
50391_1_1_1	50391_1_1_1
50391_1_1_1	34534_1_1_1
50398_1_1_1	50398_1_1_1
50398_1_1_1	4675_1_1_1
50398_1_1_1	15939_1_1_1
50398_1_1_1	19398_1_1_1
50398_1_1_1	26347_1_1_1
50398_1_1_1	26346_1_1_1
50398_1_1_1	27894_1_1_1
50402_1_1_1	50402_1_1_1
50402_1_1_1	50259_1_1_1
50403_1_1_1	50403_1_1_1
5041_1_1_1	5041_1_1_1
50425_1_1_1	50425_1_1_1
5043_1_1_1	5043_1_1_1
50443_1_1_1	50443_1_1_1
50443_1_1_1	36426_1_1_1
50447_1_1_1	50447_1_1_1
5044_1_1_1	5044_1_1_1
50450_1_1_1	50450_1_1_1
51067_1_1_1	51067_1_1_1
51068_1_1_1	51068_1_1_1
51069_1_1_1	51069_1_1_1
51090_1_1_1	51090_1_1_1
51093_1_1_1	51093_1_1_1
51093_1_1_1	50941_1_1_1
51102_1_1_1	51102_1_1_1
51111_1_1_1	51111_1_1_1
51112_1_1_1	51112_1_1_1
51113_1_1_1	51113_1_1_1
51114_1_1_1	51114_1_1_1
51116_1_1_1	51116_1_1_1
51123_1_1_1	51123_1_1_1
51123_1_1_1	51122_1_1_1
51125_1_1_1	51125_1_1_1
5113_1_1_1	5113_1_1_1
5113_1_1_1	5112_1_1_1
51151_1_1_1	51151_1_1_1
51175_1_1_1	51175_1_1_1
51197_1_1_1	51197_1_1_1
51198_1_1_1	51198_1_1_1
51203_1_1_1	51203_1_1_1
51208_1_1_1	51208_1_1_1
51208_1_1_1	51204_1_1_1
51208_1_1_1	51207_1_1_1
51211_1_1_1	51211_1_1_1
51229_1_1_1	51229_1_1_1
51231_1_1_1	51231_1_1_1
51254_1_1_1	51254_1_1_1
51279_1_1_1	51279_1_1_1
51279_1_1_1	51269_1_1_1
51279_1_1_1	51276_1_1_1
51286_1_1_1	51286_1_1_1
51301_1_1_1	51301_1_1_1
51303_1_1_1	51303_1_1_1
51306_1_1_1	51306_1_1_1
51306_1_1_1	51223_1_1_1
51306_1_1_1	51308_1_1_1
51306_1_1_1	51309_1_1_1
51314_1_1_1	51314_1_1_1
51316_1_1_1	51316_1_1_1
51316_1_1_1	51319_1_1_1
51316_1_1_1	51648_1_1_1
51325_1_1_1	51325_1_1_1
51328_1_1_1	51328_1_1_1
51328_1_1_1	51317_1_1_1
51336_1_1_1	51336_1_1_1
51340_1_1_1	51340_1_1_1
51347_1_1_1	51347_1_1_1
51354_1_1_1	51354_1_1_1
51355_1_1_1	51355_1_1_1
51359_1_1_1	51359_1_1_1
51360_1_1_1	51360_1_1_1
51364_1_1_1	51364_1_1_1
51372_1_1_1	51372_1_1_1
51372_1_1_1	51368_1_1_1
51372_1_1_1	51363_1_1_1
51376_1_1_1	51376_1_1_1
51381_1_1_1	51381_1_1_1
51406_1_1_1	51406_1_1_1
51408_1_1_1	51408_1_1_1
51418_1_1_1	51418_1_1_1
51427_1_1_1	51427_1_1_1
51441_1_1_1	51441_1_1_1
51445_1_1_1	51445_1_1_1
5144_1_1_1	5144_1_1_1
51474_1_1_1	51474_1_1_1
51475_1_1_1	51475_1_1_1
51476_1_1_1	51476_1_1_1
51479_1_1_1	51479_1_1_1
51480_1_1_1	51480_1_1_1
51481_1_1_1	51481_1_1_1
51485_1_1_1	51485_1_1_1
51487_1_1_1	51487_1_1_1
51491_1_1_1	51491_1_1_1
51497_1_1_1	51497_1_1_1
51504_1_1_1	51504_1_1_1
51507_1_1_1	51507_1_1_1
51508_1_1_1	51508_1_1_1
51508_1_1_1	15313_1_1_1
51510_1_1_1	51510_1_1_1
51513_1_1_1	51513_1_1_1
51513_1_1_1	51514_1_1_1
51517_1_1_1	51517_1_1_1
51519_1_1_1	51519_1_1_1
51522_1_1_1	51522_1_1_1
51523_1_1_1	51523_1_1_1
51533_1_1_1	51533_1_1_1
51534_1_1_1	51534_1_1_1
51538_1_1_1	51538_1_1_1
51542_1_1_1	51542_1_1_1
51550_1_1_1	51550_1_1_1
51565_1_1_1	51565_1_1_1
51566_1_1_1	51566_1_1_1
5157_1_1_1	5157_1_1_1
51603_1_1_1	51603_1_1_1
51603_1_1_1	51604_1_1_1
51603_1_1_1	51605_1_1_1
51607_1_1_1	51607_1_1_1
51608_1_1_1	51608_1_1_1
51613_1_1_1	51613_1_1_1
51617_1_1_1	51617_1_1_1
51617_1_1_1	28136_1_1_1
51625_1_1_1	51625_1_1_1
5162_1_1_1	5162_1_1_1
51635_1_1_1	51635_1_1_1
51636_1_1_1	51636_1_1_1
51638_1_1_1	51638_1_1_1
51645_1_1_1	51645_1_1_1
51650_1_1_1	51650_1_1_1
51654_1_1_1	51654_1_1_1
51673_1_1_1	51673_1_1_1
51675_1_1_1	51675_1_1_1
51682_1_1_1	51682_1_1_1
51695_1_1_1	51695_1_1_1
51713_1_1_1	51713_1_1_1
51717_1_1_1	51717_1_1_1
51720_1_1_1	51720_1_1_1
51730_1_1_1	51730_1_1_1
5173_1_1_1	5173_1_1_1
51747_1_1_1	51747_1_1_1
51756_1_1_1	51756_1_1_1
51758_1_1_1	51758_1_1_1
51763_1_1_1	51763_1_1_1
51768_1_1_1	51768_1_1_1
51768_1_1_1	51769_1_1_1
51771_1_1_1	51771_1_1_1
51780_1_1_1	51780_1_1_1
51782_1_1_1	51782_1_1_1
51792_1_1_1	51792_1_1_1
51794_1_1_1	51794_1_1_1
52664_1_1_1	52664_1_1_1
52678_1_1_1	52678_1_1_1
52712_1_1_1	52712_1_1_1
52713_1_1_1	52713_1_1_1
52721_1_1_1	52721_1_1_1
52729_1_1_1	52729_1_1_1
52732_1_1_1	52732_1_1_1
52732_1_1_1	16882_1_1_1
52737_1_1_1	52737_1_1_1
52751_1_1_1	52751_1_1_1
52764_1_1_1	52764_1_1_1
52555_1_1_1	52555_1_1_1
52558_1_1_1	52558_1_1_1
52588_1_1_1	52588_1_1_1
52590_1_1_1	52590_1_1_1
52605_1_1_1	52605_1_1_1
52607_1_1_1	52607_1_1_1
52613_1_1_1	52613_1_1_1
52619_1_1_1	52619_1_1_1
52641_1_1_1	52641_1_1_1
52651_1_1_1	52651_1_1_1
52444_1_1_1	52444_1_1_1
52444_1_1_1	52345_1_1_1
52475_1_1_1	52475_1_1_1
52482_1_1_1	52482_1_1_1
52491_1_1_1	52491_1_1_1
52492_1_1_1	52492_1_1_1
52493_1_1_1	52493_1_1_1
52493_1_1_1	52483_1_1_1
52524_1_1_1	52524_1_1_1
52525_1_1_1	52525_1_1_1
52531_1_1_1	52531_1_1_1
52531_1_1_1	52530_1_1_1
52550_1_1_1	52550_1_1_1
52550_1_1_1	52551_1_1_1
16089_1_1_1	16089_1_1_1
16096_1_1_1	16096_1_1_1
16096_1_1_1	18380_1_1_1
16104_1_1_1	16104_1_1_1
16104_1_1_1	16314_1_1_1
16104_1_1_1	34069_1_1_1
16104_1_1_1	7311_1_1_1
16107_1_1_1	16107_1_1_1
16109_1_1_1	16109_1_1_1
16110_1_1_1	16110_1_1_1
16112_1_1_1	16112_1_1_1
16113_1_1_1	16113_1_1_1
16118_1_1_1	16118_1_1_1
16122_1_1_1	16122_1_1_1
16124_1_1_1	16124_1_1_1
16129_1_1_1	16129_1_1_1
16129_1_1_1	25945_1_1_1
16133_1_1_1	16133_1_1_1
16135_1_1_1	16135_1_1_1
16136_1_1_1	16136_1_1_1
16136_1_1_1	16150_1_1_1
16136_1_1_1	16151_1_1_1
16136_1_1_1	16152_1_1_1
16136_1_1_1	5410_1_1_1
16139_1_1_1	16139_1_1_1
16147_1_1_1	16147_1_1_1
16156_1_1_1	16156_1_1_1
16157_1_1_1	16157_1_1_1
16159_1_1_1	16159_1_1_1
16159_1_1_1	15552_1_1_1
16159_1_1_1	18719_1_1_1
16162_1_1_1	16162_1_1_1
16162_1_1_1	16158_1_1_1
16167_1_1_1	16167_1_1_1
16175_1_1_1	16175_1_1_1
16176_1_1_1	16176_1_1_1
16186_1_1_1	16186_1_1_1
16206_1_1_1	16206_1_1_1
16213_1_1_1	16213_1_1_1
16233_1_1_1	16233_1_1_1
16240_1_1_1	16240_1_1_1
16240_1_1_1	15950_1_1_1
16246_1_1_1	16246_1_1_1
16249_1_1_1	16249_1_1_1
16249_1_1_1	51991_1_1_1
16259_1_1_1	16259_1_1_1
16261_1_1_1	16261_1_1_1
16262_1_1_1	16262_1_1_1
16268_1_1_1	16268_1_1_1
16279_1_1_1	16279_1_1_1
16295_1_1_1	16295_1_1_1
16298_1_1_1	16298_1_1_1
16316_1_1_1	16316_1_1_1
16317_1_1_1	16317_1_1_1
16319_1_1_1	16319_1_1_1
16322_1_1_1	16322_1_1_1
16329_1_1_1	16329_1_1_1
16332_1_1_1	16332_1_1_1
16332_1_1_1	6827_1_1_1
16341_1_1_1	16341_1_1_1
16349_1_1_1	16349_1_1_1
16352_1_1_1	16352_1_1_1
16355_1_1_1	16355_1_1_1
16368_1_1_1	16368_1_1_1
16371_1_1_1	16371_1_1_1
16382_1_1_1	16382_1_1_1
16386_1_1_1	16386_1_1_1
16387_1_1_1	16387_1_1_1
16387_1_1_1	25165_1_1_1
16395_1_1_1	16395_1_1_1
16396_1_1_1	16396_1_1_1
16430_1_2_1	16430_1_2_1
16476_1_1_1	16476_1_1_1
16477_1_1_1	16477_1_1_1
16478_1_1_1	16478_1_1_1
16484_1_1_1	16484_1_1_1
16494_1_1_1	16494_1_1_1
16494_1_1_1	15783_1_1_1
16494_1_1_1	4091_1_1_1
16504_1_1_1	16504_1_1_1
16516_1_1_1	16516_1_1_1
16523_1_1_1	16523_1_1_1
16534_1_1_1	16534_1_1_1
16538_1_1_1	16538_1_1_1
16544_1_1_1	16544_1_1_1
16550_1_1_1	16550_1_1_1
16550_1_1_1	16551_1_1_1
16558_1_1_1	16558_1_1_1
16560_1_1_1	16560_1_1_1
16567_1_1_1	16567_1_1_1
16570_1_1_1	16570_1_1_1
16588_1_1_1	16588_1_1_1
16608_1_1_1	16608_1_1_1
16621_1_1_1	16621_1_1_1
16621_1_1_1	16602_1_1_1
16623_1_1_1	16623_1_1_1
16624_1_1_1	16624_1_1_1
16628_1_1_1	16628_1_1_1
16630_1_1_1	16630_1_1_1
16630_1_1_1	15927_1_1_1
16630_1_1_1	16362_1_1_1
16630_1_1_1	4797_1_1_1
16637_1_1_1	16637_1_1_1
1663_1_1_1	1663_1_1_1
16640_1_1_1	16640_1_1_1
16640_1_1_1	18885_1_1_1
16646_1_1_1	16646_1_1_1
16664_1_1_1	16664_1_1_1
16666_1_1_1	16666_1_1_1
16667_1_1_1	16667_1_1_1
16684_1_1_1	16684_1_1_1
16691_1_1_1	16691_1_1_1
16696_1_1_1	16696_1_1_1
16699_1_1_1	16699_1_1_1
16712_1_1_1	16712_1_1_1
16719_1_1_1	16719_1_1_1
16729_1_1_1	16729_1_1_1
16732_1_1_1	16732_1_1_1
16733_1_1_1	16733_1_1_1
16734_1_1_1	16734_1_1_1
16735_1_1_1	16735_1_1_1
16739_1_1_1	16739_1_1_1
16739_1_1_1	4640_1_1_1
16739_1_1_1	31207_1_1_1
16739_1_1_1	31208_1_1_1
16739_1_1_1	31210_1_1_1
16739_1_1_1	31211_1_1_1
1673_1_1_1	1673_1_1_1
1673_1_1_1	16593_1_1_1
1673_1_1_1	1580_1_1_1
1675_1_1_1	1675_1_1_1
16767_1_1_1	16767_1_1_1
16769_1_1_1	16769_1_1_1
16773_1_1_1	16773_1_1_1
16779_1_1_1	16779_1_1_1
16795_1_1_1	16795_1_1_1
16800_1_1_1	16800_1_1_1
16800_1_1_1	16798_1_1_1
16801_1_1_1	16801_1_1_1
16802_1_1_1	16802_1_1_1
16806_1_1_1	16806_1_1_1
16808_1_1_1	16808_1_1_1
16808_1_1_1	18869_1_1_1
16810_1_1_1	16810_1_1_1
16811_1_1_1	16811_1_1_1
16833_1_1_1	16833_1_1_1
16839_1_1_1	16839_1_1_1
16857_1_1_1	16857_1_1_1
16884_1_1_1	16884_1_1_1
16892_1_1_1	16892_1_1_1
16905_1_1_1	16905_1_1_1
16914_1_1_1	16914_1_1_1
16917_1_1_1	16917_1_1_1
16917_1_1_1	26897_1_1_1
16917_1_1_1	26898_1_1_1
16917_1_1_1	26896_1_1_1
16922_1_1_1	16922_1_1_1
16927_1_1_1	16927_1_1_1
16943_1_1_1	16943_1_1_1
16943_1_1_1	16182_1_1_1
16948_1_1_1	16948_1_1_1
16957_2_1_1	16957_2_1_1
16961_1_1_1	16961_1_1_1
16966_1_1_1	16966_1_1_1
16986_1_1_1	16986_1_1_1
16989_1_1_1	16989_1_1_1
16992_1_1_1	16992_1_1_1
16992_1_1_1	17382_1_1_1
16992_1_1_1	6783_1_1_1
17001_1_1_1	17001_1_1_1
17003_1_1_1	17003_1_1_1
17006_1_1_1	17006_1_1_1
17007_1_1_1	17007_1_1_1
17009_1_1_1	17009_1_1_1
1700_1_1_1	1700_1_1_1
1700_1_1_1	17661_1_1_1
1700_1_1_1	17662_1_1_1
1700_1_1_1	1867_1_1_1
1700_1_1_1	2804_1_1_1
1700_1_1_1	1655_1_1_1
17011_1_1_1	17011_1_1_1
17014_1_1_1	17014_1_1_1
17017_1_1_1	17017_1_1_1
17020_1_1_1	17020_1_1_1
4070_1_1_1	4070_1_1_1
4071_1_1_1	4071_1_1_1
4071_1_1_1	19237_1_1_1
4071_1_1_1	25609_1_1_1
4071_1_1_1	25605_1_1_1
4071_1_1_1	4163_1_1_1
4076_1_1_1	4076_1_1_1
4076_1_1_1	4367_1_1_1
4078_1_1_1	4078_1_1_1
4082_1_1_1	4082_1_1_1
4082_1_1_1	15452_1_1_1
4084_1_1_1	4084_1_1_1
4085_1_1_1	4085_1_1_1
4086_1_1_1	4086_1_1_1
4086_1_1_1	4526_1_1_1
4087_1_1_1	4087_1_1_1
4090_1_1_1	4090_1_1_1
36460_1_1_1	36460_1_1_1
36460_1_1_1	36459_1_1_1
36461_1_1_1	36461_1_1_1
36462_1_1_1	36462_1_1_1
36469_1_1_1	36469_1_1_1
36489_1_1_1	36489_1_1_1
36589_1_1_1	36589_1_1_1
36661_1_1_1	36661_1_1_1
395_1_1_1	395_1_1_1
395_1_1_1	394_1_1_1
395_1_1_1	4540_1_1_1
4020_1_1_1	4020_1_1_1
4029_1_1_1	4029_1_1_1
4029_1_1_1	52947_1_1_1
50830_1_1_1	50830_1_1_1
50886_1_1_1	50886_1_1_1
50886_1_1_1	19712_1_1_1
50886_1_1_1	26308_1_1_1
50887_1_1_1	50887_1_1_1
50888_1_1_1	50888_1_1_1
50906_1_1_1	50906_1_1_1
50906_1_1_1	27475_1_1_1
50908_1_1_1	50908_1_1_1
5090_1_1_1	5090_1_1_1
50912_1_1_1	50912_1_1_1
50914_1_1_1	50914_1_1_1
50915_1_1_1	50915_1_1_1
50915_1_1_1	34748_1_1_1
50936_1_1_1	50936_1_1_1
5093_1_1_1	5093_1_1_1
50955_1_1_1	50955_1_1_1
50955_1_1_1	51379_1_1_1
50955_1_1_1	51659_1_1_1
50960_1_1_1	50960_1_1_1
50962_1_1_1	50962_1_1_1
50966_1_1_1	50966_1_1_1
50979_1_1_1	50979_1_1_1
50994_1_1_1	50994_1_1_1
5101_1_1_1	5101_1_1_1
51038_1_1_1	51038_1_1_1
51048_1_1_1	51048_1_1_1
5104_1_1_1	5104_1_1_1
51054_1_1_1	51054_1_1_1
51055_1_1_1	51055_1_1_1
5106_1_1_1	5106_1_1_1
51070_1_1_1	51070_1_1_1
51078_1_1_1	51078_1_1_1
5107_1_1_1	5107_1_1_1
51081_1_1_1	51081_1_1_1
51083_1_1_1	51083_1_1_1
50632_1_1_1	50632_1_1_1
50638_1_1_1	50638_1_1_1
50642_1_1_1	50642_1_1_1
50642_1_1_1	50640_1_1_1
50642_1_1_1	50643_1_1_1
50642_1_1_1	5960_1_1_1
50642_1_1_1	7250_1_1_1
50689_1_1_1	50689_1_1_1
50710_3_1_1	50710_3_1_1
50715_1_1_1	50715_1_1_1
50736_1_1_1	50736_1_1_1
50742_1_1_1	50742_1_1_1
50744_1_1_1	50744_1_1_1
50745_1_1_1	50745_1_1_1
25572_1_1_1	25572_1_1_1
25585_1_1_1	25585_1_1_1
25593_1_1_1	25593_1_1_1
25593_1_1_1	18888_1_1_1
25606_1_1_1	25606_1_1_1
25606_1_1_1	25607_1_1_1
25611_1_1_1	25611_1_1_1
25647_1_1_1	25647_1_1_1
25673_1_1_1	25673_1_1_1
25689_1_1_1	25689_1_1_1
25706_1_1_1	25706_1_1_1
25710_1_1_1	25710_1_1_1
25732_1_1_1	25732_1_1_1
25745_1_1_1	25745_1_1_1
25769_1_1_1	25769_1_1_1
25773_1_1_1	25773_1_1_1
25776_1_1_1	25776_1_1_1
25776_1_1_1	25768_1_1_1
25825_1_1_1	25825_1_1_1
25835_1_1_1	25835_1_1_1
25847_1_1_1	25847_1_1_1
25850_1_1_1	25850_1_1_1
25850_1_1_1	25868_1_1_1
25869_1_1_1	25869_1_1_1
25873_1_1_1	25873_1_1_1
25877_1_1_1	25877_1_1_1
25883_1_1_1	25883_1_1_1
25889_1_1_1	25889_1_1_1
25895_1_1_1	25895_1_1_1
25921_1_1_1	25921_1_1_1
25923_1_1_1	25923_1_1_1
25927_1_1_1	25927_1_1_1
25943_1_1_1	25943_1_1_1
25948_1_1_1	25948_1_1_1
25959_1_1_1	25959_1_1_1
25966_1_1_1	25966_1_1_1
25989_1_1_1	25989_1_1_1
25989_1_1_1	25990_1_1_1
25991_1_1_1	25991_1_1_1
25992_1_1_1	25992_1_1_1
26012_1_1_1	26012_1_1_1
26027_1_1_1	26027_1_1_1
26029_1_1_1	26029_1_1_1
26062_1_1_1	26062_1_1_1
26314_1_1_1	26314_1_1_1
26350_1_1_1	26350_1_1_1
26509_1_1_1	26509_1_1_1
26543_1_1_1	26543_1_1_1
26545_1_1_1	26545_1_1_1
26545_1_1_1	26544_1_1_1
26558_1_1_1	26558_1_1_1
26573_1_1_1	26573_1_1_1
26575_1_1_1	26575_1_1_1
26599_1_1_1	26599_1_1_1
26628_1_1_1	26628_1_1_1
26628_1_1_1	27002_1_1_1
26639_1_1_1	26639_1_1_1
26641_1_1_1	26641_1_1_1
26653_1_1_1	26653_1_1_1
26656_1_1_1	26656_1_1_1
26663_1_1_1	26663_1_1_1
26663_1_1_1	26662_1_1_1
26664_1_1_1	26664_1_1_1
26675_1_1_1	26675_1_1_1
26675_1_1_1	26674_1_1_1
26684_1_1_1	26684_1_1_1
26689_1_1_1	26689_1_1_1
26700_1_1_1	26700_1_1_1
26701_1_1_1	26701_1_1_1
30879_1_1_1	30879_1_1_1
30880_1_1_1	30880_1_1_1
30896_1_1_1	30896_1_1_1
30908_1_1_1	30908_1_1_1
30931_1_1_1	30931_1_1_1
30986_1_1_1	30986_1_1_1
30995_1_1_1	30995_1_1_1
31024_1_1_1	31024_1_1_1
31030_1_1_1	31030_1_1_1
31039_1_1_1	31039_1_1_1
31039_1_1_1	51558_1_1_1
30748_1_1_1	30748_1_1_1
30779_1_1_1	30779_1_1_1
30793_1_1_1	30793_1_1_1
30799_1_1_1	30799_1_1_1
30819_1_1_1	30819_1_1_1
30826_1_1_1	30826_1_1_1
30832_1_1_1	30832_1_1_1
30870_1_1_1	30870_1_1_1
30873_1_1_1	30873_1_1_1
30874_2_1_1	30874_2_1_1
17251_1_1_1	17251_1_1_1
17252_1_1_1	17252_1_1_1
17256_1_1_1	17256_1_1_1
17257_1_1_1	17257_1_1_1
17258_1_1_1	17258_1_1_1
17258_1_1_1	18839_1_1_1
17272_1_1_1	17272_1_1_1
17276_1_1_1	17276_1_1_1
17279_1_1_1	17279_1_1_1
17280_1_1_1	17280_1_1_1
17287_1_1_1	17287_1_1_1
17287_1_1_1	17110_1_1_1
17287_1_1_1	7131_1_1_1
17287_1_1_1	17128_1_1_1
17287_1_1_1	17134_1_1_1
17287_1_1_1	19153_1_1_1
17288_1_1_1	17288_1_1_1
17301_1_1_1	17301_1_1_1
17318_1_1_1	17318_1_1_1
17324_1_1_1	17324_1_1_1
17327_1_1_1	17327_1_1_1
17362_1_1_1	17362_1_1_1
17371_1_1_1	17371_1_1_1
17388_1_1_1	17388_1_1_1
17389_1_1_1	17389_1_1_1
17390_1_1_1	17390_1_1_1
17410_1_1_1	17410_1_1_1
17411_1_1_1	17411_1_1_1
17418_1_1_1	17418_1_1_1
17424_1_1_1	17424_1_1_1
17427_1_1_1	17427_1_1_1
17434_1_1_1	17434_1_1_1
17448_1_1_1	17448_1_1_1
17467_1_1_1	17467_1_1_1
17478_1_1_1	17478_1_1_1
17481_1_1_1	17481_1_1_1
17484_1_1_1	17484_1_1_1
17487_1_1_1	17487_1_1_1
17488_1_1_1	17488_1_1_1
17489_1_1_1	17489_1_1_1
17489_1_1_1	19591_1_1_1
17489_1_1_1	5537_1_1_1
17490_1_1_1	17490_1_1_1
17492_1_1_1	17492_1_1_1
17493_1_1_1	17493_1_1_1
17495_1_1_1	17495_1_1_1
17502_1_1_1	17502_1_1_1
17502_1_1_1	34517_1_1_1
17503_1_1_1	17503_1_1_1
17505_1_1_1	17505_1_1_1
17505_1_1_1	1394_1_1_1
17508_1_1_1	17508_1_1_1
17508_1_1_1	17635_1_1_1
17512_1_1_1	17512_1_1_1
17514_1_1_1	17514_1_1_1
17514_1_1_1	3394_1_1_1
17519_1_1_1	17519_1_1_1
17519_1_1_1	17518_1_1_1
17524_1_1_1	17524_1_1_1
17528_1_1_1	17528_1_1_1
17534_1_1_1	17534_1_1_1
17537_1_1_1	17537_1_1_1
17546_1_1_1	17546_1_1_1
17549_1_1_1	17549_1_1_1
17553_1_1_1	17553_1_1_1
17554_1_1_1	17554_1_1_1
17555_1_1_1	17555_1_1_1
1757_1_1_1	1757_1_1_1
17584_1_1_1	17584_1_1_1
17585_1_1_1	17585_1_1_1
17586_1_1_1	17586_1_1_1
17588_1_1_1	17588_1_1_1
17589_1_1_1	17589_1_1_1
17590_1_1_1	17590_1_1_1
17596_1_1_1	17596_1_1_1
17600_1_1_1	17600_1_1_1
17608_1_1_1	17608_1_1_1
17612_1_1_1	17612_1_1_1
17612_1_1_1	30970_1_1_1
17627_1_1_1	17627_1_1_1
17627_1_1_1	52385_1_1_1
17637_1_1_1	17637_1_1_1
17637_1_1_1	17636_1_1_1
17664_1_1_1	17664_1_1_1
17668_1_1_1	17668_1_1_1
17670_1_1_1	17670_1_1_1
17673_1_1_1	17673_1_1_1
17681_1_1_1	17681_1_1_1
17681_1_1_1	16963_1_1_1
17683_1_1_1	17683_1_1_1
17683_1_1_1	4046_1_1_1
17689_1_1_1	17689_1_1_1
17690_1_1_1	17690_1_1_1
17690_1_1_1	19174_1_1_1
17695_1_1_1	17695_1_1_1
17703_1_1_1	17703_1_1_1
17705_1_1_1	17705_1_1_1
17738_1_1_1	17738_1_1_1
17738_1_1_1	19261_1_1_1
17738_1_1_1	19264_1_1_1
17743_1_1_1	17743_1_1_1
17745_1_1_1	17745_1_1_1
17747_1_1_1	17747_1_1_1
17748_1_1_1	17748_1_1_1
17752_1_1_1	17752_1_1_1
17753_1_1_1	17753_1_1_1
17755_1_1_1	17755_1_1_1
17773_1_1_1	17773_1_1_1
17781_1_1_1	17781_1_1_1
17782_1_1_1	17782_1_1_1
17783_1_1_1	17783_1_1_1
17792_1_1_1	17792_1_1_1
17798_1_1_1	17798_1_1_1
17798_1_1_1	17797_1_1_1
17799_1_1_1	17799_1_1_1
17816_1_1_1	17816_1_1_1
17823_1_1_1	17823_1_1_1
17832_1_1_1	17832_1_1_1
17835_1_1_1	17835_1_1_1
17856_1_2_1	17856_1_2_1
17856_1_2_1	18871_1_1_1
17862_1_1_1	17862_1_1_1
17867_1_1_1	17867_1_1_1
17888_1_1_1	17888_1_1_1
17890_1_1_1	17890_1_1_1
17899_1_1_1	17899_1_1_1
17900_1_1_1	17900_1_1_1
17906_1_1_1	17906_1_1_1
17908_1_1_1	17908_1_1_1
17911_1_1_1	17911_1_1_1
17916_1_1_1	17916_1_1_1
17923_1_1_1	17923_1_1_1
17923_1_1_1	30561_1_1_1
17923_1_1_1	7092_1_1_1
17923_1_1_1	30720_1_1_1
17924_1_1_1	17924_1_1_1
17927_1_1_1	17927_1_1_1
17928_1_1_1	17928_1_1_1
17935_1_1_1	17935_1_1_1
17943_1_1_1	17943_1_1_1
17953_1_1_1	17953_1_1_1
17953_1_1_1	50917_1_1_1
17953_1_1_1	6620_1_1_1
17953_1_1_1	7231_1_1_1
17958_1_1_1	17958_1_1_1
17958_1_1_1	17955_1_1_1
17958_1_1_1	4507_1_1_1
17959_1_1_1	17959_1_1_1
17964_1_1_1	17964_1_1_1
17964_1_1_1	17994_1_1_1
17964_1_1_1	17996_1_1_1
17964_1_1_1	18138_1_1_1
17964_1_1_1	5967_1_1_1
17965_1_1_1	17965_1_1_1
17971_1_1_1	17971_1_1_1
17978_1_1_1	17978_1_1_1
17985_1_1_1	17985_1_1_1
17989_1_1_1	17989_1_1_1
17990_1_1_1	17990_1_1_1
17992_1_1_1	17992_1_1_1
18001_1_1_1	18001_1_1_1
18010_1_1_1	18010_1_1_1
18011_1_1_1	18011_1_1_1
18014_1_1_1	18014_1_1_1
18019_1_1_1	18019_1_1_1
18019_1_1_1	6636_1_1_1
18020_1_1_1	18020_1_1_1
18020_1_1_1	26822_1_1_1
18022_1_1_1	18022_1_1_1
18051_1_1_1	18051_1_1_1
18080_1_1_1	18080_1_1_1
18098_1_1_1	18098_1_1_1
18105_2_1_1	18105_2_1_1
18105_2_1_1	18104_1_1_1
18107_1_1_1	18107_1_1_1
18112_1_1_1	18112_1_1_1
18114_1_1_1	18114_1_1_1
18115_1_1_1	18115_1_1_1
18132_1_1_1	18132_1_1_1
18132_1_1_1	16177_1_1_1
18134_1_1_1	18134_1_1_1
18134_1_1_1	16137_1_1_1
18141_1_1_1	18141_1_1_1
18145_1_1_1	18145_1_1_1
18147_1_1_1	18147_1_1_1
18147_1_1_1	27857_1_1_1
18148_1_1_1	18148_1_1_1
1814_1_1_1	1814_1_1_1
18155_1_1_1	18155_1_1_1
18156_1_1_1	18156_1_1_1
18157_1_1_1	18157_1_1_1
18158_1_1_1	18158_1_1_1
18166_1_1_1	18166_1_1_1
18166_1_1_1	26920_1_1_1
18171_1_1_1	18171_1_1_1
18180_1_1_1	18180_1_1_1
18181_1_1_1	18181_1_1_1
18183_1_1_1	18183_1_1_1
18186_1_1_1	18186_1_1_1
18187_1_1_1	18187_1_1_1
18188_1_1_1	18188_1_1_1
18189_1_1_1	18189_1_1_1
18210_1_1_1	18210_1_1_1
18211_1_1_1	18211_1_1_1
18214_1_1_1	18214_1_1_1
18215_1_1_1	18215_1_1_1
18217_1_1_1	18217_1_1_1
18227_1_1_1	18227_1_1_1
18237_1_1_1	18237_1_1_1
18246_1_1_1	18246_1_1_1
18255_1_1_1	18255_1_1_1
18268_1_1_1	18268_1_1_1
27236_1_1_1	27236_1_1_1
27263_1_1_1	27263_1_1_1
27272_1_1_1	27272_1_1_1
27290_1_1_1	27290_1_1_1
27301_1_1_1	27301_1_1_1
27305_1_1_1	27305_1_1_1
27306_1_1_1	27306_1_1_1
27328_1_1_1	27328_1_1_1
27330_1_1_1	27330_1_1_1
27339_1_1_1	27339_1_1_1
27341_1_1_1	27341_1_1_1
27342_1_1_1	27342_1_1_1
27344_1_1_1	27344_1_1_1
27351_1_1_1	27351_1_1_1
27353_1_1_1	27353_1_1_1
27355_1_1_1	27355_1_1_1
27375_1_1_1	27375_1_1_1
27375_1_1_1	27374_1_1_1
27376_1_1_1	27376_1_1_1
27393_1_1_1	27393_1_1_1
27412_1_1_1	27412_1_1_1
27415_1_1_1	27415_1_1_1
27426_1_1_1	27426_1_1_1
27426_1_1_1	25426_1_1_1
27433_1_1_1	27433_1_1_1
27435_1_1_1	27435_1_1_1
27460_1_1_1	27460_1_1_1
27461_1_1_1	27461_1_1_1
27464_1_1_1	27464_1_1_1
27484_1_1_1	27484_1_1_1
27489_1_1_1	27489_1_1_1
27490_2_1_1	27490_2_1_1
27495_1_1_1	27495_1_1_1
27495_1_1_1	50686_1_1_1
27499_1_1_1	27499_1_1_1
27506_1_1_1	27506_1_1_1
27517_1_1_1	27517_1_1_1
27520_1_1_1	27520_1_1_1
27521_1_1_1	27521_1_1_1
27533_1_1_1	27533_1_1_1
27533_1_1_1	27569_1_1_1
27533_1_1_1	27775_1_1_1
27536_1_1_1	27536_1_1_1
27538_1_1_1	27538_1_1_1
27538_1_1_1	27537_1_1_1
27540_1_1_1	27540_1_1_1
27550_1_1_1	27550_1_1_1
27553_1_1_1	27553_1_1_1
27554_1_1_1	27554_1_1_1
27565_1_1_1	27565_1_1_1
27583_1_1_1	27583_1_1_1
27588_1_1_1	27588_1_1_1
27596_1_1_1	27596_1_1_1
27615_1_1_1	27615_1_1_1
27618_1_1_1	27618_1_1_1
27625_1_1_1	27625_1_1_1
27629_1_1_1	27629_1_1_1
27633_1_1_1	27633_1_1_1
27634_1_1_1	27634_1_1_1
27648_1_1_1	27648_1_1_1
27648_1_1_1	27647_1_1_1
27649_1_1_1	27649_1_1_1
27667_1_1_1	27667_1_1_1
27670_1_1_1	27670_1_1_1
27670_1_1_1	27669_1_1_1
27671_1_1_1	27671_1_1_1
27677_1_1_1	27677_1_1_1
27681_1_1_1	27681_1_1_1
27681_1_1_1	26994_1_1_1
27700_1_1_1	27700_1_1_1
27714_1_1_1	27714_1_1_1
27728_1_1_1	27728_1_1_1
27728_1_1_1	34339_1_1_1
27730_1_1_1	27730_1_1_1
27755_1_1_1	27755_1_1_1
27755_1_1_1	27753_1_1_1
27755_1_1_1	27754_1_1_1
27764_1_1_1	27764_1_1_1
27764_1_1_1	27763_1_1_1
27768_1_1_1	27768_1_1_1
27778_1_1_1	27778_1_1_1
27780_1_1_1	27780_1_1_1
27801_1_1_1	27801_1_1_1
19000_1_1_1	19000_1_1_1
19002_1_1_1	19002_1_1_1
19010_1_1_1	19010_1_1_1
19014_1_1_1	19014_1_1_1
19023_1_1_1	19023_1_1_1
19027_1_1_1	19027_1_1_1
19028_1_1_1	19028_1_1_1
19041_1_1_1	19041_1_1_1
19041_1_1_1	19531_1_1_1
19041_1_1_1	19532_1_1_1
19057_1_1_1	19057_1_1_1
19057_1_1_1	18915_1_1_1
19068_1_1_1	19068_1_1_1
19078_1_1_1	19078_1_1_1
19085_1_1_1	19085_1_1_1
19085_1_1_1	16703_1_1_1
19085_1_1_1	16704_1_1_1
19085_1_1_1	16705_1_1_1
19088_1_1_1	19088_1_1_1
19101_1_1_1	19101_1_1_1
19101_1_1_1	19094_1_1_1
19106_1_1_1	19106_1_1_1
19111_1_1_1	19111_1_1_1
1911_1_1_1	1911_1_1_1
1911_1_1_1	1500_1_1_1
19125_1_1_1	19125_1_1_1
19126_1_1_1	19126_1_1_1
19139_1_1_1	19139_1_1_1
19143_1_1_1	19143_1_1_1
19156_1_1_1	19156_1_1_1
19169_1_1_1	19169_1_1_1
19181_1_1_1	19181_1_1_1
19184_1_1_1	19184_1_1_1
19216_1_1_1	19216_1_1_1
19217_1_1_1	19217_1_1_1
19219_1_1_1	19219_1_1_1
19234_1_1_1	19234_1_1_1
19239_1_1_1	19239_1_1_1
19239_1_1_1	4330_1_1_1
19243_1_1_1	19243_1_1_1
19269_1_1_1	19269_1_1_1
19270_1_1_1	19270_1_1_1
19274_1_1_1	19274_1_1_1
19282_1_1_1	19282_1_1_1
19293_1_1_1	19293_1_1_1
19293_1_1_1	19061_1_1_1
19298_1_1_1	19298_1_1_1
19298_1_1_1	26922_1_1_1
19298_1_1_1	4772_1_1_1
19299_1_1_1	19299_1_1_1
19308_1_1_1	19308_1_1_1
19308_1_1_1	18567_1_1_1
19308_1_1_1	16864_1_1_1
19311_1_1_1	19311_1_1_1
19314_1_1_1	19314_1_1_1
19314_1_1_1	10079_1_1_1
19327_1_1_1	19327_1_1_1
19354_1_1_1	19354_1_1_1
19362_1_1_1	19362_1_1_1
19379_1_1_1	19379_1_1_1
19379_1_1_1	18096_1_1_1
19379_1_1_1	18093_1_1_1
19383_1_1_1	19383_1_1_1
19383_1_1_1	19052_1_1_1
19383_1_1_1	17639_1_1_1
19390_1_1_1	19390_1_1_1
19428_1_1_1	19428_1_1_1
19438_1_1_1	19438_1_1_1
19443_1_1_1	19443_1_1_1
19444_1_1_1	19444_1_1_1
19444_1_1_1	19439_1_1_1
19450_1_1_1	19450_1_1_1
19451_1_1_1	19451_1_1_1
19459_1_1_1	19459_1_1_1
19460_1_1_1	19460_1_1_1
19464_1_1_1	19464_1_1_1
19466_1_1_1	19466_1_1_1
19466_1_1_1	19418_1_1_1
19479_1_1_1	19479_1_1_1
19483_1_1_1	19483_1_1_1
19483_1_1_1	19487_1_1_1
19483_1_1_1	19488_1_1_1
19484_1_1_1	19484_1_1_1
19494_1_1_1	19494_1_1_1
19494_1_1_1	19499_1_1_1
19494_1_1_1	19500_1_1_1
19495_1_1_1	19495_1_1_1
19496_1_1_1	19496_1_1_1
19497_1_1_1	19497_1_1_1
19502_1_1_1	19502_1_1_1
19503_1_1_1	19503_1_1_1
19504_1_1_1	19504_1_1_1
19505_1_1_1	19505_1_1_1
19517_2_1_1	19517_2_1_1
19523_1_1_1	19523_1_1_1
19533_1_1_1	19533_1_1_1
19553_1_1_1	19553_1_1_1
19561_1_1_1	19561_1_1_1
19569_1_1_1	19569_1_1_1
19576_1_1_1	19576_1_1_1
19576_1_1_1	16082_1_1_1
19576_1_1_1	19508_1_1_1
19579_1_1_1	19579_1_1_1
19596_1_1_1	19596_1_1_1
19605_1_1_1	19605_1_1_1
19606_1_1_1	19606_1_1_1
19611_1_1_1	19611_1_1_1
19611_1_1_1	16074_1_1_1
19611_1_1_1	16235_1_1_1
19611_1_1_1	18506_1_1_1
19611_1_1_1	50464_1_1_1
19611_1_1_1	6627_2_1_1
19611_1_1_1	5609_1_1_1
19614_1_2_1	19614_1_2_1
19618_1_1_1	19618_1_1_1
19642_1_1_1	19642_1_1_1
19646_1_1_1	19646_1_1_1
19666_1_1_1	19666_1_1_1
19667_1_1_1	19667_1_1_1
19667_1_1_1	51433_1_1_1
19673_1_1_1	19673_1_1_1
19673_1_1_1	19741_1_1_1
19681_1_1_1	19681_1_1_1
19693_1_2_1	19693_1_2_1
19693_1_2_1	15751_1_1_1
19707_1_1_1	19707_1_1_1
19715_1_1_1	19715_1_1_1
19735_1_1_1	19735_1_1_1
19746_1_1_1	19746_1_1_1
19746_1_1_1	19542_1_1_1
19749_1_1_1	19749_1_1_1
19764_1_1_1	19764_1_1_1
19765_1_1_1	19765_1_1_1
19770_1_1_1	19770_1_1_1
19770_1_1_1	4101_1_1_1
19779_1_2_1	19779_1_2_1
19779_1_2_1	27276_1_1_1
19783_1_1_1	19783_1_1_1
19813_1_1_1	19813_1_1_1
19813_1_1_1	15421_1_1_1
19813_1_1_1	19810_1_1_1
19813_1_1_1	4190_1_1_1
19818_2_1_1	19818_2_1_1
19821_1_1_1	19821_1_1_1
19833_1_1_1	19833_1_1_1
19842_1_1_1	19842_1_1_1
19844_1_1_1	19844_1_1_1
19845_1_1_1	19845_1_1_1
19866_1_1_1	19866_1_1_1
19876_1_1_1	19876_1_1_1
19879_1_1_1	19879_1_1_1
19880_4_1_1	19880_4_1_1
19891_1_1_1	19891_1_1_1
19891_1_1_1	19977_1_1_1
19891_1_1_1	25111_1_1_1
19901_1_1_1	19901_1_1_1
19902_1_1_1	19902_1_1_1
19907_1_1_1	19907_1_1_1
1991_1_1_1	1991_1_1_1
19922_1_1_1	19922_1_1_1
19926_1_1_1	19926_1_1_1
19926_1_1_1	19875_1_1_1
19942_1_1_1	19942_1_1_1
19942_1_1_1	25032_1_1_1
19955_1_1_1	19955_1_1_1
19966_1_1_1	19966_1_1_1
19967_1_1_1	19967_1_1_1
19970_1_1_1	19970_1_1_1
19987_1_1_1	19987_1_1_1
19993_1_1_1	19993_1_1_1
20026_1_1_1	20026_1_1_1
20075_1_1_1	20075_1_1_1
20076_1_1_1	20076_1_1_1
20076_1_1_1	50978_1_1_1
20078_1_1_1	20078_1_1_1
20102_1_1_1	20102_1_1_1
20119_1_1_1	20119_1_1_1
2039_1_1_1	2039_1_1_1
2059_1_1_1	2059_1_1_1
2065_1_1_1	2065_1_1_1
2065_1_1_1	4917_2_1_1
2065_1_1_1	25830_1_1_1
2065_1_1_1	27637_1_1_1
21098_1_1_1	21098_1_1_1
21099_1_1_1	21099_1_1_1
21100_1_1_1	21100_1_1_1
2151_1_1_1	2151_1_1_1
2192_1_1_1	2192_1_1_1
2206_1_1_1	2206_1_1_1
2217_1_1_1	2217_1_1_1
2223_1_1_1	2223_1_1_1
2223_1_1_1	5379_1_1_1
2224_1_1_1	2224_1_1_1
2249_1_1_1	2249_1_1_1
2249_1_1_1	5120_1_1_1
2278_1_1_1	2278_1_1_1
2281_1_1_1	2281_1_1_1
2371_1_1_1	2371_1_1_1
2384_1_1_1	2384_1_1_1
2410_1_1_1	2410_1_1_1
2410_1_1_1	11569_1_1_1
2410_1_1_1	15945_1_1_1
248_1_1_1	248_1_1_1
249_1_1_1	249_1_1_1
249_1_1_1	1539_1_1_1
25001_1_1_1	25001_1_1_1
25001_1_1_1	16748_1_1_1
25002_1_1_1	25002_1_1_1
25018_1_1_1	25018_1_1_1
25023_1_1_1	25023_1_1_1
25025_1_1_1	25025_1_1_1
25029_1_1_1	25029_1_1_1
25038_1_1_1	25038_1_1_1
25038_1_1_1	15820_1_1_1
25050_1_1_1	25050_1_1_1
25067_1_1_1	25067_1_1_1
25083_1_1_1	25083_1_1_1
25084_1_1_1	25084_1_1_1
25087_1_1_1	25087_1_1_1
25087_1_1_1	25411_1_1_1
25087_1_1_1	34029_1_1_1
25096_1_1_1	25096_1_1_1
25128_1_1_1	25128_1_1_1
25129_1_1_1	25129_1_1_1
25134_1_1_1	25134_1_1_1
25134_1_1_1	15282_1_1_1
25134_1_1_1	15284_1_1_1
25134_1_1_1	15285_1_1_1
25134_1_1_1	15287_1_1_1
25134_1_1_1	17253_1_1_1
25134_1_1_1	15291_1_1_1
25134_1_1_1	15292_1_1_1
25134_1_1_1	15293_1_1_1
25134_1_1_1	15294_1_1_1
25140_1_1_1	25140_1_1_1
25147_1_1_1	25147_1_1_1
25155_1_1_1	25155_1_1_1
25157_1_1_1	25157_1_1_1
25157_1_1_1	25156_1_1_1
25167_1_1_1	25167_1_1_1
25167_1_1_1	19910_1_1_1
25173_1_1_1	25173_1_1_1
25182_1_1_1	25182_1_1_1
25182_1_1_1	25183_1_1_1
25195_1_1_1	25195_1_1_1
25197_1_1_1	25197_1_1_1
25223_1_1_1	25223_1_1_1
25223_1_1_1	25283_1_1_1
25237_1_1_1	25237_1_1_1
25237_1_1_1	4986_1_1_1
25254_1_1_1	25254_1_1_1
25266_1_1_1	25266_1_1_1
25276_1_1_1	25276_1_1_1
25277_1_1_1	25277_1_1_1
2527_1_1_1	2527_1_1_1
2527_1_1_1	7361_1_1_1
25280_1_1_1	25280_1_1_1
25293_1_1_1	25293_1_1_1
25297_1_1_1	25297_1_1_1
25299_1_1_1	25299_1_1_1
25299_1_1_1	6304_1_1_1
25299_1_1_1	25576_1_1_1
25299_1_1_1	50949_1_1_1
25299_1_1_1	27573_1_1_1
25299_1_1_1	36096_1_1_1
25299_1_1_1	36000_1_1_1
25299_1_1_1	36008_1_1_1
25302_1_1_1	25302_1_1_1
25314_1_1_1	25314_1_1_1
25314_1_1_1	25313_1_1_1
25314_1_1_1	25315_1_1_1
25314_1_1_1	6721_1_1_1
25324_1_1_1	25324_1_1_1
25324_1_1_1	25306_1_1_1
25356_1_1_1	25356_1_1_1
25367_1_1_1	25367_1_1_1
25367_1_1_1	50829_1_1_1
25371_1_1_1	25371_1_1_1
25372_1_1_1	25372_1_1_1
25381_1_1_1	25381_1_1_1
25382_1_1_1	25382_1_1_1
25385_1_1_1	25385_1_1_1
25385_1_1_1	27395_1_1_1
25385_1_1_1	36161_1_1_1
25385_1_1_1	4599_1_1_1
25385_1_1_1	36077_1_1_1
25385_1_1_1	36078_1_1_1
25391_1_1_1	25391_1_1_1
25395_1_1_1	25395_1_1_1
25400_1_1_1	25400_1_1_1
25401_1_1_1	25401_1_1_1
25402_1_1_1	25402_1_1_1
25403_1_1_1	25403_1_1_1
25417_1_1_1	25417_1_1_1
25424_1_1_1	25424_1_1_1
25424_1_1_1	41_1_1_1
25447_1_1_1	25447_1_1_1
25451_1_1_1	25451_1_1_1
25452_1_1_1	25452_1_1_1
25454_1_1_1	25454_1_1_1
25461_1_1_1	25461_1_1_1
25463_1_1_1	25463_1_1_1
25463_1_1_1	25462_1_1_1
2546_1_1_1	2546_1_1_1
25473_1_1_1	25473_1_1_1
25476_1_1_1	25476_1_1_1
25481_1_1_1	25481_1_1_1
25497_1_1_1	25497_1_1_1
25508_1_1_1	25508_1_1_1
25510_1_1_1	25510_1_1_1
25516_1_1_1	25516_1_1_1
25516_1_1_1	6818_1_1_1
25516_1_1_1	30412_1_1_1
25532_1_1_1	25532_1_1_1
25542_1_1_1	25542_1_1_1
25542_1_1_1	25541_1_1_1
25544_1_1_1	25544_1_1_1
25562_1_1_1	25562_1_1_1
25565_1_1_1	25565_1_1_1
25570_1_1_1	25570_1_1_1
25577_1_1_1	25577_1_1_1
25577_1_1_1	11267_1_1_1
25577_1_1_1	36007_1_1_1
25577_1_1_1	6801_1_1_1
25577_1_1_1	50142_1_1_1
25577_1_1_1	36006_1_1_1
25610_1_1_1	25610_1_1_1
25612_1_1_1	25612_1_1_1
25627_1_1_1	25627_1_1_1
25650_1_1_1	25650_1_1_1
25657_1_1_1	25657_1_1_1
25658_1_1_1	25658_1_1_1
25662_1_1_1	25662_1_1_1
25684_3_1_1	25684_3_1_1
25690_1_1_1	25690_1_1_1
25692_1_1_1	25692_1_1_1
25699_1_1_1	25699_1_1_1
25705_1_1_1	25705_1_1_1
25718_1_1_1	25718_1_1_1
25720_1_1_1	25720_1_1_1
25721_1_1_1	25721_1_1_1
25722_1_1_1	25722_1_1_1
25725_1_1_1	25725_1_1_1
25725_1_1_1	36041_1_1_1
25740_1_1_1	25740_1_1_1
25740_1_1_1	27322_1_1_1
25740_1_1_1	27323_1_1_1
25740_1_1_1	27324_1_1_1
25743_1_1_1	25743_1_1_1
25748_1_1_1	25748_1_1_1
25750_1_1_1	25750_1_1_1
25754_1_1_1	25754_1_1_1
25755_1_1_1	25755_1_1_1
25755_1_1_1	18710_1_1_1
25755_1_1_1	25753_1_1_1
25755_1_1_1	4067_4_1_1
25755_1_1_1	5296_1_1_1
25755_1_1_1	5724_1_1_1
25755_1_1_1	5725_1_1_1
25755_1_1_1	5726_1_1_1
25755_1_1_1	5727_1_1_1
25755_1_1_1	5728_1_1_1
25770_1_1_1	25770_1_1_1
25771_1_1_1	25771_1_1_1
25772_1_1_1	25772_1_1_1
25774_1_1_1	25774_1_1_1
25774_1_1_1	34212_1_1_1
25778_1_1_1	25778_1_1_1
25782_1_1_1	25782_1_1_1
25783_1_1_1	25783_1_1_1
25786_1_1_1	25786_1_1_1
25786_1_1_1	30199_1_1_1
25802_1_1_1	25802_1_1_1
25804_1_1_1	25804_1_1_1
25804_1_1_1	6135_1_1_1
25818_1_1_1	25818_1_1_1
25834_1_1_1	25834_1_1_1
25836_1_1_1	25836_1_1_1
25838_1_1_1	25838_1_1_1
25845_1_1_1	25845_1_1_1
25845_1_1_1	17956_1_1_1
25845_1_1_1	25844_1_1_1
25846_1_1_1	25846_1_1_1
25848_1_1_1	25848_1_1_1
25853_1_1_1	25853_1_1_1
25857_1_1_1	25857_1_1_1
25857_1_1_1	25858_1_1_1
25863_2_1_1	25863_2_1_1
25872_1_1_1	25872_1_1_1
25887_1_1_1	25887_1_1_1
25905_1_1_1	25905_1_1_1
25912_1_1_1	25912_1_1_1
25922_1_1_1	25922_1_1_1
25935_1_1_1	25935_1_1_1
25939_1_1_1	25939_1_1_1
25956_1_1_1	25956_1_1_1
25975_1_1_1	25975_1_1_1
26001_1_1_1	26001_1_1_1
26025_1_1_1	26025_1_1_1
26037_1_1_1	26037_1_1_1
26037_1_1_1	26036_1_1_1
26037_1_1_1	26038_1_1_1
26040_1_1_1	26040_1_1_1
26044_1_1_1	26044_1_1_1
26052_1_1_1	26052_1_1_1
26054_1_1_1	26054_1_1_1
26056_1_1_1	26056_1_1_1
26061_1_1_1	26061_1_1_1
26315_1_1_1	26315_1_1_1
26317_1_1_1	26317_1_1_1
26318_1_1_1	26318_1_1_1
26321_1_1_1	26321_1_1_1
30750_1_1_1	30750_1_1_1
30757_1_1_1	30757_1_1_1
30757_1_1_1	27316_1_1_1
30767_1_1_1	30767_1_1_1
30768_1_1_1	30768_1_1_1
30773_1_1_1	30773_1_1_1
30783_1_1_1	30783_1_1_1
30784_1_1_1	30784_1_1_1
30813_1_1_1	30813_1_1_1
30813_1_1_1	16073_1_1_1
30813_1_1_1	30470_1_1_1
30813_1_1_1	19304_1_1_1
30813_1_1_1	17531_1_1_1
30813_1_1_1	6596_1_1_1
30813_1_1_1	52315_1_1_1
30813_1_1_1	52313_1_1_1
30813_1_1_1	30949_1_1_1
30813_1_1_1	50163_1_1_1
30813_1_1_1	50164_1_1_1
30813_1_1_1	50161_1_1_1
30813_1_1_1	50162_1_1_1
30814_1_1_1	30814_1_1_1
30827_1_1_1	30827_1_1_1
30827_1_1_1	30889_1_1_1
30827_1_1_1	31168_1_1_1
30844_1_1_1	30844_1_1_1
30846_1_1_1	30846_1_1_1
30846_1_1_1	30847_1_1_1
30850_1_1_1	30850_1_1_1
30855_1_1_1	30855_1_1_1
30855_1_1_1	30856_1_1_1
30857_1_1_1	30857_1_1_1
30858_1_1_1	30858_1_1_1
30866_1_1_1	30866_1_1_1
30867_1_1_1	30867_1_1_1
30876_1_1_1	30876_1_1_1
30878_1_1_1	30878_1_1_1
30878_1_1_1	30089_1_1_1
30878_1_1_1	30033_1_1_1
4224_1_1_1	4224_1_1_1
4228_1_1_1	4228_1_1_1
4237_1_1_1	4237_1_1_1
4239_1_1_1	4239_1_1_1
4241_1_1_1	4241_1_1_1
4241_1_1_1	4623_1_1_1
4241_1_1_1	4900_1_1_1
4242_1_1_1	4242_1_1_1
4251_1_1_1	4251_1_1_1
4265_1_1_1	4265_1_1_1
4266_1_1_1	4266_1_1_1
4266_1_1_1	19979_1_1_1
4266_1_1_1	26889_1_1_1
4269_1_1_1	4269_1_1_1
4279_1_1_1	4279_1_1_1
4279_1_1_1	4218_1_1_1
4279_1_1_1	30727_1_1_1
4282_1_1_1	4282_1_1_1
4283_1_1_1	4283_1_1_1
4288_1_1_1	4288_1_1_1
4290_1_1_1	4290_1_1_1
4293_1_1_1	4293_1_1_1
4294_1_1_1	4294_1_1_1
4295_1_1_1	4295_1_1_1
4295_1_1_1	19011_1_1_1
4297_1_1_1	4297_1_1_1
4297_1_1_1	4075_1_1_1
4297_1_1_1	5122_1_1_1
4299_1_1_1	4299_1_1_1
4301_1_1_1	4301_1_1_1
4308_1_1_1	4308_1_1_1
4309_1_1_1	4309_1_1_1
4309_1_1_1	19720_1_1_1
4309_1_1_1	19721_1_1_1
4309_1_1_1	19722_1_1_1
4311_2_1_1	4311_2_1_1
4312_1_1_1	4312_1_1_1
4317_1_1_1	4317_1_1_1
4317_1_1_1	25793_1_1_1
4318_1_1_1	4318_1_1_1
4323_1_1_1	4323_1_1_1
4326_1_1_1	4326_1_1_1
4327_1_1_1	4327_1_1_1
4092_1_1_1	4092_1_1_1
4094_1_1_1	4094_1_1_1
4094_1_1_1	2031_1_1_1
4094_1_1_1	34736_1_1_1
4094_1_1_1	34787_1_1_1
4095_1_1_1	4095_1_1_1
4097_1_1_1	4097_1_1_1
4097_1_1_1	4093_1_1_1
4097_1_1_1	26718_1_1_1
4106_1_1_1	4106_1_1_1
4111_1_1_1	4111_1_1_1
4113_1_1_1	4113_1_1_1
4114_1_1_1	4114_1_1_1
4114_1_1_1	11584_1_1_1
4114_1_1_1	11585_1_1_1
4117_1_1_1	4117_1_1_1
4127_1_1_1	4127_1_1_1
4128_1_1_1	4128_1_1_1
4136_1_1_1	4136_1_1_1
4136_1_1_1	51027_1_2_1
4136_1_1_1	52790_1_1_1
4143_1_1_1	4143_1_1_1
4145_1_1_1	4145_1_1_1
4150_1_1_1	4150_1_1_1
4156_1_1_1	4156_1_1_1
4157_1_1_1	4157_1_1_1
4158_1_1_1	4158_1_1_1
4159_1_1_1	4159_1_1_1
4159_1_1_1	8_1_1_1
4159_1_1_1	5006_1_1_1
4159_1_1_1	6288_1_1_1
4160_1_1_1	4160_1_1_1
4161_1_1_1	4161_1_1_1
4162_1_1_1	4162_1_1_1
4168_1_1_1	4168_1_1_1
4197_1_1_1	4197_1_1_1
4198_1_1_1	4198_1_1_1
4206_1_1_1	4206_1_1_1
4211_1_1_1	4211_1_1_1
4214_1_1_1	4214_1_1_1
4216_1_1_1	4216_1_1_1
4217_1_1_1	4217_1_1_1
4030_1_1_1	4030_1_1_1
4032_1_1_1	4032_1_1_1
4032_1_1_1	17762_1_1_1
4032_1_1_1	4031_1_1_1
4032_1_1_1	4370_1_1_1
4032_1_1_1	16742_1_1_1
4036_1_1_1	4036_1_1_1
4039_1_1_1	4039_1_1_1
4040_1_1_1	4040_1_1_1
4044_1_1_1	4044_1_1_1
4045_1_1_1	4045_1_1_1
4063_1_1_1	4063_1_1_1
4064_1_1_1	4064_1_1_1
4065_1_1_1	4065_1_1_1
28133_1_1_1	28133_1_1_1
28134_1_1_1	28134_1_1_1
28137_1_1_1	28137_1_1_1
28138_1_1_1	28138_1_1_1
2852_1_1_1	2852_1_1_1
287_1_1_1	287_1_1_1
2940_1_1_1	2940_1_1_1
30020_1_1_1	30020_1_1_1
30021_1_1_1	30021_1_1_1
30024_1_1_1	30024_1_1_1
30068_1_1_1	30068_1_1_1
30068_1_1_1	25460_1_1_1
30070_1_1_1	30070_1_1_1
30107_1_1_1	30107_1_1_1
30140_1_1_1	30140_1_1_1
30141_1_1_1	30141_1_1_1
30142_1_1_1	30142_1_1_1
30143_1_1_1	30143_1_1_1
30145_1_1_1	30145_1_1_1
30155_1_1_1	30155_1_1_1
30155_1_1_1	52173_1_1_1
30163_1_1_1	30163_1_1_1
30238_1_1_1	30238_1_1_1
30245_1_1_1	30245_1_1_1
30292_1_1_1	30292_1_1_1
30297_1_1_1	30297_1_1_1
30313_1_1_1	30313_1_1_1
30323_1_1_1	30323_1_1_1
30323_1_1_1	25152_1_1_1
30323_1_1_1	5176_1_1_1
3032_1_1_1	3032_1_1_1
3032_1_1_1	289_1_1_1
30340_1_1_1	30340_1_1_1
30349_1_1_1	30349_1_1_1
30372_1_1_1	30372_1_1_1
30397_1_1_1	30397_1_1_1
30405_1_1_1	30405_1_1_1
30410_1_1_1	30410_1_1_1
30417_1_1_1	30417_1_1_1
30479_1_1_1	30479_1_1_1
30493_1_1_1	30493_1_1_1
30497_1_1_1	30497_1_1_1
30497_1_1_1	30138_1_1_1
30497_1_1_1	30496_1_1_1
30508_1_1_1	30508_1_1_1
30570_1_1_1	30570_1_1_1
30611_1_1_1	30611_1_1_1
30632_1_1_1	30632_1_1_1
30632_1_1_1	30629_1_1_1
30632_1_1_1	30634_1_1_1
30632_1_1_1	30635_1_1_1
30632_1_1_1	30636_1_1_1
30633_1_1_1	30633_1_1_1
30672_1_1_1	30672_1_1_1
30678_1_1_1	30678_1_1_1
306_1_1_1	306_1_1_1
30702_1_1_1	30702_1_1_1
30710_1_1_1	30710_1_1_1
30713_1_1_1	30713_1_1_1
30714_1_1_1	30714_1_1_1
30728_1_1_1	30728_1_1_1
4424_1_1_1	4424_1_1_1
4457_1_1_1	4457_1_1_1
4461_1_1_1	4461_1_1_1
4463_1_1_1	4463_1_1_1
4467_1_1_1	4467_1_1_1
4477_1_1_1	4477_1_1_1
4477_1_1_1	4476_1_1_1
4478_1_1_1	4478_1_1_1
4557_1_1_1	4557_1_1_1
4564_1_1_1	4564_1_1_1
4583_1_1_1	4583_1_1_1
4254_1_1_1	4254_1_1_1
4289_1_1_1	4289_1_1_1
4325_1_1_1	4325_1_1_1
4338_1_1_1	4338_1_1_1
4347_1_1_1	4347_1_1_1
4374_1_1_1	4374_1_1_1
4387_1_1_1	4387_1_1_1
4387_1_1_1	36205_1_1_1
4393_1_1_1	4393_1_1_1
4405_1_1_1	4405_1_1_1
440_1_1_1	440_1_1_1
26328_1_1_1	26328_1_1_1
26345_1_1_1	26345_1_1_1
26530_1_1_1	26530_1_1_1
26554_1_1_1	26554_1_1_1
26565_1_1_1	26565_1_1_1
26579_1_1_1	26579_1_1_1
26580_1_1_1	26580_1_1_1
26594_1_1_1	26594_1_1_1
26608_1_1_1	26608_1_1_1
26608_1_1_1	26644_1_1_1
26615_1_1_1	26615_1_1_1
26618_1_1_1	26618_1_1_1
26624_1_1_1	26624_1_1_1
26624_1_1_1	26623_1_1_1
26643_1_1_1	26643_1_1_1
26654_1_1_1	26654_1_1_1
26658_1_1_1	26658_1_1_1
26661_1_1_1	26661_1_1_1
26661_1_1_1	6226_1_1_1
26693_1_1_1	26693_1_1_1
26703_1_1_1	26703_1_1_1
26705_1_1_1	26705_1_1_1
26709_1_1_1	26709_1_1_1
26709_1_1_1	19406_2_2_1
26722_1_1_1	26722_1_1_1
26725_1_1_1	26725_1_1_1
26727_1_1_1	26727_1_1_1
26730_1_1_1	26730_1_1_1
26730_1_1_1	15693_1_1_1
26733_1_1_1	26733_1_1_1
26733_1_1_1	17471_1_1_1
26733_1_1_1	17940_1_1_1
26733_1_1_1	27273_1_1_1
26733_1_1_1	6468_1_1_1
26735_1_1_1	26735_1_1_1
26738_1_1_1	26738_1_1_1
26740_1_1_1	26740_1_1_1
26744_1_1_1	26744_1_1_1
26760_1_1_1	26760_1_1_1
17247_1_1_1	17247_1_1_1
17267_1_1_1	17267_1_1_1
17281_1_1_1	17281_1_1_1
19180_1_1_1	19180_1_1_1
19185_1_1_1	19185_1_1_1
19187_1_1_1	19187_1_1_1
1918_1_1_1	1918_1_1_1
1918_1_1_1	1917_1_1_1
1918_1_1_1	9_1_1_1
19191_1_1_1	19191_1_1_1
19218_1_1_1	19218_1_1_1
19246_1_1_1	19246_1_1_1
19253_1_1_1	19253_1_1_1
19253_1_1_1	26356_1_1_1
19253_1_1_1	26357_1_1_1
19253_1_1_1	52503_1_1_1
19272_1_1_1	19272_1_1_1
19275_1_1_1	19275_1_1_1
19029_1_1_1	19029_1_1_1
19051_1_1_1	19051_1_1_1
19054_1_1_1	19054_1_1_1
19084_1_1_1	19084_1_1_1
19087_1_1_1	19087_1_1_1
19098_1_1_1	19098_1_1_1
19104_1_1_1	19104_1_1_1
19112_1_1_1	19112_1_1_1
19161_1_1_1	19161_1_1_1
19161_1_1_1	15662_1_1_1
19167_1_1_1	19167_1_1_1
18870_1_1_1	18870_1_1_1
18870_1_1_1	25217_1_1_1
18877_1_1_1	18877_1_1_1
18905_1_1_1	18905_1_1_1
18906_1_1_1	18906_1_1_1
18909_1_1_1	18909_1_1_1
18951_1_1_1	18951_1_1_1
18959_1_1_1	18959_1_1_1
19003_1_1_1	19003_1_1_1
19008_1_1_1	19008_1_1_1
19013_1_1_1	19013_1_1_1
18713_1_1_1	18713_1_1_1
18718_1_1_1	18718_1_1_1
18733_1_1_1	18733_1_1_1
18768_1_1_1	18768_1_1_1
18773_1_1_1	18773_1_1_1
18802_1_1_1	18802_1_1_1
18803_1_1_1	18803_1_1_1
18804_1_1_1	18804_1_1_1
18812_1_1_1	18812_1_1_1
18851_1_1_1	18851_1_1_1
25457_1_1_1	25457_1_1_1
25457_1_1_1	25456_1_1_1
25459_1_1_1	25459_1_1_1
25467_1_1_1	25467_1_1_1
25487_1_1_1	25487_1_1_1
25494_1_1_1	25494_1_1_1
25494_1_1_1	15049_1_1_1
25498_1_1_1	25498_1_1_1
25543_1_1_1	25543_1_1_1
25548_1_1_1	25548_1_1_1
25549_1_1_1	25549_1_1_1
25555_1_1_1	25555_1_1_1
25555_1_1_1	25631_1_1_1
25379_1_1_1	25379_1_1_1
25383_1_1_1	25383_1_1_1
25384_1_1_1	25384_1_1_1
25387_1_1_1	25387_1_1_1
25393_1_1_1	25393_1_1_1
25410_1_1_1	25410_1_1_1
25430_1_1_1	25430_1_1_1
25434_1_1_1	25434_1_1_1
25435_1_1_1	25435_1_1_1
25445_1_1_1	25445_1_1_1
25264_1_1_1	25264_1_1_1
25265_1_1_1	25265_1_1_1
25292_1_1_1	25292_1_1_1
25307_1_1_1	25307_1_1_1
25346_1_1_1	25346_1_1_1
25358_1_1_1	25358_1_1_1
25359_1_1_1	25359_1_1_1
25359_1_1_1	27431_1_1_1
25363_1_1_1	25363_1_1_1
25365_1_1_1	25365_1_1_1
25370_1_1_1	25370_1_1_1
6416_1_1_1	6416_1_1_1
6419_1_1_1	6419_1_1_1
6429_1_1_1	6429_1_1_1
6432_1_1_1	6432_1_1_1
6438_1_1_1	6438_1_1_1
6439_1_1_1	6439_1_1_1
6443_1_1_1	6443_1_1_1
6446_1_1_1	6446_1_1_1
6447_1_1_1	6447_1_1_1
6448_1_1_1	6448_1_1_1
6454_1_1_1	6454_1_1_1
6460_1_1_1	6460_1_1_1
6464_1_1_1	6464_1_1_1
6469_1_1_1	6469_1_1_1
6475_1_1_1	6475_1_1_1
6478_1_1_1	6478_1_1_1
6478_1_1_1	11034_1_1_1
6478_1_1_1	4281_1_1_1
6478_1_1_1	6826_1_1_1
6479_1_1_1	6479_1_1_1
6483_1_1_1	6483_1_1_1
6483_1_1_1	6481_1_1_1
6500_1_1_1	6500_1_1_1
6500_1_1_1	11203_1_1_1
6505_1_1_1	6505_1_1_1
6505_1_1_1	6574_1_1_1
6510_1_1_1	6510_1_1_1
6515_1_1_1	6515_1_1_1
6515_1_1_1	6339_1_1_1
6517_1_1_1	6517_1_1_1
6517_1_1_1	5105_1_1_1
6518_1_1_1	6518_1_1_1
6519_1_1_1	6519_1_1_1
6520_1_1_1	6520_1_1_1
6525_1_1_1	6525_1_1_1
6529_1_1_1	6529_1_1_1
6530_1_1_1	6530_1_1_1
6536_1_1_1	6536_1_1_1
6538_1_1_1	6538_1_1_1
6540_1_1_1	6540_1_1_1
6542_1_1_1	6542_1_1_1
6546_1_1_1	6546_1_1_1
6549_1_1_1	6549_1_1_1
6556_1_1_1	6556_1_1_1
6560_1_1_1	6560_1_1_1
6560_1_1_1	4767_1_1_1
6560_1_1_1	6553_1_1_1
6560_1_1_1	6552_1_1_1
6561_1_1_1	6561_1_1_1
6570_1_1_1	6570_1_1_1
6571_1_1_1	6571_1_1_1
6573_1_1_1	6573_1_1_1
6576_2_1_1	6576_2_1_1
6579_1_1_1	6579_1_1_1
6585_1_1_1	6585_1_1_1
6586_1_1_1	6586_1_1_1
6589_1_1_1	6589_1_1_1
6592_1_1_1	6592_1_1_1
6593_1_1_1	6593_1_1_1
6593_1_1_1	25837_1_1_1
6600_1_1_1	6600_1_1_1
6606_1_1_1	6606_1_1_1
6607_1_1_1	6607_1_1_1
6615_1_1_1	6615_1_1_1
6615_1_1_1	18652_1_1_1
6619_1_1_1	6619_1_1_1
6619_1_1_1	6616_1_1_1
6619_1_1_1	6618_1_1_1
6623_1_1_1	6623_1_1_1
6628_1_1_1	6628_1_1_1
6640_1_1_1	6640_1_1_1
6644_1_1_1	6644_1_1_1
6645_1_1_1	6645_1_1_1
6646_1_1_1	6646_1_1_1
6649_1_1_1	6649_1_1_1
6650_1_1_1	6650_1_1_1
6650_1_1_1	6808_1_1_1
6651_1_1_1	6651_1_1_1
6657_1_1_1	6657_1_1_1
6657_1_1_1	16745_1_1_1
6657_1_1_1	25574_1_1_1
6657_1_1_1	6656_1_1_1
6679_1_1_1	6679_1_1_1
6679_1_1_1	6680_1_1_1
6688_1_1_1	6688_1_1_1
6689_1_1_1	6689_1_1_1
6689_1_1_1	6687_1_1_1
6693_1_1_1	6693_1_1_1
6710_1_1_1	6710_1_1_1
6712_1_1_1	6712_1_1_1
6713_1_1_1	6713_1_1_1
6716_1_1_1	6716_1_1_1
6717_1_1_1	6717_1_1_1
6724_1_1_1	6724_1_1_1
6726_1_1_1	6726_1_1_1
6729_1_1_1	6729_1_1_1
6731_1_1_1	6731_1_1_1
6736_1_1_1	6736_1_1_1
6738_1_1_1	6738_1_1_1
6739_1_1_1	6739_1_1_1
6740_1_1_1	6740_1_1_1
6743_1_3_1	6743_1_3_1
6744_1_1_1	6744_1_1_1
6745_1_1_1	6745_1_1_1
6746_1_1_1	6746_1_1_1
6751_1_1_1	6751_1_1_1
6752_1_1_1	6752_1_1_1
6753_1_1_1	6753_1_1_1
6755_1_1_1	6755_1_1_1
6757_1_1_1	6757_1_1_1
6758_1_1_1	6758_1_1_1
6759_1_1_1	6759_1_1_1
6761_1_1_1	6761_1_1_1
6762_1_1_1	6762_1_1_1
6763_1_1_1	6763_1_1_1
6769_1_1_1	6769_1_1_1
6771_1_1_1	6771_1_1_1
6771_1_1_1	1743_1_1_1
6771_1_1_1	4207_1_1_1
6775_1_1_1	6775_1_1_1
6775_1_1_1	6774_1_1_1
6776_1_1_1	6776_1_1_1
6779_1_1_1	6779_1_1_1
6779_1_1_1	6629_1_1_1
6782_1_1_1	6782_1_1_1
6786_1_1_1	6786_1_1_1
6786_1_1_1	4844_1_1_1
6786_1_1_1	6090_1_1_1
6793_1_1_1	6793_1_1_1
6796_1_1_1	6796_1_1_1
6797_1_1_1	6797_1_1_1
6799_1_1_1	6799_1_1_1
6811_1_1_1	6811_1_1_1
6812_1_1_1	6812_1_1_1
6816_1_1_1	6816_1_1_1
6822_1_1_1	6822_1_1_1
6828_1_1_1	6828_1_1_1
6829_1_1_1	6829_1_1_1
6834_1_1_1	6834_1_1_1
6835_1_1_1	6835_1_1_1
6835_1_1_1	20125_1_1_1
6835_1_1_1	21013_1_1_1
6835_1_1_1	7176_1_1_1
6837_1_1_1	6837_1_1_1
6840_1_1_1	6840_1_1_1
6841_1_1_1	6841_1_1_1
6841_1_1_1	11440_1_1_1
6841_1_1_1	6789_1_1_1
6843_1_1_1	6843_1_1_1
6844_1_1_1	6844_1_1_1
6847_1_1_1	6847_1_1_1
6850_1_1_1	6850_1_1_1
6853_1_1_1	6853_1_1_1
6860_1_1_1	6860_1_1_1
6865_1_1_1	6865_1_1_1
6866_1_1_1	6866_1_1_1
6867_1_1_1	6867_1_1_1
6868_1_1_1	6868_1_1_1
6869_1_1_1	6869_1_1_1
6876_1_1_1	6876_1_1_1
6879_1_1_1	6879_1_1_1
6882_1_1_1	6882_1_1_1
6883_1_1_1	6883_1_1_1
6884_1_1_1	6884_1_1_1
6885_1_1_1	6885_1_1_1
6894_1_1_1	6894_1_1_1
6894_1_1_1	34754_1_1_1
6894_1_1_1	51110_1_1_1
6898_2_1_1	6898_2_1_1
6898_2_1_1	20110_1_1_1
6903_1_1_1	6903_1_1_1
6907_1_1_1	6907_1_1_1
6907_1_1_1	4010_1_1_1
6907_1_1_1	5536_1_1_1
6907_1_1_1	6908_1_1_1
6907_1_1_1	6250_1_1_1
6910_1_1_1	6910_1_1_1
6919_1_1_1	6919_1_1_1
6925_1_1_1	6925_1_1_1
6928_1_1_1	6928_1_1_1
6929_1_1_1	6929_1_1_1
6930_1_1_1	6930_1_1_1
6932_1_1_1	6932_1_1_1
6934_1_1_1	6934_1_1_1
6938_1_1_1	6938_1_1_1
6940_1_1_1	6940_1_1_1
6943_1_1_1	6943_1_1_1
6943_1_1_1	5094_1_1_1
6948_1_1_1	6948_1_1_1
6950_1_1_1	6950_1_1_1
6954_1_1_1	6954_1_1_1
6955_1_1_1	6955_1_1_1
6957_1_1_1	6957_1_1_1
6960_1_1_1	6960_1_1_1
6964_1_1_1	6964_1_1_1
6969_1_1_1	6969_1_1_1
6971_1_1_1	6971_1_1_1
6973_1_1_1	6973_1_1_1
6976_1_1_1	6976_1_1_1
6986_1_1_1	6986_1_1_1
6986_1_1_1	10318_1_1_1
6989_1_1_1	6989_1_1_1
6999_1_1_1	6999_1_1_1
7000_1_1_1	7000_1_1_1
7004_1_1_1	7004_1_1_1
7005_1_1_1	7005_1_1_1
7005_1_1_1	25928_1_1_1
7005_1_1_1	6068_1_1_1
7005_1_1_1	7006_1_1_1
7005_1_1_1	5549_1_1_1
7005_1_1_1	5550_1_1_1
7005_1_1_1	4862_1_1_1
7005_1_1_1	548_1_1_1
7010_1_1_1	7010_1_1_1
7014_1_1_1	7014_1_1_1
7020_1_1_1	7020_1_1_1
7021_1_1_1	7021_1_1_1
7022_1_1_1	7022_1_1_1
7023_1_1_1	7023_1_1_1
7032_1_1_1	7032_1_1_1
7032_1_1_1	5075_1_1_1
7036_1_1_1	7036_1_1_1
7049_1_1_1	7049_1_1_1
7050_1_1_1	7050_1_1_1
7050_1_1_1	11068_1_1_1
7050_1_1_1	11070_1_1_1
7050_1_1_1	5986_1_1_1
7050_1_1_1	4292_1_1_1
7050_1_1_1	5188_1_1_1
7050_1_1_1	7051_1_1_1
7053_1_1_1	7053_1_1_1
7053_1_1_1	18758_1_1_1
7054_1_1_1	7054_1_1_1
7057_1_1_1	7057_1_1_1
7059_1_1_1	7059_1_1_1
7063_1_1_1	7063_1_1_1
7067_1_1_1	7067_1_1_1
7069_1_1_1	7069_1_1_1
7070_1_1_1	7070_1_1_1
7072_1_1_1	7072_1_1_1
7072_1_1_1	27338_1_1_1
7072_1_1_1	6754_1_1_1
7073_1_1_1	7073_1_1_1
7075_1_1_1	7075_1_1_1
7079_1_1_1	7079_1_1_1
7082_1_1_1	7082_1_1_1
7083_1_1_1	7083_1_1_1
7085_1_1_1	7085_1_1_1
7086_1_1_1	7086_1_1_1
7088_1_1_1	7088_1_1_1
7094_1_1_1	7094_1_1_1
7099_1_1_1	7099_1_1_1
7101_1_1_1	7101_1_1_1
7102_1_1_1	7102_1_1_1
7103_1_1_1	7103_1_1_1
7104_1_1_1	7104_1_1_1
7104_1_1_1	34026_1_1_1
7107_1_1_1	7107_1_1_1
7108_1_1_1	7108_1_1_1
7112_1_1_1	7112_1_1_1
7117_1_1_1	7117_1_1_1
7118_1_1_1	7118_1_1_1
7120_1_1_1	7120_1_1_1
7120_1_1_1	7151_1_1_1
7121_1_1_1	7121_1_1_1
7122_1_1_1	7122_1_1_1
7127_1_1_1	7127_1_1_1
7128_1_1_1	7128_1_1_1
7130_1_1_1	7130_1_1_1
7134_1_1_1	7134_1_1_1
7137_1_1_1	7137_1_1_1
7140_1_1_1	7140_1_1_1
7140_1_1_1	5504_1_1_1
7147_1_1_1	7147_1_1_1
7147_1_1_1	7396_1_1_1
7156_1_1_1	7156_1_1_1
7165_1_1_1	7165_1_1_1
7166_1_1_1	7166_1_1_1
7166_1_1_1	375_1_1_1
7166_1_1_1	80_1_1_1
7167_1_1_1	7167_1_1_1
7170_1_1_1	7170_1_1_1
7172_1_1_1	7172_1_1_1
7179_1_1_1	7179_1_1_1
7180_1_1_1	7180_1_1_1
7181_1_1_1	7181_1_1_1
7184_1_1_1	7184_1_1_1
7185_1_1_1	7185_1_1_1
7186_1_1_1	7186_1_1_1
7187_1_1_1	7187_1_1_1
7189_1_1_1	7189_1_1_1
7193_1_1_1	7193_1_1_1
7201_1_1_1	7201_1_1_1
7203_1_1_1	7203_1_1_1
7204_1_1_1	7204_1_1_1
7207_1_1_1	7207_1_1_1
7209_1_1_1	7209_1_1_1
7214_1_1_1	7214_1_1_1
7215_1_1_1	7215_1_1_1
7216_1_1_1	7216_1_1_1
7216_1_1_1	15066_1_1_1
7216_1_1_1	15064_1_1_1
7220_1_1_1	7220_1_1_1
7228_1_1_1	7228_1_1_1
7229_1_1_1	7229_1_1_1
7242_1_1_1	7242_1_1_1
7245_1_1_1	7245_1_1_1
7251_1_1_1	7251_1_1_1
7251_1_1_1	4934_1_1_1
7251_1_1_1	7252_1_1_1
7251_1_1_1	7253_1_1_1
7251_1_1_1	7254_1_1_1
7251_1_1_1	7255_1_1_1
7256_1_1_1	7256_1_1_1
7256_1_1_1	7178_1_1_1
7259_1_1_1	7259_1_1_1
7260_1_1_1	7260_1_1_1
7261_1_1_1	7261_1_1_1
7262_1_1_1	7262_1_1_1
7264_1_1_1	7264_1_1_1
7266_1_1_1	7266_1_1_1
7269_1_1_1	7269_1_1_1
7270_1_1_1	7270_1_1_1
7274_1_1_1	7274_1_1_1
7276_1_1_1	7276_1_1_1
7281_1_1_1	7281_1_1_1
7285_1_1_1	7285_1_1_1
7286_1_1_1	7286_1_1_1
7287_1_1_1	7287_1_1_1
7288_1_1_1	7288_1_1_1
7291_1_1_1	7291_1_1_1
7299_1_1_1	7299_1_1_1
7300_1_1_1	7300_1_1_1
7301_1_1_1	7301_1_1_1
7303_1_1_1	7303_1_1_1
7323_1_1_1	7323_1_1_1
7323_1_1_1	4116_1_1_1
7323_1_1_1	7316_1_1_1
7323_1_1_1	15645_1_1_1
7323_1_1_1	7317_1_1_1
7323_1_1_1	7318_1_1_1
7323_1_1_1	7188_1_1_1
7324_1_1_1	7324_1_1_1
7325_1_1_1	7325_1_1_1
7326_1_1_1	7326_1_1_1
7327_1_1_1	7327_1_1_1
7340_1_1_1	7340_1_1_1
7340_1_1_1	15019_1_1_1
7364_1_1_1	7364_1_1_1
7364_1_1_1	51283_1_1_1
7365_1_1_1	7365_1_1_1
7382_1_1_1	7382_1_1_1
7383_1_1_1	7383_1_1_1
7386_1_1_1	7386_1_1_1
7401_2_1_1	7401_2_1_1
7402_1_1_1	7402_1_1_1
7419_1_1_1	7419_1_1_1
7421_1_1_1	7421_1_1_1
7421_1_1_1	7420_1_1_1
780_1_1_1	780_1_1_1
810_1_1_1	810_1_1_1
15327_1_1_1	15327_1_1_1
15723_1_1_1	15723_1_1_1
15723_1_1_1	50334_1_1_1
36080_1_1_1	36080_1_1_1
27688_1_1_1	27688_1_1_1
31017_1_1_1	31017_1_1_1
36384_1_1_1	36384_1_1_1
18772_1_1_1	18772_1_1_1
18574_1_1_1	18574_1_1_1
18574_1_1_1	18575_1_1_1
18574_1_1_1	17647_1_1_1
31184_1_1_1	31184_1_1_1
31184_1_1_1	31186_1_1_1
31184_1_1_1	31185_1_1_1
31184_1_1_1	4232_2_1_1
31184_1_1_1	6861_1_1_1
30171_1_1_1	30171_1_1_1
34144_1_1_1	34144_1_1_1
16006_1_1_1	16006_1_1_1
26860_1_1_1	26860_1_1_1
27080_1_1_1	27080_1_1_1
18920_1_1_1	18920_1_1_1
50360_1_1_1	50360_1_1_1
50360_1_1_1	50328_1_1_1
15661_1_1_1	15661_1_1_1
16447_1_1_1	16447_1_1_1
30129_1_1_1	30129_1_1_1
16444_1_1_1	16444_1_1_1
27287_1_1_1	27287_1_1_1
52075_1_1_1	52075_1_1_1
15540_1_1_1	15540_1_1_1
11154_1_1_1	11154_1_1_1
11083_1_1_1	11083_1_1_1
11083_1_1_1	7081_1_1_1
11330_1_1_1	11330_1_1_1
11330_1_1_1	7351_1_1_1
11107_1_1_1	11107_1_1_1
19994_1_1_1	19994_1_1_1
52417_1_1_1	52417_1_1_1
34298_1_1_1	34298_1_1_1
30092_1_1_1	30092_1_1_1
17622_1_1_1	17622_1_1_1
17622_1_1_1	34466_1_1_1
50022_1_1_1	50022_1_1_1
18153_1_1_1	18153_1_1_1
50356_1_1_1	50356_1_1_1
30703_1_1_1	30703_1_1_1
30703_1_1_1	30704_1_1_1
18348_1_1_1	18348_1_1_1
18348_1_1_1	11086_1_1_1
50216_1_1_1	50216_1_1_1
30246_1_1_1	30246_1_1_1
25397_1_1_1	25397_1_1_1
15813_1_1_1	15813_1_1_1
18904_1_1_1	18904_1_1_1
30627_1_1_1	30627_1_1_1
30627_1_1_1	30628_1_1_1
16498_1_1_1	16498_1_1_1
27761_1_1_1	27761_1_1_1
25179_1_1_1	25179_1_1_1
25179_1_1_1	25180_1_1_1
18519_1_1_1	18519_1_1_1
51649_1_1_1	51649_1_1_1
51649_1_1_1	52142_1_1_1
15200_1_1_1	15200_1_1_1
34123_1_1_1	34123_1_1_1
11285_1_1_1	11285_1_1_1
26759_1_1_1	26759_1_1_1
26759_1_1_1	26972_1_1_1
26759_1_1_1	26767_1_1_1
26759_1_1_1	26768_1_1_1
19369_1_1_1	19369_1_1_1
19369_1_1_1	4581_1_1_1
19369_1_1_1	326_1_1_1
19369_1_1_1	247_1_1_1
19369_1_1_1	5207_1_1_1
19369_1_1_1	390_1_1_1
27904_1_1_1	27904_1_1_1
34589_1_1_1	34589_1_1_1
52303_1_1_1	52303_1_1_1
15046_1_1_1	15046_1_1_1
15264_1_1_1	15264_1_1_1
19621_1_1_1	19621_1_1_1
15101_1_1_1	15101_1_1_1
15101_1_1_1	15190_1_1_1
6300_1_1_1	6300_1_1_1
6311_1_1_1	6311_1_1_1
6315_1_1_1	6315_1_1_1
6368_1_1_1	6368_1_1_1
6371_1_1_1	6371_1_1_1
6387_1_1_1	6387_1_1_1
6387_1_1_1	6386_1_1_1
6388_1_1_1	6388_1_1_1
6395_1_1_1	6395_1_1_1
6399_1_1_1	6399_1_1_1
6401_1_1_1	6401_1_1_1
6401_1_1_1	6400_1_1_1
6410_1_1_1	6410_1_1_1
6413_1_1_1	6413_1_1_1
6413_1_1_1	6360_1_1_1
6427_1_1_1	6427_1_1_1
6436_1_1_1	6436_1_1_1
6440_1_1_1	6440_1_1_1
6451_1_1_1	6451_1_1_1
6473_1_1_1	6473_1_1_1
6489_1_1_1	6489_1_1_1
6493_1_1_1	6493_1_1_1
6494_1_1_1	6494_1_1_1
6512_1_1_1	6512_1_1_1
6528_1_1_1	6528_1_1_1
6557_1_1_1	6557_1_1_1
6566_1_1_1	6566_1_1_1
6577_1_1_1	6577_1_1_1
6582_1_1_1	6582_1_1_1
6590_1_1_1	6590_1_1_1
6598_1_1_1	6598_1_1_1
6598_1_1_1	18865_1_1_1
6609_1_1_1	6609_1_1_1
6624_1_1_1	6624_1_1_1
6626_1_1_1	6626_1_1_1
6635_1_1_1	6635_1_1_1
6638_1_1_1	6638_1_1_1
6681_1_1_1	6681_1_1_1
6715_1_1_1	6715_1_1_1
6727_1_1_1	6727_1_1_1
6734_1_1_1	6734_1_1_1
6737_1_1_1	6737_1_1_1
6741_1_1_1	6741_1_1_1
6780_1_1_1	6780_1_1_1
6781_1_1_1	6781_1_1_1
6788_1_1_1	6788_1_1_1
6788_1_1_1	6784_1_1_1
6803_1_1_1	6803_1_1_1
6809_1_1_1	6809_1_1_1
6810_1_1_1	6810_1_1_1
6817_1_1_1	6817_1_1_1
6820_1_1_1	6820_1_1_1
6824_1_1_1	6824_1_1_1
6851_1_1_1	6851_1_1_1
6855_1_1_1	6855_1_1_1
6864_1_1_1	6864_1_1_1
6873_1_1_1	6873_1_1_1
6878_1_1_1	6878_1_1_1
6892_1_1_1	6892_1_1_1
6893_1_1_1	6893_1_1_1
6900_1_1_1	6900_1_1_1
6901_1_1_1	6901_1_1_1
6917_1_1_1	6917_1_1_1
6923_1_1_1	6923_1_1_1
6926_1_1_1	6926_1_1_1
6946_1_1_1	6946_1_1_1
6949_1_1_1	6949_1_1_1
6951_1_1_1	6951_1_1_1
6952_1_1_1	6952_1_1_1
699_1_1_1	699_1_1_1
7001_1_1_1	7001_1_1_1
7019_1_1_1	7019_1_1_1
7056_1_1_1	7056_1_1_1
7071_1_1_1	7071_1_1_1
7091_1_1_1	7091_1_1_1
7115_1_1_1	7115_1_1_1
7116_1_1_1	7116_1_1_1
7133_1_1_1	7133_1_1_1
7162_1_1_1	7162_1_1_1
7173_1_1_1	7173_1_1_1
7173_1_1_1	7171_1_1_1
7175_1_1_1	7175_1_1_1
7182_1_1_1	7182_1_1_1
7191_1_1_1	7191_1_1_1
7192_1_1_1	7192_1_1_1
7218_1_1_1	7218_1_1_1
7219_1_1_1	7219_1_1_1
7223_1_1_1	7223_1_1_1
7224_1_1_1	7224_1_1_1
7225_1_1_1	7225_1_1_1
7226_1_1_1	7226_1_1_1
7246_1_1_1	7246_1_1_1
7257_1_1_1	7257_1_1_1
7258_1_1_1	7258_1_1_1
7268_1_1_1	7268_1_1_1
7283_1_1_1	7283_1_1_1
7289_1_1_1	7289_1_1_1
7290_1_1_1	7290_1_1_1
7302_1_1_1	7302_1_1_1
7313_1_1_1	7313_1_1_1
7339_1_1_1	7339_1_1_1
7349_1_1_1	7349_1_1_1
7350_1_1_1	7350_1_1_1
7362_1_1_1	7362_1_1_1
7426_1_1_1	7426_1_1_1
754_1_1_1	754_1_1_1
81_1_1_1	81_1_1_1
15104_1_1_1	15104_1_1_1
15108_1_1_1	15108_1_1_1
15140_1_1_1	15140_1_1_1
1515_1_1_1	1515_1_1_1
15192_1_1_1	15192_1_1_1
15199_1_1_1	15199_1_1_1
1519_1_1_1	1519_1_1_1
15211_1_1_1	15211_1_1_1
15212_1_1_1	15212_1_1_1
15212_1_1_1	18698_1_1_1
15215_1_1_1	15215_1_1_1
15215_1_1_1	15110_1_1_1
15215_1_1_1	25693_1_1_1
15258_1_1_1	15258_1_1_1
15259_2_1_1	15259_2_1_1
15261_1_1_1	15261_1_1_1
15263_1_1_1	15263_1_1_1
15266_1_1_1	15266_1_1_1
15269_1_1_1	15269_1_1_1
15275_1_1_1	15275_1_1_1
15288_1_1_1	15288_1_1_1
15320_1_1_1	15320_1_1_1
15324_1_1_1	15324_1_1_1
12020_1_1_1	12020_1_1_1
12020_1_1_1	27500_1_1_1
12020_1_1_1	27501_1_1_1
12033_1_1_1	12033_1_1_1
12033_1_1_1	18580_1_1_1
12036_1_1_1	12036_1_1_1
1338_1_1_1	1338_1_1_1
133_1_1_1	133_1_1_1
1398_1_1_1	1398_1_1_1
1398_1_1_1	25899_1_2_1
1403_1_1_1	1403_1_1_1
1414_1_1_1	1414_1_1_1
141_1_1_1	141_1_1_1
141_1_1_1	17500_1_1_1
1444_1_1_1	1444_1_1_1
1444_1_1_1	1760_1_1_1
1444_1_1_1	2274_1_1_1
1444_1_1_1	555_1_1_1
1449_1_1_1	1449_1_1_1
15013_1_1_1	15013_1_1_1
15032_1_1_1	15032_1_1_1
15034_1_1_1	15034_1_1_1
15045_1_1_1	15045_1_1_1
15055_1_1_1	15055_1_1_1
15063_1_1_1	15063_1_1_1
15089_1_1_1	15089_1_1_1
15098_1_1_1	15098_1_1_1
15103_1_1_1	15103_1_1_1
11535_1_1_1	11535_1_1_1
11536_1_1_1	11536_1_1_1
1155_1_1_1	1155_1_1_1
11563_1_1_1	11563_1_1_1
11564_1_1_1	11564_1_1_1
11564_1_1_1	11565_1_1_1
11564_1_1_1	11566_1_1_1
11568_1_1_1	11568_1_1_1
11568_1_1_1	11567_1_1_1
11590_1_1_1	11590_1_1_1
11599_1_1_1	11599_1_1_1
11599_1_1_1	4255_1_1_1
1198_1_1_1	1198_1_1_1
12009_1_1_1	12009_1_1_1
11413_1_1_1	11413_1_1_1
11426_1_1_1	11426_1_1_1
11468_1_1_1	11468_1_1_1
11491_1_1_1	11491_1_1_1
11497_1_1_1	11497_1_1_1
11499_1_1_1	11499_1_1_1
114_1_1_1	114_1_1_1
11523_1_1_1	11523_1_1_1
11530_1_1_1	11530_1_1_1
11534_1_1_1	11534_1_1_1
11240_1_1_1	11240_1_1_1
11248_1_1_1	11248_1_1_1
11251_1_1_1	11251_1_1_1
11253_1_1_1	11253_1_1_1
11261_1_1_1	11261_1_1_1
11288_1_1_1	11288_1_1_1
11294_1_1_1	11294_1_1_1
11298_1_1_1	11298_1_1_1
11367_1_1_1	11367_1_1_1
1139_1_1_1	1139_1_1_1
1139_1_1_1	1137_1_1_1
1139_1_1_1	1140_1_1_1
11029_1_1_1	11029_1_1_1
11031_1_1_1	11031_1_1_1
11041_1_1_1	11041_1_1_1
11044_1_1_1	11044_1_1_1
11072_1_1_1	11072_1_1_1
11090_1_1_1	11090_1_1_1
11100_1_1_1	11100_1_1_1
11102_1_1_1	11102_1_1_1
11136_1_1_1	11136_1_1_1
11139_1_1_1	11139_1_1_1
10265_1_1_1	10265_1_1_1
10268_1_1_1	10268_1_1_1
10276_1_1_1	10276_1_1_1
10279_1_1_1	10279_1_1_1
10280_1_1_1	10280_1_1_1
10300_1_1_1	10300_1_1_1
10315_1_1_1	10315_1_1_1
10321_1_1_1	10321_1_1_1
10326_1_1_1	10326_1_1_1
1065_1_1_1	1065_1_1_1
10084_1_1_1	10084_1_1_1
10090_1_1_1	10090_1_1_1
10104_1_1_1	10104_1_1_1
10111_1_1_1	10111_1_1_1
10112_1_1_1	10112_1_1_1
10118_1_1_1	10118_1_1_1
10131_1_1_1	10131_1_1_1
10143_1_1_1	10143_1_1_1
10160_1_1_1	10160_1_1_1
10160_1_1_1	10320_1_1_1
10211_1_1_1	10211_1_1_1
25203_1_1_1	25203_1_1_1
25204_1_1_1	25204_1_1_1
25206_1_1_1	25206_1_1_1
25207_1_1_1	25207_1_1_1
25210_1_1_1	25210_1_1_1
25211_1_1_1	25211_1_1_1
25213_1_1_1	25213_1_1_1
25235_1_1_1	25235_1_1_1
25242_2_1_1	25242_2_1_1
25259_1_1_1	25259_1_1_1
27177_1_1_1	27177_1_1_1
27186_1_1_1	27186_1_1_1
27188_1_1_1	27188_1_1_1
27206_1_1_1	27206_1_1_1
27207_1_1_1	27207_1_1_1
27214_1_1_1	27214_1_1_1
27214_1_1_1	27213_1_1_1
27215_1_1_1	27215_1_1_1
27221_1_1_1	27221_1_1_1
27228_1_1_1	27228_1_1_1
27230_1_1_1	27230_1_1_1
27092_1_1_1	27092_1_1_1
27104_1_1_1	27104_1_1_1
27109_1_1_1	27109_1_1_1
27110_1_1_1	27110_1_1_1
27123_1_1_1	27123_1_1_1
27123_1_1_1	27124_1_1_1
27123_1_1_1	27299_1_1_1
27146_1_1_1	27146_1_1_1
27147_1_1_1	27147_1_1_1
27161_1_1_1	27161_1_1_1
27168_1_1_1	27168_1_1_1
27176_1_1_1	27176_1_1_1
27036_1_1_1	27036_1_1_1
27037_1_1_1	27037_1_1_1
27038_1_1_1	27038_1_1_1
27056_1_1_1	27056_1_1_1
27058_1_1_1	27058_1_1_1
27063_1_1_1	27063_1_1_1
27066_1_1_1	27066_1_1_1
27066_1_1_1	27057_1_1_1
27072_1_1_1	27072_1_1_1
27072_1_1_1	34081_1_1_1
27085_1_1_1	27085_1_1_1
27090_1_1_1	27090_1_1_1
26953_1_1_1	26953_1_1_1
26957_1_1_1	26957_1_1_1
26961_1_1_1	26961_1_1_1
26990_1_1_1	26990_1_1_1
26_1_1_1	26_1_1_1
27003_1_1_1	27003_1_1_1
27016_1_1_1	27016_1_1_1
27020_1_1_1	27020_1_1_1
27025_1_1_1	27025_1_1_1
27026_1_1_1	27026_1_1_1
28000_1_1_1	28000_1_1_1
28001_1_1_1	28001_1_1_1
28025_1_1_1	28025_1_1_1
28026_1_1_1	28026_1_1_1
28027_1_1_1	28027_1_1_1
28036_1_1_1	28036_1_1_1
28036_1_1_1	27886_1_1_1
28041_1_1_1	28041_1_1_1
28071_1_1_1	28071_1_1_1
28071_1_1_1	27522_1_1_1
28084_1_1_1	28084_1_1_1
28085_1_1_1	28085_1_1_1
27962_1_1_1	27962_1_1_1
27972_1_1_1	27972_1_1_1
27978_1_1_1	27978_1_1_1
27979_1_1_1	27979_1_1_1
27984_1_1_1	27984_1_1_1
27988_1_1_1	27988_1_1_1
27990_1_1_1	27990_1_1_1
27992_1_1_1	27992_1_1_1
27993_1_1_1	27993_1_1_1
27995_1_1_1	27995_1_1_1
27995_1_1_1	27994_1_1_1
18707_1_1_1	18707_1_1_1
26638_1_1_1	26638_1_1_1
18794_1_1_1	18794_1_1_1
19807_1_1_1	19807_1_1_1
19807_1_1_1	19806_1_1_1
53124_1_1_1	53124_1_1_1
26877_1_1_1	26877_1_1_1
26877_1_1_1	26878_1_1_1
26877_1_1_1	19731_1_1_1
26877_1_1_1	17404_1_1_1
26877_1_1_1	26876_1_1_1
27616_1_1_1	27616_1_1_1
27616_1_1_1	15695_1_1_1
27616_1_1_1	10277_1_1_1
51960_1_1_1	51960_1_1_1
15148_1_1_1	15148_1_1_1
15148_1_1_1	7411_1_1_1
15148_1_1_1	7412_1_1_1
15148_1_1_1	15502_1_1_1
15148_1_1_1	7408_1_1_1
15148_1_1_1	7409_1_1_1
15148_1_1_1	7410_1_1_1
15148_1_1_1	7413_1_1_1
15148_1_1_1	11147_1_1_1
25024_1_1_1	25024_1_1_1
18801_1_1_1	18801_1_1_1
25970_1_1_1	25970_1_1_1
36546_1_1_1	36546_1_1_1
50094_1_1_1	50094_1_1_1
25728_1_1_1	25728_1_1_1
11573_1_1_1	11573_1_1_1
11573_1_1_1	5461_2_1_1
11125_1_1_1	11125_1_1_1
11283_1_1_1	11283_1_1_1
27532_1_1_1	27532_1_1_1
28105_1_1_1	28105_1_1_1
15787_1_1_1	15787_1_1_1
26068_1_1_1	26068_1_1_1
18854_1_1_1	18854_1_1_1
18854_1_1_1	4430_1_1_1
18854_1_1_1	16033_1_1_1
16064_1_1_1	16064_1_1_1
30458_1_1_1	30458_1_1_1
30458_1_1_1	34526_1_1_1
30458_1_1_1	25135_1_1_1
30458_1_1_1	51061_1_1_1
18196_1_1_1	18196_1_1_1
30722_1_1_1	30722_1_1_1
30722_1_1_1	34539_1_1_1
30722_1_1_1	30861_1_1_1
51236_1_1_1	51236_1_1_1
51236_1_1_1	51230_1_1_1
51236_1_1_1	51234_1_1_1
51236_1_1_1	51235_1_1_1
51236_1_1_1	4926_1_1_1
51236_1_1_1	4974_1_1_1
51236_1_1_1	1870_1_1_1
18939_1_1_1	18939_1_1_1
16007_1_1_1	16007_1_1_1
16007_1_1_1	7271_1_1_1
17766_1_1_1	17766_1_1_1
30256_1_1_1	30256_1_1_1
50148_1_1_1	50148_1_1_1
50148_1_1_1	52787_1_1_1
50148_1_1_1	52785_1_1_1
50148_1_1_1	50143_1_1_1
50148_1_1_1	52788_1_1_1
50148_1_1_1	52786_1_1_1
50148_1_1_1	50145_1_1_1
50148_1_1_1	50801_1_1_1
50148_1_1_1	51416_1_1_1
30985_1_1_1	30985_1_1_1
30247_1_1_1	30247_1_1_1
30926_1_1_1	30926_1_1_1
27925_1_1_1	27925_1_1_1
26569_1_1_1	26569_1_1_1
16982_1_1_1	16982_1_1_1
25636_1_1_1	25636_1_1_1
30513_1_1_1	30513_1_1_1
16439_1_1_1	16439_1_1_1
19162_1_1_1	19162_1_1_1
19162_1_1_1	6087_1_1_1
19162_1_1_1	25181_1_1_1
26642_1_1_1	26642_1_1_1
34300_1_1_1	34300_1_1_1
19225_1_1_1	19225_1_1_1
25993_1_1_1	25993_1_1_1
25993_1_1_1	16173_1_1_1
25993_1_1_1	27170_1_1_1
25993_1_1_1	18953_1_1_1
25993_1_1_1	17576_1_1_1
25993_1_1_1	17582_1_1_1
25993_1_1_1	6253_1_1_1
30040_1_1_1	30040_1_1_1
30418_1_1_1	30418_1_1_1
26527_1_1_1	26527_1_1_1
26901_1_1_1	26901_1_1_1
26901_1_1_1	17476_1_1_1
16926_1_1_1	16926_1_1_1
16926_1_1_1	16424_1_1_1
15566_1_1_1	15566_1_1_1
11272_1_1_1	11272_1_1_1
11110_1_1_1	11110_1_1_1
11246_1_1_1	11246_1_1_1
10129_1_1_1	10129_1_1_1
27934_1_1_1	27934_1_1_1
27934_1_1_1	17815_1_1_1
17646_1_1_1	17646_1_1_1
25856_1_1_1	25856_1_1_1
25856_1_1_1	31199_1_1_1
25856_1_1_1	26649_1_1_1
25856_1_1_1	27349_1_1_1
25856_1_1_1	25656_1_1_1
17917_1_1_1	17917_1_1_1
16919_1_1_1	16919_1_1_1
16373_1_1_1	16373_1_1_1
18257_1_1_1	18257_1_1_1
27162_1_1_1	27162_1_1_1
27162_1_1_1	27793_1_1_1
27162_1_1_1	5939_1_1_1
17165_1_1_1	17165_1_1_1
17165_1_1_1	25809_1_1_1
17165_1_1_1	50302_1_1_1
17165_1_1_1	17166_1_1_1
17165_1_1_1	5782_1_1_1
17165_1_1_1	5783_1_1_1
17165_1_1_1	5784_1_1_1
17165_1_1_1	3078_1_1_1
51929_1_1_1	51929_1_1_1
30943_1_1_1	30943_1_1_1
30943_1_1_1	51105_1_1_1
50711_1_1_1	50711_1_1_1
11595_1_1_1	11595_1_1_1
16662_1_1_1	16662_1_1_1
19235_1_1_1	19235_1_1_1
16379_1_1_1	16379_1_1_1
34155_1_1_1	34155_1_1_1
19777_1_1_1	19777_1_1_1
30969_1_1_1	30969_1_1_1
15503_1_1_1	15503_1_1_1
16879_1_1_1	16879_1_1_1
30834_1_1_1	30834_1_1_1
16236_1_1_1	16236_1_1_1
16236_1_1_1	11405_1_1_1
15531_1_1_1	15531_1_1_1
15531_1_1_1	50444_1_1_1
28131_1_1_1	28131_1_1_1
18599_1_1_1	18599_1_1_1
52354_1_1_1	52354_1_1_1
34883_1_1_1	34883_1_1_1
19203_1_1_1	19203_1_1_1
19203_1_1_1	25779_1_1_1
51253_1_1_1	51253_1_1_1
30296_1_1_1	30296_1_1_1
11507_1_1_1	11507_1_1_1
31040_1_1_1	31040_1_1_1
34329_1_1_1	34329_1_1_1
15306_1_1_1	15306_1_1_1
15306_1_1_1	50023_1_1_1
15808_1_1_1	15808_1_1_1
15808_1_1_1	11126_1_1_1
18986_1_1_1	18986_1_1_1
19869_1_1_1	19869_1_1_1
50401_1_1_1	50401_1_1_1
11348_1_1_1	11348_1_1_1
10256_1_1_1	10256_1_1_1
11099_1_1_1	11099_1_1_1
11099_1_1_1	11112_1_1_1
10274_1_1_1	10274_1_1_1
50751_1_1_1	50751_1_1_1
18647_1_1_1	18647_1_1_1
25712_1_1_1	25712_1_1_1
15401_1_1_1	15401_1_1_1
15847_1_1_1	15847_1_1_1
16370_1_1_1	16370_1_1_1
18468_1_1_1	18468_1_1_1
19799_1_1_1	19799_1_1_1
26846_1_1_1	26846_1_1_1
19628_1_1_1	19628_1_1_1
11077_1_1_1	11077_1_1_1
30023_1_1_1	30023_1_1_1
50588_1_1_1	50588_1_1_1
15688_1_1_1	15688_1_1_1
18222_1_1_1	18222_1_1_1
51531_1_1_1	51531_1_1_1
51531_1_1_1	19582_1_1_1
25298_1_1_1	25298_1_1_1
34140_1_1_1	34140_1_1_1
34140_1_1_1	19232_1_1_1
27081_1_1_1	27081_1_1_1
34037_1_1_1	34037_1_1_1
34037_1_1_1	34515_1_2_1
16211_1_1_1	16211_1_1_1
50027_1_1_1	50027_1_1_1
30637_1_1_1	30637_1_1_1
19927_1_1_1	19927_1_1_1
19927_1_1_1	27158_1_1_1
19927_1_1_1	30043_1_1_1
19927_1_1_1	25132_1_1_1
25350_1_1_1	25350_1_1_1
50299_1_1_1	50299_1_1_1
50299_1_1_1	15882_1_1_1
25326_1_1_1	25326_1_1_1
52143_1_1_1	52143_1_1_1
52143_1_1_1	52034_1_1_1
25886_1_1_1	25886_1_1_1
30875_1_1_1	30875_1_1_1
27381_1_1_1	27381_1_1_1
27381_1_1_1	25267_1_1_1
30181_1_1_1	30181_1_1_1
30181_1_1_1	52977_1_1_1
30181_1_1_1	34554_1_1_1
30181_1_1_1	30411_1_1_1
30181_1_1_1	30413_1_1_1
30181_1_1_1	25917_1_1_1
30181_1_1_1	30521_1_1_1
15895_1_1_1	15895_1_1_1
11532_1_1_1	11532_1_1_1
11532_1_1_1	4079_1_1_1
27165_1_1_1	27165_1_1_1
27165_1_1_1	5794_1_1_1
27165_1_1_1	17740_1_1_1
11018_1_1_1	11018_1_1_1
11018_1_1_1	18119_1_1_1
11295_1_1_1	11295_1_1_1
11263_1_1_1	11263_1_1_1
10335_1_1_1	10335_1_1_1
11334_1_1_1	11334_1_1_1
34696_1_1_1	34696_1_1_1
18399_1_1_1	18399_1_1_1
18399_1_1_1	36012_1_1_1
51597_1_1_1	51597_1_1_1
51597_1_1_1	51609_1_1_1
51597_1_1_1	51591_2_1_1
51597_1_1_1	51596_2_1_1
36136_1_1_1	36136_1_1_1
52501_1_1_1	52501_1_1_1
52501_1_1_1	34457_1_1_1
52501_1_1_1	27128_1_1_1
52501_1_1_1	30065_1_1_1
27281_1_1_1	27281_1_1_1
27281_1_1_1	27280_1_1_1
27281_1_1_1	27278_1_1_1
27281_1_1_1	26601_1_1_1
27281_1_1_1	27279_1_1_1
27281_1_1_1	26602_1_1_1
27281_1_1_1	26600_1_1_1
16338_1_1_1	16338_1_1_1
30000_1_1_1	30000_1_1_1
16944_1_1_1	16944_1_1_1
16944_1_1_1	16688_1_1_1
16652_1_1_1	16652_1_1_1
18218_1_1_1	18218_1_1_1
30201_1_1_1	30201_1_1_1
11527_1_1_1	11527_1_1_1
19107_1_1_1	19107_1_1_1
16766_1_1_1	16766_1_1_1
16766_1_1_1	11252_1_1_1
51150_1_1_1	51150_1_1_1
51150_1_1_1	30290_1_1_1
51150_1_1_1	30334_1_1_1
51150_1_1_1	17242_1_1_1
51150_1_1_1	4446_1_1_1
51150_1_1_1	52150_1_1_1
51150_1_1_1	62_1_1_1
51150_1_1_1	5241_1_1_1
51150_1_1_1	17299_1_1_1
30379_1_1_1	30379_1_1_1
30682_1_1_1	30682_1_1_1
30495_1_1_1	30495_1_1_1
51063_1_1_1	51063_1_1_1
51063_1_1_1	26617_1_1_1
51063_1_1_1	51646_1_1_1
51063_1_1_1	50305_1_1_1
34442_1_1_1	34442_1_1_1
18761_1_1_1	18761_1_1_1
18761_1_1_1	10235_1_1_1
15091_1_1_1	15091_1_1_1
15091_1_1_1	15093_1_1_1
15091_1_1_1	17717_1_1_1
17606_1_1_1	17606_1_1_1
17028_1_1_1	17028_1_1_1
16887_1_1_1	16887_1_1_1
16887_1_1_1	16888_1_1_1
51382_1_1_1	51382_1_1_1
34358_1_1_1	34358_1_1_1
34358_1_1_1	34359_1_1_1
34358_1_1_1	16831_1_1_1
31015_1_1_1	31015_1_1_1
31015_1_1_1	31013_1_1_1
27347_1_1_1	27347_1_1_1
11370_1_1_1	11370_1_1_1
11370_1_1_1	19063_1_1_1
11370_1_1_1	11371_1_1_1
11370_1_1_1	11372_1_1_1
11370_1_1_1	11373_1_1_1
19872_1_1_1	19872_1_1_1
17018_1_1_1	17018_1_1_1
19848_1_1_1	19848_1_1_1
11453_1_1_1	11453_1_1_1
11346_1_1_1	11346_1_1_1
11346_1_1_1	17237_1_1_1
11284_1_1_1	11284_1_1_1
11103_1_1_1	11103_1_1_1
11103_1_1_1	11121_1_1_1
10161_1_1_1	10161_1_1_1
10161_1_1_1	10331_1_1_1
25685_1_1_1	25685_1_1_1
30782_1_1_1	30782_1_1_1
30782_1_1_1	15125_1_1_1
51576_1_1_1	51576_1_1_1
51576_1_1_1	51571_1_1_1
51576_1_1_1	51570_1_1_1
51576_1_1_1	51569_1_1_1
51576_1_1_1	51568_1_1_1
51576_1_1_1	51572_1_1_1
51576_1_1_1	51573_1_1_1
51576_1_1_1	51574_1_1_1
51576_1_1_1	51575_1_1_1
51576_1_1_1	51577_1_1_1
51576_1_1_1	51579_1_1_1
51576_1_1_1	51567_1_1_1
51576_1_1_1	27715_1_1_1
51576_1_1_1	27716_1_1_1
19193_1_1_1	19193_1_1_1
16899_1_1_1	16899_1_1_1
16899_1_1_1	17805_1_1_1
17688_1_1_1	17688_1_1_1
16154_1_1_1	16154_1_1_1
16336_1_1_1	16336_1_1_1
17447_1_1_1	17447_1_1_1
17447_1_1_1	16840_1_1_1
17447_1_1_1	4340_1_1_1
17447_1_1_1	5995_1_1_1
30161_1_1_1	30161_1_1_1
16568_1_1_1	16568_1_1_1
25668_1_1_1	25668_1_1_1
25668_1_1_1	25659_1_1_1
25668_1_1_1	25667_1_1_1
36154_1_1_1	36154_1_1_1
16039_1_1_1	16039_1_1_1
16039_1_1_1	16038_1_1_1
16039_1_1_1	16248_1_1_1
16039_1_1_1	16364_1_1_1
15587_1_1_1	15587_1_1_1
30079_1_1_1	30079_1_1_1
17433_1_1_1	17433_1_1_1
17433_1_1_1	34892_1_1_1
16057_1_1_1	16057_1_1_1
30404_1_1_1	30404_1_1_1
17578_1_1_1	17578_1_1_1
17578_1_1_1	17579_1_1_1
50389_1_1_1	50389_1_1_1
50389_1_1_1	28110_1_1_1
25952_1_1_1	25952_1_1_1
16971_1_1_1	16971_1_1_1
28017_1_1_1	28017_1_1_1
26966_1_1_1	26966_1_1_1
31136_1_1_1	31136_1_1_1
17864_1_1_1	17864_1_1_1
17864_1_1_1	16103_1_1_1
18355_1_1_1	18355_1_1_1
28040_1_1_1	28040_1_1_1
15036_1_1_1	15036_1_1_1
15036_1_1_1	5565_1_1_1
15036_1_1_1	7243_1_1_1
15036_1_1_1	15037_1_1_1
34163_1_1_1	34163_1_1_1
10338_1_1_1	10338_1_1_1
17420_1_1_1	17420_1_1_1
30102_1_1_1	30102_1_1_1
52556_1_1_1	52556_1_1_1
25806_1_1_1	25806_1_1_1
19687_1_1_1	19687_1_1_1
34463_1_1_1	34463_1_1_1
11138_1_1_1	11138_1_1_1
11148_1_1_1	11148_1_1_1
10263_1_1_1	10263_1_1_1
34344_1_1_1	34344_1_1_1
25294_1_1_1	25294_1_1_1
34643_1_1_1	34643_1_1_1
34643_1_1_1	6631_1_1_1
16977_1_1_1	16977_1_1_1
52612_1_1_1	52612_1_1_1
50557_1_1_1	50557_1_1_1
18118_1_1_1	18118_1_1_1
10322_1_1_1	10322_1_1_1
10322_1_1_1	10146_1_1_1
10322_1_1_1	10334_1_1_1
10322_1_1_1	10330_1_1_1
10322_1_1_1	36097_1_1_1
11278_1_1_1	11278_1_1_1
11145_1_1_1	11145_1_1_1
17620_1_1_1	17620_1_1_1
17620_1_1_1	5943_1_1_1
17993_1_1_1	17993_1_1_1
17804_1_1_1	17804_1_1_1
17804_1_1_1	50533_1_1_1
17804_1_1_1	50534_1_1_1
19974_1_1_1	19974_1_1_1
25557_1_1_1	25557_1_1_1
25241_1_1_1	25241_1_1_1
26046_1_1_1	26046_1_1_1
26517_1_1_1	26517_1_1_1
34695_1_1_1	34695_1_1_1
34695_1_1_1	19711_1_1_1
34695_1_1_1	16009_1_1_1
34695_1_1_1	26979_1_1_1
34695_1_1_1	26980_1_1_1
34695_1_1_1	26981_1_1_1
34695_1_1_1	26984_1_1_1
36220_1_1_1	36220_1_1_1
27209_1_1_1	27209_1_1_1
36185_1_1_1	36185_1_1_1
27523_1_1_1	27523_1_1_1
15988_1_1_1	15988_1_1_1
19055_1_1_1	19055_1_1_1
19055_1_1_1	27270_1_1_1
19055_1_1_1	16165_1_1_1
19055_1_1_1	15225_1_1_1
51411_1_1_1	51411_1_1_1
25021_1_1_1	25021_1_1_1
50518_1_1_1	50518_1_1_1
50518_1_1_1	15511_1_1_1
36335_1_1_1	36335_1_1_1
19339_1_1_1	19339_1_1_1
17501_1_1_1	17501_1_1_1
16517_1_1_1	16517_1_1_1
15242_1_1_1	15242_1_1_1
15242_1_1_1	18448_1_1_1
50517_1_1_1	50517_1_1_1
50517_1_1_1	16008_1_1_1
26657_1_1_1	26657_1_1_1
26657_1_1_1	50970_1_1_1
10332_1_1_1	10332_1_1_1
10332_1_1_1	10162_1_1_1
10332_1_1_1	15777_1_1_1
11456_1_1_1	11456_1_1_1
11122_1_1_1	11122_1_1_1
11114_1_1_1	11114_1_1_1
11114_1_1_1	4302_1_1_1
11247_1_1_1	11247_1_1_1
27275_1_1_1	27275_1_1_1
16774_1_1_1	16774_1_1_1
16774_1_1_1	18016_1_1_1
19006_1_1_1	19006_1_1_1
19303_1_1_1	19303_1_1_1
11282_1_1_1	11282_1_1_1
11229_1_1_1	11229_1_1_1
11262_1_1_1	11262_1_1_1
11262_1_1_1	16390_1_1_1
18600_2_1_1	18600_2_1_1
11000_1_1_1	11000_1_1_1
30289_1_1_1	30289_1_1_1
50025_1_1_1	50025_1_1_1
27210_1_1_1	27210_1_1_1
30890_1_1_1	30890_1_1_1
27724_1_1_1	27724_1_1_1
15132_1_1_1	15132_1_1_1
15132_1_1_1	19404_1_1_1
15132_1_1_1	25664_1_1_1
17686_1_1_1	17686_1_1_1
34256_1_1_1	34256_1_1_1
16297_1_1_1	16297_1_1_1
15819_1_1_1	15819_1_1_1
50309_1_1_1	50309_1_1_1
53226_1_1_1	53226_1_1_1
5322_1_1_1	5322_1_1_1
5322_1_1_1	4391_1_1_1
53231_1_1_1	53231_1_1_1
5323_1_1_1	5323_1_1_1
5324_1_1_1	5324_1_1_1
5325_1_1_1	5325_1_1_1
5325_1_1_1	4977_1_1_1
5328_1_1_1	5328_1_1_1
53327_1_1_1	53327_1_1_1
5334_1_1_1	5334_1_1_1
5334_1_1_1	4649_1_1_1
5338_1_1_1	5338_1_1_1
5300_1_1_1	5300_1_1_1
53015_2_1_1	53015_2_1_1
53020_1_1_1	53020_1_1_1
53082_1_1_1	53082_1_1_1
53091_1_1_1	53091_1_1_1
53091_1_1_1	53021_1_1_1
5311_1_1_1	5311_1_1_1
53125_1_1_1	53125_1_1_1
53127_1_1_1	53127_1_1_1
53131_1_1_1	53131_1_1_1
5316_1_1_1	5316_1_1_1
52796_1_1_1	52796_1_1_1
52869_1_1_1	52869_1_1_1
52893_1_1_1	52893_1_1_1
52949_1_1_1	52949_1_1_1
52949_1_1_1	52950_1_1_1
52972_1_1_1	52972_1_1_1
52973_1_1_1	52973_1_1_1
52973_1_1_1	16541_1_1_1
52974_1_1_1	52974_1_1_1
5297_1_1_1	5297_1_1_1
52980_1_1_1	52980_1_1_1
52980_1_1_1	15922_1_1_1
52980_1_1_1	6310_1_1_1
53009_1_1_1	53009_1_1_1
52702_1_1_1	52702_1_1_1
52711_1_1_1	52711_1_1_1
52711_1_1_1	52709_1_1_1
52711_1_1_1	52710_1_1_1
52711_1_1_1	52708_1_1_1
52720_2_1_1	52720_2_1_1
52728_1_1_1	52728_1_1_1
52735_1_1_1	52735_1_1_1
52742_1_1_1	52742_1_1_1
52742_1_1_1	52741_1_1_1
52742_1_1_1	52738_1_1_1
52742_1_1_1	52739_1_1_1
52742_1_1_1	52740_1_1_1
52742_1_1_1	52743_1_1_1
52746_1_1_1	52746_1_1_1
52746_1_1_1	15206_1_1_1
52746_1_1_1	15214_1_1_1
52746_1_1_1	16770_1_1_1
5275_1_1_1	5275_1_1_1
52766_1_1_1	52766_1_1_1
5276_1_1_1	5276_1_1_1
5261_1_1_1	5261_1_1_1
52623_1_1_1	52623_1_1_1
52623_1_1_1	26637_1_1_1
5262_1_1_1	5262_1_1_1
5262_1_1_1	4510_1_1_1
52639_1_1_1	52639_1_1_1
5263_1_1_1	5263_1_1_1
52650_1_1_1	52650_1_1_1
52657_1_1_1	52657_1_1_1
52667_1_1_1	52667_1_1_1
5267_1_1_1	5267_1_1_1
5268_1_1_1	5268_1_1_1
52440_1_1_1	52440_1_1_1
52446_1_1_1	52446_1_1_1
52446_1_1_1	30909_1_1_1
5244_1_1_1	5244_1_1_1
52454_1_1_1	52454_1_1_1
52454_1_1_1	52449_1_1_1
52454_1_1_1	52452_1_1_1
5248_1_1_1	5248_1_1_1
5248_1_1_1	16070_1_1_1
5248_1_1_1	19258_1_1_1
5248_1_1_1	4882_1_1_1
5248_1_1_1	19259_1_1_1
5248_1_1_1	34433_1_1_1
5248_1_1_1	19291_1_1_1
5248_1_1_1	19295_1_1_1
52494_1_1_1	52494_1_1_1
52494_1_1_1	52548_1_1_1
52494_1_1_1	52549_1_1_1
5250_1_1_1	5250_1_1_1
52533_1_1_1	52533_1_1_1
52543_1_1_1	52543_1_1_1
5255_1_1_1	5255_1_1_1
10012_1_1_1	10012_1_1_1
10016_1_1_1	10016_1_1_1
10027_1_1_1	10027_1_1_1
10040_1_1_1	10040_1_1_1
10042_1_1_1	10042_1_1_1
10059_1_1_1	10059_1_1_1
10069_1_1_1	10069_1_1_1
10075_1_1_1	10075_1_1_1
10077_1_1_1	10077_1_1_1
10082_1_1_1	10082_1_1_1
15747_1_1_1	15747_1_1_1
15762_1_1_1	15762_1_1_1
15763_1_1_1	15763_1_1_1
15784_1_1_1	15784_1_1_1
15790_1_1_1	15790_1_1_1
15792_1_1_1	15792_1_1_1
15792_1_1_1	16932_1_1_1
15793_1_1_1	15793_1_1_1
15804_1_1_1	15804_1_1_1
15807_1_1_1	15807_1_1_1
15829_1_1_1	15829_1_1_1
17571_1_1_1	17571_1_1_1
17571_1_1_1	17561_1_1_1
17583_1_1_1	17583_1_1_1
17594_1_1_1	17594_1_1_1
17598_1_1_1	17598_1_1_1
17628_1_1_1	17628_1_1_1
17650_1_1_1	17650_1_1_1
17663_1_1_1	17663_1_1_1
17687_1_1_1	17687_1_1_1
17699_1_1_1	17699_1_1_1
17719_1_1_1	17719_1_1_1
19811_1_1_1	19811_1_1_1
17033_1_1_1	17033_1_1_1
27785_1_1_1	27785_1_1_1
16251_1_1_1	16251_1_1_1
16934_1_1_1	16934_1_1_1
16934_1_1_1	17031_1_1_1
30677_1_1_1	30677_1_1_1
30677_1_1_1	16144_1_1_1
18299_1_1_1	18299_1_1_1
15698_1_1_1	15698_1_1_1
15698_1_1_1	25875_1_1_1
15698_1_1_1	18323_1_1_1
15529_1_1_1	15529_1_1_1
18221_1_1_1	18221_1_1_1
11451_1_1_1	11451_1_1_1
11451_1_1_1	4037_1_1_1
34050_1_1_1	34050_1_1_1
30910_1_1_1	30910_1_1_1
19285_1_1_1	19285_1_1_1
51548_1_1_1	51548_1_1_1
51548_1_1_1	34745_1_1_1
30959_1_1_1	30959_1_1_1
30959_1_1_1	6309_1_1_1
30959_1_1_1	6800_1_1_1
30959_1_1_1	5971_1_1_1
16606_1_1_1	16606_1_1_1
16606_1_1_1	16607_1_2_1
16606_1_1_1	16463_1_1_1
16606_1_1_1	53420_1_1_1
25219_1_1_1	25219_1_1_1
34939_1_1_1	34939_1_1_1
30195_1_1_1	30195_1_1_1
30195_1_1_1	50750_1_1_1
30195_1_1_1	547_1_1_1
30195_1_1_1	25120_1_1_1
30195_1_1_1	6707_1_1_1
30195_1_1_1	27692_1_1_1
30195_1_1_1	34497_1_1_1
30195_1_1_1	34263_1_1_1
30195_1_1_1	34765_1_1_1
30195_1_1_1	27530_1_1_1
51938_1_1_1	51938_1_1_1
51938_1_1_1	51950_1_1_1
51938_1_1_1	1062_1_1_1
17713_1_1_1	17713_1_1_1
19042_1_1_1	19042_1_1_1
34218_1_1_1	34218_1_1_1
19242_1_1_1	19242_1_1_1
19242_1_1_1	16205_1_1_1
50698_1_1_1	50698_1_1_1
50698_1_1_1	34249_1_1_1
50698_1_1_1	50702_1_1_1
50698_1_1_1	51028_1_1_1
31137_1_1_1	31137_1_1_1
17266_1_1_1	17266_1_1_1
18882_1_1_1	18882_1_1_1
26010_1_1_1	26010_1_1_1
16685_1_1_1	16685_1_1_1
27850_1_1_1	27850_1_1_1
10327_1_1_1	10327_1_1_1
11417_1_1_1	11417_1_1_1
11417_1_1_1	17825_1_1_1
11417_1_1_1	4227_1_1_1
11417_1_1_1	52736_1_1_1
10028_1_1_1	10028_1_1_1
11144_1_1_1	11144_1_1_1
25036_1_1_1	25036_1_1_1
16312_1_1_1	16312_1_1_1
36471_1_1_1	36471_1_1_1
16354_1_1_1	16354_1_1_1
17314_1_1_1	17314_1_1_1
17314_1_1_1	16472_1_1_1
50714_1_1_1	50714_1_1_1
50714_1_1_1	51833_1_1_1
25166_1_1_1	25166_1_1_1
51255_1_1_1	51255_1_1_1
18565_1_1_1	18565_1_1_1
19419_1_1_1	19419_1_1_1
16942_1_1_1	16942_1_1_1
16942_1_1_1	27741_1_1_1
34109_1_1_1	34109_1_1_1
17597_1_1_1	17597_1_1_1
25790_1_1_1	25790_1_1_1
18621_1_1_1	18621_1_1_1
25148_1_1_1	25148_1_1_1
18223_1_1_1	18223_1_1_1
18223_1_1_1	18219_1_1_1
18421_1_1_1	18421_1_1_1
18421_1_1_1	18815_1_1_1
17913_1_1_1	17913_1_1_1
17913_1_1_1	17912_1_1_1
34719_1_1_1	34719_1_1_1
34621_1_1_1	34621_1_1_1
27241_1_1_1	27241_1_1_1
27241_1_1_1	16016_1_1_1
34887_1_1_1	34887_1_1_1
34887_1_1_1	6375_1_1_1
19251_1_1_1	19251_1_1_1
16350_1_1_1	16350_1_1_1
17865_1_1_1	17865_1_1_1
15607_1_1_1	15607_1_1_1
30005_1_1_1	30005_1_1_1
30005_1_1_1	19815_1_1_1
19211_1_1_1	19211_1_1_1
19211_1_1_1	19212_1_1_1
19211_1_1_1	19210_1_1_1
19211_1_1_1	17963_1_1_1
19211_1_1_1	19947_1_1_1
19211_1_1_1	7399_1_1_1
19211_1_1_1	7400_1_1_1
19211_1_1_1	5117_1_1_1
19211_1_1_1	51072_1_1_1
19211_1_1_1	5948_1_1_1
19211_1_1_1	5949_1_1_1
19211_1_1_1	5346_1_1_1
19211_1_1_1	2856_1_1_1
27690_1_1_1	27690_1_1_1
27079_1_1_1	27079_1_1_1
19244_1_1_1	19244_1_1_1
19396_1_1_1	19396_1_1_1
19396_1_1_1	30987_1_1_1
30756_1_1_1	30756_1_1_1
11561_1_1_1	11561_1_1_1
11561_1_1_1	4908_1_1_1
11561_1_1_1	11109_1_1_1
27477_1_1_1	27477_1_1_1
27477_1_1_1	27508_1_1_1
27477_1_1_1	27511_1_1_1
16613_1_1_1	16613_1_1_1
11057_1_1_1	11057_1_1_1
10123_1_1_1	10123_1_1_1
10123_1_1_1	18478_1_1_1
10123_1_1_1	5902_1_1_1
10123_1_1_1	18878_1_1_1
11092_1_1_1	11092_1_1_1
10262_1_1_1	10262_1_1_1
11127_1_1_1	11127_1_1_1
25499_1_1_1	25499_1_1_1
25499_1_1_1	25496_1_1_1
26322_1_1_1	26322_1_1_1
51074_1_1_1	51074_1_1_1
15726_1_1_1	15726_1_1_1
15779_1_1_1	15779_1_1_1
34449_1_1_1	34449_1_1_1
36368_1_1_1	36368_1_1_1
15850_1_1_1	15850_1_1_1
26840_1_1_1	26840_1_1_1
18637_2_1_1	18637_2_1_1
11042_1_1_1	11042_1_1_1
25760_1_1_1	25760_1_1_1
17611_1_1_1	17611_1_1_1
17611_1_1_1	17809_1_1_1
17065_1_1_1	17065_1_1_1
25124_1_1_1	25124_1_1_1
25239_1_1_1	25239_1_1_1
18356_1_1_1	18356_1_1_1
26986_1_1_1	26986_1_1_1
26986_1_1_1	25703_1_1_1
26986_1_1_1	6913_1_1_1
26986_1_1_1	6442_1_1_1
25816_1_1_1	25816_1_1_1
30185_1_1_1	30185_1_1_1
30185_1_1_1	34518_1_1_1
53306_1_1_1	53306_1_1_1
53306_1_1_1	53304_1_1_1
18351_1_1_1	18351_1_1_1
18351_1_1_1	19356_1_1_1
25158_1_1_1	25158_1_1_1
34151_1_1_1	34151_1_1_1
34151_1_1_1	27302_1_1_1
25175_1_1_1	25175_1_1_1
25432_1_1_1	25432_1_1_1
26650_1_1_1	26650_1_1_1
18242_1_1_1	18242_1_1_1
26746_1_1_1	26746_1_1_1
27524_1_1_1	27524_1_1_1
17306_1_1_1	17306_1_1_1
51490_1_1_1	51490_1_1_1
17701_1_1_1	17701_1_1_1
34550_1_1_1	34550_1_1_1
50516_1_1_1	50516_1_1_1
50516_1_1_1	15618_1_1_1
50516_1_1_1	15469_1_1_1
27240_1_1_1	27240_1_1_1
10095_1_1_1	10095_1_1_1
10147_1_1_1	10147_1_1_1
11351_1_1_1	11351_1_1_1
10163_1_1_1	10163_1_1_1
30504_1_1_1	30504_1_1_1
52871_1_1_1	52871_1_1_1
52871_1_1_1	5242_1_1_1
17811_1_1_1	17811_1_1_1
17811_1_1_1	7055_1_1_1
16299_1_1_1	16299_1_1_1
34047_1_1_1	34047_1_1_1
17474_1_1_1	17474_1_1_1
19637_1_1_1	19637_1_1_1
25268_1_1_1	25268_1_1_1
25268_1_1_1	25270_1_1_1
34334_1_1_1	34334_1_1_1
19267_1_1_1	19267_1_1_1
15332_1_1_1	15332_1_1_1
25077_1_1_1	25077_1_1_1
15071_1_1_1	15071_1_1_1
15071_1_1_1	15070_1_1_1
52618_1_1_1	52618_1_1_1
52618_1_1_1	52133_1_1_1
25944_1_1_1	25944_1_1_1
27628_1_1_1	27628_1_1_1
52442_1_1_1	52442_1_1_1
52442_1_1_1	7272_1_1_1
52442_1_1_1	15128_1_1_1
17667_1_1_1	17667_1_1_1
16837_1_1_1	16837_1_1_1
15991_1_1_1	15991_1_1_1
25789_1_1_1	25789_1_1_1
50368_1_1_1	50368_1_1_1
50368_1_1_1	50366_1_1_1
50368_1_1_1	26803_1_1_1
51473_1_1_1	51473_1_1_1
17403_1_1_1	17403_1_1_1
34335_1_1_1	34335_1_1_1
27527_1_1_1	27527_1_1_1
27527_1_1_1	19397_1_1_1
26553_1_1_1	26553_1_1_1
30399_1_1_1	30399_1_1_1
26773_1_1_1	26773_1_1_1
26574_1_1_1	26574_1_1_1
16571_1_1_1	16571_1_1_1
11511_1_1_1	11511_1_1_1
18782_1_1_1	18782_1_1_1
18297_1_1_1	18297_1_1_1
10314_1_1_1	10314_1_1_1
10314_1_1_1	10278_1_1_1
10267_1_1_1	10267_1_1_1
10267_1_1_1	18824_1_1_1
11118_1_1_1	11118_1_1_1
11118_1_1_1	11097_1_1_1
10253_1_1_1	10253_1_1_1
10253_1_1_1	10312_1_1_1
34669_1_1_1	34669_1_1_1
34921_1_1_1	34921_1_1_1
28065_1_1_1	28065_1_1_1
50139_1_1_1	50139_1_1_1
11555_1_1_1	11555_1_1_1
17694_1_1_1	17694_1_1_1
15094_1_1_1	15094_1_1_1
16868_1_1_1	16868_1_1_1
16832_1_1_1	16832_1_1_1
26058_1_1_1	26058_1_1_1
25079_1_1_1	25079_1_1_1
25079_1_1_1	25396_1_1_1
15595_1_1_1	15595_1_1_1
15038_1_1_1	15038_1_1_1
15038_1_1_1	16260_1_1_1
16216_1_1_1	16216_1_1_1
17206_1_1_1	17206_1_1_1
17206_1_1_1	6718_1_1_1
17206_1_1_1	5968_1_1_1
18334_1_1_1	18334_1_1_1
27643_1_1_1	27643_1_1_1
34630_1_1_1	34630_1_1_1
17934_1_1_1	17934_1_1_1
17934_1_1_1	17428_1_1_1
17841_1_1_1	17841_1_1_1
17841_1_1_1	16117_1_1_1
17841_1_1_1	15537_1_1_1
17841_1_1_1	17843_1_1_1
17841_1_1_1	15535_1_1_1
17841_1_1_1	17839_1_1_1
17841_1_1_1	17840_1_1_1
17841_1_1_1	16116_1_1_1
15247_1_1_1	15247_1_1_1
26619_1_1_1	26619_1_1_1
26619_1_1_1	16170_1_1_1
25281_1_1_1	25281_1_1_1
25354_1_1_1	25354_1_1_1
25354_1_1_1	51744_1_1_1
25354_1_1_1	18054_1_1_1
15325_1_1_1	15325_1_1_1
15335_1_1_1	15335_1_1_1
15337_1_1_1	15337_1_1_1
15343_1_1_1	15343_1_1_1
15344_1_1_1	15344_1_1_1
15344_1_1_1	7371_1_1_1
15346_1_1_1	15346_1_1_1
15352_1_1_1	15352_1_1_1
15353_1_1_1	15353_1_1_1
15354_1_1_1	15354_1_1_1
15370_1_1_1	15370_1_1_1
15391_1_1_1	15391_1_1_1
15391_1_1_1	15392_1_1_1
15391_1_1_1	16022_1_1_1
15391_1_1_1	20055_1_1_1
15411_1_1_1	15411_1_1_1
15423_1_1_1	15423_1_1_1
15431_1_1_1	15431_1_1_1
15440_1_1_1	15440_1_1_1
15447_1_1_1	15447_1_1_1
15448_1_1_1	15448_1_1_1
15462_1_1_1	15462_1_1_1
15475_1_1_1	15475_1_1_1
15476_1_1_1	15476_1_1_1
15481_1_1_1	15481_1_1_1
15483_1_1_1	15483_1_1_1
15490_1_1_1	15490_1_1_1
15491_1_1_1	15491_1_1_1
15497_1_1_1	15497_1_1_1
15509_1_1_1	15509_1_1_1
15509_1_1_1	15109_1_1_1
15513_1_1_1	15513_1_1_1
15542_1_1_1	15542_1_1_1
15555_1_1_1	15555_1_1_1
15565_1_1_1	15565_1_1_1
15568_1_1_1	15568_1_1_1
15575_1_1_1	15575_1_1_1
15579_1_1_1	15579_1_1_1
15590_1_1_1	15590_1_1_1
15617_1_1_1	15617_1_1_1
15625_1_1_1	15625_1_1_1
15638_1_1_1	15638_1_1_1
15646_1_1_1	15646_1_1_1
15664_1_1_1	15664_1_1_1
15665_1_1_1	15665_1_1_1
15669_1_1_1	15669_1_1_1
15677_1_1_1	15677_1_1_1
15681_1_1_1	15681_1_1_1
15702_1_1_1	15702_1_1_1
15707_1_1_1	15707_1_1_1
15718_1_1_1	15718_1_1_1
15730_1_1_1	15730_1_1_1
15731_1_1_1	15731_1_1_1
15735_1_1_1	15735_1_1_1
15738_1_1_1	15738_1_1_1
34008_1_1_1	34008_1_1_1
34013_1_1_1	34013_1_1_1
34031_1_1_1	34031_1_1_1
34031_1_1_1	34033_1_1_1
34031_1_1_1	31050_1_1_1
34031_1_1_1	31051_1_1_1
34031_1_1_1	31052_1_1_1
34031_1_1_1	31053_1_1_1
34031_1_1_1	31071_1_1_1
34031_1_1_1	34295_1_1_1
34048_1_1_1	34048_1_1_1
34052_1_1_1	34052_1_1_1
34099_1_1_1	34099_1_1_1
34110_1_1_1	34110_1_1_1
34116_1_1_1	34116_1_1_1
34127_1_1_1	34127_1_1_1
34127_1_1_1	34126_1_1_1
34142_1_1_1	34142_1_1_1
31044_1_1_1	31044_1_1_1
31055_1_1_1	31055_1_1_1
31070_1_1_1	31070_1_1_1
31076_1_1_1	31076_1_1_1
31097_1_1_1	31097_1_1_1
31122_1_1_1	31122_1_1_1
31150_1_1_1	31150_1_1_1
31167_1_1_1	31167_1_1_1
31212_1_1_1	31212_1_1_1
31213_1_1_1	31213_1_1_1
28039_1_1_1	28039_1_1_1
18003_1_1_1	18003_1_1_1
16981_1_1_1	16981_1_1_1
16981_1_1_1	50337_1_1_1
50691_1_1_1	50691_1_1_1
19536_1_1_1	19536_1_1_1
19536_1_1_1	19539_1_1_1
11175_1_1_1	11175_1_1_1
19893_1_1_1	19893_1_1_1
19893_1_1_1	12041_1_1_1
31108_1_1_1	31108_1_1_1
31108_1_1_1	27518_1_1_1
31108_1_1_1	27519_1_1_1
31108_1_1_1	52557_1_1_1
31108_1_1_1	31020_1_1_1
31108_1_1_1	26936_1_1_1
31108_1_1_1	26937_1_1_1
31108_1_1_1	4628_1_1_1
31108_1_1_1	16586_1_1_1
31108_1_1_1	4969_1_1_1
31108_1_1_1	16305_1_1_1
31108_1_1_1	50808_1_1_1
31108_1_1_1	18837_1_1_1
31108_1_1_1	50414_1_1_1
17077_1_1_1	17077_1_1_1
17077_1_1_1	17074_1_1_1
17077_1_1_1	25243_1_1_1
30047_1_1_1	30047_1_1_1
30047_1_1_1	17030_1_1_1
27458_1_1_1	27458_1_1_1
11089_1_1_1	11089_1_1_1
11089_1_1_1	10317_1_1_1
11089_1_1_1	10311_1_1_1
11311_1_1_1	11311_1_1_1
11311_1_1_1	5522_1_1_1
11311_1_1_1	18466_1_1_1
11311_1_1_1	18467_1_1_1
11232_1_1_1	11232_1_1_1
10270_1_1_1	10270_1_1_1
36333_1_1_1	36333_1_1_1
34325_1_1_1	34325_1_1_1
15989_1_1_1	15989_1_1_1
16794_1_1_1	16794_1_1_1
26551_1_1_1	26551_1_1_1
26551_1_1_1	5700_1_1_1
26551_1_1_1	51753_1_1_1
26551_1_1_1	51332_1_1_1
26551_1_1_1	27599_1_1_1
15152_1_1_1	15152_1_1_1
36352_1_1_1	36352_1_1_1
15371_1_1_1	15371_1_1_1
19860_1_1_1	19860_1_1_1
25328_1_1_1	25328_1_1_1
25328_1_1_1	25329_1_1_1
25328_1_1_1	4047_1_1_1
18328_1_1_1	18328_1_1_1
18668_1_1_1	18668_1_1_1
18569_1_1_1	18569_1_1_1
18569_1_1_1	27193_1_1_1
18817_1_1_1	18817_1_1_1
30157_1_1_1	30157_1_1_1
17497_1_1_1	17497_1_1_1
19340_1_1_1	19340_1_1_1
15134_1_1_1	15134_1_1_1
30696_1_1_1	30696_1_1_1
30312_1_1_1	30312_1_1_1
34826_1_1_1	34826_1_1_1
34826_1_1_1	15304_1_1_1
34724_1_1_1	34724_1_1_1
52392_1_1_1	52392_1_1_1
52392_1_1_1	27895_1_1_1
52392_1_1_1	27916_1_1_1
34139_1_1_1	34139_1_1_1
34139_1_1_1	19752_1_1_1
51611_1_1_1	51611_1_1_1
27049_1_1_1	27049_1_1_1
27049_1_1_1	53146_1_1_1
27049_1_1_1	5222_1_1_1
30525_1_1_1	30525_1_1_1
30525_1_1_1	19205_1_1_1
30525_1_1_1	199_1_1_1
30525_1_1_1	4246_1_1_1
30525_1_1_1	397_1_1_1
18954_1_1_1	18954_1_1_1
17966_1_1_1	17966_1_1_1
25567_1_1_1	25567_1_1_1
52544_1_1_1	52544_1_1_1
19732_1_1_1	19732_1_1_1
50084_1_1_1	50084_1_1_1
50084_1_1_1	5013_1_1_1
11490_1_1_1	11490_1_1_1
11490_1_1_1	11495_1_1_1
26698_1_1_1	26698_1_1_1
26698_1_1_1	25864_1_1_1
26698_1_1_1	25866_1_1_1
26698_1_1_1	25349_1_1_1
26698_1_1_1	50021_1_1_1
26698_1_1_1	17715_1_1_1
26698_1_1_1	52114_1_1_1
26698_1_1_1	15159_1_1_1
26698_1_1_1	6459_1_1_1
34393_1_1_1	34393_1_1_1
11273_1_1_1	11273_1_1_1
11280_1_1_1	11280_1_1_1
11290_1_1_1	11290_1_1_1
11088_1_1_1	11088_1_1_1
27449_1_1_1	27449_1_1_1
27449_1_1_1	27450_1_1_1
27449_1_1_1	27451_1_1_1
27449_1_1_1	4072_1_1_1
16710_1_1_1	16710_1_1_1
34613_1_1_1	34613_1_1_1
30652_1_1_1	30652_1_1_1
30652_1_1_1	5774_1_1_1
30652_1_1_1	30653_1_1_1
16043_1_1_1	16043_1_1_1
16043_1_1_1	6365_1_1_1
16043_1_1_1	6369_1_1_1
16578_1_1_1	16578_1_1_1
19095_1_1_1	19095_1_1_1
19095_1_1_1	50523_1_1_1
34246_1_1_1	34246_1_1_1
11037_1_1_1	11037_1_1_1
11037_1_1_1	16207_1_1_1
17035_1_1_1	17035_1_1_1
16791_1_1_1	16791_1_1_1
19207_1_1_1	19207_1_1_1
19775_1_1_1	19775_1_1_1
15444_1_1_1	15444_1_1_1
30240_1_1_1	30240_1_1_1
26562_1_1_1	26562_1_1_1
27795_1_1_1	27795_1_1_1
19186_1_1_1	19186_1_1_1
18193_1_1_1	18193_1_1_1
34481_1_1_1	34481_1_1_1
19461_1_1_1	19461_1_1_1
19461_1_1_1	19463_1_1_1
50786_1_1_1	50786_1_1_1
50786_1_1_1	27858_1_1_1
50786_1_1_1	34759_1_1_1
50786_1_1_1	5355_1_1_1
50786_1_1_1	7003_1_1_1
15928_1_1_1	15928_1_1_1
15928_1_1_1	6597_1_1_1
16293_1_1_1	16293_1_1_1
30968_1_1_1	30968_1_1_1
30968_1_1_1	30288_1_1_1
17363_1_1_1	17363_1_1_1
28117_1_1_1	28117_1_1_1
28117_1_1_1	11400_1_1_1
28117_1_1_1	19792_1_1_1
28117_1_1_1	50804_1_1_1
52542_1_1_1	52542_1_1_1
18133_1_1_1	18133_1_1_1
18133_1_1_1	52487_1_1_1
27141_1_1_1	27141_1_1_1
16090_1_1_1	16090_1_1_1
19007_1_1_1	19007_1_1_1
19928_1_1_1	19928_1_1_1
19625_1_1_1	19625_1_1_1
10164_1_1_1	10164_1_1_1
10164_1_1_1	15593_1_1_1
10264_1_1_1	10264_1_1_1
10264_1_1_1	7312_1_1_1
11098_1_1_1	11098_1_1_1
11098_1_1_1	11111_1_1_1
10319_1_1_1	10319_1_1_1
19330_1_1_1	19330_1_1_1
27086_1_1_1	27086_1_1_1
27086_1_1_1	15309_1_1_1
27086_1_1_1	4419_1_1_1
27086_1_1_1	34039_1_1_1
27086_1_1_1	4966_1_1_1
27086_1_1_1	34392_1_1_1
27086_1_1_1	88_1_1_1
50793_1_1_1	50793_1_1_1
52151_1_1_1	52151_1_1_1
52151_1_1_1	52617_1_1_1
34752_1_1_1	34752_1_1_1
19615_1_1_1	19615_1_1_1
19615_1_1_1	19743_1_1_1
19615_1_1_1	6074_1_1_1
16446_1_1_1	16446_1_1_1
16446_1_1_1	18627_1_1_1
16446_1_1_1	16334_1_1_1
15816_1_1_1	15816_1_1_1
15822_1_1_1	15822_1_1_1
15844_1_1_1	15844_1_1_1
17828_1_1_1	17828_1_1_1
17313_1_1_1	17313_1_1_1
36060_1_1_1	36060_1_1_1
36060_1_1_1	51492_1_1_1
36060_1_1_1	25675_1_1_1
25983_1_1_1	25983_1_1_1
19568_1_1_1	19568_1_1_1
19840_1_1_1	19840_1_1_1
19840_1_1_1	19841_1_1_1
19988_1_1_1	19988_1_1_1
27497_1_1_1	27497_1_1_1
18607_1_1_1	18607_1_1_1
30444_1_1_1	30444_1_1_1
52187_1_1_1	52187_1_1_1
52187_1_1_1	52040_1_1_1
18301_1_1_1	18301_1_1_1
18301_1_1_1	6130_1_1_1
18301_1_1_1	6022_1_1_1
15271_1_1_1	15271_1_1_1
15271_1_1_1	6160_1_1_1
51107_1_1_1	51107_1_1_1
51107_1_1_1	26849_1_1_1
15795_1_1_1	15795_1_1_1
19198_1_1_1	19198_1_1_1
26835_1_1_1	26835_1_1_1
26835_1_1_1	26832_1_1_1
26835_1_1_1	26836_1_1_1
26835_1_1_1	26837_1_1_1
26835_1_1_1	26814_1_1_1
26835_1_1_1	19223_1_1_1
26835_1_1_1	50913_1_1_1
26835_1_1_1	50903_1_1_1
18313_1_1_1	18313_1_1_1
15598_1_1_1	15598_1_1_1
15598_1_1_1	16518_1_1_1
16403_1_1_1	16403_1_1_1
16403_1_1_1	16264_1_1_1
16403_1_1_1	4850_1_1_1
16403_1_1_1	4225_1_1_1
26312_1_1_1	26312_1_1_1
26312_1_1_1	5329_1_1_1
26312_1_1_1	36226_1_1_1
36334_1_1_1	36334_1_1_1
18734_1_1_1	18734_1_1_1
16781_1_1_1	16781_1_1_1
16781_1_1_1	11013_1_1_1
30556_1_1_1	30556_1_1_1
51707_1_1_1	51707_1_1_1
51707_1_1_1	19641_1_1_1
51707_1_1_1	19671_1_1_1
51707_1_1_1	50211_1_1_1
51707_1_1_1	51708_1_1_1
51707_1_1_1	19870_1_1_1
51707_1_1_1	19798_1_1_1
11265_1_1_1	11265_1_1_1
11297_1_1_1	11297_1_1_1
11297_1_1_1	17402_1_1_1
11291_1_1_1	11291_1_1_1
11254_1_1_1	11254_1_1_1
50899_1_1_1	50899_1_1_1
50899_1_1_1	27482_1_1_1
34552_1_1_1	34552_1_1_1
30031_1_1_1	30031_1_1_1
30494_1_1_1	30494_1_1_1
18260_1_1_1	18260_1_1_1
16097_1_1_1	16097_1_1_1
18539_1_1_1	18539_1_1_1
16776_1_1_1	16776_1_1_1
16776_1_1_1	52561_1_1_1
16776_1_1_1	34847_1_1_1
26929_1_1_1	26929_1_1_1
28060_1_1_1	28060_1_1_1
19713_1_1_1	19713_1_1_1
19713_1_1_1	17720_1_1_1
16161_1_1_1	16161_1_1_1
17429_1_1_1	17429_1_1_1
17429_1_1_1	17207_1_1_1
16365_1_1_1	16365_1_1_1
52025_1_1_1	52025_1_1_1
30200_1_1_1	30200_1_1_1
25880_1_1_1	25880_1_1_1
27481_1_1_1	27481_1_1_1
26647_1_1_1	26647_1_1_1
25929_1_1_1	25929_1_1_1
27531_1_1_1	27531_1_1_1
18277_1_1_1	18277_1_1_1
51937_1_1_1	51937_1_1_1
51937_1_1_1	15601_1_1_1
51937_1_1_1	27951_1_1_1
51937_1_1_1	4849_1_1_1
51937_1_1_1	50074_1_1_1
51937_1_1_1	6313_1_1_1
51937_1_1_1	30679_1_1_1
25308_1_1_1	25308_1_1_1
18121_1_1_1	18121_1_1_1
18636_1_1_1	18636_1_1_1
18636_1_1_1	18254_1_1_1
15404_1_1_1	15404_1_1_1
19221_1_1_1	19221_1_1_1
15981_1_1_1	15981_1_1_1
27563_1_1_1	27563_1_1_1
27563_1_1_1	25231_1_1_1
27563_1_1_1	26348_1_1_1
50080_1_1_1	50080_1_1_1
18606_1_1_1	18606_1_1_1
25464_1_1_1	25464_1_1_1
25464_1_1_1	16253_1_1_1
25464_1_1_1	25763_1_1_1
26309_1_1_1	26309_1_1_1
11075_1_1_1	11075_1_1_1
50543_1_1_1	50543_1_1_1
34243_1_1_1	34243_1_1_1
10336_1_1_1	10336_1_1_1
11279_1_1_1	11279_1_1_1
11128_1_1_1	11128_1_1_1
11397_1_1_1	11397_1_1_1
36345_1_1_1	36345_1_1_1
36345_1_1_1	25205_1_1_1
30072_1_1_1	30072_1_1_1
19952_1_1_1	19952_1_1_1
16385_1_1_1	16385_1_1_1
17950_1_1_1	17950_1_1_1
15197_1_1_1	15197_1_1_1
51677_1_1_1	51677_1_1_1
30310_1_1_1	30310_1_1_1
30310_1_1_1	30309_1_1_1
15966_1_1_1	15966_1_1_1
15817_1_1_1	15817_1_1_1
15817_1_1_1	18657_1_1_1
15817_1_1_1	27120_1_1_1
15817_1_1_1	4199_1_1_1
51384_1_1_1	51384_1_1_1
16339_1_1_1	16339_1_1_1
25896_1_1_1	25896_1_1_1
31113_1_1_1	31113_1_1_1
19624_1_1_1	19624_1_1_1
19624_1_1_1	4879_1_1_1
16549_1_1_1	16549_1_1_1
16549_1_1_1	30725_1_1_1
34229_1_1_1	34229_1_1_1
52768_1_1_1	52768_1_1_1
27062_1_1_1	27062_1_1_1
53022_1_1_1	53022_1_1_1
53022_1_1_1	53011_1_1_1
53022_1_1_1	27030_1_1_1
53022_1_1_1	25910_1_1_1
53022_1_1_1	50909_1_1_1
53022_1_1_1	15408_1_1_1
53022_1_1_1	18531_1_1_1
53022_1_1_1	27031_1_1_1
53022_1_1_1	30532_1_1_1
53022_1_1_1	27032_1_1_1
53022_1_1_1	26632_1_1_1
53022_1_1_1	50910_1_1_1
53022_1_1_1	26630_1_1_1
53022_1_1_1	30222_1_1_1
53022_1_1_1	30221_1_1_1
53022_1_1_1	30220_1_1_1
53022_1_1_1	27343_1_1_1
53022_1_1_1	2575_1_1_1
53022_1_1_1	1639_1_1_1
53022_1_1_1	53003_1_1_1
53022_1_1_1	7280_1_1_1
53022_1_1_1	26716_5_1_1
53022_1_1_1	31116_1_1_1
53022_1_1_1	5875_1_1_1
53022_1_1_1	34700_1_1_1
53022_1_1_1	5151_1_1_1
53022_1_1_1	5152_1_1_1
53022_1_1_1	52448_1_1_1
53022_1_1_1	5654_1_1_1
53022_1_1_1	31031_1_1_1
25827_1_1_1	25827_1_1_1
52147_1_1_1	52147_1_1_1
15314_1_1_1	15314_1_1_1
18398_1_1_1	18398_1_1_1
17905_1_1_1	17905_1_1_1
17905_1_1_1	19995_1_1_1
25761_1_1_1	25761_1_1_1
30421_1_1_1	30421_1_1_1
11060_1_1_1	11060_1_1_1
30573_1_1_1	30573_1_1_1
30573_1_1_1	30574_1_3_1
19526_1_1_1	19526_1_1_1
34648_1_1_1	34648_1_1_1
11271_1_1_1	11271_1_1_1
11268_1_1_1	11268_1_1_1
11255_1_1_1	11255_1_1_1
36310_1_1_1	36310_1_1_1
50454_1_1_1	50454_1_1_1
50454_1_1_1	50459_1_1_1
50454_1_1_1	50460_1_1_1
50454_1_1_1	50461_1_1_1
16413_1_1_1	16413_1_1_1
16440_1_1_1	16440_1_1_1
16471_1_1_1	16471_1_1_1
16487_1_1_1	16487_1_1_1
16490_1_1_1	16490_1_1_1
16499_1_1_1	16499_1_1_1
16512_1_1_1	16512_1_1_1
16520_1_1_1	16520_1_1_1
16540_1_1_1	16540_1_1_1
16540_1_1_1	16539_1_1_1
16563_1_1_1	16563_1_1_1
16564_1_1_1	16564_1_1_1
16569_1_1_1	16569_1_1_1
16576_1_1_1	16576_1_1_1
16589_1_1_1	16589_1_1_1
16610_1_1_1	16610_1_1_1
16614_1_1_1	16614_1_1_1
16619_1_1_1	16619_1_1_1
16629_1_1_1	16629_1_1_1
16633_1_1_1	16633_1_1_1
16636_1_1_1	16636_1_1_1
16638_1_1_1	16638_1_1_1
1664_1_1_1	1664_1_1_1
1664_1_1_1	27385_1_1_1
1664_1_1_1	19385_1_1_1
1664_1_1_1	30519_1_1_1
16653_1_1_1	16653_1_1_1
16659_1_1_1	16659_1_1_1
16659_1_1_1	16657_1_1_1
16661_1_1_1	16661_1_1_1
16672_1_1_1	16672_1_1_1
16678_1_1_1	16678_1_1_1
16679_1_1_1	16679_1_1_1
16686_1_1_1	16686_1_1_1
16698_1_1_1	16698_1_1_1
16701_1_1_1	16701_1_1_1
16706_1_1_1	16706_1_1_1
16737_1_1_1	16737_1_1_1
16789_1_1_1	16789_1_1_1
16790_1_1_1	16790_1_1_1
16816_1_1_1	16816_1_1_1
16819_1_1_1	16819_1_1_1
16838_1_1_1	16838_1_1_1
16866_1_1_1	16866_1_1_1
16867_1_1_1	16867_1_1_1
16870_1_1_1	16870_1_1_1
16886_1_1_1	16886_1_1_1
16893_1_1_1	16893_1_1_1
16910_1_1_1	16910_1_1_1
16911_1_1_1	16911_1_1_1
16911_1_1_1	26772_1_1_1
16930_1_1_1	16930_1_1_1
16935_1_1_1	16935_1_1_1
16947_1_1_1	16947_1_1_1
16949_1_1_1	16949_1_1_1
16965_1_1_1	16965_1_1_1
16978_1_1_1	16978_1_1_1
16991_1_1_1	16991_1_1_1
16996_1_1_1	16996_1_1_1
16997_1_1_1	16997_1_1_1
16999_1_1_1	16999_1_1_1
17000_1_1_1	17000_1_1_1
17015_1_1_1	17015_1_1_1
17021_1_1_1	17021_1_1_1
17029_1_1_1	17029_1_1_1
17038_1_1_1	17038_1_1_1
17040_1_1_1	17040_1_1_1
17042_1_1_1	17042_1_1_1
17043_1_1_1	17043_1_1_1
17111_1_1_1	17111_1_1_1
17124_1_1_1	17124_1_1_1
17126_1_1_1	17126_1_1_1
17132_1_1_1	17132_1_1_1
17143_1_1_1	17143_1_1_1
17171_1_1_1	17171_1_1_1
17171_1_1_1	10011_1_1_1
17176_1_1_1	17176_1_1_1
31120_1_1_1	31120_1_1_1
27543_1_1_1	27543_1_1_1
50998_1_1_1	50998_1_1_1
18624_1_1_1	18624_1_1_1
31018_1_1_1	31018_1_1_1
30450_1_1_1	30450_1_1_1
51329_1_1_1	51329_1_1_1
26646_1_1_1	26646_1_1_1
26985_1_1_1	26985_1_1_1
18665_1_1_1	18665_1_1_1
50748_1_1_1	50748_1_1_1
18933_1_1_1	18933_1_1_1
15823_1_1_1	15823_1_1_1
30753_1_1_1	30753_1_1_1
25333_1_1_1	25333_1_1_1
25333_1_1_1	15429_1_1_1
25333_1_1_1	17303_1_1_1
25333_1_1_1	27129_1_1_1
25333_1_1_1	30477_1_1_1
25333_1_1_1	27510_1_1_1
16979_1_1_1	16979_1_1_1
16486_1_1_1	16486_1_1_1
16083_1_1_1	16083_1_1_1
50650_1_1_1	50650_1_1_1
50650_1_1_1	18197_1_1_1
50650_1_1_1	26748_1_1_1
50650_1_1_1	6279_1_1_1
25930_1_1_1	25930_1_1_1
52585_1_1_1	52585_1_1_1
17066_1_1_1	17066_1_1_1
17066_1_1_1	16928_1_1_1
17066_1_1_1	18994_1_1_1
17066_1_1_1	16946_1_1_1
12032_1_1_1	12032_1_1_1
12032_1_1_1	51403_1_1_1
12032_1_1_1	27539_1_1_1
12032_1_1_1	51404_1_1_1
12032_1_1_1	27541_1_1_1
12032_1_1_1	16376_1_1_1
15655_1_1_1	15655_1_1_1
15207_1_1_1	15207_1_1_1
51663_1_1_1	51663_1_1_1
51663_1_1_1	52007_1_1_1
26761_1_1_1	26761_1_1_1
26761_1_1_1	4704_1_1_1
26761_1_1_1	52152_1_1_1
26761_1_1_1	52153_1_1_1
26761_1_1_1	5352_1_1_1
26761_1_1_1	52559_1_1_1
26761_1_1_1	52560_1_1_1
26761_1_1_1	52566_1_1_1
34068_1_1_1	34068_1_1_1
25026_1_1_1	25026_1_1_1
50707_1_1_1	50707_1_1_1
17070_1_1_1	17070_1_1_1
30871_1_1_1	30871_1_1_1
16937_1_1_1	16937_1_1_1
18819_1_1_1	18819_1_1_1
34864_1_1_1	34864_1_1_1
11320_1_1_1	11320_1_1_1
10299_1_1_1	10299_1_1_1
11104_1_1_1	11104_1_1_1
11104_1_1_1	11101_1_1_1
11104_1_1_1	6308_1_1_1
31014_1_1_1	31014_1_1_1
31014_1_1_1	31016_1_1_1
51293_1_1_1	51293_1_1_1
19660_1_1_1	19660_1_1_1
53287_1_1_1	53287_1_1_1
34459_1_1_1	34459_1_1_1
27189_1_1_1	27189_1_1_1
25798_1_1_1	25798_1_1_1
16649_1_1_1	16649_1_1_1
51171_1_1_1	51171_1_1_1
51171_1_1_1	25987_1_1_1
51171_1_1_1	51818_1_1_1
51171_1_1_1	27515_1_1_1
51171_1_1_1	53014_1_1_1
51171_1_1_1	5508_1_1_1
51171_1_1_1	5509_1_1_1
51171_1_1_1	5510_1_1_1
51171_1_1_1	52598_1_1_1
51171_1_1_1	27575_1_1_1
51171_1_1_1	27513_1_1_1
51171_1_1_1	27514_1_1_1
51171_1_1_1	27516_1_1_1
51171_1_1_1	25986_1_1_1
15964_1_1_1	15964_1_1_1
52372_1_1_1	52372_1_1_1
15547_1_1_1	15547_1_1_1
15805_1_1_1	15805_1_1_1
26774_1_1_1	26774_1_1_1
30676_1_1_1	30676_1_1_1
51159_1_1_1	51159_1_1_1
25904_1_1_1	25904_1_1_1
25904_1_1_1	27048_1_1_1
16897_1_1_1	16897_1_1_1
34124_1_1_1	34124_1_1_1
52144_1_1_1	52144_1_1_1
52144_1_1_1	15684_1_1_1
52144_1_1_1	52911_1_1_1
52144_1_1_1	4267_1_1_1
17444_1_1_1	17444_1_1_1
51326_1_1_1	51326_1_1_1
18039_1_1_1	18039_1_1_1
18039_1_1_1	15694_1_1_1
16641_1_1_1	16641_1_1_1
18249_1_1_1	18249_1_1_1
30555_1_1_1	30555_1_1_1
51532_1_1_1	51532_1_1_1
51532_1_1_1	52287_1_1_1
30314_1_1_1	30314_1_1_1
30314_1_1_1	18654_1_1_1
30314_1_1_1	30657_1_1_1
26942_2_1_1	26942_2_1_1
26942_2_1_1	51341_1_1_1
34361_1_1_1	34361_1_1_1
27610_1_1_1	27610_1_1_1
16959_1_1_1	16959_1_1_1
30869_1_1_1	30869_1_1_1
34095_1_1_1	34095_1_1_1
34095_1_1_1	17475_1_1_1
34095_1_1_1	6002_1_1_1
30154_1_1_1	30154_1_1_1
34865_1_1_1	34865_1_1_1
11274_1_1_1	11274_1_1_1
11516_1_1_1	11516_1_1_1
11231_1_1_1	11231_1_1_1
11182_1_1_1	11182_1_1_1
11182_1_1_1	10083_1_1_1
34704_1_1_1	34704_1_1_1
19635_1_1_1	19635_1_1_1
17278_1_1_1	17278_1_1_1
25168_1_1_1	25168_1_1_1
17005_1_1_1	17005_1_1_1
36485_1_1_1	36485_1_1_1
11250_1_1_1	11250_1_1_1
16377_1_1_1	16377_1_1_1
16428_1_1_1	16428_1_1_1
51973_1_1_1	51973_1_1_1
51973_1_1_1	25629_1_1_1
51973_1_1_1	4152_1_1_1
51973_1_1_1	27000_1_1_1
51973_1_1_1	27001_1_1_1
51973_1_1_1	25353_1_1_1
51973_1_1_1	25357_1_1_1
18267_1_1_1	18267_1_1_1
25587_1_1_1	25587_1_1_1
17368_1_1_1	17368_1_1_1
17368_1_1_1	25081_1_1_1
17368_1_1_1	6503_1_1_1
17368_1_1_1	27325_1_1_1
17368_1_1_1	27326_1_1_1
25691_1_1_1	25691_1_1_1
25691_1_1_1	5469_1_1_1
25691_1_1_1	5470_1_1_1
25691_1_1_1	5519_1_1_1
25691_1_1_1	4864_1_1_1
25691_1_1_1	146_1_1_1
25691_1_1_1	5473_1_1_1
34049_1_1_1	34049_1_1_1
51855_1_1_1	51855_1_1_1
52601_1_1_1	52601_1_1_1
52601_1_1_1	52603_1_1_1
36401_1_1_1	36401_1_1_1
16042_1_1_1	16042_1_1_1
16042_1_1_1	27096_1_1_1
16042_1_1_1	27113_1_1_1
27473_1_1_1	27473_1_1_1
30422_1_1_1	30422_1_1_1
17104_1_1_1	17104_1_1_1
